2026-07-08 16:16:47,668 [DEBUG] Event ,setName 
2026-07-08 16:16:58,398 [DEBUG] Event ,setName 
2026-07-08 16:17:26,143 [DEBUG] Event ,setName 
2026-07-08 16:20:47,193 [DEBUG] Event ,setName 
2026-07-08 16:23:16,789 [DEBUG] Event ,setName 
2026-07-08 16:26:28,159 [INFO ] TBCommon GetFileVersionInfoSize fail,moduleName:TBCommon  
2026-07-08 16:26:28,159 [WARN ] TBPY parser_version_str rootPath=D:\software\tb,version= 
2026-07-08 16:26:28,160 [DEBUG] AuthAgent createService,jsonParam=[{"serviceName":"AuthenService","dllPath":"C:\\Users\\Administrator\\AppData\\Local\\Programs\\Python\\Python312\\Lib\\site-packages\\tbpy\\TBDataCenterAPI.dll","procName":"createAuthenService","parameter":{"online":true}},{"serviceName":"BaseService","dllPath":"C:\\Users\\Administrator\\AppData\\Local\\Programs\\Python\\Python312\\Lib\\site-packages\\tbpy\\TBDataCenterAPI.dll","procName":"createBaseService","parameter":{"online":true}},{"serviceName":"TradeService","dllPath":"C:\\Users\\Administrator\\AppData\\Local\\Programs\\Python\\Python312\\Lib\\site-packages\\tbpy\\TBDataCenterAPI.dll","procName":"createTradeService","parameter":{"online":true}},{"serviceName":"TradeSimuService","dllPath":"C:\\Users\\Administrator\\AppData\\Local\\Programs\\Python\\Python312\\Lib\\site-packages\\tbpy\\TBDataCenterAPI.dll","procName":"createTradeSimuService","parameter":{"online":true}}] 
2026-07-08 16:26:28,190 [INFO ] BaseService HolidayCache construct  
2026-07-08 16:26:28,190 [TRACE] TBCommon TradingDayCache construct 
2026-07-08 16:26:28,190 [INFO ] DCAPI QuoteHisDispatcher construct 
2026-07-08 16:26:28,190 [INFO ] DCAPI QuoteRealDispatcher construct 
2026-07-08 16:26:28,190 [INFO ] DCAPI DataHisDispatcher construct 
2026-07-08 16:26:28,190 [INFO ] DCAPI DataRealDispatcher construct 
2026-07-08 16:26:28,190 [DEBUG] AuthAgent InitService start service begin 
2026-07-08 16:26:28,190 [DEBUG] DCAPI ICEServiceManager init option=0,port= 
2026-07-08 16:26:28,190 [DEBUG] DCAPI init ice,start create communicator 
2026-07-08 16:26:28,191 [DEBUG] DCAPI createCommunicator use default config 
2026-07-08 16:26:28,212 [TRACE] DCAPI shm_info,shm=DSOFTWARETBSHM,mtx=DSOFTWARETBSHMTBPROCESSMTX,endpoint=tcp -h 127.0.0.1 -p 13831 
2026-07-08 16:26:28,213 [INFO ] DCAPI QuoteHisDispatcher start begin 
2026-07-08 16:26:28,214 [INFO ] DCAPI QuoteHisDispatcher start end 
2026-07-08 16:26:28,214 [INFO ] DCAPI QuoteRealDispatcher start begin 
2026-07-08 16:26:28,214 [INFO ] DCAPI QuoteRealDispatcher start end 
2026-07-08 16:26:28,214 [INFO ] DCAPI DataHisDispatcher start begin 
2026-07-08 16:26:28,214 [INFO ] DCAPI DataHisDispatcher start end 
2026-07-08 16:26:28,214 [INFO ] DCAPI DataRealDispatcher start begin 
2026-07-08 16:26:28,214 [INFO ] DCAPI DataRealDispatcher start end 
2026-07-08 16:26:28,214 [INFO ] DCAPI CommonDispatcher construct 
2026-07-08 16:26:28,214 [INFO ] DCAPI CommonDispatcher start begin 
2026-07-08 16:26:28,214 [INFO ] DCAPI CommonDispatcher start end 
2026-07-08 16:26:28,214 [DEBUG] DCAPI init ice,create communicator success 
2026-07-08 16:26:28,217 [INFO ] DCAPI connect tbquantdc success 
2026-07-08 16:26:28,221 [DEBUG] DCAPI ICEAuthenProxy start 
2026-07-08 16:26:28,221 [DEBUG] AuthAgent InitService start service end 
2026-07-08 16:26:28,221 [DEBUG] AuthAgent InitService end 
2026-07-08 16:26:28,221 [DEBUG] AuthAgent Login start 
2026-07-08 16:26:28,221 [DEBUG] AuthAgent Login get host begin 
2026-07-08 16:26:28,365 [TRACE] DCAPI 获取本机mac地址成功, mac:0C5B8F279A648F279A64 
2026-07-08 16:26:28,365 [DEBUG] AuthAgent Login get host end 
2026-07-08 16:26:28,365 [DEBUG] DCAPI ICEAuthenProxy login start 
2026-07-08 16:26:28,365 [INFO ] DCAPI try lock process mutex success,mutex key:1tcp-h127001-p13831 
2026-07-08 16:26:28,365 [INFO ] DCAPI 【softversion】,versionNo=3.12.3,softType=Standard,platformType=TBPYPY 
2026-07-08 16:26:28,367 [INFO ] DCAPI tbdcapi user=,sessionid=1,login success! 
2026-07-08 16:26:28,368 [DEBUG] DCAPI ICEAuthenProxy login end 
2026-07-08 16:26:28,372 [DEBUG] AuthAgent Login end 
2026-07-08 16:26:28,374 [DEBUG] DCAPI start IceDataProxy, ret=OK@ 
2026-07-08 16:26:28,374 [DEBUG] DCAPI ICETradeSimuProxy start begin 
2026-07-08 16:26:28,375 [DEBUG] DCAPI ICETradeSimuProxy start end,OK@ 
2026-07-08 16:26:28,573 [DEBUG] BaseService initBase initConfig,size=3,OK@ 
2026-07-08 16:26:28,573 [DEBUG] BaseService initBase initConfig,SimuIgnoreDelayMs=3000 
2026-07-08 16:26:28,573 [DEBUG] BaseService initBase initConfig,SimuMatchDelayMs=3000 
2026-07-08 16:26:28,573 [DEBUG] BaseService initBase initConfig,SimuLimitCancelCNT=500 
2026-07-08 16:26:28,573 [DEBUG] BaseService initBase=OK@,initMarket=OK@,initCategory=OK@,initExchange=OK@,lastBase=00000248F0F7C290,nowBase=00000248F0F7B790 
2026-07-08 16:26:28,573 [DEBUG] BaseService Market,UnknownMarket,0,,category=UnknownCategory|Bonds|Funds,exchange=UnknownExchange 
2026-07-08 16:26:28,573 [DEBUG] BaseService Market,CHNFuture,1,期货,category=Futures|Options,exchange=SHFE|DCE|CZCE|CFFEX|INE|TBFT|GFEXEX 
2026-07-08 16:26:28,573 [DEBUG] BaseService Market,CHNStock,2,股票,category=Stocks,exchange=SSE|SZSE|TBST|OTCF|BSESE 
2026-07-08 16:26:28,573 [DEBUG] BaseService Market,CHNOptions,4,期权,category=,exchange=e= 
2026-07-08 16:26:28,573 [DEBUG] BaseService Market,GlobalMarket,8,国外期货,category=ForeignFutures,exchange=CBOT|CME|NYBOT|NYMEX|SGX|TOCOM|KRX|LME|ICE|EUREX|LIFFE|BMD|SFE|TFEX|COMEX|APEX|DME|JPX|ECBOT|IPE|WORLDINDEXNDEX 
2026-07-08 16:26:28,573 [DEBUG] BaseService Market,GlobalStockMarket,16,国外证券,category=ForeignStocks,exchange=HKEX|NYSE|NASDAQ|OSE|OSE 
2026-07-08 16:26:28,573 [DEBUG] BaseService Market,CHNSpot,32,现货,category=SpotTrans,exchange=BOCE|SGEGE 
2026-07-08 16:26:28,573 [DEBUG] BaseService Market,Forexs,64,外汇,category=Forexs,exchange=FOREXEX 
2026-07-08 16:26:28,573 [DEBUG] BaseService Market,TBNews,128,资讯,category=,exchange=e= 
2026-07-08 16:26:28,573 [DEBUG] BaseService Market,CHNStockSnap,256,查询快照,category=,exchange=nge= 
2026-07-08 16:26:28,573 [DEBUG] BaseService Market,MobileMonitor,512,移动监控,category=,exchange=nge= 
2026-07-08 16:26:28,573 [DEBUG] BaseService Category,UnknownCategory,-1,未知,market=UnknownMarket,exchange=UnknownExchangege 
2026-07-08 16:26:28,573 [DEBUG] BaseService Category,Stocks,0,股票,market=CHNStock,exchange=SSE|SZSE|TBST|OTCF|BSESE 
2026-07-08 16:26:28,573 [DEBUG] BaseService Category,Futures,1,期货,market=CHNFuture,exchange=SHFE|DCE|CZCE|CFFEX|INE|TBFT|GFEXEX 
2026-07-08 16:26:28,573 [DEBUG] BaseService Category,Forexs,2,外汇,market=Forexs,exchange=FOREXEX 
2026-07-08 16:26:28,573 [DEBUG] BaseService Category,Bonds,3,债券,market=UnknownMarket,exchange=e= 
2026-07-08 16:26:28,573 [DEBUG] BaseService Category,Funds,4,基金,market=UnknownMarket,exchange=e= 
2026-07-08 16:26:28,573 [DEBUG] BaseService Category,Options,5,期权,market=CHNFuture,exchange=SHFE|DCE|CZCE|CFFEX|INE|SSE|SZSE|BSE|GFEXEX 
2026-07-08 16:26:28,573 [DEBUG] BaseService Category,SpotTrans,6,现货,market=CHNSpot,exchange=BOCE|SGEGE 
2026-07-08 16:26:28,573 [DEBUG] BaseService Category,ForeignFutures,7,外盘期货,market=GlobalMarket,exchange=CBOT|CME|NYBOT|NYMEX|HKEX|SGX|TOCOM|KRX|LME|ICE|EUREX|LIFFE|BMD|SFE|TFEX|COMEX|APEX|DME|JPX|ECBOT|IPE|WORLDINDEXNDEX 
2026-07-08 16:26:28,573 [DEBUG] BaseService Category,ForeignStocks,8,外盘股票,market=GlobalStockMarket,exchange=HKEX|NYSE|NASDAQ|OSE|OSE 
2026-07-08 16:26:28,573 [DEBUG] BaseService Exchange,UnknownExchange,-1,未知,market=UnknownMarketet 
2026-07-08 16:26:28,573 [DEBUG] BaseService Exchange,SHFE,0,上海期货交易所,market=CHNFutureNFuture 
2026-07-08 16:26:28,573 [DEBUG] BaseService Exchange,DCE,1,大连商品交易所,market=CHNFutureNFuture 
2026-07-08 16:26:28,573 [DEBUG] BaseService Exchange,CZCE,2,郑州商品交易所,market=CHNFutureNFuture 
2026-07-08 16:26:28,573 [DEBUG] BaseService Exchange,CFFEX,3,中国金融期货交易所,market=CHNFutureCHNFuture 
2026-07-08 16:26:28,573 [DEBUG] BaseService Exchange,INE,4,上海国际能源交易中心,market=CHNFuture=CHNFuture 
2026-07-08 16:26:28,573 [DEBUG] BaseService Exchange,SSE,5,上海证券交易所,market=CHNStockHNStock 
2026-07-08 16:26:28,573 [DEBUG] BaseService Exchange,SZSE,6,深圳证券交易所,market=CHNStockHNStock 
2026-07-08 16:26:28,573 [DEBUG] BaseService Exchange,BOCE,7,渤海商品交易所,market=CHNSpotCHNSpot 
2026-07-08 16:26:28,573 [DEBUG] BaseService Exchange,SGE,8,上海黄金交易所,market=CHNSpotCHNSpot 
2026-07-08 16:26:28,573 [DEBUG] BaseService Exchange,CBOT,9,芝加哥期货交易所,market=GlobalMarketalMarket 
2026-07-08 16:26:28,573 [DEBUG] BaseService Exchange,CME,10,芝加哥商业交易所,market=GlobalMarketalMarket 
2026-07-08 16:26:28,573 [DEBUG] BaseService Exchange,NYBOT,11,纽约期货交易所,market=GlobalMarketlMarket 
2026-07-08 16:26:28,573 [DEBUG] BaseService Exchange,NYMEX,12,纽约商业期货交易所,market=GlobalMarketbalMarket 
2026-07-08 16:26:28,573 [DEBUG] BaseService Exchange,HKEX,13,香港交易所,market=GlobalStockMarketarket 
2026-07-08 16:26:28,573 [DEBUG] BaseService Exchange,SGX,14,新加坡交易所,market=GlobalMarketMarket 
2026-07-08 16:26:28,573 [DEBUG] BaseService Exchange,TOCOM,15,东京商品交易所,market=GlobalMarketlMarket 
2026-07-08 16:26:28,573 [DEBUG] BaseService Exchange,KRX,16,韩国证券期货交易所,market=GlobalMarketbalMarket 
2026-07-08 16:26:28,573 [DEBUG] BaseService Exchange,LME,17,伦敦金属交易所,market=GlobalMarketlMarket 
2026-07-08 16:26:28,573 [DEBUG] BaseService Exchange,ICE,18,洲际交易所,market=GlobalMarketarket 
2026-07-08 16:26:28,573 [DEBUG] BaseService Exchange,EUREX,19,欧洲期货交易所,market=GlobalMarketlMarket 
2026-07-08 16:26:28,573 [DEBUG] BaseService Exchange,LIFFE,20,伦敦国际金融交易所,market=GlobalMarketbalMarket 
2026-07-08 16:26:28,573 [DEBUG] BaseService Exchange,BMD,21,马来西亚交易所,market=GlobalMarketlMarket 
2026-07-08 16:26:28,573 [DEBUG] BaseService Exchange,SFE,22,悉尼期货交易所,market=GlobalMarketlMarket 
2026-07-08 16:26:28,573 [DEBUG] BaseService Exchange,TFEX,23,泰国期货交易所,market=GlobalMarketlMarket 
2026-07-08 16:26:28,573 [DEBUG] BaseService Exchange,NYSE,24,纽约证券交易所,market=GlobalStockMarketkMarket 
2026-07-08 16:26:28,573 [DEBUG] BaseService Exchange,NASDAQ,25,纳斯达克,market=GlobalStockMarketrket 
2026-07-08 16:26:28,573 [DEBUG] BaseService Exchange,FOREX,26,外汇市场,market=Forexsrexs 
2026-07-08 16:26:28,573 [DEBUG] BaseService Exchange,COMEX,27,纽约金属交易所,market=GlobalMarketlMarket 
2026-07-08 16:26:28,574 [DEBUG] BaseService Exchange,APEX,28,新加坡亚太交易所,market=GlobalMarketalMarket 
2026-07-08 16:26:28,574 [DEBUG] BaseService Exchange,DME,29,迪拜商品交易所,market=GlobalMarketlMarket 
2026-07-08 16:26:28,574 [DEBUG] BaseService Exchange,JPX,30,日本交易所集团,market=GlobalMarketlMarket 
2026-07-08 16:26:28,574 [DEBUG] BaseService Exchange,ECBOT,31,芝加哥电子商品交易所,market=GlobalMarketobalMarket 
2026-07-08 16:26:28,574 [DEBUG] BaseService Exchange,IPE,32,伦敦国际石油交易所,market=GlobalMarketbalMarket 
2026-07-08 16:26:28,574 [DEBUG] BaseService Exchange,OSE,33,大阪证券交易所,market=GlobalStockMarketkMarket 
2026-07-08 16:26:28,574 [DEBUG] BaseService Exchange,WORLDINDEX,34,全球指数,market=GlobalMarketrket 
2026-07-08 16:26:28,574 [DEBUG] BaseService Exchange,TBFT,35,开拓者期货指数,market=CHNFutureNFuture 
2026-07-08 16:26:28,574 [DEBUG] BaseService Exchange,TBST,36,开拓者证券指数,market=CHNStockHNStock 
2026-07-08 16:26:28,574 [DEBUG] BaseService Exchange,OTCF,37,场外基金,market=CHNStocktock 
2026-07-08 16:26:28,574 [DEBUG] BaseService Exchange,BSE,38,北京证券交易所,market=CHNStockHNStock 
2026-07-08 16:26:28,574 [DEBUG] BaseService Exchange,GFEX,39,广州期货交易所,market=CHNFutureNFuture 
2026-07-08 16:26:28,674 [INFO ] BaseService HolidayCache construct  
2026-07-08 16:26:28,700 [TRACE] TBCommon TradingDayCache construct 
2026-07-08 16:26:28,830 [DEBUG] TBCommon RelativeSymbolCache init,srcSize=355,cacheMapSize=355,mainMapSize=6831,sndMainMapSize=4111 
2026-07-08 16:26:31,276 [DEBUG] TBCommon resetCodePropByRule crb=Futures, CodeProperties size=116514 
2026-07-08 16:26:31,276 [DEBUG] TBCommon resetCodePropByBigCate begin category=Futures, CodeProperties size=116514 
2026-07-08 16:26:31,276 [DEBUG] TBCommon CodePropertyCache clearPropByBigCate bigcate= 1,exchsize=7,exchs=SHFE;DCE;CZCE;CFFEX;INE;TBFT;GFEX; 
2026-07-08 16:26:31,485 [DEBUG] TBCommon CodePropertyCache genTimePeriodsCodes, codeEx=pfcode.SHFE,ret=OK@,dealTimesV2=|21:00-02:30;09:00-11:30;13:00-15:15;||||| 
2026-07-08 16:26:31,485 [DEBUG] TBCommon resetCodePropByBigCate end category=Futures 
2026-07-08 16:26:31,485 [DEBUG] TBCommon  TradingDayCache refreshCodeInfo:Futures 
2026-07-08 16:26:31,497 [DEBUG] TBCommon  TradingDayCache refreshCodeInfo:Futures 
2026-07-08 16:26:31,497 [DEBUG] TBCommon  TradingDayCache refreshCodeInfo:Stocks 
2026-07-08 16:26:31,497 [DEBUG] TBCommon  TradingDayCache refreshCodeInfo:Options 
2026-07-08 16:26:31,497 [DEBUG] TBCommon  TradingDayCache refreshCodeInfo:ForeignFutures 
2026-07-08 16:26:31,501 [TRACE] TBCommon CodePropertyCache getSpecialCodeIDs type=次连类型,size=88,codes=ad777.SHFE;i9777.DCE;PL777.CZCE;CF777.CZCE;LR777.CZCE;pb777.SHFE;RI777.CZCE;au777.SHFE;jm777.DCE;ec777.INE;op777.SHFE;WH777.CZCE;hc777.SHFE;lc777.GFEX;UR777.CZCE;ni777.SHFE;fb777.DCE;SH777.CZCE;eg777.DCE;pt777.GFEX;bb777.DCE;ss777.SHFE;HFE;p9777.DCE;jd777.DCE;rb777.SHFE;ru777.SHFE;SA777.CZCE;IM777.CFFEX;eb777.DCE;IH777.CFFEX;SF777.CZCE;AP777.CZCE;c9777.DCE;rr777.DCE;bz777.DCE;ps777.GFEX;TL777.CFFEX;SM777.CZCE;TA777.CZCE;IF777.CFFEX;PF777.CZCE;IC777.CFFEX;sp777.SHFE;lh777.DCE;CJ777.CZCE;zn777.SHFE;RM777.CZCE;lg777.DCE;a9777.DCE;PR777.CZCE;si777.GFEX;PM777.CZCE;cu777.SHFE;v9777.DCE;PX777.CZCE;MA777.CZCE;RS777.CZCE;m9777.DCE;fu777.SHFE;JR777.CZCE;TS777.CFFEX;PK777.CZCE;lu777.INE;b9777.DCE;TF777.CFFEX;l9777.DCE;pd777.GFEX;y9777.DCE;OI777.CZCE;FG777.CZCE;T9777.CFFEX;pg777.DCE;pp777.DCE;br777.SHFE;j9777.DCE;al777.SHFE;cs777.DCE;sn777.SHFE;wr777.SHFE;bu777.SHFE;nr777.INE;SR777.CZCE;ZC777.CZCE;CY777.CZCE;sc777.INE;bc777.INE;ag777.SHFE;ao777.SHFE; 
2026-07-08 16:26:31,574 [TRACE] TBCommon CodePropertyCache getSpecialCodeIDs type=连续类型,size=244,codes=SR3888.CME;ZC888.CZCE;cu888.SHFE;QG888.NYMEX;MHI888.HKEX;MTN888.HKEX;SB888.ICE;MGN888.HKEX;lu888.INE;PK888.CZCE;PF888.CZCE;6J888.CME;LE888.CME;CNC888.HKEX;FEQ888.HKEX;MXC888.HKEX;NG888.NYMEX;CY888.CZCE;NKD888.CME;CCC888.HKEX;ZR888.CBOTCBOT;YM888.CBOT;PR888.CZCE;T9888.ICE;sp888.SHFE;m9888.DCE;RB888.NYMEX;ALI888.COMEX;6B888.CME;l9888.DCE;rb888.SHFE;MIN888.HKEX;CJ888.CZCE;i9888.DCE;pb888.SHFE;MNZ888.HKEX;MMN888.HKEX;bz888.DCE;CHT888.HKEX;MET888.HKEX;TN888.CBOT;IF888.CFFEX;ZL888.CBOT;MCA888.HKEX;KE888.CBOT;NQ888.CME;TF888.CFFEX;IU888.SGX;ICB888.HKEX;lg888.DCE;JDC888.HKEX;CEU888.HKEX;v9888.DCE;EAN888.HKEX;ZB888.CBOT;MPN888.HKEX;SIL888.COMEX;CTC888.HKEX;cs888.DCE;GC888.COMEX;QO888.COMEX;MNQ888.CME;CLI888.HKEX;hc888.SHFE;MVN888.HKEX;ZF888.CBOT;nr888.INE;XW888.CBOT;MCL888.NYMEX;BOC888.HKEX;PL888.NYMEX;QI888.COMEX;RM888.CZCE;PA888.NYMEX;p9888.DCE;MAN888.HKEX;MIA888.HKEX;CCB888.HKEX;MA888.CZCE;KC888.ICE;fu888.SHFE;PEC888.HKEX;pt888.GFEX;RS888.CZCE;PX888.CZCE;M2K888.CME;CT888.ICE;6N888.CME;GAS888.ICE;ps888.GFEX;ZO888.CBOT;op888.SHFE;IM888.CFFEX;6A888.CME;MTW888.HKEX;MXK888.HKEX;UR888.CZCE;MEE888.HKEX;HG888.COMEX;eb888.DCE;a9888.DCE;ZC888.CBOT;FG888.CZCE;rr888.DCE;j9888.DCE;SM888.CZCE;bu888.SHFE;ag888.SHFE;PAI888.HKEX;b9888.DCE;ZM888.CBOT;br888.SHFE;AP888.CZCE;bb888.DCE;SI888.COMEX;pd888.GFEX;CHH888.HKEX;pg888.DCE;CUS888.HKEX;SH888.CZCE;sc888.INE;ZS888.CBOT;QC888.COMEX;fb888.DCE;OI888.CZCE;MVI888.HKEX;ru888.SHFE;BRN888.ICE;RTY888.CME;HHI888.HKEX;SR888.CZCE;y9888.DCE;MCH888.HKEX;HSI888.HKEX;sn888.SHFE;SAS888.CBOT;PIC888.HKEX;MPC888.HKEX;pp888.DCE;MAK888.HKEX;au888.SHFE;MHK888.HKEX;MPS888.HKEX;T9888.CFFEX;ALB888.HKEX;IH888.CFFEX;lc888.GFEX;IC888.CFFEX;MYM888.CBOT;FEM888.HKEX;TS888.CFFEX;MMA888.HKEX;TA888.CZCE;lh888.DCE;6M888.CME;MPJ888.HKEX;W9888.ICE;ZT888.CBOT;NK888.SGX;ao888.SHFE;MGC888.COMEX;GF888.CME;c9888.DCE;MND888.HKEX;6L888.CME;MWN888.HKEX;JR888.CZCE;BZ888.NYMEX;MDN888.HKEX;zn888.SHFE;UHO888.ICE;NTE888.HKEX;CIN888.HKEX;PM888.CZCE;KU888.SGX;HKB888.HKEX;CAU888.HKEX;MEL888.HKEX;RC888.ICE;bc888.INE;ss888.SHFE;ni888.SHFE;al888.SHFE;EMN888.HKEX;jm888.DCE;C9888.ICE;A50888.HKEX;jd888.DCE;NIY888.CME;UIN888.HKEX;TL888.CFFEX;HO888.NYMEX;ec888.INE;XC888.CBOT;wr888.SHFE;MEI888.HKEX;CNH888.CME;CSA888.HKEX;SF888.CZCE;XK888.CBOT;DX888.ICE;GWM888.HKEX;HEX888.HKEX;HE888.CME;AMC888.HKEX;SGP888.SGX;FEF888.SGX;MJU888.HKEX;MES888.CME;eg888.DCE;6C888.CME;TWR888.HKEX;CPC888.HKEX;ZN888.CBOT;si888.GFEX;6E888.CME;MAC888.HKEX;ZW888.CBOT;WH888.CZCE;PL888.CZCE;LBR888.CME;RI888.CZCE;QM888.NYMEX;6S888.CME;CC888.ICE;CMB888.HKEX;TCH888.HKEX;TWN888.SGX;SA888.CZCE;HTI888.HKEX;ad888.SHFE;BUD888.HKEX;MTD888.HKEX;MSN888.HKEX;MIU888.HKEX;CF888.CZCE;CL888.NYMEX;LR888.CZCE;TF888.SGX;ES888.CME;OJ888.ICE;CN888.SGX;UC888.SGX;CJP888.HKEX; 
2026-07-08 16:26:31,653 [DEBUG] Event ,setName 
2026-07-08 16:26:31,653 [DEBUG] DCAPI ICETradeProxy stop begin 
2026-07-08 16:26:31,655 [DEBUG] DCAPI ICETradeProxy stop end 
2026-07-08 16:26:31,655 [DEBUG] DCAPI ICETradeSimuProxy stop begin 
2026-07-08 16:26:31,656 [DEBUG] DCAPI ICETradeSimuProxy stop end 
2026-07-08 16:26:31,656 [DEBUG] DCAPI ICEBaseProxy stop begin 
2026-07-08 16:26:31,656 [DEBUG] DCAPI IceDataProxy stop begin 
2026-07-08 16:26:31,657 [DEBUG] DCAPI IceDataProxy stop end ret=OK@ 
2026-07-08 16:26:31,657 [DEBUG] DCAPI ICEBaseProxy stop end 
2026-07-08 16:26:31,657 [DEBUG] DCAPI ICEAuthenProxy stop begin 
2026-07-08 16:26:31,659 [DEBUG] DCAPI release ice,destory communicator start 
2026-07-08 16:26:31,659 [INFO ] DCAPI connect tbquantdc success 
2026-07-08 16:26:31,671 [INFO ] DCAPI QuoteHisDispatcher stop begin 
2026-07-08 16:26:31,671 [INFO ] DCAPI QuoteHisDispatcher stop end 
2026-07-08 16:26:31,671 [INFO ] DCAPI QuoteRealDispatcher stop begin 
2026-07-08 16:26:31,671 [INFO ] DCAPI QuoteRealDispatcher stop end 
2026-07-08 16:26:31,671 [INFO ] DCAPI DataHisDispatcher stop begin 
2026-07-08 16:26:31,671 [INFO ] DCAPI DataHisDispatcher stop end 
2026-07-08 16:26:31,671 [INFO ] DCAPI DataRealDispatcher stop begin 
2026-07-08 16:26:31,671 [INFO ] DCAPI DataRealDispatcher stop end 
2026-07-08 16:26:31,671 [INFO ] DCAPI CommonDispatcher stop begin 
2026-07-08 16:26:31,671 [INFO ] DCAPI CommonDispatcher stop end 
2026-07-08 16:26:31,671 [DEBUG] DCAPI release ice,destory communicator success 
2026-07-08 16:26:31,671 [INFO ] DCAPI tbdcapi user=,sessionid=1,login out! 
2026-07-08 16:26:31,671 [DEBUG] DCAPI ICEAuthenProxy stop end 
2026-07-08 16:28:37,172 [INFO ] TBCommon GetFileVersionInfoSize fail,moduleName:TBCommon  
2026-07-08 16:28:37,172 [WARN ] TBPY parser_version_str rootPath=D:\software\tb,version= 
2026-07-08 16:28:37,172 [DEBUG] AuthAgent createService,jsonParam=[{"serviceName":"AuthenService","dllPath":"C:\\Users\\Administrator\\AppData\\Local\\Programs\\Python\\Python312\\Lib\\site-packages\\tbpy\\TBDataCenterAPI.dll","procName":"createAuthenService","parameter":{"online":true}},{"serviceName":"BaseService","dllPath":"C:\\Users\\Administrator\\AppData\\Local\\Programs\\Python\\Python312\\Lib\\site-packages\\tbpy\\TBDataCenterAPI.dll","procName":"createBaseService","parameter":{"online":true}},{"serviceName":"TradeService","dllPath":"C:\\Users\\Administrator\\AppData\\Local\\Programs\\Python\\Python312\\Lib\\site-packages\\tbpy\\TBDataCenterAPI.dll","procName":"createTradeService","parameter":{"online":true}},{"serviceName":"TradeSimuService","dllPath":"C:\\Users\\Administrator\\AppData\\Local\\Programs\\Python\\Python312\\Lib\\site-packages\\tbpy\\TBDataCenterAPI.dll","procName":"createTradeSimuService","parameter":{"online":true}}] 
2026-07-08 16:28:37,175 [INFO ] BaseService HolidayCache construct  
2026-07-08 16:28:37,175 [TRACE] TBCommon TradingDayCache construct 
2026-07-08 16:28:37,175 [INFO ] DCAPI QuoteHisDispatcher construct 
2026-07-08 16:28:37,175 [INFO ] DCAPI QuoteRealDispatcher construct 
2026-07-08 16:28:37,175 [INFO ] DCAPI DataHisDispatcher construct 
2026-07-08 16:28:37,175 [INFO ] DCAPI DataRealDispatcher construct 
2026-07-08 16:28:37,176 [DEBUG] AuthAgent InitService start service begin 
2026-07-08 16:28:37,176 [DEBUG] DCAPI ICEServiceManager init option=0,port= 
2026-07-08 16:28:37,176 [DEBUG] DCAPI init ice,start create communicator 
2026-07-08 16:28:37,177 [DEBUG] DCAPI createCommunicator use default config 
2026-07-08 16:28:37,198 [TRACE] DCAPI shm_info,shm=DSOFTWARETBSHM,mtx=DSOFTWARETBSHMTBPROCESSMTX,endpoint=tcp -h 127.0.0.1 -p 13831 
2026-07-08 16:28:37,199 [INFO ] DCAPI QuoteHisDispatcher start begin 
2026-07-08 16:28:37,199 [INFO ] DCAPI QuoteHisDispatcher start end 
2026-07-08 16:28:37,199 [INFO ] DCAPI QuoteRealDispatcher start begin 
2026-07-08 16:28:37,199 [INFO ] DCAPI QuoteRealDispatcher start end 
2026-07-08 16:28:37,199 [INFO ] DCAPI DataHisDispatcher start begin 
2026-07-08 16:28:37,200 [INFO ] DCAPI DataHisDispatcher start end 
2026-07-08 16:28:37,200 [INFO ] DCAPI DataRealDispatcher start begin 
2026-07-08 16:28:37,200 [INFO ] DCAPI DataRealDispatcher start end 
2026-07-08 16:28:37,200 [INFO ] DCAPI CommonDispatcher construct 
2026-07-08 16:28:37,200 [INFO ] DCAPI CommonDispatcher start begin 
2026-07-08 16:28:37,200 [INFO ] DCAPI CommonDispatcher start end 
2026-07-08 16:28:37,200 [DEBUG] DCAPI init ice,create communicator success 
2026-07-08 16:28:37,204 [INFO ] DCAPI connect tbquantdc success 
2026-07-08 16:28:37,207 [DEBUG] DCAPI ICEAuthenProxy start 
2026-07-08 16:28:37,208 [DEBUG] AuthAgent InitService start service end 
2026-07-08 16:28:37,208 [DEBUG] AuthAgent InitService end 
2026-07-08 16:28:37,208 [DEBUG] AuthAgent Login start 
2026-07-08 16:28:37,208 [DEBUG] AuthAgent Login get host begin 
2026-07-08 16:28:37,311 [TRACE] DCAPI 获取本机mac地址成功, mac:0C5B8F279A648F279A64 
2026-07-08 16:28:37,311 [DEBUG] AuthAgent Login get host end 
2026-07-08 16:28:37,311 [DEBUG] DCAPI ICEAuthenProxy login start 
2026-07-08 16:28:37,311 [INFO ] DCAPI try lock process mutex success,mutex key:1tcp-h127001-p13831 
2026-07-08 16:28:37,311 [INFO ] DCAPI 【softversion】,versionNo=3.12.3,softType=Standard,platformType=TBPYPY 
2026-07-08 16:28:37,313 [INFO ] DCAPI tbdcapi user=,sessionid=1,login success! 
2026-07-08 16:28:37,315 [DEBUG] DCAPI ICEAuthenProxy login end 
2026-07-08 16:28:37,320 [DEBUG] AuthAgent Login end 
2026-07-08 16:28:37,323 [DEBUG] DCAPI start IceDataProxy, ret=OK@ 
2026-07-08 16:28:37,324 [DEBUG] DCAPI ICETradeSimuProxy start begin 
2026-07-08 16:28:37,325 [DEBUG] DCAPI ICETradeSimuProxy start end,OK@ 
2026-07-08 16:28:37,516 [DEBUG] BaseService initBase initConfig,size=3,OK@ 
2026-07-08 16:28:37,516 [DEBUG] BaseService initBase initConfig,SimuIgnoreDelayMs=3000 
2026-07-08 16:28:37,516 [DEBUG] BaseService initBase initConfig,SimuMatchDelayMs=3000 
2026-07-08 16:28:37,516 [DEBUG] BaseService initBase initConfig,SimuLimitCancelCNT=500 
2026-07-08 16:28:37,516 [DEBUG] BaseService initBase=OK@,initMarket=OK@,initCategory=OK@,initExchange=OK@,lastBase=000001DC15095510,nowBase=000001DC3DE6C520 
2026-07-08 16:28:37,516 [DEBUG] BaseService Market,UnknownMarket,0,,category=UnknownCategory|Bonds|Funds,exchange=UnknownExchange 
2026-07-08 16:28:37,516 [DEBUG] BaseService Market,CHNFuture,1,期货,category=Futures|Options,exchange=SHFE|DCE|CZCE|CFFEX|INE|TBFT|GFEXEX 
2026-07-08 16:28:37,516 [DEBUG] BaseService Market,CHNStock,2,股票,category=Stocks,exchange=SSE|SZSE|TBST|OTCF|BSESE 
2026-07-08 16:28:37,516 [DEBUG] BaseService Market,CHNOptions,4,期权,category=,exchange=e= 
2026-07-08 16:28:37,516 [DEBUG] BaseService Market,GlobalMarket,8,国外期货,category=ForeignFutures,exchange=CBOT|CME|NYBOT|NYMEX|SGX|TOCOM|KRX|LME|ICE|EUREX|LIFFE|BMD|SFE|TFEX|COMEX|APEX|DME|JPX|ECBOT|IPE|WORLDINDEXNDEX 
2026-07-08 16:28:37,516 [DEBUG] BaseService Market,GlobalStockMarket,16,国外证券,category=ForeignStocks,exchange=HKEX|NYSE|NASDAQ|OSE|OSE 
2026-07-08 16:28:37,516 [DEBUG] BaseService Market,CHNSpot,32,现货,category=SpotTrans,exchange=BOCE|SGEGE 
2026-07-08 16:28:37,516 [DEBUG] BaseService Market,Forexs,64,外汇,category=Forexs,exchange=FOREXEX 
2026-07-08 16:28:37,516 [DEBUG] BaseService Market,TBNews,128,资讯,category=,exchange=e= 
2026-07-08 16:28:37,516 [DEBUG] BaseService Market,CHNStockSnap,256,查询快照,category=,exchange=nge= 
2026-07-08 16:28:37,516 [DEBUG] BaseService Market,MobileMonitor,512,移动监控,category=,exchange=nge= 
2026-07-08 16:28:37,517 [DEBUG] BaseService Category,UnknownCategory,-1,未知,market=UnknownMarket,exchange=UnknownExchangege 
2026-07-08 16:28:37,517 [DEBUG] BaseService Category,Stocks,0,股票,market=CHNStock,exchange=SSE|SZSE|TBST|OTCF|BSESE 
2026-07-08 16:28:37,517 [DEBUG] BaseService Category,Futures,1,期货,market=CHNFuture,exchange=SHFE|DCE|CZCE|CFFEX|INE|TBFT|GFEXEX 
2026-07-08 16:28:37,517 [DEBUG] BaseService Category,Forexs,2,外汇,market=Forexs,exchange=FOREXEX 
2026-07-08 16:28:37,517 [DEBUG] BaseService Category,Bonds,3,债券,market=UnknownMarket,exchange=e= 
2026-07-08 16:28:37,517 [DEBUG] BaseService Category,Funds,4,基金,market=UnknownMarket,exchange=e= 
2026-07-08 16:28:37,517 [DEBUG] BaseService Category,Options,5,期权,market=CHNFuture,exchange=SHFE|DCE|CZCE|CFFEX|INE|SSE|SZSE|BSE|GFEXEX 
2026-07-08 16:28:37,517 [DEBUG] BaseService Category,SpotTrans,6,现货,market=CHNSpot,exchange=BOCE|SGEGE 
2026-07-08 16:28:37,517 [DEBUG] BaseService Category,ForeignFutures,7,外盘期货,market=GlobalMarket,exchange=CBOT|CME|NYBOT|NYMEX|HKEX|SGX|TOCOM|KRX|LME|ICE|EUREX|LIFFE|BMD|SFE|TFEX|COMEX|APEX|DME|JPX|ECBOT|IPE|WORLDINDEXNDEX 
2026-07-08 16:28:37,517 [DEBUG] BaseService Category,ForeignStocks,8,外盘股票,market=GlobalStockMarket,exchange=HKEX|NYSE|NASDAQ|OSE|OSE 
2026-07-08 16:28:37,517 [DEBUG] BaseService Exchange,UnknownExchange,-1,未知,market=UnknownMarketet 
2026-07-08 16:28:37,517 [DEBUG] BaseService Exchange,SHFE,0,上海期货交易所,market=CHNFutureNFuture 
2026-07-08 16:28:37,517 [DEBUG] BaseService Exchange,DCE,1,大连商品交易所,market=CHNFutureNFuture 
2026-07-08 16:28:37,517 [DEBUG] BaseService Exchange,CZCE,2,郑州商品交易所,market=CHNFutureNFuture 
2026-07-08 16:28:37,517 [DEBUG] BaseService Exchange,CFFEX,3,中国金融期货交易所,market=CHNFutureCHNFuture 
2026-07-08 16:28:37,517 [DEBUG] BaseService Exchange,INE,4,上海国际能源交易中心,market=CHNFuture=CHNFuture 
2026-07-08 16:28:37,517 [DEBUG] BaseService Exchange,SSE,5,上海证券交易所,market=CHNStockHNStock 
2026-07-08 16:28:37,517 [DEBUG] BaseService Exchange,SZSE,6,深圳证券交易所,market=CHNStockHNStock 
2026-07-08 16:28:37,517 [DEBUG] BaseService Exchange,BOCE,7,渤海商品交易所,market=CHNSpotCHNSpot 
2026-07-08 16:28:37,517 [DEBUG] BaseService Exchange,SGE,8,上海黄金交易所,market=CHNSpotCHNSpot 
2026-07-08 16:28:37,517 [DEBUG] BaseService Exchange,CBOT,9,芝加哥期货交易所,market=GlobalMarketalMarket 
2026-07-08 16:28:37,517 [DEBUG] BaseService Exchange,CME,10,芝加哥商业交易所,market=GlobalMarketalMarket 
2026-07-08 16:28:37,517 [DEBUG] BaseService Exchange,NYBOT,11,纽约期货交易所,market=GlobalMarketlMarket 
2026-07-08 16:28:37,517 [DEBUG] BaseService Exchange,NYMEX,12,纽约商业期货交易所,market=GlobalMarketbalMarket 
2026-07-08 16:28:37,517 [DEBUG] BaseService Exchange,HKEX,13,香港交易所,market=GlobalStockMarketarket 
2026-07-08 16:28:37,517 [DEBUG] BaseService Exchange,SGX,14,新加坡交易所,market=GlobalMarketMarket 
2026-07-08 16:28:37,517 [DEBUG] BaseService Exchange,TOCOM,15,东京商品交易所,market=GlobalMarketlMarket 
2026-07-08 16:28:37,517 [DEBUG] BaseService Exchange,KRX,16,韩国证券期货交易所,market=GlobalMarketbalMarket 
2026-07-08 16:28:37,517 [DEBUG] BaseService Exchange,LME,17,伦敦金属交易所,market=GlobalMarketlMarket 
2026-07-08 16:28:37,517 [DEBUG] BaseService Exchange,ICE,18,洲际交易所,market=GlobalMarketarket 
2026-07-08 16:28:37,517 [DEBUG] BaseService Exchange,EUREX,19,欧洲期货交易所,market=GlobalMarketlMarket 
2026-07-08 16:28:37,517 [DEBUG] BaseService Exchange,LIFFE,20,伦敦国际金融交易所,market=GlobalMarketbalMarket 
2026-07-08 16:28:37,517 [DEBUG] BaseService Exchange,BMD,21,马来西亚交易所,market=GlobalMarketlMarket 
2026-07-08 16:28:37,517 [DEBUG] BaseService Exchange,SFE,22,悉尼期货交易所,market=GlobalMarketlMarket 
2026-07-08 16:28:37,517 [DEBUG] BaseService Exchange,TFEX,23,泰国期货交易所,market=GlobalMarketlMarket 
2026-07-08 16:28:37,517 [DEBUG] BaseService Exchange,NYSE,24,纽约证券交易所,market=GlobalStockMarketkMarket 
2026-07-08 16:28:37,517 [DEBUG] BaseService Exchange,NASDAQ,25,纳斯达克,market=GlobalStockMarketrket 
2026-07-08 16:28:37,517 [DEBUG] BaseService Exchange,FOREX,26,外汇市场,market=Forexsrexs 
2026-07-08 16:28:37,517 [DEBUG] BaseService Exchange,COMEX,27,纽约金属交易所,market=GlobalMarketlMarket 
2026-07-08 16:28:37,517 [DEBUG] BaseService Exchange,APEX,28,新加坡亚太交易所,market=GlobalMarketalMarket 
2026-07-08 16:28:37,517 [DEBUG] BaseService Exchange,DME,29,迪拜商品交易所,market=GlobalMarketlMarket 
2026-07-08 16:28:37,517 [DEBUG] BaseService Exchange,JPX,30,日本交易所集团,market=GlobalMarketlMarket 
2026-07-08 16:28:37,517 [DEBUG] BaseService Exchange,ECBOT,31,芝加哥电子商品交易所,market=GlobalMarketobalMarket 
2026-07-08 16:28:37,517 [DEBUG] BaseService Exchange,IPE,32,伦敦国际石油交易所,market=GlobalMarketbalMarket 
2026-07-08 16:28:37,517 [DEBUG] BaseService Exchange,OSE,33,大阪证券交易所,market=GlobalStockMarketkMarket 
2026-07-08 16:28:37,517 [DEBUG] BaseService Exchange,WORLDINDEX,34,全球指数,market=GlobalMarketrket 
2026-07-08 16:28:37,517 [DEBUG] BaseService Exchange,TBFT,35,开拓者期货指数,market=CHNFutureNFuture 
2026-07-08 16:28:37,517 [DEBUG] BaseService Exchange,TBST,36,开拓者证券指数,market=CHNStockHNStock 
2026-07-08 16:28:37,517 [DEBUG] BaseService Exchange,OTCF,37,场外基金,market=CHNStocktock 
2026-07-08 16:28:37,517 [DEBUG] BaseService Exchange,BSE,38,北京证券交易所,market=CHNStockHNStock 
2026-07-08 16:28:37,517 [DEBUG] BaseService Exchange,GFEX,39,广州期货交易所,market=CHNFutureNFuture 
2026-07-08 16:28:37,641 [INFO ] BaseService HolidayCache construct  
2026-07-08 16:28:37,668 [TRACE] TBCommon TradingDayCache construct 
2026-07-08 16:28:37,798 [DEBUG] TBCommon RelativeSymbolCache init,srcSize=355,cacheMapSize=355,mainMapSize=6831,sndMainMapSize=4111 
2026-07-08 16:28:39,989 [DEBUG] TBCommon resetCodePropByRule crb=Futures, CodeProperties size=116514 
2026-07-08 16:28:39,989 [DEBUG] TBCommon resetCodePropByBigCate begin category=Futures, CodeProperties size=116514 
2026-07-08 16:28:39,989 [DEBUG] TBCommon CodePropertyCache clearPropByBigCate bigcate= 1,exchsize=7,exchs=SHFE;DCE;CZCE;CFFEX;INE;TBFT;GFEX; 
2026-07-08 16:28:40,210 [DEBUG] TBCommon CodePropertyCache genTimePeriodsCodes, codeEx=pfcode.SHFE,ret=OK@,dealTimesV2=|21:00-02:30;09:00-11:30;13:00-15:15;||||| 
2026-07-08 16:28:40,210 [DEBUG] TBCommon resetCodePropByBigCate end category=Futures 
2026-07-08 16:28:40,210 [DEBUG] TBCommon  TradingDayCache refreshCodeInfo:Futures 
2026-07-08 16:28:40,225 [DEBUG] TBCommon  TradingDayCache refreshCodeInfo:Futures 
2026-07-08 16:28:40,225 [DEBUG] TBCommon  TradingDayCache refreshCodeInfo:Stocks 
2026-07-08 16:28:40,225 [DEBUG] TBCommon  TradingDayCache refreshCodeInfo:Options 
2026-07-08 16:28:40,225 [DEBUG] TBCommon  TradingDayCache refreshCodeInfo:ForeignFutures 
2026-07-08 16:28:40,227 [TRACE] TBCommon CodePropertyCache getSpecialCodeIDs type=次连类型,size=88,codes=ad777.SHFE;i9777.DCE;PL777.CZCE;CF777.CZCE;LR777.CZCE;pb777.SHFE;RI777.CZCE;au777.SHFE;jm777.DCE;ec777.INE;op777.SHFE;WH777.CZCE;hc777.SHFE;lc777.GFEX;UR777.CZCE;ni777.SHFE;fb777.DCE;SH777.CZCE;eg777.DCE;pt777.GFEX;bb777.DCE;ss777.SHFE;HFE;p9777.DCE;jd777.DCE;rb777.SHFE;ru777.SHFE;SA777.CZCE;IM777.CFFEX;eb777.DCE;IH777.CFFEX;SF777.CZCE;AP777.CZCE;c9777.DCE;rr777.DCE;bz777.DCE;ps777.GFEX;TL777.CFFEX;SM777.CZCE;TA777.CZCE;IF777.CFFEX;PF777.CZCE;IC777.CFFEX;sp777.SHFE;lh777.DCE;CJ777.CZCE;zn777.SHFE;RM777.CZCE;lg777.DCE;a9777.DCE;PR777.CZCE;si777.GFEX;PM777.CZCE;cu777.SHFE;v9777.DCE;PX777.CZCE;MA777.CZCE;RS777.CZCE;m9777.DCE;fu777.SHFE;JR777.CZCE;TS777.CFFEX;PK777.CZCE;lu777.INE;b9777.DCE;TF777.CFFEX;l9777.DCE;pd777.GFEX;y9777.DCE;OI777.CZCE;FG777.CZCE;T9777.CFFEX;pg777.DCE;pp777.DCE;br777.SHFE;j9777.DCE;al777.SHFE;cs777.DCE;sn777.SHFE;wr777.SHFE;bu777.SHFE;nr777.INE;SR777.CZCE;ZC777.CZCE;CY777.CZCE;sc777.INE;bc777.INE;ag777.SHFE;ao777.SHFE; 
2026-07-08 16:28:40,284 [TRACE] TBCommon CodePropertyCache getSpecialCodeIDs type=连续类型,size=244,codes=SR3888.CME;ZC888.CZCE;cu888.SHFE;QG888.NYMEX;MHI888.HKEX;MTN888.HKEX;SB888.ICE;MGN888.HKEX;lu888.INE;PK888.CZCE;PF888.CZCE;6J888.CME;LE888.CME;CNC888.HKEX;FEQ888.HKEX;MXC888.HKEX;NG888.NYMEX;CY888.CZCE;NKD888.CME;CCC888.HKEX;ZR888.CBOTCBOT;YM888.CBOT;PR888.CZCE;T9888.ICE;sp888.SHFE;m9888.DCE;RB888.NYMEX;ALI888.COMEX;6B888.CME;l9888.DCE;rb888.SHFE;MIN888.HKEX;CJ888.CZCE;i9888.DCE;pb888.SHFE;MNZ888.HKEX;MMN888.HKEX;bz888.DCE;CHT888.HKEX;MET888.HKEX;TN888.CBOT;IF888.CFFEX;ZL888.CBOT;MCA888.HKEX;KE888.CBOT;NQ888.CME;TF888.CFFEX;IU888.SGX;ICB888.HKEX;lg888.DCE;JDC888.HKEX;CEU888.HKEX;v9888.DCE;EAN888.HKEX;ZB888.CBOT;MPN888.HKEX;SIL888.COMEX;CTC888.HKEX;cs888.DCE;GC888.COMEX;QO888.COMEX;MNQ888.CME;CLI888.HKEX;hc888.SHFE;MVN888.HKEX;ZF888.CBOT;nr888.INE;XW888.CBOT;MCL888.NYMEX;BOC888.HKEX;PL888.NYMEX;QI888.COMEX;RM888.CZCE;PA888.NYMEX;p9888.DCE;MAN888.HKEX;MIA888.HKEX;CCB888.HKEX;MA888.CZCE;KC888.ICE;fu888.SHFE;PEC888.HKEX;pt888.GFEX;RS888.CZCE;PX888.CZCE;M2K888.CME;CT888.ICE;6N888.CME;GAS888.ICE;ps888.GFEX;ZO888.CBOT;op888.SHFE;IM888.CFFEX;6A888.CME;MTW888.HKEX;MXK888.HKEX;UR888.CZCE;MEE888.HKEX;HG888.COMEX;eb888.DCE;a9888.DCE;ZC888.CBOT;FG888.CZCE;rr888.DCE;j9888.DCE;SM888.CZCE;bu888.SHFE;ag888.SHFE;PAI888.HKEX;b9888.DCE;ZM888.CBOT;br888.SHFE;AP888.CZCE;bb888.DCE;SI888.COMEX;pd888.GFEX;CHH888.HKEX;pg888.DCE;CUS888.HKEX;SH888.CZCE;sc888.INE;ZS888.CBOT;QC888.COMEX;fb888.DCE;OI888.CZCE;MVI888.HKEX;ru888.SHFE;BRN888.ICE;RTY888.CME;HHI888.HKEX;SR888.CZCE;y9888.DCE;MCH888.HKEX;HSI888.HKEX;sn888.SHFE;SAS888.CBOT;PIC888.HKEX;MPC888.HKEX;pp888.DCE;MAK888.HKEX;au888.SHFE;MHK888.HKEX;MPS888.HKEX;T9888.CFFEX;ALB888.HKEX;IH888.CFFEX;lc888.GFEX;IC888.CFFEX;MYM888.CBOT;FEM888.HKEX;TS888.CFFEX;MMA888.HKEX;TA888.CZCE;lh888.DCE;6M888.CME;MPJ888.HKEX;W9888.ICE;ZT888.CBOT;NK888.SGX;ao888.SHFE;MGC888.COMEX;GF888.CME;c9888.DCE;MND888.HKEX;6L888.CME;MWN888.HKEX;JR888.CZCE;BZ888.NYMEX;MDN888.HKEX;zn888.SHFE;UHO888.ICE;NTE888.HKEX;CIN888.HKEX;PM888.CZCE;KU888.SGX;HKB888.HKEX;CAU888.HKEX;MEL888.HKEX;RC888.ICE;bc888.INE;ss888.SHFE;ni888.SHFE;al888.SHFE;EMN888.HKEX;jm888.DCE;C9888.ICE;A50888.HKEX;jd888.DCE;NIY888.CME;UIN888.HKEX;TL888.CFFEX;HO888.NYMEX;ec888.INE;XC888.CBOT;wr888.SHFE;MEI888.HKEX;CNH888.CME;CSA888.HKEX;SF888.CZCE;XK888.CBOT;DX888.ICE;GWM888.HKEX;HEX888.HKEX;HE888.CME;AMC888.HKEX;SGP888.SGX;FEF888.SGX;MJU888.HKEX;MES888.CME;eg888.DCE;6C888.CME;TWR888.HKEX;CPC888.HKEX;ZN888.CBOT;si888.GFEX;6E888.CME;MAC888.HKEX;ZW888.CBOT;WH888.CZCE;PL888.CZCE;LBR888.CME;RI888.CZCE;QM888.NYMEX;6S888.CME;CC888.ICE;CMB888.HKEX;TCH888.HKEX;TWN888.SGX;SA888.CZCE;HTI888.HKEX;ad888.SHFE;BUD888.HKEX;MTD888.HKEX;MSN888.HKEX;MIU888.HKEX;CF888.CZCE;CL888.NYMEX;LR888.CZCE;TF888.SGX;ES888.CME;OJ888.ICE;CN888.SGX;UC888.SGX;CJP888.HKEX; 
2026-07-08 16:28:40,350 [DEBUG] Event ,setName 
2026-07-08 16:28:40,410 [DEBUG] DCAPI ICETradeProxy stop begin 
2026-07-08 16:28:40,413 [DEBUG] DCAPI ICETradeProxy stop end 
2026-07-08 16:28:40,413 [DEBUG] DCAPI ICETradeSimuProxy stop begin 
2026-07-08 16:28:40,414 [DEBUG] DCAPI ICETradeSimuProxy stop end 
2026-07-08 16:28:40,414 [DEBUG] DCAPI ICEBaseProxy stop begin 
2026-07-08 16:28:40,414 [DEBUG] DCAPI IceDataProxy stop begin 
2026-07-08 16:28:40,415 [DEBUG] DCAPI IceDataProxy stop end ret=OK@ 
2026-07-08 16:28:40,416 [DEBUG] DCAPI ICEBaseProxy stop end 
2026-07-08 16:28:40,416 [DEBUG] DCAPI ICEAuthenProxy stop begin 
2026-07-08 16:28:40,418 [DEBUG] DCAPI release ice,destory communicator start 
2026-07-08 16:28:40,419 [INFO ] DCAPI connect tbquantdc success 
2026-07-08 16:28:40,421 [INFO ] DCAPI QuoteHisDispatcher stop begin 
2026-07-08 16:28:40,421 [INFO ] DCAPI QuoteHisDispatcher stop end 
2026-07-08 16:28:40,421 [INFO ] DCAPI QuoteRealDispatcher stop begin 
2026-07-08 16:28:40,421 [INFO ] DCAPI QuoteRealDispatcher stop end 
2026-07-08 16:28:40,421 [INFO ] DCAPI DataHisDispatcher stop begin 
2026-07-08 16:28:40,421 [INFO ] DCAPI DataHisDispatcher stop end 
2026-07-08 16:28:40,421 [INFO ] DCAPI DataRealDispatcher stop begin 
2026-07-08 16:28:40,421 [INFO ] DCAPI DataRealDispatcher stop end 
2026-07-08 16:28:40,421 [INFO ] DCAPI CommonDispatcher stop begin 
2026-07-08 16:28:40,421 [INFO ] DCAPI CommonDispatcher stop end 
2026-07-08 16:28:40,421 [DEBUG] DCAPI release ice,destory communicator success 
2026-07-08 16:28:40,421 [INFO ] DCAPI tbdcapi user=,sessionid=1,login out! 
2026-07-08 16:28:40,421 [DEBUG] DCAPI ICEAuthenProxy stop end 
2026-07-08 16:28:52,062 [INFO ] TBCommon GetFileVersionInfoSize fail,moduleName:TBCommon  
2026-07-08 16:28:52,063 [WARN ] TBPY parser_version_str rootPath=D:\software\tb,version= 
2026-07-08 16:28:52,063 [DEBUG] AuthAgent createService,jsonParam=[{"serviceName":"AuthenService","dllPath":"C:\\Users\\Administrator\\AppData\\Local\\Programs\\Python\\Python312\\Lib\\site-packages\\tbpy\\TBDataCenterAPI.dll","procName":"createAuthenService","parameter":{"online":true}},{"serviceName":"BaseService","dllPath":"C:\\Users\\Administrator\\AppData\\Local\\Programs\\Python\\Python312\\Lib\\site-packages\\tbpy\\TBDataCenterAPI.dll","procName":"createBaseService","parameter":{"online":true}},{"serviceName":"TradeService","dllPath":"C:\\Users\\Administrator\\AppData\\Local\\Programs\\Python\\Python312\\Lib\\site-packages\\tbpy\\TBDataCenterAPI.dll","procName":"createTradeService","parameter":{"online":true}},{"serviceName":"TradeSimuService","dllPath":"C:\\Users\\Administrator\\AppData\\Local\\Programs\\Python\\Python312\\Lib\\site-packages\\tbpy\\TBDataCenterAPI.dll","procName":"createTradeSimuService","parameter":{"online":true}}] 
2026-07-08 16:28:52,066 [INFO ] BaseService HolidayCache construct  
2026-07-08 16:28:52,066 [TRACE] TBCommon TradingDayCache construct 
2026-07-08 16:28:52,066 [INFO ] DCAPI QuoteHisDispatcher construct 
2026-07-08 16:28:52,066 [INFO ] DCAPI QuoteRealDispatcher construct 
2026-07-08 16:28:52,066 [INFO ] DCAPI DataHisDispatcher construct 
2026-07-08 16:28:52,066 [INFO ] DCAPI DataRealDispatcher construct 
2026-07-08 16:28:52,066 [DEBUG] AuthAgent InitService start service begin 
2026-07-08 16:28:52,066 [DEBUG] DCAPI ICEServiceManager init option=0,port= 
2026-07-08 16:28:52,066 [DEBUG] DCAPI init ice,start create communicator 
2026-07-08 16:28:52,068 [DEBUG] DCAPI createCommunicator use default config 
2026-07-08 16:28:52,084 [TRACE] DCAPI shm_info,shm=DSOFTWARETBSHM,mtx=DSOFTWARETBSHMTBPROCESSMTX,endpoint=tcp -h 127.0.0.1 -p 13831 
2026-07-08 16:28:52,085 [INFO ] DCAPI QuoteHisDispatcher start begin 
2026-07-08 16:28:52,085 [INFO ] DCAPI QuoteHisDispatcher start end 
2026-07-08 16:28:52,085 [INFO ] DCAPI QuoteRealDispatcher start begin 
2026-07-08 16:28:52,085 [INFO ] DCAPI QuoteRealDispatcher start end 
2026-07-08 16:28:52,085 [INFO ] DCAPI DataHisDispatcher start begin 
2026-07-08 16:28:52,085 [INFO ] DCAPI DataHisDispatcher start end 
2026-07-08 16:28:52,085 [INFO ] DCAPI DataRealDispatcher start begin 
2026-07-08 16:28:52,086 [INFO ] DCAPI DataRealDispatcher start end 
2026-07-08 16:28:52,086 [INFO ] DCAPI CommonDispatcher construct 
2026-07-08 16:28:52,086 [INFO ] DCAPI CommonDispatcher start begin 
2026-07-08 16:28:52,086 [INFO ] DCAPI CommonDispatcher start end 
2026-07-08 16:28:52,086 [DEBUG] DCAPI init ice,create communicator success 
2026-07-08 16:28:52,087 [INFO ] DCAPI connect tbquantdc success 
2026-07-08 16:28:52,089 [DEBUG] DCAPI ICEAuthenProxy start 
2026-07-08 16:28:52,089 [DEBUG] AuthAgent InitService start service end 
2026-07-08 16:28:52,089 [DEBUG] AuthAgent InitService end 
2026-07-08 16:28:52,089 [DEBUG] AuthAgent Login start 
2026-07-08 16:28:52,089 [DEBUG] AuthAgent Login get host begin 
2026-07-08 16:28:52,175 [TRACE] DCAPI 获取本机mac地址成功, mac:0C5B8F279A648F279A64 
2026-07-08 16:28:52,175 [DEBUG] AuthAgent Login get host end 
2026-07-08 16:28:52,175 [DEBUG] DCAPI ICEAuthenProxy login start 
2026-07-08 16:28:52,175 [INFO ] DCAPI try lock process mutex success,mutex key:1tcp-h127001-p13831 
2026-07-08 16:28:52,175 [INFO ] DCAPI 【softversion】,versionNo=3.12.3,softType=Standard,platformType=TBPYPY 
2026-07-08 16:28:52,177 [INFO ] DCAPI tbdcapi user=,sessionid=1,login success! 
2026-07-08 16:28:52,178 [DEBUG] DCAPI ICEAuthenProxy login end 
2026-07-08 16:28:52,183 [DEBUG] AuthAgent Login end 
2026-07-08 16:28:52,187 [DEBUG] DCAPI start IceDataProxy, ret=OK@ 
2026-07-08 16:28:52,187 [DEBUG] DCAPI ICETradeSimuProxy start begin 
2026-07-08 16:28:52,188 [DEBUG] DCAPI ICETradeSimuProxy start end,OK@ 
2026-07-08 16:28:52,372 [DEBUG] BaseService initBase initConfig,size=3,OK@ 
2026-07-08 16:28:52,372 [DEBUG] BaseService initBase initConfig,SimuIgnoreDelayMs=3000 
2026-07-08 16:28:52,372 [DEBUG] BaseService initBase initConfig,SimuMatchDelayMs=3000 
2026-07-08 16:28:52,372 [DEBUG] BaseService initBase initConfig,SimuLimitCancelCNT=500 
2026-07-08 16:28:52,372 [DEBUG] BaseService initBase=OK@,initMarket=OK@,initCategory=OK@,initExchange=OK@,lastBase=000002367EDDC250,nowBase=000002367EDDBD50 
2026-07-08 16:28:52,372 [DEBUG] BaseService Market,UnknownMarket,0,,category=UnknownCategory|Bonds|Funds,exchange=UnknownExchange 
2026-07-08 16:28:52,372 [DEBUG] BaseService Market,CHNFuture,1,期货,category=Futures|Options,exchange=SHFE|DCE|CZCE|CFFEX|INE|TBFT|GFEXEX 
2026-07-08 16:28:52,372 [DEBUG] BaseService Market,CHNStock,2,股票,category=Stocks,exchange=SSE|SZSE|TBST|OTCF|BSESE 
2026-07-08 16:28:52,372 [DEBUG] BaseService Market,CHNOptions,4,期权,category=,exchange=e= 
2026-07-08 16:28:52,372 [DEBUG] BaseService Market,GlobalMarket,8,国外期货,category=ForeignFutures,exchange=CBOT|CME|NYBOT|NYMEX|SGX|TOCOM|KRX|LME|ICE|EUREX|LIFFE|BMD|SFE|TFEX|COMEX|APEX|DME|JPX|ECBOT|IPE|WORLDINDEXNDEX 
2026-07-08 16:28:52,372 [DEBUG] BaseService Market,GlobalStockMarket,16,国外证券,category=ForeignStocks,exchange=HKEX|NYSE|NASDAQ|OSE|OSE 
2026-07-08 16:28:52,372 [DEBUG] BaseService Market,CHNSpot,32,现货,category=SpotTrans,exchange=BOCE|SGEGE 
2026-07-08 16:28:52,372 [DEBUG] BaseService Market,Forexs,64,外汇,category=Forexs,exchange=FOREXEX 
2026-07-08 16:28:52,372 [DEBUG] BaseService Market,TBNews,128,资讯,category=,exchange=e= 
2026-07-08 16:28:52,372 [DEBUG] BaseService Market,CHNStockSnap,256,查询快照,category=,exchange=nge= 
2026-07-08 16:28:52,372 [DEBUG] BaseService Market,MobileMonitor,512,移动监控,category=,exchange=nge= 
2026-07-08 16:28:52,372 [DEBUG] BaseService Category,UnknownCategory,-1,未知,market=UnknownMarket,exchange=UnknownExchangege 
2026-07-08 16:28:52,372 [DEBUG] BaseService Category,Stocks,0,股票,market=CHNStock,exchange=SSE|SZSE|TBST|OTCF|BSESE 
2026-07-08 16:28:52,372 [DEBUG] BaseService Category,Futures,1,期货,market=CHNFuture,exchange=SHFE|DCE|CZCE|CFFEX|INE|TBFT|GFEXEX 
2026-07-08 16:28:52,372 [DEBUG] BaseService Category,Forexs,2,外汇,market=Forexs,exchange=FOREXEX 
2026-07-08 16:28:52,372 [DEBUG] BaseService Category,Bonds,3,债券,market=UnknownMarket,exchange=e= 
2026-07-08 16:28:52,372 [DEBUG] BaseService Category,Funds,4,基金,market=UnknownMarket,exchange=e= 
2026-07-08 16:28:52,372 [DEBUG] BaseService Category,Options,5,期权,market=CHNFuture,exchange=SHFE|DCE|CZCE|CFFEX|INE|SSE|SZSE|BSE|GFEXEX 
2026-07-08 16:28:52,372 [DEBUG] BaseService Category,SpotTrans,6,现货,market=CHNSpot,exchange=BOCE|SGEGE 
2026-07-08 16:28:52,372 [DEBUG] BaseService Category,ForeignFutures,7,外盘期货,market=GlobalMarket,exchange=CBOT|CME|NYBOT|NYMEX|HKEX|SGX|TOCOM|KRX|LME|ICE|EUREX|LIFFE|BMD|SFE|TFEX|COMEX|APEX|DME|JPX|ECBOT|IPE|WORLDINDEXNDEX 
2026-07-08 16:28:52,372 [DEBUG] BaseService Category,ForeignStocks,8,外盘股票,market=GlobalStockMarket,exchange=HKEX|NYSE|NASDAQ|OSE|OSE 
2026-07-08 16:28:52,372 [DEBUG] BaseService Exchange,UnknownExchange,-1,未知,market=UnknownMarketet 
2026-07-08 16:28:52,372 [DEBUG] BaseService Exchange,SHFE,0,上海期货交易所,market=CHNFutureNFuture 
2026-07-08 16:28:52,372 [DEBUG] BaseService Exchange,DCE,1,大连商品交易所,market=CHNFutureNFuture 
2026-07-08 16:28:52,372 [DEBUG] BaseService Exchange,CZCE,2,郑州商品交易所,market=CHNFutureNFuture 
2026-07-08 16:28:52,372 [DEBUG] BaseService Exchange,CFFEX,3,中国金融期货交易所,market=CHNFutureCHNFuture 
2026-07-08 16:28:52,372 [DEBUG] BaseService Exchange,INE,4,上海国际能源交易中心,market=CHNFuture=CHNFuture 
2026-07-08 16:28:52,372 [DEBUG] BaseService Exchange,SSE,5,上海证券交易所,market=CHNStockHNStock 
2026-07-08 16:28:52,372 [DEBUG] BaseService Exchange,SZSE,6,深圳证券交易所,market=CHNStockHNStock 
2026-07-08 16:28:52,372 [DEBUG] BaseService Exchange,BOCE,7,渤海商品交易所,market=CHNSpotCHNSpot 
2026-07-08 16:28:52,372 [DEBUG] BaseService Exchange,SGE,8,上海黄金交易所,market=CHNSpotCHNSpot 
2026-07-08 16:28:52,372 [DEBUG] BaseService Exchange,CBOT,9,芝加哥期货交易所,market=GlobalMarketalMarket 
2026-07-08 16:28:52,372 [DEBUG] BaseService Exchange,CME,10,芝加哥商业交易所,market=GlobalMarketalMarket 
2026-07-08 16:28:52,372 [DEBUG] BaseService Exchange,NYBOT,11,纽约期货交易所,market=GlobalMarketlMarket 
2026-07-08 16:28:52,372 [DEBUG] BaseService Exchange,NYMEX,12,纽约商业期货交易所,market=GlobalMarketbalMarket 
2026-07-08 16:28:52,372 [DEBUG] BaseService Exchange,HKEX,13,香港交易所,market=GlobalStockMarketarket 
2026-07-08 16:28:52,372 [DEBUG] BaseService Exchange,SGX,14,新加坡交易所,market=GlobalMarketMarket 
2026-07-08 16:28:52,372 [DEBUG] BaseService Exchange,TOCOM,15,东京商品交易所,market=GlobalMarketlMarket 
2026-07-08 16:28:52,372 [DEBUG] BaseService Exchange,KRX,16,韩国证券期货交易所,market=GlobalMarketbalMarket 
2026-07-08 16:28:52,372 [DEBUG] BaseService Exchange,LME,17,伦敦金属交易所,market=GlobalMarketlMarket 
2026-07-08 16:28:52,372 [DEBUG] BaseService Exchange,ICE,18,洲际交易所,market=GlobalMarketarket 
2026-07-08 16:28:52,372 [DEBUG] BaseService Exchange,EUREX,19,欧洲期货交易所,market=GlobalMarketlMarket 
2026-07-08 16:28:52,372 [DEBUG] BaseService Exchange,LIFFE,20,伦敦国际金融交易所,market=GlobalMarketbalMarket 
2026-07-08 16:28:52,372 [DEBUG] BaseService Exchange,BMD,21,马来西亚交易所,market=GlobalMarketlMarket 
2026-07-08 16:28:52,372 [DEBUG] BaseService Exchange,SFE,22,悉尼期货交易所,market=GlobalMarketlMarket 
2026-07-08 16:28:52,372 [DEBUG] BaseService Exchange,TFEX,23,泰国期货交易所,market=GlobalMarketlMarket 
2026-07-08 16:28:52,372 [DEBUG] BaseService Exchange,NYSE,24,纽约证券交易所,market=GlobalStockMarketkMarket 
2026-07-08 16:28:52,372 [DEBUG] BaseService Exchange,NASDAQ,25,纳斯达克,market=GlobalStockMarketrket 
2026-07-08 16:28:52,372 [DEBUG] BaseService Exchange,FOREX,26,外汇市场,market=Forexsrexs 
2026-07-08 16:28:52,372 [DEBUG] BaseService Exchange,COMEX,27,纽约金属交易所,market=GlobalMarketlMarket 
2026-07-08 16:28:52,372 [DEBUG] BaseService Exchange,APEX,28,新加坡亚太交易所,market=GlobalMarketalMarket 
2026-07-08 16:28:52,372 [DEBUG] BaseService Exchange,DME,29,迪拜商品交易所,market=GlobalMarketlMarket 
2026-07-08 16:28:52,372 [DEBUG] BaseService Exchange,JPX,30,日本交易所集团,market=GlobalMarketlMarket 
2026-07-08 16:28:52,372 [DEBUG] BaseService Exchange,ECBOT,31,芝加哥电子商品交易所,market=GlobalMarketobalMarket 
2026-07-08 16:28:52,372 [DEBUG] BaseService Exchange,IPE,32,伦敦国际石油交易所,market=GlobalMarketbalMarket 
2026-07-08 16:28:52,372 [DEBUG] BaseService Exchange,OSE,33,大阪证券交易所,market=GlobalStockMarketkMarket 
2026-07-08 16:28:52,372 [DEBUG] BaseService Exchange,WORLDINDEX,34,全球指数,market=GlobalMarketrket 
2026-07-08 16:28:52,372 [DEBUG] BaseService Exchange,TBFT,35,开拓者期货指数,market=CHNFutureNFuture 
2026-07-08 16:28:52,372 [DEBUG] BaseService Exchange,TBST,36,开拓者证券指数,market=CHNStockHNStock 
2026-07-08 16:28:52,372 [DEBUG] BaseService Exchange,OTCF,37,场外基金,market=CHNStocktock 
2026-07-08 16:28:52,372 [DEBUG] BaseService Exchange,BSE,38,北京证券交易所,market=CHNStockHNStock 
2026-07-08 16:28:52,372 [DEBUG] BaseService Exchange,GFEX,39,广州期货交易所,market=CHNFutureNFuture 
2026-07-08 16:28:52,479 [INFO ] BaseService HolidayCache construct  
2026-07-08 16:28:52,506 [TRACE] TBCommon TradingDayCache construct 
2026-07-08 16:28:52,637 [DEBUG] TBCommon RelativeSymbolCache init,srcSize=355,cacheMapSize=355,mainMapSize=6831,sndMainMapSize=4111 
2026-07-08 16:28:54,794 [DEBUG] TBCommon resetCodePropByRule crb=Futures, CodeProperties size=116514 
2026-07-08 16:28:54,794 [DEBUG] TBCommon resetCodePropByBigCate begin category=Futures, CodeProperties size=116514 
2026-07-08 16:28:54,794 [DEBUG] TBCommon CodePropertyCache clearPropByBigCate bigcate= 1,exchsize=7,exchs=SHFE;DCE;CZCE;CFFEX;INE;TBFT;GFEX; 
2026-07-08 16:28:54,998 [DEBUG] TBCommon CodePropertyCache genTimePeriodsCodes, codeEx=pfcode.SHFE,ret=OK@,dealTimesV2=|21:00-02:30;09:00-11:30;13:00-15:15;||||| 
2026-07-08 16:28:54,998 [DEBUG] TBCommon resetCodePropByBigCate end category=Futures 
2026-07-08 16:28:54,998 [DEBUG] TBCommon  TradingDayCache refreshCodeInfo:Futures 
2026-07-08 16:28:55,012 [DEBUG] TBCommon  TradingDayCache refreshCodeInfo:Futures 
2026-07-08 16:28:55,012 [DEBUG] TBCommon  TradingDayCache refreshCodeInfo:Stocks 
2026-07-08 16:28:55,012 [DEBUG] TBCommon  TradingDayCache refreshCodeInfo:Options 
2026-07-08 16:28:55,012 [DEBUG] TBCommon  TradingDayCache refreshCodeInfo:ForeignFutures 
2026-07-08 16:28:55,016 [TRACE] TBCommon CodePropertyCache getSpecialCodeIDs type=次连类型,size=88,codes=ad777.SHFE;i9777.DCE;PL777.CZCE;CF777.CZCE;LR777.CZCE;pb777.SHFE;RI777.CZCE;au777.SHFE;jm777.DCE;ec777.INE;op777.SHFE;WH777.CZCE;hc777.SHFE;lc777.GFEX;UR777.CZCE;ni777.SHFE;fb777.DCE;SH777.CZCE;eg777.DCE;pt777.GFEX;bb777.DCE;ss777.SHFE;HFE;p9777.DCE;jd777.DCE;rb777.SHFE;ru777.SHFE;SA777.CZCE;IM777.CFFEX;eb777.DCE;IH777.CFFEX;SF777.CZCE;AP777.CZCE;c9777.DCE;rr777.DCE;bz777.DCE;ps777.GFEX;TL777.CFFEX;SM777.CZCE;TA777.CZCE;IF777.CFFEX;PF777.CZCE;IC777.CFFEX;sp777.SHFE;lh777.DCE;CJ777.CZCE;zn777.SHFE;RM777.CZCE;lg777.DCE;a9777.DCE;PR777.CZCE;si777.GFEX;PM777.CZCE;cu777.SHFE;v9777.DCE;PX777.CZCE;MA777.CZCE;RS777.CZCE;m9777.DCE;fu777.SHFE;JR777.CZCE;TS777.CFFEX;PK777.CZCE;lu777.INE;b9777.DCE;TF777.CFFEX;l9777.DCE;pd777.GFEX;y9777.DCE;OI777.CZCE;FG777.CZCE;T9777.CFFEX;pg777.DCE;pp777.DCE;br777.SHFE;j9777.DCE;al777.SHFE;cs777.DCE;sn777.SHFE;wr777.SHFE;bu777.SHFE;nr777.INE;SR777.CZCE;ZC777.CZCE;CY777.CZCE;sc777.INE;bc777.INE;ag777.SHFE;ao777.SHFE; 
2026-07-08 16:28:55,105 [TRACE] TBCommon CodePropertyCache getSpecialCodeIDs type=连续类型,size=244,codes=SR3888.CME;ZC888.CZCE;cu888.SHFE;QG888.NYMEX;MHI888.HKEX;MTN888.HKEX;SB888.ICE;MGN888.HKEX;lu888.INE;PK888.CZCE;PF888.CZCE;6J888.CME;LE888.CME;CNC888.HKEX;FEQ888.HKEX;MXC888.HKEX;NG888.NYMEX;CY888.CZCE;NKD888.CME;CCC888.HKEX;ZR888.CBOTCBOT;YM888.CBOT;PR888.CZCE;T9888.ICE;sp888.SHFE;m9888.DCE;RB888.NYMEX;ALI888.COMEX;6B888.CME;l9888.DCE;rb888.SHFE;MIN888.HKEX;CJ888.CZCE;i9888.DCE;pb888.SHFE;MNZ888.HKEX;MMN888.HKEX;bz888.DCE;CHT888.HKEX;MET888.HKEX;TN888.CBOT;IF888.CFFEX;ZL888.CBOT;MCA888.HKEX;KE888.CBOT;NQ888.CME;TF888.CFFEX;IU888.SGX;ICB888.HKEX;lg888.DCE;JDC888.HKEX;CEU888.HKEX;v9888.DCE;EAN888.HKEX;ZB888.CBOT;MPN888.HKEX;SIL888.COMEX;CTC888.HKEX;cs888.DCE;GC888.COMEX;QO888.COMEX;MNQ888.CME;CLI888.HKEX;hc888.SHFE;MVN888.HKEX;ZF888.CBOT;nr888.INE;XW888.CBOT;MCL888.NYMEX;BOC888.HKEX;PL888.NYMEX;QI888.COMEX;RM888.CZCE;PA888.NYMEX;p9888.DCE;MAN888.HKEX;MIA888.HKEX;CCB888.HKEX;MA888.CZCE;KC888.ICE;fu888.SHFE;PEC888.HKEX;pt888.GFEX;RS888.CZCE;PX888.CZCE;M2K888.CME;CT888.ICE;6N888.CME;GAS888.ICE;ps888.GFEX;ZO888.CBOT;op888.SHFE;IM888.CFFEX;6A888.CME;MTW888.HKEX;MXK888.HKEX;UR888.CZCE;MEE888.HKEX;HG888.COMEX;eb888.DCE;a9888.DCE;ZC888.CBOT;FG888.CZCE;rr888.DCE;j9888.DCE;SM888.CZCE;bu888.SHFE;ag888.SHFE;PAI888.HKEX;b9888.DCE;ZM888.CBOT;br888.SHFE;AP888.CZCE;bb888.DCE;SI888.COMEX;pd888.GFEX;CHH888.HKEX;pg888.DCE;CUS888.HKEX;SH888.CZCE;sc888.INE;ZS888.CBOT;QC888.COMEX;fb888.DCE;OI888.CZCE;MVI888.HKEX;ru888.SHFE;BRN888.ICE;RTY888.CME;HHI888.HKEX;SR888.CZCE;y9888.DCE;MCH888.HKEX;HSI888.HKEX;sn888.SHFE;SAS888.CBOT;PIC888.HKEX;MPC888.HKEX;pp888.DCE;MAK888.HKEX;au888.SHFE;MHK888.HKEX;MPS888.HKEX;T9888.CFFEX;ALB888.HKEX;IH888.CFFEX;lc888.GFEX;IC888.CFFEX;MYM888.CBOT;FEM888.HKEX;TS888.CFFEX;MMA888.HKEX;TA888.CZCE;lh888.DCE;6M888.CME;MPJ888.HKEX;W9888.ICE;ZT888.CBOT;NK888.SGX;ao888.SHFE;MGC888.COMEX;GF888.CME;c9888.DCE;MND888.HKEX;6L888.CME;MWN888.HKEX;JR888.CZCE;BZ888.NYMEX;MDN888.HKEX;zn888.SHFE;UHO888.ICE;NTE888.HKEX;CIN888.HKEX;PM888.CZCE;KU888.SGX;HKB888.HKEX;CAU888.HKEX;MEL888.HKEX;RC888.ICE;bc888.INE;ss888.SHFE;ni888.SHFE;al888.SHFE;EMN888.HKEX;jm888.DCE;C9888.ICE;A50888.HKEX;jd888.DCE;NIY888.CME;UIN888.HKEX;TL888.CFFEX;HO888.NYMEX;ec888.INE;XC888.CBOT;wr888.SHFE;MEI888.HKEX;CNH888.CME;CSA888.HKEX;SF888.CZCE;XK888.CBOT;DX888.ICE;GWM888.HKEX;HEX888.HKEX;HE888.CME;AMC888.HKEX;SGP888.SGX;FEF888.SGX;MJU888.HKEX;MES888.CME;eg888.DCE;6C888.CME;TWR888.HKEX;CPC888.HKEX;ZN888.CBOT;si888.GFEX;6E888.CME;MAC888.HKEX;ZW888.CBOT;WH888.CZCE;PL888.CZCE;LBR888.CME;RI888.CZCE;QM888.NYMEX;6S888.CME;CC888.ICE;CMB888.HKEX;TCH888.HKEX;TWN888.SGX;SA888.CZCE;HTI888.HKEX;ad888.SHFE;BUD888.HKEX;MTD888.HKEX;MSN888.HKEX;MIU888.HKEX;CF888.CZCE;CL888.NYMEX;LR888.CZCE;TF888.SGX;ES888.CME;OJ888.ICE;CN888.SGX;UC888.SGX;CJP888.HKEX; 
2026-07-08 16:28:55,154 [DEBUG] Event ,setName 
2026-07-08 16:28:55,163 [DEBUG] DCAPI ICETradeProxy stop begin 
2026-07-08 16:28:55,165 [DEBUG] DCAPI ICETradeProxy stop end 
2026-07-08 16:28:55,165 [DEBUG] DCAPI ICETradeSimuProxy stop begin 
2026-07-08 16:28:55,166 [DEBUG] DCAPI ICETradeSimuProxy stop end 
2026-07-08 16:28:55,166 [DEBUG] DCAPI ICEBaseProxy stop begin 
2026-07-08 16:28:55,166 [DEBUG] DCAPI IceDataProxy stop begin 
2026-07-08 16:28:55,166 [DEBUG] DCAPI IceDataProxy stop end ret=OK@ 
2026-07-08 16:28:55,167 [DEBUG] DCAPI ICEBaseProxy stop end 
2026-07-08 16:28:55,167 [DEBUG] DCAPI ICEAuthenProxy stop begin 
2026-07-08 16:28:55,168 [DEBUG] DCAPI release ice,destory communicator start 
2026-07-08 16:28:55,168 [INFO ] DCAPI connect tbquantdc success 
2026-07-08 16:28:55,169 [INFO ] DCAPI QuoteHisDispatcher stop begin 
2026-07-08 16:28:55,170 [INFO ] DCAPI QuoteHisDispatcher stop end 
2026-07-08 16:28:55,170 [INFO ] DCAPI QuoteRealDispatcher stop begin 
2026-07-08 16:28:55,170 [INFO ] DCAPI QuoteRealDispatcher stop end 
2026-07-08 16:28:55,170 [INFO ] DCAPI DataHisDispatcher stop begin 
2026-07-08 16:28:55,170 [INFO ] DCAPI DataHisDispatcher stop end 
2026-07-08 16:28:55,170 [INFO ] DCAPI DataRealDispatcher stop begin 
2026-07-08 16:28:55,170 [INFO ] DCAPI DataRealDispatcher stop end 
2026-07-08 16:28:55,170 [INFO ] DCAPI CommonDispatcher stop begin 
2026-07-08 16:28:55,170 [INFO ] DCAPI CommonDispatcher stop end 
2026-07-08 16:28:55,170 [DEBUG] DCAPI release ice,destory communicator success 
2026-07-08 16:28:55,170 [INFO ] DCAPI tbdcapi user=,sessionid=1,login out! 
2026-07-08 16:28:55,170 [DEBUG] DCAPI ICEAuthenProxy stop end 
2026-07-08 16:29:09,542 [INFO ] TBCommon GetFileVersionInfoSize fail,moduleName:TBCommon  
2026-07-08 16:29:09,542 [WARN ] TBPY parser_version_str rootPath=D:\software\tb,version= 
2026-07-08 16:29:09,542 [DEBUG] AuthAgent createService,jsonParam=[{"serviceName":"AuthenService","dllPath":"C:\\Users\\Administrator\\AppData\\Local\\Programs\\Python\\Python312\\Lib\\site-packages\\tbpy\\TBDataCenterAPI.dll","procName":"createAuthenService","parameter":{"online":true}},{"serviceName":"BaseService","dllPath":"C:\\Users\\Administrator\\AppData\\Local\\Programs\\Python\\Python312\\Lib\\site-packages\\tbpy\\TBDataCenterAPI.dll","procName":"createBaseService","parameter":{"online":true}},{"serviceName":"TradeService","dllPath":"C:\\Users\\Administrator\\AppData\\Local\\Programs\\Python\\Python312\\Lib\\site-packages\\tbpy\\TBDataCenterAPI.dll","procName":"createTradeService","parameter":{"online":true}},{"serviceName":"TradeSimuService","dllPath":"C:\\Users\\Administrator\\AppData\\Local\\Programs\\Python\\Python312\\Lib\\site-packages\\tbpy\\TBDataCenterAPI.dll","procName":"createTradeSimuService","parameter":{"online":true}}] 
2026-07-08 16:29:09,545 [INFO ] BaseService HolidayCache construct  
2026-07-08 16:29:09,545 [TRACE] TBCommon TradingDayCache construct 
2026-07-08 16:29:09,545 [INFO ] DCAPI QuoteHisDispatcher construct 
2026-07-08 16:29:09,545 [INFO ] DCAPI QuoteRealDispatcher construct 
2026-07-08 16:29:09,545 [INFO ] DCAPI DataHisDispatcher construct 
2026-07-08 16:29:09,545 [INFO ] DCAPI DataRealDispatcher construct 
2026-07-08 16:29:09,545 [DEBUG] AuthAgent InitService start service begin 
2026-07-08 16:29:09,545 [DEBUG] DCAPI ICEServiceManager init option=0,port= 
2026-07-08 16:29:09,545 [DEBUG] DCAPI init ice,start create communicator 
2026-07-08 16:29:09,546 [DEBUG] DCAPI createCommunicator use default config 
2026-07-08 16:29:09,566 [TRACE] DCAPI shm_info,shm=DSOFTWARETBSHM,mtx=DSOFTWARETBSHMTBPROCESSMTX,endpoint=tcp -h 127.0.0.1 -p 13831 
2026-07-08 16:29:09,571 [INFO ] DCAPI QuoteHisDispatcher start begin 
2026-07-08 16:29:09,571 [INFO ] DCAPI QuoteHisDispatcher start end 
2026-07-08 16:29:09,571 [INFO ] DCAPI QuoteRealDispatcher start begin 
2026-07-08 16:29:09,571 [INFO ] DCAPI QuoteRealDispatcher start end 
2026-07-08 16:29:09,571 [INFO ] DCAPI DataHisDispatcher start begin 
2026-07-08 16:29:09,571 [INFO ] DCAPI DataHisDispatcher start end 
2026-07-08 16:29:09,571 [INFO ] DCAPI DataRealDispatcher start begin 
2026-07-08 16:29:09,571 [INFO ] DCAPI DataRealDispatcher start end 
2026-07-08 16:29:09,571 [INFO ] DCAPI CommonDispatcher construct 
2026-07-08 16:29:09,571 [INFO ] DCAPI CommonDispatcher start begin 
2026-07-08 16:29:09,571 [INFO ] DCAPI CommonDispatcher start end 
2026-07-08 16:29:09,571 [DEBUG] DCAPI init ice,create communicator success 
2026-07-08 16:29:09,573 [INFO ] DCAPI connect tbquantdc success 
2026-07-08 16:29:09,575 [DEBUG] DCAPI ICEAuthenProxy start 
2026-07-08 16:29:09,575 [DEBUG] AuthAgent InitService start service end 
2026-07-08 16:29:09,575 [DEBUG] AuthAgent InitService end 
2026-07-08 16:29:09,575 [DEBUG] AuthAgent Login start 
2026-07-08 16:29:09,575 [DEBUG] AuthAgent Login get host begin 
2026-07-08 16:29:09,719 [TRACE] DCAPI 获取本机mac地址成功, mac:0C5B8F279A648F279A64 
2026-07-08 16:29:09,719 [DEBUG] AuthAgent Login get host end 
2026-07-08 16:29:09,719 [DEBUG] DCAPI ICEAuthenProxy login start 
2026-07-08 16:29:09,719 [INFO ] DCAPI try lock process mutex success,mutex key:1tcp-h127001-p13831 
2026-07-08 16:29:09,719 [INFO ] DCAPI 【softversion】,versionNo=3.12.3,softType=Standard,platformType=TBPYPY 
2026-07-08 16:29:09,721 [INFO ] DCAPI tbdcapi user=,sessionid=1,login success! 
2026-07-08 16:29:09,722 [DEBUG] DCAPI ICEAuthenProxy login end 
2026-07-08 16:29:09,725 [DEBUG] AuthAgent Login end 
2026-07-08 16:29:09,727 [DEBUG] DCAPI start IceDataProxy, ret=OK@ 
2026-07-08 16:29:09,727 [DEBUG] DCAPI ICETradeSimuProxy start begin 
2026-07-08 16:29:09,728 [DEBUG] DCAPI ICETradeSimuProxy start end,OK@ 
2026-07-08 16:29:09,929 [DEBUG] BaseService initBase initConfig,size=3,OK@ 
2026-07-08 16:29:09,929 [DEBUG] BaseService initBase initConfig,SimuIgnoreDelayMs=3000 
2026-07-08 16:29:09,929 [DEBUG] BaseService initBase initConfig,SimuMatchDelayMs=3000 
2026-07-08 16:29:09,929 [DEBUG] BaseService initBase initConfig,SimuLimitCancelCNT=500 
2026-07-08 16:29:09,929 [DEBUG] BaseService initBase=OK@,initMarket=OK@,initCategory=OK@,initExchange=OK@,lastBase=0000018DA1028970,nowBase=0000018DC97358A0 
2026-07-08 16:29:09,929 [DEBUG] BaseService Market,UnknownMarket,0,,category=UnknownCategory|Bonds|Funds,exchange=UnknownExchange 
2026-07-08 16:29:09,929 [DEBUG] BaseService Market,CHNFuture,1,期货,category=Futures|Options,exchange=SHFE|DCE|CZCE|CFFEX|INE|TBFT|GFEXEX 
2026-07-08 16:29:09,929 [DEBUG] BaseService Market,CHNStock,2,股票,category=Stocks,exchange=SSE|SZSE|TBST|OTCF|BSESE 
2026-07-08 16:29:09,929 [DEBUG] BaseService Market,CHNOptions,4,期权,category=,exchange=e= 
2026-07-08 16:29:09,929 [DEBUG] BaseService Market,GlobalMarket,8,国外期货,category=ForeignFutures,exchange=CBOT|CME|NYBOT|NYMEX|SGX|TOCOM|KRX|LME|ICE|EUREX|LIFFE|BMD|SFE|TFEX|COMEX|APEX|DME|JPX|ECBOT|IPE|WORLDINDEXNDEX 
2026-07-08 16:29:09,929 [DEBUG] BaseService Market,GlobalStockMarket,16,国外证券,category=ForeignStocks,exchange=HKEX|NYSE|NASDAQ|OSE|OSE 
2026-07-08 16:29:09,929 [DEBUG] BaseService Market,CHNSpot,32,现货,category=SpotTrans,exchange=BOCE|SGEGE 
2026-07-08 16:29:09,929 [DEBUG] BaseService Market,Forexs,64,外汇,category=Forexs,exchange=FOREXEX 
2026-07-08 16:29:09,929 [DEBUG] BaseService Market,TBNews,128,资讯,category=,exchange=e= 
2026-07-08 16:29:09,929 [DEBUG] BaseService Market,CHNStockSnap,256,查询快照,category=,exchange=nge= 
2026-07-08 16:29:09,929 [DEBUG] BaseService Market,MobileMonitor,512,移动监控,category=,exchange=nge= 
2026-07-08 16:29:09,929 [DEBUG] BaseService Category,UnknownCategory,-1,未知,market=UnknownMarket,exchange=UnknownExchangege 
2026-07-08 16:29:09,929 [DEBUG] BaseService Category,Stocks,0,股票,market=CHNStock,exchange=SSE|SZSE|TBST|OTCF|BSESE 
2026-07-08 16:29:09,929 [DEBUG] BaseService Category,Futures,1,期货,market=CHNFuture,exchange=SHFE|DCE|CZCE|CFFEX|INE|TBFT|GFEXEX 
2026-07-08 16:29:09,929 [DEBUG] BaseService Category,Forexs,2,外汇,market=Forexs,exchange=FOREXEX 
2026-07-08 16:29:09,929 [DEBUG] BaseService Category,Bonds,3,债券,market=UnknownMarket,exchange=e= 
2026-07-08 16:29:09,929 [DEBUG] BaseService Category,Funds,4,基金,market=UnknownMarket,exchange=e= 
2026-07-08 16:29:09,929 [DEBUG] BaseService Category,Options,5,期权,market=CHNFuture,exchange=SHFE|DCE|CZCE|CFFEX|INE|SSE|SZSE|BSE|GFEXEX 
2026-07-08 16:29:09,929 [DEBUG] BaseService Category,SpotTrans,6,现货,market=CHNSpot,exchange=BOCE|SGEGE 
2026-07-08 16:29:09,929 [DEBUG] BaseService Category,ForeignFutures,7,外盘期货,market=GlobalMarket,exchange=CBOT|CME|NYBOT|NYMEX|HKEX|SGX|TOCOM|KRX|LME|ICE|EUREX|LIFFE|BMD|SFE|TFEX|COMEX|APEX|DME|JPX|ECBOT|IPE|WORLDINDEXNDEX 
2026-07-08 16:29:09,929 [DEBUG] BaseService Category,ForeignStocks,8,外盘股票,market=GlobalStockMarket,exchange=HKEX|NYSE|NASDAQ|OSE|OSE 
2026-07-08 16:29:09,929 [DEBUG] BaseService Exchange,UnknownExchange,-1,未知,market=UnknownMarketet 
2026-07-08 16:29:09,929 [DEBUG] BaseService Exchange,SHFE,0,上海期货交易所,market=CHNFutureNFuture 
2026-07-08 16:29:09,929 [DEBUG] BaseService Exchange,DCE,1,大连商品交易所,market=CHNFutureNFuture 
2026-07-08 16:29:09,930 [DEBUG] BaseService Exchange,CZCE,2,郑州商品交易所,market=CHNFutureNFuture 
2026-07-08 16:29:09,930 [DEBUG] BaseService Exchange,CFFEX,3,中国金融期货交易所,market=CHNFutureCHNFuture 
2026-07-08 16:29:09,930 [DEBUG] BaseService Exchange,INE,4,上海国际能源交易中心,market=CHNFuture=CHNFuture 
2026-07-08 16:29:09,930 [DEBUG] BaseService Exchange,SSE,5,上海证券交易所,market=CHNStockHNStock 
2026-07-08 16:29:09,930 [DEBUG] BaseService Exchange,SZSE,6,深圳证券交易所,market=CHNStockHNStock 
2026-07-08 16:29:09,930 [DEBUG] BaseService Exchange,BOCE,7,渤海商品交易所,market=CHNSpotCHNSpot 
2026-07-08 16:29:09,930 [DEBUG] BaseService Exchange,SGE,8,上海黄金交易所,market=CHNSpotCHNSpot 
2026-07-08 16:29:09,930 [DEBUG] BaseService Exchange,CBOT,9,芝加哥期货交易所,market=GlobalMarketalMarket 
2026-07-08 16:29:09,930 [DEBUG] BaseService Exchange,CME,10,芝加哥商业交易所,market=GlobalMarketalMarket 
2026-07-08 16:29:09,930 [DEBUG] BaseService Exchange,NYBOT,11,纽约期货交易所,market=GlobalMarketlMarket 
2026-07-08 16:29:09,930 [DEBUG] BaseService Exchange,NYMEX,12,纽约商业期货交易所,market=GlobalMarketbalMarket 
2026-07-08 16:29:09,930 [DEBUG] BaseService Exchange,HKEX,13,香港交易所,market=GlobalStockMarketarket 
2026-07-08 16:29:09,930 [DEBUG] BaseService Exchange,SGX,14,新加坡交易所,market=GlobalMarketMarket 
2026-07-08 16:29:09,930 [DEBUG] BaseService Exchange,TOCOM,15,东京商品交易所,market=GlobalMarketlMarket 
2026-07-08 16:29:09,930 [DEBUG] BaseService Exchange,KRX,16,韩国证券期货交易所,market=GlobalMarketbalMarket 
2026-07-08 16:29:09,930 [DEBUG] BaseService Exchange,LME,17,伦敦金属交易所,market=GlobalMarketlMarket 
2026-07-08 16:29:09,930 [DEBUG] BaseService Exchange,ICE,18,洲际交易所,market=GlobalMarketarket 
2026-07-08 16:29:09,930 [DEBUG] BaseService Exchange,EUREX,19,欧洲期货交易所,market=GlobalMarketlMarket 
2026-07-08 16:29:09,930 [DEBUG] BaseService Exchange,LIFFE,20,伦敦国际金融交易所,market=GlobalMarketbalMarket 
2026-07-08 16:29:09,930 [DEBUG] BaseService Exchange,BMD,21,马来西亚交易所,market=GlobalMarketlMarket 
2026-07-08 16:29:09,930 [DEBUG] BaseService Exchange,SFE,22,悉尼期货交易所,market=GlobalMarketlMarket 
2026-07-08 16:29:09,930 [DEBUG] BaseService Exchange,TFEX,23,泰国期货交易所,market=GlobalMarketlMarket 
2026-07-08 16:29:09,930 [DEBUG] BaseService Exchange,NYSE,24,纽约证券交易所,market=GlobalStockMarketkMarket 
2026-07-08 16:29:09,930 [DEBUG] BaseService Exchange,NASDAQ,25,纳斯达克,market=GlobalStockMarketrket 
2026-07-08 16:29:09,930 [DEBUG] BaseService Exchange,FOREX,26,外汇市场,market=Forexsrexs 
2026-07-08 16:29:09,930 [DEBUG] BaseService Exchange,COMEX,27,纽约金属交易所,market=GlobalMarketlMarket 
2026-07-08 16:29:09,930 [DEBUG] BaseService Exchange,APEX,28,新加坡亚太交易所,market=GlobalMarketalMarket 
2026-07-08 16:29:09,930 [DEBUG] BaseService Exchange,DME,29,迪拜商品交易所,market=GlobalMarketlMarket 
2026-07-08 16:29:09,930 [DEBUG] BaseService Exchange,JPX,30,日本交易所集团,market=GlobalMarketlMarket 
2026-07-08 16:29:09,930 [DEBUG] BaseService Exchange,ECBOT,31,芝加哥电子商品交易所,market=GlobalMarketobalMarket 
2026-07-08 16:29:09,930 [DEBUG] BaseService Exchange,IPE,32,伦敦国际石油交易所,market=GlobalMarketbalMarket 
2026-07-08 16:29:09,930 [DEBUG] BaseService Exchange,OSE,33,大阪证券交易所,market=GlobalStockMarketkMarket 
2026-07-08 16:29:09,930 [DEBUG] BaseService Exchange,WORLDINDEX,34,全球指数,market=GlobalMarketrket 
2026-07-08 16:29:09,930 [DEBUG] BaseService Exchange,TBFT,35,开拓者期货指数,market=CHNFutureNFuture 
2026-07-08 16:29:09,930 [DEBUG] BaseService Exchange,TBST,36,开拓者证券指数,market=CHNStockHNStock 
2026-07-08 16:29:09,930 [DEBUG] BaseService Exchange,OTCF,37,场外基金,market=CHNStocktock 
2026-07-08 16:29:09,930 [DEBUG] BaseService Exchange,BSE,38,北京证券交易所,market=CHNStockHNStock 
2026-07-08 16:29:09,930 [DEBUG] BaseService Exchange,GFEX,39,广州期货交易所,market=CHNFutureNFuture 
2026-07-08 16:29:10,060 [INFO ] BaseService HolidayCache construct  
2026-07-08 16:29:10,086 [TRACE] TBCommon TradingDayCache construct 
2026-07-08 16:29:10,219 [DEBUG] TBCommon RelativeSymbolCache init,srcSize=355,cacheMapSize=355,mainMapSize=6831,sndMainMapSize=4111 
2026-07-08 16:29:12,375 [DEBUG] TBCommon resetCodePropByRule crb=Futures, CodeProperties size=116514 
2026-07-08 16:29:12,375 [DEBUG] TBCommon resetCodePropByBigCate begin category=Futures, CodeProperties size=116514 
2026-07-08 16:29:12,375 [DEBUG] TBCommon CodePropertyCache clearPropByBigCate bigcate= 1,exchsize=7,exchs=SHFE;DCE;CZCE;CFFEX;INE;TBFT;GFEX; 
2026-07-08 16:29:12,573 [DEBUG] TBCommon CodePropertyCache genTimePeriodsCodes, codeEx=pfcode.SHFE,ret=OK@,dealTimesV2=|21:00-02:30;09:00-11:30;13:00-15:15;||||| 
2026-07-08 16:29:12,573 [DEBUG] TBCommon resetCodePropByBigCate end category=Futures 
2026-07-08 16:29:12,573 [DEBUG] TBCommon  TradingDayCache refreshCodeInfo:Futures 
2026-07-08 16:29:12,589 [DEBUG] TBCommon  TradingDayCache refreshCodeInfo:Futures 
2026-07-08 16:29:12,589 [DEBUG] TBCommon  TradingDayCache refreshCodeInfo:Stocks 
2026-07-08 16:29:12,589 [DEBUG] TBCommon  TradingDayCache refreshCodeInfo:Options 
2026-07-08 16:29:12,589 [DEBUG] TBCommon  TradingDayCache refreshCodeInfo:ForeignFutures 
2026-07-08 16:29:12,592 [TRACE] TBCommon CodePropertyCache getSpecialCodeIDs type=次连类型,size=88,codes=ad777.SHFE;i9777.DCE;PL777.CZCE;CF777.CZCE;LR777.CZCE;pb777.SHFE;RI777.CZCE;au777.SHFE;jm777.DCE;ec777.INE;op777.SHFE;WH777.CZCE;hc777.SHFE;lc777.GFEX;UR777.CZCE;ni777.SHFE;fb777.DCE;SH777.CZCE;eg777.DCE;pt777.GFEX;bb777.DCE;ss777.SHFE;HFE;p9777.DCE;jd777.DCE;rb777.SHFE;ru777.SHFE;SA777.CZCE;IM777.CFFEX;eb777.DCE;IH777.CFFEX;SF777.CZCE;AP777.CZCE;c9777.DCE;rr777.DCE;bz777.DCE;ps777.GFEX;TL777.CFFEX;SM777.CZCE;TA777.CZCE;IF777.CFFEX;PF777.CZCE;IC777.CFFEX;sp777.SHFE;lh777.DCE;CJ777.CZCE;zn777.SHFE;RM777.CZCE;lg777.DCE;a9777.DCE;PR777.CZCE;si777.GFEX;PM777.CZCE;cu777.SHFE;v9777.DCE;PX777.CZCE;MA777.CZCE;RS777.CZCE;m9777.DCE;fu777.SHFE;JR777.CZCE;TS777.CFFEX;PK777.CZCE;lu777.INE;b9777.DCE;TF777.CFFEX;l9777.DCE;pd777.GFEX;y9777.DCE;OI777.CZCE;FG777.CZCE;T9777.CFFEX;pg777.DCE;pp777.DCE;br777.SHFE;j9777.DCE;al777.SHFE;cs777.DCE;sn777.SHFE;wr777.SHFE;bu777.SHFE;nr777.INE;SR777.CZCE;ZC777.CZCE;CY777.CZCE;sc777.INE;bc777.INE;ag777.SHFE;ao777.SHFE; 
2026-07-08 16:29:12,656 [TRACE] TBCommon CodePropertyCache getSpecialCodeIDs type=连续类型,size=244,codes=SR3888.CME;ZC888.CZCE;cu888.SHFE;QG888.NYMEX;MHI888.HKEX;MTN888.HKEX;SB888.ICE;MGN888.HKEX;lu888.INE;PK888.CZCE;PF888.CZCE;6J888.CME;LE888.CME;CNC888.HKEX;FEQ888.HKEX;MXC888.HKEX;NG888.NYMEX;CY888.CZCE;NKD888.CME;CCC888.HKEX;ZR888.CBOTCBOT;YM888.CBOT;PR888.CZCE;T9888.ICE;sp888.SHFE;m9888.DCE;RB888.NYMEX;ALI888.COMEX;6B888.CME;l9888.DCE;rb888.SHFE;MIN888.HKEX;CJ888.CZCE;i9888.DCE;pb888.SHFE;MNZ888.HKEX;MMN888.HKEX;bz888.DCE;CHT888.HKEX;MET888.HKEX;TN888.CBOT;IF888.CFFEX;ZL888.CBOT;MCA888.HKEX;KE888.CBOT;NQ888.CME;TF888.CFFEX;IU888.SGX;ICB888.HKEX;lg888.DCE;JDC888.HKEX;CEU888.HKEX;v9888.DCE;EAN888.HKEX;ZB888.CBOT;MPN888.HKEX;SIL888.COMEX;CTC888.HKEX;cs888.DCE;GC888.COMEX;QO888.COMEX;MNQ888.CME;CLI888.HKEX;hc888.SHFE;MVN888.HKEX;ZF888.CBOT;nr888.INE;XW888.CBOT;MCL888.NYMEX;BOC888.HKEX;PL888.NYMEX;QI888.COMEX;RM888.CZCE;PA888.NYMEX;p9888.DCE;MAN888.HKEX;MIA888.HKEX;CCB888.HKEX;MA888.CZCE;KC888.ICE;fu888.SHFE;PEC888.HKEX;pt888.GFEX;RS888.CZCE;PX888.CZCE;M2K888.CME;CT888.ICE;6N888.CME;GAS888.ICE;ps888.GFEX;ZO888.CBOT;op888.SHFE;IM888.CFFEX;6A888.CME;MTW888.HKEX;MXK888.HKEX;UR888.CZCE;MEE888.HKEX;HG888.COMEX;eb888.DCE;a9888.DCE;ZC888.CBOT;FG888.CZCE;rr888.DCE;j9888.DCE;SM888.CZCE;bu888.SHFE;ag888.SHFE;PAI888.HKEX;b9888.DCE;ZM888.CBOT;br888.SHFE;AP888.CZCE;bb888.DCE;SI888.COMEX;pd888.GFEX;CHH888.HKEX;pg888.DCE;CUS888.HKEX;SH888.CZCE;sc888.INE;ZS888.CBOT;QC888.COMEX;fb888.DCE;OI888.CZCE;MVI888.HKEX;ru888.SHFE;BRN888.ICE;RTY888.CME;HHI888.HKEX;SR888.CZCE;y9888.DCE;MCH888.HKEX;HSI888.HKEX;sn888.SHFE;SAS888.CBOT;PIC888.HKEX;MPC888.HKEX;pp888.DCE;MAK888.HKEX;au888.SHFE;MHK888.HKEX;MPS888.HKEX;T9888.CFFEX;ALB888.HKEX;IH888.CFFEX;lc888.GFEX;IC888.CFFEX;MYM888.CBOT;FEM888.HKEX;TS888.CFFEX;MMA888.HKEX;TA888.CZCE;lh888.DCE;6M888.CME;MPJ888.HKEX;W9888.ICE;ZT888.CBOT;NK888.SGX;ao888.SHFE;MGC888.COMEX;GF888.CME;c9888.DCE;MND888.HKEX;6L888.CME;MWN888.HKEX;JR888.CZCE;BZ888.NYMEX;MDN888.HKEX;zn888.SHFE;UHO888.ICE;NTE888.HKEX;CIN888.HKEX;PM888.CZCE;KU888.SGX;HKB888.HKEX;CAU888.HKEX;MEL888.HKEX;RC888.ICE;bc888.INE;ss888.SHFE;ni888.SHFE;al888.SHFE;EMN888.HKEX;jm888.DCE;C9888.ICE;A50888.HKEX;jd888.DCE;NIY888.CME;UIN888.HKEX;TL888.CFFEX;HO888.NYMEX;ec888.INE;XC888.CBOT;wr888.SHFE;MEI888.HKEX;CNH888.CME;CSA888.HKEX;SF888.CZCE;XK888.CBOT;DX888.ICE;GWM888.HKEX;HEX888.HKEX;HE888.CME;AMC888.HKEX;SGP888.SGX;FEF888.SGX;MJU888.HKEX;MES888.CME;eg888.DCE;6C888.CME;TWR888.HKEX;CPC888.HKEX;ZN888.CBOT;si888.GFEX;6E888.CME;MAC888.HKEX;ZW888.CBOT;WH888.CZCE;PL888.CZCE;LBR888.CME;RI888.CZCE;QM888.NYMEX;6S888.CME;CC888.ICE;CMB888.HKEX;TCH888.HKEX;TWN888.SGX;SA888.CZCE;HTI888.HKEX;ad888.SHFE;BUD888.HKEX;MTD888.HKEX;MSN888.HKEX;MIU888.HKEX;CF888.CZCE;CL888.NYMEX;LR888.CZCE;TF888.SGX;ES888.CME;OJ888.ICE;CN888.SGX;UC888.SGX;CJP888.HKEX; 
2026-07-08 16:29:12,724 [DEBUG] Event ,setName 
2026-07-08 16:29:13,033 [DEBUG] DCAPI ICETradeProxy stop begin 
2026-07-08 16:29:13,036 [DEBUG] DCAPI ICETradeProxy stop end 
2026-07-08 16:29:13,037 [DEBUG] DCAPI ICETradeSimuProxy stop begin 
2026-07-08 16:29:13,037 [DEBUG] DCAPI ICETradeSimuProxy stop end 
2026-07-08 16:29:13,037 [DEBUG] DCAPI ICEBaseProxy stop begin 
2026-07-08 16:29:13,037 [DEBUG] DCAPI IceDataProxy stop begin 
2026-07-08 16:29:13,038 [DEBUG] DCAPI IceDataProxy stop end ret=OK@ 
2026-07-08 16:29:13,038 [DEBUG] DCAPI ICEBaseProxy stop end 
2026-07-08 16:29:13,038 [DEBUG] DCAPI ICEAuthenProxy stop begin 
2026-07-08 16:29:13,038 [DEBUG] DCAPI release ice,destory communicator start 
2026-07-08 16:29:13,039 [INFO ] DCAPI connect tbquantdc success 
2026-07-08 16:29:13,040 [INFO ] DCAPI QuoteHisDispatcher stop begin 
2026-07-08 16:29:13,040 [INFO ] DCAPI QuoteHisDispatcher stop end 
2026-07-08 16:29:13,040 [INFO ] DCAPI QuoteRealDispatcher stop begin 
2026-07-08 16:29:13,040 [INFO ] DCAPI QuoteRealDispatcher stop end 
2026-07-08 16:29:13,040 [INFO ] DCAPI DataHisDispatcher stop begin 
2026-07-08 16:29:13,040 [INFO ] DCAPI DataHisDispatcher stop end 
2026-07-08 16:29:13,040 [INFO ] DCAPI DataRealDispatcher stop begin 
2026-07-08 16:29:13,040 [INFO ] DCAPI DataRealDispatcher stop end 
2026-07-08 16:29:13,040 [INFO ] DCAPI CommonDispatcher stop begin 
2026-07-08 16:29:13,040 [INFO ] DCAPI CommonDispatcher stop end 
2026-07-08 16:29:13,040 [DEBUG] DCAPI release ice,destory communicator success 
2026-07-08 16:29:13,040 [INFO ] DCAPI tbdcapi user=,sessionid=1,login out! 
2026-07-08 16:29:13,040 [DEBUG] DCAPI ICEAuthenProxy stop end 
2026-07-08 16:29:24,379 [INFO ] TBCommon GetFileVersionInfoSize fail,moduleName:TBCommon  
2026-07-08 16:29:24,379 [WARN ] TBPY parser_version_str rootPath=D:\software\tb,version= 
2026-07-08 16:29:24,379 [DEBUG] AuthAgent createService,jsonParam=[{"serviceName":"AuthenService","dllPath":"C:\\Users\\Administrator\\AppData\\Local\\Programs\\Python\\Python312\\Lib\\site-packages\\tbpy\\TBDataCenterAPI.dll","procName":"createAuthenService","parameter":{"online":true}},{"serviceName":"BaseService","dllPath":"C:\\Users\\Administrator\\AppData\\Local\\Programs\\Python\\Python312\\Lib\\site-packages\\tbpy\\TBDataCenterAPI.dll","procName":"createBaseService","parameter":{"online":true}},{"serviceName":"TradeService","dllPath":"C:\\Users\\Administrator\\AppData\\Local\\Programs\\Python\\Python312\\Lib\\site-packages\\tbpy\\TBDataCenterAPI.dll","procName":"createTradeService","parameter":{"online":true}},{"serviceName":"TradeSimuService","dllPath":"C:\\Users\\Administrator\\AppData\\Local\\Programs\\Python\\Python312\\Lib\\site-packages\\tbpy\\TBDataCenterAPI.dll","procName":"createTradeSimuService","parameter":{"online":true}}] 
2026-07-08 16:29:24,382 [INFO ] BaseService HolidayCache construct  
2026-07-08 16:29:24,382 [TRACE] TBCommon TradingDayCache construct 
2026-07-08 16:29:24,382 [INFO ] DCAPI QuoteHisDispatcher construct 
2026-07-08 16:29:24,382 [INFO ] DCAPI QuoteRealDispatcher construct 
2026-07-08 16:29:24,382 [INFO ] DCAPI DataHisDispatcher construct 
2026-07-08 16:29:24,382 [INFO ] DCAPI DataRealDispatcher construct 
2026-07-08 16:29:24,383 [DEBUG] AuthAgent InitService start service begin 
2026-07-08 16:29:24,383 [DEBUG] DCAPI ICEServiceManager init option=0,port= 
2026-07-08 16:29:24,383 [DEBUG] DCAPI init ice,start create communicator 
2026-07-08 16:29:24,384 [DEBUG] DCAPI createCommunicator use default config 
2026-07-08 16:29:24,401 [TRACE] DCAPI shm_info,shm=DSOFTWARETBSHM,mtx=DSOFTWARETBSHMTBPROCESSMTX,endpoint=tcp -h 127.0.0.1 -p 13831 
2026-07-08 16:29:24,405 [INFO ] DCAPI QuoteHisDispatcher start begin 
2026-07-08 16:29:24,405 [INFO ] DCAPI QuoteHisDispatcher start end 
2026-07-08 16:29:24,405 [INFO ] DCAPI QuoteRealDispatcher start begin 
2026-07-08 16:29:24,405 [INFO ] DCAPI QuoteRealDispatcher start end 
2026-07-08 16:29:24,405 [INFO ] DCAPI DataHisDispatcher start begin 
2026-07-08 16:29:24,405 [INFO ] DCAPI DataHisDispatcher start end 
2026-07-08 16:29:24,405 [INFO ] DCAPI DataRealDispatcher start begin 
2026-07-08 16:29:24,405 [INFO ] DCAPI DataRealDispatcher start end 
2026-07-08 16:29:24,405 [INFO ] DCAPI CommonDispatcher construct 
2026-07-08 16:29:24,405 [INFO ] DCAPI CommonDispatcher start begin 
2026-07-08 16:29:24,405 [INFO ] DCAPI CommonDispatcher start end 
2026-07-08 16:29:24,405 [DEBUG] DCAPI init ice,create communicator success 
2026-07-08 16:29:24,407 [INFO ] DCAPI connect tbquantdc success 
2026-07-08 16:29:24,409 [DEBUG] DCAPI ICEAuthenProxy start 
2026-07-08 16:29:24,409 [DEBUG] AuthAgent InitService start service end 
2026-07-08 16:29:24,409 [DEBUG] AuthAgent InitService end 
2026-07-08 16:29:24,409 [DEBUG] AuthAgent Login start 
2026-07-08 16:29:24,409 [DEBUG] AuthAgent Login get host begin 
2026-07-08 16:29:24,488 [TRACE] DCAPI 获取本机mac地址成功, mac:0C5B8F279A648F279A64 
2026-07-08 16:29:24,488 [DEBUG] AuthAgent Login get host end 
2026-07-08 16:29:24,488 [DEBUG] DCAPI ICEAuthenProxy login start 
2026-07-08 16:29:24,488 [INFO ] DCAPI try lock process mutex success,mutex key:1tcp-h127001-p13831 
2026-07-08 16:29:24,488 [INFO ] DCAPI 【softversion】,versionNo=3.12.3,softType=Standard,platformType=TBPYPY 
2026-07-08 16:29:24,490 [INFO ] DCAPI tbdcapi user=,sessionid=1,login success! 
2026-07-08 16:29:24,492 [DEBUG] DCAPI ICEAuthenProxy login end 
2026-07-08 16:29:24,497 [DEBUG] AuthAgent Login end 
2026-07-08 16:29:24,500 [DEBUG] DCAPI start IceDataProxy, ret=OK@ 
2026-07-08 16:29:24,501 [DEBUG] DCAPI ICETradeSimuProxy start begin 
2026-07-08 16:29:24,502 [DEBUG] DCAPI ICETradeSimuProxy start end,OK@ 
2026-07-08 16:29:24,682 [DEBUG] BaseService initBase initConfig,size=3,OK@ 
2026-07-08 16:29:24,682 [DEBUG] BaseService initBase initConfig,SimuIgnoreDelayMs=3000 
2026-07-08 16:29:24,682 [DEBUG] BaseService initBase initConfig,SimuMatchDelayMs=3000 
2026-07-08 16:29:24,682 [DEBUG] BaseService initBase initConfig,SimuLimitCancelCNT=500 
2026-07-08 16:29:24,682 [DEBUG] BaseService initBase=OK@,initMarket=OK@,initCategory=OK@,initExchange=OK@,lastBase=000001A13F7F88F0,nowBase=000001A118F82E30 
2026-07-08 16:29:24,683 [DEBUG] BaseService Market,UnknownMarket,0,,category=UnknownCategory|Bonds|Funds,exchange=UnknownExchange 
2026-07-08 16:29:24,683 [DEBUG] BaseService Market,CHNFuture,1,期货,category=Futures|Options,exchange=SHFE|DCE|CZCE|CFFEX|INE|TBFT|GFEXEX 
2026-07-08 16:29:24,683 [DEBUG] BaseService Market,CHNStock,2,股票,category=Stocks,exchange=SSE|SZSE|TBST|OTCF|BSESE 
2026-07-08 16:29:24,683 [DEBUG] BaseService Market,CHNOptions,4,期权,category=,exchange=e= 
2026-07-08 16:29:24,683 [DEBUG] BaseService Market,GlobalMarket,8,国外期货,category=ForeignFutures,exchange=CBOT|CME|NYBOT|NYMEX|SGX|TOCOM|KRX|LME|ICE|EUREX|LIFFE|BMD|SFE|TFEX|COMEX|APEX|DME|JPX|ECBOT|IPE|WORLDINDEXNDEX 
2026-07-08 16:29:24,683 [DEBUG] BaseService Market,GlobalStockMarket,16,国外证券,category=ForeignStocks,exchange=HKEX|NYSE|NASDAQ|OSE|OSE 
2026-07-08 16:29:24,683 [DEBUG] BaseService Market,CHNSpot,32,现货,category=SpotTrans,exchange=BOCE|SGEGE 
2026-07-08 16:29:24,683 [DEBUG] BaseService Market,Forexs,64,外汇,category=Forexs,exchange=FOREXEX 
2026-07-08 16:29:24,683 [DEBUG] BaseService Market,TBNews,128,资讯,category=,exchange=e= 
2026-07-08 16:29:24,683 [DEBUG] BaseService Market,CHNStockSnap,256,查询快照,category=,exchange=nge= 
2026-07-08 16:29:24,683 [DEBUG] BaseService Market,MobileMonitor,512,移动监控,category=,exchange=nge= 
2026-07-08 16:29:24,683 [DEBUG] BaseService Category,UnknownCategory,-1,未知,market=UnknownMarket,exchange=UnknownExchangege 
2026-07-08 16:29:24,683 [DEBUG] BaseService Category,Stocks,0,股票,market=CHNStock,exchange=SSE|SZSE|TBST|OTCF|BSESE 
2026-07-08 16:29:24,683 [DEBUG] BaseService Category,Futures,1,期货,market=CHNFuture,exchange=SHFE|DCE|CZCE|CFFEX|INE|TBFT|GFEXEX 
2026-07-08 16:29:24,683 [DEBUG] BaseService Category,Forexs,2,外汇,market=Forexs,exchange=FOREXEX 
2026-07-08 16:29:24,683 [DEBUG] BaseService Category,Bonds,3,债券,market=UnknownMarket,exchange=e= 
2026-07-08 16:29:24,683 [DEBUG] BaseService Category,Funds,4,基金,market=UnknownMarket,exchange=e= 
2026-07-08 16:29:24,683 [DEBUG] BaseService Category,Options,5,期权,market=CHNFuture,exchange=SHFE|DCE|CZCE|CFFEX|INE|SSE|SZSE|BSE|GFEXEX 
2026-07-08 16:29:24,683 [DEBUG] BaseService Category,SpotTrans,6,现货,market=CHNSpot,exchange=BOCE|SGEGE 
2026-07-08 16:29:24,683 [DEBUG] BaseService Category,ForeignFutures,7,外盘期货,market=GlobalMarket,exchange=CBOT|CME|NYBOT|NYMEX|HKEX|SGX|TOCOM|KRX|LME|ICE|EUREX|LIFFE|BMD|SFE|TFEX|COMEX|APEX|DME|JPX|ECBOT|IPE|WORLDINDEXNDEX 
2026-07-08 16:29:24,683 [DEBUG] BaseService Category,ForeignStocks,8,外盘股票,market=GlobalStockMarket,exchange=HKEX|NYSE|NASDAQ|OSE|OSE 
2026-07-08 16:29:24,683 [DEBUG] BaseService Exchange,UnknownExchange,-1,未知,market=UnknownMarketet 
2026-07-08 16:29:24,683 [DEBUG] BaseService Exchange,SHFE,0,上海期货交易所,market=CHNFutureNFuture 
2026-07-08 16:29:24,683 [DEBUG] BaseService Exchange,DCE,1,大连商品交易所,market=CHNFutureNFuture 
2026-07-08 16:29:24,683 [DEBUG] BaseService Exchange,CZCE,2,郑州商品交易所,market=CHNFutureNFuture 
2026-07-08 16:29:24,683 [DEBUG] BaseService Exchange,CFFEX,3,中国金融期货交易所,market=CHNFutureCHNFuture 
2026-07-08 16:29:24,683 [DEBUG] BaseService Exchange,INE,4,上海国际能源交易中心,market=CHNFuture=CHNFuture 
2026-07-08 16:29:24,683 [DEBUG] BaseService Exchange,SSE,5,上海证券交易所,market=CHNStockHNStock 
2026-07-08 16:29:24,683 [DEBUG] BaseService Exchange,SZSE,6,深圳证券交易所,market=CHNStockHNStock 
2026-07-08 16:29:24,683 [DEBUG] BaseService Exchange,BOCE,7,渤海商品交易所,market=CHNSpotCHNSpot 
2026-07-08 16:29:24,683 [DEBUG] BaseService Exchange,SGE,8,上海黄金交易所,market=CHNSpotCHNSpot 
2026-07-08 16:29:24,683 [DEBUG] BaseService Exchange,CBOT,9,芝加哥期货交易所,market=GlobalMarketalMarket 
2026-07-08 16:29:24,683 [DEBUG] BaseService Exchange,CME,10,芝加哥商业交易所,market=GlobalMarketalMarket 
2026-07-08 16:29:24,683 [DEBUG] BaseService Exchange,NYBOT,11,纽约期货交易所,market=GlobalMarketlMarket 
2026-07-08 16:29:24,683 [DEBUG] BaseService Exchange,NYMEX,12,纽约商业期货交易所,market=GlobalMarketbalMarket 
2026-07-08 16:29:24,683 [DEBUG] BaseService Exchange,HKEX,13,香港交易所,market=GlobalStockMarketarket 
2026-07-08 16:29:24,683 [DEBUG] BaseService Exchange,SGX,14,新加坡交易所,market=GlobalMarketMarket 
2026-07-08 16:29:24,683 [DEBUG] BaseService Exchange,TOCOM,15,东京商品交易所,market=GlobalMarketlMarket 
2026-07-08 16:29:24,683 [DEBUG] BaseService Exchange,KRX,16,韩国证券期货交易所,market=GlobalMarketbalMarket 
2026-07-08 16:29:24,683 [DEBUG] BaseService Exchange,LME,17,伦敦金属交易所,market=GlobalMarketlMarket 
2026-07-08 16:29:24,683 [DEBUG] BaseService Exchange,ICE,18,洲际交易所,market=GlobalMarketarket 
2026-07-08 16:29:24,683 [DEBUG] BaseService Exchange,EUREX,19,欧洲期货交易所,market=GlobalMarketlMarket 
2026-07-08 16:29:24,683 [DEBUG] BaseService Exchange,LIFFE,20,伦敦国际金融交易所,market=GlobalMarketbalMarket 
2026-07-08 16:29:24,684 [DEBUG] BaseService Exchange,BMD,21,马来西亚交易所,market=GlobalMarketlMarket 
2026-07-08 16:29:24,684 [DEBUG] BaseService Exchange,SFE,22,悉尼期货交易所,market=GlobalMarketlMarket 
2026-07-08 16:29:24,684 [DEBUG] BaseService Exchange,TFEX,23,泰国期货交易所,market=GlobalMarketlMarket 
2026-07-08 16:29:24,684 [DEBUG] BaseService Exchange,NYSE,24,纽约证券交易所,market=GlobalStockMarketkMarket 
2026-07-08 16:29:24,684 [DEBUG] BaseService Exchange,NASDAQ,25,纳斯达克,market=GlobalStockMarketrket 
2026-07-08 16:29:24,684 [DEBUG] BaseService Exchange,FOREX,26,外汇市场,market=Forexsrexs 
2026-07-08 16:29:24,684 [DEBUG] BaseService Exchange,COMEX,27,纽约金属交易所,market=GlobalMarketlMarket 
2026-07-08 16:29:24,684 [DEBUG] BaseService Exchange,APEX,28,新加坡亚太交易所,market=GlobalMarketalMarket 
2026-07-08 16:29:24,684 [DEBUG] BaseService Exchange,DME,29,迪拜商品交易所,market=GlobalMarketlMarket 
2026-07-08 16:29:24,684 [DEBUG] BaseService Exchange,JPX,30,日本交易所集团,market=GlobalMarketlMarket 
2026-07-08 16:29:24,684 [DEBUG] BaseService Exchange,ECBOT,31,芝加哥电子商品交易所,market=GlobalMarketobalMarket 
2026-07-08 16:29:24,684 [DEBUG] BaseService Exchange,IPE,32,伦敦国际石油交易所,market=GlobalMarketbalMarket 
2026-07-08 16:29:24,684 [DEBUG] BaseService Exchange,OSE,33,大阪证券交易所,market=GlobalStockMarketkMarket 
2026-07-08 16:29:24,684 [DEBUG] BaseService Exchange,WORLDINDEX,34,全球指数,market=GlobalMarketrket 
2026-07-08 16:29:24,684 [DEBUG] BaseService Exchange,TBFT,35,开拓者期货指数,market=CHNFutureNFuture 
2026-07-08 16:29:24,684 [DEBUG] BaseService Exchange,TBST,36,开拓者证券指数,market=CHNStockHNStock 
2026-07-08 16:29:24,684 [DEBUG] BaseService Exchange,OTCF,37,场外基金,market=CHNStocktock 
2026-07-08 16:29:24,684 [DEBUG] BaseService Exchange,BSE,38,北京证券交易所,market=CHNStockHNStock 
2026-07-08 16:29:24,684 [DEBUG] BaseService Exchange,GFEX,39,广州期货交易所,market=CHNFutureNFuture 
2026-07-08 16:29:24,789 [INFO ] BaseService HolidayCache construct  
2026-07-08 16:29:24,815 [TRACE] TBCommon TradingDayCache construct 
2026-07-08 16:29:24,931 [DEBUG] TBCommon RelativeSymbolCache init,srcSize=355,cacheMapSize=355,mainMapSize=6831,sndMainMapSize=4111 
2026-07-08 16:29:27,236 [DEBUG] TBCommon resetCodePropByRule crb=Futures, CodeProperties size=116514 
2026-07-08 16:29:27,236 [DEBUG] TBCommon resetCodePropByBigCate begin category=Futures, CodeProperties size=116514 
2026-07-08 16:29:27,236 [DEBUG] TBCommon CodePropertyCache clearPropByBigCate bigcate= 1,exchsize=7,exchs=SHFE;DCE;CZCE;CFFEX;INE;TBFT;GFEX; 
2026-07-08 16:29:27,432 [DEBUG] TBCommon CodePropertyCache genTimePeriodsCodes, codeEx=pfcode.SHFE,ret=OK@,dealTimesV2=|21:00-02:30;09:00-11:30;13:00-15:15;||||| 
2026-07-08 16:29:27,433 [DEBUG] TBCommon resetCodePropByBigCate end category=Futures 
2026-07-08 16:29:27,433 [DEBUG] TBCommon  TradingDayCache refreshCodeInfo:Futures 
2026-07-08 16:29:27,446 [DEBUG] TBCommon  TradingDayCache refreshCodeInfo:Futures 
2026-07-08 16:29:27,446 [DEBUG] TBCommon  TradingDayCache refreshCodeInfo:Stocks 
2026-07-08 16:29:27,446 [DEBUG] TBCommon  TradingDayCache refreshCodeInfo:Options 
2026-07-08 16:29:27,447 [DEBUG] TBCommon  TradingDayCache refreshCodeInfo:ForeignFutures 
2026-07-08 16:29:27,450 [TRACE] TBCommon CodePropertyCache getSpecialCodeIDs type=次连类型,size=88,codes=ad777.SHFE;i9777.DCE;PL777.CZCE;CF777.CZCE;LR777.CZCE;pb777.SHFE;RI777.CZCE;au777.SHFE;jm777.DCE;ec777.INE;op777.SHFE;WH777.CZCE;hc777.SHFE;lc777.GFEX;UR777.CZCE;ni777.SHFE;fb777.DCE;SH777.CZCE;eg777.DCE;pt777.GFEX;bb777.DCE;ss777.SHFE;HFE;p9777.DCE;jd777.DCE;rb777.SHFE;ru777.SHFE;SA777.CZCE;IM777.CFFEX;eb777.DCE;IH777.CFFEX;SF777.CZCE;AP777.CZCE;c9777.DCE;rr777.DCE;bz777.DCE;ps777.GFEX;TL777.CFFEX;SM777.CZCE;TA777.CZCE;IF777.CFFEX;PF777.CZCE;IC777.CFFEX;sp777.SHFE;lh777.DCE;CJ777.CZCE;zn777.SHFE;RM777.CZCE;lg777.DCE;a9777.DCE;PR777.CZCE;si777.GFEX;PM777.CZCE;cu777.SHFE;v9777.DCE;PX777.CZCE;MA777.CZCE;RS777.CZCE;m9777.DCE;fu777.SHFE;JR777.CZCE;TS777.CFFEX;PK777.CZCE;lu777.INE;b9777.DCE;TF777.CFFEX;l9777.DCE;pd777.GFEX;y9777.DCE;OI777.CZCE;FG777.CZCE;T9777.CFFEX;pg777.DCE;pp777.DCE;br777.SHFE;j9777.DCE;al777.SHFE;cs777.DCE;sn777.SHFE;wr777.SHFE;bu777.SHFE;nr777.INE;SR777.CZCE;ZC777.CZCE;CY777.CZCE;sc777.INE;bc777.INE;ag777.SHFE;ao777.SHFE; 
2026-07-08 16:29:27,511 [TRACE] TBCommon CodePropertyCache getSpecialCodeIDs type=连续类型,size=244,codes=SR3888.CME;ZC888.CZCE;cu888.SHFE;QG888.NYMEX;MHI888.HKEX;MTN888.HKEX;SB888.ICE;MGN888.HKEX;lu888.INE;PK888.CZCE;PF888.CZCE;6J888.CME;LE888.CME;CNC888.HKEX;FEQ888.HKEX;MXC888.HKEX;NG888.NYMEX;CY888.CZCE;NKD888.CME;CCC888.HKEX;ZR888.CBOTCBOT;YM888.CBOT;PR888.CZCE;T9888.ICE;sp888.SHFE;m9888.DCE;RB888.NYMEX;ALI888.COMEX;6B888.CME;l9888.DCE;rb888.SHFE;MIN888.HKEX;CJ888.CZCE;i9888.DCE;pb888.SHFE;MNZ888.HKEX;MMN888.HKEX;bz888.DCE;CHT888.HKEX;MET888.HKEX;TN888.CBOT;IF888.CFFEX;ZL888.CBOT;MCA888.HKEX;KE888.CBOT;NQ888.CME;TF888.CFFEX;IU888.SGX;ICB888.HKEX;lg888.DCE;JDC888.HKEX;CEU888.HKEX;v9888.DCE;EAN888.HKEX;ZB888.CBOT;MPN888.HKEX;SIL888.COMEX;CTC888.HKEX;cs888.DCE;GC888.COMEX;QO888.COMEX;MNQ888.CME;CLI888.HKEX;hc888.SHFE;MVN888.HKEX;ZF888.CBOT;nr888.INE;XW888.CBOT;MCL888.NYMEX;BOC888.HKEX;PL888.NYMEX;QI888.COMEX;RM888.CZCE;PA888.NYMEX;p9888.DCE;MAN888.HKEX;MIA888.HKEX;CCB888.HKEX;MA888.CZCE;KC888.ICE;fu888.SHFE;PEC888.HKEX;pt888.GFEX;RS888.CZCE;PX888.CZCE;M2K888.CME;CT888.ICE;6N888.CME;GAS888.ICE;ps888.GFEX;ZO888.CBOT;op888.SHFE;IM888.CFFEX;6A888.CME;MTW888.HKEX;MXK888.HKEX;UR888.CZCE;MEE888.HKEX;HG888.COMEX;eb888.DCE;a9888.DCE;ZC888.CBOT;FG888.CZCE;rr888.DCE;j9888.DCE;SM888.CZCE;bu888.SHFE;ag888.SHFE;PAI888.HKEX;b9888.DCE;ZM888.CBOT;br888.SHFE;AP888.CZCE;bb888.DCE;SI888.COMEX;pd888.GFEX;CHH888.HKEX;pg888.DCE;CUS888.HKEX;SH888.CZCE;sc888.INE;ZS888.CBOT;QC888.COMEX;fb888.DCE;OI888.CZCE;MVI888.HKEX;ru888.SHFE;BRN888.ICE;RTY888.CME;HHI888.HKEX;SR888.CZCE;y9888.DCE;MCH888.HKEX;HSI888.HKEX;sn888.SHFE;SAS888.CBOT;PIC888.HKEX;MPC888.HKEX;pp888.DCE;MAK888.HKEX;au888.SHFE;MHK888.HKEX;MPS888.HKEX;T9888.CFFEX;ALB888.HKEX;IH888.CFFEX;lc888.GFEX;IC888.CFFEX;MYM888.CBOT;FEM888.HKEX;TS888.CFFEX;MMA888.HKEX;TA888.CZCE;lh888.DCE;6M888.CME;MPJ888.HKEX;W9888.ICE;ZT888.CBOT;NK888.SGX;ao888.SHFE;MGC888.COMEX;GF888.CME;c9888.DCE;MND888.HKEX;6L888.CME;MWN888.HKEX;JR888.CZCE;BZ888.NYMEX;MDN888.HKEX;zn888.SHFE;UHO888.ICE;NTE888.HKEX;CIN888.HKEX;PM888.CZCE;KU888.SGX;HKB888.HKEX;CAU888.HKEX;MEL888.HKEX;RC888.ICE;bc888.INE;ss888.SHFE;ni888.SHFE;al888.SHFE;EMN888.HKEX;jm888.DCE;C9888.ICE;A50888.HKEX;jd888.DCE;NIY888.CME;UIN888.HKEX;TL888.CFFEX;HO888.NYMEX;ec888.INE;XC888.CBOT;wr888.SHFE;MEI888.HKEX;CNH888.CME;CSA888.HKEX;SF888.CZCE;XK888.CBOT;DX888.ICE;GWM888.HKEX;HEX888.HKEX;HE888.CME;AMC888.HKEX;SGP888.SGX;FEF888.SGX;MJU888.HKEX;MES888.CME;eg888.DCE;6C888.CME;TWR888.HKEX;CPC888.HKEX;ZN888.CBOT;si888.GFEX;6E888.CME;MAC888.HKEX;ZW888.CBOT;WH888.CZCE;PL888.CZCE;LBR888.CME;RI888.CZCE;QM888.NYMEX;6S888.CME;CC888.ICE;CMB888.HKEX;TCH888.HKEX;TWN888.SGX;SA888.CZCE;HTI888.HKEX;ad888.SHFE;BUD888.HKEX;MTD888.HKEX;MSN888.HKEX;MIU888.HKEX;CF888.CZCE;CL888.NYMEX;LR888.CZCE;TF888.SGX;ES888.CME;OJ888.ICE;CN888.SGX;UC888.SGX;CJP888.HKEX; 
2026-07-08 16:29:27,562 [DEBUG] Event ,setName 
2026-07-08 16:29:27,574 [DEBUG] DCAPI ICETradeProxy stop begin 
2026-07-08 16:29:27,576 [DEBUG] DCAPI ICETradeProxy stop end 
2026-07-08 16:29:27,576 [DEBUG] DCAPI ICETradeSimuProxy stop begin 
2026-07-08 16:29:27,576 [DEBUG] DCAPI ICETradeSimuProxy stop end 
2026-07-08 16:29:27,576 [DEBUG] DCAPI ICEBaseProxy stop begin 
2026-07-08 16:29:27,576 [DEBUG] DCAPI IceDataProxy stop begin 
2026-07-08 16:29:27,577 [DEBUG] DCAPI IceDataProxy stop end ret=OK@ 
2026-07-08 16:29:27,577 [DEBUG] DCAPI ICEBaseProxy stop end 
2026-07-08 16:29:27,577 [DEBUG] DCAPI ICEAuthenProxy stop begin 
2026-07-08 16:29:27,577 [DEBUG] DCAPI release ice,destory communicator start 
2026-07-08 16:29:27,578 [INFO ] DCAPI connect tbquantdc success 
2026-07-08 16:29:27,579 [INFO ] DCAPI QuoteHisDispatcher stop begin 
2026-07-08 16:29:27,579 [INFO ] DCAPI QuoteHisDispatcher stop end 
2026-07-08 16:29:27,579 [INFO ] DCAPI QuoteRealDispatcher stop begin 
2026-07-08 16:29:27,579 [INFO ] DCAPI QuoteRealDispatcher stop end 
2026-07-08 16:29:27,579 [INFO ] DCAPI DataHisDispatcher stop begin 
2026-07-08 16:29:27,579 [INFO ] DCAPI DataHisDispatcher stop end 
2026-07-08 16:29:27,579 [INFO ] DCAPI DataRealDispatcher stop begin 
2026-07-08 16:29:27,579 [INFO ] DCAPI DataRealDispatcher stop end 
2026-07-08 16:29:27,579 [INFO ] DCAPI CommonDispatcher stop begin 
2026-07-08 16:29:27,579 [INFO ] DCAPI CommonDispatcher stop end 
2026-07-08 16:29:27,579 [DEBUG] DCAPI release ice,destory communicator success 
2026-07-08 16:29:27,579 [INFO ] DCAPI tbdcapi user=,sessionid=1,login out! 
2026-07-08 16:29:27,579 [DEBUG] DCAPI ICEAuthenProxy stop end 
2026-07-08 16:30:07,741 [INFO ] TBCommon GetFileVersionInfoSize fail,moduleName:TBCommon  
2026-07-08 16:30:07,741 [WARN ] TBPY parser_version_str rootPath=D:\software\tb,version= 
2026-07-08 16:30:07,742 [DEBUG] AuthAgent createService,jsonParam=[{"serviceName":"AuthenService","dllPath":"C:\\Users\\Administrator\\AppData\\Local\\Programs\\Python\\Python312\\Lib\\site-packages\\tbpy\\TBDataCenterAPI.dll","procName":"createAuthenService","parameter":{"online":true}},{"serviceName":"BaseService","dllPath":"C:\\Users\\Administrator\\AppData\\Local\\Programs\\Python\\Python312\\Lib\\site-packages\\tbpy\\TBDataCenterAPI.dll","procName":"createBaseService","parameter":{"online":true}},{"serviceName":"TradeService","dllPath":"C:\\Users\\Administrator\\AppData\\Local\\Programs\\Python\\Python312\\Lib\\site-packages\\tbpy\\TBDataCenterAPI.dll","procName":"createTradeService","parameter":{"online":true}},{"serviceName":"TradeSimuService","dllPath":"C:\\Users\\Administrator\\AppData\\Local\\Programs\\Python\\Python312\\Lib\\site-packages\\tbpy\\TBDataCenterAPI.dll","procName":"createTradeSimuService","parameter":{"online":true}}] 
2026-07-08 16:30:07,745 [INFO ] BaseService HolidayCache construct  
2026-07-08 16:30:07,745 [TRACE] TBCommon TradingDayCache construct 
2026-07-08 16:30:07,745 [INFO ] DCAPI QuoteHisDispatcher construct 
2026-07-08 16:30:07,745 [INFO ] DCAPI QuoteRealDispatcher construct 
2026-07-08 16:30:07,745 [INFO ] DCAPI DataHisDispatcher construct 
2026-07-08 16:30:07,745 [INFO ] DCAPI DataRealDispatcher construct 
2026-07-08 16:30:07,745 [DEBUG] AuthAgent InitService start service begin 
2026-07-08 16:30:07,745 [DEBUG] DCAPI ICEServiceManager init option=0,port= 
2026-07-08 16:30:07,745 [DEBUG] DCAPI init ice,start create communicator 
2026-07-08 16:30:07,746 [DEBUG] DCAPI createCommunicator use default config 
2026-07-08 16:30:07,766 [TRACE] DCAPI shm_info,shm=DSOFTWARETBSHM,mtx=DSOFTWARETBSHMTBPROCESSMTX,endpoint=tcp -h 127.0.0.1 -p 13831 
2026-07-08 16:30:07,770 [INFO ] DCAPI QuoteHisDispatcher start begin 
2026-07-08 16:30:07,770 [INFO ] DCAPI QuoteHisDispatcher start end 
2026-07-08 16:30:07,770 [INFO ] DCAPI QuoteRealDispatcher start begin 
2026-07-08 16:30:07,770 [INFO ] DCAPI QuoteRealDispatcher start end 
2026-07-08 16:30:07,770 [INFO ] DCAPI DataHisDispatcher start begin 
2026-07-08 16:30:07,770 [INFO ] DCAPI DataHisDispatcher start end 
2026-07-08 16:30:07,770 [INFO ] DCAPI DataRealDispatcher start begin 
2026-07-08 16:30:07,770 [INFO ] DCAPI DataRealDispatcher start end 
2026-07-08 16:30:07,770 [INFO ] DCAPI CommonDispatcher construct 
2026-07-08 16:30:07,770 [INFO ] DCAPI CommonDispatcher start begin 
2026-07-08 16:30:07,770 [INFO ] DCAPI CommonDispatcher start end 
2026-07-08 16:30:07,770 [DEBUG] DCAPI init ice,create communicator success 
2026-07-08 16:30:07,772 [INFO ] DCAPI connect tbquantdc success 
2026-07-08 16:30:07,774 [DEBUG] DCAPI ICEAuthenProxy start 
2026-07-08 16:30:07,774 [DEBUG] AuthAgent InitService start service end 
2026-07-08 16:30:07,774 [DEBUG] AuthAgent InitService end 
2026-07-08 16:30:07,774 [DEBUG] AuthAgent Login start 
2026-07-08 16:30:07,774 [DEBUG] AuthAgent Login get host begin 
2026-07-08 16:30:07,838 [TRACE] DCAPI 获取本机mac地址成功, mac:0C5B8F279A648F279A64 
2026-07-08 16:30:07,838 [DEBUG] AuthAgent Login get host end 
2026-07-08 16:30:07,838 [DEBUG] DCAPI ICEAuthenProxy login start 
2026-07-08 16:30:07,838 [INFO ] DCAPI try lock process mutex success,mutex key:1tcp-h127001-p13831 
2026-07-08 16:30:07,838 [INFO ] DCAPI 【softversion】,versionNo=3.12.3,softType=Standard,platformType=TBPYPY 
2026-07-08 16:30:07,839 [INFO ] DCAPI tbdcapi user=,sessionid=1,login success! 
2026-07-08 16:30:07,839 [DEBUG] DCAPI ICEAuthenProxy login end 
2026-07-08 16:30:07,841 [DEBUG] AuthAgent Login end 
2026-07-08 16:30:07,842 [DEBUG] DCAPI start IceDataProxy, ret=OK@ 
2026-07-08 16:30:07,843 [DEBUG] DCAPI ICETradeSimuProxy start begin 
2026-07-08 16:30:07,843 [DEBUG] DCAPI ICETradeSimuProxy start end,OK@ 
2026-07-08 16:30:08,039 [DEBUG] BaseService initBase initConfig,size=3,OK@ 
2026-07-08 16:30:08,039 [DEBUG] BaseService initBase initConfig,SimuIgnoreDelayMs=3000 
2026-07-08 16:30:08,039 [DEBUG] BaseService initBase initConfig,SimuMatchDelayMs=3000 
2026-07-08 16:30:08,039 [DEBUG] BaseService initBase initConfig,SimuLimitCancelCNT=500 
2026-07-08 16:30:08,039 [DEBUG] BaseService initBase=OK@,initMarket=OK@,initCategory=OK@,initExchange=OK@,lastBase=000002361B5E1920,nowBase=0000023641CAEFF0 
2026-07-08 16:30:08,039 [DEBUG] BaseService Market,UnknownMarket,0,,category=UnknownCategory|Bonds|Funds,exchange=UnknownExchange 
2026-07-08 16:30:08,039 [DEBUG] BaseService Market,CHNFuture,1,期货,category=Futures|Options,exchange=SHFE|DCE|CZCE|CFFEX|INE|TBFT|GFEXEX 
2026-07-08 16:30:08,039 [DEBUG] BaseService Market,CHNStock,2,股票,category=Stocks,exchange=SSE|SZSE|TBST|OTCF|BSESE 
2026-07-08 16:30:08,039 [DEBUG] BaseService Market,CHNOptions,4,期权,category=,exchange=e= 
2026-07-08 16:30:08,039 [DEBUG] BaseService Market,GlobalMarket,8,国外期货,category=ForeignFutures,exchange=CBOT|CME|NYBOT|NYMEX|SGX|TOCOM|KRX|LME|ICE|EUREX|LIFFE|BMD|SFE|TFEX|COMEX|APEX|DME|JPX|ECBOT|IPE|WORLDINDEXNDEX 
2026-07-08 16:30:08,039 [DEBUG] BaseService Market,GlobalStockMarket,16,国外证券,category=ForeignStocks,exchange=HKEX|NYSE|NASDAQ|OSE|OSE 
2026-07-08 16:30:08,039 [DEBUG] BaseService Market,CHNSpot,32,现货,category=SpotTrans,exchange=BOCE|SGEGE 
2026-07-08 16:30:08,039 [DEBUG] BaseService Market,Forexs,64,外汇,category=Forexs,exchange=FOREXEX 
2026-07-08 16:30:08,039 [DEBUG] BaseService Market,TBNews,128,资讯,category=,exchange=e= 
2026-07-08 16:30:08,039 [DEBUG] BaseService Market,CHNStockSnap,256,查询快照,category=,exchange=nge= 
2026-07-08 16:30:08,039 [DEBUG] BaseService Market,MobileMonitor,512,移动监控,category=,exchange=nge= 
2026-07-08 16:30:08,039 [DEBUG] BaseService Category,UnknownCategory,-1,未知,market=UnknownMarket,exchange=UnknownExchangege 
2026-07-08 16:30:08,039 [DEBUG] BaseService Category,Stocks,0,股票,market=CHNStock,exchange=SSE|SZSE|TBST|OTCF|BSESE 
2026-07-08 16:30:08,039 [DEBUG] BaseService Category,Futures,1,期货,market=CHNFuture,exchange=SHFE|DCE|CZCE|CFFEX|INE|TBFT|GFEXEX 
2026-07-08 16:30:08,039 [DEBUG] BaseService Category,Forexs,2,外汇,market=Forexs,exchange=FOREXEX 
2026-07-08 16:30:08,039 [DEBUG] BaseService Category,Bonds,3,债券,market=UnknownMarket,exchange=e= 
2026-07-08 16:30:08,039 [DEBUG] BaseService Category,Funds,4,基金,market=UnknownMarket,exchange=e= 
2026-07-08 16:30:08,039 [DEBUG] BaseService Category,Options,5,期权,market=CHNFuture,exchange=SHFE|DCE|CZCE|CFFEX|INE|SSE|SZSE|BSE|GFEXEX 
2026-07-08 16:30:08,039 [DEBUG] BaseService Category,SpotTrans,6,现货,market=CHNSpot,exchange=BOCE|SGEGE 
2026-07-08 16:30:08,039 [DEBUG] BaseService Category,ForeignFutures,7,外盘期货,market=GlobalMarket,exchange=CBOT|CME|NYBOT|NYMEX|HKEX|SGX|TOCOM|KRX|LME|ICE|EUREX|LIFFE|BMD|SFE|TFEX|COMEX|APEX|DME|JPX|ECBOT|IPE|WORLDINDEXNDEX 
2026-07-08 16:30:08,039 [DEBUG] BaseService Category,ForeignStocks,8,外盘股票,market=GlobalStockMarket,exchange=HKEX|NYSE|NASDAQ|OSE|OSE 
2026-07-08 16:30:08,039 [DEBUG] BaseService Exchange,UnknownExchange,-1,未知,market=UnknownMarketet 
2026-07-08 16:30:08,039 [DEBUG] BaseService Exchange,SHFE,0,上海期货交易所,market=CHNFutureNFuture 
2026-07-08 16:30:08,039 [DEBUG] BaseService Exchange,DCE,1,大连商品交易所,market=CHNFutureNFuture 
2026-07-08 16:30:08,039 [DEBUG] BaseService Exchange,CZCE,2,郑州商品交易所,market=CHNFutureNFuture 
2026-07-08 16:30:08,039 [DEBUG] BaseService Exchange,CFFEX,3,中国金融期货交易所,market=CHNFutureCHNFuture 
2026-07-08 16:30:08,039 [DEBUG] BaseService Exchange,INE,4,上海国际能源交易中心,market=CHNFuture=CHNFuture 
2026-07-08 16:30:08,039 [DEBUG] BaseService Exchange,SSE,5,上海证券交易所,market=CHNStockHNStock 
2026-07-08 16:30:08,039 [DEBUG] BaseService Exchange,SZSE,6,深圳证券交易所,market=CHNStockHNStock 
2026-07-08 16:30:08,039 [DEBUG] BaseService Exchange,BOCE,7,渤海商品交易所,market=CHNSpotCHNSpot 
2026-07-08 16:30:08,039 [DEBUG] BaseService Exchange,SGE,8,上海黄金交易所,market=CHNSpotCHNSpot 
2026-07-08 16:30:08,039 [DEBUG] BaseService Exchange,CBOT,9,芝加哥期货交易所,market=GlobalMarketalMarket 
2026-07-08 16:30:08,039 [DEBUG] BaseService Exchange,CME,10,芝加哥商业交易所,market=GlobalMarketalMarket 
2026-07-08 16:30:08,039 [DEBUG] BaseService Exchange,NYBOT,11,纽约期货交易所,market=GlobalMarketlMarket 
2026-07-08 16:30:08,039 [DEBUG] BaseService Exchange,NYMEX,12,纽约商业期货交易所,market=GlobalMarketbalMarket 
2026-07-08 16:30:08,039 [DEBUG] BaseService Exchange,HKEX,13,香港交易所,market=GlobalStockMarketarket 
2026-07-08 16:30:08,039 [DEBUG] BaseService Exchange,SGX,14,新加坡交易所,market=GlobalMarketMarket 
2026-07-08 16:30:08,039 [DEBUG] BaseService Exchange,TOCOM,15,东京商品交易所,market=GlobalMarketlMarket 
2026-07-08 16:30:08,040 [DEBUG] BaseService Exchange,KRX,16,韩国证券期货交易所,market=GlobalMarketbalMarket 
2026-07-08 16:30:08,040 [DEBUG] BaseService Exchange,LME,17,伦敦金属交易所,market=GlobalMarketlMarket 
2026-07-08 16:30:08,040 [DEBUG] BaseService Exchange,ICE,18,洲际交易所,market=GlobalMarketarket 
2026-07-08 16:30:08,040 [DEBUG] BaseService Exchange,EUREX,19,欧洲期货交易所,market=GlobalMarketlMarket 
2026-07-08 16:30:08,040 [DEBUG] BaseService Exchange,LIFFE,20,伦敦国际金融交易所,market=GlobalMarketbalMarket 
2026-07-08 16:30:08,040 [DEBUG] BaseService Exchange,BMD,21,马来西亚交易所,market=GlobalMarketlMarket 
2026-07-08 16:30:08,040 [DEBUG] BaseService Exchange,SFE,22,悉尼期货交易所,market=GlobalMarketlMarket 
2026-07-08 16:30:08,040 [DEBUG] BaseService Exchange,TFEX,23,泰国期货交易所,market=GlobalMarketlMarket 
2026-07-08 16:30:08,040 [DEBUG] BaseService Exchange,NYSE,24,纽约证券交易所,market=GlobalStockMarketkMarket 
2026-07-08 16:30:08,040 [DEBUG] BaseService Exchange,NASDAQ,25,纳斯达克,market=GlobalStockMarketrket 
2026-07-08 16:30:08,040 [DEBUG] BaseService Exchange,FOREX,26,外汇市场,market=Forexsrexs 
2026-07-08 16:30:08,040 [DEBUG] BaseService Exchange,COMEX,27,纽约金属交易所,market=GlobalMarketlMarket 
2026-07-08 16:30:08,040 [DEBUG] BaseService Exchange,APEX,28,新加坡亚太交易所,market=GlobalMarketalMarket 
2026-07-08 16:30:08,040 [DEBUG] BaseService Exchange,DME,29,迪拜商品交易所,market=GlobalMarketlMarket 
2026-07-08 16:30:08,040 [DEBUG] BaseService Exchange,JPX,30,日本交易所集团,market=GlobalMarketlMarket 
2026-07-08 16:30:08,040 [DEBUG] BaseService Exchange,ECBOT,31,芝加哥电子商品交易所,market=GlobalMarketobalMarket 
2026-07-08 16:30:08,040 [DEBUG] BaseService Exchange,IPE,32,伦敦国际石油交易所,market=GlobalMarketbalMarket 
2026-07-08 16:30:08,040 [DEBUG] BaseService Exchange,OSE,33,大阪证券交易所,market=GlobalStockMarketkMarket 
2026-07-08 16:30:08,040 [DEBUG] BaseService Exchange,WORLDINDEX,34,全球指数,market=GlobalMarketrket 
2026-07-08 16:30:08,040 [DEBUG] BaseService Exchange,TBFT,35,开拓者期货指数,market=CHNFutureNFuture 
2026-07-08 16:30:08,040 [DEBUG] BaseService Exchange,TBST,36,开拓者证券指数,market=CHNStockHNStock 
2026-07-08 16:30:08,040 [DEBUG] BaseService Exchange,OTCF,37,场外基金,market=CHNStocktock 
2026-07-08 16:30:08,040 [DEBUG] BaseService Exchange,BSE,38,北京证券交易所,market=CHNStockHNStock 
2026-07-08 16:30:08,040 [DEBUG] BaseService Exchange,GFEX,39,广州期货交易所,market=CHNFutureNFuture 
2026-07-08 16:30:08,143 [INFO ] BaseService HolidayCache construct  
2026-07-08 16:30:08,169 [TRACE] TBCommon TradingDayCache construct 
2026-07-08 16:30:08,279 [DEBUG] TBCommon RelativeSymbolCache init,srcSize=355,cacheMapSize=355,mainMapSize=6831,sndMainMapSize=4111 
2026-07-08 16:30:10,455 [DEBUG] TBCommon resetCodePropByRule crb=Futures, CodeProperties size=116514 
2026-07-08 16:30:10,455 [DEBUG] TBCommon resetCodePropByBigCate begin category=Futures, CodeProperties size=116514 
2026-07-08 16:30:10,455 [DEBUG] TBCommon CodePropertyCache clearPropByBigCate bigcate= 1,exchsize=7,exchs=SHFE;DCE;CZCE;CFFEX;INE;TBFT;GFEX; 
2026-07-08 16:30:10,694 [DEBUG] TBCommon CodePropertyCache genTimePeriodsCodes, codeEx=pfcode.SHFE,ret=OK@,dealTimesV2=|21:00-02:30;09:00-11:30;13:00-15:15;||||| 
2026-07-08 16:30:10,694 [DEBUG] TBCommon resetCodePropByBigCate end category=Futures 
2026-07-08 16:30:10,694 [DEBUG] TBCommon  TradingDayCache refreshCodeInfo:Futures 
2026-07-08 16:30:10,709 [DEBUG] TBCommon  TradingDayCache refreshCodeInfo:Futures 
2026-07-08 16:30:10,709 [DEBUG] TBCommon  TradingDayCache refreshCodeInfo:Stocks 
2026-07-08 16:30:10,709 [DEBUG] TBCommon  TradingDayCache refreshCodeInfo:Options 
2026-07-08 16:30:10,709 [DEBUG] TBCommon  TradingDayCache refreshCodeInfo:ForeignFutures 
2026-07-08 16:30:10,712 [TRACE] TBCommon CodePropertyCache getSpecialCodeIDs type=次连类型,size=88,codes=ad777.SHFE;i9777.DCE;PL777.CZCE;CF777.CZCE;LR777.CZCE;pb777.SHFE;RI777.CZCE;au777.SHFE;jm777.DCE;ec777.INE;op777.SHFE;WH777.CZCE;hc777.SHFE;lc777.GFEX;UR777.CZCE;ni777.SHFE;fb777.DCE;SH777.CZCE;eg777.DCE;pt777.GFEX;bb777.DCE;ss777.SHFE;HFE;p9777.DCE;jd777.DCE;rb777.SHFE;ru777.SHFE;SA777.CZCE;IM777.CFFEX;eb777.DCE;IH777.CFFEX;SF777.CZCE;AP777.CZCE;c9777.DCE;rr777.DCE;bz777.DCE;ps777.GFEX;TL777.CFFEX;SM777.CZCE;TA777.CZCE;IF777.CFFEX;PF777.CZCE;IC777.CFFEX;sp777.SHFE;lh777.DCE;CJ777.CZCE;zn777.SHFE;RM777.CZCE;lg777.DCE;a9777.DCE;PR777.CZCE;si777.GFEX;PM777.CZCE;cu777.SHFE;v9777.DCE;PX777.CZCE;MA777.CZCE;RS777.CZCE;m9777.DCE;fu777.SHFE;JR777.CZCE;TS777.CFFEX;PK777.CZCE;lu777.INE;b9777.DCE;TF777.CFFEX;l9777.DCE;pd777.GFEX;y9777.DCE;OI777.CZCE;FG777.CZCE;T9777.CFFEX;pg777.DCE;pp777.DCE;br777.SHFE;j9777.DCE;al777.SHFE;cs777.DCE;sn777.SHFE;wr777.SHFE;bu777.SHFE;nr777.INE;SR777.CZCE;ZC777.CZCE;CY777.CZCE;sc777.INE;bc777.INE;ag777.SHFE;ao777.SHFE; 
2026-07-08 16:30:10,786 [TRACE] TBCommon CodePropertyCache getSpecialCodeIDs type=连续类型,size=244,codes=SR3888.CME;ZC888.CZCE;cu888.SHFE;QG888.NYMEX;MHI888.HKEX;MTN888.HKEX;SB888.ICE;MGN888.HKEX;lu888.INE;PK888.CZCE;PF888.CZCE;6J888.CME;LE888.CME;CNC888.HKEX;FEQ888.HKEX;MXC888.HKEX;NG888.NYMEX;CY888.CZCE;NKD888.CME;CCC888.HKEX;ZR888.CBOTCBOT;YM888.CBOT;PR888.CZCE;T9888.ICE;sp888.SHFE;m9888.DCE;RB888.NYMEX;ALI888.COMEX;6B888.CME;l9888.DCE;rb888.SHFE;MIN888.HKEX;CJ888.CZCE;i9888.DCE;pb888.SHFE;MNZ888.HKEX;MMN888.HKEX;bz888.DCE;CHT888.HKEX;MET888.HKEX;TN888.CBOT;IF888.CFFEX;ZL888.CBOT;MCA888.HKEX;KE888.CBOT;NQ888.CME;TF888.CFFEX;IU888.SGX;ICB888.HKEX;lg888.DCE;JDC888.HKEX;CEU888.HKEX;v9888.DCE;EAN888.HKEX;ZB888.CBOT;MPN888.HKEX;SIL888.COMEX;CTC888.HKEX;cs888.DCE;GC888.COMEX;QO888.COMEX;MNQ888.CME;CLI888.HKEX;hc888.SHFE;MVN888.HKEX;ZF888.CBOT;nr888.INE;XW888.CBOT;MCL888.NYMEX;BOC888.HKEX;PL888.NYMEX;QI888.COMEX;RM888.CZCE;PA888.NYMEX;p9888.DCE;MAN888.HKEX;MIA888.HKEX;CCB888.HKEX;MA888.CZCE;KC888.ICE;fu888.SHFE;PEC888.HKEX;pt888.GFEX;RS888.CZCE;PX888.CZCE;M2K888.CME;CT888.ICE;6N888.CME;GAS888.ICE;ps888.GFEX;ZO888.CBOT;op888.SHFE;IM888.CFFEX;6A888.CME;MTW888.HKEX;MXK888.HKEX;UR888.CZCE;MEE888.HKEX;HG888.COMEX;eb888.DCE;a9888.DCE;ZC888.CBOT;FG888.CZCE;rr888.DCE;j9888.DCE;SM888.CZCE;bu888.SHFE;ag888.SHFE;PAI888.HKEX;b9888.DCE;ZM888.CBOT;br888.SHFE;AP888.CZCE;bb888.DCE;SI888.COMEX;pd888.GFEX;CHH888.HKEX;pg888.DCE;CUS888.HKEX;SH888.CZCE;sc888.INE;ZS888.CBOT;QC888.COMEX;fb888.DCE;OI888.CZCE;MVI888.HKEX;ru888.SHFE;BRN888.ICE;RTY888.CME;HHI888.HKEX;SR888.CZCE;y9888.DCE;MCH888.HKEX;HSI888.HKEX;sn888.SHFE;SAS888.CBOT;PIC888.HKEX;MPC888.HKEX;pp888.DCE;MAK888.HKEX;au888.SHFE;MHK888.HKEX;MPS888.HKEX;T9888.CFFEX;ALB888.HKEX;IH888.CFFEX;lc888.GFEX;IC888.CFFEX;MYM888.CBOT;FEM888.HKEX;TS888.CFFEX;MMA888.HKEX;TA888.CZCE;lh888.DCE;6M888.CME;MPJ888.HKEX;W9888.ICE;ZT888.CBOT;NK888.SGX;ao888.SHFE;MGC888.COMEX;GF888.CME;c9888.DCE;MND888.HKEX;6L888.CME;MWN888.HKEX;JR888.CZCE;BZ888.NYMEX;MDN888.HKEX;zn888.SHFE;UHO888.ICE;NTE888.HKEX;CIN888.HKEX;PM888.CZCE;KU888.SGX;HKB888.HKEX;CAU888.HKEX;MEL888.HKEX;RC888.ICE;bc888.INE;ss888.SHFE;ni888.SHFE;al888.SHFE;EMN888.HKEX;jm888.DCE;C9888.ICE;A50888.HKEX;jd888.DCE;NIY888.CME;UIN888.HKEX;TL888.CFFEX;HO888.NYMEX;ec888.INE;XC888.CBOT;wr888.SHFE;MEI888.HKEX;CNH888.CME;CSA888.HKEX;SF888.CZCE;XK888.CBOT;DX888.ICE;GWM888.HKEX;HEX888.HKEX;HE888.CME;AMC888.HKEX;SGP888.SGX;FEF888.SGX;MJU888.HKEX;MES888.CME;eg888.DCE;6C888.CME;TWR888.HKEX;CPC888.HKEX;ZN888.CBOT;si888.GFEX;6E888.CME;MAC888.HKEX;ZW888.CBOT;WH888.CZCE;PL888.CZCE;LBR888.CME;RI888.CZCE;QM888.NYMEX;6S888.CME;CC888.ICE;CMB888.HKEX;TCH888.HKEX;TWN888.SGX;SA888.CZCE;HTI888.HKEX;ad888.SHFE;BUD888.HKEX;MTD888.HKEX;MSN888.HKEX;MIU888.HKEX;CF888.CZCE;CL888.NYMEX;LR888.CZCE;TF888.SGX;ES888.CME;OJ888.ICE;CN888.SGX;UC888.SGX;CJP888.HKEX; 
2026-07-08 16:30:10,870 [DEBUG] Event ,setName 
2026-07-08 16:30:10,894 [DEBUG] DCAPI ICETradeProxy stop begin 
2026-07-08 16:30:10,897 [DEBUG] DCAPI ICETradeProxy stop end 
2026-07-08 16:30:10,897 [DEBUG] DCAPI ICETradeSimuProxy stop begin 
2026-07-08 16:30:10,897 [DEBUG] DCAPI ICETradeSimuProxy stop end 
2026-07-08 16:30:10,897 [DEBUG] DCAPI ICEBaseProxy stop begin 
2026-07-08 16:30:10,897 [DEBUG] DCAPI IceDataProxy stop begin 
2026-07-08 16:30:10,898 [DEBUG] DCAPI IceDataProxy stop end ret=OK@ 
2026-07-08 16:30:10,898 [DEBUG] DCAPI ICEBaseProxy stop end 
2026-07-08 16:30:10,898 [DEBUG] DCAPI ICEAuthenProxy stop begin 
2026-07-08 16:30:10,900 [DEBUG] DCAPI release ice,destory communicator start 
2026-07-08 16:30:10,900 [INFO ] DCAPI connect tbquantdc success 
2026-07-08 16:30:10,902 [INFO ] DCAPI QuoteHisDispatcher stop begin 
2026-07-08 16:30:10,902 [INFO ] DCAPI QuoteHisDispatcher stop end 
2026-07-08 16:30:10,902 [INFO ] DCAPI QuoteRealDispatcher stop begin 
2026-07-08 16:30:10,902 [INFO ] DCAPI QuoteRealDispatcher stop end 
2026-07-08 16:30:10,902 [INFO ] DCAPI DataHisDispatcher stop begin 
2026-07-08 16:30:10,902 [INFO ] DCAPI DataHisDispatcher stop end 
2026-07-08 16:30:10,902 [INFO ] DCAPI DataRealDispatcher stop begin 
2026-07-08 16:30:10,902 [INFO ] DCAPI DataRealDispatcher stop end 
2026-07-08 16:30:10,902 [INFO ] DCAPI CommonDispatcher stop begin 
2026-07-08 16:30:10,902 [INFO ] DCAPI CommonDispatcher stop end 
2026-07-08 16:30:10,902 [DEBUG] DCAPI release ice,destory communicator success 
2026-07-08 16:30:10,902 [INFO ] DCAPI tbdcapi user=,sessionid=1,login out! 
2026-07-08 16:30:10,902 [DEBUG] DCAPI ICEAuthenProxy stop end 
2026-07-08 16:36:45,272 [INFO ] TBCommon GetFileVersionInfoSize fail,moduleName:TBCommon  
2026-07-08 16:36:45,272 [WARN ] TBPY parser_version_str rootPath=D:\software\tb,version= 
2026-07-08 16:36:45,272 [DEBUG] AuthAgent createService,jsonParam=[{"serviceName":"AuthenService","dllPath":"C:\\Users\\Administrator\\AppData\\Local\\Programs\\Python\\Python312\\Lib\\site-packages\\tbpy\\TBDataCenterAPI.dll","procName":"createAuthenService","parameter":{"online":true}},{"serviceName":"BaseService","dllPath":"C:\\Users\\Administrator\\AppData\\Local\\Programs\\Python\\Python312\\Lib\\site-packages\\tbpy\\TBDataCenterAPI.dll","procName":"createBaseService","parameter":{"online":true}},{"serviceName":"TradeService","dllPath":"C:\\Users\\Administrator\\AppData\\Local\\Programs\\Python\\Python312\\Lib\\site-packages\\tbpy\\TBDataCenterAPI.dll","procName":"createTradeService","parameter":{"online":true}},{"serviceName":"TradeSimuService","dllPath":"C:\\Users\\Administrator\\AppData\\Local\\Programs\\Python\\Python312\\Lib\\site-packages\\tbpy\\TBDataCenterAPI.dll","procName":"createTradeSimuService","parameter":{"online":true}}] 
2026-07-08 16:36:45,276 [INFO ] BaseService HolidayCache construct  
2026-07-08 16:36:45,276 [TRACE] TBCommon TradingDayCache construct 
2026-07-08 16:36:45,276 [INFO ] DCAPI QuoteHisDispatcher construct 
2026-07-08 16:36:45,276 [INFO ] DCAPI QuoteRealDispatcher construct 
2026-07-08 16:36:45,276 [INFO ] DCAPI DataHisDispatcher construct 
2026-07-08 16:36:45,276 [INFO ] DCAPI DataRealDispatcher construct 
2026-07-08 16:36:45,276 [DEBUG] AuthAgent InitService start service begin 
2026-07-08 16:36:45,276 [DEBUG] DCAPI ICEServiceManager init option=0,port= 
2026-07-08 16:36:45,276 [DEBUG] DCAPI init ice,start create communicator 
2026-07-08 16:36:45,277 [DEBUG] DCAPI createCommunicator use default config 
2026-07-08 16:36:45,300 [TRACE] DCAPI shm_info,shm=DSOFTWARETBSHM,mtx=DSOFTWARETBSHMTBPROCESSMTX,endpoint=tcp -h 127.0.0.1 -p 13831 
2026-07-08 16:36:45,301 [INFO ] DCAPI QuoteHisDispatcher start begin 
2026-07-08 16:36:45,301 [INFO ] DCAPI QuoteHisDispatcher start end 
2026-07-08 16:36:45,301 [INFO ] DCAPI QuoteRealDispatcher start begin 
2026-07-08 16:36:45,301 [INFO ] DCAPI QuoteRealDispatcher start end 
2026-07-08 16:36:45,301 [INFO ] DCAPI DataHisDispatcher start begin 
2026-07-08 16:36:45,301 [INFO ] DCAPI DataHisDispatcher start end 
2026-07-08 16:36:45,301 [INFO ] DCAPI DataRealDispatcher start begin 
2026-07-08 16:36:45,301 [INFO ] DCAPI DataRealDispatcher start end 
2026-07-08 16:36:45,301 [INFO ] DCAPI CommonDispatcher construct 
2026-07-08 16:36:45,301 [INFO ] DCAPI CommonDispatcher start begin 
2026-07-08 16:36:45,301 [INFO ] DCAPI CommonDispatcher start end 
2026-07-08 16:36:45,301 [DEBUG] DCAPI init ice,create communicator success 
2026-07-08 16:36:45,303 [INFO ] DCAPI connect tbquantdc success 
2026-07-08 16:36:45,306 [DEBUG] DCAPI ICEAuthenProxy start 
2026-07-08 16:36:45,306 [DEBUG] AuthAgent InitService start service end 
2026-07-08 16:36:45,306 [DEBUG] AuthAgent InitService end 
2026-07-08 16:36:45,306 [DEBUG] AuthAgent Login start 
2026-07-08 16:36:45,306 [DEBUG] AuthAgent Login get host begin 
2026-07-08 16:36:45,418 [TRACE] DCAPI 获取本机mac地址成功, mac:0C5B8F279A648F279A64 
2026-07-08 16:36:45,418 [DEBUG] AuthAgent Login get host end 
2026-07-08 16:36:45,418 [DEBUG] DCAPI ICEAuthenProxy login start 
2026-07-08 16:36:45,418 [INFO ] DCAPI try lock process mutex success,mutex key:1tcp-h127001-p13831 
2026-07-08 16:36:45,418 [INFO ] DCAPI 【softversion】,versionNo=3.12.3,softType=Standard,platformType=TBPYPY 
2026-07-08 16:36:45,419 [INFO ] DCAPI tbdcapi user=,sessionid=1,login success! 
2026-07-08 16:36:45,419 [DEBUG] DCAPI ICEAuthenProxy login end 
2026-07-08 16:36:45,422 [DEBUG] AuthAgent Login end 
2026-07-08 16:36:45,423 [DEBUG] DCAPI start IceDataProxy, ret=OK@ 
2026-07-08 16:36:45,423 [DEBUG] DCAPI ICETradeSimuProxy start begin 
2026-07-08 16:36:45,424 [DEBUG] DCAPI ICETradeSimuProxy start end,OK@ 
2026-07-08 16:36:45,598 [DEBUG] BaseService initBase initConfig,size=3,OK@ 
2026-07-08 16:36:45,599 [DEBUG] BaseService initBase initConfig,SimuIgnoreDelayMs=3000 
2026-07-08 16:36:45,599 [DEBUG] BaseService initBase initConfig,SimuMatchDelayMs=3000 
2026-07-08 16:36:45,599 [DEBUG] BaseService initBase initConfig,SimuLimitCancelCNT=500 
2026-07-08 16:36:45,599 [DEBUG] BaseService initBase=OK@,initMarket=OK@,initCategory=OK@,initExchange=OK@,lastBase=000001A9014736F0,nowBase=000001A929B4D550 
2026-07-08 16:36:45,599 [DEBUG] BaseService Market,UnknownMarket,0,,category=UnknownCategory|Bonds|Funds,exchange=UnknownExchange 
2026-07-08 16:36:45,599 [DEBUG] BaseService Market,CHNFuture,1,期货,category=Futures|Options,exchange=SHFE|DCE|CZCE|CFFEX|INE|TBFT|GFEXEX 
2026-07-08 16:36:45,599 [DEBUG] BaseService Market,CHNStock,2,股票,category=Stocks,exchange=SSE|SZSE|TBST|OTCF|BSESE 
2026-07-08 16:36:45,599 [DEBUG] BaseService Market,CHNOptions,4,期权,category=,exchange=e= 
2026-07-08 16:36:45,599 [DEBUG] BaseService Market,GlobalMarket,8,国外期货,category=ForeignFutures,exchange=CBOT|CME|NYBOT|NYMEX|SGX|TOCOM|KRX|LME|ICE|EUREX|LIFFE|BMD|SFE|TFEX|COMEX|APEX|DME|JPX|ECBOT|IPE|WORLDINDEXNDEX 
2026-07-08 16:36:45,599 [DEBUG] BaseService Market,GlobalStockMarket,16,国外证券,category=ForeignStocks,exchange=HKEX|NYSE|NASDAQ|OSE|OSE 
2026-07-08 16:36:45,599 [DEBUG] BaseService Market,CHNSpot,32,现货,category=SpotTrans,exchange=BOCE|SGEGE 
2026-07-08 16:36:45,599 [DEBUG] BaseService Market,Forexs,64,外汇,category=Forexs,exchange=FOREXEX 
2026-07-08 16:36:45,599 [DEBUG] BaseService Market,TBNews,128,资讯,category=,exchange=e= 
2026-07-08 16:36:45,599 [DEBUG] BaseService Market,CHNStockSnap,256,查询快照,category=,exchange=nge= 
2026-07-08 16:36:45,599 [DEBUG] BaseService Market,MobileMonitor,512,移动监控,category=,exchange=nge= 
2026-07-08 16:36:45,599 [DEBUG] BaseService Category,UnknownCategory,-1,未知,market=UnknownMarket,exchange=UnknownExchangege 
2026-07-08 16:36:45,599 [DEBUG] BaseService Category,Stocks,0,股票,market=CHNStock,exchange=SSE|SZSE|TBST|OTCF|BSESE 
2026-07-08 16:36:45,599 [DEBUG] BaseService Category,Futures,1,期货,market=CHNFuture,exchange=SHFE|DCE|CZCE|CFFEX|INE|TBFT|GFEXEX 
2026-07-08 16:36:45,599 [DEBUG] BaseService Category,Forexs,2,外汇,market=Forexs,exchange=FOREXEX 
2026-07-08 16:36:45,599 [DEBUG] BaseService Category,Bonds,3,债券,market=UnknownMarket,exchange=e= 
2026-07-08 16:36:45,599 [DEBUG] BaseService Category,Funds,4,基金,market=UnknownMarket,exchange=e= 
2026-07-08 16:36:45,599 [DEBUG] BaseService Category,Options,5,期权,market=CHNFuture,exchange=SHFE|DCE|CZCE|CFFEX|INE|SSE|SZSE|BSE|GFEXEX 
2026-07-08 16:36:45,599 [DEBUG] BaseService Category,SpotTrans,6,现货,market=CHNSpot,exchange=BOCE|SGEGE 
2026-07-08 16:36:45,599 [DEBUG] BaseService Category,ForeignFutures,7,外盘期货,market=GlobalMarket,exchange=CBOT|CME|NYBOT|NYMEX|HKEX|SGX|TOCOM|KRX|LME|ICE|EUREX|LIFFE|BMD|SFE|TFEX|COMEX|APEX|DME|JPX|ECBOT|IPE|WORLDINDEXNDEX 
2026-07-08 16:36:45,599 [DEBUG] BaseService Category,ForeignStocks,8,外盘股票,market=GlobalStockMarket,exchange=HKEX|NYSE|NASDAQ|OSE|OSE 
2026-07-08 16:36:45,599 [DEBUG] BaseService Exchange,UnknownExchange,-1,未知,market=UnknownMarketet 
2026-07-08 16:36:45,599 [DEBUG] BaseService Exchange,SHFE,0,上海期货交易所,market=CHNFutureNFuture 
2026-07-08 16:36:45,599 [DEBUG] BaseService Exchange,DCE,1,大连商品交易所,market=CHNFutureNFuture 
2026-07-08 16:36:45,599 [DEBUG] BaseService Exchange,CZCE,2,郑州商品交易所,market=CHNFutureNFuture 
2026-07-08 16:36:45,599 [DEBUG] BaseService Exchange,CFFEX,3,中国金融期货交易所,market=CHNFutureCHNFuture 
2026-07-08 16:36:45,599 [DEBUG] BaseService Exchange,INE,4,上海国际能源交易中心,market=CHNFuture=CHNFuture 
2026-07-08 16:36:45,599 [DEBUG] BaseService Exchange,SSE,5,上海证券交易所,market=CHNStockHNStock 
2026-07-08 16:36:45,599 [DEBUG] BaseService Exchange,SZSE,6,深圳证券交易所,market=CHNStockHNStock 
2026-07-08 16:36:45,599 [DEBUG] BaseService Exchange,BOCE,7,渤海商品交易所,market=CHNSpotCHNSpot 
2026-07-08 16:36:45,599 [DEBUG] BaseService Exchange,SGE,8,上海黄金交易所,market=CHNSpotCHNSpot 
2026-07-08 16:36:45,599 [DEBUG] BaseService Exchange,CBOT,9,芝加哥期货交易所,market=GlobalMarketalMarket 
2026-07-08 16:36:45,599 [DEBUG] BaseService Exchange,CME,10,芝加哥商业交易所,market=GlobalMarketalMarket 
2026-07-08 16:36:45,599 [DEBUG] BaseService Exchange,NYBOT,11,纽约期货交易所,market=GlobalMarketlMarket 
2026-07-08 16:36:45,599 [DEBUG] BaseService Exchange,NYMEX,12,纽约商业期货交易所,market=GlobalMarketbalMarket 
2026-07-08 16:36:45,599 [DEBUG] BaseService Exchange,HKEX,13,香港交易所,market=GlobalStockMarketarket 
2026-07-08 16:36:45,599 [DEBUG] BaseService Exchange,SGX,14,新加坡交易所,market=GlobalMarketMarket 
2026-07-08 16:36:45,599 [DEBUG] BaseService Exchange,TOCOM,15,东京商品交易所,market=GlobalMarketlMarket 
2026-07-08 16:36:45,599 [DEBUG] BaseService Exchange,KRX,16,韩国证券期货交易所,market=GlobalMarketbalMarket 
2026-07-08 16:36:45,599 [DEBUG] BaseService Exchange,LME,17,伦敦金属交易所,market=GlobalMarketlMarket 
2026-07-08 16:36:45,599 [DEBUG] BaseService Exchange,ICE,18,洲际交易所,market=GlobalMarketarket 
2026-07-08 16:36:45,599 [DEBUG] BaseService Exchange,EUREX,19,欧洲期货交易所,market=GlobalMarketlMarket 
2026-07-08 16:36:45,600 [DEBUG] BaseService Exchange,LIFFE,20,伦敦国际金融交易所,market=GlobalMarketbalMarket 
2026-07-08 16:36:45,600 [DEBUG] BaseService Exchange,BMD,21,马来西亚交易所,market=GlobalMarketlMarket 
2026-07-08 16:36:45,600 [DEBUG] BaseService Exchange,SFE,22,悉尼期货交易所,market=GlobalMarketlMarket 
2026-07-08 16:36:45,600 [DEBUG] BaseService Exchange,TFEX,23,泰国期货交易所,market=GlobalMarketlMarket 
2026-07-08 16:36:45,600 [DEBUG] BaseService Exchange,NYSE,24,纽约证券交易所,market=GlobalStockMarketkMarket 
2026-07-08 16:36:45,600 [DEBUG] BaseService Exchange,NASDAQ,25,纳斯达克,market=GlobalStockMarketrket 
2026-07-08 16:36:45,600 [DEBUG] BaseService Exchange,FOREX,26,外汇市场,market=Forexsrexs 
2026-07-08 16:36:45,600 [DEBUG] BaseService Exchange,COMEX,27,纽约金属交易所,market=GlobalMarketlMarket 
2026-07-08 16:36:45,600 [DEBUG] BaseService Exchange,APEX,28,新加坡亚太交易所,market=GlobalMarketalMarket 
2026-07-08 16:36:45,600 [DEBUG] BaseService Exchange,DME,29,迪拜商品交易所,market=GlobalMarketlMarket 
2026-07-08 16:36:45,600 [DEBUG] BaseService Exchange,JPX,30,日本交易所集团,market=GlobalMarketlMarket 
2026-07-08 16:36:45,600 [DEBUG] BaseService Exchange,ECBOT,31,芝加哥电子商品交易所,market=GlobalMarketobalMarket 
2026-07-08 16:36:45,600 [DEBUG] BaseService Exchange,IPE,32,伦敦国际石油交易所,market=GlobalMarketbalMarket 
2026-07-08 16:36:45,600 [DEBUG] BaseService Exchange,OSE,33,大阪证券交易所,market=GlobalStockMarketkMarket 
2026-07-08 16:36:45,600 [DEBUG] BaseService Exchange,WORLDINDEX,34,全球指数,market=GlobalMarketrket 
2026-07-08 16:36:45,600 [DEBUG] BaseService Exchange,TBFT,35,开拓者期货指数,market=CHNFutureNFuture 
2026-07-08 16:36:45,600 [DEBUG] BaseService Exchange,TBST,36,开拓者证券指数,market=CHNStockHNStock 
2026-07-08 16:36:45,600 [DEBUG] BaseService Exchange,OTCF,37,场外基金,market=CHNStocktock 
2026-07-08 16:36:45,600 [DEBUG] BaseService Exchange,BSE,38,北京证券交易所,market=CHNStockHNStock 
2026-07-08 16:36:45,600 [DEBUG] BaseService Exchange,GFEX,39,广州期货交易所,market=CHNFutureNFuture 
2026-07-08 16:36:45,710 [INFO ] BaseService HolidayCache construct  
2026-07-08 16:36:45,735 [TRACE] TBCommon TradingDayCache construct 
2026-07-08 16:36:45,828 [DEBUG] TBCommon RelativeSymbolCache init,srcSize=355,cacheMapSize=355,mainMapSize=6831,sndMainMapSize=4111 
2026-07-08 16:36:47,884 [DEBUG] TBCommon resetCodePropByRule crb=Futures, CodeProperties size=116514 
2026-07-08 16:36:47,884 [DEBUG] TBCommon resetCodePropByBigCate begin category=Futures, CodeProperties size=116514 
2026-07-08 16:36:47,884 [DEBUG] TBCommon CodePropertyCache clearPropByBigCate bigcate= 1,exchsize=7,exchs=SHFE;DCE;CZCE;CFFEX;INE;TBFT;GFEX; 
2026-07-08 16:36:48,071 [DEBUG] TBCommon CodePropertyCache genTimePeriodsCodes, codeEx=pfcode.SHFE,ret=OK@,dealTimesV2=|21:00-02:30;09:00-11:30;13:00-15:15;||||| 
2026-07-08 16:36:48,071 [DEBUG] TBCommon resetCodePropByBigCate end category=Futures 
2026-07-08 16:36:48,071 [DEBUG] TBCommon  TradingDayCache refreshCodeInfo:Futures 
2026-07-08 16:36:48,084 [DEBUG] TBCommon  TradingDayCache refreshCodeInfo:Futures 
2026-07-08 16:36:48,084 [DEBUG] TBCommon  TradingDayCache refreshCodeInfo:Stocks 
2026-07-08 16:36:48,084 [DEBUG] TBCommon  TradingDayCache refreshCodeInfo:Options 
2026-07-08 16:36:48,084 [DEBUG] TBCommon  TradingDayCache refreshCodeInfo:ForeignFutures 
2026-07-08 16:36:48,087 [TRACE] TBCommon CodePropertyCache getSpecialCodeIDs type=次连类型,size=88,codes=ad777.SHFE;i9777.DCE;PL777.CZCE;CF777.CZCE;LR777.CZCE;pb777.SHFE;RI777.CZCE;au777.SHFE;jm777.DCE;ec777.INE;op777.SHFE;WH777.CZCE;hc777.SHFE;lc777.GFEX;UR777.CZCE;ni777.SHFE;fb777.DCE;SH777.CZCE;eg777.DCE;pt777.GFEX;bb777.DCE;ss777.SHFE;HFE;p9777.DCE;jd777.DCE;rb777.SHFE;ru777.SHFE;SA777.CZCE;IM777.CFFEX;eb777.DCE;IH777.CFFEX;SF777.CZCE;AP777.CZCE;c9777.DCE;rr777.DCE;bz777.DCE;ps777.GFEX;TL777.CFFEX;SM777.CZCE;TA777.CZCE;IF777.CFFEX;PF777.CZCE;IC777.CFFEX;sp777.SHFE;lh777.DCE;CJ777.CZCE;zn777.SHFE;RM777.CZCE;lg777.DCE;a9777.DCE;PR777.CZCE;si777.GFEX;PM777.CZCE;cu777.SHFE;v9777.DCE;PX777.CZCE;MA777.CZCE;RS777.CZCE;m9777.DCE;fu777.SHFE;JR777.CZCE;TS777.CFFEX;PK777.CZCE;lu777.INE;b9777.DCE;TF777.CFFEX;l9777.DCE;pd777.GFEX;y9777.DCE;OI777.CZCE;FG777.CZCE;T9777.CFFEX;pg777.DCE;pp777.DCE;br777.SHFE;j9777.DCE;al777.SHFE;cs777.DCE;sn777.SHFE;wr777.SHFE;bu777.SHFE;nr777.INE;SR777.CZCE;ZC777.CZCE;CY777.CZCE;sc777.INE;bc777.INE;ag777.SHFE;ao777.SHFE; 
2026-07-08 16:36:48,160 [TRACE] TBCommon CodePropertyCache getSpecialCodeIDs type=连续类型,size=244,codes=SR3888.CME;ZC888.CZCE;cu888.SHFE;QG888.NYMEX;MHI888.HKEX;MTN888.HKEX;SB888.ICE;MGN888.HKEX;lu888.INE;PK888.CZCE;PF888.CZCE;6J888.CME;LE888.CME;CNC888.HKEX;FEQ888.HKEX;MXC888.HKEX;NG888.NYMEX;CY888.CZCE;NKD888.CME;CCC888.HKEX;ZR888.CBOTCBOT;YM888.CBOT;PR888.CZCE;T9888.ICE;sp888.SHFE;m9888.DCE;RB888.NYMEX;ALI888.COMEX;6B888.CME;l9888.DCE;rb888.SHFE;MIN888.HKEX;CJ888.CZCE;i9888.DCE;pb888.SHFE;MNZ888.HKEX;MMN888.HKEX;bz888.DCE;CHT888.HKEX;MET888.HKEX;TN888.CBOT;IF888.CFFEX;ZL888.CBOT;MCA888.HKEX;KE888.CBOT;NQ888.CME;TF888.CFFEX;IU888.SGX;ICB888.HKEX;lg888.DCE;JDC888.HKEX;CEU888.HKEX;v9888.DCE;EAN888.HKEX;ZB888.CBOT;MPN888.HKEX;SIL888.COMEX;CTC888.HKEX;cs888.DCE;GC888.COMEX;QO888.COMEX;MNQ888.CME;CLI888.HKEX;hc888.SHFE;MVN888.HKEX;ZF888.CBOT;nr888.INE;XW888.CBOT;MCL888.NYMEX;BOC888.HKEX;PL888.NYMEX;QI888.COMEX;RM888.CZCE;PA888.NYMEX;p9888.DCE;MAN888.HKEX;MIA888.HKEX;CCB888.HKEX;MA888.CZCE;KC888.ICE;fu888.SHFE;PEC888.HKEX;pt888.GFEX;RS888.CZCE;PX888.CZCE;M2K888.CME;CT888.ICE;6N888.CME;GAS888.ICE;ps888.GFEX;ZO888.CBOT;op888.SHFE;IM888.CFFEX;6A888.CME;MTW888.HKEX;MXK888.HKEX;UR888.CZCE;MEE888.HKEX;HG888.COMEX;eb888.DCE;a9888.DCE;ZC888.CBOT;FG888.CZCE;rr888.DCE;j9888.DCE;SM888.CZCE;bu888.SHFE;ag888.SHFE;PAI888.HKEX;b9888.DCE;ZM888.CBOT;br888.SHFE;AP888.CZCE;bb888.DCE;SI888.COMEX;pd888.GFEX;CHH888.HKEX;pg888.DCE;CUS888.HKEX;SH888.CZCE;sc888.INE;ZS888.CBOT;QC888.COMEX;fb888.DCE;OI888.CZCE;MVI888.HKEX;ru888.SHFE;BRN888.ICE;RTY888.CME;HHI888.HKEX;SR888.CZCE;y9888.DCE;MCH888.HKEX;HSI888.HKEX;sn888.SHFE;SAS888.CBOT;PIC888.HKEX;MPC888.HKEX;pp888.DCE;MAK888.HKEX;au888.SHFE;MHK888.HKEX;MPS888.HKEX;T9888.CFFEX;ALB888.HKEX;IH888.CFFEX;lc888.GFEX;IC888.CFFEX;MYM888.CBOT;FEM888.HKEX;TS888.CFFEX;MMA888.HKEX;TA888.CZCE;lh888.DCE;6M888.CME;MPJ888.HKEX;W9888.ICE;ZT888.CBOT;NK888.SGX;ao888.SHFE;MGC888.COMEX;GF888.CME;c9888.DCE;MND888.HKEX;6L888.CME;MWN888.HKEX;JR888.CZCE;BZ888.NYMEX;MDN888.HKEX;zn888.SHFE;UHO888.ICE;NTE888.HKEX;CIN888.HKEX;PM888.CZCE;KU888.SGX;HKB888.HKEX;CAU888.HKEX;MEL888.HKEX;RC888.ICE;bc888.INE;ss888.SHFE;ni888.SHFE;al888.SHFE;EMN888.HKEX;jm888.DCE;C9888.ICE;A50888.HKEX;jd888.DCE;NIY888.CME;UIN888.HKEX;TL888.CFFEX;HO888.NYMEX;ec888.INE;XC888.CBOT;wr888.SHFE;MEI888.HKEX;CNH888.CME;CSA888.HKEX;SF888.CZCE;XK888.CBOT;DX888.ICE;GWM888.HKEX;HEX888.HKEX;HE888.CME;AMC888.HKEX;SGP888.SGX;FEF888.SGX;MJU888.HKEX;MES888.CME;eg888.DCE;6C888.CME;TWR888.HKEX;CPC888.HKEX;ZN888.CBOT;si888.GFEX;6E888.CME;MAC888.HKEX;ZW888.CBOT;WH888.CZCE;PL888.CZCE;LBR888.CME;RI888.CZCE;QM888.NYMEX;6S888.CME;CC888.ICE;CMB888.HKEX;TCH888.HKEX;TWN888.SGX;SA888.CZCE;HTI888.HKEX;ad888.SHFE;BUD888.HKEX;MTD888.HKEX;MSN888.HKEX;MIU888.HKEX;CF888.CZCE;CL888.NYMEX;LR888.CZCE;TF888.SGX;ES888.CME;OJ888.ICE;CN888.SGX;UC888.SGX;CJP888.HKEX; 
2026-07-08 16:36:48,210 [DEBUG] Event ,setName 
2026-07-08 16:36:48,265 [DEBUG] DCAPI ICETradeProxy stop begin 
2026-07-08 16:36:48,267 [DEBUG] DCAPI ICETradeProxy stop end 
2026-07-08 16:36:48,267 [DEBUG] DCAPI ICETradeSimuProxy stop begin 
2026-07-08 16:36:48,267 [DEBUG] DCAPI ICETradeSimuProxy stop end 
2026-07-08 16:36:48,267 [DEBUG] DCAPI ICEBaseProxy stop begin 
2026-07-08 16:36:48,267 [DEBUG] DCAPI IceDataProxy stop begin 
2026-07-08 16:36:48,268 [DEBUG] DCAPI IceDataProxy stop end ret=OK@ 
2026-07-08 16:36:48,268 [DEBUG] DCAPI ICEBaseProxy stop end 
2026-07-08 16:36:48,268 [DEBUG] DCAPI ICEAuthenProxy stop begin 
2026-07-08 16:36:48,269 [DEBUG] DCAPI release ice,destory communicator start 
2026-07-08 16:36:48,269 [INFO ] DCAPI connect tbquantdc success 
2026-07-08 16:36:48,270 [INFO ] DCAPI QuoteHisDispatcher stop begin 
2026-07-08 16:36:48,270 [INFO ] DCAPI QuoteHisDispatcher stop end 
2026-07-08 16:36:48,270 [INFO ] DCAPI QuoteRealDispatcher stop begin 
2026-07-08 16:36:48,270 [INFO ] DCAPI QuoteRealDispatcher stop end 
2026-07-08 16:36:48,270 [INFO ] DCAPI DataHisDispatcher stop begin 
2026-07-08 16:36:48,270 [INFO ] DCAPI DataHisDispatcher stop end 
2026-07-08 16:36:48,270 [INFO ] DCAPI DataRealDispatcher stop begin 
2026-07-08 16:36:48,270 [INFO ] DCAPI DataRealDispatcher stop end 
2026-07-08 16:36:48,270 [INFO ] DCAPI CommonDispatcher stop begin 
2026-07-08 16:36:48,270 [INFO ] DCAPI CommonDispatcher stop end 
2026-07-08 16:36:48,270 [DEBUG] DCAPI release ice,destory communicator success 
2026-07-08 16:36:48,270 [INFO ] DCAPI tbdcapi user=,sessionid=1,login out! 
2026-07-08 16:36:48,270 [DEBUG] DCAPI ICEAuthenProxy stop end 
2026-07-08 16:40:16,668 [INFO ] TBCommon GetFileVersionInfoSize fail,moduleName:TBCommon  
2026-07-08 16:40:16,668 [WARN ] TBPY parser_version_str rootPath=D:\software\tb,version= 
2026-07-08 16:40:16,668 [DEBUG] AuthAgent createService,jsonParam=[{"serviceName":"AuthenService","dllPath":"C:\\Users\\Administrator\\AppData\\Local\\Programs\\Python\\Python312\\Lib\\site-packages\\tbpy\\TBDataCenterAPI.dll","procName":"createAuthenService","parameter":{"online":true}},{"serviceName":"BaseService","dllPath":"C:\\Users\\Administrator\\AppData\\Local\\Programs\\Python\\Python312\\Lib\\site-packages\\tbpy\\TBDataCenterAPI.dll","procName":"createBaseService","parameter":{"online":true}},{"serviceName":"TradeService","dllPath":"C:\\Users\\Administrator\\AppData\\Local\\Programs\\Python\\Python312\\Lib\\site-packages\\tbpy\\TBDataCenterAPI.dll","procName":"createTradeService","parameter":{"online":true}},{"serviceName":"TradeSimuService","dllPath":"C:\\Users\\Administrator\\AppData\\Local\\Programs\\Python\\Python312\\Lib\\site-packages\\tbpy\\TBDataCenterAPI.dll","procName":"createTradeSimuService","parameter":{"online":true}}] 
2026-07-08 16:40:16,672 [INFO ] BaseService HolidayCache construct  
2026-07-08 16:40:16,672 [TRACE] TBCommon TradingDayCache construct 
2026-07-08 16:40:16,672 [INFO ] DCAPI QuoteHisDispatcher construct 
2026-07-08 16:40:16,672 [INFO ] DCAPI QuoteRealDispatcher construct 
2026-07-08 16:40:16,672 [INFO ] DCAPI DataHisDispatcher construct 
2026-07-08 16:40:16,672 [INFO ] DCAPI DataRealDispatcher construct 
2026-07-08 16:40:16,672 [DEBUG] AuthAgent InitService start service begin 
2026-07-08 16:40:16,672 [DEBUG] DCAPI ICEServiceManager init option=0,port= 
2026-07-08 16:40:16,672 [DEBUG] DCAPI init ice,start create communicator 
2026-07-08 16:40:16,673 [DEBUG] DCAPI createCommunicator use default config 
2026-07-08 16:40:16,696 [TRACE] DCAPI shm_info,shm=DSOFTWARETBSHM,mtx=DSOFTWARETBSHMTBPROCESSMTX,endpoint=tcp -h 127.0.0.1 -p 13831 
2026-07-08 16:40:16,697 [INFO ] DCAPI QuoteHisDispatcher start begin 
2026-07-08 16:40:16,697 [INFO ] DCAPI QuoteHisDispatcher start end 
2026-07-08 16:40:16,697 [INFO ] DCAPI QuoteRealDispatcher start begin 
2026-07-08 16:40:16,697 [INFO ] DCAPI QuoteRealDispatcher start end 
2026-07-08 16:40:16,697 [INFO ] DCAPI DataHisDispatcher start begin 
2026-07-08 16:40:16,697 [INFO ] DCAPI DataHisDispatcher start end 
2026-07-08 16:40:16,697 [INFO ] DCAPI DataRealDispatcher start begin 
2026-07-08 16:40:16,697 [INFO ] DCAPI DataRealDispatcher start end 
2026-07-08 16:40:16,697 [INFO ] DCAPI CommonDispatcher construct 
2026-07-08 16:40:16,697 [INFO ] DCAPI CommonDispatcher start begin 
2026-07-08 16:40:16,697 [INFO ] DCAPI CommonDispatcher start end 
2026-07-08 16:40:16,697 [DEBUG] DCAPI init ice,create communicator success 
2026-07-08 16:40:16,699 [INFO ] DCAPI connect tbquantdc success 
2026-07-08 16:40:16,700 [DEBUG] DCAPI ICEAuthenProxy start 
2026-07-08 16:40:16,700 [DEBUG] AuthAgent InitService start service end 
2026-07-08 16:40:16,700 [DEBUG] AuthAgent InitService end 
2026-07-08 16:40:16,700 [DEBUG] AuthAgent Login start 
2026-07-08 16:40:16,700 [DEBUG] AuthAgent Login get host begin 
2026-07-08 16:40:16,808 [TRACE] DCAPI 获取本机mac地址成功, mac:0C5B8F279A648F279A64 
2026-07-08 16:40:16,808 [DEBUG] AuthAgent Login get host end 
2026-07-08 16:40:16,808 [DEBUG] DCAPI ICEAuthenProxy login start 
2026-07-08 16:40:16,808 [INFO ] DCAPI try lock process mutex success,mutex key:1tcp-h127001-p13831 
2026-07-08 16:40:16,808 [INFO ] DCAPI 【softversion】,versionNo=3.12.3,softType=Standard,platformType=TBPYPY 
2026-07-08 16:40:16,809 [INFO ] DCAPI tbdcapi user=,sessionid=1,login success! 
2026-07-08 16:40:16,809 [DEBUG] DCAPI ICEAuthenProxy login end 
2026-07-08 16:40:16,810 [DEBUG] AuthAgent Login end 
2026-07-08 16:40:16,810 [DEBUG] DCAPI start IceDataProxy, ret=OK@ 
2026-07-08 16:40:16,810 [DEBUG] DCAPI ICETradeSimuProxy start begin 
2026-07-08 16:40:16,810 [DEBUG] DCAPI ICETradeSimuProxy start end,OK@ 
2026-07-08 16:40:17,004 [DEBUG] BaseService initBase initConfig,size=3,OK@ 
2026-07-08 16:40:17,004 [DEBUG] BaseService initBase initConfig,SimuIgnoreDelayMs=3000 
2026-07-08 16:40:17,004 [DEBUG] BaseService initBase initConfig,SimuMatchDelayMs=3000 
2026-07-08 16:40:17,005 [DEBUG] BaseService initBase initConfig,SimuLimitCancelCNT=500 
2026-07-08 16:40:17,005 [DEBUG] BaseService initBase=OK@,initMarket=OK@,initCategory=OK@,initExchange=OK@,lastBase=000001DDD8238B60,nowBase=000001DDD8237A60 
2026-07-08 16:40:17,005 [DEBUG] BaseService Market,UnknownMarket,0,,category=UnknownCategory|Bonds|Funds,exchange=UnknownExchange 
2026-07-08 16:40:17,005 [DEBUG] BaseService Market,CHNFuture,1,期货,category=Futures|Options,exchange=SHFE|DCE|CZCE|CFFEX|INE|TBFT|GFEXEX 
2026-07-08 16:40:17,005 [DEBUG] BaseService Market,CHNStock,2,股票,category=Stocks,exchange=SSE|SZSE|TBST|OTCF|BSESE 
2026-07-08 16:40:17,005 [DEBUG] BaseService Market,CHNOptions,4,期权,category=,exchange=e= 
2026-07-08 16:40:17,005 [DEBUG] BaseService Market,GlobalMarket,8,国外期货,category=ForeignFutures,exchange=CBOT|CME|NYBOT|NYMEX|SGX|TOCOM|KRX|LME|ICE|EUREX|LIFFE|BMD|SFE|TFEX|COMEX|APEX|DME|JPX|ECBOT|IPE|WORLDINDEXNDEX 
2026-07-08 16:40:17,005 [DEBUG] BaseService Market,GlobalStockMarket,16,国外证券,category=ForeignStocks,exchange=HKEX|NYSE|NASDAQ|OSE|OSE 
2026-07-08 16:40:17,005 [DEBUG] BaseService Market,CHNSpot,32,现货,category=SpotTrans,exchange=BOCE|SGEGE 
2026-07-08 16:40:17,005 [DEBUG] BaseService Market,Forexs,64,外汇,category=Forexs,exchange=FOREXEX 
2026-07-08 16:40:17,005 [DEBUG] BaseService Market,TBNews,128,资讯,category=,exchange=e= 
2026-07-08 16:40:17,005 [DEBUG] BaseService Market,CHNStockSnap,256,查询快照,category=,exchange=nge= 
2026-07-08 16:40:17,005 [DEBUG] BaseService Market,MobileMonitor,512,移动监控,category=,exchange=nge= 
2026-07-08 16:40:17,005 [DEBUG] BaseService Category,UnknownCategory,-1,未知,market=UnknownMarket,exchange=UnknownExchangege 
2026-07-08 16:40:17,005 [DEBUG] BaseService Category,Stocks,0,股票,market=CHNStock,exchange=SSE|SZSE|TBST|OTCF|BSESE 
2026-07-08 16:40:17,005 [DEBUG] BaseService Category,Futures,1,期货,market=CHNFuture,exchange=SHFE|DCE|CZCE|CFFEX|INE|TBFT|GFEXEX 
2026-07-08 16:40:17,005 [DEBUG] BaseService Category,Forexs,2,外汇,market=Forexs,exchange=FOREXEX 
2026-07-08 16:40:17,005 [DEBUG] BaseService Category,Bonds,3,债券,market=UnknownMarket,exchange=e= 
2026-07-08 16:40:17,005 [DEBUG] BaseService Category,Funds,4,基金,market=UnknownMarket,exchange=e= 
2026-07-08 16:40:17,005 [DEBUG] BaseService Category,Options,5,期权,market=CHNFuture,exchange=SHFE|DCE|CZCE|CFFEX|INE|SSE|SZSE|BSE|GFEXEX 
2026-07-08 16:40:17,005 [DEBUG] BaseService Category,SpotTrans,6,现货,market=CHNSpot,exchange=BOCE|SGEGE 
2026-07-08 16:40:17,005 [DEBUG] BaseService Category,ForeignFutures,7,外盘期货,market=GlobalMarket,exchange=CBOT|CME|NYBOT|NYMEX|HKEX|SGX|TOCOM|KRX|LME|ICE|EUREX|LIFFE|BMD|SFE|TFEX|COMEX|APEX|DME|JPX|ECBOT|IPE|WORLDINDEXNDEX 
2026-07-08 16:40:17,005 [DEBUG] BaseService Category,ForeignStocks,8,外盘股票,market=GlobalStockMarket,exchange=HKEX|NYSE|NASDAQ|OSE|OSE 
2026-07-08 16:40:17,005 [DEBUG] BaseService Exchange,UnknownExchange,-1,未知,market=UnknownMarketet 
2026-07-08 16:40:17,005 [DEBUG] BaseService Exchange,SHFE,0,上海期货交易所,market=CHNFutureNFuture 
2026-07-08 16:40:17,005 [DEBUG] BaseService Exchange,DCE,1,大连商品交易所,market=CHNFutureNFuture 
2026-07-08 16:40:17,005 [DEBUG] BaseService Exchange,CZCE,2,郑州商品交易所,market=CHNFutureNFuture 
2026-07-08 16:40:17,005 [DEBUG] BaseService Exchange,CFFEX,3,中国金融期货交易所,market=CHNFutureCHNFuture 
2026-07-08 16:40:17,005 [DEBUG] BaseService Exchange,INE,4,上海国际能源交易中心,market=CHNFuture=CHNFuture 
2026-07-08 16:40:17,005 [DEBUG] BaseService Exchange,SSE,5,上海证券交易所,market=CHNStockHNStock 
2026-07-08 16:40:17,005 [DEBUG] BaseService Exchange,SZSE,6,深圳证券交易所,market=CHNStockHNStock 
2026-07-08 16:40:17,005 [DEBUG] BaseService Exchange,BOCE,7,渤海商品交易所,market=CHNSpotCHNSpot 
2026-07-08 16:40:17,005 [DEBUG] BaseService Exchange,SGE,8,上海黄金交易所,market=CHNSpotCHNSpot 
2026-07-08 16:40:17,005 [DEBUG] BaseService Exchange,CBOT,9,芝加哥期货交易所,market=GlobalMarketalMarket 
2026-07-08 16:40:17,005 [DEBUG] BaseService Exchange,CME,10,芝加哥商业交易所,market=GlobalMarketalMarket 
2026-07-08 16:40:17,005 [DEBUG] BaseService Exchange,NYBOT,11,纽约期货交易所,market=GlobalMarketlMarket 
2026-07-08 16:40:17,005 [DEBUG] BaseService Exchange,NYMEX,12,纽约商业期货交易所,market=GlobalMarketbalMarket 
2026-07-08 16:40:17,005 [DEBUG] BaseService Exchange,HKEX,13,香港交易所,market=GlobalStockMarketarket 
2026-07-08 16:40:17,005 [DEBUG] BaseService Exchange,SGX,14,新加坡交易所,market=GlobalMarketMarket 
2026-07-08 16:40:17,005 [DEBUG] BaseService Exchange,TOCOM,15,东京商品交易所,market=GlobalMarketlMarket 
2026-07-08 16:40:17,005 [DEBUG] BaseService Exchange,KRX,16,韩国证券期货交易所,market=GlobalMarketbalMarket 
2026-07-08 16:40:17,005 [DEBUG] BaseService Exchange,LME,17,伦敦金属交易所,market=GlobalMarketlMarket 
2026-07-08 16:40:17,005 [DEBUG] BaseService Exchange,ICE,18,洲际交易所,market=GlobalMarketarket 
2026-07-08 16:40:17,005 [DEBUG] BaseService Exchange,EUREX,19,欧洲期货交易所,market=GlobalMarketlMarket 
2026-07-08 16:40:17,005 [DEBUG] BaseService Exchange,LIFFE,20,伦敦国际金融交易所,market=GlobalMarketbalMarket 
2026-07-08 16:40:17,005 [DEBUG] BaseService Exchange,BMD,21,马来西亚交易所,market=GlobalMarketlMarket 
2026-07-08 16:40:17,005 [DEBUG] BaseService Exchange,SFE,22,悉尼期货交易所,market=GlobalMarketlMarket 
2026-07-08 16:40:17,005 [DEBUG] BaseService Exchange,TFEX,23,泰国期货交易所,market=GlobalMarketlMarket 
2026-07-08 16:40:17,005 [DEBUG] BaseService Exchange,NYSE,24,纽约证券交易所,market=GlobalStockMarketkMarket 
2026-07-08 16:40:17,005 [DEBUG] BaseService Exchange,NASDAQ,25,纳斯达克,market=GlobalStockMarketrket 
2026-07-08 16:40:17,005 [DEBUG] BaseService Exchange,FOREX,26,外汇市场,market=Forexsrexs 
2026-07-08 16:40:17,005 [DEBUG] BaseService Exchange,COMEX,27,纽约金属交易所,market=GlobalMarketlMarket 
2026-07-08 16:40:17,005 [DEBUG] BaseService Exchange,APEX,28,新加坡亚太交易所,market=GlobalMarketalMarket 
2026-07-08 16:40:17,005 [DEBUG] BaseService Exchange,DME,29,迪拜商品交易所,market=GlobalMarketlMarket 
2026-07-08 16:40:17,005 [DEBUG] BaseService Exchange,JPX,30,日本交易所集团,market=GlobalMarketlMarket 
2026-07-08 16:40:17,005 [DEBUG] BaseService Exchange,ECBOT,31,芝加哥电子商品交易所,market=GlobalMarketobalMarket 
2026-07-08 16:40:17,005 [DEBUG] BaseService Exchange,IPE,32,伦敦国际石油交易所,market=GlobalMarketbalMarket 
2026-07-08 16:40:17,005 [DEBUG] BaseService Exchange,OSE,33,大阪证券交易所,market=GlobalStockMarketkMarket 
2026-07-08 16:40:17,005 [DEBUG] BaseService Exchange,WORLDINDEX,34,全球指数,market=GlobalMarketrket 
2026-07-08 16:40:17,005 [DEBUG] BaseService Exchange,TBFT,35,开拓者期货指数,market=CHNFutureNFuture 
2026-07-08 16:40:17,005 [DEBUG] BaseService Exchange,TBST,36,开拓者证券指数,market=CHNStockHNStock 
2026-07-08 16:40:17,005 [DEBUG] BaseService Exchange,OTCF,37,场外基金,market=CHNStocktock 
2026-07-08 16:40:17,005 [DEBUG] BaseService Exchange,BSE,38,北京证券交易所,market=CHNStockHNStock 
2026-07-08 16:40:17,005 [DEBUG] BaseService Exchange,GFEX,39,广州期货交易所,market=CHNFutureNFuture 
2026-07-08 16:40:17,072 [INFO ] BaseService HolidayCache construct  
2026-07-08 16:40:17,100 [TRACE] TBCommon TradingDayCache construct 
2026-07-08 16:40:17,169 [DEBUG] TBCommon RelativeSymbolCache init,srcSize=355,cacheMapSize=355,mainMapSize=6831,sndMainMapSize=4111 
2026-07-08 16:40:18,614 [DEBUG] TBCommon resetCodePropByRule crb=Futures, CodeProperties size=116514 
2026-07-08 16:40:18,614 [DEBUG] TBCommon resetCodePropByBigCate begin category=Futures, CodeProperties size=116514 
2026-07-08 16:40:18,614 [DEBUG] TBCommon CodePropertyCache clearPropByBigCate bigcate= 1,exchsize=7,exchs=SHFE;DCE;CZCE;CFFEX;INE;TBFT;GFEX; 
2026-07-08 16:40:18,811 [DEBUG] TBCommon CodePropertyCache genTimePeriodsCodes, codeEx=pfcode.SHFE,ret=OK@,dealTimesV2=|21:00-02:30;09:00-11:30;13:00-15:15;||||| 
2026-07-08 16:40:18,811 [DEBUG] TBCommon resetCodePropByBigCate end category=Futures 
2026-07-08 16:40:18,811 [DEBUG] TBCommon  TradingDayCache refreshCodeInfo:Futures 
2026-07-08 16:40:18,825 [DEBUG] TBCommon  TradingDayCache refreshCodeInfo:Futures 
2026-07-08 16:40:18,825 [DEBUG] TBCommon  TradingDayCache refreshCodeInfo:Stocks 
2026-07-08 16:40:18,825 [DEBUG] TBCommon  TradingDayCache refreshCodeInfo:Options 
2026-07-08 16:40:18,825 [DEBUG] TBCommon  TradingDayCache refreshCodeInfo:ForeignFutures 
2026-07-08 16:40:18,828 [TRACE] TBCommon CodePropertyCache getSpecialCodeIDs type=次连类型,size=88,codes=ad777.SHFE;i9777.DCE;PL777.CZCE;CF777.CZCE;LR777.CZCE;pb777.SHFE;RI777.CZCE;au777.SHFE;jm777.DCE;ec777.INE;op777.SHFE;WH777.CZCE;hc777.SHFE;lc777.GFEX;UR777.CZCE;ni777.SHFE;fb777.DCE;SH777.CZCE;eg777.DCE;pt777.GFEX;bb777.DCE;ss777.SHFE;HFE;p9777.DCE;jd777.DCE;rb777.SHFE;ru777.SHFE;SA777.CZCE;IM777.CFFEX;eb777.DCE;IH777.CFFEX;SF777.CZCE;AP777.CZCE;c9777.DCE;rr777.DCE;bz777.DCE;ps777.GFEX;TL777.CFFEX;SM777.CZCE;TA777.CZCE;IF777.CFFEX;PF777.CZCE;IC777.CFFEX;sp777.SHFE;lh777.DCE;CJ777.CZCE;zn777.SHFE;RM777.CZCE;lg777.DCE;a9777.DCE;PR777.CZCE;si777.GFEX;PM777.CZCE;cu777.SHFE;v9777.DCE;PX777.CZCE;MA777.CZCE;RS777.CZCE;m9777.DCE;fu777.SHFE;JR777.CZCE;TS777.CFFEX;PK777.CZCE;lu777.INE;b9777.DCE;TF777.CFFEX;l9777.DCE;pd777.GFEX;y9777.DCE;OI777.CZCE;FG777.CZCE;T9777.CFFEX;pg777.DCE;pp777.DCE;br777.SHFE;j9777.DCE;al777.SHFE;cs777.DCE;sn777.SHFE;wr777.SHFE;bu777.SHFE;nr777.INE;SR777.CZCE;ZC777.CZCE;CY777.CZCE;sc777.INE;bc777.INE;ag777.SHFE;ao777.SHFE; 
2026-07-08 16:40:18,858 [TRACE] TBCommon CodePropertyCache getSpecialCodeIDs type=连续类型,size=244,codes=SR3888.CME;ZC888.CZCE;cu888.SHFE;QG888.NYMEX;MHI888.HKEX;MTN888.HKEX;SB888.ICE;MGN888.HKEX;lu888.INE;PK888.CZCE;PF888.CZCE;6J888.CME;LE888.CME;CNC888.HKEX;FEQ888.HKEX;MXC888.HKEX;NG888.NYMEX;CY888.CZCE;NKD888.CME;CCC888.HKEX;ZR888.CBOTCBOT;YM888.CBOT;PR888.CZCE;T9888.ICE;sp888.SHFE;m9888.DCE;RB888.NYMEX;ALI888.COMEX;6B888.CME;l9888.DCE;rb888.SHFE;MIN888.HKEX;CJ888.CZCE;i9888.DCE;pb888.SHFE;MNZ888.HKEX;MMN888.HKEX;bz888.DCE;CHT888.HKEX;MET888.HKEX;TN888.CBOT;IF888.CFFEX;ZL888.CBOT;MCA888.HKEX;KE888.CBOT;NQ888.CME;TF888.CFFEX;IU888.SGX;ICB888.HKEX;lg888.DCE;JDC888.HKEX;CEU888.HKEX;v9888.DCE;EAN888.HKEX;ZB888.CBOT;MPN888.HKEX;SIL888.COMEX;CTC888.HKEX;cs888.DCE;GC888.COMEX;QO888.COMEX;MNQ888.CME;CLI888.HKEX;hc888.SHFE;MVN888.HKEX;ZF888.CBOT;nr888.INE;XW888.CBOT;MCL888.NYMEX;BOC888.HKEX;PL888.NYMEX;QI888.COMEX;RM888.CZCE;PA888.NYMEX;p9888.DCE;MAN888.HKEX;MIA888.HKEX;CCB888.HKEX;MA888.CZCE;KC888.ICE;fu888.SHFE;PEC888.HKEX;pt888.GFEX;RS888.CZCE;PX888.CZCE;M2K888.CME;CT888.ICE;6N888.CME;GAS888.ICE;ps888.GFEX;ZO888.CBOT;op888.SHFE;IM888.CFFEX;6A888.CME;MTW888.HKEX;MXK888.HKEX;UR888.CZCE;MEE888.HKEX;HG888.COMEX;eb888.DCE;a9888.DCE;ZC888.CBOT;FG888.CZCE;rr888.DCE;j9888.DCE;SM888.CZCE;bu888.SHFE;ag888.SHFE;PAI888.HKEX;b9888.DCE;ZM888.CBOT;br888.SHFE;AP888.CZCE;bb888.DCE;SI888.COMEX;pd888.GFEX;CHH888.HKEX;pg888.DCE;CUS888.HKEX;SH888.CZCE;sc888.INE;ZS888.CBOT;QC888.COMEX;fb888.DCE;OI888.CZCE;MVI888.HKEX;ru888.SHFE;BRN888.ICE;RTY888.CME;HHI888.HKEX;SR888.CZCE;y9888.DCE;MCH888.HKEX;HSI888.HKEX;sn888.SHFE;SAS888.CBOT;PIC888.HKEX;MPC888.HKEX;pp888.DCE;MAK888.HKEX;au888.SHFE;MHK888.HKEX;MPS888.HKEX;T9888.CFFEX;ALB888.HKEX;IH888.CFFEX;lc888.GFEX;IC888.CFFEX;MYM888.CBOT;FEM888.HKEX;TS888.CFFEX;MMA888.HKEX;TA888.CZCE;lh888.DCE;6M888.CME;MPJ888.HKEX;W9888.ICE;ZT888.CBOT;NK888.SGX;ao888.SHFE;MGC888.COMEX;GF888.CME;c9888.DCE;MND888.HKEX;6L888.CME;MWN888.HKEX;JR888.CZCE;BZ888.NYMEX;MDN888.HKEX;zn888.SHFE;UHO888.ICE;NTE888.HKEX;CIN888.HKEX;PM888.CZCE;KU888.SGX;HKB888.HKEX;CAU888.HKEX;MEL888.HKEX;RC888.ICE;bc888.INE;ss888.SHFE;ni888.SHFE;al888.SHFE;EMN888.HKEX;jm888.DCE;C9888.ICE;A50888.HKEX;jd888.DCE;NIY888.CME;UIN888.HKEX;TL888.CFFEX;HO888.NYMEX;ec888.INE;XC888.CBOT;wr888.SHFE;MEI888.HKEX;CNH888.CME;CSA888.HKEX;SF888.CZCE;XK888.CBOT;DX888.ICE;GWM888.HKEX;HEX888.HKEX;HE888.CME;AMC888.HKEX;SGP888.SGX;FEF888.SGX;MJU888.HKEX;MES888.CME;eg888.DCE;6C888.CME;TWR888.HKEX;CPC888.HKEX;ZN888.CBOT;si888.GFEX;6E888.CME;MAC888.HKEX;ZW888.CBOT;WH888.CZCE;PL888.CZCE;LBR888.CME;RI888.CZCE;QM888.NYMEX;6S888.CME;CC888.ICE;CMB888.HKEX;TCH888.HKEX;TWN888.SGX;SA888.CZCE;HTI888.HKEX;ad888.SHFE;BUD888.HKEX;MTD888.HKEX;MSN888.HKEX;MIU888.HKEX;CF888.CZCE;CL888.NYMEX;LR888.CZCE;TF888.SGX;ES888.CME;OJ888.ICE;CN888.SGX;UC888.SGX;CJP888.HKEX; 
2026-07-08 16:40:18,877 [DEBUG] Event ,setName 
2026-07-08 16:40:18,900 [DEBUG] DCAPI ICETradeProxy stop begin 
2026-07-08 16:40:18,901 [DEBUG] DCAPI ICETradeProxy stop end 
2026-07-08 16:40:18,901 [DEBUG] DCAPI ICETradeSimuProxy stop begin 
2026-07-08 16:40:18,901 [DEBUG] DCAPI ICETradeSimuProxy stop end 
2026-07-08 16:40:18,901 [DEBUG] DCAPI ICEBaseProxy stop begin 
2026-07-08 16:40:18,901 [DEBUG] DCAPI IceDataProxy stop begin 
2026-07-08 16:40:18,902 [DEBUG] DCAPI IceDataProxy stop end ret=OK@ 
2026-07-08 16:40:18,902 [DEBUG] DCAPI ICEBaseProxy stop end 
2026-07-08 16:40:18,902 [DEBUG] DCAPI ICEAuthenProxy stop begin 
2026-07-08 16:40:18,903 [DEBUG] DCAPI release ice,destory communicator start 
2026-07-08 16:40:18,903 [INFO ] DCAPI connect tbquantdc success 
2026-07-08 16:40:18,904 [INFO ] DCAPI QuoteHisDispatcher stop begin 
2026-07-08 16:40:18,904 [INFO ] DCAPI QuoteHisDispatcher stop end 
2026-07-08 16:40:18,904 [INFO ] DCAPI QuoteRealDispatcher stop begin 
2026-07-08 16:40:18,904 [INFO ] DCAPI QuoteRealDispatcher stop end 
2026-07-08 16:40:18,904 [INFO ] DCAPI DataHisDispatcher stop begin 
2026-07-08 16:40:18,904 [INFO ] DCAPI DataHisDispatcher stop end 
2026-07-08 16:40:18,904 [INFO ] DCAPI DataRealDispatcher stop begin 
2026-07-08 16:40:18,904 [INFO ] DCAPI DataRealDispatcher stop end 
2026-07-08 16:40:18,904 [INFO ] DCAPI CommonDispatcher stop begin 
2026-07-08 16:40:18,904 [INFO ] DCAPI CommonDispatcher stop end 
2026-07-08 16:40:18,904 [DEBUG] DCAPI release ice,destory communicator success 
2026-07-08 16:40:18,904 [INFO ] DCAPI tbdcapi user=,sessionid=1,login out! 
2026-07-08 16:40:18,904 [DEBUG] DCAPI ICEAuthenProxy stop end 
2026-07-08 16:41:40,863 [INFO ] TBCommon GetFileVersionInfoSize fail,moduleName:TBCommon  
2026-07-08 16:41:40,863 [WARN ] TBPY parser_version_str rootPath=D:\software\tb,version= 
2026-07-08 16:41:40,863 [DEBUG] AuthAgent createService,jsonParam=[{"serviceName":"AuthenService","dllPath":"C:\\Users\\Administrator\\AppData\\Local\\Programs\\Python\\Python312\\Lib\\site-packages\\tbpy\\TBDataCenterAPI.dll","procName":"createAuthenService","parameter":{"online":true}},{"serviceName":"BaseService","dllPath":"C:\\Users\\Administrator\\AppData\\Local\\Programs\\Python\\Python312\\Lib\\site-packages\\tbpy\\TBDataCenterAPI.dll","procName":"createBaseService","parameter":{"online":true}},{"serviceName":"TradeService","dllPath":"C:\\Users\\Administrator\\AppData\\Local\\Programs\\Python\\Python312\\Lib\\site-packages\\tbpy\\TBDataCenterAPI.dll","procName":"createTradeService","parameter":{"online":true}},{"serviceName":"TradeSimuService","dllPath":"C:\\Users\\Administrator\\AppData\\Local\\Programs\\Python\\Python312\\Lib\\site-packages\\tbpy\\TBDataCenterAPI.dll","procName":"createTradeSimuService","parameter":{"online":true}}] 
2026-07-08 16:41:40,866 [INFO ] BaseService HolidayCache construct  
2026-07-08 16:41:40,866 [TRACE] TBCommon TradingDayCache construct 
2026-07-08 16:41:40,866 [INFO ] DCAPI QuoteHisDispatcher construct 
2026-07-08 16:41:40,866 [INFO ] DCAPI QuoteRealDispatcher construct 
2026-07-08 16:41:40,866 [INFO ] DCAPI DataHisDispatcher construct 
2026-07-08 16:41:40,866 [INFO ] DCAPI DataRealDispatcher construct 
2026-07-08 16:41:40,866 [DEBUG] AuthAgent InitService start service begin 
2026-07-08 16:41:40,866 [DEBUG] DCAPI ICEServiceManager init option=0,port= 
2026-07-08 16:41:40,866 [DEBUG] DCAPI init ice,start create communicator 
2026-07-08 16:41:40,867 [DEBUG] DCAPI createCommunicator use default config 
2026-07-08 16:41:40,886 [TRACE] DCAPI shm_info,shm=DSOFTWARETBSHM,mtx=DSOFTWARETBSHMTBPROCESSMTX,endpoint=tcp -h 127.0.0.1 -p 13831 
2026-07-08 16:41:40,887 [INFO ] DCAPI QuoteHisDispatcher start begin 
2026-07-08 16:41:40,887 [INFO ] DCAPI QuoteHisDispatcher start end 
2026-07-08 16:41:40,887 [INFO ] DCAPI QuoteRealDispatcher start begin 
2026-07-08 16:41:40,887 [INFO ] DCAPI QuoteRealDispatcher start end 
2026-07-08 16:41:40,887 [INFO ] DCAPI DataHisDispatcher start begin 
2026-07-08 16:41:40,887 [INFO ] DCAPI DataHisDispatcher start end 
2026-07-08 16:41:40,887 [INFO ] DCAPI DataRealDispatcher start begin 
2026-07-08 16:41:40,887 [INFO ] DCAPI DataRealDispatcher start end 
2026-07-08 16:41:40,887 [INFO ] DCAPI CommonDispatcher construct 
2026-07-08 16:41:40,887 [INFO ] DCAPI CommonDispatcher start begin 
2026-07-08 16:41:40,887 [INFO ] DCAPI CommonDispatcher start end 
2026-07-08 16:41:40,887 [DEBUG] DCAPI init ice,create communicator success 
2026-07-08 16:41:40,888 [INFO ] DCAPI connect tbquantdc success 
2026-07-08 16:41:40,889 [DEBUG] DCAPI ICEAuthenProxy start 
2026-07-08 16:41:40,889 [DEBUG] AuthAgent InitService start service end 
2026-07-08 16:41:40,889 [DEBUG] AuthAgent InitService end 
2026-07-08 16:41:40,889 [DEBUG] AuthAgent Login start 
2026-07-08 16:41:40,889 [DEBUG] AuthAgent Login get host begin 
2026-07-08 16:41:41,002 [TRACE] DCAPI 获取本机mac地址成功, mac:0C5B8F279A648F279A64 
2026-07-08 16:41:41,002 [DEBUG] AuthAgent Login get host end 
2026-07-08 16:41:41,002 [DEBUG] DCAPI ICEAuthenProxy login start 
2026-07-08 16:41:41,002 [INFO ] DCAPI try lock process mutex success,mutex key:1tcp-h127001-p13831 
2026-07-08 16:41:41,002 [INFO ] DCAPI 【softversion】,versionNo=3.12.3,softType=Standard,platformType=TBPYPY 
2026-07-08 16:41:41,004 [INFO ] DCAPI tbdcapi user=,sessionid=1,login success! 
2026-07-08 16:41:41,006 [DEBUG] DCAPI ICEAuthenProxy login end 
2026-07-08 16:41:41,010 [DEBUG] AuthAgent Login end 
2026-07-08 16:41:41,012 [DEBUG] DCAPI start IceDataProxy, ret=OK@ 
2026-07-08 16:41:41,013 [DEBUG] DCAPI ICETradeSimuProxy start begin 
2026-07-08 16:41:41,013 [DEBUG] DCAPI ICETradeSimuProxy start end,OK@ 
2026-07-08 16:41:41,199 [DEBUG] BaseService initBase initConfig,size=3,OK@ 
2026-07-08 16:41:41,199 [DEBUG] BaseService initBase initConfig,SimuIgnoreDelayMs=3000 
2026-07-08 16:41:41,199 [DEBUG] BaseService initBase initConfig,SimuMatchDelayMs=3000 
2026-07-08 16:41:41,199 [DEBUG] BaseService initBase initConfig,SimuLimitCancelCNT=500 
2026-07-08 16:41:41,199 [DEBUG] BaseService initBase=OK@,initMarket=OK@,initCategory=OK@,initExchange=OK@,lastBase=00000297CED02BF0,nowBase=00000297CED02EF0 
2026-07-08 16:41:41,199 [DEBUG] BaseService Market,UnknownMarket,0,,category=UnknownCategory|Bonds|Funds,exchange=UnknownExchange 
2026-07-08 16:41:41,199 [DEBUG] BaseService Market,CHNFuture,1,期货,category=Futures|Options,exchange=SHFE|DCE|CZCE|CFFEX|INE|TBFT|GFEXEX 
2026-07-08 16:41:41,199 [DEBUG] BaseService Market,CHNStock,2,股票,category=Stocks,exchange=SSE|SZSE|TBST|OTCF|BSESE 
2026-07-08 16:41:41,199 [DEBUG] BaseService Market,CHNOptions,4,期权,category=,exchange=e= 
2026-07-08 16:41:41,199 [DEBUG] BaseService Market,GlobalMarket,8,国外期货,category=ForeignFutures,exchange=CBOT|CME|NYBOT|NYMEX|SGX|TOCOM|KRX|LME|ICE|EUREX|LIFFE|BMD|SFE|TFEX|COMEX|APEX|DME|JPX|ECBOT|IPE|WORLDINDEXNDEX 
2026-07-08 16:41:41,199 [DEBUG] BaseService Market,GlobalStockMarket,16,国外证券,category=ForeignStocks,exchange=HKEX|NYSE|NASDAQ|OSE|OSE 
2026-07-08 16:41:41,199 [DEBUG] BaseService Market,CHNSpot,32,现货,category=SpotTrans,exchange=BOCE|SGEGE 
2026-07-08 16:41:41,199 [DEBUG] BaseService Market,Forexs,64,外汇,category=Forexs,exchange=FOREXEX 
2026-07-08 16:41:41,199 [DEBUG] BaseService Market,TBNews,128,资讯,category=,exchange=e= 
2026-07-08 16:41:41,199 [DEBUG] BaseService Market,CHNStockSnap,256,查询快照,category=,exchange=nge= 
2026-07-08 16:41:41,199 [DEBUG] BaseService Market,MobileMonitor,512,移动监控,category=,exchange=nge= 
2026-07-08 16:41:41,199 [DEBUG] BaseService Category,UnknownCategory,-1,未知,market=UnknownMarket,exchange=UnknownExchangege 
2026-07-08 16:41:41,199 [DEBUG] BaseService Category,Stocks,0,股票,market=CHNStock,exchange=SSE|SZSE|TBST|OTCF|BSESE 
2026-07-08 16:41:41,199 [DEBUG] BaseService Category,Futures,1,期货,market=CHNFuture,exchange=SHFE|DCE|CZCE|CFFEX|INE|TBFT|GFEXEX 
2026-07-08 16:41:41,199 [DEBUG] BaseService Category,Forexs,2,外汇,market=Forexs,exchange=FOREXEX 
2026-07-08 16:41:41,199 [DEBUG] BaseService Category,Bonds,3,债券,market=UnknownMarket,exchange=e= 
2026-07-08 16:41:41,199 [DEBUG] BaseService Category,Funds,4,基金,market=UnknownMarket,exchange=e= 
2026-07-08 16:41:41,199 [DEBUG] BaseService Category,Options,5,期权,market=CHNFuture,exchange=SHFE|DCE|CZCE|CFFEX|INE|SSE|SZSE|BSE|GFEXEX 
2026-07-08 16:41:41,199 [DEBUG] BaseService Category,SpotTrans,6,现货,market=CHNSpot,exchange=BOCE|SGEGE 
2026-07-08 16:41:41,199 [DEBUG] BaseService Category,ForeignFutures,7,外盘期货,market=GlobalMarket,exchange=CBOT|CME|NYBOT|NYMEX|HKEX|SGX|TOCOM|KRX|LME|ICE|EUREX|LIFFE|BMD|SFE|TFEX|COMEX|APEX|DME|JPX|ECBOT|IPE|WORLDINDEXNDEX 
2026-07-08 16:41:41,199 [DEBUG] BaseService Category,ForeignStocks,8,外盘股票,market=GlobalStockMarket,exchange=HKEX|NYSE|NASDAQ|OSE|OSE 
2026-07-08 16:41:41,199 [DEBUG] BaseService Exchange,UnknownExchange,-1,未知,market=UnknownMarketet 
2026-07-08 16:41:41,199 [DEBUG] BaseService Exchange,SHFE,0,上海期货交易所,market=CHNFutureNFuture 
2026-07-08 16:41:41,199 [DEBUG] BaseService Exchange,DCE,1,大连商品交易所,market=CHNFutureNFuture 
2026-07-08 16:41:41,199 [DEBUG] BaseService Exchange,CZCE,2,郑州商品交易所,market=CHNFutureNFuture 
2026-07-08 16:41:41,199 [DEBUG] BaseService Exchange,CFFEX,3,中国金融期货交易所,market=CHNFutureCHNFuture 
2026-07-08 16:41:41,199 [DEBUG] BaseService Exchange,INE,4,上海国际能源交易中心,market=CHNFuture=CHNFuture 
2026-07-08 16:41:41,199 [DEBUG] BaseService Exchange,SSE,5,上海证券交易所,market=CHNStockHNStock 
2026-07-08 16:41:41,199 [DEBUG] BaseService Exchange,SZSE,6,深圳证券交易所,market=CHNStockHNStock 
2026-07-08 16:41:41,199 [DEBUG] BaseService Exchange,BOCE,7,渤海商品交易所,market=CHNSpotCHNSpot 
2026-07-08 16:41:41,199 [DEBUG] BaseService Exchange,SGE,8,上海黄金交易所,market=CHNSpotCHNSpot 
2026-07-08 16:41:41,199 [DEBUG] BaseService Exchange,CBOT,9,芝加哥期货交易所,market=GlobalMarketalMarket 
2026-07-08 16:41:41,199 [DEBUG] BaseService Exchange,CME,10,芝加哥商业交易所,market=GlobalMarketalMarket 
2026-07-08 16:41:41,199 [DEBUG] BaseService Exchange,NYBOT,11,纽约期货交易所,market=GlobalMarketlMarket 
2026-07-08 16:41:41,199 [DEBUG] BaseService Exchange,NYMEX,12,纽约商业期货交易所,market=GlobalMarketbalMarket 
2026-07-08 16:41:41,199 [DEBUG] BaseService Exchange,HKEX,13,香港交易所,market=GlobalStockMarketarket 
2026-07-08 16:41:41,199 [DEBUG] BaseService Exchange,SGX,14,新加坡交易所,market=GlobalMarketMarket 
2026-07-08 16:41:41,199 [DEBUG] BaseService Exchange,TOCOM,15,东京商品交易所,market=GlobalMarketlMarket 
2026-07-08 16:41:41,199 [DEBUG] BaseService Exchange,KRX,16,韩国证券期货交易所,market=GlobalMarketbalMarket 
2026-07-08 16:41:41,199 [DEBUG] BaseService Exchange,LME,17,伦敦金属交易所,market=GlobalMarketlMarket 
2026-07-08 16:41:41,199 [DEBUG] BaseService Exchange,ICE,18,洲际交易所,market=GlobalMarketarket 
2026-07-08 16:41:41,199 [DEBUG] BaseService Exchange,EUREX,19,欧洲期货交易所,market=GlobalMarketlMarket 
2026-07-08 16:41:41,199 [DEBUG] BaseService Exchange,LIFFE,20,伦敦国际金融交易所,market=GlobalMarketbalMarket 
2026-07-08 16:41:41,199 [DEBUG] BaseService Exchange,BMD,21,马来西亚交易所,market=GlobalMarketlMarket 
2026-07-08 16:41:41,199 [DEBUG] BaseService Exchange,SFE,22,悉尼期货交易所,market=GlobalMarketlMarket 
2026-07-08 16:41:41,199 [DEBUG] BaseService Exchange,TFEX,23,泰国期货交易所,market=GlobalMarketlMarket 
2026-07-08 16:41:41,199 [DEBUG] BaseService Exchange,NYSE,24,纽约证券交易所,market=GlobalStockMarketkMarket 
2026-07-08 16:41:41,199 [DEBUG] BaseService Exchange,NASDAQ,25,纳斯达克,market=GlobalStockMarketrket 
2026-07-08 16:41:41,199 [DEBUG] BaseService Exchange,FOREX,26,外汇市场,market=Forexsrexs 
2026-07-08 16:41:41,199 [DEBUG] BaseService Exchange,COMEX,27,纽约金属交易所,market=GlobalMarketlMarket 
2026-07-08 16:41:41,199 [DEBUG] BaseService Exchange,APEX,28,新加坡亚太交易所,market=GlobalMarketalMarket 
2026-07-08 16:41:41,199 [DEBUG] BaseService Exchange,DME,29,迪拜商品交易所,market=GlobalMarketlMarket 
2026-07-08 16:41:41,199 [DEBUG] BaseService Exchange,JPX,30,日本交易所集团,market=GlobalMarketlMarket 
2026-07-08 16:41:41,199 [DEBUG] BaseService Exchange,ECBOT,31,芝加哥电子商品交易所,market=GlobalMarketobalMarket 
2026-07-08 16:41:41,199 [DEBUG] BaseService Exchange,IPE,32,伦敦国际石油交易所,market=GlobalMarketbalMarket 
2026-07-08 16:41:41,199 [DEBUG] BaseService Exchange,OSE,33,大阪证券交易所,market=GlobalStockMarketkMarket 
2026-07-08 16:41:41,199 [DEBUG] BaseService Exchange,WORLDINDEX,34,全球指数,market=GlobalMarketrket 
2026-07-08 16:41:41,199 [DEBUG] BaseService Exchange,TBFT,35,开拓者期货指数,market=CHNFutureNFuture 
2026-07-08 16:41:41,199 [DEBUG] BaseService Exchange,TBST,36,开拓者证券指数,market=CHNStockHNStock 
2026-07-08 16:41:41,199 [DEBUG] BaseService Exchange,OTCF,37,场外基金,market=CHNStocktock 
2026-07-08 16:41:41,199 [DEBUG] BaseService Exchange,BSE,38,北京证券交易所,market=CHNStockHNStock 
2026-07-08 16:41:41,200 [DEBUG] BaseService Exchange,GFEX,39,广州期货交易所,market=CHNFutureNFuture 
2026-07-08 16:41:41,257 [INFO ] BaseService HolidayCache construct  
2026-07-08 16:41:41,283 [TRACE] TBCommon TradingDayCache construct 
2026-07-08 16:41:41,333 [DEBUG] TBCommon RelativeSymbolCache init,srcSize=355,cacheMapSize=355,mainMapSize=6831,sndMainMapSize=4111 
2026-07-08 16:41:42,817 [DEBUG] TBCommon resetCodePropByRule crb=Futures, CodeProperties size=116514 
2026-07-08 16:41:42,817 [DEBUG] TBCommon resetCodePropByBigCate begin category=Futures, CodeProperties size=116514 
2026-07-08 16:41:42,817 [DEBUG] TBCommon CodePropertyCache clearPropByBigCate bigcate= 1,exchsize=7,exchs=SHFE;DCE;CZCE;CFFEX;INE;TBFT;GFEX; 
2026-07-08 16:41:43,020 [DEBUG] TBCommon CodePropertyCache genTimePeriodsCodes, codeEx=pfcode.SHFE,ret=OK@,dealTimesV2=|21:00-02:30;09:00-11:30;13:00-15:15;||||| 
2026-07-08 16:41:43,020 [DEBUG] TBCommon resetCodePropByBigCate end category=Futures 
2026-07-08 16:41:43,020 [DEBUG] TBCommon  TradingDayCache refreshCodeInfo:Futures 
2026-07-08 16:41:43,033 [DEBUG] TBCommon  TradingDayCache refreshCodeInfo:Futures 
2026-07-08 16:41:43,033 [DEBUG] TBCommon  TradingDayCache refreshCodeInfo:Stocks 
2026-07-08 16:41:43,033 [DEBUG] TBCommon  TradingDayCache refreshCodeInfo:Options 
2026-07-08 16:41:43,033 [DEBUG] TBCommon  TradingDayCache refreshCodeInfo:ForeignFutures 
2026-07-08 16:41:43,037 [TRACE] TBCommon CodePropertyCache getSpecialCodeIDs type=次连类型,size=88,codes=ad777.SHFE;i9777.DCE;PL777.CZCE;CF777.CZCE;LR777.CZCE;pb777.SHFE;RI777.CZCE;au777.SHFE;jm777.DCE;ec777.INE;op777.SHFE;WH777.CZCE;hc777.SHFE;lc777.GFEX;UR777.CZCE;ni777.SHFE;fb777.DCE;SH777.CZCE;eg777.DCE;pt777.GFEX;bb777.DCE;ss777.SHFE;HFE;p9777.DCE;jd777.DCE;rb777.SHFE;ru777.SHFE;SA777.CZCE;IM777.CFFEX;eb777.DCE;IH777.CFFEX;SF777.CZCE;AP777.CZCE;c9777.DCE;rr777.DCE;bz777.DCE;ps777.GFEX;TL777.CFFEX;SM777.CZCE;TA777.CZCE;IF777.CFFEX;PF777.CZCE;IC777.CFFEX;sp777.SHFE;lh777.DCE;CJ777.CZCE;zn777.SHFE;RM777.CZCE;lg777.DCE;a9777.DCE;PR777.CZCE;si777.GFEX;PM777.CZCE;cu777.SHFE;v9777.DCE;PX777.CZCE;MA777.CZCE;RS777.CZCE;m9777.DCE;fu777.SHFE;JR777.CZCE;TS777.CFFEX;PK777.CZCE;lu777.INE;b9777.DCE;TF777.CFFEX;l9777.DCE;pd777.GFEX;y9777.DCE;OI777.CZCE;FG777.CZCE;T9777.CFFEX;pg777.DCE;pp777.DCE;br777.SHFE;j9777.DCE;al777.SHFE;cs777.DCE;sn777.SHFE;wr777.SHFE;bu777.SHFE;nr777.INE;SR777.CZCE;ZC777.CZCE;CY777.CZCE;sc777.INE;bc777.INE;ag777.SHFE;ao777.SHFE; 
2026-07-08 16:41:43,062 [TRACE] TBCommon CodePropertyCache getSpecialCodeIDs type=连续类型,size=244,codes=SR3888.CME;ZC888.CZCE;cu888.SHFE;QG888.NYMEX;MHI888.HKEX;MTN888.HKEX;SB888.ICE;MGN888.HKEX;lu888.INE;PK888.CZCE;PF888.CZCE;6J888.CME;LE888.CME;CNC888.HKEX;FEQ888.HKEX;MXC888.HKEX;NG888.NYMEX;CY888.CZCE;NKD888.CME;CCC888.HKEX;ZR888.CBOTCBOT;YM888.CBOT;PR888.CZCE;T9888.ICE;sp888.SHFE;m9888.DCE;RB888.NYMEX;ALI888.COMEX;6B888.CME;l9888.DCE;rb888.SHFE;MIN888.HKEX;CJ888.CZCE;i9888.DCE;pb888.SHFE;MNZ888.HKEX;MMN888.HKEX;bz888.DCE;CHT888.HKEX;MET888.HKEX;TN888.CBOT;IF888.CFFEX;ZL888.CBOT;MCA888.HKEX;KE888.CBOT;NQ888.CME;TF888.CFFEX;IU888.SGX;ICB888.HKEX;lg888.DCE;JDC888.HKEX;CEU888.HKEX;v9888.DCE;EAN888.HKEX;ZB888.CBOT;MPN888.HKEX;SIL888.COMEX;CTC888.HKEX;cs888.DCE;GC888.COMEX;QO888.COMEX;MNQ888.CME;CLI888.HKEX;hc888.SHFE;MVN888.HKEX;ZF888.CBOT;nr888.INE;XW888.CBOT;MCL888.NYMEX;BOC888.HKEX;PL888.NYMEX;QI888.COMEX;RM888.CZCE;PA888.NYMEX;p9888.DCE;MAN888.HKEX;MIA888.HKEX;CCB888.HKEX;MA888.CZCE;KC888.ICE;fu888.SHFE;PEC888.HKEX;pt888.GFEX;RS888.CZCE;PX888.CZCE;M2K888.CME;CT888.ICE;6N888.CME;GAS888.ICE;ps888.GFEX;ZO888.CBOT;op888.SHFE;IM888.CFFEX;6A888.CME;MTW888.HKEX;MXK888.HKEX;UR888.CZCE;MEE888.HKEX;HG888.COMEX;eb888.DCE;a9888.DCE;ZC888.CBOT;FG888.CZCE;rr888.DCE;j9888.DCE;SM888.CZCE;bu888.SHFE;ag888.SHFE;PAI888.HKEX;b9888.DCE;ZM888.CBOT;br888.SHFE;AP888.CZCE;bb888.DCE;SI888.COMEX;pd888.GFEX;CHH888.HKEX;pg888.DCE;CUS888.HKEX;SH888.CZCE;sc888.INE;ZS888.CBOT;QC888.COMEX;fb888.DCE;OI888.CZCE;MVI888.HKEX;ru888.SHFE;BRN888.ICE;RTY888.CME;HHI888.HKEX;SR888.CZCE;y9888.DCE;MCH888.HKEX;HSI888.HKEX;sn888.SHFE;SAS888.CBOT;PIC888.HKEX;MPC888.HKEX;pp888.DCE;MAK888.HKEX;au888.SHFE;MHK888.HKEX;MPS888.HKEX;T9888.CFFEX;ALB888.HKEX;IH888.CFFEX;lc888.GFEX;IC888.CFFEX;MYM888.CBOT;FEM888.HKEX;TS888.CFFEX;MMA888.HKEX;TA888.CZCE;lh888.DCE;6M888.CME;MPJ888.HKEX;W9888.ICE;ZT888.CBOT;NK888.SGX;ao888.SHFE;MGC888.COMEX;GF888.CME;c9888.DCE;MND888.HKEX;6L888.CME;MWN888.HKEX;JR888.CZCE;BZ888.NYMEX;MDN888.HKEX;zn888.SHFE;UHO888.ICE;NTE888.HKEX;CIN888.HKEX;PM888.CZCE;KU888.SGX;HKB888.HKEX;CAU888.HKEX;MEL888.HKEX;RC888.ICE;bc888.INE;ss888.SHFE;ni888.SHFE;al888.SHFE;EMN888.HKEX;jm888.DCE;C9888.ICE;A50888.HKEX;jd888.DCE;NIY888.CME;UIN888.HKEX;TL888.CFFEX;HO888.NYMEX;ec888.INE;XC888.CBOT;wr888.SHFE;MEI888.HKEX;CNH888.CME;CSA888.HKEX;SF888.CZCE;XK888.CBOT;DX888.ICE;GWM888.HKEX;HEX888.HKEX;HE888.CME;AMC888.HKEX;SGP888.SGX;FEF888.SGX;MJU888.HKEX;MES888.CME;eg888.DCE;6C888.CME;TWR888.HKEX;CPC888.HKEX;ZN888.CBOT;si888.GFEX;6E888.CME;MAC888.HKEX;ZW888.CBOT;WH888.CZCE;PL888.CZCE;LBR888.CME;RI888.CZCE;QM888.NYMEX;6S888.CME;CC888.ICE;CMB888.HKEX;TCH888.HKEX;TWN888.SGX;SA888.CZCE;HTI888.HKEX;ad888.SHFE;BUD888.HKEX;MTD888.HKEX;MSN888.HKEX;MIU888.HKEX;CF888.CZCE;CL888.NYMEX;LR888.CZCE;TF888.SGX;ES888.CME;OJ888.ICE;CN888.SGX;UC888.SGX;CJP888.HKEX; 
2026-07-08 16:41:43,082 [DEBUG] Event ,setName 
2026-07-08 16:41:43,351 [DEBUG] DCAPI ICETradeProxy stop begin 
2026-07-08 16:41:43,352 [DEBUG] DCAPI ICETradeProxy stop end 
2026-07-08 16:41:43,352 [DEBUG] DCAPI ICETradeSimuProxy stop begin 
2026-07-08 16:41:43,352 [DEBUG] DCAPI ICETradeSimuProxy stop end 
2026-07-08 16:41:43,352 [DEBUG] DCAPI ICEBaseProxy stop begin 
2026-07-08 16:41:43,352 [DEBUG] DCAPI IceDataProxy stop begin 
2026-07-08 16:41:43,353 [DEBUG] DCAPI IceDataProxy stop end ret=OK@ 
2026-07-08 16:41:43,353 [DEBUG] DCAPI ICEBaseProxy stop end 
2026-07-08 16:41:43,353 [DEBUG] DCAPI ICEAuthenProxy stop begin 
2026-07-08 16:41:43,354 [DEBUG] DCAPI release ice,destory communicator start 
2026-07-08 16:41:43,354 [INFO ] DCAPI connect tbquantdc success 
2026-07-08 16:41:43,355 [INFO ] DCAPI QuoteHisDispatcher stop begin 
2026-07-08 16:41:43,355 [INFO ] DCAPI QuoteHisDispatcher stop end 
2026-07-08 16:41:43,355 [INFO ] DCAPI QuoteRealDispatcher stop begin 
2026-07-08 16:41:43,355 [INFO ] DCAPI QuoteRealDispatcher stop end 
2026-07-08 16:41:43,355 [INFO ] DCAPI DataHisDispatcher stop begin 
2026-07-08 16:41:43,355 [INFO ] DCAPI DataHisDispatcher stop end 
2026-07-08 16:41:43,355 [INFO ] DCAPI DataRealDispatcher stop begin 
2026-07-08 16:41:43,355 [INFO ] DCAPI DataRealDispatcher stop end 
2026-07-08 16:41:43,355 [INFO ] DCAPI CommonDispatcher stop begin 
2026-07-08 16:41:43,355 [INFO ] DCAPI CommonDispatcher stop end 
2026-07-08 16:41:43,355 [DEBUG] DCAPI release ice,destory communicator success 
2026-07-08 16:41:43,355 [INFO ] DCAPI tbdcapi user=,sessionid=1,login out! 
2026-07-08 16:41:43,355 [DEBUG] DCAPI ICEAuthenProxy stop end 
2026-07-08 16:44:54,900 [INFO ] TBCommon GetFileVersionInfoSize fail,moduleName:TBCommon  
2026-07-08 16:44:54,901 [WARN ] TBPY parser_version_str rootPath=D:\software\tb,version= 
2026-07-08 16:44:54,901 [DEBUG] AuthAgent createService,jsonParam=[{"serviceName":"AuthenService","dllPath":"C:\\Users\\Administrator\\AppData\\Local\\Programs\\Python\\Python312\\Lib\\site-packages\\tbpy\\TBDataCenterAPI.dll","procName":"createAuthenService","parameter":{"online":true}},{"serviceName":"BaseService","dllPath":"C:\\Users\\Administrator\\AppData\\Local\\Programs\\Python\\Python312\\Lib\\site-packages\\tbpy\\TBDataCenterAPI.dll","procName":"createBaseService","parameter":{"online":true}},{"serviceName":"TradeService","dllPath":"C:\\Users\\Administrator\\AppData\\Local\\Programs\\Python\\Python312\\Lib\\site-packages\\tbpy\\TBDataCenterAPI.dll","procName":"createTradeService","parameter":{"online":true}},{"serviceName":"TradeSimuService","dllPath":"C:\\Users\\Administrator\\AppData\\Local\\Programs\\Python\\Python312\\Lib\\site-packages\\tbpy\\TBDataCenterAPI.dll","procName":"createTradeSimuService","parameter":{"online":true}}] 
2026-07-08 16:44:54,904 [INFO ] BaseService HolidayCache construct  
2026-07-08 16:44:54,904 [TRACE] TBCommon TradingDayCache construct 
2026-07-08 16:44:54,904 [INFO ] DCAPI QuoteHisDispatcher construct 
2026-07-08 16:44:54,904 [INFO ] DCAPI QuoteRealDispatcher construct 
2026-07-08 16:44:54,904 [INFO ] DCAPI DataHisDispatcher construct 
2026-07-08 16:44:54,904 [INFO ] DCAPI DataRealDispatcher construct 
2026-07-08 16:44:54,904 [DEBUG] AuthAgent InitService start service begin 
2026-07-08 16:44:54,904 [DEBUG] DCAPI ICEServiceManager init option=0,port= 
2026-07-08 16:44:54,904 [DEBUG] DCAPI init ice,start create communicator 
2026-07-08 16:44:54,905 [DEBUG] DCAPI createCommunicator use default config 
2026-07-08 16:44:54,935 [TRACE] DCAPI shm_info,shm=DSOFTWARETBSHM,mtx=DSOFTWARETBSHMTBPROCESSMTX,endpoint=tcp -h 127.0.0.1 -p 13831 
2026-07-08 16:44:54,936 [INFO ] DCAPI QuoteHisDispatcher start begin 
2026-07-08 16:44:54,937 [INFO ] DCAPI QuoteHisDispatcher start end 
2026-07-08 16:44:54,937 [INFO ] DCAPI QuoteRealDispatcher start begin 
2026-07-08 16:44:54,937 [INFO ] DCAPI QuoteRealDispatcher start end 
2026-07-08 16:44:54,937 [INFO ] DCAPI DataHisDispatcher start begin 
2026-07-08 16:44:54,937 [INFO ] DCAPI DataHisDispatcher start end 
2026-07-08 16:44:54,937 [INFO ] DCAPI DataRealDispatcher start begin 
2026-07-08 16:44:54,937 [INFO ] DCAPI DataRealDispatcher start end 
2026-07-08 16:44:54,937 [INFO ] DCAPI CommonDispatcher construct 
2026-07-08 16:44:54,937 [INFO ] DCAPI CommonDispatcher start begin 
2026-07-08 16:44:54,937 [INFO ] DCAPI CommonDispatcher start end 
2026-07-08 16:44:54,937 [DEBUG] DCAPI init ice,create communicator success 
2026-07-08 16:44:54,938 [INFO ] DCAPI connect tbquantdc success 
2026-07-08 16:44:54,939 [DEBUG] DCAPI ICEAuthenProxy start 
2026-07-08 16:44:54,939 [DEBUG] AuthAgent InitService start service end 
2026-07-08 16:44:54,939 [DEBUG] AuthAgent InitService end 
2026-07-08 16:44:54,939 [DEBUG] AuthAgent Login start 
2026-07-08 16:44:54,939 [DEBUG] AuthAgent Login get host begin 
2026-07-08 16:44:55,069 [TRACE] DCAPI 获取本机mac地址成功, mac:0C5B8F279A648F279A64 
2026-07-08 16:44:55,069 [DEBUG] AuthAgent Login get host end 
2026-07-08 16:44:55,069 [DEBUG] DCAPI ICEAuthenProxy login start 
2026-07-08 16:44:55,069 [INFO ] DCAPI try lock process mutex success,mutex key:1tcp-h127001-p13831 
2026-07-08 16:44:55,069 [INFO ] DCAPI 【softversion】,versionNo=3.12.3,softType=Standard,platformType=TBPYPY 
2026-07-08 16:44:55,070 [INFO ] DCAPI tbdcapi user=,sessionid=1,login success! 
2026-07-08 16:44:55,070 [DEBUG] DCAPI ICEAuthenProxy login end 
2026-07-08 16:44:55,071 [DEBUG] AuthAgent Login end 
2026-07-08 16:44:55,072 [DEBUG] DCAPI start IceDataProxy, ret=OK@ 
2026-07-08 16:44:55,072 [DEBUG] DCAPI ICETradeSimuProxy start begin 
2026-07-08 16:44:55,072 [DEBUG] DCAPI ICETradeSimuProxy start end,OK@ 
2026-07-08 16:44:55,254 [DEBUG] BaseService initBase initConfig,size=3,OK@ 
2026-07-08 16:44:55,254 [DEBUG] BaseService initBase initConfig,SimuIgnoreDelayMs=3000 
2026-07-08 16:44:55,254 [DEBUG] BaseService initBase initConfig,SimuMatchDelayMs=3000 
2026-07-08 16:44:55,254 [DEBUG] BaseService initBase initConfig,SimuLimitCancelCNT=500 
2026-07-08 16:44:55,254 [DEBUG] BaseService initBase=OK@,initMarket=OK@,initCategory=OK@,initExchange=OK@,lastBase=0000024439CA2D80,nowBase=0000024439CA5B80 
2026-07-08 16:44:55,254 [DEBUG] BaseService Market,UnknownMarket,0,,category=UnknownCategory|Bonds|Funds,exchange=UnknownExchange 
2026-07-08 16:44:55,254 [DEBUG] BaseService Market,CHNFuture,1,期货,category=Futures|Options,exchange=SHFE|DCE|CZCE|CFFEX|INE|TBFT|GFEXEX 
2026-07-08 16:44:55,254 [DEBUG] BaseService Market,CHNStock,2,股票,category=Stocks,exchange=SSE|SZSE|TBST|OTCF|BSESE 
2026-07-08 16:44:55,254 [DEBUG] BaseService Market,CHNOptions,4,期权,category=,exchange=e= 
2026-07-08 16:44:55,254 [DEBUG] BaseService Market,GlobalMarket,8,国外期货,category=ForeignFutures,exchange=CBOT|CME|NYBOT|NYMEX|SGX|TOCOM|KRX|LME|ICE|EUREX|LIFFE|BMD|SFE|TFEX|COMEX|APEX|DME|JPX|ECBOT|IPE|WORLDINDEXNDEX 
2026-07-08 16:44:55,254 [DEBUG] BaseService Market,GlobalStockMarket,16,国外证券,category=ForeignStocks,exchange=HKEX|NYSE|NASDAQ|OSE|OSE 
2026-07-08 16:44:55,254 [DEBUG] BaseService Market,CHNSpot,32,现货,category=SpotTrans,exchange=BOCE|SGEGE 
2026-07-08 16:44:55,254 [DEBUG] BaseService Market,Forexs,64,外汇,category=Forexs,exchange=FOREXEX 
2026-07-08 16:44:55,254 [DEBUG] BaseService Market,TBNews,128,资讯,category=,exchange=e= 
2026-07-08 16:44:55,254 [DEBUG] BaseService Market,CHNStockSnap,256,查询快照,category=,exchange=nge= 
2026-07-08 16:44:55,254 [DEBUG] BaseService Market,MobileMonitor,512,移动监控,category=,exchange=nge= 
2026-07-08 16:44:55,254 [DEBUG] BaseService Category,UnknownCategory,-1,未知,market=UnknownMarket,exchange=UnknownExchangege 
2026-07-08 16:44:55,254 [DEBUG] BaseService Category,Stocks,0,股票,market=CHNStock,exchange=SSE|SZSE|TBST|OTCF|BSESE 
2026-07-08 16:44:55,254 [DEBUG] BaseService Category,Futures,1,期货,market=CHNFuture,exchange=SHFE|DCE|CZCE|CFFEX|INE|TBFT|GFEXEX 
2026-07-08 16:44:55,254 [DEBUG] BaseService Category,Forexs,2,外汇,market=Forexs,exchange=FOREXEX 
2026-07-08 16:44:55,254 [DEBUG] BaseService Category,Bonds,3,债券,market=UnknownMarket,exchange=e= 
2026-07-08 16:44:55,254 [DEBUG] BaseService Category,Funds,4,基金,market=UnknownMarket,exchange=e= 
2026-07-08 16:44:55,254 [DEBUG] BaseService Category,Options,5,期权,market=CHNFuture,exchange=SHFE|DCE|CZCE|CFFEX|INE|SSE|SZSE|BSE|GFEXEX 
2026-07-08 16:44:55,254 [DEBUG] BaseService Category,SpotTrans,6,现货,market=CHNSpot,exchange=BOCE|SGEGE 
2026-07-08 16:44:55,254 [DEBUG] BaseService Category,ForeignFutures,7,外盘期货,market=GlobalMarket,exchange=CBOT|CME|NYBOT|NYMEX|HKEX|SGX|TOCOM|KRX|LME|ICE|EUREX|LIFFE|BMD|SFE|TFEX|COMEX|APEX|DME|JPX|ECBOT|IPE|WORLDINDEXNDEX 
2026-07-08 16:44:55,254 [DEBUG] BaseService Category,ForeignStocks,8,外盘股票,market=GlobalStockMarket,exchange=HKEX|NYSE|NASDAQ|OSE|OSE 
2026-07-08 16:44:55,254 [DEBUG] BaseService Exchange,UnknownExchange,-1,未知,market=UnknownMarketet 
2026-07-08 16:44:55,254 [DEBUG] BaseService Exchange,SHFE,0,上海期货交易所,market=CHNFutureNFuture 
2026-07-08 16:44:55,254 [DEBUG] BaseService Exchange,DCE,1,大连商品交易所,market=CHNFutureNFuture 
2026-07-08 16:44:55,254 [DEBUG] BaseService Exchange,CZCE,2,郑州商品交易所,market=CHNFutureNFuture 
2026-07-08 16:44:55,254 [DEBUG] BaseService Exchange,CFFEX,3,中国金融期货交易所,market=CHNFutureCHNFuture 
2026-07-08 16:44:55,254 [DEBUG] BaseService Exchange,INE,4,上海国际能源交易中心,market=CHNFuture=CHNFuture 
2026-07-08 16:44:55,254 [DEBUG] BaseService Exchange,SSE,5,上海证券交易所,market=CHNStockHNStock 
2026-07-08 16:44:55,254 [DEBUG] BaseService Exchange,SZSE,6,深圳证券交易所,market=CHNStockHNStock 
2026-07-08 16:44:55,254 [DEBUG] BaseService Exchange,BOCE,7,渤海商品交易所,market=CHNSpotCHNSpot 
2026-07-08 16:44:55,254 [DEBUG] BaseService Exchange,SGE,8,上海黄金交易所,market=CHNSpotCHNSpot 
2026-07-08 16:44:55,254 [DEBUG] BaseService Exchange,CBOT,9,芝加哥期货交易所,market=GlobalMarketalMarket 
2026-07-08 16:44:55,254 [DEBUG] BaseService Exchange,CME,10,芝加哥商业交易所,market=GlobalMarketalMarket 
2026-07-08 16:44:55,254 [DEBUG] BaseService Exchange,NYBOT,11,纽约期货交易所,market=GlobalMarketlMarket 
2026-07-08 16:44:55,254 [DEBUG] BaseService Exchange,NYMEX,12,纽约商业期货交易所,market=GlobalMarketbalMarket 
2026-07-08 16:44:55,254 [DEBUG] BaseService Exchange,HKEX,13,香港交易所,market=GlobalStockMarketarket 
2026-07-08 16:44:55,254 [DEBUG] BaseService Exchange,SGX,14,新加坡交易所,market=GlobalMarketMarket 
2026-07-08 16:44:55,254 [DEBUG] BaseService Exchange,TOCOM,15,东京商品交易所,market=GlobalMarketlMarket 
2026-07-08 16:44:55,254 [DEBUG] BaseService Exchange,KRX,16,韩国证券期货交易所,market=GlobalMarketbalMarket 
2026-07-08 16:44:55,254 [DEBUG] BaseService Exchange,LME,17,伦敦金属交易所,market=GlobalMarketlMarket 
2026-07-08 16:44:55,254 [DEBUG] BaseService Exchange,ICE,18,洲际交易所,market=GlobalMarketarket 
2026-07-08 16:44:55,254 [DEBUG] BaseService Exchange,EUREX,19,欧洲期货交易所,market=GlobalMarketlMarket 
2026-07-08 16:44:55,254 [DEBUG] BaseService Exchange,LIFFE,20,伦敦国际金融交易所,market=GlobalMarketbalMarket 
2026-07-08 16:44:55,254 [DEBUG] BaseService Exchange,BMD,21,马来西亚交易所,market=GlobalMarketlMarket 
2026-07-08 16:44:55,254 [DEBUG] BaseService Exchange,SFE,22,悉尼期货交易所,market=GlobalMarketlMarket 
2026-07-08 16:44:55,254 [DEBUG] BaseService Exchange,TFEX,23,泰国期货交易所,market=GlobalMarketlMarket 
2026-07-08 16:44:55,254 [DEBUG] BaseService Exchange,NYSE,24,纽约证券交易所,market=GlobalStockMarketkMarket 
2026-07-08 16:44:55,254 [DEBUG] BaseService Exchange,NASDAQ,25,纳斯达克,market=GlobalStockMarketrket 
2026-07-08 16:44:55,254 [DEBUG] BaseService Exchange,FOREX,26,外汇市场,market=Forexsrexs 
2026-07-08 16:44:55,254 [DEBUG] BaseService Exchange,COMEX,27,纽约金属交易所,market=GlobalMarketlMarket 
2026-07-08 16:44:55,254 [DEBUG] BaseService Exchange,APEX,28,新加坡亚太交易所,market=GlobalMarketalMarket 
2026-07-08 16:44:55,254 [DEBUG] BaseService Exchange,DME,29,迪拜商品交易所,market=GlobalMarketlMarket 
2026-07-08 16:44:55,254 [DEBUG] BaseService Exchange,JPX,30,日本交易所集团,market=GlobalMarketlMarket 
2026-07-08 16:44:55,255 [DEBUG] BaseService Exchange,ECBOT,31,芝加哥电子商品交易所,market=GlobalMarketobalMarket 
2026-07-08 16:44:55,255 [DEBUG] BaseService Exchange,IPE,32,伦敦国际石油交易所,market=GlobalMarketbalMarket 
2026-07-08 16:44:55,255 [DEBUG] BaseService Exchange,OSE,33,大阪证券交易所,market=GlobalStockMarketkMarket 
2026-07-08 16:44:55,255 [DEBUG] BaseService Exchange,WORLDINDEX,34,全球指数,market=GlobalMarketrket 
2026-07-08 16:44:55,255 [DEBUG] BaseService Exchange,TBFT,35,开拓者期货指数,market=CHNFutureNFuture 
2026-07-08 16:44:55,255 [DEBUG] BaseService Exchange,TBST,36,开拓者证券指数,market=CHNStockHNStock 
2026-07-08 16:44:55,255 [DEBUG] BaseService Exchange,OTCF,37,场外基金,market=CHNStocktock 
2026-07-08 16:44:55,255 [DEBUG] BaseService Exchange,BSE,38,北京证券交易所,market=CHNStockHNStock 
2026-07-08 16:44:55,255 [DEBUG] BaseService Exchange,GFEX,39,广州期货交易所,market=CHNFutureNFuture 
2026-07-08 16:44:55,330 [INFO ] BaseService HolidayCache construct  
2026-07-08 16:44:55,356 [TRACE] TBCommon TradingDayCache construct 
2026-07-08 16:44:55,405 [DEBUG] TBCommon RelativeSymbolCache init,srcSize=355,cacheMapSize=355,mainMapSize=6831,sndMainMapSize=4111 
2026-07-08 16:44:56,862 [DEBUG] TBCommon resetCodePropByRule crb=Futures, CodeProperties size=116514 
2026-07-08 16:44:56,862 [DEBUG] TBCommon resetCodePropByBigCate begin category=Futures, CodeProperties size=116514 
2026-07-08 16:44:56,862 [DEBUG] TBCommon CodePropertyCache clearPropByBigCate bigcate= 1,exchsize=7,exchs=SHFE;DCE;CZCE;CFFEX;INE;TBFT;GFEX; 
2026-07-08 16:44:57,041 [DEBUG] TBCommon CodePropertyCache genTimePeriodsCodes, codeEx=pfcode.SHFE,ret=OK@,dealTimesV2=|21:00-02:30;09:00-11:30;13:00-15:15;||||| 
2026-07-08 16:44:57,041 [DEBUG] TBCommon resetCodePropByBigCate end category=Futures 
2026-07-08 16:44:57,041 [DEBUG] TBCommon  TradingDayCache refreshCodeInfo:Futures 
2026-07-08 16:44:57,055 [DEBUG] TBCommon  TradingDayCache refreshCodeInfo:Futures 
2026-07-08 16:44:57,055 [DEBUG] TBCommon  TradingDayCache refreshCodeInfo:Stocks 
2026-07-08 16:44:57,055 [DEBUG] TBCommon  TradingDayCache refreshCodeInfo:Options 
2026-07-08 16:44:57,055 [DEBUG] TBCommon  TradingDayCache refreshCodeInfo:ForeignFutures 
2026-07-08 16:44:57,057 [TRACE] TBCommon CodePropertyCache getSpecialCodeIDs type=次连类型,size=88,codes=ad777.SHFE;i9777.DCE;PL777.CZCE;CF777.CZCE;LR777.CZCE;pb777.SHFE;RI777.CZCE;au777.SHFE;jm777.DCE;ec777.INE;op777.SHFE;WH777.CZCE;hc777.SHFE;lc777.GFEX;UR777.CZCE;ni777.SHFE;fb777.DCE;SH777.CZCE;eg777.DCE;pt777.GFEX;bb777.DCE;ss777.SHFE;HFE;p9777.DCE;jd777.DCE;rb777.SHFE;ru777.SHFE;SA777.CZCE;IM777.CFFEX;eb777.DCE;IH777.CFFEX;SF777.CZCE;AP777.CZCE;c9777.DCE;rr777.DCE;bz777.DCE;ps777.GFEX;TL777.CFFEX;SM777.CZCE;TA777.CZCE;IF777.CFFEX;PF777.CZCE;IC777.CFFEX;sp777.SHFE;lh777.DCE;CJ777.CZCE;zn777.SHFE;RM777.CZCE;lg777.DCE;a9777.DCE;PR777.CZCE;si777.GFEX;PM777.CZCE;cu777.SHFE;v9777.DCE;PX777.CZCE;MA777.CZCE;RS777.CZCE;m9777.DCE;fu777.SHFE;JR777.CZCE;TS777.CFFEX;PK777.CZCE;lu777.INE;b9777.DCE;TF777.CFFEX;l9777.DCE;pd777.GFEX;y9777.DCE;OI777.CZCE;FG777.CZCE;T9777.CFFEX;pg777.DCE;pp777.DCE;br777.SHFE;j9777.DCE;al777.SHFE;cs777.DCE;sn777.SHFE;wr777.SHFE;bu777.SHFE;nr777.INE;SR777.CZCE;ZC777.CZCE;CY777.CZCE;sc777.INE;bc777.INE;ag777.SHFE;ao777.SHFE; 
2026-07-08 16:44:57,090 [TRACE] TBCommon CodePropertyCache getSpecialCodeIDs type=连续类型,size=244,codes=SR3888.CME;ZC888.CZCE;cu888.SHFE;QG888.NYMEX;MHI888.HKEX;MTN888.HKEX;SB888.ICE;MGN888.HKEX;lu888.INE;PK888.CZCE;PF888.CZCE;6J888.CME;LE888.CME;CNC888.HKEX;FEQ888.HKEX;MXC888.HKEX;NG888.NYMEX;CY888.CZCE;NKD888.CME;CCC888.HKEX;ZR888.CBOTCBOT;YM888.CBOT;PR888.CZCE;T9888.ICE;sp888.SHFE;m9888.DCE;RB888.NYMEX;ALI888.COMEX;6B888.CME;l9888.DCE;rb888.SHFE;MIN888.HKEX;CJ888.CZCE;i9888.DCE;pb888.SHFE;MNZ888.HKEX;MMN888.HKEX;bz888.DCE;CHT888.HKEX;MET888.HKEX;TN888.CBOT;IF888.CFFEX;ZL888.CBOT;MCA888.HKEX;KE888.CBOT;NQ888.CME;TF888.CFFEX;IU888.SGX;ICB888.HKEX;lg888.DCE;JDC888.HKEX;CEU888.HKEX;v9888.DCE;EAN888.HKEX;ZB888.CBOT;MPN888.HKEX;SIL888.COMEX;CTC888.HKEX;cs888.DCE;GC888.COMEX;QO888.COMEX;MNQ888.CME;CLI888.HKEX;hc888.SHFE;MVN888.HKEX;ZF888.CBOT;nr888.INE;XW888.CBOT;MCL888.NYMEX;BOC888.HKEX;PL888.NYMEX;QI888.COMEX;RM888.CZCE;PA888.NYMEX;p9888.DCE;MAN888.HKEX;MIA888.HKEX;CCB888.HKEX;MA888.CZCE;KC888.ICE;fu888.SHFE;PEC888.HKEX;pt888.GFEX;RS888.CZCE;PX888.CZCE;M2K888.CME;CT888.ICE;6N888.CME;GAS888.ICE;ps888.GFEX;ZO888.CBOT;op888.SHFE;IM888.CFFEX;6A888.CME;MTW888.HKEX;MXK888.HKEX;UR888.CZCE;MEE888.HKEX;HG888.COMEX;eb888.DCE;a9888.DCE;ZC888.CBOT;FG888.CZCE;rr888.DCE;j9888.DCE;SM888.CZCE;bu888.SHFE;ag888.SHFE;PAI888.HKEX;b9888.DCE;ZM888.CBOT;br888.SHFE;AP888.CZCE;bb888.DCE;SI888.COMEX;pd888.GFEX;CHH888.HKEX;pg888.DCE;CUS888.HKEX;SH888.CZCE;sc888.INE;ZS888.CBOT;QC888.COMEX;fb888.DCE;OI888.CZCE;MVI888.HKEX;ru888.SHFE;BRN888.ICE;RTY888.CME;HHI888.HKEX;SR888.CZCE;y9888.DCE;MCH888.HKEX;HSI888.HKEX;sn888.SHFE;SAS888.CBOT;PIC888.HKEX;MPC888.HKEX;pp888.DCE;MAK888.HKEX;au888.SHFE;MHK888.HKEX;MPS888.HKEX;T9888.CFFEX;ALB888.HKEX;IH888.CFFEX;lc888.GFEX;IC888.CFFEX;MYM888.CBOT;FEM888.HKEX;TS888.CFFEX;MMA888.HKEX;TA888.CZCE;lh888.DCE;6M888.CME;MPJ888.HKEX;W9888.ICE;ZT888.CBOT;NK888.SGX;ao888.SHFE;MGC888.COMEX;GF888.CME;c9888.DCE;MND888.HKEX;6L888.CME;MWN888.HKEX;JR888.CZCE;BZ888.NYMEX;MDN888.HKEX;zn888.SHFE;UHO888.ICE;NTE888.HKEX;CIN888.HKEX;PM888.CZCE;KU888.SGX;HKB888.HKEX;CAU888.HKEX;MEL888.HKEX;RC888.ICE;bc888.INE;ss888.SHFE;ni888.SHFE;al888.SHFE;EMN888.HKEX;jm888.DCE;C9888.ICE;A50888.HKEX;jd888.DCE;NIY888.CME;UIN888.HKEX;TL888.CFFEX;HO888.NYMEX;ec888.INE;XC888.CBOT;wr888.SHFE;MEI888.HKEX;CNH888.CME;CSA888.HKEX;SF888.CZCE;XK888.CBOT;DX888.ICE;GWM888.HKEX;HEX888.HKEX;HE888.CME;AMC888.HKEX;SGP888.SGX;FEF888.SGX;MJU888.HKEX;MES888.CME;eg888.DCE;6C888.CME;TWR888.HKEX;CPC888.HKEX;ZN888.CBOT;si888.GFEX;6E888.CME;MAC888.HKEX;ZW888.CBOT;WH888.CZCE;PL888.CZCE;LBR888.CME;RI888.CZCE;QM888.NYMEX;6S888.CME;CC888.ICE;CMB888.HKEX;TCH888.HKEX;TWN888.SGX;SA888.CZCE;HTI888.HKEX;ad888.SHFE;BUD888.HKEX;MTD888.HKEX;MSN888.HKEX;MIU888.HKEX;CF888.CZCE;CL888.NYMEX;LR888.CZCE;TF888.SGX;ES888.CME;OJ888.ICE;CN888.SGX;UC888.SGX;CJP888.HKEX; 
2026-07-08 16:44:57,109 [DEBUG] Event ,setName 
2026-07-08 16:44:57,608 [DEBUG] DCAPI ICETradeProxy stop begin 
2026-07-08 16:44:57,610 [DEBUG] DCAPI ICETradeProxy stop end 
2026-07-08 16:44:57,610 [DEBUG] DCAPI ICETradeSimuProxy stop begin 
2026-07-08 16:44:57,610 [DEBUG] DCAPI ICETradeSimuProxy stop end 
2026-07-08 16:44:57,610 [DEBUG] DCAPI ICEBaseProxy stop begin 
2026-07-08 16:44:57,610 [DEBUG] DCAPI IceDataProxy stop begin 
2026-07-08 16:44:57,611 [DEBUG] DCAPI IceDataProxy stop end ret=OK@ 
2026-07-08 16:44:57,611 [DEBUG] DCAPI ICEBaseProxy stop end 
2026-07-08 16:44:57,611 [DEBUG] DCAPI ICEAuthenProxy stop begin 
2026-07-08 16:44:57,611 [DEBUG] DCAPI release ice,destory communicator start 
2026-07-08 16:44:57,611 [INFO ] DCAPI connect tbquantdc success 
2026-07-08 16:44:57,612 [INFO ] DCAPI QuoteHisDispatcher stop begin 
2026-07-08 16:44:57,612 [INFO ] DCAPI QuoteHisDispatcher stop end 
2026-07-08 16:44:57,612 [INFO ] DCAPI QuoteRealDispatcher stop begin 
2026-07-08 16:44:57,612 [INFO ] DCAPI QuoteRealDispatcher stop end 
2026-07-08 16:44:57,612 [INFO ] DCAPI DataHisDispatcher stop begin 
2026-07-08 16:44:57,613 [INFO ] DCAPI DataHisDispatcher stop end 
2026-07-08 16:44:57,613 [INFO ] DCAPI DataRealDispatcher stop begin 
2026-07-08 16:44:57,613 [INFO ] DCAPI DataRealDispatcher stop end 
2026-07-08 16:44:57,613 [INFO ] DCAPI CommonDispatcher stop begin 
2026-07-08 16:44:57,613 [INFO ] DCAPI CommonDispatcher stop end 
2026-07-08 16:44:57,613 [DEBUG] DCAPI release ice,destory communicator success 
2026-07-08 16:44:57,613 [INFO ] DCAPI tbdcapi user=,sessionid=1,login out! 
2026-07-08 16:44:57,613 [DEBUG] DCAPI ICEAuthenProxy stop end 
2026-07-08 16:45:07,047 [INFO ] TBCommon GetFileVersionInfoSize fail,moduleName:TBCommon  
2026-07-08 16:45:07,047 [WARN ] TBPY parser_version_str rootPath=D:\software\tb,version= 
2026-07-08 16:45:07,047 [DEBUG] AuthAgent createService,jsonParam=[{"serviceName":"AuthenService","dllPath":"C:\\Users\\Administrator\\AppData\\Local\\Programs\\Python\\Python312\\Lib\\site-packages\\tbpy\\TBDataCenterAPI.dll","procName":"createAuthenService","parameter":{"online":true}},{"serviceName":"BaseService","dllPath":"C:\\Users\\Administrator\\AppData\\Local\\Programs\\Python\\Python312\\Lib\\site-packages\\tbpy\\TBDataCenterAPI.dll","procName":"createBaseService","parameter":{"online":true}},{"serviceName":"TradeService","dllPath":"C:\\Users\\Administrator\\AppData\\Local\\Programs\\Python\\Python312\\Lib\\site-packages\\tbpy\\TBDataCenterAPI.dll","procName":"createTradeService","parameter":{"online":true}},{"serviceName":"TradeSimuService","dllPath":"C:\\Users\\Administrator\\AppData\\Local\\Programs\\Python\\Python312\\Lib\\site-packages\\tbpy\\TBDataCenterAPI.dll","procName":"createTradeSimuService","parameter":{"online":true}}] 
2026-07-08 16:45:07,051 [INFO ] BaseService HolidayCache construct  
2026-07-08 16:45:07,052 [TRACE] TBCommon TradingDayCache construct 
2026-07-08 16:45:07,052 [INFO ] DCAPI QuoteHisDispatcher construct 
2026-07-08 16:45:07,052 [INFO ] DCAPI QuoteRealDispatcher construct 
2026-07-08 16:45:07,052 [INFO ] DCAPI DataHisDispatcher construct 
2026-07-08 16:45:07,052 [INFO ] DCAPI DataRealDispatcher construct 
2026-07-08 16:45:07,052 [DEBUG] AuthAgent InitService start service begin 
2026-07-08 16:45:07,052 [DEBUG] DCAPI ICEServiceManager init option=0,port= 
2026-07-08 16:45:07,052 [DEBUG] DCAPI init ice,start create communicator 
2026-07-08 16:45:07,053 [DEBUG] DCAPI createCommunicator use default config 
2026-07-08 16:45:07,082 [TRACE] DCAPI shm_info,shm=DSOFTWARETBSHM,mtx=DSOFTWARETBSHMTBPROCESSMTX,endpoint=tcp -h 127.0.0.1 -p 13831 
2026-07-08 16:45:07,086 [INFO ] DCAPI QuoteHisDispatcher start begin 
2026-07-08 16:45:07,086 [INFO ] DCAPI QuoteHisDispatcher start end 
2026-07-08 16:45:07,086 [INFO ] DCAPI QuoteRealDispatcher start begin 
2026-07-08 16:45:07,086 [INFO ] DCAPI QuoteRealDispatcher start end 
2026-07-08 16:45:07,086 [INFO ] DCAPI DataHisDispatcher start begin 
2026-07-08 16:45:07,086 [INFO ] DCAPI DataHisDispatcher start end 
2026-07-08 16:45:07,086 [INFO ] DCAPI DataRealDispatcher start begin 
2026-07-08 16:45:07,086 [INFO ] DCAPI DataRealDispatcher start end 
2026-07-08 16:45:07,086 [INFO ] DCAPI CommonDispatcher construct 
2026-07-08 16:45:07,086 [INFO ] DCAPI CommonDispatcher start begin 
2026-07-08 16:45:07,086 [INFO ] DCAPI CommonDispatcher start end 
2026-07-08 16:45:07,086 [DEBUG] DCAPI init ice,create communicator success 
2026-07-08 16:45:07,088 [INFO ] DCAPI connect tbquantdc success 
2026-07-08 16:45:07,090 [DEBUG] DCAPI ICEAuthenProxy start 
2026-07-08 16:45:07,090 [DEBUG] AuthAgent InitService start service end 
2026-07-08 16:45:07,091 [DEBUG] AuthAgent InitService end 
2026-07-08 16:45:07,091 [DEBUG] AuthAgent Login start 
2026-07-08 16:45:07,091 [DEBUG] AuthAgent Login get host begin 
2026-07-08 16:45:07,164 [TRACE] DCAPI 获取本机mac地址成功, mac:0C5B8F279A648F279A64 
2026-07-08 16:45:07,164 [DEBUG] AuthAgent Login get host end 
2026-07-08 16:45:07,164 [DEBUG] DCAPI ICEAuthenProxy login start 
2026-07-08 16:45:07,165 [INFO ] DCAPI try lock process mutex success,mutex key:1tcp-h127001-p13831 
2026-07-08 16:45:07,165 [INFO ] DCAPI 【softversion】,versionNo=3.12.3,softType=Standard,platformType=TBPYPY 
2026-07-08 16:45:07,165 [INFO ] DCAPI tbdcapi user=,sessionid=1,login success! 
2026-07-08 16:45:07,165 [DEBUG] DCAPI ICEAuthenProxy login end 
2026-07-08 16:45:07,167 [DEBUG] AuthAgent Login end 
2026-07-08 16:45:07,169 [DEBUG] DCAPI start IceDataProxy, ret=OK@ 
2026-07-08 16:45:07,169 [DEBUG] DCAPI ICETradeSimuProxy start begin 
2026-07-08 16:45:07,170 [DEBUG] DCAPI ICETradeSimuProxy start end,OK@ 
2026-07-08 16:45:07,347 [DEBUG] BaseService initBase initConfig,size=3,OK@ 
2026-07-08 16:45:07,347 [DEBUG] BaseService initBase initConfig,SimuIgnoreDelayMs=3000 
2026-07-08 16:45:07,347 [DEBUG] BaseService initBase initConfig,SimuMatchDelayMs=3000 
2026-07-08 16:45:07,347 [DEBUG] BaseService initBase initConfig,SimuLimitCancelCNT=500 
2026-07-08 16:45:07,347 [DEBUG] BaseService initBase=OK@,initMarket=OK@,initCategory=OK@,initExchange=OK@,lastBase=000001CB354C8690,nowBase=000001CB354CB390 
2026-07-08 16:45:07,347 [DEBUG] BaseService Market,UnknownMarket,0,,category=UnknownCategory|Bonds|Funds,exchange=UnknownExchange 
2026-07-08 16:45:07,347 [DEBUG] BaseService Market,CHNFuture,1,期货,category=Futures|Options,exchange=SHFE|DCE|CZCE|CFFEX|INE|TBFT|GFEXEX 
2026-07-08 16:45:07,347 [DEBUG] BaseService Market,CHNStock,2,股票,category=Stocks,exchange=SSE|SZSE|TBST|OTCF|BSESE 
2026-07-08 16:45:07,347 [DEBUG] BaseService Market,CHNOptions,4,期权,category=,exchange=e= 
2026-07-08 16:45:07,347 [DEBUG] BaseService Market,GlobalMarket,8,国外期货,category=ForeignFutures,exchange=CBOT|CME|NYBOT|NYMEX|SGX|TOCOM|KRX|LME|ICE|EUREX|LIFFE|BMD|SFE|TFEX|COMEX|APEX|DME|JPX|ECBOT|IPE|WORLDINDEXNDEX 
2026-07-08 16:45:07,347 [DEBUG] BaseService Market,GlobalStockMarket,16,国外证券,category=ForeignStocks,exchange=HKEX|NYSE|NASDAQ|OSE|OSE 
2026-07-08 16:45:07,347 [DEBUG] BaseService Market,CHNSpot,32,现货,category=SpotTrans,exchange=BOCE|SGEGE 
2026-07-08 16:45:07,347 [DEBUG] BaseService Market,Forexs,64,外汇,category=Forexs,exchange=FOREXEX 
2026-07-08 16:45:07,347 [DEBUG] BaseService Market,TBNews,128,资讯,category=,exchange=e= 
2026-07-08 16:45:07,347 [DEBUG] BaseService Market,CHNStockSnap,256,查询快照,category=,exchange=nge= 
2026-07-08 16:45:07,347 [DEBUG] BaseService Market,MobileMonitor,512,移动监控,category=,exchange=nge= 
2026-07-08 16:45:07,347 [DEBUG] BaseService Category,UnknownCategory,-1,未知,market=UnknownMarket,exchange=UnknownExchangege 
2026-07-08 16:45:07,347 [DEBUG] BaseService Category,Stocks,0,股票,market=CHNStock,exchange=SSE|SZSE|TBST|OTCF|BSESE 
2026-07-08 16:45:07,347 [DEBUG] BaseService Category,Futures,1,期货,market=CHNFuture,exchange=SHFE|DCE|CZCE|CFFEX|INE|TBFT|GFEXEX 
2026-07-08 16:45:07,347 [DEBUG] BaseService Category,Forexs,2,外汇,market=Forexs,exchange=FOREXEX 
2026-07-08 16:45:07,347 [DEBUG] BaseService Category,Bonds,3,债券,market=UnknownMarket,exchange=e= 
2026-07-08 16:45:07,347 [DEBUG] BaseService Category,Funds,4,基金,market=UnknownMarket,exchange=e= 
2026-07-08 16:45:07,347 [DEBUG] BaseService Category,Options,5,期权,market=CHNFuture,exchange=SHFE|DCE|CZCE|CFFEX|INE|SSE|SZSE|BSE|GFEXEX 
2026-07-08 16:45:07,347 [DEBUG] BaseService Category,SpotTrans,6,现货,market=CHNSpot,exchange=BOCE|SGEGE 
2026-07-08 16:45:07,347 [DEBUG] BaseService Category,ForeignFutures,7,外盘期货,market=GlobalMarket,exchange=CBOT|CME|NYBOT|NYMEX|HKEX|SGX|TOCOM|KRX|LME|ICE|EUREX|LIFFE|BMD|SFE|TFEX|COMEX|APEX|DME|JPX|ECBOT|IPE|WORLDINDEXNDEX 
2026-07-08 16:45:07,348 [DEBUG] BaseService Category,ForeignStocks,8,外盘股票,market=GlobalStockMarket,exchange=HKEX|NYSE|NASDAQ|OSE|OSE 
2026-07-08 16:45:07,348 [DEBUG] BaseService Exchange,UnknownExchange,-1,未知,market=UnknownMarketet 
2026-07-08 16:45:07,348 [DEBUG] BaseService Exchange,SHFE,0,上海期货交易所,market=CHNFutureNFuture 
2026-07-08 16:45:07,348 [DEBUG] BaseService Exchange,DCE,1,大连商品交易所,market=CHNFutureNFuture 
2026-07-08 16:45:07,348 [DEBUG] BaseService Exchange,CZCE,2,郑州商品交易所,market=CHNFutureNFuture 
2026-07-08 16:45:07,348 [DEBUG] BaseService Exchange,CFFEX,3,中国金融期货交易所,market=CHNFutureCHNFuture 
2026-07-08 16:45:07,348 [DEBUG] BaseService Exchange,INE,4,上海国际能源交易中心,market=CHNFuture=CHNFuture 
2026-07-08 16:45:07,348 [DEBUG] BaseService Exchange,SSE,5,上海证券交易所,market=CHNStockHNStock 
2026-07-08 16:45:07,348 [DEBUG] BaseService Exchange,SZSE,6,深圳证券交易所,market=CHNStockHNStock 
2026-07-08 16:45:07,348 [DEBUG] BaseService Exchange,BOCE,7,渤海商品交易所,market=CHNSpotCHNSpot 
2026-07-08 16:45:07,348 [DEBUG] BaseService Exchange,SGE,8,上海黄金交易所,market=CHNSpotCHNSpot 
2026-07-08 16:45:07,348 [DEBUG] BaseService Exchange,CBOT,9,芝加哥期货交易所,market=GlobalMarketalMarket 
2026-07-08 16:45:07,348 [DEBUG] BaseService Exchange,CME,10,芝加哥商业交易所,market=GlobalMarketalMarket 
2026-07-08 16:45:07,348 [DEBUG] BaseService Exchange,NYBOT,11,纽约期货交易所,market=GlobalMarketlMarket 
2026-07-08 16:45:07,348 [DEBUG] BaseService Exchange,NYMEX,12,纽约商业期货交易所,market=GlobalMarketbalMarket 
2026-07-08 16:45:07,348 [DEBUG] BaseService Exchange,HKEX,13,香港交易所,market=GlobalStockMarketarket 
2026-07-08 16:45:07,348 [DEBUG] BaseService Exchange,SGX,14,新加坡交易所,market=GlobalMarketMarket 
2026-07-08 16:45:07,348 [DEBUG] BaseService Exchange,TOCOM,15,东京商品交易所,market=GlobalMarketlMarket 
2026-07-08 16:45:07,348 [DEBUG] BaseService Exchange,KRX,16,韩国证券期货交易所,market=GlobalMarketbalMarket 
2026-07-08 16:45:07,348 [DEBUG] BaseService Exchange,LME,17,伦敦金属交易所,market=GlobalMarketlMarket 
2026-07-08 16:45:07,348 [DEBUG] BaseService Exchange,ICE,18,洲际交易所,market=GlobalMarketarket 
2026-07-08 16:45:07,348 [DEBUG] BaseService Exchange,EUREX,19,欧洲期货交易所,market=GlobalMarketlMarket 
2026-07-08 16:45:07,348 [DEBUG] BaseService Exchange,LIFFE,20,伦敦国际金融交易所,market=GlobalMarketbalMarket 
2026-07-08 16:45:07,348 [DEBUG] BaseService Exchange,BMD,21,马来西亚交易所,market=GlobalMarketlMarket 
2026-07-08 16:45:07,348 [DEBUG] BaseService Exchange,SFE,22,悉尼期货交易所,market=GlobalMarketlMarket 
2026-07-08 16:45:07,348 [DEBUG] BaseService Exchange,TFEX,23,泰国期货交易所,market=GlobalMarketlMarket 
2026-07-08 16:45:07,348 [DEBUG] BaseService Exchange,NYSE,24,纽约证券交易所,market=GlobalStockMarketkMarket 
2026-07-08 16:45:07,348 [DEBUG] BaseService Exchange,NASDAQ,25,纳斯达克,market=GlobalStockMarketrket 
2026-07-08 16:45:07,348 [DEBUG] BaseService Exchange,FOREX,26,外汇市场,market=Forexsrexs 
2026-07-08 16:45:07,348 [DEBUG] BaseService Exchange,COMEX,27,纽约金属交易所,market=GlobalMarketlMarket 
2026-07-08 16:45:07,348 [DEBUG] BaseService Exchange,APEX,28,新加坡亚太交易所,market=GlobalMarketalMarket 
2026-07-08 16:45:07,348 [DEBUG] BaseService Exchange,DME,29,迪拜商品交易所,market=GlobalMarketlMarket 
2026-07-08 16:45:07,348 [DEBUG] BaseService Exchange,JPX,30,日本交易所集团,market=GlobalMarketlMarket 
2026-07-08 16:45:07,348 [DEBUG] BaseService Exchange,ECBOT,31,芝加哥电子商品交易所,market=GlobalMarketobalMarket 
2026-07-08 16:45:07,348 [DEBUG] BaseService Exchange,IPE,32,伦敦国际石油交易所,market=GlobalMarketbalMarket 
2026-07-08 16:45:07,348 [DEBUG] BaseService Exchange,OSE,33,大阪证券交易所,market=GlobalStockMarketkMarket 
2026-07-08 16:45:07,348 [DEBUG] BaseService Exchange,WORLDINDEX,34,全球指数,market=GlobalMarketrket 
2026-07-08 16:45:07,348 [DEBUG] BaseService Exchange,TBFT,35,开拓者期货指数,market=CHNFutureNFuture 
2026-07-08 16:45:07,348 [DEBUG] BaseService Exchange,TBST,36,开拓者证券指数,market=CHNStockHNStock 
2026-07-08 16:45:07,348 [DEBUG] BaseService Exchange,OTCF,37,场外基金,market=CHNStocktock 
2026-07-08 16:45:07,348 [DEBUG] BaseService Exchange,BSE,38,北京证券交易所,market=CHNStockHNStock 
2026-07-08 16:45:07,348 [DEBUG] BaseService Exchange,GFEX,39,广州期货交易所,market=CHNFutureNFuture 
2026-07-08 16:45:07,406 [INFO ] BaseService HolidayCache construct  
2026-07-08 16:45:07,433 [TRACE] TBCommon TradingDayCache construct 
2026-07-08 16:45:07,503 [DEBUG] TBCommon RelativeSymbolCache init,srcSize=355,cacheMapSize=355,mainMapSize=6831,sndMainMapSize=4111 
2026-07-08 16:45:08,941 [DEBUG] TBCommon resetCodePropByRule crb=Futures, CodeProperties size=116514 
2026-07-08 16:45:08,941 [DEBUG] TBCommon resetCodePropByBigCate begin category=Futures, CodeProperties size=116514 
2026-07-08 16:45:08,941 [DEBUG] TBCommon CodePropertyCache clearPropByBigCate bigcate= 1,exchsize=7,exchs=SHFE;DCE;CZCE;CFFEX;INE;TBFT;GFEX; 
2026-07-08 16:45:09,118 [DEBUG] TBCommon CodePropertyCache genTimePeriodsCodes, codeEx=pfcode.SHFE,ret=OK@,dealTimesV2=|21:00-02:30;09:00-11:30;13:00-15:15;||||| 
2026-07-08 16:45:09,118 [DEBUG] TBCommon resetCodePropByBigCate end category=Futures 
2026-07-08 16:45:09,118 [DEBUG] TBCommon  TradingDayCache refreshCodeInfo:Futures 
2026-07-08 16:45:09,130 [DEBUG] TBCommon  TradingDayCache refreshCodeInfo:Futures 
2026-07-08 16:45:09,131 [DEBUG] TBCommon  TradingDayCache refreshCodeInfo:Stocks 
2026-07-08 16:45:09,131 [DEBUG] TBCommon  TradingDayCache refreshCodeInfo:Options 
2026-07-08 16:45:09,131 [DEBUG] TBCommon  TradingDayCache refreshCodeInfo:ForeignFutures 
2026-07-08 16:45:09,134 [TRACE] TBCommon CodePropertyCache getSpecialCodeIDs type=次连类型,size=88,codes=ad777.SHFE;i9777.DCE;PL777.CZCE;CF777.CZCE;LR777.CZCE;pb777.SHFE;RI777.CZCE;au777.SHFE;jm777.DCE;ec777.INE;op777.SHFE;WH777.CZCE;hc777.SHFE;lc777.GFEX;UR777.CZCE;ni777.SHFE;fb777.DCE;SH777.CZCE;eg777.DCE;pt777.GFEX;bb777.DCE;ss777.SHFE;HFE;p9777.DCE;jd777.DCE;rb777.SHFE;ru777.SHFE;SA777.CZCE;IM777.CFFEX;eb777.DCE;IH777.CFFEX;SF777.CZCE;AP777.CZCE;c9777.DCE;rr777.DCE;bz777.DCE;ps777.GFEX;TL777.CFFEX;SM777.CZCE;TA777.CZCE;IF777.CFFEX;PF777.CZCE;IC777.CFFEX;sp777.SHFE;lh777.DCE;CJ777.CZCE;zn777.SHFE;RM777.CZCE;lg777.DCE;a9777.DCE;PR777.CZCE;si777.GFEX;PM777.CZCE;cu777.SHFE;v9777.DCE;PX777.CZCE;MA777.CZCE;RS777.CZCE;m9777.DCE;fu777.SHFE;JR777.CZCE;TS777.CFFEX;PK777.CZCE;lu777.INE;b9777.DCE;TF777.CFFEX;l9777.DCE;pd777.GFEX;y9777.DCE;OI777.CZCE;FG777.CZCE;T9777.CFFEX;pg777.DCE;pp777.DCE;br777.SHFE;j9777.DCE;al777.SHFE;cs777.DCE;sn777.SHFE;wr777.SHFE;bu777.SHFE;nr777.INE;SR777.CZCE;ZC777.CZCE;CY777.CZCE;sc777.INE;bc777.INE;ag777.SHFE;ao777.SHFE; 
2026-07-08 16:45:09,159 [TRACE] TBCommon CodePropertyCache getSpecialCodeIDs type=连续类型,size=244,codes=SR3888.CME;ZC888.CZCE;cu888.SHFE;QG888.NYMEX;MHI888.HKEX;MTN888.HKEX;SB888.ICE;MGN888.HKEX;lu888.INE;PK888.CZCE;PF888.CZCE;6J888.CME;LE888.CME;CNC888.HKEX;FEQ888.HKEX;MXC888.HKEX;NG888.NYMEX;CY888.CZCE;NKD888.CME;CCC888.HKEX;ZR888.CBOTCBOT;YM888.CBOT;PR888.CZCE;T9888.ICE;sp888.SHFE;m9888.DCE;RB888.NYMEX;ALI888.COMEX;6B888.CME;l9888.DCE;rb888.SHFE;MIN888.HKEX;CJ888.CZCE;i9888.DCE;pb888.SHFE;MNZ888.HKEX;MMN888.HKEX;bz888.DCE;CHT888.HKEX;MET888.HKEX;TN888.CBOT;IF888.CFFEX;ZL888.CBOT;MCA888.HKEX;KE888.CBOT;NQ888.CME;TF888.CFFEX;IU888.SGX;ICB888.HKEX;lg888.DCE;JDC888.HKEX;CEU888.HKEX;v9888.DCE;EAN888.HKEX;ZB888.CBOT;MPN888.HKEX;SIL888.COMEX;CTC888.HKEX;cs888.DCE;GC888.COMEX;QO888.COMEX;MNQ888.CME;CLI888.HKEX;hc888.SHFE;MVN888.HKEX;ZF888.CBOT;nr888.INE;XW888.CBOT;MCL888.NYMEX;BOC888.HKEX;PL888.NYMEX;QI888.COMEX;RM888.CZCE;PA888.NYMEX;p9888.DCE;MAN888.HKEX;MIA888.HKEX;CCB888.HKEX;MA888.CZCE;KC888.ICE;fu888.SHFE;PEC888.HKEX;pt888.GFEX;RS888.CZCE;PX888.CZCE;M2K888.CME;CT888.ICE;6N888.CME;GAS888.ICE;ps888.GFEX;ZO888.CBOT;op888.SHFE;IM888.CFFEX;6A888.CME;MTW888.HKEX;MXK888.HKEX;UR888.CZCE;MEE888.HKEX;HG888.COMEX;eb888.DCE;a9888.DCE;ZC888.CBOT;FG888.CZCE;rr888.DCE;j9888.DCE;SM888.CZCE;bu888.SHFE;ag888.SHFE;PAI888.HKEX;b9888.DCE;ZM888.CBOT;br888.SHFE;AP888.CZCE;bb888.DCE;SI888.COMEX;pd888.GFEX;CHH888.HKEX;pg888.DCE;CUS888.HKEX;SH888.CZCE;sc888.INE;ZS888.CBOT;QC888.COMEX;fb888.DCE;OI888.CZCE;MVI888.HKEX;ru888.SHFE;BRN888.ICE;RTY888.CME;HHI888.HKEX;SR888.CZCE;y9888.DCE;MCH888.HKEX;HSI888.HKEX;sn888.SHFE;SAS888.CBOT;PIC888.HKEX;MPC888.HKEX;pp888.DCE;MAK888.HKEX;au888.SHFE;MHK888.HKEX;MPS888.HKEX;T9888.CFFEX;ALB888.HKEX;IH888.CFFEX;lc888.GFEX;IC888.CFFEX;MYM888.CBOT;FEM888.HKEX;TS888.CFFEX;MMA888.HKEX;TA888.CZCE;lh888.DCE;6M888.CME;MPJ888.HKEX;W9888.ICE;ZT888.CBOT;NK888.SGX;ao888.SHFE;MGC888.COMEX;GF888.CME;c9888.DCE;MND888.HKEX;6L888.CME;MWN888.HKEX;JR888.CZCE;BZ888.NYMEX;MDN888.HKEX;zn888.SHFE;UHO888.ICE;NTE888.HKEX;CIN888.HKEX;PM888.CZCE;KU888.SGX;HKB888.HKEX;CAU888.HKEX;MEL888.HKEX;RC888.ICE;bc888.INE;ss888.SHFE;ni888.SHFE;al888.SHFE;EMN888.HKEX;jm888.DCE;C9888.ICE;A50888.HKEX;jd888.DCE;NIY888.CME;UIN888.HKEX;TL888.CFFEX;HO888.NYMEX;ec888.INE;XC888.CBOT;wr888.SHFE;MEI888.HKEX;CNH888.CME;CSA888.HKEX;SF888.CZCE;XK888.CBOT;DX888.ICE;GWM888.HKEX;HEX888.HKEX;HE888.CME;AMC888.HKEX;SGP888.SGX;FEF888.SGX;MJU888.HKEX;MES888.CME;eg888.DCE;6C888.CME;TWR888.HKEX;CPC888.HKEX;ZN888.CBOT;si888.GFEX;6E888.CME;MAC888.HKEX;ZW888.CBOT;WH888.CZCE;PL888.CZCE;LBR888.CME;RI888.CZCE;QM888.NYMEX;6S888.CME;CC888.ICE;CMB888.HKEX;TCH888.HKEX;TWN888.SGX;SA888.CZCE;HTI888.HKEX;ad888.SHFE;BUD888.HKEX;MTD888.HKEX;MSN888.HKEX;MIU888.HKEX;CF888.CZCE;CL888.NYMEX;LR888.CZCE;TF888.SGX;ES888.CME;OJ888.ICE;CN888.SGX;UC888.SGX;CJP888.HKEX; 
2026-07-08 16:45:09,192 [DEBUG] Event ,setName 
2026-07-08 16:45:19,251 [DEBUG] DCAPI ICETradeProxy stop begin 
2026-07-08 16:45:19,254 [DEBUG] DCAPI ICETradeProxy stop end 
2026-07-08 16:45:19,254 [DEBUG] DCAPI ICETradeSimuProxy stop begin 
2026-07-08 16:45:19,254 [DEBUG] DCAPI ICETradeSimuProxy stop end 
2026-07-08 16:45:19,254 [DEBUG] DCAPI ICEBaseProxy stop begin 
2026-07-08 16:45:19,254 [DEBUG] DCAPI IceDataProxy stop begin 
2026-07-08 16:45:19,255 [DEBUG] DCAPI IceDataProxy stop end ret=OK@ 
2026-07-08 16:45:19,255 [DEBUG] DCAPI ICEBaseProxy stop end 
2026-07-08 16:45:19,255 [DEBUG] DCAPI ICEAuthenProxy stop begin 
2026-07-08 16:45:19,256 [DEBUG] DCAPI release ice,destory communicator start 
2026-07-08 16:45:19,256 [INFO ] DCAPI connect tbquantdc success 
2026-07-08 16:45:19,257 [INFO ] DCAPI QuoteHisDispatcher stop begin 
2026-07-08 16:45:19,257 [INFO ] DCAPI QuoteHisDispatcher stop end 
2026-07-08 16:45:19,257 [INFO ] DCAPI QuoteRealDispatcher stop begin 
2026-07-08 16:45:19,257 [INFO ] DCAPI QuoteRealDispatcher stop end 
2026-07-08 16:45:19,257 [INFO ] DCAPI DataHisDispatcher stop begin 
2026-07-08 16:45:19,257 [INFO ] DCAPI DataHisDispatcher stop end 
2026-07-08 16:45:19,257 [INFO ] DCAPI DataRealDispatcher stop begin 
2026-07-08 16:45:19,257 [INFO ] DCAPI DataRealDispatcher stop end 
2026-07-08 16:45:19,257 [INFO ] DCAPI CommonDispatcher stop begin 
2026-07-08 16:45:19,257 [INFO ] DCAPI CommonDispatcher stop end 
2026-07-08 16:45:19,257 [DEBUG] DCAPI release ice,destory communicator success 
2026-07-08 16:45:19,257 [INFO ] DCAPI tbdcapi user=,sessionid=1,login out! 
2026-07-08 16:45:19,257 [DEBUG] DCAPI ICEAuthenProxy stop end 
2026-07-08 16:46:42,090 [INFO ] TBCommon GetFileVersionInfoSize fail,moduleName:TBCommon  
2026-07-08 16:46:42,090 [WARN ] TBPY parser_version_str rootPath=D:\software\tb,version= 
2026-07-08 16:46:42,090 [DEBUG] AuthAgent createService,jsonParam=[{"serviceName":"AuthenService","dllPath":"C:\\Users\\Administrator\\AppData\\Local\\Programs\\Python\\Python312\\Lib\\site-packages\\tbpy\\TBDataCenterAPI.dll","procName":"createAuthenService","parameter":{"online":true}},{"serviceName":"BaseService","dllPath":"C:\\Users\\Administrator\\AppData\\Local\\Programs\\Python\\Python312\\Lib\\site-packages\\tbpy\\TBDataCenterAPI.dll","procName":"createBaseService","parameter":{"online":true}},{"serviceName":"TradeService","dllPath":"C:\\Users\\Administrator\\AppData\\Local\\Programs\\Python\\Python312\\Lib\\site-packages\\tbpy\\TBDataCenterAPI.dll","procName":"createTradeService","parameter":{"online":true}},{"serviceName":"TradeSimuService","dllPath":"C:\\Users\\Administrator\\AppData\\Local\\Programs\\Python\\Python312\\Lib\\site-packages\\tbpy\\TBDataCenterAPI.dll","procName":"createTradeSimuService","parameter":{"online":true}}] 
2026-07-08 16:46:42,094 [INFO ] BaseService HolidayCache construct  
2026-07-08 16:46:42,094 [TRACE] TBCommon TradingDayCache construct 
2026-07-08 16:46:42,094 [INFO ] DCAPI QuoteHisDispatcher construct 
2026-07-08 16:46:42,094 [INFO ] DCAPI QuoteRealDispatcher construct 
2026-07-08 16:46:42,094 [INFO ] DCAPI DataHisDispatcher construct 
2026-07-08 16:46:42,094 [INFO ] DCAPI DataRealDispatcher construct 
2026-07-08 16:46:42,094 [DEBUG] AuthAgent InitService start service begin 
2026-07-08 16:46:42,094 [DEBUG] DCAPI ICEServiceManager init option=0,port= 
2026-07-08 16:46:42,094 [DEBUG] DCAPI init ice,start create communicator 
2026-07-08 16:46:42,095 [DEBUG] DCAPI createCommunicator use default config 
2026-07-08 16:46:42,115 [TRACE] DCAPI shm_info,shm=DSOFTWARETBSHM,mtx=DSOFTWARETBSHMTBPROCESSMTX,endpoint=tcp -h 127.0.0.1 -p 13831 
2026-07-08 16:46:42,116 [INFO ] DCAPI QuoteHisDispatcher start begin 
2026-07-08 16:46:42,116 [INFO ] DCAPI QuoteHisDispatcher start end 
2026-07-08 16:46:42,116 [INFO ] DCAPI QuoteRealDispatcher start begin 
2026-07-08 16:46:42,116 [INFO ] DCAPI QuoteRealDispatcher start end 
2026-07-08 16:46:42,116 [INFO ] DCAPI DataHisDispatcher start begin 
2026-07-08 16:46:42,116 [INFO ] DCAPI DataHisDispatcher start end 
2026-07-08 16:46:42,116 [INFO ] DCAPI DataRealDispatcher start begin 
2026-07-08 16:46:42,116 [INFO ] DCAPI DataRealDispatcher start end 
2026-07-08 16:46:42,116 [INFO ] DCAPI CommonDispatcher construct 
2026-07-08 16:46:42,116 [INFO ] DCAPI CommonDispatcher start begin 
2026-07-08 16:46:42,116 [INFO ] DCAPI CommonDispatcher start end 
2026-07-08 16:46:42,116 [DEBUG] DCAPI init ice,create communicator success 
2026-07-08 16:46:42,117 [INFO ] DCAPI connect tbquantdc success 
2026-07-08 16:46:42,118 [DEBUG] DCAPI ICEAuthenProxy start 
2026-07-08 16:46:42,118 [DEBUG] AuthAgent InitService start service end 
2026-07-08 16:46:42,119 [DEBUG] AuthAgent InitService end 
2026-07-08 16:46:42,119 [DEBUG] AuthAgent Login start 
2026-07-08 16:46:42,119 [DEBUG] AuthAgent Login get host begin 
2026-07-08 16:46:42,175 [TRACE] DCAPI 获取本机mac地址成功, mac:0C5B8F279A648F279A64 
2026-07-08 16:46:42,175 [DEBUG] AuthAgent Login get host end 
2026-07-08 16:46:42,175 [DEBUG] DCAPI ICEAuthenProxy login start 
2026-07-08 16:46:42,175 [INFO ] DCAPI try lock process mutex success,mutex key:1tcp-h127001-p13831 
2026-07-08 16:46:42,175 [INFO ] DCAPI 【softversion】,versionNo=3.12.3,softType=Standard,platformType=TBPYPY 
2026-07-08 16:46:42,175 [INFO ] DCAPI tbdcapi user=,sessionid=1,login success! 
2026-07-08 16:46:42,175 [DEBUG] DCAPI ICEAuthenProxy login end 
2026-07-08 16:46:42,176 [DEBUG] AuthAgent Login end 
2026-07-08 16:46:42,177 [DEBUG] DCAPI start IceDataProxy, ret=OK@ 
2026-07-08 16:46:42,177 [DEBUG] DCAPI ICETradeSimuProxy start begin 
2026-07-08 16:46:42,177 [DEBUG] DCAPI ICETradeSimuProxy start end,OK@ 
2026-07-08 16:46:42,364 [DEBUG] BaseService initBase initConfig,size=3,OK@ 
2026-07-08 16:46:42,364 [DEBUG] BaseService initBase initConfig,SimuIgnoreDelayMs=3000 
2026-07-08 16:46:42,364 [DEBUG] BaseService initBase initConfig,SimuMatchDelayMs=3000 
2026-07-08 16:46:42,364 [DEBUG] BaseService initBase initConfig,SimuLimitCancelCNT=500 
2026-07-08 16:46:42,364 [DEBUG] BaseService initBase=OK@,initMarket=OK@,initCategory=OK@,initExchange=OK@,lastBase=000001FAF0E85E60,nowBase=000001FAF0E84C60 
2026-07-08 16:46:42,365 [DEBUG] BaseService Market,UnknownMarket,0,,category=UnknownCategory|Bonds|Funds,exchange=UnknownExchange 
2026-07-08 16:46:42,365 [DEBUG] BaseService Market,CHNFuture,1,期货,category=Futures|Options,exchange=SHFE|DCE|CZCE|CFFEX|INE|TBFT|GFEXEX 
2026-07-08 16:46:42,365 [DEBUG] BaseService Market,CHNStock,2,股票,category=Stocks,exchange=SSE|SZSE|TBST|OTCF|BSESE 
2026-07-08 16:46:42,365 [DEBUG] BaseService Market,CHNOptions,4,期权,category=,exchange=e= 
2026-07-08 16:46:42,365 [DEBUG] BaseService Market,GlobalMarket,8,国外期货,category=ForeignFutures,exchange=CBOT|CME|NYBOT|NYMEX|SGX|TOCOM|KRX|LME|ICE|EUREX|LIFFE|BMD|SFE|TFEX|COMEX|APEX|DME|JPX|ECBOT|IPE|WORLDINDEXNDEX 
2026-07-08 16:46:42,365 [DEBUG] BaseService Market,GlobalStockMarket,16,国外证券,category=ForeignStocks,exchange=HKEX|NYSE|NASDAQ|OSE|OSE 
2026-07-08 16:46:42,365 [DEBUG] BaseService Market,CHNSpot,32,现货,category=SpotTrans,exchange=BOCE|SGEGE 
2026-07-08 16:46:42,365 [DEBUG] BaseService Market,Forexs,64,外汇,category=Forexs,exchange=FOREXEX 
2026-07-08 16:46:42,365 [DEBUG] BaseService Market,TBNews,128,资讯,category=,exchange=e= 
2026-07-08 16:46:42,365 [DEBUG] BaseService Market,CHNStockSnap,256,查询快照,category=,exchange=nge= 
2026-07-08 16:46:42,365 [DEBUG] BaseService Market,MobileMonitor,512,移动监控,category=,exchange=nge= 
2026-07-08 16:46:42,365 [DEBUG] BaseService Category,UnknownCategory,-1,未知,market=UnknownMarket,exchange=UnknownExchangege 
2026-07-08 16:46:42,365 [DEBUG] BaseService Category,Stocks,0,股票,market=CHNStock,exchange=SSE|SZSE|TBST|OTCF|BSESE 
2026-07-08 16:46:42,365 [DEBUG] BaseService Category,Futures,1,期货,market=CHNFuture,exchange=SHFE|DCE|CZCE|CFFEX|INE|TBFT|GFEXEX 
2026-07-08 16:46:42,365 [DEBUG] BaseService Category,Forexs,2,外汇,market=Forexs,exchange=FOREXEX 
2026-07-08 16:46:42,365 [DEBUG] BaseService Category,Bonds,3,债券,market=UnknownMarket,exchange=e= 
2026-07-08 16:46:42,365 [DEBUG] BaseService Category,Funds,4,基金,market=UnknownMarket,exchange=e= 
2026-07-08 16:46:42,365 [DEBUG] BaseService Category,Options,5,期权,market=CHNFuture,exchange=SHFE|DCE|CZCE|CFFEX|INE|SSE|SZSE|BSE|GFEXEX 
2026-07-08 16:46:42,365 [DEBUG] BaseService Category,SpotTrans,6,现货,market=CHNSpot,exchange=BOCE|SGEGE 
2026-07-08 16:46:42,365 [DEBUG] BaseService Category,ForeignFutures,7,外盘期货,market=GlobalMarket,exchange=CBOT|CME|NYBOT|NYMEX|HKEX|SGX|TOCOM|KRX|LME|ICE|EUREX|LIFFE|BMD|SFE|TFEX|COMEX|APEX|DME|JPX|ECBOT|IPE|WORLDINDEXNDEX 
2026-07-08 16:46:42,365 [DEBUG] BaseService Category,ForeignStocks,8,外盘股票,market=GlobalStockMarket,exchange=HKEX|NYSE|NASDAQ|OSE|OSE 
2026-07-08 16:46:42,365 [DEBUG] BaseService Exchange,UnknownExchange,-1,未知,market=UnknownMarketet 
2026-07-08 16:46:42,365 [DEBUG] BaseService Exchange,SHFE,0,上海期货交易所,market=CHNFutureNFuture 
2026-07-08 16:46:42,365 [DEBUG] BaseService Exchange,DCE,1,大连商品交易所,market=CHNFutureNFuture 
2026-07-08 16:46:42,365 [DEBUG] BaseService Exchange,CZCE,2,郑州商品交易所,market=CHNFutureNFuture 
2026-07-08 16:46:42,365 [DEBUG] BaseService Exchange,CFFEX,3,中国金融期货交易所,market=CHNFutureCHNFuture 
2026-07-08 16:46:42,365 [DEBUG] BaseService Exchange,INE,4,上海国际能源交易中心,market=CHNFuture=CHNFuture 
2026-07-08 16:46:42,365 [DEBUG] BaseService Exchange,SSE,5,上海证券交易所,market=CHNStockHNStock 
2026-07-08 16:46:42,365 [DEBUG] BaseService Exchange,SZSE,6,深圳证券交易所,market=CHNStockHNStock 
2026-07-08 16:46:42,365 [DEBUG] BaseService Exchange,BOCE,7,渤海商品交易所,market=CHNSpotCHNSpot 
2026-07-08 16:46:42,365 [DEBUG] BaseService Exchange,SGE,8,上海黄金交易所,market=CHNSpotCHNSpot 
2026-07-08 16:46:42,365 [DEBUG] BaseService Exchange,CBOT,9,芝加哥期货交易所,market=GlobalMarketalMarket 
2026-07-08 16:46:42,365 [DEBUG] BaseService Exchange,CME,10,芝加哥商业交易所,market=GlobalMarketalMarket 
2026-07-08 16:46:42,365 [DEBUG] BaseService Exchange,NYBOT,11,纽约期货交易所,market=GlobalMarketlMarket 
2026-07-08 16:46:42,365 [DEBUG] BaseService Exchange,NYMEX,12,纽约商业期货交易所,market=GlobalMarketbalMarket 
2026-07-08 16:46:42,365 [DEBUG] BaseService Exchange,HKEX,13,香港交易所,market=GlobalStockMarketarket 
2026-07-08 16:46:42,365 [DEBUG] BaseService Exchange,SGX,14,新加坡交易所,market=GlobalMarketMarket 
2026-07-08 16:46:42,365 [DEBUG] BaseService Exchange,TOCOM,15,东京商品交易所,market=GlobalMarketlMarket 
2026-07-08 16:46:42,365 [DEBUG] BaseService Exchange,KRX,16,韩国证券期货交易所,market=GlobalMarketbalMarket 
2026-07-08 16:46:42,365 [DEBUG] BaseService Exchange,LME,17,伦敦金属交易所,market=GlobalMarketlMarket 
2026-07-08 16:46:42,365 [DEBUG] BaseService Exchange,ICE,18,洲际交易所,market=GlobalMarketarket 
2026-07-08 16:46:42,365 [DEBUG] BaseService Exchange,EUREX,19,欧洲期货交易所,market=GlobalMarketlMarket 
2026-07-08 16:46:42,365 [DEBUG] BaseService Exchange,LIFFE,20,伦敦国际金融交易所,market=GlobalMarketbalMarket 
2026-07-08 16:46:42,365 [DEBUG] BaseService Exchange,BMD,21,马来西亚交易所,market=GlobalMarketlMarket 
2026-07-08 16:46:42,365 [DEBUG] BaseService Exchange,SFE,22,悉尼期货交易所,market=GlobalMarketlMarket 
2026-07-08 16:46:42,365 [DEBUG] BaseService Exchange,TFEX,23,泰国期货交易所,market=GlobalMarketlMarket 
2026-07-08 16:46:42,365 [DEBUG] BaseService Exchange,NYSE,24,纽约证券交易所,market=GlobalStockMarketkMarket 
2026-07-08 16:46:42,365 [DEBUG] BaseService Exchange,NASDAQ,25,纳斯达克,market=GlobalStockMarketrket 
2026-07-08 16:46:42,365 [DEBUG] BaseService Exchange,FOREX,26,外汇市场,market=Forexsrexs 
2026-07-08 16:46:42,365 [DEBUG] BaseService Exchange,COMEX,27,纽约金属交易所,market=GlobalMarketlMarket 
2026-07-08 16:46:42,365 [DEBUG] BaseService Exchange,APEX,28,新加坡亚太交易所,market=GlobalMarketalMarket 
2026-07-08 16:46:42,365 [DEBUG] BaseService Exchange,DME,29,迪拜商品交易所,market=GlobalMarketlMarket 
2026-07-08 16:46:42,365 [DEBUG] BaseService Exchange,JPX,30,日本交易所集团,market=GlobalMarketlMarket 
2026-07-08 16:46:42,365 [DEBUG] BaseService Exchange,ECBOT,31,芝加哥电子商品交易所,market=GlobalMarketobalMarket 
2026-07-08 16:46:42,365 [DEBUG] BaseService Exchange,IPE,32,伦敦国际石油交易所,market=GlobalMarketbalMarket 
2026-07-08 16:46:42,365 [DEBUG] BaseService Exchange,OSE,33,大阪证券交易所,market=GlobalStockMarketkMarket 
2026-07-08 16:46:42,365 [DEBUG] BaseService Exchange,WORLDINDEX,34,全球指数,market=GlobalMarketrket 
2026-07-08 16:46:42,365 [DEBUG] BaseService Exchange,TBFT,35,开拓者期货指数,market=CHNFutureNFuture 
2026-07-08 16:46:42,365 [DEBUG] BaseService Exchange,TBST,36,开拓者证券指数,market=CHNStockHNStock 
2026-07-08 16:46:42,365 [DEBUG] BaseService Exchange,OTCF,37,场外基金,market=CHNStocktock 
2026-07-08 16:46:42,365 [DEBUG] BaseService Exchange,BSE,38,北京证券交易所,market=CHNStockHNStock 
2026-07-08 16:46:42,365 [DEBUG] BaseService Exchange,GFEX,39,广州期货交易所,market=CHNFutureNFuture 
2026-07-08 16:46:42,422 [INFO ] BaseService HolidayCache construct  
2026-07-08 16:46:42,448 [TRACE] TBCommon TradingDayCache construct 
2026-07-08 16:46:42,498 [DEBUG] TBCommon RelativeSymbolCache init,srcSize=355,cacheMapSize=355,mainMapSize=6831,sndMainMapSize=4111 
2026-07-08 16:46:43,891 [DEBUG] TBCommon resetCodePropByRule crb=Futures, CodeProperties size=116514 
2026-07-08 16:46:43,891 [DEBUG] TBCommon resetCodePropByBigCate begin category=Futures, CodeProperties size=116514 
2026-07-08 16:46:43,891 [DEBUG] TBCommon CodePropertyCache clearPropByBigCate bigcate= 1,exchsize=7,exchs=SHFE;DCE;CZCE;CFFEX;INE;TBFT;GFEX; 
2026-07-08 16:46:44,075 [DEBUG] TBCommon CodePropertyCache genTimePeriodsCodes, codeEx=pfcode.SHFE,ret=OK@,dealTimesV2=|21:00-02:30;09:00-11:30;13:00-15:15;||||| 
2026-07-08 16:46:44,075 [DEBUG] TBCommon resetCodePropByBigCate end category=Futures 
2026-07-08 16:46:44,075 [DEBUG] TBCommon  TradingDayCache refreshCodeInfo:Futures 
2026-07-08 16:46:44,089 [DEBUG] TBCommon  TradingDayCache refreshCodeInfo:Futures 
2026-07-08 16:46:44,089 [DEBUG] TBCommon  TradingDayCache refreshCodeInfo:Stocks 
2026-07-08 16:46:44,089 [DEBUG] TBCommon  TradingDayCache refreshCodeInfo:Options 
2026-07-08 16:46:44,089 [DEBUG] TBCommon  TradingDayCache refreshCodeInfo:ForeignFutures 
2026-07-08 16:46:44,091 [TRACE] TBCommon CodePropertyCache getSpecialCodeIDs type=次连类型,size=88,codes=ad777.SHFE;i9777.DCE;PL777.CZCE;CF777.CZCE;LR777.CZCE;pb777.SHFE;RI777.CZCE;au777.SHFE;jm777.DCE;ec777.INE;op777.SHFE;WH777.CZCE;hc777.SHFE;lc777.GFEX;UR777.CZCE;ni777.SHFE;fb777.DCE;SH777.CZCE;eg777.DCE;pt777.GFEX;bb777.DCE;ss777.SHFE;HFE;p9777.DCE;jd777.DCE;rb777.SHFE;ru777.SHFE;SA777.CZCE;IM777.CFFEX;eb777.DCE;IH777.CFFEX;SF777.CZCE;AP777.CZCE;c9777.DCE;rr777.DCE;bz777.DCE;ps777.GFEX;TL777.CFFEX;SM777.CZCE;TA777.CZCE;IF777.CFFEX;PF777.CZCE;IC777.CFFEX;sp777.SHFE;lh777.DCE;CJ777.CZCE;zn777.SHFE;RM777.CZCE;lg777.DCE;a9777.DCE;PR777.CZCE;si777.GFEX;PM777.CZCE;cu777.SHFE;v9777.DCE;PX777.CZCE;MA777.CZCE;RS777.CZCE;m9777.DCE;fu777.SHFE;JR777.CZCE;TS777.CFFEX;PK777.CZCE;lu777.INE;b9777.DCE;TF777.CFFEX;l9777.DCE;pd777.GFEX;y9777.DCE;OI777.CZCE;FG777.CZCE;T9777.CFFEX;pg777.DCE;pp777.DCE;br777.SHFE;j9777.DCE;al777.SHFE;cs777.DCE;sn777.SHFE;wr777.SHFE;bu777.SHFE;nr777.INE;SR777.CZCE;ZC777.CZCE;CY777.CZCE;sc777.INE;bc777.INE;ag777.SHFE;ao777.SHFE; 
2026-07-08 16:46:44,117 [TRACE] TBCommon CodePropertyCache getSpecialCodeIDs type=连续类型,size=244,codes=SR3888.CME;ZC888.CZCE;cu888.SHFE;QG888.NYMEX;MHI888.HKEX;MTN888.HKEX;SB888.ICE;MGN888.HKEX;lu888.INE;PK888.CZCE;PF888.CZCE;6J888.CME;LE888.CME;CNC888.HKEX;FEQ888.HKEX;MXC888.HKEX;NG888.NYMEX;CY888.CZCE;NKD888.CME;CCC888.HKEX;ZR888.CBOTCBOT;YM888.CBOT;PR888.CZCE;T9888.ICE;sp888.SHFE;m9888.DCE;RB888.NYMEX;ALI888.COMEX;6B888.CME;l9888.DCE;rb888.SHFE;MIN888.HKEX;CJ888.CZCE;i9888.DCE;pb888.SHFE;MNZ888.HKEX;MMN888.HKEX;bz888.DCE;CHT888.HKEX;MET888.HKEX;TN888.CBOT;IF888.CFFEX;ZL888.CBOT;MCA888.HKEX;KE888.CBOT;NQ888.CME;TF888.CFFEX;IU888.SGX;ICB888.HKEX;lg888.DCE;JDC888.HKEX;CEU888.HKEX;v9888.DCE;EAN888.HKEX;ZB888.CBOT;MPN888.HKEX;SIL888.COMEX;CTC888.HKEX;cs888.DCE;GC888.COMEX;QO888.COMEX;MNQ888.CME;CLI888.HKEX;hc888.SHFE;MVN888.HKEX;ZF888.CBOT;nr888.INE;XW888.CBOT;MCL888.NYMEX;BOC888.HKEX;PL888.NYMEX;QI888.COMEX;RM888.CZCE;PA888.NYMEX;p9888.DCE;MAN888.HKEX;MIA888.HKEX;CCB888.HKEX;MA888.CZCE;KC888.ICE;fu888.SHFE;PEC888.HKEX;pt888.GFEX;RS888.CZCE;PX888.CZCE;M2K888.CME;CT888.ICE;6N888.CME;GAS888.ICE;ps888.GFEX;ZO888.CBOT;op888.SHFE;IM888.CFFEX;6A888.CME;MTW888.HKEX;MXK888.HKEX;UR888.CZCE;MEE888.HKEX;HG888.COMEX;eb888.DCE;a9888.DCE;ZC888.CBOT;FG888.CZCE;rr888.DCE;j9888.DCE;SM888.CZCE;bu888.SHFE;ag888.SHFE;PAI888.HKEX;b9888.DCE;ZM888.CBOT;br888.SHFE;AP888.CZCE;bb888.DCE;SI888.COMEX;pd888.GFEX;CHH888.HKEX;pg888.DCE;CUS888.HKEX;SH888.CZCE;sc888.INE;ZS888.CBOT;QC888.COMEX;fb888.DCE;OI888.CZCE;MVI888.HKEX;ru888.SHFE;BRN888.ICE;RTY888.CME;HHI888.HKEX;SR888.CZCE;y9888.DCE;MCH888.HKEX;HSI888.HKEX;sn888.SHFE;SAS888.CBOT;PIC888.HKEX;MPC888.HKEX;pp888.DCE;MAK888.HKEX;au888.SHFE;MHK888.HKEX;MPS888.HKEX;T9888.CFFEX;ALB888.HKEX;IH888.CFFEX;lc888.GFEX;IC888.CFFEX;MYM888.CBOT;FEM888.HKEX;TS888.CFFEX;MMA888.HKEX;TA888.CZCE;lh888.DCE;6M888.CME;MPJ888.HKEX;W9888.ICE;ZT888.CBOT;NK888.SGX;ao888.SHFE;MGC888.COMEX;GF888.CME;c9888.DCE;MND888.HKEX;6L888.CME;MWN888.HKEX;JR888.CZCE;BZ888.NYMEX;MDN888.HKEX;zn888.SHFE;UHO888.ICE;NTE888.HKEX;CIN888.HKEX;PM888.CZCE;KU888.SGX;HKB888.HKEX;CAU888.HKEX;MEL888.HKEX;RC888.ICE;bc888.INE;ss888.SHFE;ni888.SHFE;al888.SHFE;EMN888.HKEX;jm888.DCE;C9888.ICE;A50888.HKEX;jd888.DCE;NIY888.CME;UIN888.HKEX;TL888.CFFEX;HO888.NYMEX;ec888.INE;XC888.CBOT;wr888.SHFE;MEI888.HKEX;CNH888.CME;CSA888.HKEX;SF888.CZCE;XK888.CBOT;DX888.ICE;GWM888.HKEX;HEX888.HKEX;HE888.CME;AMC888.HKEX;SGP888.SGX;FEF888.SGX;MJU888.HKEX;MES888.CME;eg888.DCE;6C888.CME;TWR888.HKEX;CPC888.HKEX;ZN888.CBOT;si888.GFEX;6E888.CME;MAC888.HKEX;ZW888.CBOT;WH888.CZCE;PL888.CZCE;LBR888.CME;RI888.CZCE;QM888.NYMEX;6S888.CME;CC888.ICE;CMB888.HKEX;TCH888.HKEX;TWN888.SGX;SA888.CZCE;HTI888.HKEX;ad888.SHFE;BUD888.HKEX;MTD888.HKEX;MSN888.HKEX;MIU888.HKEX;CF888.CZCE;CL888.NYMEX;LR888.CZCE;TF888.SGX;ES888.CME;OJ888.ICE;CN888.SGX;UC888.SGX;CJP888.HKEX; 
2026-07-08 16:46:44,138 [DEBUG] Event ,setName 
2026-07-08 16:46:44,181 [DEBUG] DCAPI ICETradeProxy stop begin 
2026-07-08 16:46:44,183 [DEBUG] DCAPI ICETradeProxy stop end 
2026-07-08 16:46:44,183 [DEBUG] DCAPI ICETradeSimuProxy stop begin 
2026-07-08 16:46:44,183 [DEBUG] DCAPI ICETradeSimuProxy stop end 
2026-07-08 16:46:44,183 [DEBUG] DCAPI ICEBaseProxy stop begin 
2026-07-08 16:46:44,183 [DEBUG] DCAPI IceDataProxy stop begin 
2026-07-08 16:46:44,184 [DEBUG] DCAPI IceDataProxy stop end ret=OK@ 
2026-07-08 16:46:44,184 [DEBUG] DCAPI ICEBaseProxy stop end 
2026-07-08 16:46:44,184 [DEBUG] DCAPI ICEAuthenProxy stop begin 
2026-07-08 16:46:44,185 [DEBUG] DCAPI release ice,destory communicator start 
2026-07-08 16:46:44,185 [INFO ] DCAPI connect tbquantdc success 
2026-07-08 16:46:44,186 [INFO ] DCAPI QuoteHisDispatcher stop begin 
2026-07-08 16:46:44,186 [INFO ] DCAPI QuoteHisDispatcher stop end 
2026-07-08 16:46:44,186 [INFO ] DCAPI QuoteRealDispatcher stop begin 
2026-07-08 16:46:44,186 [INFO ] DCAPI QuoteRealDispatcher stop end 
2026-07-08 16:46:44,186 [INFO ] DCAPI DataHisDispatcher stop begin 
2026-07-08 16:46:44,186 [INFO ] DCAPI DataHisDispatcher stop end 
2026-07-08 16:46:44,186 [INFO ] DCAPI DataRealDispatcher stop begin 
2026-07-08 16:46:44,186 [INFO ] DCAPI DataRealDispatcher stop end 
2026-07-08 16:46:44,186 [INFO ] DCAPI CommonDispatcher stop begin 
2026-07-08 16:46:44,186 [INFO ] DCAPI CommonDispatcher stop end 
2026-07-08 16:46:44,186 [DEBUG] DCAPI release ice,destory communicator success 
2026-07-08 16:46:44,186 [INFO ] DCAPI tbdcapi user=,sessionid=1,login out! 
2026-07-08 16:46:44,186 [DEBUG] DCAPI ICEAuthenProxy stop end 
2026-07-08 16:46:55,718 [INFO ] TBCommon GetFileVersionInfoSize fail,moduleName:TBCommon  
2026-07-08 16:46:55,718 [WARN ] TBPY parser_version_str rootPath=D:\software\tb,version= 
2026-07-08 16:46:55,718 [DEBUG] AuthAgent createService,jsonParam=[{"serviceName":"AuthenService","dllPath":"C:\\Users\\Administrator\\AppData\\Local\\Programs\\Python\\Python312\\Lib\\site-packages\\tbpy\\TBDataCenterAPI.dll","procName":"createAuthenService","parameter":{"online":true}},{"serviceName":"BaseService","dllPath":"C:\\Users\\Administrator\\AppData\\Local\\Programs\\Python\\Python312\\Lib\\site-packages\\tbpy\\TBDataCenterAPI.dll","procName":"createBaseService","parameter":{"online":true}},{"serviceName":"TradeService","dllPath":"C:\\Users\\Administrator\\AppData\\Local\\Programs\\Python\\Python312\\Lib\\site-packages\\tbpy\\TBDataCenterAPI.dll","procName":"createTradeService","parameter":{"online":true}},{"serviceName":"TradeSimuService","dllPath":"C:\\Users\\Administrator\\AppData\\Local\\Programs\\Python\\Python312\\Lib\\site-packages\\tbpy\\TBDataCenterAPI.dll","procName":"createTradeSimuService","parameter":{"online":true}}] 
2026-07-08 16:46:55,722 [INFO ] BaseService HolidayCache construct  
2026-07-08 16:46:55,722 [TRACE] TBCommon TradingDayCache construct 
2026-07-08 16:46:55,722 [INFO ] DCAPI QuoteHisDispatcher construct 
2026-07-08 16:46:55,722 [INFO ] DCAPI QuoteRealDispatcher construct 
2026-07-08 16:46:55,722 [INFO ] DCAPI DataHisDispatcher construct 
2026-07-08 16:46:55,722 [INFO ] DCAPI DataRealDispatcher construct 
2026-07-08 16:46:55,722 [DEBUG] AuthAgent InitService start service begin 
2026-07-08 16:46:55,722 [DEBUG] DCAPI ICEServiceManager init option=0,port= 
2026-07-08 16:46:55,722 [DEBUG] DCAPI init ice,start create communicator 
2026-07-08 16:46:55,723 [DEBUG] DCAPI createCommunicator use default config 
2026-07-08 16:46:55,751 [TRACE] DCAPI shm_info,shm=DSOFTWARETBSHM,mtx=DSOFTWARETBSHMTBPROCESSMTX,endpoint=tcp -h 127.0.0.1 -p 13831 
2026-07-08 16:46:55,752 [INFO ] DCAPI QuoteHisDispatcher start begin 
2026-07-08 16:46:55,752 [INFO ] DCAPI QuoteHisDispatcher start end 
2026-07-08 16:46:55,752 [INFO ] DCAPI QuoteRealDispatcher start begin 
2026-07-08 16:46:55,752 [INFO ] DCAPI QuoteRealDispatcher start end 
2026-07-08 16:46:55,752 [INFO ] DCAPI DataHisDispatcher start begin 
2026-07-08 16:46:55,752 [INFO ] DCAPI DataHisDispatcher start end 
2026-07-08 16:46:55,752 [INFO ] DCAPI DataRealDispatcher start begin 
2026-07-08 16:46:55,752 [INFO ] DCAPI DataRealDispatcher start end 
2026-07-08 16:46:55,752 [INFO ] DCAPI CommonDispatcher construct 
2026-07-08 16:46:55,752 [INFO ] DCAPI CommonDispatcher start begin 
2026-07-08 16:46:55,752 [INFO ] DCAPI CommonDispatcher start end 
2026-07-08 16:46:55,752 [DEBUG] DCAPI init ice,create communicator success 
2026-07-08 16:46:55,753 [INFO ] DCAPI connect tbquantdc success 
2026-07-08 16:46:55,754 [DEBUG] DCAPI ICEAuthenProxy start 
2026-07-08 16:46:55,754 [DEBUG] AuthAgent InitService start service end 
2026-07-08 16:46:55,754 [DEBUG] AuthAgent InitService end 
2026-07-08 16:46:55,754 [DEBUG] AuthAgent Login start 
2026-07-08 16:46:55,754 [DEBUG] AuthAgent Login get host begin 
2026-07-08 16:46:55,813 [TRACE] DCAPI 获取本机mac地址成功, mac:0C5B8F279A648F279A64 
2026-07-08 16:46:55,813 [DEBUG] AuthAgent Login get host end 
2026-07-08 16:46:55,813 [DEBUG] DCAPI ICEAuthenProxy login start 
2026-07-08 16:46:55,813 [INFO ] DCAPI try lock process mutex success,mutex key:1tcp-h127001-p13831 
2026-07-08 16:46:55,813 [INFO ] DCAPI 【softversion】,versionNo=3.12.3,softType=Standard,platformType=TBPYPY 
2026-07-08 16:46:55,814 [INFO ] DCAPI tbdcapi user=,sessionid=1,login success! 
2026-07-08 16:46:55,815 [DEBUG] DCAPI ICEAuthenProxy login end 
2026-07-08 16:46:55,818 [DEBUG] AuthAgent Login end 
2026-07-08 16:46:55,820 [DEBUG] DCAPI start IceDataProxy, ret=OK@ 
2026-07-08 16:46:55,820 [DEBUG] DCAPI ICETradeSimuProxy start begin 
2026-07-08 16:46:55,820 [DEBUG] DCAPI ICETradeSimuProxy start end,OK@ 
2026-07-08 16:46:55,992 [DEBUG] BaseService initBase initConfig,size=3,OK@ 
2026-07-08 16:46:55,993 [DEBUG] BaseService initBase initConfig,SimuIgnoreDelayMs=3000 
2026-07-08 16:46:55,993 [DEBUG] BaseService initBase initConfig,SimuMatchDelayMs=3000 
2026-07-08 16:46:55,993 [DEBUG] BaseService initBase initConfig,SimuLimitCancelCNT=500 
2026-07-08 16:46:55,993 [DEBUG] BaseService initBase=OK@,initMarket=OK@,initCategory=OK@,initExchange=OK@,lastBase=000001762E0B72C0,nowBase=0000017656791BE0 
2026-07-08 16:46:55,993 [DEBUG] BaseService Market,UnknownMarket,0,,category=UnknownCategory|Bonds|Funds,exchange=UnknownExchange 
2026-07-08 16:46:55,993 [DEBUG] BaseService Market,CHNFuture,1,期货,category=Futures|Options,exchange=SHFE|DCE|CZCE|CFFEX|INE|TBFT|GFEXEX 
2026-07-08 16:46:55,993 [DEBUG] BaseService Market,CHNStock,2,股票,category=Stocks,exchange=SSE|SZSE|TBST|OTCF|BSESE 
2026-07-08 16:46:55,993 [DEBUG] BaseService Market,CHNOptions,4,期权,category=,exchange=e= 
2026-07-08 16:46:55,993 [DEBUG] BaseService Market,GlobalMarket,8,国外期货,category=ForeignFutures,exchange=CBOT|CME|NYBOT|NYMEX|SGX|TOCOM|KRX|LME|ICE|EUREX|LIFFE|BMD|SFE|TFEX|COMEX|APEX|DME|JPX|ECBOT|IPE|WORLDINDEXNDEX 
2026-07-08 16:46:55,993 [DEBUG] BaseService Market,GlobalStockMarket,16,国外证券,category=ForeignStocks,exchange=HKEX|NYSE|NASDAQ|OSE|OSE 
2026-07-08 16:46:55,993 [DEBUG] BaseService Market,CHNSpot,32,现货,category=SpotTrans,exchange=BOCE|SGEGE 
2026-07-08 16:46:55,993 [DEBUG] BaseService Market,Forexs,64,外汇,category=Forexs,exchange=FOREXEX 
2026-07-08 16:46:55,993 [DEBUG] BaseService Market,TBNews,128,资讯,category=,exchange=e= 
2026-07-08 16:46:55,993 [DEBUG] BaseService Market,CHNStockSnap,256,查询快照,category=,exchange=nge= 
2026-07-08 16:46:55,993 [DEBUG] BaseService Market,MobileMonitor,512,移动监控,category=,exchange=nge= 
2026-07-08 16:46:55,993 [DEBUG] BaseService Category,UnknownCategory,-1,未知,market=UnknownMarket,exchange=UnknownExchangege 
2026-07-08 16:46:55,993 [DEBUG] BaseService Category,Stocks,0,股票,market=CHNStock,exchange=SSE|SZSE|TBST|OTCF|BSESE 
2026-07-08 16:46:55,993 [DEBUG] BaseService Category,Futures,1,期货,market=CHNFuture,exchange=SHFE|DCE|CZCE|CFFEX|INE|TBFT|GFEXEX 
2026-07-08 16:46:55,993 [DEBUG] BaseService Category,Forexs,2,外汇,market=Forexs,exchange=FOREXEX 
2026-07-08 16:46:55,993 [DEBUG] BaseService Category,Bonds,3,债券,market=UnknownMarket,exchange=e= 
2026-07-08 16:46:55,993 [DEBUG] BaseService Category,Funds,4,基金,market=UnknownMarket,exchange=e= 
2026-07-08 16:46:55,993 [DEBUG] BaseService Category,Options,5,期权,market=CHNFuture,exchange=SHFE|DCE|CZCE|CFFEX|INE|SSE|SZSE|BSE|GFEXEX 
2026-07-08 16:46:55,993 [DEBUG] BaseService Category,SpotTrans,6,现货,market=CHNSpot,exchange=BOCE|SGEGE 
2026-07-08 16:46:55,993 [DEBUG] BaseService Category,ForeignFutures,7,外盘期货,market=GlobalMarket,exchange=CBOT|CME|NYBOT|NYMEX|HKEX|SGX|TOCOM|KRX|LME|ICE|EUREX|LIFFE|BMD|SFE|TFEX|COMEX|APEX|DME|JPX|ECBOT|IPE|WORLDINDEXNDEX 
2026-07-08 16:46:55,993 [DEBUG] BaseService Category,ForeignStocks,8,外盘股票,market=GlobalStockMarket,exchange=HKEX|NYSE|NASDAQ|OSE|OSE 
2026-07-08 16:46:55,993 [DEBUG] BaseService Exchange,UnknownExchange,-1,未知,market=UnknownMarketet 
2026-07-08 16:46:55,993 [DEBUG] BaseService Exchange,SHFE,0,上海期货交易所,market=CHNFutureNFuture 
2026-07-08 16:46:55,993 [DEBUG] BaseService Exchange,DCE,1,大连商品交易所,market=CHNFutureNFuture 
2026-07-08 16:46:55,993 [DEBUG] BaseService Exchange,CZCE,2,郑州商品交易所,market=CHNFutureNFuture 
2026-07-08 16:46:55,993 [DEBUG] BaseService Exchange,CFFEX,3,中国金融期货交易所,market=CHNFutureCHNFuture 
2026-07-08 16:46:55,993 [DEBUG] BaseService Exchange,INE,4,上海国际能源交易中心,market=CHNFuture=CHNFuture 
2026-07-08 16:46:55,993 [DEBUG] BaseService Exchange,SSE,5,上海证券交易所,market=CHNStockHNStock 
2026-07-08 16:46:55,993 [DEBUG] BaseService Exchange,SZSE,6,深圳证券交易所,market=CHNStockHNStock 
2026-07-08 16:46:55,993 [DEBUG] BaseService Exchange,BOCE,7,渤海商品交易所,market=CHNSpotCHNSpot 
2026-07-08 16:46:55,993 [DEBUG] BaseService Exchange,SGE,8,上海黄金交易所,market=CHNSpotCHNSpot 
2026-07-08 16:46:55,993 [DEBUG] BaseService Exchange,CBOT,9,芝加哥期货交易所,market=GlobalMarketalMarket 
2026-07-08 16:46:55,993 [DEBUG] BaseService Exchange,CME,10,芝加哥商业交易所,market=GlobalMarketalMarket 
2026-07-08 16:46:55,993 [DEBUG] BaseService Exchange,NYBOT,11,纽约期货交易所,market=GlobalMarketlMarket 
2026-07-08 16:46:55,993 [DEBUG] BaseService Exchange,NYMEX,12,纽约商业期货交易所,market=GlobalMarketbalMarket 
2026-07-08 16:46:55,993 [DEBUG] BaseService Exchange,HKEX,13,香港交易所,market=GlobalStockMarketarket 
2026-07-08 16:46:55,993 [DEBUG] BaseService Exchange,SGX,14,新加坡交易所,market=GlobalMarketMarket 
2026-07-08 16:46:55,993 [DEBUG] BaseService Exchange,TOCOM,15,东京商品交易所,market=GlobalMarketlMarket 
2026-07-08 16:46:55,993 [DEBUG] BaseService Exchange,KRX,16,韩国证券期货交易所,market=GlobalMarketbalMarket 
2026-07-08 16:46:55,993 [DEBUG] BaseService Exchange,LME,17,伦敦金属交易所,market=GlobalMarketlMarket 
2026-07-08 16:46:55,993 [DEBUG] BaseService Exchange,ICE,18,洲际交易所,market=GlobalMarketarket 
2026-07-08 16:46:55,993 [DEBUG] BaseService Exchange,EUREX,19,欧洲期货交易所,market=GlobalMarketlMarket 
2026-07-08 16:46:55,993 [DEBUG] BaseService Exchange,LIFFE,20,伦敦国际金融交易所,market=GlobalMarketbalMarket 
2026-07-08 16:46:55,993 [DEBUG] BaseService Exchange,BMD,21,马来西亚交易所,market=GlobalMarketlMarket 
2026-07-08 16:46:55,993 [DEBUG] BaseService Exchange,SFE,22,悉尼期货交易所,market=GlobalMarketlMarket 
2026-07-08 16:46:55,993 [DEBUG] BaseService Exchange,TFEX,23,泰国期货交易所,market=GlobalMarketlMarket 
2026-07-08 16:46:55,993 [DEBUG] BaseService Exchange,NYSE,24,纽约证券交易所,market=GlobalStockMarketkMarket 
2026-07-08 16:46:55,993 [DEBUG] BaseService Exchange,NASDAQ,25,纳斯达克,market=GlobalStockMarketrket 
2026-07-08 16:46:55,993 [DEBUG] BaseService Exchange,FOREX,26,外汇市场,market=Forexsrexs 
2026-07-08 16:46:55,993 [DEBUG] BaseService Exchange,COMEX,27,纽约金属交易所,market=GlobalMarketlMarket 
2026-07-08 16:46:55,993 [DEBUG] BaseService Exchange,APEX,28,新加坡亚太交易所,market=GlobalMarketalMarket 
2026-07-08 16:46:55,993 [DEBUG] BaseService Exchange,DME,29,迪拜商品交易所,market=GlobalMarketlMarket 
2026-07-08 16:46:55,993 [DEBUG] BaseService Exchange,JPX,30,日本交易所集团,market=GlobalMarketlMarket 
2026-07-08 16:46:55,994 [DEBUG] BaseService Exchange,ECBOT,31,芝加哥电子商品交易所,market=GlobalMarketobalMarket 
2026-07-08 16:46:55,994 [DEBUG] BaseService Exchange,IPE,32,伦敦国际石油交易所,market=GlobalMarketbalMarket 
2026-07-08 16:46:55,994 [DEBUG] BaseService Exchange,OSE,33,大阪证券交易所,market=GlobalStockMarketkMarket 
2026-07-08 16:46:55,994 [DEBUG] BaseService Exchange,WORLDINDEX,34,全球指数,market=GlobalMarketrket 
2026-07-08 16:46:55,994 [DEBUG] BaseService Exchange,TBFT,35,开拓者期货指数,market=CHNFutureNFuture 
2026-07-08 16:46:55,994 [DEBUG] BaseService Exchange,TBST,36,开拓者证券指数,market=CHNStockHNStock 
2026-07-08 16:46:55,994 [DEBUG] BaseService Exchange,OTCF,37,场外基金,market=CHNStocktock 
2026-07-08 16:46:55,994 [DEBUG] BaseService Exchange,BSE,38,北京证券交易所,market=CHNStockHNStock 
2026-07-08 16:46:55,994 [DEBUG] BaseService Exchange,GFEX,39,广州期货交易所,market=CHNFutureNFuture 
2026-07-08 16:46:56,051 [INFO ] BaseService HolidayCache construct  
2026-07-08 16:46:56,076 [TRACE] TBCommon TradingDayCache construct 
2026-07-08 16:46:56,129 [DEBUG] TBCommon RelativeSymbolCache init,srcSize=355,cacheMapSize=355,mainMapSize=6831,sndMainMapSize=4111 
2026-07-08 16:46:57,524 [DEBUG] TBCommon resetCodePropByRule crb=Futures, CodeProperties size=116514 
2026-07-08 16:46:57,524 [DEBUG] TBCommon resetCodePropByBigCate begin category=Futures, CodeProperties size=116514 
2026-07-08 16:46:57,524 [DEBUG] TBCommon CodePropertyCache clearPropByBigCate bigcate= 1,exchsize=7,exchs=SHFE;DCE;CZCE;CFFEX;INE;TBFT;GFEX; 
2026-07-08 16:46:57,705 [DEBUG] TBCommon CodePropertyCache genTimePeriodsCodes, codeEx=pfcode.SHFE,ret=OK@,dealTimesV2=|21:00-02:30;09:00-11:30;13:00-15:15;||||| 
2026-07-08 16:46:57,705 [DEBUG] TBCommon resetCodePropByBigCate end category=Futures 
2026-07-08 16:46:57,705 [DEBUG] TBCommon  TradingDayCache refreshCodeInfo:Futures 
2026-07-08 16:46:57,718 [DEBUG] TBCommon  TradingDayCache refreshCodeInfo:Futures 
2026-07-08 16:46:57,718 [DEBUG] TBCommon  TradingDayCache refreshCodeInfo:Stocks 
2026-07-08 16:46:57,718 [DEBUG] TBCommon  TradingDayCache refreshCodeInfo:Options 
2026-07-08 16:46:57,718 [DEBUG] TBCommon  TradingDayCache refreshCodeInfo:ForeignFutures 
2026-07-08 16:46:57,721 [TRACE] TBCommon CodePropertyCache getSpecialCodeIDs type=次连类型,size=88,codes=ad777.SHFE;i9777.DCE;PL777.CZCE;CF777.CZCE;LR777.CZCE;pb777.SHFE;RI777.CZCE;au777.SHFE;jm777.DCE;ec777.INE;op777.SHFE;WH777.CZCE;hc777.SHFE;lc777.GFEX;UR777.CZCE;ni777.SHFE;fb777.DCE;SH777.CZCE;eg777.DCE;pt777.GFEX;bb777.DCE;ss777.SHFE;HFE;p9777.DCE;jd777.DCE;rb777.SHFE;ru777.SHFE;SA777.CZCE;IM777.CFFEX;eb777.DCE;IH777.CFFEX;SF777.CZCE;AP777.CZCE;c9777.DCE;rr777.DCE;bz777.DCE;ps777.GFEX;TL777.CFFEX;SM777.CZCE;TA777.CZCE;IF777.CFFEX;PF777.CZCE;IC777.CFFEX;sp777.SHFE;lh777.DCE;CJ777.CZCE;zn777.SHFE;RM777.CZCE;lg777.DCE;a9777.DCE;PR777.CZCE;si777.GFEX;PM777.CZCE;cu777.SHFE;v9777.DCE;PX777.CZCE;MA777.CZCE;RS777.CZCE;m9777.DCE;fu777.SHFE;JR777.CZCE;TS777.CFFEX;PK777.CZCE;lu777.INE;b9777.DCE;TF777.CFFEX;l9777.DCE;pd777.GFEX;y9777.DCE;OI777.CZCE;FG777.CZCE;T9777.CFFEX;pg777.DCE;pp777.DCE;br777.SHFE;j9777.DCE;al777.SHFE;cs777.DCE;sn777.SHFE;wr777.SHFE;bu777.SHFE;nr777.INE;SR777.CZCE;ZC777.CZCE;CY777.CZCE;sc777.INE;bc777.INE;ag777.SHFE;ao777.SHFE; 
2026-07-08 16:46:57,766 [TRACE] TBCommon CodePropertyCache getSpecialCodeIDs type=连续类型,size=244,codes=SR3888.CME;ZC888.CZCE;cu888.SHFE;QG888.NYMEX;MHI888.HKEX;MTN888.HKEX;SB888.ICE;MGN888.HKEX;lu888.INE;PK888.CZCE;PF888.CZCE;6J888.CME;LE888.CME;CNC888.HKEX;FEQ888.HKEX;MXC888.HKEX;NG888.NYMEX;CY888.CZCE;NKD888.CME;CCC888.HKEX;ZR888.CBOTCBOT;YM888.CBOT;PR888.CZCE;T9888.ICE;sp888.SHFE;m9888.DCE;RB888.NYMEX;ALI888.COMEX;6B888.CME;l9888.DCE;rb888.SHFE;MIN888.HKEX;CJ888.CZCE;i9888.DCE;pb888.SHFE;MNZ888.HKEX;MMN888.HKEX;bz888.DCE;CHT888.HKEX;MET888.HKEX;TN888.CBOT;IF888.CFFEX;ZL888.CBOT;MCA888.HKEX;KE888.CBOT;NQ888.CME;TF888.CFFEX;IU888.SGX;ICB888.HKEX;lg888.DCE;JDC888.HKEX;CEU888.HKEX;v9888.DCE;EAN888.HKEX;ZB888.CBOT;MPN888.HKEX;SIL888.COMEX;CTC888.HKEX;cs888.DCE;GC888.COMEX;QO888.COMEX;MNQ888.CME;CLI888.HKEX;hc888.SHFE;MVN888.HKEX;ZF888.CBOT;nr888.INE;XW888.CBOT;MCL888.NYMEX;BOC888.HKEX;PL888.NYMEX;QI888.COMEX;RM888.CZCE;PA888.NYMEX;p9888.DCE;MAN888.HKEX;MIA888.HKEX;CCB888.HKEX;MA888.CZCE;KC888.ICE;fu888.SHFE;PEC888.HKEX;pt888.GFEX;RS888.CZCE;PX888.CZCE;M2K888.CME;CT888.ICE;6N888.CME;GAS888.ICE;ps888.GFEX;ZO888.CBOT;op888.SHFE;IM888.CFFEX;6A888.CME;MTW888.HKEX;MXK888.HKEX;UR888.CZCE;MEE888.HKEX;HG888.COMEX;eb888.DCE;a9888.DCE;ZC888.CBOT;FG888.CZCE;rr888.DCE;j9888.DCE;SM888.CZCE;bu888.SHFE;ag888.SHFE;PAI888.HKEX;b9888.DCE;ZM888.CBOT;br888.SHFE;AP888.CZCE;bb888.DCE;SI888.COMEX;pd888.GFEX;CHH888.HKEX;pg888.DCE;CUS888.HKEX;SH888.CZCE;sc888.INE;ZS888.CBOT;QC888.COMEX;fb888.DCE;OI888.CZCE;MVI888.HKEX;ru888.SHFE;BRN888.ICE;RTY888.CME;HHI888.HKEX;SR888.CZCE;y9888.DCE;MCH888.HKEX;HSI888.HKEX;sn888.SHFE;SAS888.CBOT;PIC888.HKEX;MPC888.HKEX;pp888.DCE;MAK888.HKEX;au888.SHFE;MHK888.HKEX;MPS888.HKEX;T9888.CFFEX;ALB888.HKEX;IH888.CFFEX;lc888.GFEX;IC888.CFFEX;MYM888.CBOT;FEM888.HKEX;TS888.CFFEX;MMA888.HKEX;TA888.CZCE;lh888.DCE;6M888.CME;MPJ888.HKEX;W9888.ICE;ZT888.CBOT;NK888.SGX;ao888.SHFE;MGC888.COMEX;GF888.CME;c9888.DCE;MND888.HKEX;6L888.CME;MWN888.HKEX;JR888.CZCE;BZ888.NYMEX;MDN888.HKEX;zn888.SHFE;UHO888.ICE;NTE888.HKEX;CIN888.HKEX;PM888.CZCE;KU888.SGX;HKB888.HKEX;CAU888.HKEX;MEL888.HKEX;RC888.ICE;bc888.INE;ss888.SHFE;ni888.SHFE;al888.SHFE;EMN888.HKEX;jm888.DCE;C9888.ICE;A50888.HKEX;jd888.DCE;NIY888.CME;UIN888.HKEX;TL888.CFFEX;HO888.NYMEX;ec888.INE;XC888.CBOT;wr888.SHFE;MEI888.HKEX;CNH888.CME;CSA888.HKEX;SF888.CZCE;XK888.CBOT;DX888.ICE;GWM888.HKEX;HEX888.HKEX;HE888.CME;AMC888.HKEX;SGP888.SGX;FEF888.SGX;MJU888.HKEX;MES888.CME;eg888.DCE;6C888.CME;TWR888.HKEX;CPC888.HKEX;ZN888.CBOT;si888.GFEX;6E888.CME;MAC888.HKEX;ZW888.CBOT;WH888.CZCE;PL888.CZCE;LBR888.CME;RI888.CZCE;QM888.NYMEX;6S888.CME;CC888.ICE;CMB888.HKEX;TCH888.HKEX;TWN888.SGX;SA888.CZCE;HTI888.HKEX;ad888.SHFE;BUD888.HKEX;MTD888.HKEX;MSN888.HKEX;MIU888.HKEX;CF888.CZCE;CL888.NYMEX;LR888.CZCE;TF888.SGX;ES888.CME;OJ888.ICE;CN888.SGX;UC888.SGX;CJP888.HKEX; 
2026-07-08 16:46:57,782 [DEBUG] Event ,setName 
2026-07-08 16:46:57,791 [DEBUG] DCAPI ICETradeProxy stop begin 
2026-07-08 16:46:57,791 [DEBUG] DCAPI ICETradeProxy stop end 
2026-07-08 16:46:57,791 [DEBUG] DCAPI ICETradeSimuProxy stop begin 
2026-07-08 16:46:57,791 [DEBUG] DCAPI ICETradeSimuProxy stop end 
2026-07-08 16:46:57,791 [DEBUG] DCAPI ICEBaseProxy stop begin 
2026-07-08 16:46:57,791 [DEBUG] DCAPI IceDataProxy stop begin 
2026-07-08 16:46:57,791 [DEBUG] DCAPI IceDataProxy stop end ret=OK@ 
2026-07-08 16:46:57,792 [DEBUG] DCAPI ICEBaseProxy stop end 
2026-07-08 16:46:57,792 [DEBUG] DCAPI ICEAuthenProxy stop begin 
2026-07-08 16:46:57,792 [DEBUG] DCAPI release ice,destory communicator start 
2026-07-08 16:46:57,792 [INFO ] DCAPI connect tbquantdc success 
2026-07-08 16:46:57,793 [INFO ] DCAPI QuoteHisDispatcher stop begin 
2026-07-08 16:46:57,793 [INFO ] DCAPI QuoteHisDispatcher stop end 
2026-07-08 16:46:57,793 [INFO ] DCAPI QuoteRealDispatcher stop begin 
2026-07-08 16:46:57,793 [INFO ] DCAPI QuoteRealDispatcher stop end 
2026-07-08 16:46:57,793 [INFO ] DCAPI DataHisDispatcher stop begin 
2026-07-08 16:46:57,793 [INFO ] DCAPI DataHisDispatcher stop end 
2026-07-08 16:46:57,793 [INFO ] DCAPI DataRealDispatcher stop begin 
2026-07-08 16:46:57,793 [INFO ] DCAPI DataRealDispatcher stop end 
2026-07-08 16:46:57,793 [INFO ] DCAPI CommonDispatcher stop begin 
2026-07-08 16:46:57,793 [INFO ] DCAPI CommonDispatcher stop end 
2026-07-08 16:46:57,793 [DEBUG] DCAPI release ice,destory communicator success 
2026-07-08 16:46:57,793 [INFO ] DCAPI tbdcapi user=,sessionid=1,login out! 
2026-07-08 16:46:57,793 [DEBUG] DCAPI ICEAuthenProxy stop end 
2026-07-08 16:47:06,931 [INFO ] TBCommon GetFileVersionInfoSize fail,moduleName:TBCommon  
2026-07-08 16:47:06,931 [WARN ] TBPY parser_version_str rootPath=D:\software\tb,version= 
2026-07-08 16:47:06,931 [DEBUG] AuthAgent createService,jsonParam=[{"serviceName":"AuthenService","dllPath":"C:\\Users\\Administrator\\AppData\\Local\\Programs\\Python\\Python312\\Lib\\site-packages\\tbpy\\TBDataCenterAPI.dll","procName":"createAuthenService","parameter":{"online":true}},{"serviceName":"BaseService","dllPath":"C:\\Users\\Administrator\\AppData\\Local\\Programs\\Python\\Python312\\Lib\\site-packages\\tbpy\\TBDataCenterAPI.dll","procName":"createBaseService","parameter":{"online":true}},{"serviceName":"TradeService","dllPath":"C:\\Users\\Administrator\\AppData\\Local\\Programs\\Python\\Python312\\Lib\\site-packages\\tbpy\\TBDataCenterAPI.dll","procName":"createTradeService","parameter":{"online":true}},{"serviceName":"TradeSimuService","dllPath":"C:\\Users\\Administrator\\AppData\\Local\\Programs\\Python\\Python312\\Lib\\site-packages\\tbpy\\TBDataCenterAPI.dll","procName":"createTradeSimuService","parameter":{"online":true}}] 
2026-07-08 16:47:06,934 [INFO ] BaseService HolidayCache construct  
2026-07-08 16:47:06,934 [TRACE] TBCommon TradingDayCache construct 
2026-07-08 16:47:06,934 [INFO ] DCAPI QuoteHisDispatcher construct 
2026-07-08 16:47:06,934 [INFO ] DCAPI QuoteRealDispatcher construct 
2026-07-08 16:47:06,934 [INFO ] DCAPI DataHisDispatcher construct 
2026-07-08 16:47:06,934 [INFO ] DCAPI DataRealDispatcher construct 
2026-07-08 16:47:06,934 [DEBUG] AuthAgent InitService start service begin 
2026-07-08 16:47:06,934 [DEBUG] DCAPI ICEServiceManager init option=0,port= 
2026-07-08 16:47:06,934 [DEBUG] DCAPI init ice,start create communicator 
2026-07-08 16:47:06,935 [DEBUG] DCAPI createCommunicator use default config 
2026-07-08 16:47:06,964 [TRACE] DCAPI shm_info,shm=DSOFTWARETBSHM,mtx=DSOFTWARETBSHMTBPROCESSMTX,endpoint=tcp -h 127.0.0.1 -p 13831 
2026-07-08 16:47:06,965 [INFO ] DCAPI QuoteHisDispatcher start begin 
2026-07-08 16:47:06,965 [INFO ] DCAPI QuoteHisDispatcher start end 
2026-07-08 16:47:06,965 [INFO ] DCAPI QuoteRealDispatcher start begin 
2026-07-08 16:47:06,965 [INFO ] DCAPI QuoteRealDispatcher start end 
2026-07-08 16:47:06,965 [INFO ] DCAPI DataHisDispatcher start begin 
2026-07-08 16:47:06,966 [INFO ] DCAPI DataHisDispatcher start end 
2026-07-08 16:47:06,966 [INFO ] DCAPI DataRealDispatcher start begin 
2026-07-08 16:47:06,966 [INFO ] DCAPI DataRealDispatcher start end 
2026-07-08 16:47:06,966 [INFO ] DCAPI CommonDispatcher construct 
2026-07-08 16:47:06,966 [INFO ] DCAPI CommonDispatcher start begin 
2026-07-08 16:47:06,966 [INFO ] DCAPI CommonDispatcher start end 
2026-07-08 16:47:06,966 [DEBUG] DCAPI init ice,create communicator success 
2026-07-08 16:47:06,968 [INFO ] DCAPI connect tbquantdc success 
2026-07-08 16:47:06,970 [DEBUG] DCAPI ICEAuthenProxy start 
2026-07-08 16:47:06,970 [DEBUG] AuthAgent InitService start service end 
2026-07-08 16:47:06,970 [DEBUG] AuthAgent InitService end 
2026-07-08 16:47:06,970 [DEBUG] AuthAgent Login start 
2026-07-08 16:47:06,970 [DEBUG] AuthAgent Login get host begin 
2026-07-08 16:47:07,033 [TRACE] DCAPI 获取本机mac地址成功, mac:0C5B8F279A648F279A64 
2026-07-08 16:47:07,033 [DEBUG] AuthAgent Login get host end 
2026-07-08 16:47:07,033 [DEBUG] DCAPI ICEAuthenProxy login start 
2026-07-08 16:47:07,033 [INFO ] DCAPI try lock process mutex success,mutex key:1tcp-h127001-p13831 
2026-07-08 16:47:07,033 [INFO ] DCAPI 【softversion】,versionNo=3.12.3,softType=Standard,platformType=TBPYPY 
2026-07-08 16:47:07,034 [INFO ] DCAPI tbdcapi user=,sessionid=1,login success! 
2026-07-08 16:47:07,034 [DEBUG] DCAPI ICEAuthenProxy login end 
2026-07-08 16:47:07,036 [DEBUG] AuthAgent Login end 
2026-07-08 16:47:07,036 [DEBUG] DCAPI start IceDataProxy, ret=OK@ 
2026-07-08 16:47:07,036 [DEBUG] DCAPI ICETradeSimuProxy start begin 
2026-07-08 16:47:07,036 [DEBUG] DCAPI ICETradeSimuProxy start end,OK@ 
2026-07-08 16:47:07,236 [DEBUG] BaseService initBase initConfig,size=3,OK@ 
2026-07-08 16:47:07,236 [DEBUG] BaseService initBase initConfig,SimuIgnoreDelayMs=3000 
2026-07-08 16:47:07,236 [DEBUG] BaseService initBase initConfig,SimuMatchDelayMs=3000 
2026-07-08 16:47:07,236 [DEBUG] BaseService initBase initConfig,SimuLimitCancelCNT=500 
2026-07-08 16:47:07,236 [DEBUG] BaseService initBase=OK@,initMarket=OK@,initCategory=OK@,initExchange=OK@,lastBase=0000027E45C3AD60,nowBase=0000027E6C41C790 
2026-07-08 16:47:07,236 [DEBUG] BaseService Market,UnknownMarket,0,,category=UnknownCategory|Bonds|Funds,exchange=UnknownExchange 
2026-07-08 16:47:07,236 [DEBUG] BaseService Market,CHNFuture,1,期货,category=Futures|Options,exchange=SHFE|DCE|CZCE|CFFEX|INE|TBFT|GFEXEX 
2026-07-08 16:47:07,236 [DEBUG] BaseService Market,CHNStock,2,股票,category=Stocks,exchange=SSE|SZSE|TBST|OTCF|BSESE 
2026-07-08 16:47:07,236 [DEBUG] BaseService Market,CHNOptions,4,期权,category=,exchange=e= 
2026-07-08 16:47:07,236 [DEBUG] BaseService Market,GlobalMarket,8,国外期货,category=ForeignFutures,exchange=CBOT|CME|NYBOT|NYMEX|SGX|TOCOM|KRX|LME|ICE|EUREX|LIFFE|BMD|SFE|TFEX|COMEX|APEX|DME|JPX|ECBOT|IPE|WORLDINDEXNDEX 
2026-07-08 16:47:07,236 [DEBUG] BaseService Market,GlobalStockMarket,16,国外证券,category=ForeignStocks,exchange=HKEX|NYSE|NASDAQ|OSE|OSE 
2026-07-08 16:47:07,236 [DEBUG] BaseService Market,CHNSpot,32,现货,category=SpotTrans,exchange=BOCE|SGEGE 
2026-07-08 16:47:07,236 [DEBUG] BaseService Market,Forexs,64,外汇,category=Forexs,exchange=FOREXEX 
2026-07-08 16:47:07,236 [DEBUG] BaseService Market,TBNews,128,资讯,category=,exchange=e= 
2026-07-08 16:47:07,236 [DEBUG] BaseService Market,CHNStockSnap,256,查询快照,category=,exchange=nge= 
2026-07-08 16:47:07,236 [DEBUG] BaseService Market,MobileMonitor,512,移动监控,category=,exchange=nge= 
2026-07-08 16:47:07,236 [DEBUG] BaseService Category,UnknownCategory,-1,未知,market=UnknownMarket,exchange=UnknownExchangege 
2026-07-08 16:47:07,236 [DEBUG] BaseService Category,Stocks,0,股票,market=CHNStock,exchange=SSE|SZSE|TBST|OTCF|BSESE 
2026-07-08 16:47:07,236 [DEBUG] BaseService Category,Futures,1,期货,market=CHNFuture,exchange=SHFE|DCE|CZCE|CFFEX|INE|TBFT|GFEXEX 
2026-07-08 16:47:07,236 [DEBUG] BaseService Category,Forexs,2,外汇,market=Forexs,exchange=FOREXEX 
2026-07-08 16:47:07,236 [DEBUG] BaseService Category,Bonds,3,债券,market=UnknownMarket,exchange=e= 
2026-07-08 16:47:07,236 [DEBUG] BaseService Category,Funds,4,基金,market=UnknownMarket,exchange=e= 
2026-07-08 16:47:07,236 [DEBUG] BaseService Category,Options,5,期权,market=CHNFuture,exchange=SHFE|DCE|CZCE|CFFEX|INE|SSE|SZSE|BSE|GFEXEX 
2026-07-08 16:47:07,237 [DEBUG] BaseService Category,SpotTrans,6,现货,market=CHNSpot,exchange=BOCE|SGEGE 
2026-07-08 16:47:07,237 [DEBUG] BaseService Category,ForeignFutures,7,外盘期货,market=GlobalMarket,exchange=CBOT|CME|NYBOT|NYMEX|HKEX|SGX|TOCOM|KRX|LME|ICE|EUREX|LIFFE|BMD|SFE|TFEX|COMEX|APEX|DME|JPX|ECBOT|IPE|WORLDINDEXNDEX 
2026-07-08 16:47:07,237 [DEBUG] BaseService Category,ForeignStocks,8,外盘股票,market=GlobalStockMarket,exchange=HKEX|NYSE|NASDAQ|OSE|OSE 
2026-07-08 16:47:07,237 [DEBUG] BaseService Exchange,UnknownExchange,-1,未知,market=UnknownMarketet 
2026-07-08 16:47:07,237 [DEBUG] BaseService Exchange,SHFE,0,上海期货交易所,market=CHNFutureNFuture 
2026-07-08 16:47:07,237 [DEBUG] BaseService Exchange,DCE,1,大连商品交易所,market=CHNFutureNFuture 
2026-07-08 16:47:07,237 [DEBUG] BaseService Exchange,CZCE,2,郑州商品交易所,market=CHNFutureNFuture 
2026-07-08 16:47:07,237 [DEBUG] BaseService Exchange,CFFEX,3,中国金融期货交易所,market=CHNFutureCHNFuture 
2026-07-08 16:47:07,237 [DEBUG] BaseService Exchange,INE,4,上海国际能源交易中心,market=CHNFuture=CHNFuture 
2026-07-08 16:47:07,237 [DEBUG] BaseService Exchange,SSE,5,上海证券交易所,market=CHNStockHNStock 
2026-07-08 16:47:07,237 [DEBUG] BaseService Exchange,SZSE,6,深圳证券交易所,market=CHNStockHNStock 
2026-07-08 16:47:07,237 [DEBUG] BaseService Exchange,BOCE,7,渤海商品交易所,market=CHNSpotCHNSpot 
2026-07-08 16:47:07,237 [DEBUG] BaseService Exchange,SGE,8,上海黄金交易所,market=CHNSpotCHNSpot 
2026-07-08 16:47:07,237 [DEBUG] BaseService Exchange,CBOT,9,芝加哥期货交易所,market=GlobalMarketalMarket 
2026-07-08 16:47:07,237 [DEBUG] BaseService Exchange,CME,10,芝加哥商业交易所,market=GlobalMarketalMarket 
2026-07-08 16:47:07,237 [DEBUG] BaseService Exchange,NYBOT,11,纽约期货交易所,market=GlobalMarketlMarket 
2026-07-08 16:47:07,237 [DEBUG] BaseService Exchange,NYMEX,12,纽约商业期货交易所,market=GlobalMarketbalMarket 
2026-07-08 16:47:07,237 [DEBUG] BaseService Exchange,HKEX,13,香港交易所,market=GlobalStockMarketarket 
2026-07-08 16:47:07,237 [DEBUG] BaseService Exchange,SGX,14,新加坡交易所,market=GlobalMarketMarket 
2026-07-08 16:47:07,237 [DEBUG] BaseService Exchange,TOCOM,15,东京商品交易所,market=GlobalMarketlMarket 
2026-07-08 16:47:07,237 [DEBUG] BaseService Exchange,KRX,16,韩国证券期货交易所,market=GlobalMarketbalMarket 
2026-07-08 16:47:07,237 [DEBUG] BaseService Exchange,LME,17,伦敦金属交易所,market=GlobalMarketlMarket 
2026-07-08 16:47:07,237 [DEBUG] BaseService Exchange,ICE,18,洲际交易所,market=GlobalMarketarket 
2026-07-08 16:47:07,237 [DEBUG] BaseService Exchange,EUREX,19,欧洲期货交易所,market=GlobalMarketlMarket 
2026-07-08 16:47:07,237 [DEBUG] BaseService Exchange,LIFFE,20,伦敦国际金融交易所,market=GlobalMarketbalMarket 
2026-07-08 16:47:07,237 [DEBUG] BaseService Exchange,BMD,21,马来西亚交易所,market=GlobalMarketlMarket 
2026-07-08 16:47:07,237 [DEBUG] BaseService Exchange,SFE,22,悉尼期货交易所,market=GlobalMarketlMarket 
2026-07-08 16:47:07,237 [DEBUG] BaseService Exchange,TFEX,23,泰国期货交易所,market=GlobalMarketlMarket 
2026-07-08 16:47:07,237 [DEBUG] BaseService Exchange,NYSE,24,纽约证券交易所,market=GlobalStockMarketkMarket 
2026-07-08 16:47:07,237 [DEBUG] BaseService Exchange,NASDAQ,25,纳斯达克,market=GlobalStockMarketrket 
2026-07-08 16:47:07,237 [DEBUG] BaseService Exchange,FOREX,26,外汇市场,market=Forexsrexs 
2026-07-08 16:47:07,237 [DEBUG] BaseService Exchange,COMEX,27,纽约金属交易所,market=GlobalMarketlMarket 
2026-07-08 16:47:07,237 [DEBUG] BaseService Exchange,APEX,28,新加坡亚太交易所,market=GlobalMarketalMarket 
2026-07-08 16:47:07,237 [DEBUG] BaseService Exchange,DME,29,迪拜商品交易所,market=GlobalMarketlMarket 
2026-07-08 16:47:07,237 [DEBUG] BaseService Exchange,JPX,30,日本交易所集团,market=GlobalMarketlMarket 
2026-07-08 16:47:07,237 [DEBUG] BaseService Exchange,ECBOT,31,芝加哥电子商品交易所,market=GlobalMarketobalMarket 
2026-07-08 16:47:07,237 [DEBUG] BaseService Exchange,IPE,32,伦敦国际石油交易所,market=GlobalMarketbalMarket 
2026-07-08 16:47:07,237 [DEBUG] BaseService Exchange,OSE,33,大阪证券交易所,market=GlobalStockMarketkMarket 
2026-07-08 16:47:07,237 [DEBUG] BaseService Exchange,WORLDINDEX,34,全球指数,market=GlobalMarketrket 
2026-07-08 16:47:07,237 [DEBUG] BaseService Exchange,TBFT,35,开拓者期货指数,market=CHNFutureNFuture 
2026-07-08 16:47:07,237 [DEBUG] BaseService Exchange,TBST,36,开拓者证券指数,market=CHNStockHNStock 
2026-07-08 16:47:07,237 [DEBUG] BaseService Exchange,OTCF,37,场外基金,market=CHNStocktock 
2026-07-08 16:47:07,237 [DEBUG] BaseService Exchange,BSE,38,北京证券交易所,market=CHNStockHNStock 
2026-07-08 16:47:07,237 [DEBUG] BaseService Exchange,GFEX,39,广州期货交易所,market=CHNFutureNFuture 
2026-07-08 16:47:07,308 [INFO ] BaseService HolidayCache construct  
2026-07-08 16:47:07,334 [TRACE] TBCommon TradingDayCache construct 
2026-07-08 16:47:07,402 [DEBUG] TBCommon RelativeSymbolCache init,srcSize=355,cacheMapSize=355,mainMapSize=6831,sndMainMapSize=4111 
2026-07-08 16:47:08,739 [DEBUG] TBCommon resetCodePropByRule crb=Futures, CodeProperties size=116514 
2026-07-08 16:47:08,739 [DEBUG] TBCommon resetCodePropByBigCate begin category=Futures, CodeProperties size=116514 
2026-07-08 16:47:08,739 [DEBUG] TBCommon CodePropertyCache clearPropByBigCate bigcate= 1,exchsize=7,exchs=SHFE;DCE;CZCE;CFFEX;INE;TBFT;GFEX; 
2026-07-08 16:47:08,918 [DEBUG] TBCommon CodePropertyCache genTimePeriodsCodes, codeEx=pfcode.SHFE,ret=OK@,dealTimesV2=|21:00-02:30;09:00-11:30;13:00-15:15;||||| 
2026-07-08 16:47:08,918 [DEBUG] TBCommon resetCodePropByBigCate end category=Futures 
2026-07-08 16:47:08,918 [DEBUG] TBCommon  TradingDayCache refreshCodeInfo:Futures 
2026-07-08 16:47:08,930 [DEBUG] TBCommon  TradingDayCache refreshCodeInfo:Futures 
2026-07-08 16:47:08,930 [DEBUG] TBCommon  TradingDayCache refreshCodeInfo:Stocks 
2026-07-08 16:47:08,930 [DEBUG] TBCommon  TradingDayCache refreshCodeInfo:Options 
2026-07-08 16:47:08,930 [DEBUG] TBCommon  TradingDayCache refreshCodeInfo:ForeignFutures 
2026-07-08 16:47:08,933 [TRACE] TBCommon CodePropertyCache getSpecialCodeIDs type=次连类型,size=88,codes=ad777.SHFE;i9777.DCE;PL777.CZCE;CF777.CZCE;LR777.CZCE;pb777.SHFE;RI777.CZCE;au777.SHFE;jm777.DCE;ec777.INE;op777.SHFE;WH777.CZCE;hc777.SHFE;lc777.GFEX;UR777.CZCE;ni777.SHFE;fb777.DCE;SH777.CZCE;eg777.DCE;pt777.GFEX;bb777.DCE;ss777.SHFE;HFE;p9777.DCE;jd777.DCE;rb777.SHFE;ru777.SHFE;SA777.CZCE;IM777.CFFEX;eb777.DCE;IH777.CFFEX;SF777.CZCE;AP777.CZCE;c9777.DCE;rr777.DCE;bz777.DCE;ps777.GFEX;TL777.CFFEX;SM777.CZCE;TA777.CZCE;IF777.CFFEX;PF777.CZCE;IC777.CFFEX;sp777.SHFE;lh777.DCE;CJ777.CZCE;zn777.SHFE;RM777.CZCE;lg777.DCE;a9777.DCE;PR777.CZCE;si777.GFEX;PM777.CZCE;cu777.SHFE;v9777.DCE;PX777.CZCE;MA777.CZCE;RS777.CZCE;m9777.DCE;fu777.SHFE;JR777.CZCE;TS777.CFFEX;PK777.CZCE;lu777.INE;b9777.DCE;TF777.CFFEX;l9777.DCE;pd777.GFEX;y9777.DCE;OI777.CZCE;FG777.CZCE;T9777.CFFEX;pg777.DCE;pp777.DCE;br777.SHFE;j9777.DCE;al777.SHFE;cs777.DCE;sn777.SHFE;wr777.SHFE;bu777.SHFE;nr777.INE;SR777.CZCE;ZC777.CZCE;CY777.CZCE;sc777.INE;bc777.INE;ag777.SHFE;ao777.SHFE; 
2026-07-08 16:47:08,969 [TRACE] TBCommon CodePropertyCache getSpecialCodeIDs type=连续类型,size=244,codes=SR3888.CME;ZC888.CZCE;cu888.SHFE;QG888.NYMEX;MHI888.HKEX;MTN888.HKEX;SB888.ICE;MGN888.HKEX;lu888.INE;PK888.CZCE;PF888.CZCE;6J888.CME;LE888.CME;CNC888.HKEX;FEQ888.HKEX;MXC888.HKEX;NG888.NYMEX;CY888.CZCE;NKD888.CME;CCC888.HKEX;ZR888.CBOTCBOT;YM888.CBOT;PR888.CZCE;T9888.ICE;sp888.SHFE;m9888.DCE;RB888.NYMEX;ALI888.COMEX;6B888.CME;l9888.DCE;rb888.SHFE;MIN888.HKEX;CJ888.CZCE;i9888.DCE;pb888.SHFE;MNZ888.HKEX;MMN888.HKEX;bz888.DCE;CHT888.HKEX;MET888.HKEX;TN888.CBOT;IF888.CFFEX;ZL888.CBOT;MCA888.HKEX;KE888.CBOT;NQ888.CME;TF888.CFFEX;IU888.SGX;ICB888.HKEX;lg888.DCE;JDC888.HKEX;CEU888.HKEX;v9888.DCE;EAN888.HKEX;ZB888.CBOT;MPN888.HKEX;SIL888.COMEX;CTC888.HKEX;cs888.DCE;GC888.COMEX;QO888.COMEX;MNQ888.CME;CLI888.HKEX;hc888.SHFE;MVN888.HKEX;ZF888.CBOT;nr888.INE;XW888.CBOT;MCL888.NYMEX;BOC888.HKEX;PL888.NYMEX;QI888.COMEX;RM888.CZCE;PA888.NYMEX;p9888.DCE;MAN888.HKEX;MIA888.HKEX;CCB888.HKEX;MA888.CZCE;KC888.ICE;fu888.SHFE;PEC888.HKEX;pt888.GFEX;RS888.CZCE;PX888.CZCE;M2K888.CME;CT888.ICE;6N888.CME;GAS888.ICE;ps888.GFEX;ZO888.CBOT;op888.SHFE;IM888.CFFEX;6A888.CME;MTW888.HKEX;MXK888.HKEX;UR888.CZCE;MEE888.HKEX;HG888.COMEX;eb888.DCE;a9888.DCE;ZC888.CBOT;FG888.CZCE;rr888.DCE;j9888.DCE;SM888.CZCE;bu888.SHFE;ag888.SHFE;PAI888.HKEX;b9888.DCE;ZM888.CBOT;br888.SHFE;AP888.CZCE;bb888.DCE;SI888.COMEX;pd888.GFEX;CHH888.HKEX;pg888.DCE;CUS888.HKEX;SH888.CZCE;sc888.INE;ZS888.CBOT;QC888.COMEX;fb888.DCE;OI888.CZCE;MVI888.HKEX;ru888.SHFE;BRN888.ICE;RTY888.CME;HHI888.HKEX;SR888.CZCE;y9888.DCE;MCH888.HKEX;HSI888.HKEX;sn888.SHFE;SAS888.CBOT;PIC888.HKEX;MPC888.HKEX;pp888.DCE;MAK888.HKEX;au888.SHFE;MHK888.HKEX;MPS888.HKEX;T9888.CFFEX;ALB888.HKEX;IH888.CFFEX;lc888.GFEX;IC888.CFFEX;MYM888.CBOT;FEM888.HKEX;TS888.CFFEX;MMA888.HKEX;TA888.CZCE;lh888.DCE;6M888.CME;MPJ888.HKEX;W9888.ICE;ZT888.CBOT;NK888.SGX;ao888.SHFE;MGC888.COMEX;GF888.CME;c9888.DCE;MND888.HKEX;6L888.CME;MWN888.HKEX;JR888.CZCE;BZ888.NYMEX;MDN888.HKEX;zn888.SHFE;UHO888.ICE;NTE888.HKEX;CIN888.HKEX;PM888.CZCE;KU888.SGX;HKB888.HKEX;CAU888.HKEX;MEL888.HKEX;RC888.ICE;bc888.INE;ss888.SHFE;ni888.SHFE;al888.SHFE;EMN888.HKEX;jm888.DCE;C9888.ICE;A50888.HKEX;jd888.DCE;NIY888.CME;UIN888.HKEX;TL888.CFFEX;HO888.NYMEX;ec888.INE;XC888.CBOT;wr888.SHFE;MEI888.HKEX;CNH888.CME;CSA888.HKEX;SF888.CZCE;XK888.CBOT;DX888.ICE;GWM888.HKEX;HEX888.HKEX;HE888.CME;AMC888.HKEX;SGP888.SGX;FEF888.SGX;MJU888.HKEX;MES888.CME;eg888.DCE;6C888.CME;TWR888.HKEX;CPC888.HKEX;ZN888.CBOT;si888.GFEX;6E888.CME;MAC888.HKEX;ZW888.CBOT;WH888.CZCE;PL888.CZCE;LBR888.CME;RI888.CZCE;QM888.NYMEX;6S888.CME;CC888.ICE;CMB888.HKEX;TCH888.HKEX;TWN888.SGX;SA888.CZCE;HTI888.HKEX;ad888.SHFE;BUD888.HKEX;MTD888.HKEX;MSN888.HKEX;MIU888.HKEX;CF888.CZCE;CL888.NYMEX;LR888.CZCE;TF888.SGX;ES888.CME;OJ888.ICE;CN888.SGX;UC888.SGX;CJP888.HKEX; 
2026-07-08 16:47:08,987 [DEBUG] Event ,setName 
2026-07-08 16:47:08,995 [DEBUG] DCAPI ICETradeProxy stop begin 
2026-07-08 16:47:08,996 [DEBUG] DCAPI ICETradeProxy stop end 
2026-07-08 16:47:08,996 [DEBUG] DCAPI ICETradeSimuProxy stop begin 
2026-07-08 16:47:08,996 [DEBUG] DCAPI ICETradeSimuProxy stop end 
2026-07-08 16:47:08,996 [DEBUG] DCAPI ICEBaseProxy stop begin 
2026-07-08 16:47:08,996 [DEBUG] DCAPI IceDataProxy stop begin 
2026-07-08 16:47:08,997 [DEBUG] DCAPI IceDataProxy stop end ret=OK@ 
2026-07-08 16:47:08,997 [DEBUG] DCAPI ICEBaseProxy stop end 
2026-07-08 16:47:08,997 [DEBUG] DCAPI ICEAuthenProxy stop begin 
2026-07-08 16:47:08,998 [DEBUG] DCAPI release ice,destory communicator start 
2026-07-08 16:47:08,998 [INFO ] DCAPI connect tbquantdc success 
2026-07-08 16:47:08,998 [INFO ] DCAPI QuoteHisDispatcher stop begin 
2026-07-08 16:47:08,998 [INFO ] DCAPI QuoteHisDispatcher stop end 
2026-07-08 16:47:08,998 [INFO ] DCAPI QuoteRealDispatcher stop begin 
2026-07-08 16:47:08,998 [INFO ] DCAPI QuoteRealDispatcher stop end 
2026-07-08 16:47:08,998 [INFO ] DCAPI DataHisDispatcher stop begin 
2026-07-08 16:47:08,999 [INFO ] DCAPI DataHisDispatcher stop end 
2026-07-08 16:47:08,999 [INFO ] DCAPI DataRealDispatcher stop begin 
2026-07-08 16:47:08,999 [INFO ] DCAPI DataRealDispatcher stop end 
2026-07-08 16:47:08,999 [INFO ] DCAPI CommonDispatcher stop begin 
2026-07-08 16:47:08,999 [INFO ] DCAPI CommonDispatcher stop end 
2026-07-08 16:47:08,999 [DEBUG] DCAPI release ice,destory communicator success 
2026-07-08 16:47:08,999 [INFO ] DCAPI tbdcapi user=,sessionid=1,login out! 
2026-07-08 16:47:08,999 [DEBUG] DCAPI ICEAuthenProxy stop end 
2026-07-08 16:48:26,301 [INFO ] TBCommon GetFileVersionInfoSize fail,moduleName:TBCommon  
2026-07-08 16:48:26,301 [WARN ] TBPY parser_version_str rootPath=D:\software\tb,version= 
2026-07-08 16:48:26,302 [DEBUG] AuthAgent createService,jsonParam=[{"serviceName":"AuthenService","dllPath":"C:\\Users\\Administrator\\AppData\\Local\\Programs\\Python\\Python312\\Lib\\site-packages\\tbpy\\TBDataCenterAPI.dll","procName":"createAuthenService","parameter":{"online":true}},{"serviceName":"BaseService","dllPath":"C:\\Users\\Administrator\\AppData\\Local\\Programs\\Python\\Python312\\Lib\\site-packages\\tbpy\\TBDataCenterAPI.dll","procName":"createBaseService","parameter":{"online":true}},{"serviceName":"TradeService","dllPath":"C:\\Users\\Administrator\\AppData\\Local\\Programs\\Python\\Python312\\Lib\\site-packages\\tbpy\\TBDataCenterAPI.dll","procName":"createTradeService","parameter":{"online":true}},{"serviceName":"TradeSimuService","dllPath":"C:\\Users\\Administrator\\AppData\\Local\\Programs\\Python\\Python312\\Lib\\site-packages\\tbpy\\TBDataCenterAPI.dll","procName":"createTradeSimuService","parameter":{"online":true}}] 
2026-07-08 16:48:26,305 [INFO ] BaseService HolidayCache construct  
2026-07-08 16:48:26,305 [TRACE] TBCommon TradingDayCache construct 
2026-07-08 16:48:26,305 [INFO ] DCAPI QuoteHisDispatcher construct 
2026-07-08 16:48:26,305 [INFO ] DCAPI QuoteRealDispatcher construct 
2026-07-08 16:48:26,305 [INFO ] DCAPI DataHisDispatcher construct 
2026-07-08 16:48:26,305 [INFO ] DCAPI DataRealDispatcher construct 
2026-07-08 16:48:26,305 [DEBUG] AuthAgent InitService start service begin 
2026-07-08 16:48:26,305 [DEBUG] DCAPI ICEServiceManager init option=0,port= 
2026-07-08 16:48:26,305 [DEBUG] DCAPI init ice,start create communicator 
2026-07-08 16:48:26,306 [DEBUG] DCAPI createCommunicator use default config 
2026-07-08 16:48:26,333 [TRACE] DCAPI shm_info,shm=DSOFTWARETBSHM,mtx=DSOFTWARETBSHMTBPROCESSMTX,endpoint=tcp -h 127.0.0.1 -p 13831 
2026-07-08 16:48:26,336 [INFO ] DCAPI QuoteHisDispatcher start begin 
2026-07-08 16:48:26,336 [INFO ] DCAPI QuoteHisDispatcher start end 
2026-07-08 16:48:26,336 [INFO ] DCAPI QuoteRealDispatcher start begin 
2026-07-08 16:48:26,336 [INFO ] DCAPI QuoteRealDispatcher start end 
2026-07-08 16:48:26,336 [INFO ] DCAPI DataHisDispatcher start begin 
2026-07-08 16:48:26,336 [INFO ] DCAPI DataHisDispatcher start end 
2026-07-08 16:48:26,336 [INFO ] DCAPI DataRealDispatcher start begin 
2026-07-08 16:48:26,336 [INFO ] DCAPI DataRealDispatcher start end 
2026-07-08 16:48:26,336 [INFO ] DCAPI CommonDispatcher construct 
2026-07-08 16:48:26,336 [INFO ] DCAPI CommonDispatcher start begin 
2026-07-08 16:48:26,336 [INFO ] DCAPI CommonDispatcher start end 
2026-07-08 16:48:26,336 [DEBUG] DCAPI init ice,create communicator success 
2026-07-08 16:48:26,337 [INFO ] DCAPI connect tbquantdc success 
2026-07-08 16:48:26,339 [DEBUG] DCAPI ICEAuthenProxy start 
2026-07-08 16:48:26,339 [DEBUG] AuthAgent InitService start service end 
2026-07-08 16:48:26,339 [DEBUG] AuthAgent InitService end 
2026-07-08 16:48:26,339 [DEBUG] AuthAgent Login start 
2026-07-08 16:48:26,339 [DEBUG] AuthAgent Login get host begin 
2026-07-08 16:48:26,426 [TRACE] DCAPI 获取本机mac地址成功, mac:0C5B8F279A648F279A64 
2026-07-08 16:48:26,427 [DEBUG] AuthAgent Login get host end 
2026-07-08 16:48:26,427 [DEBUG] DCAPI ICEAuthenProxy login start 
2026-07-08 16:48:26,427 [INFO ] DCAPI try lock process mutex success,mutex key:1tcp-h127001-p13831 
2026-07-08 16:48:26,427 [INFO ] DCAPI 【softversion】,versionNo=3.12.3,softType=Standard,platformType=TBPYPY 
2026-07-08 16:48:26,428 [INFO ] DCAPI tbdcapi user=,sessionid=1,login success! 
2026-07-08 16:48:26,429 [DEBUG] DCAPI ICEAuthenProxy login end 
2026-07-08 16:48:26,434 [DEBUG] AuthAgent Login end 
2026-07-08 16:48:26,436 [DEBUG] DCAPI start IceDataProxy, ret=OK@ 
2026-07-08 16:48:26,436 [DEBUG] DCAPI ICETradeSimuProxy start begin 
2026-07-08 16:48:26,437 [DEBUG] DCAPI ICETradeSimuProxy start end,OK@ 
2026-07-08 16:48:26,639 [DEBUG] BaseService initBase initConfig,size=3,OK@ 
2026-07-08 16:48:26,639 [DEBUG] BaseService initBase initConfig,SimuIgnoreDelayMs=3000 
2026-07-08 16:48:26,639 [DEBUG] BaseService initBase initConfig,SimuMatchDelayMs=3000 
2026-07-08 16:48:26,639 [DEBUG] BaseService initBase initConfig,SimuLimitCancelCNT=500 
2026-07-08 16:48:26,639 [DEBUG] BaseService initBase=OK@,initMarket=OK@,initCategory=OK@,initExchange=OK@,lastBase=0000016D8C057560,nowBase=0000016DB2E5CA00 
2026-07-08 16:48:26,639 [DEBUG] BaseService Market,UnknownMarket,0,,category=UnknownCategory|Bonds|Funds,exchange=UnknownExchange 
2026-07-08 16:48:26,639 [DEBUG] BaseService Market,CHNFuture,1,期货,category=Futures|Options,exchange=SHFE|DCE|CZCE|CFFEX|INE|TBFT|GFEXEX 
2026-07-08 16:48:26,640 [DEBUG] BaseService Market,CHNStock,2,股票,category=Stocks,exchange=SSE|SZSE|TBST|OTCF|BSESE 
2026-07-08 16:48:26,640 [DEBUG] BaseService Market,CHNOptions,4,期权,category=,exchange=e= 
2026-07-08 16:48:26,640 [DEBUG] BaseService Market,GlobalMarket,8,国外期货,category=ForeignFutures,exchange=CBOT|CME|NYBOT|NYMEX|SGX|TOCOM|KRX|LME|ICE|EUREX|LIFFE|BMD|SFE|TFEX|COMEX|APEX|DME|JPX|ECBOT|IPE|WORLDINDEXNDEX 
2026-07-08 16:48:26,640 [DEBUG] BaseService Market,GlobalStockMarket,16,国外证券,category=ForeignStocks,exchange=HKEX|NYSE|NASDAQ|OSE|OSE 
2026-07-08 16:48:26,640 [DEBUG] BaseService Market,CHNSpot,32,现货,category=SpotTrans,exchange=BOCE|SGEGE 
2026-07-08 16:48:26,640 [DEBUG] BaseService Market,Forexs,64,外汇,category=Forexs,exchange=FOREXEX 
2026-07-08 16:48:26,640 [DEBUG] BaseService Market,TBNews,128,资讯,category=,exchange=e= 
2026-07-08 16:48:26,640 [DEBUG] BaseService Market,CHNStockSnap,256,查询快照,category=,exchange=nge= 
2026-07-08 16:48:26,640 [DEBUG] BaseService Market,MobileMonitor,512,移动监控,category=,exchange=nge= 
2026-07-08 16:48:26,640 [DEBUG] BaseService Category,UnknownCategory,-1,未知,market=UnknownMarket,exchange=UnknownExchangege 
2026-07-08 16:48:26,640 [DEBUG] BaseService Category,Stocks,0,股票,market=CHNStock,exchange=SSE|SZSE|TBST|OTCF|BSESE 
2026-07-08 16:48:26,640 [DEBUG] BaseService Category,Futures,1,期货,market=CHNFuture,exchange=SHFE|DCE|CZCE|CFFEX|INE|TBFT|GFEXEX 
2026-07-08 16:48:26,640 [DEBUG] BaseService Category,Forexs,2,外汇,market=Forexs,exchange=FOREXEX 
2026-07-08 16:48:26,640 [DEBUG] BaseService Category,Bonds,3,债券,market=UnknownMarket,exchange=e= 
2026-07-08 16:48:26,640 [DEBUG] BaseService Category,Funds,4,基金,market=UnknownMarket,exchange=e= 
2026-07-08 16:48:26,640 [DEBUG] BaseService Category,Options,5,期权,market=CHNFuture,exchange=SHFE|DCE|CZCE|CFFEX|INE|SSE|SZSE|BSE|GFEXEX 
2026-07-08 16:48:26,640 [DEBUG] BaseService Category,SpotTrans,6,现货,market=CHNSpot,exchange=BOCE|SGEGE 
2026-07-08 16:48:26,640 [DEBUG] BaseService Category,ForeignFutures,7,外盘期货,market=GlobalMarket,exchange=CBOT|CME|NYBOT|NYMEX|HKEX|SGX|TOCOM|KRX|LME|ICE|EUREX|LIFFE|BMD|SFE|TFEX|COMEX|APEX|DME|JPX|ECBOT|IPE|WORLDINDEXNDEX 
2026-07-08 16:48:26,640 [DEBUG] BaseService Category,ForeignStocks,8,外盘股票,market=GlobalStockMarket,exchange=HKEX|NYSE|NASDAQ|OSE|OSE 
2026-07-08 16:48:26,640 [DEBUG] BaseService Exchange,UnknownExchange,-1,未知,market=UnknownMarketet 
2026-07-08 16:48:26,640 [DEBUG] BaseService Exchange,SHFE,0,上海期货交易所,market=CHNFutureNFuture 
2026-07-08 16:48:26,640 [DEBUG] BaseService Exchange,DCE,1,大连商品交易所,market=CHNFutureNFuture 
2026-07-08 16:48:26,640 [DEBUG] BaseService Exchange,CZCE,2,郑州商品交易所,market=CHNFutureNFuture 
2026-07-08 16:48:26,640 [DEBUG] BaseService Exchange,CFFEX,3,中国金融期货交易所,market=CHNFutureCHNFuture 
2026-07-08 16:48:26,640 [DEBUG] BaseService Exchange,INE,4,上海国际能源交易中心,market=CHNFuture=CHNFuture 
2026-07-08 16:48:26,640 [DEBUG] BaseService Exchange,SSE,5,上海证券交易所,market=CHNStockHNStock 
2026-07-08 16:48:26,640 [DEBUG] BaseService Exchange,SZSE,6,深圳证券交易所,market=CHNStockHNStock 
2026-07-08 16:48:26,640 [DEBUG] BaseService Exchange,BOCE,7,渤海商品交易所,market=CHNSpotCHNSpot 
2026-07-08 16:48:26,640 [DEBUG] BaseService Exchange,SGE,8,上海黄金交易所,market=CHNSpotCHNSpot 
2026-07-08 16:48:26,640 [DEBUG] BaseService Exchange,CBOT,9,芝加哥期货交易所,market=GlobalMarketalMarket 
2026-07-08 16:48:26,640 [DEBUG] BaseService Exchange,CME,10,芝加哥商业交易所,market=GlobalMarketalMarket 
2026-07-08 16:48:26,640 [DEBUG] BaseService Exchange,NYBOT,11,纽约期货交易所,market=GlobalMarketlMarket 
2026-07-08 16:48:26,640 [DEBUG] BaseService Exchange,NYMEX,12,纽约商业期货交易所,market=GlobalMarketbalMarket 
2026-07-08 16:48:26,640 [DEBUG] BaseService Exchange,HKEX,13,香港交易所,market=GlobalStockMarketarket 
2026-07-08 16:48:26,640 [DEBUG] BaseService Exchange,SGX,14,新加坡交易所,market=GlobalMarketMarket 
2026-07-08 16:48:26,640 [DEBUG] BaseService Exchange,TOCOM,15,东京商品交易所,market=GlobalMarketlMarket 
2026-07-08 16:48:26,640 [DEBUG] BaseService Exchange,KRX,16,韩国证券期货交易所,market=GlobalMarketbalMarket 
2026-07-08 16:48:26,640 [DEBUG] BaseService Exchange,LME,17,伦敦金属交易所,market=GlobalMarketlMarket 
2026-07-08 16:48:26,640 [DEBUG] BaseService Exchange,ICE,18,洲际交易所,market=GlobalMarketarket 
2026-07-08 16:48:26,640 [DEBUG] BaseService Exchange,EUREX,19,欧洲期货交易所,market=GlobalMarketlMarket 
2026-07-08 16:48:26,640 [DEBUG] BaseService Exchange,LIFFE,20,伦敦国际金融交易所,market=GlobalMarketbalMarket 
2026-07-08 16:48:26,640 [DEBUG] BaseService Exchange,BMD,21,马来西亚交易所,market=GlobalMarketlMarket 
2026-07-08 16:48:26,640 [DEBUG] BaseService Exchange,SFE,22,悉尼期货交易所,market=GlobalMarketlMarket 
2026-07-08 16:48:26,640 [DEBUG] BaseService Exchange,TFEX,23,泰国期货交易所,market=GlobalMarketlMarket 
2026-07-08 16:48:26,640 [DEBUG] BaseService Exchange,NYSE,24,纽约证券交易所,market=GlobalStockMarketkMarket 
2026-07-08 16:48:26,640 [DEBUG] BaseService Exchange,NASDAQ,25,纳斯达克,market=GlobalStockMarketrket 
2026-07-08 16:48:26,640 [DEBUG] BaseService Exchange,FOREX,26,外汇市场,market=Forexsrexs 
2026-07-08 16:48:26,640 [DEBUG] BaseService Exchange,COMEX,27,纽约金属交易所,market=GlobalMarketlMarket 
2026-07-08 16:48:26,640 [DEBUG] BaseService Exchange,APEX,28,新加坡亚太交易所,market=GlobalMarketalMarket 
2026-07-08 16:48:26,640 [DEBUG] BaseService Exchange,DME,29,迪拜商品交易所,market=GlobalMarketlMarket 
2026-07-08 16:48:26,640 [DEBUG] BaseService Exchange,JPX,30,日本交易所集团,market=GlobalMarketlMarket 
2026-07-08 16:48:26,640 [DEBUG] BaseService Exchange,ECBOT,31,芝加哥电子商品交易所,market=GlobalMarketobalMarket 
2026-07-08 16:48:26,640 [DEBUG] BaseService Exchange,IPE,32,伦敦国际石油交易所,market=GlobalMarketbalMarket 
2026-07-08 16:48:26,640 [DEBUG] BaseService Exchange,OSE,33,大阪证券交易所,market=GlobalStockMarketkMarket 
2026-07-08 16:48:26,640 [DEBUG] BaseService Exchange,WORLDINDEX,34,全球指数,market=GlobalMarketrket 
2026-07-08 16:48:26,640 [DEBUG] BaseService Exchange,TBFT,35,开拓者期货指数,market=CHNFutureNFuture 
2026-07-08 16:48:26,640 [DEBUG] BaseService Exchange,TBST,36,开拓者证券指数,market=CHNStockHNStock 
2026-07-08 16:48:26,640 [DEBUG] BaseService Exchange,OTCF,37,场外基金,market=CHNStocktock 
2026-07-08 16:48:26,640 [DEBUG] BaseService Exchange,BSE,38,北京证券交易所,market=CHNStockHNStock 
2026-07-08 16:48:26,640 [DEBUG] BaseService Exchange,GFEX,39,广州期货交易所,market=CHNFutureNFuture 
2026-07-08 16:48:26,711 [INFO ] BaseService HolidayCache construct  
2026-07-08 16:48:26,737 [TRACE] TBCommon TradingDayCache construct 
2026-07-08 16:48:26,787 [DEBUG] TBCommon RelativeSymbolCache init,srcSize=355,cacheMapSize=355,mainMapSize=6831,sndMainMapSize=4111 
2026-07-08 16:48:28,208 [DEBUG] TBCommon resetCodePropByRule crb=Futures, CodeProperties size=116514 
2026-07-08 16:48:28,208 [DEBUG] TBCommon resetCodePropByBigCate begin category=Futures, CodeProperties size=116514 
2026-07-08 16:48:28,208 [DEBUG] TBCommon CodePropertyCache clearPropByBigCate bigcate= 1,exchsize=7,exchs=SHFE;DCE;CZCE;CFFEX;INE;TBFT;GFEX; 
2026-07-08 16:48:28,385 [DEBUG] TBCommon CodePropertyCache genTimePeriodsCodes, codeEx=pfcode.SHFE,ret=OK@,dealTimesV2=|21:00-02:30;09:00-11:30;13:00-15:15;||||| 
2026-07-08 16:48:28,385 [DEBUG] TBCommon resetCodePropByBigCate end category=Futures 
2026-07-08 16:48:28,385 [DEBUG] TBCommon  TradingDayCache refreshCodeInfo:Futures 
2026-07-08 16:48:28,398 [DEBUG] TBCommon  TradingDayCache refreshCodeInfo:Futures 
2026-07-08 16:48:28,398 [DEBUG] TBCommon  TradingDayCache refreshCodeInfo:Stocks 
2026-07-08 16:48:28,398 [DEBUG] TBCommon  TradingDayCache refreshCodeInfo:Options 
2026-07-08 16:48:28,398 [DEBUG] TBCommon  TradingDayCache refreshCodeInfo:ForeignFutures 
2026-07-08 16:48:28,401 [TRACE] TBCommon CodePropertyCache getSpecialCodeIDs type=次连类型,size=88,codes=ad777.SHFE;i9777.DCE;PL777.CZCE;CF777.CZCE;LR777.CZCE;pb777.SHFE;RI777.CZCE;au777.SHFE;jm777.DCE;ec777.INE;op777.SHFE;WH777.CZCE;hc777.SHFE;lc777.GFEX;UR777.CZCE;ni777.SHFE;fb777.DCE;SH777.CZCE;eg777.DCE;pt777.GFEX;bb777.DCE;ss777.SHFE;HFE;p9777.DCE;jd777.DCE;rb777.SHFE;ru777.SHFE;SA777.CZCE;IM777.CFFEX;eb777.DCE;IH777.CFFEX;SF777.CZCE;AP777.CZCE;c9777.DCE;rr777.DCE;bz777.DCE;ps777.GFEX;TL777.CFFEX;SM777.CZCE;TA777.CZCE;IF777.CFFEX;PF777.CZCE;IC777.CFFEX;sp777.SHFE;lh777.DCE;CJ777.CZCE;zn777.SHFE;RM777.CZCE;lg777.DCE;a9777.DCE;PR777.CZCE;si777.GFEX;PM777.CZCE;cu777.SHFE;v9777.DCE;PX777.CZCE;MA777.CZCE;RS777.CZCE;m9777.DCE;fu777.SHFE;JR777.CZCE;TS777.CFFEX;PK777.CZCE;lu777.INE;b9777.DCE;TF777.CFFEX;l9777.DCE;pd777.GFEX;y9777.DCE;OI777.CZCE;FG777.CZCE;T9777.CFFEX;pg777.DCE;pp777.DCE;br777.SHFE;j9777.DCE;al777.SHFE;cs777.DCE;sn777.SHFE;wr777.SHFE;bu777.SHFE;nr777.INE;SR777.CZCE;ZC777.CZCE;CY777.CZCE;sc777.INE;bc777.INE;ag777.SHFE;ao777.SHFE; 
2026-07-08 16:48:28,426 [TRACE] TBCommon CodePropertyCache getSpecialCodeIDs type=连续类型,size=244,codes=SR3888.CME;ZC888.CZCE;cu888.SHFE;QG888.NYMEX;MHI888.HKEX;MTN888.HKEX;SB888.ICE;MGN888.HKEX;lu888.INE;PK888.CZCE;PF888.CZCE;6J888.CME;LE888.CME;CNC888.HKEX;FEQ888.HKEX;MXC888.HKEX;NG888.NYMEX;CY888.CZCE;NKD888.CME;CCC888.HKEX;ZR888.CBOTCBOT;YM888.CBOT;PR888.CZCE;T9888.ICE;sp888.SHFE;m9888.DCE;RB888.NYMEX;ALI888.COMEX;6B888.CME;l9888.DCE;rb888.SHFE;MIN888.HKEX;CJ888.CZCE;i9888.DCE;pb888.SHFE;MNZ888.HKEX;MMN888.HKEX;bz888.DCE;CHT888.HKEX;MET888.HKEX;TN888.CBOT;IF888.CFFEX;ZL888.CBOT;MCA888.HKEX;KE888.CBOT;NQ888.CME;TF888.CFFEX;IU888.SGX;ICB888.HKEX;lg888.DCE;JDC888.HKEX;CEU888.HKEX;v9888.DCE;EAN888.HKEX;ZB888.CBOT;MPN888.HKEX;SIL888.COMEX;CTC888.HKEX;cs888.DCE;GC888.COMEX;QO888.COMEX;MNQ888.CME;CLI888.HKEX;hc888.SHFE;MVN888.HKEX;ZF888.CBOT;nr888.INE;XW888.CBOT;MCL888.NYMEX;BOC888.HKEX;PL888.NYMEX;QI888.COMEX;RM888.CZCE;PA888.NYMEX;p9888.DCE;MAN888.HKEX;MIA888.HKEX;CCB888.HKEX;MA888.CZCE;KC888.ICE;fu888.SHFE;PEC888.HKEX;pt888.GFEX;RS888.CZCE;PX888.CZCE;M2K888.CME;CT888.ICE;6N888.CME;GAS888.ICE;ps888.GFEX;ZO888.CBOT;op888.SHFE;IM888.CFFEX;6A888.CME;MTW888.HKEX;MXK888.HKEX;UR888.CZCE;MEE888.HKEX;HG888.COMEX;eb888.DCE;a9888.DCE;ZC888.CBOT;FG888.CZCE;rr888.DCE;j9888.DCE;SM888.CZCE;bu888.SHFE;ag888.SHFE;PAI888.HKEX;b9888.DCE;ZM888.CBOT;br888.SHFE;AP888.CZCE;bb888.DCE;SI888.COMEX;pd888.GFEX;CHH888.HKEX;pg888.DCE;CUS888.HKEX;SH888.CZCE;sc888.INE;ZS888.CBOT;QC888.COMEX;fb888.DCE;OI888.CZCE;MVI888.HKEX;ru888.SHFE;BRN888.ICE;RTY888.CME;HHI888.HKEX;SR888.CZCE;y9888.DCE;MCH888.HKEX;HSI888.HKEX;sn888.SHFE;SAS888.CBOT;PIC888.HKEX;MPC888.HKEX;pp888.DCE;MAK888.HKEX;au888.SHFE;MHK888.HKEX;MPS888.HKEX;T9888.CFFEX;ALB888.HKEX;IH888.CFFEX;lc888.GFEX;IC888.CFFEX;MYM888.CBOT;FEM888.HKEX;TS888.CFFEX;MMA888.HKEX;TA888.CZCE;lh888.DCE;6M888.CME;MPJ888.HKEX;W9888.ICE;ZT888.CBOT;NK888.SGX;ao888.SHFE;MGC888.COMEX;GF888.CME;c9888.DCE;MND888.HKEX;6L888.CME;MWN888.HKEX;JR888.CZCE;BZ888.NYMEX;MDN888.HKEX;zn888.SHFE;UHO888.ICE;NTE888.HKEX;CIN888.HKEX;PM888.CZCE;KU888.SGX;HKB888.HKEX;CAU888.HKEX;MEL888.HKEX;RC888.ICE;bc888.INE;ss888.SHFE;ni888.SHFE;al888.SHFE;EMN888.HKEX;jm888.DCE;C9888.ICE;A50888.HKEX;jd888.DCE;NIY888.CME;UIN888.HKEX;TL888.CFFEX;HO888.NYMEX;ec888.INE;XC888.CBOT;wr888.SHFE;MEI888.HKEX;CNH888.CME;CSA888.HKEX;SF888.CZCE;XK888.CBOT;DX888.ICE;GWM888.HKEX;HEX888.HKEX;HE888.CME;AMC888.HKEX;SGP888.SGX;FEF888.SGX;MJU888.HKEX;MES888.CME;eg888.DCE;6C888.CME;TWR888.HKEX;CPC888.HKEX;ZN888.CBOT;si888.GFEX;6E888.CME;MAC888.HKEX;ZW888.CBOT;WH888.CZCE;PL888.CZCE;LBR888.CME;RI888.CZCE;QM888.NYMEX;6S888.CME;CC888.ICE;CMB888.HKEX;TCH888.HKEX;TWN888.SGX;SA888.CZCE;HTI888.HKEX;ad888.SHFE;BUD888.HKEX;MTD888.HKEX;MSN888.HKEX;MIU888.HKEX;CF888.CZCE;CL888.NYMEX;LR888.CZCE;TF888.SGX;ES888.CME;OJ888.ICE;CN888.SGX;UC888.SGX;CJP888.HKEX; 
2026-07-08 16:48:28,445 [DEBUG] Event ,setName 
2026-07-08 16:48:28,712 [DEBUG] DCAPI ICETradeProxy stop begin 
2026-07-08 16:48:28,713 [DEBUG] DCAPI ICETradeProxy stop end 
2026-07-08 16:48:28,713 [DEBUG] DCAPI ICETradeSimuProxy stop begin 
2026-07-08 16:48:28,714 [DEBUG] DCAPI ICETradeSimuProxy stop end 
2026-07-08 16:48:28,714 [DEBUG] DCAPI ICEBaseProxy stop begin 
2026-07-08 16:48:28,714 [DEBUG] DCAPI IceDataProxy stop begin 
2026-07-08 16:48:28,715 [DEBUG] DCAPI IceDataProxy stop end ret=OK@ 
2026-07-08 16:48:28,715 [DEBUG] DCAPI ICEBaseProxy stop end 
2026-07-08 16:48:28,715 [DEBUG] DCAPI ICEAuthenProxy stop begin 
2026-07-08 16:48:28,716 [DEBUG] DCAPI release ice,destory communicator start 
2026-07-08 16:48:28,716 [INFO ] DCAPI connect tbquantdc success 
2026-07-08 16:48:28,718 [INFO ] DCAPI QuoteHisDispatcher stop begin 
2026-07-08 16:48:28,718 [INFO ] DCAPI QuoteHisDispatcher stop end 
2026-07-08 16:48:28,718 [INFO ] DCAPI QuoteRealDispatcher stop begin 
2026-07-08 16:48:28,718 [INFO ] DCAPI QuoteRealDispatcher stop end 
2026-07-08 16:48:28,718 [INFO ] DCAPI DataHisDispatcher stop begin 
2026-07-08 16:48:28,718 [INFO ] DCAPI DataHisDispatcher stop end 
2026-07-08 16:48:28,718 [INFO ] DCAPI DataRealDispatcher stop begin 
2026-07-08 16:48:28,718 [INFO ] DCAPI DataRealDispatcher stop end 
2026-07-08 16:48:28,718 [INFO ] DCAPI CommonDispatcher stop begin 
2026-07-08 16:48:28,718 [INFO ] DCAPI CommonDispatcher stop end 
2026-07-08 16:48:28,718 [DEBUG] DCAPI release ice,destory communicator success 
2026-07-08 16:48:28,718 [INFO ] DCAPI tbdcapi user=,sessionid=1,login out! 
2026-07-08 16:48:28,718 [DEBUG] DCAPI ICEAuthenProxy stop end 
2026-07-08 16:51:12,210 [INFO ] TBCommon GetFileVersionInfoSize fail,moduleName:TBCommon  
2026-07-08 16:51:12,210 [WARN ] TBPY parser_version_str rootPath=D:\software\tb,version= 
2026-07-08 16:51:12,210 [DEBUG] AuthAgent createService,jsonParam=[{"serviceName":"AuthenService","dllPath":"C:\\Users\\Administrator\\AppData\\Local\\Programs\\Python\\Python312\\Lib\\site-packages\\tbpy\\TBDataCenterAPI.dll","procName":"createAuthenService","parameter":{"online":true}},{"serviceName":"BaseService","dllPath":"C:\\Users\\Administrator\\AppData\\Local\\Programs\\Python\\Python312\\Lib\\site-packages\\tbpy\\TBDataCenterAPI.dll","procName":"createBaseService","parameter":{"online":true}},{"serviceName":"TradeService","dllPath":"C:\\Users\\Administrator\\AppData\\Local\\Programs\\Python\\Python312\\Lib\\site-packages\\tbpy\\TBDataCenterAPI.dll","procName":"createTradeService","parameter":{"online":true}},{"serviceName":"TradeSimuService","dllPath":"C:\\Users\\Administrator\\AppData\\Local\\Programs\\Python\\Python312\\Lib\\site-packages\\tbpy\\TBDataCenterAPI.dll","procName":"createTradeSimuService","parameter":{"online":true}}] 
2026-07-08 16:51:12,214 [INFO ] BaseService HolidayCache construct  
2026-07-08 16:51:12,214 [TRACE] TBCommon TradingDayCache construct 
2026-07-08 16:51:12,214 [INFO ] DCAPI QuoteHisDispatcher construct 
2026-07-08 16:51:12,214 [INFO ] DCAPI QuoteRealDispatcher construct 
2026-07-08 16:51:12,214 [INFO ] DCAPI DataHisDispatcher construct 
2026-07-08 16:51:12,214 [INFO ] DCAPI DataRealDispatcher construct 
2026-07-08 16:51:12,214 [DEBUG] AuthAgent InitService start service begin 
2026-07-08 16:51:12,214 [DEBUG] DCAPI ICEServiceManager init option=0,port= 
2026-07-08 16:51:12,214 [DEBUG] DCAPI init ice,start create communicator 
2026-07-08 16:51:12,215 [DEBUG] DCAPI createCommunicator use default config 
2026-07-08 16:51:12,231 [TRACE] DCAPI shm_info,shm=DSOFTWARETBSHM,mtx=DSOFTWARETBSHMTBPROCESSMTX,endpoint=tcp -h 127.0.0.1 -p 13831 
2026-07-08 16:51:12,233 [INFO ] DCAPI QuoteHisDispatcher start begin 
2026-07-08 16:51:12,233 [INFO ] DCAPI QuoteHisDispatcher start end 
2026-07-08 16:51:12,233 [INFO ] DCAPI QuoteRealDispatcher start begin 
2026-07-08 16:51:12,233 [INFO ] DCAPI QuoteRealDispatcher start end 
2026-07-08 16:51:12,233 [INFO ] DCAPI DataHisDispatcher start begin 
2026-07-08 16:51:12,233 [INFO ] DCAPI DataHisDispatcher start end 
2026-07-08 16:51:12,233 [INFO ] DCAPI DataRealDispatcher start begin 
2026-07-08 16:51:12,233 [INFO ] DCAPI DataRealDispatcher start end 
2026-07-08 16:51:12,233 [INFO ] DCAPI CommonDispatcher construct 
2026-07-08 16:51:12,233 [INFO ] DCAPI CommonDispatcher start begin 
2026-07-08 16:51:12,234 [INFO ] DCAPI CommonDispatcher start end 
2026-07-08 16:51:12,234 [DEBUG] DCAPI init ice,create communicator success 
2026-07-08 16:51:12,235 [INFO ] DCAPI connect tbquantdc success 
2026-07-08 16:51:12,238 [DEBUG] DCAPI ICEAuthenProxy start 
2026-07-08 16:51:12,238 [DEBUG] AuthAgent InitService start service end 
2026-07-08 16:51:12,238 [DEBUG] AuthAgent InitService end 
2026-07-08 16:51:12,238 [DEBUG] AuthAgent Login start 
2026-07-08 16:51:12,238 [DEBUG] AuthAgent Login get host begin 
2026-07-08 16:51:12,356 [TRACE] DCAPI 获取本机mac地址成功, mac:0C5B8F279A648F279A64 
2026-07-08 16:51:12,356 [DEBUG] AuthAgent Login get host end 
2026-07-08 16:51:12,356 [DEBUG] DCAPI ICEAuthenProxy login start 
2026-07-08 16:51:12,356 [INFO ] DCAPI try lock process mutex success,mutex key:1tcp-h127001-p13831 
2026-07-08 16:51:12,356 [INFO ] DCAPI 【softversion】,versionNo=3.12.3,softType=Standard,platformType=TBPYPY 
2026-07-08 16:51:12,357 [INFO ] DCAPI tbdcapi user=,sessionid=1,login success! 
2026-07-08 16:51:12,358 [DEBUG] DCAPI ICEAuthenProxy login end 
2026-07-08 16:51:12,360 [DEBUG] AuthAgent Login end 
2026-07-08 16:51:12,360 [DEBUG] DCAPI start IceDataProxy, ret=OK@ 
2026-07-08 16:51:12,360 [DEBUG] DCAPI ICETradeSimuProxy start begin 
2026-07-08 16:51:12,361 [DEBUG] DCAPI ICETradeSimuProxy start end,OK@ 
2026-07-08 16:51:12,511 [DEBUG] BaseService initBase initConfig,size=3,OK@ 
2026-07-08 16:51:12,511 [DEBUG] BaseService initBase initConfig,SimuIgnoreDelayMs=3000 
2026-07-08 16:51:12,511 [DEBUG] BaseService initBase initConfig,SimuMatchDelayMs=3000 
2026-07-08 16:51:12,511 [DEBUG] BaseService initBase initConfig,SimuLimitCancelCNT=500 
2026-07-08 16:51:12,511 [DEBUG] BaseService initBase=OK@,initMarket=OK@,initCategory=OK@,initExchange=OK@,lastBase=000001F47F72F270,nowBase=000001F47F72FC70 
2026-07-08 16:51:12,511 [DEBUG] BaseService Market,UnknownMarket,0,,category=UnknownCategory|Bonds|Funds,exchange=UnknownExchange 
2026-07-08 16:51:12,511 [DEBUG] BaseService Market,CHNFuture,1,期货,category=Futures|Options,exchange=SHFE|DCE|CZCE|CFFEX|INE|TBFT|GFEXEX 
2026-07-08 16:51:12,511 [DEBUG] BaseService Market,CHNStock,2,股票,category=Stocks,exchange=SSE|SZSE|TBST|OTCF|BSESE 
2026-07-08 16:51:12,511 [DEBUG] BaseService Market,CHNOptions,4,期权,category=,exchange=e= 
2026-07-08 16:51:12,511 [DEBUG] BaseService Market,GlobalMarket,8,国外期货,category=ForeignFutures,exchange=CBOT|CME|NYBOT|NYMEX|SGX|TOCOM|KRX|LME|ICE|EUREX|LIFFE|BMD|SFE|TFEX|COMEX|APEX|DME|JPX|ECBOT|IPE|WORLDINDEXNDEX 
2026-07-08 16:51:12,511 [DEBUG] BaseService Market,GlobalStockMarket,16,国外证券,category=ForeignStocks,exchange=HKEX|NYSE|NASDAQ|OSE|OSE 
2026-07-08 16:51:12,511 [DEBUG] BaseService Market,CHNSpot,32,现货,category=SpotTrans,exchange=BOCE|SGEGE 
2026-07-08 16:51:12,511 [DEBUG] BaseService Market,Forexs,64,外汇,category=Forexs,exchange=FOREXEX 
2026-07-08 16:51:12,511 [DEBUG] BaseService Market,TBNews,128,资讯,category=,exchange=e= 
2026-07-08 16:51:12,511 [DEBUG] BaseService Market,CHNStockSnap,256,查询快照,category=,exchange=nge= 
2026-07-08 16:51:12,511 [DEBUG] BaseService Market,MobileMonitor,512,移动监控,category=,exchange=nge= 
2026-07-08 16:51:12,511 [DEBUG] BaseService Category,UnknownCategory,-1,未知,market=UnknownMarket,exchange=UnknownExchangege 
2026-07-08 16:51:12,511 [DEBUG] BaseService Category,Stocks,0,股票,market=CHNStock,exchange=SSE|SZSE|TBST|OTCF|BSESE 
2026-07-08 16:51:12,511 [DEBUG] BaseService Category,Futures,1,期货,market=CHNFuture,exchange=SHFE|DCE|CZCE|CFFEX|INE|TBFT|GFEXEX 
2026-07-08 16:51:12,511 [DEBUG] BaseService Category,Forexs,2,外汇,market=Forexs,exchange=FOREXEX 
2026-07-08 16:51:12,511 [DEBUG] BaseService Category,Bonds,3,债券,market=UnknownMarket,exchange=e= 
2026-07-08 16:51:12,511 [DEBUG] BaseService Category,Funds,4,基金,market=UnknownMarket,exchange=e= 
2026-07-08 16:51:12,511 [DEBUG] BaseService Category,Options,5,期权,market=CHNFuture,exchange=SHFE|DCE|CZCE|CFFEX|INE|SSE|SZSE|BSE|GFEXEX 
2026-07-08 16:51:12,511 [DEBUG] BaseService Category,SpotTrans,6,现货,market=CHNSpot,exchange=BOCE|SGEGE 
2026-07-08 16:51:12,511 [DEBUG] BaseService Category,ForeignFutures,7,外盘期货,market=GlobalMarket,exchange=CBOT|CME|NYBOT|NYMEX|HKEX|SGX|TOCOM|KRX|LME|ICE|EUREX|LIFFE|BMD|SFE|TFEX|COMEX|APEX|DME|JPX|ECBOT|IPE|WORLDINDEXNDEX 
2026-07-08 16:51:12,511 [DEBUG] BaseService Category,ForeignStocks,8,外盘股票,market=GlobalStockMarket,exchange=HKEX|NYSE|NASDAQ|OSE|OSE 
2026-07-08 16:51:12,511 [DEBUG] BaseService Exchange,UnknownExchange,-1,未知,market=UnknownMarketet 
2026-07-08 16:51:12,511 [DEBUG] BaseService Exchange,SHFE,0,上海期货交易所,market=CHNFutureNFuture 
2026-07-08 16:51:12,511 [DEBUG] BaseService Exchange,DCE,1,大连商品交易所,market=CHNFutureNFuture 
2026-07-08 16:51:12,511 [DEBUG] BaseService Exchange,CZCE,2,郑州商品交易所,market=CHNFutureNFuture 
2026-07-08 16:51:12,511 [DEBUG] BaseService Exchange,CFFEX,3,中国金融期货交易所,market=CHNFutureCHNFuture 
2026-07-08 16:51:12,511 [DEBUG] BaseService Exchange,INE,4,上海国际能源交易中心,market=CHNFuture=CHNFuture 
2026-07-08 16:51:12,511 [DEBUG] BaseService Exchange,SSE,5,上海证券交易所,market=CHNStockHNStock 
2026-07-08 16:51:12,511 [DEBUG] BaseService Exchange,SZSE,6,深圳证券交易所,market=CHNStockHNStock 
2026-07-08 16:51:12,511 [DEBUG] BaseService Exchange,BOCE,7,渤海商品交易所,market=CHNSpotCHNSpot 
2026-07-08 16:51:12,511 [DEBUG] BaseService Exchange,SGE,8,上海黄金交易所,market=CHNSpotCHNSpot 
2026-07-08 16:51:12,511 [DEBUG] BaseService Exchange,CBOT,9,芝加哥期货交易所,market=GlobalMarketalMarket 
2026-07-08 16:51:12,511 [DEBUG] BaseService Exchange,CME,10,芝加哥商业交易所,market=GlobalMarketalMarket 
2026-07-08 16:51:12,511 [DEBUG] BaseService Exchange,NYBOT,11,纽约期货交易所,market=GlobalMarketlMarket 
2026-07-08 16:51:12,511 [DEBUG] BaseService Exchange,NYMEX,12,纽约商业期货交易所,market=GlobalMarketbalMarket 
2026-07-08 16:51:12,511 [DEBUG] BaseService Exchange,HKEX,13,香港交易所,market=GlobalStockMarketarket 
2026-07-08 16:51:12,511 [DEBUG] BaseService Exchange,SGX,14,新加坡交易所,market=GlobalMarketMarket 
2026-07-08 16:51:12,511 [DEBUG] BaseService Exchange,TOCOM,15,东京商品交易所,market=GlobalMarketlMarket 
2026-07-08 16:51:12,511 [DEBUG] BaseService Exchange,KRX,16,韩国证券期货交易所,market=GlobalMarketbalMarket 
2026-07-08 16:51:12,511 [DEBUG] BaseService Exchange,LME,17,伦敦金属交易所,market=GlobalMarketlMarket 
2026-07-08 16:51:12,511 [DEBUG] BaseService Exchange,ICE,18,洲际交易所,market=GlobalMarketarket 
2026-07-08 16:51:12,511 [DEBUG] BaseService Exchange,EUREX,19,欧洲期货交易所,market=GlobalMarketlMarket 
2026-07-08 16:51:12,511 [DEBUG] BaseService Exchange,LIFFE,20,伦敦国际金融交易所,market=GlobalMarketbalMarket 
2026-07-08 16:51:12,511 [DEBUG] BaseService Exchange,BMD,21,马来西亚交易所,market=GlobalMarketlMarket 
2026-07-08 16:51:12,511 [DEBUG] BaseService Exchange,SFE,22,悉尼期货交易所,market=GlobalMarketlMarket 
2026-07-08 16:51:12,511 [DEBUG] BaseService Exchange,TFEX,23,泰国期货交易所,market=GlobalMarketlMarket 
2026-07-08 16:51:12,511 [DEBUG] BaseService Exchange,NYSE,24,纽约证券交易所,market=GlobalStockMarketkMarket 
2026-07-08 16:51:12,511 [DEBUG] BaseService Exchange,NASDAQ,25,纳斯达克,market=GlobalStockMarketrket 
2026-07-08 16:51:12,511 [DEBUG] BaseService Exchange,FOREX,26,外汇市场,market=Forexsrexs 
2026-07-08 16:51:12,511 [DEBUG] BaseService Exchange,COMEX,27,纽约金属交易所,market=GlobalMarketlMarket 
2026-07-08 16:51:12,511 [DEBUG] BaseService Exchange,APEX,28,新加坡亚太交易所,market=GlobalMarketalMarket 
2026-07-08 16:51:12,511 [DEBUG] BaseService Exchange,DME,29,迪拜商品交易所,market=GlobalMarketlMarket 
2026-07-08 16:51:12,511 [DEBUG] BaseService Exchange,JPX,30,日本交易所集团,market=GlobalMarketlMarket 
2026-07-08 16:51:12,511 [DEBUG] BaseService Exchange,ECBOT,31,芝加哥电子商品交易所,market=GlobalMarketobalMarket 
2026-07-08 16:51:12,511 [DEBUG] BaseService Exchange,IPE,32,伦敦国际石油交易所,market=GlobalMarketbalMarket 
2026-07-08 16:51:12,511 [DEBUG] BaseService Exchange,OSE,33,大阪证券交易所,market=GlobalStockMarketkMarket 
2026-07-08 16:51:12,511 [DEBUG] BaseService Exchange,WORLDINDEX,34,全球指数,market=GlobalMarketrket 
2026-07-08 16:51:12,511 [DEBUG] BaseService Exchange,TBFT,35,开拓者期货指数,market=CHNFutureNFuture 
2026-07-08 16:51:12,511 [DEBUG] BaseService Exchange,TBST,36,开拓者证券指数,market=CHNStockHNStock 
2026-07-08 16:51:12,511 [DEBUG] BaseService Exchange,OTCF,37,场外基金,market=CHNStocktock 
2026-07-08 16:51:12,511 [DEBUG] BaseService Exchange,BSE,38,北京证券交易所,market=CHNStockHNStock 
2026-07-08 16:51:12,511 [DEBUG] BaseService Exchange,GFEX,39,广州期货交易所,market=CHNFutureNFuture 
2026-07-08 16:51:12,566 [INFO ] BaseService HolidayCache construct  
2026-07-08 16:51:12,592 [TRACE] TBCommon TradingDayCache construct 
2026-07-08 16:51:12,642 [DEBUG] TBCommon RelativeSymbolCache init,srcSize=355,cacheMapSize=355,mainMapSize=6831,sndMainMapSize=4111 
2026-07-08 16:51:14,040 [DEBUG] TBCommon resetCodePropByRule crb=Futures, CodeProperties size=116517 
2026-07-08 16:51:14,040 [DEBUG] TBCommon resetCodePropByBigCate begin category=Futures, CodeProperties size=116517 
2026-07-08 16:51:14,040 [DEBUG] TBCommon CodePropertyCache clearPropByBigCate bigcate= 1,exchsize=7,exchs=SHFE;DCE;CZCE;CFFEX;INE;TBFT;GFEX; 
2026-07-08 16:51:14,222 [DEBUG] TBCommon CodePropertyCache genTimePeriodsCodes, codeEx=pfcode.SHFE,ret=OK@,dealTimesV2=|21:00-02:30;09:00-11:30;13:00-15:15;||||| 
2026-07-08 16:51:14,222 [DEBUG] TBCommon resetCodePropByBigCate end category=Futures 
2026-07-08 16:51:14,222 [DEBUG] TBCommon  TradingDayCache refreshCodeInfo:Futures 
2026-07-08 16:51:14,235 [DEBUG] TBCommon  TradingDayCache refreshCodeInfo:Futures 
2026-07-08 16:51:14,235 [DEBUG] TBCommon  TradingDayCache refreshCodeInfo:Stocks 
2026-07-08 16:51:14,235 [DEBUG] TBCommon  TradingDayCache refreshCodeInfo:Options 
2026-07-08 16:51:14,235 [DEBUG] TBCommon  TradingDayCache refreshCodeInfo:ForeignFutures 
2026-07-08 16:51:14,237 [TRACE] TBCommon CodePropertyCache getSpecialCodeIDs type=次连类型,size=88,codes=ad777.SHFE;i9777.DCE;PL777.CZCE;CF777.CZCE;LR777.CZCE;pb777.SHFE;RI777.CZCE;au777.SHFE;jm777.DCE;ec777.INE;op777.SHFE;WH777.CZCE;hc777.SHFE;lc777.GFEX;UR777.CZCE;ni777.SHFE;fb777.DCE;SH777.CZCE;eg777.DCE;pt777.GFEX;bb777.DCE;ss777.SHFE;HFE;p9777.DCE;jd777.DCE;rb777.SHFE;ru777.SHFE;SA777.CZCE;IM777.CFFEX;eb777.DCE;IH777.CFFEX;SF777.CZCE;AP777.CZCE;c9777.DCE;rr777.DCE;bz777.DCE;ps777.GFEX;TL777.CFFEX;SM777.CZCE;TA777.CZCE;IF777.CFFEX;PF777.CZCE;IC777.CFFEX;sp777.SHFE;lh777.DCE;CJ777.CZCE;zn777.SHFE;RM777.CZCE;lg777.DCE;a9777.DCE;PR777.CZCE;si777.GFEX;PM777.CZCE;cu777.SHFE;v9777.DCE;PX777.CZCE;MA777.CZCE;RS777.CZCE;m9777.DCE;fu777.SHFE;JR777.CZCE;TS777.CFFEX;PK777.CZCE;lu777.INE;b9777.DCE;TF777.CFFEX;l9777.DCE;pd777.GFEX;y9777.DCE;OI777.CZCE;FG777.CZCE;T9777.CFFEX;pg777.DCE;pp777.DCE;br777.SHFE;j9777.DCE;al777.SHFE;cs777.DCE;sn777.SHFE;wr777.SHFE;bu777.SHFE;nr777.INE;SR777.CZCE;ZC777.CZCE;CY777.CZCE;sc777.INE;bc777.INE;ag777.SHFE;ao777.SHFE; 
2026-07-08 16:51:14,266 [TRACE] TBCommon CodePropertyCache getSpecialCodeIDs type=连续类型,size=244,codes=SR3888.CME;ZC888.CZCE;cu888.SHFE;QG888.NYMEX;MHI888.HKEX;MTN888.HKEX;SB888.ICE;MGN888.HKEX;lu888.INE;PK888.CZCE;PF888.CZCE;6J888.CME;LE888.CME;CNC888.HKEX;FEQ888.HKEX;MXC888.HKEX;NG888.NYMEX;CY888.CZCE;NKD888.CME;CCC888.HKEX;ZR888.CBOTCBOT;YM888.CBOT;PR888.CZCE;T9888.ICE;sp888.SHFE;m9888.DCE;RB888.NYMEX;ALI888.COMEX;6B888.CME;l9888.DCE;rb888.SHFE;MIN888.HKEX;CJ888.CZCE;i9888.DCE;pb888.SHFE;MNZ888.HKEX;MMN888.HKEX;bz888.DCE;CHT888.HKEX;MET888.HKEX;TN888.CBOT;IF888.CFFEX;ZL888.CBOT;MCA888.HKEX;KE888.CBOT;NQ888.CME;TF888.CFFEX;IU888.SGX;ICB888.HKEX;lg888.DCE;JDC888.HKEX;CEU888.HKEX;v9888.DCE;EAN888.HKEX;ZB888.CBOT;MPN888.HKEX;SIL888.COMEX;CTC888.HKEX;cs888.DCE;GC888.COMEX;QO888.COMEX;MNQ888.CME;CLI888.HKEX;hc888.SHFE;MVN888.HKEX;ZF888.CBOT;nr888.INE;XW888.CBOT;MCL888.NYMEX;BOC888.HKEX;PL888.NYMEX;QI888.COMEX;RM888.CZCE;PA888.NYMEX;p9888.DCE;MAN888.HKEX;MIA888.HKEX;CCB888.HKEX;MA888.CZCE;KC888.ICE;fu888.SHFE;PEC888.HKEX;pt888.GFEX;RS888.CZCE;PX888.CZCE;M2K888.CME;CT888.ICE;6N888.CME;GAS888.ICE;ps888.GFEX;ZO888.CBOT;op888.SHFE;IM888.CFFEX;6A888.CME;MTW888.HKEX;MXK888.HKEX;UR888.CZCE;MEE888.HKEX;HG888.COMEX;eb888.DCE;a9888.DCE;ZC888.CBOT;FG888.CZCE;rr888.DCE;j9888.DCE;SM888.CZCE;bu888.SHFE;ag888.SHFE;PAI888.HKEX;b9888.DCE;ZM888.CBOT;br888.SHFE;AP888.CZCE;bb888.DCE;SI888.COMEX;pd888.GFEX;CHH888.HKEX;pg888.DCE;CUS888.HKEX;SH888.CZCE;sc888.INE;ZS888.CBOT;QC888.COMEX;fb888.DCE;OI888.CZCE;MVI888.HKEX;ru888.SHFE;BRN888.ICE;RTY888.CME;HHI888.HKEX;SR888.CZCE;y9888.DCE;MCH888.HKEX;HSI888.HKEX;sn888.SHFE;SAS888.CBOT;PIC888.HKEX;MPC888.HKEX;pp888.DCE;MAK888.HKEX;au888.SHFE;MHK888.HKEX;MPS888.HKEX;T9888.CFFEX;ALB888.HKEX;IH888.CFFEX;lc888.GFEX;IC888.CFFEX;MYM888.CBOT;FEM888.HKEX;TS888.CFFEX;MMA888.HKEX;TA888.CZCE;lh888.DCE;6M888.CME;MPJ888.HKEX;W9888.ICE;ZT888.CBOT;NK888.SGX;ao888.SHFE;MGC888.COMEX;GF888.CME;c9888.DCE;MND888.HKEX;6L888.CME;MWN888.HKEX;JR888.CZCE;BZ888.NYMEX;MDN888.HKEX;zn888.SHFE;UHO888.ICE;NTE888.HKEX;CIN888.HKEX;PM888.CZCE;KU888.SGX;HKB888.HKEX;CAU888.HKEX;MEL888.HKEX;RC888.ICE;bc888.INE;ss888.SHFE;ni888.SHFE;al888.SHFE;EMN888.HKEX;jm888.DCE;C9888.ICE;A50888.HKEX;jd888.DCE;NIY888.CME;UIN888.HKEX;TL888.CFFEX;HO888.NYMEX;ec888.INE;XC888.CBOT;wr888.SHFE;MEI888.HKEX;CNH888.CME;CSA888.HKEX;SF888.CZCE;XK888.CBOT;DX888.ICE;GWM888.HKEX;HEX888.HKEX;HE888.CME;AMC888.HKEX;SGP888.SGX;FEF888.SGX;MJU888.HKEX;MES888.CME;eg888.DCE;6C888.CME;TWR888.HKEX;CPC888.HKEX;ZN888.CBOT;si888.GFEX;6E888.CME;MAC888.HKEX;ZW888.CBOT;WH888.CZCE;PL888.CZCE;LBR888.CME;RI888.CZCE;QM888.NYMEX;6S888.CME;CC888.ICE;CMB888.HKEX;TCH888.HKEX;TWN888.SGX;SA888.CZCE;HTI888.HKEX;ad888.SHFE;BUD888.HKEX;MTD888.HKEX;MSN888.HKEX;MIU888.HKEX;CF888.CZCE;CL888.NYMEX;LR888.CZCE;TF888.SGX;ES888.CME;OJ888.ICE;CN888.SGX;UC888.SGX;CJP888.HKEX; 
2026-07-08 16:51:14,283 [DEBUG] Event ,setName 
2026-07-08 16:56:26,471 [DEBUG] DCAPI ICETradeProxy stop begin 
2026-07-08 16:56:26,473 [DEBUG] DCAPI ICETradeProxy stop end 
2026-07-08 16:56:26,473 [DEBUG] DCAPI ICETradeSimuProxy stop begin 
2026-07-08 16:56:26,473 [DEBUG] DCAPI ICETradeSimuProxy stop end 
2026-07-08 16:56:26,473 [DEBUG] DCAPI ICEBaseProxy stop begin 
2026-07-08 16:56:26,473 [DEBUG] DCAPI IceDataProxy stop begin 
2026-07-08 16:56:26,474 [DEBUG] DCAPI IceDataProxy stop end ret=OK@ 
2026-07-08 16:56:26,474 [DEBUG] DCAPI ICEBaseProxy stop end 
2026-07-08 16:56:26,474 [DEBUG] DCAPI ICEAuthenProxy stop begin 
2026-07-08 16:56:26,474 [DEBUG] DCAPI release ice,destory communicator start 
2026-07-08 16:56:26,475 [INFO ] DCAPI connect tbquantdc success 
2026-07-08 16:56:26,475 [INFO ] DCAPI QuoteHisDispatcher stop begin 
2026-07-08 16:56:26,475 [INFO ] DCAPI QuoteHisDispatcher stop end 
2026-07-08 16:56:26,476 [INFO ] DCAPI QuoteRealDispatcher stop begin 
2026-07-08 16:56:26,476 [INFO ] DCAPI QuoteRealDispatcher stop end 
2026-07-08 16:56:26,476 [INFO ] DCAPI DataHisDispatcher stop begin 
2026-07-08 16:56:26,476 [INFO ] DCAPI DataHisDispatcher stop end 
2026-07-08 16:56:26,476 [INFO ] DCAPI DataRealDispatcher stop begin 
2026-07-08 16:56:26,476 [INFO ] DCAPI DataRealDispatcher stop end 
2026-07-08 16:56:26,476 [INFO ] DCAPI CommonDispatcher stop begin 
2026-07-08 16:56:26,476 [INFO ] DCAPI CommonDispatcher stop end 
2026-07-08 16:56:26,476 [DEBUG] DCAPI release ice,destory communicator success 
2026-07-08 16:56:26,476 [INFO ] DCAPI tbdcapi user=,sessionid=1,login out! 
2026-07-08 16:56:26,476 [DEBUG] DCAPI ICEAuthenProxy stop end 
2026-07-09 08:15:59,909 [INFO ] TBCommon GetFileVersionInfoSize fail,moduleName:TBCommon  
2026-07-09 08:15:59,909 [WARN ] TBPY parser_version_str rootPath=D:\software\tb,version= 
2026-07-09 08:15:59,910 [DEBUG] AuthAgent createService,jsonParam=[{"serviceName":"AuthenService","dllPath":"C:\\Users\\Administrator\\AppData\\Local\\Programs\\Python\\Python312\\Lib\\site-packages\\tbpy\\TBDataCenterAPI.dll","procName":"createAuthenService","parameter":{"online":true}},{"serviceName":"BaseService","dllPath":"C:\\Users\\Administrator\\AppData\\Local\\Programs\\Python\\Python312\\Lib\\site-packages\\tbpy\\TBDataCenterAPI.dll","procName":"createBaseService","parameter":{"online":true}},{"serviceName":"TradeService","dllPath":"C:\\Users\\Administrator\\AppData\\Local\\Programs\\Python\\Python312\\Lib\\site-packages\\tbpy\\TBDataCenterAPI.dll","procName":"createTradeService","parameter":{"online":true}},{"serviceName":"TradeSimuService","dllPath":"C:\\Users\\Administrator\\AppData\\Local\\Programs\\Python\\Python312\\Lib\\site-packages\\tbpy\\TBDataCenterAPI.dll","procName":"createTradeSimuService","parameter":{"online":true}}] 
2026-07-09 08:15:59,925 [INFO ] BaseService HolidayCache construct  
2026-07-09 08:15:59,926 [TRACE] TBCommon TradingDayCache construct 
2026-07-09 08:15:59,926 [INFO ] DCAPI QuoteHisDispatcher construct 
2026-07-09 08:15:59,927 [INFO ] DCAPI QuoteRealDispatcher construct 
2026-07-09 08:15:59,927 [INFO ] DCAPI DataHisDispatcher construct 
2026-07-09 08:15:59,927 [INFO ] DCAPI DataRealDispatcher construct 
2026-07-09 08:15:59,928 [DEBUG] AuthAgent InitService start service begin 
2026-07-09 08:15:59,929 [DEBUG] DCAPI ICEServiceManager init option=0,port= 
2026-07-09 08:15:59,929 [DEBUG] DCAPI init ice,start create communicator 
2026-07-09 08:15:59,931 [DEBUG] DCAPI createCommunicator use default config 
2026-07-09 08:15:59,953 [TRACE] DCAPI shm_info,shm=DSOFTWARETBSHM,mtx=DSOFTWARETBSHMTBPROCESSMTX,endpoint=tcp -h 127.0.0.1 -p 1870 
2026-07-09 08:15:59,960 [INFO ] DCAPI QuoteHisDispatcher start begin 
2026-07-09 08:15:59,960 [INFO ] DCAPI QuoteHisDispatcher start end 
2026-07-09 08:15:59,960 [INFO ] DCAPI QuoteRealDispatcher start begin 
2026-07-09 08:15:59,960 [INFO ] DCAPI QuoteRealDispatcher start end 
2026-07-09 08:15:59,960 [INFO ] DCAPI DataHisDispatcher start begin 
2026-07-09 08:15:59,960 [INFO ] DCAPI DataHisDispatcher start end 
2026-07-09 08:15:59,960 [INFO ] DCAPI DataRealDispatcher start begin 
2026-07-09 08:15:59,960 [INFO ] DCAPI DataRealDispatcher start end 
2026-07-09 08:15:59,960 [INFO ] DCAPI CommonDispatcher construct 
2026-07-09 08:15:59,960 [INFO ] DCAPI CommonDispatcher start begin 
2026-07-09 08:15:59,960 [INFO ] DCAPI CommonDispatcher start end 
2026-07-09 08:15:59,960 [DEBUG] DCAPI init ice,create communicator success 
2026-07-09 08:15:59,963 [INFO ] DCAPI connect tbquantdc success 
2026-07-09 08:15:59,967 [DEBUG] DCAPI ICEAuthenProxy start 
2026-07-09 08:15:59,967 [DEBUG] AuthAgent InitService start service end 
2026-07-09 08:15:59,967 [DEBUG] AuthAgent InitService end 
2026-07-09 08:15:59,967 [DEBUG] AuthAgent Login start 
2026-07-09 08:15:59,967 [DEBUG] AuthAgent Login get host begin 
2026-07-09 08:16:00,108 [TRACE] DCAPI 获取本机mac地址成功, mac:0C5B8F279A648F279A64 
2026-07-09 08:16:00,108 [DEBUG] AuthAgent Login get host end 
2026-07-09 08:16:00,109 [DEBUG] DCAPI ICEAuthenProxy login start 
2026-07-09 08:16:00,109 [INFO ] DCAPI try lock process mutex success,mutex key:1tcp-h127001-p1870 
2026-07-09 08:16:00,109 [INFO ] DCAPI 【softversion】,versionNo=3.12.3,softType=Standard,platformType=TBPYPY 
2026-07-09 08:16:00,112 [INFO ] DCAPI tbdcapi user=,sessionid=1,login success! 
2026-07-09 08:16:00,115 [DEBUG] DCAPI ICEAuthenProxy login end 
2026-07-09 08:16:00,123 [DEBUG] AuthAgent Login end 
2026-07-09 08:16:00,127 [DEBUG] DCAPI start IceDataProxy, ret=OK@ 
2026-07-09 08:16:00,128 [DEBUG] DCAPI ICETradeSimuProxy start begin 
2026-07-09 08:16:00,131 [DEBUG] DCAPI ICETradeSimuProxy start end,OK@ 
2026-07-09 08:16:00,630 [DEBUG] BaseService initBase initConfig,size=3,OK@ 
2026-07-09 08:16:00,631 [DEBUG] BaseService initBase initConfig,SimuIgnoreDelayMs=3000 
2026-07-09 08:16:00,631 [DEBUG] BaseService initBase initConfig,SimuMatchDelayMs=3000 
2026-07-09 08:16:00,631 [DEBUG] BaseService initBase initConfig,SimuLimitCancelCNT=500 
2026-07-09 08:16:00,631 [DEBUG] BaseService initBase=OK@,initMarket=OK@,initCategory=OK@,initExchange=OK@,lastBase=0000024179B295B0,nowBase=000002412256C390 
2026-07-09 08:16:00,631 [DEBUG] BaseService Market,UnknownMarket,0,,category=UnknownCategory|Bonds|Funds,exchange=UnknownExchange 
2026-07-09 08:16:00,631 [DEBUG] BaseService Market,CHNFuture,1,期货,category=Futures|Options,exchange=SHFE|DCE|CZCE|CFFEX|INE|TBFT|GFEXEX 
2026-07-09 08:16:00,631 [DEBUG] BaseService Market,CHNStock,2,股票,category=Stocks,exchange=SSE|SZSE|TBST|OTCF|BSESE 
2026-07-09 08:16:00,631 [DEBUG] BaseService Market,CHNOptions,4,期权,category=,exchange=e= 
2026-07-09 08:16:00,631 [DEBUG] BaseService Market,GlobalMarket,8,国外期货,category=ForeignFutures,exchange=CBOT|CME|NYBOT|NYMEX|SGX|TOCOM|KRX|LME|ICE|EUREX|LIFFE|BMD|SFE|TFEX|COMEX|APEX|DME|JPX|ECBOT|IPE|WORLDINDEXNDEX 
2026-07-09 08:16:00,631 [DEBUG] BaseService Market,GlobalStockMarket,16,国外证券,category=ForeignStocks,exchange=HKEX|NYSE|NASDAQ|OSE|OSE 
2026-07-09 08:16:00,631 [DEBUG] BaseService Market,CHNSpot,32,现货,category=SpotTrans,exchange=BOCE|SGEGE 
2026-07-09 08:16:00,631 [DEBUG] BaseService Market,Forexs,64,外汇,category=Forexs,exchange=FOREXEX 
2026-07-09 08:16:00,631 [DEBUG] BaseService Market,TBNews,128,资讯,category=,exchange=e= 
2026-07-09 08:16:00,631 [DEBUG] BaseService Market,CHNStockSnap,256,查询快照,category=,exchange=nge= 
2026-07-09 08:16:00,631 [DEBUG] BaseService Market,MobileMonitor,512,移动监控,category=,exchange=nge= 
2026-07-09 08:16:00,631 [DEBUG] BaseService Category,UnknownCategory,-1,未知,market=UnknownMarket,exchange=UnknownExchangege 
2026-07-09 08:16:00,631 [DEBUG] BaseService Category,Stocks,0,股票,market=CHNStock,exchange=SSE|SZSE|TBST|OTCF|BSESE 
2026-07-09 08:16:00,631 [DEBUG] BaseService Category,Futures,1,期货,market=CHNFuture,exchange=SHFE|DCE|CZCE|CFFEX|INE|TBFT|GFEXEX 
2026-07-09 08:16:00,631 [DEBUG] BaseService Category,Forexs,2,外汇,market=Forexs,exchange=FOREXEX 
2026-07-09 08:16:00,631 [DEBUG] BaseService Category,Bonds,3,债券,market=UnknownMarket,exchange=e= 
2026-07-09 08:16:00,631 [DEBUG] BaseService Category,Funds,4,基金,market=UnknownMarket,exchange=e= 
2026-07-09 08:16:00,631 [DEBUG] BaseService Category,Options,5,期权,market=CHNFuture,exchange=SHFE|DCE|CZCE|CFFEX|INE|SSE|SZSE|BSE|GFEXEX 
2026-07-09 08:16:00,631 [DEBUG] BaseService Category,SpotTrans,6,现货,market=CHNSpot,exchange=BOCE|SGEGE 
2026-07-09 08:16:00,631 [DEBUG] BaseService Category,ForeignFutures,7,外盘期货,market=GlobalMarket,exchange=CBOT|CME|NYBOT|NYMEX|HKEX|SGX|TOCOM|KRX|LME|ICE|EUREX|LIFFE|BMD|SFE|TFEX|COMEX|APEX|DME|JPX|ECBOT|IPE|WORLDINDEXNDEX 
2026-07-09 08:16:00,631 [DEBUG] BaseService Category,ForeignStocks,8,外盘股票,market=GlobalStockMarket,exchange=HKEX|NYSE|NASDAQ|OSE|OSE 
2026-07-09 08:16:00,631 [DEBUG] BaseService Exchange,UnknownExchange,-1,未知,market=UnknownMarketet 
2026-07-09 08:16:00,631 [DEBUG] BaseService Exchange,SHFE,0,上海期货交易所,market=CHNFutureNFuture 
2026-07-09 08:16:00,631 [DEBUG] BaseService Exchange,DCE,1,大连商品交易所,market=CHNFutureNFuture 
2026-07-09 08:16:00,631 [DEBUG] BaseService Exchange,CZCE,2,郑州商品交易所,market=CHNFutureNFuture 
2026-07-09 08:16:00,631 [DEBUG] BaseService Exchange,CFFEX,3,中国金融期货交易所,market=CHNFutureCHNFuture 
2026-07-09 08:16:00,631 [DEBUG] BaseService Exchange,INE,4,上海国际能源交易中心,market=CHNFuture=CHNFuture 
2026-07-09 08:16:00,631 [DEBUG] BaseService Exchange,SSE,5,上海证券交易所,market=CHNStockHNStock 
2026-07-09 08:16:00,631 [DEBUG] BaseService Exchange,SZSE,6,深圳证券交易所,market=CHNStockHNStock 
2026-07-09 08:16:00,631 [DEBUG] BaseService Exchange,BOCE,7,渤海商品交易所,market=CHNSpotCHNSpot 
2026-07-09 08:16:00,631 [DEBUG] BaseService Exchange,SGE,8,上海黄金交易所,market=CHNSpotCHNSpot 
2026-07-09 08:16:00,631 [DEBUG] BaseService Exchange,CBOT,9,芝加哥期货交易所,market=GlobalMarketalMarket 
2026-07-09 08:16:00,631 [DEBUG] BaseService Exchange,CME,10,芝加哥商业交易所,market=GlobalMarketalMarket 
2026-07-09 08:16:00,631 [DEBUG] BaseService Exchange,NYBOT,11,纽约期货交易所,market=GlobalMarketlMarket 
2026-07-09 08:16:00,631 [DEBUG] BaseService Exchange,NYMEX,12,纽约商业期货交易所,market=GlobalMarketbalMarket 
2026-07-09 08:16:00,631 [DEBUG] BaseService Exchange,HKEX,13,香港交易所,market=GlobalStockMarketarket 
2026-07-09 08:16:00,631 [DEBUG] BaseService Exchange,SGX,14,新加坡交易所,market=GlobalMarketMarket 
2026-07-09 08:16:00,631 [DEBUG] BaseService Exchange,TOCOM,15,东京商品交易所,market=GlobalMarketlMarket 
2026-07-09 08:16:00,632 [DEBUG] BaseService Exchange,KRX,16,韩国证券期货交易所,market=GlobalMarketbalMarket 
2026-07-09 08:16:00,632 [DEBUG] BaseService Exchange,LME,17,伦敦金属交易所,market=GlobalMarketlMarket 
2026-07-09 08:16:00,632 [DEBUG] BaseService Exchange,ICE,18,洲际交易所,market=GlobalMarketarket 
2026-07-09 08:16:00,632 [DEBUG] BaseService Exchange,EUREX,19,欧洲期货交易所,market=GlobalMarketlMarket 
2026-07-09 08:16:00,632 [DEBUG] BaseService Exchange,LIFFE,20,伦敦国际金融交易所,market=GlobalMarketbalMarket 
2026-07-09 08:16:00,632 [DEBUG] BaseService Exchange,BMD,21,马来西亚交易所,market=GlobalMarketlMarket 
2026-07-09 08:16:00,632 [DEBUG] BaseService Exchange,SFE,22,悉尼期货交易所,market=GlobalMarketlMarket 
2026-07-09 08:16:00,632 [DEBUG] BaseService Exchange,TFEX,23,泰国期货交易所,market=GlobalMarketlMarket 
2026-07-09 08:16:00,632 [DEBUG] BaseService Exchange,NYSE,24,纽约证券交易所,market=GlobalStockMarketkMarket 
2026-07-09 08:16:00,632 [DEBUG] BaseService Exchange,NASDAQ,25,纳斯达克,market=GlobalStockMarketrket 
2026-07-09 08:16:00,632 [DEBUG] BaseService Exchange,FOREX,26,外汇市场,market=Forexsrexs 
2026-07-09 08:16:00,632 [DEBUG] BaseService Exchange,COMEX,27,纽约金属交易所,market=GlobalMarketlMarket 
2026-07-09 08:16:00,632 [DEBUG] BaseService Exchange,APEX,28,新加坡亚太交易所,market=GlobalMarketalMarket 
2026-07-09 08:16:00,632 [DEBUG] BaseService Exchange,DME,29,迪拜商品交易所,market=GlobalMarketlMarket 
2026-07-09 08:16:00,632 [DEBUG] BaseService Exchange,JPX,30,日本交易所集团,market=GlobalMarketlMarket 
2026-07-09 08:16:00,632 [DEBUG] BaseService Exchange,ECBOT,31,芝加哥电子商品交易所,market=GlobalMarketobalMarket 
2026-07-09 08:16:00,632 [DEBUG] BaseService Exchange,IPE,32,伦敦国际石油交易所,market=GlobalMarketbalMarket 
2026-07-09 08:16:00,632 [DEBUG] BaseService Exchange,OSE,33,大阪证券交易所,market=GlobalStockMarketkMarket 
2026-07-09 08:16:00,632 [DEBUG] BaseService Exchange,WORLDINDEX,34,全球指数,market=GlobalMarketrket 
2026-07-09 08:16:00,632 [DEBUG] BaseService Exchange,TBFT,35,开拓者期货指数,market=CHNFutureNFuture 
2026-07-09 08:16:00,632 [DEBUG] BaseService Exchange,TBST,36,开拓者证券指数,market=CHNStockHNStock 
2026-07-09 08:16:00,632 [DEBUG] BaseService Exchange,OTCF,37,场外基金,market=CHNStocktock 
2026-07-09 08:16:00,632 [DEBUG] BaseService Exchange,BSE,38,北京证券交易所,market=CHNStockHNStock 
2026-07-09 08:16:00,632 [DEBUG] BaseService Exchange,GFEX,39,广州期货交易所,market=CHNFutureNFuture 
2026-07-09 08:16:00,739 [INFO ] BaseService HolidayCache construct  
2026-07-09 08:16:00,767 [TRACE] TBCommon TradingDayCache construct 
2026-07-09 08:16:00,888 [DEBUG] TBCommon RelativeSymbolCache init,srcSize=355,cacheMapSize=355,mainMapSize=6831,sndMainMapSize=4111 
2026-07-09 08:16:03,099 [DEBUG] TBCommon resetCodePropByRule crb=Futures, CodeProperties size=116658 
2026-07-09 08:16:03,099 [DEBUG] TBCommon resetCodePropByBigCate begin category=Futures, CodeProperties size=116658 
2026-07-09 08:16:03,099 [DEBUG] TBCommon CodePropertyCache clearPropByBigCate bigcate= 1,exchsize=7,exchs=SHFE;DCE;CZCE;CFFEX;INE;TBFT;GFEX; 
2026-07-09 08:16:03,314 [DEBUG] TBCommon CodePropertyCache genTimePeriodsCodes, codeEx=pfcode.SHFE,ret=OK@,dealTimesV2=|21:00-02:30;09:00-11:30;13:00-15:15;||||| 
2026-07-09 08:16:03,314 [DEBUG] TBCommon resetCodePropByBigCate end category=Futures 
2026-07-09 08:16:03,314 [DEBUG] TBCommon  TradingDayCache refreshCodeInfo:Futures 
2026-07-09 08:16:03,330 [DEBUG] TBCommon  TradingDayCache refreshCodeInfo:Futures 
2026-07-09 08:16:03,330 [DEBUG] TBCommon  TradingDayCache refreshCodeInfo:Stocks 
2026-07-09 08:16:03,330 [DEBUG] TBCommon  TradingDayCache refreshCodeInfo:Options 
2026-07-09 08:16:03,330 [DEBUG] TBCommon  TradingDayCache refreshCodeInfo:ForeignFutures 
2026-07-09 08:16:03,333 [TRACE] TBCommon CodePropertyCache getSpecialCodeIDs type=次连类型,size=88,codes=ad777.SHFE;i9777.DCE;PL777.CZCE;CF777.CZCE;LR777.CZCE;pb777.SHFE;RI777.CZCE;au777.SHFE;jm777.DCE;ec777.INE;op777.SHFE;WH777.CZCE;hc777.SHFE;lc777.GFEX;UR777.CZCE;ni777.SHFE;fb777.DCE;SH777.CZCE;eg777.DCE;pt777.GFEX;bb777.DCE;ss777.SHFE;HFE;p9777.DCE;jd777.DCE;rb777.SHFE;ru777.SHFE;SA777.CZCE;IM777.CFFEX;eb777.DCE;IH777.CFFEX;SF777.CZCE;AP777.CZCE;c9777.DCE;rr777.DCE;bz777.DCE;ps777.GFEX;TL777.CFFEX;SM777.CZCE;TA777.CZCE;IF777.CFFEX;PF777.CZCE;IC777.CFFEX;sp777.SHFE;lh777.DCE;CJ777.CZCE;zn777.SHFE;RM777.CZCE;lg777.DCE;a9777.DCE;PR777.CZCE;si777.GFEX;PM777.CZCE;cu777.SHFE;v9777.DCE;PX777.CZCE;MA777.CZCE;RS777.CZCE;m9777.DCE;fu777.SHFE;JR777.CZCE;TS777.CFFEX;PK777.CZCE;lu777.INE;b9777.DCE;TF777.CFFEX;l9777.DCE;pd777.GFEX;y9777.DCE;OI777.CZCE;FG777.CZCE;T9777.CFFEX;pg777.DCE;pp777.DCE;br777.SHFE;j9777.DCE;al777.SHFE;cs777.DCE;sn777.SHFE;wr777.SHFE;bu777.SHFE;nr777.INE;SR777.CZCE;ZC777.CZCE;CY777.CZCE;sc777.INE;bc777.INE;ag777.SHFE;ao777.SHFE; 
2026-07-09 08:16:03,413 [TRACE] TBCommon CodePropertyCache getSpecialCodeIDs type=连续类型,size=244,codes=SR3888.CME;ZC888.CZCE;cu888.SHFE;QG888.NYMEX;MHI888.HKEX;MTN888.HKEX;SB888.ICE;MGN888.HKEX;lu888.INE;PK888.CZCE;PF888.CZCE;6J888.CME;LE888.CME;CNC888.HKEX;FEQ888.HKEX;MXC888.HKEX;NG888.NYMEX;CY888.CZCE;NKD888.CME;CCC888.HKEX;ZR888.CBOTCBOT;YM888.CBOT;PR888.CZCE;T9888.ICE;sp888.SHFE;m9888.DCE;RB888.NYMEX;ALI888.COMEX;6B888.CME;l9888.DCE;rb888.SHFE;MIN888.HKEX;CJ888.CZCE;i9888.DCE;pb888.SHFE;MNZ888.HKEX;MMN888.HKEX;bz888.DCE;CHT888.HKEX;MET888.HKEX;TN888.CBOT;IF888.CFFEX;ZL888.CBOT;MCA888.HKEX;KE888.CBOT;NQ888.CME;TF888.CFFEX;IU888.SGX;ICB888.HKEX;lg888.DCE;JDC888.HKEX;CEU888.HKEX;v9888.DCE;EAN888.HKEX;ZB888.CBOT;MPN888.HKEX;SIL888.COMEX;CTC888.HKEX;cs888.DCE;GC888.COMEX;QO888.COMEX;MNQ888.CME;CLI888.HKEX;hc888.SHFE;MVN888.HKEX;ZF888.CBOT;nr888.INE;XW888.CBOT;MCL888.NYMEX;BOC888.HKEX;PL888.NYMEX;QI888.COMEX;RM888.CZCE;PA888.NYMEX;p9888.DCE;MAN888.HKEX;MIA888.HKEX;CCB888.HKEX;MA888.CZCE;KC888.ICE;fu888.SHFE;PEC888.HKEX;pt888.GFEX;RS888.CZCE;PX888.CZCE;M2K888.CME;CT888.ICE;6N888.CME;GAS888.ICE;ps888.GFEX;ZO888.CBOT;op888.SHFE;IM888.CFFEX;6A888.CME;MTW888.HKEX;MXK888.HKEX;UR888.CZCE;MEE888.HKEX;HG888.COMEX;eb888.DCE;a9888.DCE;ZC888.CBOT;FG888.CZCE;rr888.DCE;j9888.DCE;SM888.CZCE;bu888.SHFE;ag888.SHFE;PAI888.HKEX;b9888.DCE;ZM888.CBOT;br888.SHFE;AP888.CZCE;bb888.DCE;SI888.COMEX;pd888.GFEX;CHH888.HKEX;pg888.DCE;CUS888.HKEX;SH888.CZCE;sc888.INE;ZS888.CBOT;QC888.COMEX;fb888.DCE;OI888.CZCE;MVI888.HKEX;ru888.SHFE;BRN888.ICE;RTY888.CME;HHI888.HKEX;SR888.CZCE;y9888.DCE;MCH888.HKEX;HSI888.HKEX;sn888.SHFE;SAS888.CBOT;PIC888.HKEX;MPC888.HKEX;pp888.DCE;MAK888.HKEX;au888.SHFE;MHK888.HKEX;MPS888.HKEX;T9888.CFFEX;ALB888.HKEX;IH888.CFFEX;lc888.GFEX;IC888.CFFEX;MYM888.CBOT;FEM888.HKEX;TS888.CFFEX;MMA888.HKEX;TA888.CZCE;lh888.DCE;6M888.CME;MPJ888.HKEX;W9888.ICE;ZT888.CBOT;NK888.SGX;ao888.SHFE;MGC888.COMEX;GF888.CME;c9888.DCE;MND888.HKEX;6L888.CME;MWN888.HKEX;JR888.CZCE;BZ888.NYMEX;MDN888.HKEX;zn888.SHFE;UHO888.ICE;NTE888.HKEX;CIN888.HKEX;PM888.CZCE;KU888.SGX;HKB888.HKEX;CAU888.HKEX;MEL888.HKEX;RC888.ICE;bc888.INE;ss888.SHFE;ni888.SHFE;al888.SHFE;EMN888.HKEX;jm888.DCE;C9888.ICE;A50888.HKEX;jd888.DCE;NIY888.CME;UIN888.HKEX;TL888.CFFEX;HO888.NYMEX;ec888.INE;XC888.CBOT;wr888.SHFE;MEI888.HKEX;CNH888.CME;CSA888.HKEX;SF888.CZCE;XK888.CBOT;DX888.ICE;GWM888.HKEX;HEX888.HKEX;HE888.CME;AMC888.HKEX;SGP888.SGX;FEF888.SGX;MJU888.HKEX;MES888.CME;eg888.DCE;6C888.CME;TWR888.HKEX;CPC888.HKEX;ZN888.CBOT;si888.GFEX;6E888.CME;MAC888.HKEX;ZW888.CBOT;WH888.CZCE;PL888.CZCE;LBR888.CME;RI888.CZCE;QM888.NYMEX;6S888.CME;CC888.ICE;CMB888.HKEX;TCH888.HKEX;TWN888.SGX;SA888.CZCE;HTI888.HKEX;ad888.SHFE;BUD888.HKEX;MTD888.HKEX;MSN888.HKEX;MIU888.HKEX;CF888.CZCE;CL888.NYMEX;LR888.CZCE;TF888.SGX;ES888.CME;OJ888.ICE;CN888.SGX;UC888.SGX;CJP888.HKEX; 
2026-07-09 08:16:03,475 [DEBUG] Event ,setName 
2026-07-09 08:16:03,869 [DEBUG] DCAPI ICETradeProxy stop begin 
2026-07-09 08:16:03,873 [DEBUG] DCAPI ICETradeProxy stop end 
2026-07-09 08:16:03,873 [DEBUG] DCAPI ICETradeSimuProxy stop begin 
2026-07-09 08:16:03,873 [DEBUG] DCAPI ICETradeSimuProxy stop end 
2026-07-09 08:16:03,874 [DEBUG] DCAPI ICEBaseProxy stop begin 
2026-07-09 08:16:03,874 [DEBUG] DCAPI IceDataProxy stop begin 
2026-07-09 08:16:03,875 [DEBUG] DCAPI IceDataProxy stop end ret=OK@ 
2026-07-09 08:16:03,875 [DEBUG] DCAPI ICEBaseProxy stop end 
2026-07-09 08:16:03,875 [DEBUG] DCAPI ICEAuthenProxy stop begin 
2026-07-09 08:16:03,876 [DEBUG] DCAPI release ice,destory communicator start 
2026-07-09 08:16:03,876 [INFO ] DCAPI connect tbquantdc success 
2026-07-09 08:16:03,878 [INFO ] DCAPI QuoteHisDispatcher stop begin 
2026-07-09 08:16:03,879 [INFO ] DCAPI QuoteHisDispatcher stop end 
2026-07-09 08:16:03,879 [INFO ] DCAPI QuoteRealDispatcher stop begin 
2026-07-09 08:16:03,879 [INFO ] DCAPI QuoteRealDispatcher stop end 
2026-07-09 08:16:03,879 [INFO ] DCAPI DataHisDispatcher stop begin 
2026-07-09 08:16:03,879 [INFO ] DCAPI DataHisDispatcher stop end 
2026-07-09 08:16:03,879 [INFO ] DCAPI DataRealDispatcher stop begin 
2026-07-09 08:16:03,879 [INFO ] DCAPI DataRealDispatcher stop end 
2026-07-09 08:16:03,879 [INFO ] DCAPI CommonDispatcher stop begin 
2026-07-09 08:16:03,879 [INFO ] DCAPI CommonDispatcher stop end 
2026-07-09 08:16:03,879 [DEBUG] DCAPI release ice,destory communicator success 
2026-07-09 08:16:03,879 [INFO ] DCAPI tbdcapi user=,sessionid=1,login out! 
2026-07-09 08:16:03,879 [DEBUG] DCAPI ICEAuthenProxy stop end 
2026-07-09 08:16:13,368 [INFO ] TBCommon GetFileVersionInfoSize fail,moduleName:TBCommon  
2026-07-09 08:16:13,368 [WARN ] TBPY parser_version_str rootPath=D:\software\tb,version= 
2026-07-09 08:16:13,368 [DEBUG] AuthAgent createService,jsonParam=[{"serviceName":"AuthenService","dllPath":"C:\\Users\\Administrator\\AppData\\Local\\Programs\\Python\\Python312\\Lib\\site-packages\\tbpy\\TBDataCenterAPI.dll","procName":"createAuthenService","parameter":{"online":true}},{"serviceName":"BaseService","dllPath":"C:\\Users\\Administrator\\AppData\\Local\\Programs\\Python\\Python312\\Lib\\site-packages\\tbpy\\TBDataCenterAPI.dll","procName":"createBaseService","parameter":{"online":true}},{"serviceName":"TradeService","dllPath":"C:\\Users\\Administrator\\AppData\\Local\\Programs\\Python\\Python312\\Lib\\site-packages\\tbpy\\TBDataCenterAPI.dll","procName":"createTradeService","parameter":{"online":true}},{"serviceName":"TradeSimuService","dllPath":"C:\\Users\\Administrator\\AppData\\Local\\Programs\\Python\\Python312\\Lib\\site-packages\\tbpy\\TBDataCenterAPI.dll","procName":"createTradeSimuService","parameter":{"online":true}}] 
2026-07-09 08:16:13,371 [INFO ] BaseService HolidayCache construct  
2026-07-09 08:16:13,371 [TRACE] TBCommon TradingDayCache construct 
2026-07-09 08:16:13,371 [INFO ] DCAPI QuoteHisDispatcher construct 
2026-07-09 08:16:13,371 [INFO ] DCAPI QuoteRealDispatcher construct 
2026-07-09 08:16:13,371 [INFO ] DCAPI DataHisDispatcher construct 
2026-07-09 08:16:13,371 [INFO ] DCAPI DataRealDispatcher construct 
2026-07-09 08:16:13,371 [DEBUG] AuthAgent InitService start service begin 
2026-07-09 08:16:13,371 [DEBUG] DCAPI ICEServiceManager init option=0,port= 
2026-07-09 08:16:13,371 [DEBUG] DCAPI init ice,start create communicator 
2026-07-09 08:16:13,372 [DEBUG] DCAPI createCommunicator use default config 
2026-07-09 08:16:13,391 [TRACE] DCAPI shm_info,shm=DSOFTWARETBSHM,mtx=DSOFTWARETBSHMTBPROCESSMTX,endpoint=tcp -h 127.0.0.1 -p 1870 
2026-07-09 08:16:13,394 [INFO ] DCAPI QuoteHisDispatcher start begin 
2026-07-09 08:16:13,394 [INFO ] DCAPI QuoteHisDispatcher start end 
2026-07-09 08:16:13,394 [INFO ] DCAPI QuoteRealDispatcher start begin 
2026-07-09 08:16:13,394 [INFO ] DCAPI QuoteRealDispatcher start end 
2026-07-09 08:16:13,394 [INFO ] DCAPI DataHisDispatcher start begin 
2026-07-09 08:16:13,394 [INFO ] DCAPI DataHisDispatcher start end 
2026-07-09 08:16:13,394 [INFO ] DCAPI DataRealDispatcher start begin 
2026-07-09 08:16:13,394 [INFO ] DCAPI DataRealDispatcher start end 
2026-07-09 08:16:13,394 [INFO ] DCAPI CommonDispatcher construct 
2026-07-09 08:16:13,394 [INFO ] DCAPI CommonDispatcher start begin 
2026-07-09 08:16:13,394 [INFO ] DCAPI CommonDispatcher start end 
2026-07-09 08:16:13,394 [DEBUG] DCAPI init ice,create communicator success 
2026-07-09 08:16:13,395 [INFO ] DCAPI connect tbquantdc success 
2026-07-09 08:16:13,397 [DEBUG] DCAPI ICEAuthenProxy start 
2026-07-09 08:16:13,397 [DEBUG] AuthAgent InitService start service end 
2026-07-09 08:16:13,397 [DEBUG] AuthAgent InitService end 
2026-07-09 08:16:13,397 [DEBUG] AuthAgent Login start 
2026-07-09 08:16:13,397 [DEBUG] AuthAgent Login get host begin 
2026-07-09 08:16:13,461 [TRACE] DCAPI 获取本机mac地址成功, mac:0C5B8F279A648F279A64 
2026-07-09 08:16:13,461 [DEBUG] AuthAgent Login get host end 
2026-07-09 08:16:13,461 [DEBUG] DCAPI ICEAuthenProxy login start 
2026-07-09 08:16:13,461 [INFO ] DCAPI try lock process mutex success,mutex key:1tcp-h127001-p1870 
2026-07-09 08:16:13,461 [INFO ] DCAPI 【softversion】,versionNo=3.12.3,softType=Standard,platformType=TBPYPY 
2026-07-09 08:16:13,463 [INFO ] DCAPI tbdcapi user=,sessionid=1,login success! 
2026-07-09 08:16:13,464 [DEBUG] DCAPI ICEAuthenProxy login end 
2026-07-09 08:16:13,469 [DEBUG] AuthAgent Login end 
2026-07-09 08:16:13,472 [DEBUG] DCAPI start IceDataProxy, ret=OK@ 
2026-07-09 08:16:13,473 [DEBUG] DCAPI ICETradeSimuProxy start begin 
2026-07-09 08:16:13,475 [DEBUG] DCAPI ICETradeSimuProxy start end,OK@ 
2026-07-09 08:16:14,070 [DEBUG] BaseService initBase initConfig,size=3,OK@ 
2026-07-09 08:16:14,070 [DEBUG] BaseService initBase initConfig,SimuIgnoreDelayMs=3000 
2026-07-09 08:16:14,070 [DEBUG] BaseService initBase initConfig,SimuMatchDelayMs=3000 
2026-07-09 08:16:14,070 [DEBUG] BaseService initBase initConfig,SimuLimitCancelCNT=500 
2026-07-09 08:16:14,070 [DEBUG] BaseService initBase=OK@,initMarket=OK@,initCategory=OK@,initExchange=OK@,lastBase=000001DC8375A4D0,nowBase=000001DCAA6C4CC0 
2026-07-09 08:16:14,070 [DEBUG] BaseService Market,UnknownMarket,0,,category=UnknownCategory|Bonds|Funds,exchange=UnknownExchange 
2026-07-09 08:16:14,070 [DEBUG] BaseService Market,CHNFuture,1,期货,category=Futures|Options,exchange=SHFE|DCE|CZCE|CFFEX|INE|TBFT|GFEXEX 
2026-07-09 08:16:14,070 [DEBUG] BaseService Market,CHNStock,2,股票,category=Stocks,exchange=SSE|SZSE|TBST|OTCF|BSESE 
2026-07-09 08:16:14,070 [DEBUG] BaseService Market,CHNOptions,4,期权,category=,exchange=e= 
2026-07-09 08:16:14,070 [DEBUG] BaseService Market,GlobalMarket,8,国外期货,category=ForeignFutures,exchange=CBOT|CME|NYBOT|NYMEX|SGX|TOCOM|KRX|LME|ICE|EUREX|LIFFE|BMD|SFE|TFEX|COMEX|APEX|DME|JPX|ECBOT|IPE|WORLDINDEXNDEX 
2026-07-09 08:16:14,070 [DEBUG] BaseService Market,GlobalStockMarket,16,国外证券,category=ForeignStocks,exchange=HKEX|NYSE|NASDAQ|OSE|OSE 
2026-07-09 08:16:14,070 [DEBUG] BaseService Market,CHNSpot,32,现货,category=SpotTrans,exchange=BOCE|SGEGE 
2026-07-09 08:16:14,070 [DEBUG] BaseService Market,Forexs,64,外汇,category=Forexs,exchange=FOREXEX 
2026-07-09 08:16:14,070 [DEBUG] BaseService Market,TBNews,128,资讯,category=,exchange=e= 
2026-07-09 08:16:14,070 [DEBUG] BaseService Market,CHNStockSnap,256,查询快照,category=,exchange=nge= 
2026-07-09 08:16:14,070 [DEBUG] BaseService Market,MobileMonitor,512,移动监控,category=,exchange=nge= 
2026-07-09 08:16:14,070 [DEBUG] BaseService Category,UnknownCategory,-1,未知,market=UnknownMarket,exchange=UnknownExchangege 
2026-07-09 08:16:14,070 [DEBUG] BaseService Category,Stocks,0,股票,market=CHNStock,exchange=SSE|SZSE|TBST|OTCF|BSESE 
2026-07-09 08:16:14,070 [DEBUG] BaseService Category,Futures,1,期货,market=CHNFuture,exchange=SHFE|DCE|CZCE|CFFEX|INE|TBFT|GFEXEX 
2026-07-09 08:16:14,070 [DEBUG] BaseService Category,Forexs,2,外汇,market=Forexs,exchange=FOREXEX 
2026-07-09 08:16:14,070 [DEBUG] BaseService Category,Bonds,3,债券,market=UnknownMarket,exchange=e= 
2026-07-09 08:16:14,070 [DEBUG] BaseService Category,Funds,4,基金,market=UnknownMarket,exchange=e= 
2026-07-09 08:16:14,070 [DEBUG] BaseService Category,Options,5,期权,market=CHNFuture,exchange=SHFE|DCE|CZCE|CFFEX|INE|SSE|SZSE|BSE|GFEXEX 
2026-07-09 08:16:14,070 [DEBUG] BaseService Category,SpotTrans,6,现货,market=CHNSpot,exchange=BOCE|SGEGE 
2026-07-09 08:16:14,070 [DEBUG] BaseService Category,ForeignFutures,7,外盘期货,market=GlobalMarket,exchange=CBOT|CME|NYBOT|NYMEX|HKEX|SGX|TOCOM|KRX|LME|ICE|EUREX|LIFFE|BMD|SFE|TFEX|COMEX|APEX|DME|JPX|ECBOT|IPE|WORLDINDEXNDEX 
2026-07-09 08:16:14,070 [DEBUG] BaseService Category,ForeignStocks,8,外盘股票,market=GlobalStockMarket,exchange=HKEX|NYSE|NASDAQ|OSE|OSE 
2026-07-09 08:16:14,070 [DEBUG] BaseService Exchange,UnknownExchange,-1,未知,market=UnknownMarketet 
2026-07-09 08:16:14,070 [DEBUG] BaseService Exchange,SHFE,0,上海期货交易所,market=CHNFutureNFuture 
2026-07-09 08:16:14,070 [DEBUG] BaseService Exchange,DCE,1,大连商品交易所,market=CHNFutureNFuture 
2026-07-09 08:16:14,070 [DEBUG] BaseService Exchange,CZCE,2,郑州商品交易所,market=CHNFutureNFuture 
2026-07-09 08:16:14,070 [DEBUG] BaseService Exchange,CFFEX,3,中国金融期货交易所,market=CHNFutureCHNFuture 
2026-07-09 08:16:14,070 [DEBUG] BaseService Exchange,INE,4,上海国际能源交易中心,market=CHNFuture=CHNFuture 
2026-07-09 08:16:14,071 [DEBUG] BaseService Exchange,SSE,5,上海证券交易所,market=CHNStockHNStock 
2026-07-09 08:16:14,071 [DEBUG] BaseService Exchange,SZSE,6,深圳证券交易所,market=CHNStockHNStock 
2026-07-09 08:16:14,071 [DEBUG] BaseService Exchange,BOCE,7,渤海商品交易所,market=CHNSpotCHNSpot 
2026-07-09 08:16:14,071 [DEBUG] BaseService Exchange,SGE,8,上海黄金交易所,market=CHNSpotCHNSpot 
2026-07-09 08:16:14,071 [DEBUG] BaseService Exchange,CBOT,9,芝加哥期货交易所,market=GlobalMarketalMarket 
2026-07-09 08:16:14,071 [DEBUG] BaseService Exchange,CME,10,芝加哥商业交易所,market=GlobalMarketalMarket 
2026-07-09 08:16:14,071 [DEBUG] BaseService Exchange,NYBOT,11,纽约期货交易所,market=GlobalMarketlMarket 
2026-07-09 08:16:14,071 [DEBUG] BaseService Exchange,NYMEX,12,纽约商业期货交易所,market=GlobalMarketbalMarket 
2026-07-09 08:16:14,071 [DEBUG] BaseService Exchange,HKEX,13,香港交易所,market=GlobalStockMarketarket 
2026-07-09 08:16:14,071 [DEBUG] BaseService Exchange,SGX,14,新加坡交易所,market=GlobalMarketMarket 
2026-07-09 08:16:14,071 [DEBUG] BaseService Exchange,TOCOM,15,东京商品交易所,market=GlobalMarketlMarket 
2026-07-09 08:16:14,071 [DEBUG] BaseService Exchange,KRX,16,韩国证券期货交易所,market=GlobalMarketbalMarket 
2026-07-09 08:16:14,071 [DEBUG] BaseService Exchange,LME,17,伦敦金属交易所,market=GlobalMarketlMarket 
2026-07-09 08:16:14,071 [DEBUG] BaseService Exchange,ICE,18,洲际交易所,market=GlobalMarketarket 
2026-07-09 08:16:14,071 [DEBUG] BaseService Exchange,EUREX,19,欧洲期货交易所,market=GlobalMarketlMarket 
2026-07-09 08:16:14,071 [DEBUG] BaseService Exchange,LIFFE,20,伦敦国际金融交易所,market=GlobalMarketbalMarket 
2026-07-09 08:16:14,071 [DEBUG] BaseService Exchange,BMD,21,马来西亚交易所,market=GlobalMarketlMarket 
2026-07-09 08:16:14,071 [DEBUG] BaseService Exchange,SFE,22,悉尼期货交易所,market=GlobalMarketlMarket 
2026-07-09 08:16:14,071 [DEBUG] BaseService Exchange,TFEX,23,泰国期货交易所,market=GlobalMarketlMarket 
2026-07-09 08:16:14,071 [DEBUG] BaseService Exchange,NYSE,24,纽约证券交易所,market=GlobalStockMarketkMarket 
2026-07-09 08:16:14,071 [DEBUG] BaseService Exchange,NASDAQ,25,纳斯达克,market=GlobalStockMarketrket 
2026-07-09 08:16:14,071 [DEBUG] BaseService Exchange,FOREX,26,外汇市场,market=Forexsrexs 
2026-07-09 08:16:14,071 [DEBUG] BaseService Exchange,COMEX,27,纽约金属交易所,market=GlobalMarketlMarket 
2026-07-09 08:16:14,071 [DEBUG] BaseService Exchange,APEX,28,新加坡亚太交易所,market=GlobalMarketalMarket 
2026-07-09 08:16:14,071 [DEBUG] BaseService Exchange,DME,29,迪拜商品交易所,market=GlobalMarketlMarket 
2026-07-09 08:16:14,071 [DEBUG] BaseService Exchange,JPX,30,日本交易所集团,market=GlobalMarketlMarket 
2026-07-09 08:16:14,071 [DEBUG] BaseService Exchange,ECBOT,31,芝加哥电子商品交易所,market=GlobalMarketobalMarket 
2026-07-09 08:16:14,071 [DEBUG] BaseService Exchange,IPE,32,伦敦国际石油交易所,market=GlobalMarketbalMarket 
2026-07-09 08:16:14,071 [DEBUG] BaseService Exchange,OSE,33,大阪证券交易所,market=GlobalStockMarketkMarket 
2026-07-09 08:16:14,071 [DEBUG] BaseService Exchange,WORLDINDEX,34,全球指数,market=GlobalMarketrket 
2026-07-09 08:16:14,071 [DEBUG] BaseService Exchange,TBFT,35,开拓者期货指数,market=CHNFutureNFuture 
2026-07-09 08:16:14,071 [DEBUG] BaseService Exchange,TBST,36,开拓者证券指数,market=CHNStockHNStock 
2026-07-09 08:16:14,071 [DEBUG] BaseService Exchange,OTCF,37,场外基金,market=CHNStocktock 
2026-07-09 08:16:14,071 [DEBUG] BaseService Exchange,BSE,38,北京证券交易所,market=CHNStockHNStock 
2026-07-09 08:16:14,071 [DEBUG] BaseService Exchange,GFEX,39,广州期货交易所,market=CHNFutureNFuture 
2026-07-09 08:16:14,199 [INFO ] BaseService HolidayCache construct  
2026-07-09 08:16:14,227 [TRACE] TBCommon TradingDayCache construct 
2026-07-09 08:16:14,351 [DEBUG] TBCommon RelativeSymbolCache init,srcSize=355,cacheMapSize=355,mainMapSize=6831,sndMainMapSize=4111 
2026-07-09 08:16:16,569 [DEBUG] TBCommon resetCodePropByRule crb=Futures, CodeProperties size=116671 
2026-07-09 08:16:16,569 [DEBUG] TBCommon resetCodePropByBigCate begin category=Futures, CodeProperties size=116671 
2026-07-09 08:16:16,569 [DEBUG] TBCommon CodePropertyCache clearPropByBigCate bigcate= 1,exchsize=7,exchs=SHFE;DCE;CZCE;CFFEX;INE;TBFT;GFEX; 
2026-07-09 08:16:16,800 [DEBUG] TBCommon CodePropertyCache genTimePeriodsCodes, codeEx=pfcode.SHFE,ret=OK@,dealTimesV2=|21:00-02:30;09:00-11:30;13:00-15:15;||||| 
2026-07-09 08:16:16,800 [DEBUG] TBCommon resetCodePropByBigCate end category=Futures 
2026-07-09 08:16:16,800 [DEBUG] TBCommon  TradingDayCache refreshCodeInfo:Futures 
2026-07-09 08:16:16,819 [DEBUG] TBCommon  TradingDayCache refreshCodeInfo:Futures 
2026-07-09 08:16:16,819 [DEBUG] TBCommon  TradingDayCache refreshCodeInfo:Stocks 
2026-07-09 08:16:16,819 [DEBUG] TBCommon  TradingDayCache refreshCodeInfo:Options 
2026-07-09 08:16:16,819 [DEBUG] TBCommon  TradingDayCache refreshCodeInfo:ForeignFutures 
2026-07-09 08:16:16,824 [TRACE] TBCommon CodePropertyCache getSpecialCodeIDs type=次连类型,size=88,codes=ad777.SHFE;i9777.DCE;PL777.CZCE;CF777.CZCE;LR777.CZCE;pb777.SHFE;RI777.CZCE;au777.SHFE;jm777.DCE;ec777.INE;op777.SHFE;WH777.CZCE;hc777.SHFE;lc777.GFEX;UR777.CZCE;ni777.SHFE;fb777.DCE;SH777.CZCE;eg777.DCE;pt777.GFEX;bb777.DCE;ss777.SHFE;HFE;p9777.DCE;jd777.DCE;rb777.SHFE;ru777.SHFE;SA777.CZCE;IM777.CFFEX;eb777.DCE;IH777.CFFEX;SF777.CZCE;AP777.CZCE;c9777.DCE;rr777.DCE;bz777.DCE;ps777.GFEX;TL777.CFFEX;SM777.CZCE;TA777.CZCE;IF777.CFFEX;PF777.CZCE;IC777.CFFEX;sp777.SHFE;lh777.DCE;CJ777.CZCE;zn777.SHFE;RM777.CZCE;lg777.DCE;a9777.DCE;PR777.CZCE;si777.GFEX;PM777.CZCE;cu777.SHFE;v9777.DCE;PX777.CZCE;MA777.CZCE;RS777.CZCE;m9777.DCE;fu777.SHFE;JR777.CZCE;TS777.CFFEX;PK777.CZCE;lu777.INE;b9777.DCE;TF777.CFFEX;l9777.DCE;pd777.GFEX;y9777.DCE;OI777.CZCE;FG777.CZCE;T9777.CFFEX;pg777.DCE;pp777.DCE;br777.SHFE;j9777.DCE;al777.SHFE;cs777.DCE;sn777.SHFE;wr777.SHFE;bu777.SHFE;nr777.INE;SR777.CZCE;ZC777.CZCE;CY777.CZCE;sc777.INE;bc777.INE;ag777.SHFE;ao777.SHFE; 
2026-07-09 08:16:16,905 [TRACE] TBCommon CodePropertyCache getSpecialCodeIDs type=连续类型,size=244,codes=SR3888.CME;ZC888.CZCE;cu888.SHFE;QG888.NYMEX;MHI888.HKEX;MTN888.HKEX;SB888.ICE;MGN888.HKEX;lu888.INE;PK888.CZCE;PF888.CZCE;6J888.CME;LE888.CME;CNC888.HKEX;FEQ888.HKEX;MXC888.HKEX;NG888.NYMEX;CY888.CZCE;NKD888.CME;CCC888.HKEX;ZR888.CBOTCBOT;YM888.CBOT;PR888.CZCE;T9888.ICE;sp888.SHFE;m9888.DCE;RB888.NYMEX;ALI888.COMEX;6B888.CME;l9888.DCE;rb888.SHFE;MIN888.HKEX;CJ888.CZCE;i9888.DCE;pb888.SHFE;MNZ888.HKEX;MMN888.HKEX;bz888.DCE;CHT888.HKEX;MET888.HKEX;TN888.CBOT;IF888.CFFEX;ZL888.CBOT;MCA888.HKEX;KE888.CBOT;NQ888.CME;TF888.CFFEX;IU888.SGX;ICB888.HKEX;lg888.DCE;JDC888.HKEX;CEU888.HKEX;v9888.DCE;EAN888.HKEX;ZB888.CBOT;MPN888.HKEX;SIL888.COMEX;CTC888.HKEX;cs888.DCE;GC888.COMEX;QO888.COMEX;MNQ888.CME;CLI888.HKEX;hc888.SHFE;MVN888.HKEX;ZF888.CBOT;nr888.INE;XW888.CBOT;MCL888.NYMEX;BOC888.HKEX;PL888.NYMEX;QI888.COMEX;RM888.CZCE;PA888.NYMEX;p9888.DCE;MAN888.HKEX;MIA888.HKEX;CCB888.HKEX;MA888.CZCE;KC888.ICE;fu888.SHFE;PEC888.HKEX;pt888.GFEX;RS888.CZCE;PX888.CZCE;M2K888.CME;CT888.ICE;6N888.CME;GAS888.ICE;ps888.GFEX;ZO888.CBOT;op888.SHFE;IM888.CFFEX;6A888.CME;MTW888.HKEX;MXK888.HKEX;UR888.CZCE;MEE888.HKEX;HG888.COMEX;eb888.DCE;a9888.DCE;ZC888.CBOT;FG888.CZCE;rr888.DCE;j9888.DCE;SM888.CZCE;bu888.SHFE;ag888.SHFE;PAI888.HKEX;b9888.DCE;ZM888.CBOT;br888.SHFE;AP888.CZCE;bb888.DCE;SI888.COMEX;pd888.GFEX;CHH888.HKEX;pg888.DCE;CUS888.HKEX;SH888.CZCE;sc888.INE;ZS888.CBOT;QC888.COMEX;fb888.DCE;OI888.CZCE;MVI888.HKEX;ru888.SHFE;BRN888.ICE;RTY888.CME;HHI888.HKEX;SR888.CZCE;y9888.DCE;MCH888.HKEX;HSI888.HKEX;sn888.SHFE;SAS888.CBOT;PIC888.HKEX;MPC888.HKEX;pp888.DCE;MAK888.HKEX;au888.SHFE;MHK888.HKEX;MPS888.HKEX;T9888.CFFEX;ALB888.HKEX;IH888.CFFEX;lc888.GFEX;IC888.CFFEX;MYM888.CBOT;FEM888.HKEX;TS888.CFFEX;MMA888.HKEX;TA888.CZCE;lh888.DCE;6M888.CME;MPJ888.HKEX;W9888.ICE;ZT888.CBOT;NK888.SGX;ao888.SHFE;MGC888.COMEX;GF888.CME;c9888.DCE;MND888.HKEX;6L888.CME;MWN888.HKEX;JR888.CZCE;BZ888.NYMEX;MDN888.HKEX;zn888.SHFE;UHO888.ICE;NTE888.HKEX;CIN888.HKEX;PM888.CZCE;KU888.SGX;HKB888.HKEX;CAU888.HKEX;MEL888.HKEX;RC888.ICE;bc888.INE;ss888.SHFE;ni888.SHFE;al888.SHFE;EMN888.HKEX;jm888.DCE;C9888.ICE;A50888.HKEX;jd888.DCE;NIY888.CME;UIN888.HKEX;TL888.CFFEX;HO888.NYMEX;ec888.INE;XC888.CBOT;wr888.SHFE;MEI888.HKEX;CNH888.CME;CSA888.HKEX;SF888.CZCE;XK888.CBOT;DX888.ICE;GWM888.HKEX;HEX888.HKEX;HE888.CME;AMC888.HKEX;SGP888.SGX;FEF888.SGX;MJU888.HKEX;MES888.CME;eg888.DCE;6C888.CME;TWR888.HKEX;CPC888.HKEX;ZN888.CBOT;si888.GFEX;6E888.CME;MAC888.HKEX;ZW888.CBOT;WH888.CZCE;PL888.CZCE;LBR888.CME;RI888.CZCE;QM888.NYMEX;6S888.CME;CC888.ICE;CMB888.HKEX;TCH888.HKEX;TWN888.SGX;SA888.CZCE;HTI888.HKEX;ad888.SHFE;BUD888.HKEX;MTD888.HKEX;MSN888.HKEX;MIU888.HKEX;CF888.CZCE;CL888.NYMEX;LR888.CZCE;TF888.SGX;ES888.CME;OJ888.ICE;CN888.SGX;UC888.SGX;CJP888.HKEX; 
2026-07-09 08:17:21,971 [DEBUG] Event ,setName 
2026-07-09 08:17:22,360 [DEBUG] DCAPI ICETradeProxy stop begin 
2026-07-09 08:17:22,363 [DEBUG] DCAPI ICETradeProxy stop end 
2026-07-09 08:17:22,363 [DEBUG] DCAPI ICETradeSimuProxy stop begin 
2026-07-09 08:17:22,364 [DEBUG] DCAPI ICETradeSimuProxy stop end 
2026-07-09 08:17:22,364 [DEBUG] DCAPI ICEBaseProxy stop begin 
2026-07-09 08:17:22,364 [DEBUG] DCAPI IceDataProxy stop begin 
2026-07-09 08:17:22,365 [DEBUG] DCAPI IceDataProxy stop end ret=OK@ 
2026-07-09 08:17:22,365 [DEBUG] DCAPI ICEBaseProxy stop end 
2026-07-09 08:17:22,365 [DEBUG] DCAPI ICEAuthenProxy stop begin 
2026-07-09 08:17:22,367 [DEBUG] DCAPI release ice,destory communicator start 
2026-07-09 08:17:22,367 [INFO ] DCAPI connect tbquantdc success 
2026-07-09 08:17:22,369 [INFO ] DCAPI QuoteHisDispatcher stop begin 
2026-07-09 08:17:22,369 [INFO ] DCAPI QuoteHisDispatcher stop end 
2026-07-09 08:17:22,369 [INFO ] DCAPI QuoteRealDispatcher stop begin 
2026-07-09 08:17:22,369 [INFO ] DCAPI QuoteRealDispatcher stop end 
2026-07-09 08:17:22,369 [INFO ] DCAPI DataHisDispatcher stop begin 
2026-07-09 08:17:22,369 [INFO ] DCAPI DataHisDispatcher stop end 
2026-07-09 08:17:22,369 [INFO ] DCAPI DataRealDispatcher stop begin 
2026-07-09 08:17:22,369 [INFO ] DCAPI DataRealDispatcher stop end 
2026-07-09 08:17:22,369 [INFO ] DCAPI CommonDispatcher stop begin 
2026-07-09 08:17:22,370 [INFO ] DCAPI CommonDispatcher stop end 
2026-07-09 08:17:22,370 [DEBUG] DCAPI release ice,destory communicator success 
2026-07-09 08:17:22,370 [INFO ] DCAPI tbdcapi user=,sessionid=1,login out! 
2026-07-09 08:17:22,370 [DEBUG] DCAPI ICEAuthenProxy stop end 
2026-07-09 08:19:57,675 [INFO ] TBCommon GetFileVersionInfoSize fail,moduleName:TBCommon  
2026-07-09 08:19:57,675 [WARN ] TBPY parser_version_str rootPath=D:\software\tb,version= 
2026-07-09 08:19:57,676 [DEBUG] AuthAgent createService,jsonParam=[{"serviceName":"AuthenService","dllPath":"C:\\Users\\Administrator\\AppData\\Local\\Programs\\Python\\Python312\\Lib\\site-packages\\tbpy\\TBDataCenterAPI.dll","procName":"createAuthenService","parameter":{"online":true}},{"serviceName":"BaseService","dllPath":"C:\\Users\\Administrator\\AppData\\Local\\Programs\\Python\\Python312\\Lib\\site-packages\\tbpy\\TBDataCenterAPI.dll","procName":"createBaseService","parameter":{"online":true}},{"serviceName":"TradeService","dllPath":"C:\\Users\\Administrator\\AppData\\Local\\Programs\\Python\\Python312\\Lib\\site-packages\\tbpy\\TBDataCenterAPI.dll","procName":"createTradeService","parameter":{"online":true}},{"serviceName":"TradeSimuService","dllPath":"C:\\Users\\Administrator\\AppData\\Local\\Programs\\Python\\Python312\\Lib\\site-packages\\tbpy\\TBDataCenterAPI.dll","procName":"createTradeSimuService","parameter":{"online":true}}] 
2026-07-09 08:19:57,679 [INFO ] BaseService HolidayCache construct  
2026-07-09 08:19:57,679 [TRACE] TBCommon TradingDayCache construct 
2026-07-09 08:19:57,679 [INFO ] DCAPI QuoteHisDispatcher construct 
2026-07-09 08:19:57,679 [INFO ] DCAPI QuoteRealDispatcher construct 
2026-07-09 08:19:57,679 [INFO ] DCAPI DataHisDispatcher construct 
2026-07-09 08:19:57,679 [INFO ] DCAPI DataRealDispatcher construct 
2026-07-09 08:19:57,679 [DEBUG] AuthAgent InitService start service begin 
2026-07-09 08:19:57,679 [DEBUG] DCAPI ICEServiceManager init option=0,port= 
2026-07-09 08:19:57,679 [DEBUG] DCAPI init ice,start create communicator 
2026-07-09 08:19:57,680 [DEBUG] DCAPI createCommunicator use default config 
2026-07-09 08:19:57,705 [TRACE] DCAPI shm_info,shm=DSOFTWARETBSHM,mtx=DSOFTWARETBSHMTBPROCESSMTX,endpoint=tcp -h 127.0.0.1 -p 1870 
2026-07-09 08:19:57,707 [INFO ] DCAPI QuoteHisDispatcher start begin 
2026-07-09 08:19:57,707 [INFO ] DCAPI QuoteHisDispatcher start end 
2026-07-09 08:19:57,707 [INFO ] DCAPI QuoteRealDispatcher start begin 
2026-07-09 08:19:57,707 [INFO ] DCAPI QuoteRealDispatcher start end 
2026-07-09 08:19:57,707 [INFO ] DCAPI DataHisDispatcher start begin 
2026-07-09 08:19:57,707 [INFO ] DCAPI DataHisDispatcher start end 
2026-07-09 08:19:57,707 [INFO ] DCAPI DataRealDispatcher start begin 
2026-07-09 08:19:57,707 [INFO ] DCAPI DataRealDispatcher start end 
2026-07-09 08:19:57,707 [INFO ] DCAPI CommonDispatcher construct 
2026-07-09 08:19:57,707 [INFO ] DCAPI CommonDispatcher start begin 
2026-07-09 08:19:57,707 [INFO ] DCAPI CommonDispatcher start end 
2026-07-09 08:19:57,707 [DEBUG] DCAPI init ice,create communicator success 
2026-07-09 08:19:57,710 [INFO ] DCAPI connect tbquantdc success 
2026-07-09 08:19:57,712 [DEBUG] DCAPI ICEAuthenProxy start 
2026-07-09 08:19:57,712 [DEBUG] AuthAgent InitService start service end 
2026-07-09 08:19:57,712 [DEBUG] AuthAgent InitService end 
2026-07-09 08:19:57,712 [DEBUG] AuthAgent Login start 
2026-07-09 08:19:57,712 [DEBUG] AuthAgent Login get host begin 
2026-07-09 08:19:57,839 [TRACE] DCAPI 获取本机mac地址成功, mac:0C5B8F279A648F279A64 
2026-07-09 08:19:57,839 [DEBUG] AuthAgent Login get host end 
2026-07-09 08:19:57,839 [DEBUG] DCAPI ICEAuthenProxy login start 
2026-07-09 08:19:57,839 [INFO ] DCAPI try lock process mutex success,mutex key:1tcp-h127001-p1870 
2026-07-09 08:19:57,839 [INFO ] DCAPI 【softversion】,versionNo=3.12.3,softType=Standard,platformType=TBPYPY 
2026-07-09 08:19:57,841 [INFO ] DCAPI tbdcapi user=,sessionid=1,login success! 
2026-07-09 08:19:57,842 [DEBUG] DCAPI ICEAuthenProxy login end 
2026-07-09 08:19:57,846 [DEBUG] AuthAgent Login end 
2026-07-09 08:19:57,847 [DEBUG] DCAPI start IceDataProxy, ret=OK@ 
2026-07-09 08:19:57,848 [DEBUG] DCAPI ICETradeSimuProxy start begin 
2026-07-09 08:19:57,848 [DEBUG] DCAPI ICETradeSimuProxy start end,OK@ 
2026-07-09 08:19:58,326 [DEBUG] BaseService initBase initConfig,size=3,OK@ 
2026-07-09 08:19:58,327 [DEBUG] BaseService initBase initConfig,SimuIgnoreDelayMs=3000 
2026-07-09 08:19:58,327 [DEBUG] BaseService initBase initConfig,SimuMatchDelayMs=3000 
2026-07-09 08:19:58,327 [DEBUG] BaseService initBase initConfig,SimuLimitCancelCNT=500 
2026-07-09 08:19:58,327 [DEBUG] BaseService initBase=OK@,initMarket=OK@,initCategory=OK@,initExchange=OK@,lastBase=00000216DFE5ED20,nowBase=00000216DFE5FF20 
2026-07-09 08:19:58,327 [DEBUG] BaseService Market,UnknownMarket,0,,category=UnknownCategory|Bonds|Funds,exchange=UnknownExchange 
2026-07-09 08:19:58,327 [DEBUG] BaseService Market,CHNFuture,1,期货,category=Futures|Options,exchange=SHFE|DCE|CZCE|CFFEX|INE|TBFT|GFEXEX 
2026-07-09 08:19:58,327 [DEBUG] BaseService Market,CHNStock,2,股票,category=Stocks,exchange=SSE|SZSE|TBST|OTCF|BSESE 
2026-07-09 08:19:58,327 [DEBUG] BaseService Market,CHNOptions,4,期权,category=,exchange=e= 
2026-07-09 08:19:58,327 [DEBUG] BaseService Market,GlobalMarket,8,国外期货,category=ForeignFutures,exchange=CBOT|CME|NYBOT|NYMEX|SGX|TOCOM|KRX|LME|ICE|EUREX|LIFFE|BMD|SFE|TFEX|COMEX|APEX|DME|JPX|ECBOT|IPE|WORLDINDEXNDEX 
2026-07-09 08:19:58,327 [DEBUG] BaseService Market,GlobalStockMarket,16,国外证券,category=ForeignStocks,exchange=HKEX|NYSE|NASDAQ|OSE|OSE 
2026-07-09 08:19:58,327 [DEBUG] BaseService Market,CHNSpot,32,现货,category=SpotTrans,exchange=BOCE|SGEGE 
2026-07-09 08:19:58,327 [DEBUG] BaseService Market,Forexs,64,外汇,category=Forexs,exchange=FOREXEX 
2026-07-09 08:19:58,327 [DEBUG] BaseService Market,TBNews,128,资讯,category=,exchange=e= 
2026-07-09 08:19:58,327 [DEBUG] BaseService Market,CHNStockSnap,256,查询快照,category=,exchange=nge= 
2026-07-09 08:19:58,327 [DEBUG] BaseService Market,MobileMonitor,512,移动监控,category=,exchange=nge= 
2026-07-09 08:19:58,327 [DEBUG] BaseService Category,UnknownCategory,-1,未知,market=UnknownMarket,exchange=UnknownExchangege 
2026-07-09 08:19:58,327 [DEBUG] BaseService Category,Stocks,0,股票,market=CHNStock,exchange=SSE|SZSE|TBST|OTCF|BSESE 
2026-07-09 08:19:58,327 [DEBUG] BaseService Category,Futures,1,期货,market=CHNFuture,exchange=SHFE|DCE|CZCE|CFFEX|INE|TBFT|GFEXEX 
2026-07-09 08:19:58,327 [DEBUG] BaseService Category,Forexs,2,外汇,market=Forexs,exchange=FOREXEX 
2026-07-09 08:19:58,327 [DEBUG] BaseService Category,Bonds,3,债券,market=UnknownMarket,exchange=e= 
2026-07-09 08:19:58,327 [DEBUG] BaseService Category,Funds,4,基金,market=UnknownMarket,exchange=e= 
2026-07-09 08:19:58,327 [DEBUG] BaseService Category,Options,5,期权,market=CHNFuture,exchange=SHFE|DCE|CZCE|CFFEX|INE|SSE|SZSE|BSE|GFEXEX 
2026-07-09 08:19:58,327 [DEBUG] BaseService Category,SpotTrans,6,现货,market=CHNSpot,exchange=BOCE|SGEGE 
2026-07-09 08:19:58,327 [DEBUG] BaseService Category,ForeignFutures,7,外盘期货,market=GlobalMarket,exchange=CBOT|CME|NYBOT|NYMEX|HKEX|SGX|TOCOM|KRX|LME|ICE|EUREX|LIFFE|BMD|SFE|TFEX|COMEX|APEX|DME|JPX|ECBOT|IPE|WORLDINDEXNDEX 
2026-07-09 08:19:58,327 [DEBUG] BaseService Category,ForeignStocks,8,外盘股票,market=GlobalStockMarket,exchange=HKEX|NYSE|NASDAQ|OSE|OSE 
2026-07-09 08:19:58,327 [DEBUG] BaseService Exchange,UnknownExchange,-1,未知,market=UnknownMarketet 
2026-07-09 08:19:58,327 [DEBUG] BaseService Exchange,SHFE,0,上海期货交易所,market=CHNFutureNFuture 
2026-07-09 08:19:58,327 [DEBUG] BaseService Exchange,DCE,1,大连商品交易所,market=CHNFutureNFuture 
2026-07-09 08:19:58,327 [DEBUG] BaseService Exchange,CZCE,2,郑州商品交易所,market=CHNFutureNFuture 
2026-07-09 08:19:58,327 [DEBUG] BaseService Exchange,CFFEX,3,中国金融期货交易所,market=CHNFutureCHNFuture 
2026-07-09 08:19:58,327 [DEBUG] BaseService Exchange,INE,4,上海国际能源交易中心,market=CHNFuture=CHNFuture 
2026-07-09 08:19:58,327 [DEBUG] BaseService Exchange,SSE,5,上海证券交易所,market=CHNStockHNStock 
2026-07-09 08:19:58,327 [DEBUG] BaseService Exchange,SZSE,6,深圳证券交易所,market=CHNStockHNStock 
2026-07-09 08:19:58,327 [DEBUG] BaseService Exchange,BOCE,7,渤海商品交易所,market=CHNSpotCHNSpot 
2026-07-09 08:19:58,327 [DEBUG] BaseService Exchange,SGE,8,上海黄金交易所,market=CHNSpotCHNSpot 
2026-07-09 08:19:58,327 [DEBUG] BaseService Exchange,CBOT,9,芝加哥期货交易所,market=GlobalMarketalMarket 
2026-07-09 08:19:58,327 [DEBUG] BaseService Exchange,CME,10,芝加哥商业交易所,market=GlobalMarketalMarket 
2026-07-09 08:19:58,327 [DEBUG] BaseService Exchange,NYBOT,11,纽约期货交易所,market=GlobalMarketlMarket 
2026-07-09 08:19:58,327 [DEBUG] BaseService Exchange,NYMEX,12,纽约商业期货交易所,market=GlobalMarketbalMarket 
2026-07-09 08:19:58,327 [DEBUG] BaseService Exchange,HKEX,13,香港交易所,market=GlobalStockMarketarket 
2026-07-09 08:19:58,327 [DEBUG] BaseService Exchange,SGX,14,新加坡交易所,market=GlobalMarketMarket 
2026-07-09 08:19:58,327 [DEBUG] BaseService Exchange,TOCOM,15,东京商品交易所,market=GlobalMarketlMarket 
2026-07-09 08:19:58,327 [DEBUG] BaseService Exchange,KRX,16,韩国证券期货交易所,market=GlobalMarketbalMarket 
2026-07-09 08:19:58,327 [DEBUG] BaseService Exchange,LME,17,伦敦金属交易所,market=GlobalMarketlMarket 
2026-07-09 08:19:58,327 [DEBUG] BaseService Exchange,ICE,18,洲际交易所,market=GlobalMarketarket 
2026-07-09 08:19:58,327 [DEBUG] BaseService Exchange,EUREX,19,欧洲期货交易所,market=GlobalMarketlMarket 
2026-07-09 08:19:58,327 [DEBUG] BaseService Exchange,LIFFE,20,伦敦国际金融交易所,market=GlobalMarketbalMarket 
2026-07-09 08:19:58,327 [DEBUG] BaseService Exchange,BMD,21,马来西亚交易所,market=GlobalMarketlMarket 
2026-07-09 08:19:58,327 [DEBUG] BaseService Exchange,SFE,22,悉尼期货交易所,market=GlobalMarketlMarket 
2026-07-09 08:19:58,327 [DEBUG] BaseService Exchange,TFEX,23,泰国期货交易所,market=GlobalMarketlMarket 
2026-07-09 08:19:58,327 [DEBUG] BaseService Exchange,NYSE,24,纽约证券交易所,market=GlobalStockMarketkMarket 
2026-07-09 08:19:58,327 [DEBUG] BaseService Exchange,NASDAQ,25,纳斯达克,market=GlobalStockMarketrket 
2026-07-09 08:19:58,327 [DEBUG] BaseService Exchange,FOREX,26,外汇市场,market=Forexsrexs 
2026-07-09 08:19:58,327 [DEBUG] BaseService Exchange,COMEX,27,纽约金属交易所,market=GlobalMarketlMarket 
2026-07-09 08:19:58,327 [DEBUG] BaseService Exchange,APEX,28,新加坡亚太交易所,market=GlobalMarketalMarket 
2026-07-09 08:19:58,327 [DEBUG] BaseService Exchange,DME,29,迪拜商品交易所,market=GlobalMarketlMarket 
2026-07-09 08:19:58,327 [DEBUG] BaseService Exchange,JPX,30,日本交易所集团,market=GlobalMarketlMarket 
2026-07-09 08:19:58,327 [DEBUG] BaseService Exchange,ECBOT,31,芝加哥电子商品交易所,market=GlobalMarketobalMarket 
2026-07-09 08:19:58,327 [DEBUG] BaseService Exchange,IPE,32,伦敦国际石油交易所,market=GlobalMarketbalMarket 
2026-07-09 08:19:58,327 [DEBUG] BaseService Exchange,OSE,33,大阪证券交易所,market=GlobalStockMarketkMarket 
2026-07-09 08:19:58,327 [DEBUG] BaseService Exchange,WORLDINDEX,34,全球指数,market=GlobalMarketrket 
2026-07-09 08:19:58,327 [DEBUG] BaseService Exchange,TBFT,35,开拓者期货指数,market=CHNFutureNFuture 
2026-07-09 08:19:58,327 [DEBUG] BaseService Exchange,TBST,36,开拓者证券指数,market=CHNStockHNStock 
2026-07-09 08:19:58,327 [DEBUG] BaseService Exchange,OTCF,37,场外基金,market=CHNStocktock 
2026-07-09 08:19:58,327 [DEBUG] BaseService Exchange,BSE,38,北京证券交易所,market=CHNStockHNStock 
2026-07-09 08:19:58,327 [DEBUG] BaseService Exchange,GFEX,39,广州期货交易所,market=CHNFutureNFuture 
2026-07-09 08:19:58,449 [INFO ] BaseService HolidayCache construct  
2026-07-09 08:19:58,476 [TRACE] TBCommon TradingDayCache construct 
2026-07-09 08:19:58,585 [DEBUG] TBCommon RelativeSymbolCache init,srcSize=355,cacheMapSize=355,mainMapSize=6831,sndMainMapSize=4111 
2026-07-09 08:20:00,738 [DEBUG] TBCommon resetCodePropByRule crb=Futures, CodeProperties size=116671 
2026-07-09 08:20:00,738 [DEBUG] TBCommon resetCodePropByBigCate begin category=Futures, CodeProperties size=116671 
2026-07-09 08:20:00,738 [DEBUG] TBCommon CodePropertyCache clearPropByBigCate bigcate= 1,exchsize=7,exchs=SHFE;DCE;CZCE;CFFEX;INE;TBFT;GFEX; 
2026-07-09 08:20:00,947 [DEBUG] TBCommon CodePropertyCache genTimePeriodsCodes, codeEx=pfcode.SHFE,ret=OK@,dealTimesV2=|21:00-02:30;09:00-11:30;13:00-15:15;||||| 
2026-07-09 08:20:00,947 [DEBUG] TBCommon resetCodePropByBigCate end category=Futures 
2026-07-09 08:20:00,947 [DEBUG] TBCommon  TradingDayCache refreshCodeInfo:Futures 
2026-07-09 08:20:00,962 [DEBUG] TBCommon  TradingDayCache refreshCodeInfo:Futures 
2026-07-09 08:20:00,962 [DEBUG] TBCommon  TradingDayCache refreshCodeInfo:Stocks 
2026-07-09 08:20:00,962 [DEBUG] TBCommon  TradingDayCache refreshCodeInfo:Options 
2026-07-09 08:20:00,962 [DEBUG] TBCommon  TradingDayCache refreshCodeInfo:ForeignFutures 
2026-07-09 08:20:00,965 [TRACE] TBCommon CodePropertyCache getSpecialCodeIDs type=次连类型,size=88,codes=ad777.SHFE;i9777.DCE;PL777.CZCE;CF777.CZCE;LR777.CZCE;pb777.SHFE;RI777.CZCE;au777.SHFE;jm777.DCE;ec777.INE;op777.SHFE;WH777.CZCE;hc777.SHFE;lc777.GFEX;UR777.CZCE;ni777.SHFE;fb777.DCE;SH777.CZCE;eg777.DCE;pt777.GFEX;bb777.DCE;ss777.SHFE;HFE;p9777.DCE;jd777.DCE;rb777.SHFE;ru777.SHFE;SA777.CZCE;IM777.CFFEX;eb777.DCE;IH777.CFFEX;SF777.CZCE;AP777.CZCE;c9777.DCE;rr777.DCE;bz777.DCE;ps777.GFEX;TL777.CFFEX;SM777.CZCE;TA777.CZCE;IF777.CFFEX;PF777.CZCE;IC777.CFFEX;sp777.SHFE;lh777.DCE;CJ777.CZCE;zn777.SHFE;RM777.CZCE;lg777.DCE;a9777.DCE;PR777.CZCE;si777.GFEX;PM777.CZCE;cu777.SHFE;v9777.DCE;PX777.CZCE;MA777.CZCE;RS777.CZCE;m9777.DCE;fu777.SHFE;JR777.CZCE;TS777.CFFEX;PK777.CZCE;lu777.INE;b9777.DCE;TF777.CFFEX;l9777.DCE;pd777.GFEX;y9777.DCE;OI777.CZCE;FG777.CZCE;T9777.CFFEX;pg777.DCE;pp777.DCE;br777.SHFE;j9777.DCE;al777.SHFE;cs777.DCE;sn777.SHFE;wr777.SHFE;bu777.SHFE;nr777.INE;SR777.CZCE;ZC777.CZCE;CY777.CZCE;sc777.INE;bc777.INE;ag777.SHFE;ao777.SHFE; 
2026-07-09 08:20:01,033 [TRACE] TBCommon CodePropertyCache getSpecialCodeIDs type=连续类型,size=244,codes=SR3888.CME;ZC888.CZCE;cu888.SHFE;QG888.NYMEX;MHI888.HKEX;MTN888.HKEX;SB888.ICE;MGN888.HKEX;lu888.INE;PK888.CZCE;PF888.CZCE;6J888.CME;LE888.CME;CNC888.HKEX;FEQ888.HKEX;MXC888.HKEX;NG888.NYMEX;CY888.CZCE;NKD888.CME;CCC888.HKEX;ZR888.CBOTCBOT;YM888.CBOT;PR888.CZCE;T9888.ICE;sp888.SHFE;m9888.DCE;RB888.NYMEX;ALI888.COMEX;6B888.CME;l9888.DCE;rb888.SHFE;MIN888.HKEX;CJ888.CZCE;i9888.DCE;pb888.SHFE;MNZ888.HKEX;MMN888.HKEX;bz888.DCE;CHT888.HKEX;MET888.HKEX;TN888.CBOT;IF888.CFFEX;ZL888.CBOT;MCA888.HKEX;KE888.CBOT;NQ888.CME;TF888.CFFEX;IU888.SGX;ICB888.HKEX;lg888.DCE;JDC888.HKEX;CEU888.HKEX;v9888.DCE;EAN888.HKEX;ZB888.CBOT;MPN888.HKEX;SIL888.COMEX;CTC888.HKEX;cs888.DCE;GC888.COMEX;QO888.COMEX;MNQ888.CME;CLI888.HKEX;hc888.SHFE;MVN888.HKEX;ZF888.CBOT;nr888.INE;XW888.CBOT;MCL888.NYMEX;BOC888.HKEX;PL888.NYMEX;QI888.COMEX;RM888.CZCE;PA888.NYMEX;p9888.DCE;MAN888.HKEX;MIA888.HKEX;CCB888.HKEX;MA888.CZCE;KC888.ICE;fu888.SHFE;PEC888.HKEX;pt888.GFEX;RS888.CZCE;PX888.CZCE;M2K888.CME;CT888.ICE;6N888.CME;GAS888.ICE;ps888.GFEX;ZO888.CBOT;op888.SHFE;IM888.CFFEX;6A888.CME;MTW888.HKEX;MXK888.HKEX;UR888.CZCE;MEE888.HKEX;HG888.COMEX;eb888.DCE;a9888.DCE;ZC888.CBOT;FG888.CZCE;rr888.DCE;j9888.DCE;SM888.CZCE;bu888.SHFE;ag888.SHFE;PAI888.HKEX;b9888.DCE;ZM888.CBOT;br888.SHFE;AP888.CZCE;bb888.DCE;SI888.COMEX;pd888.GFEX;CHH888.HKEX;pg888.DCE;CUS888.HKEX;SH888.CZCE;sc888.INE;ZS888.CBOT;QC888.COMEX;fb888.DCE;OI888.CZCE;MVI888.HKEX;ru888.SHFE;BRN888.ICE;RTY888.CME;HHI888.HKEX;SR888.CZCE;y9888.DCE;MCH888.HKEX;HSI888.HKEX;sn888.SHFE;SAS888.CBOT;PIC888.HKEX;MPC888.HKEX;pp888.DCE;MAK888.HKEX;au888.SHFE;MHK888.HKEX;MPS888.HKEX;T9888.CFFEX;ALB888.HKEX;IH888.CFFEX;lc888.GFEX;IC888.CFFEX;MYM888.CBOT;FEM888.HKEX;TS888.CFFEX;MMA888.HKEX;TA888.CZCE;lh888.DCE;6M888.CME;MPJ888.HKEX;W9888.ICE;ZT888.CBOT;NK888.SGX;ao888.SHFE;MGC888.COMEX;GF888.CME;c9888.DCE;MND888.HKEX;6L888.CME;MWN888.HKEX;JR888.CZCE;BZ888.NYMEX;MDN888.HKEX;zn888.SHFE;UHO888.ICE;NTE888.HKEX;CIN888.HKEX;PM888.CZCE;KU888.SGX;HKB888.HKEX;CAU888.HKEX;MEL888.HKEX;RC888.ICE;bc888.INE;ss888.SHFE;ni888.SHFE;al888.SHFE;EMN888.HKEX;jm888.DCE;C9888.ICE;A50888.HKEX;jd888.DCE;NIY888.CME;UIN888.HKEX;TL888.CFFEX;HO888.NYMEX;ec888.INE;XC888.CBOT;wr888.SHFE;MEI888.HKEX;CNH888.CME;CSA888.HKEX;SF888.CZCE;XK888.CBOT;DX888.ICE;GWM888.HKEX;HEX888.HKEX;HE888.CME;AMC888.HKEX;SGP888.SGX;FEF888.SGX;MJU888.HKEX;MES888.CME;eg888.DCE;6C888.CME;TWR888.HKEX;CPC888.HKEX;ZN888.CBOT;si888.GFEX;6E888.CME;MAC888.HKEX;ZW888.CBOT;WH888.CZCE;PL888.CZCE;LBR888.CME;RI888.CZCE;QM888.NYMEX;6S888.CME;CC888.ICE;CMB888.HKEX;TCH888.HKEX;TWN888.SGX;SA888.CZCE;HTI888.HKEX;ad888.SHFE;BUD888.HKEX;MTD888.HKEX;MSN888.HKEX;MIU888.HKEX;CF888.CZCE;CL888.NYMEX;LR888.CZCE;TF888.SGX;ES888.CME;OJ888.ICE;CN888.SGX;UC888.SGX;CJP888.HKEX; 
2026-07-09 08:20:01,081 [DEBUG] Event ,setName 
2026-07-09 08:20:01,537 [DEBUG] DCAPI ICETradeProxy stop begin 
2026-07-09 08:20:01,539 [DEBUG] DCAPI ICETradeProxy stop end 
2026-07-09 08:20:01,540 [DEBUG] DCAPI ICETradeSimuProxy stop begin 
2026-07-09 08:20:01,540 [DEBUG] DCAPI ICETradeSimuProxy stop end 
2026-07-09 08:20:01,540 [DEBUG] DCAPI ICEBaseProxy stop begin 
2026-07-09 08:20:01,540 [DEBUG] DCAPI IceDataProxy stop begin 
2026-07-09 08:20:01,542 [DEBUG] DCAPI IceDataProxy stop end ret=OK@ 
2026-07-09 08:20:01,542 [DEBUG] DCAPI ICEBaseProxy stop end 
2026-07-09 08:20:01,542 [DEBUG] DCAPI ICEAuthenProxy stop begin 
2026-07-09 08:20:01,543 [DEBUG] DCAPI release ice,destory communicator start 
2026-07-09 08:20:01,543 [INFO ] DCAPI connect tbquantdc success 
2026-07-09 08:20:01,545 [INFO ] DCAPI QuoteHisDispatcher stop begin 
2026-07-09 08:20:01,545 [INFO ] DCAPI QuoteHisDispatcher stop end 
2026-07-09 08:20:01,545 [INFO ] DCAPI QuoteRealDispatcher stop begin 
2026-07-09 08:20:01,545 [INFO ] DCAPI QuoteRealDispatcher stop end 
2026-07-09 08:20:01,545 [INFO ] DCAPI DataHisDispatcher stop begin 
2026-07-09 08:20:01,545 [INFO ] DCAPI DataHisDispatcher stop end 
2026-07-09 08:20:01,545 [INFO ] DCAPI DataRealDispatcher stop begin 
2026-07-09 08:20:01,545 [INFO ] DCAPI DataRealDispatcher stop end 
2026-07-09 08:20:01,545 [INFO ] DCAPI CommonDispatcher stop begin 
2026-07-09 08:20:01,545 [INFO ] DCAPI CommonDispatcher stop end 
2026-07-09 08:20:01,545 [DEBUG] DCAPI release ice,destory communicator success 
2026-07-09 08:20:01,545 [INFO ] DCAPI tbdcapi user=,sessionid=1,login out! 
2026-07-09 08:20:01,545 [DEBUG] DCAPI ICEAuthenProxy stop end 
2026-07-09 09:25:17,929 [DEBUG] Event ,setName 
2026-07-09 09:25:30,932 [DEBUG] Event ,setName 
2026-07-09 09:26:16,484 [DEBUG] Event ,setName 
