代码,周期,最新日期,收盘价,评分,等级,L1,H1,L2,首波涨幅%,回调幅度%,阶段,突破前高,均线多头,RSI,量比,止损价
600996,日线,2026-06-17,9.65,95,S,5.61,9.64,8.38,71.8,31.3,BREAKOUT,是,是,67.0,1.32,8.21
600906,日线,2026-06-17,7.41,95,S,5.49,6.74,6.23,22.8,40.8,BREAKOUT,是,是,70.6,1.5,6.11
600888,日线,2026-06-17,12.3,95,S,6.06,12.38,9.9,104.3,39.2,BREAKOUT,否,是,69.5,1.79,9.7
688665,日线,2026-06-17,59.56,95,S,21.91,58.12,47.01,165.3,30.7,BREAKOUT,是,是,71.1,1.36,46.07
688662,日线,2026-06-17,136.0,95,S,15.25,105.49,51.33,591.7,60.0,LEG1,是,是,64.3,1.74,50.3
688661,日线,2026-06-17,152.15,95,S,20.1,135.1,72.34,572.1,54.6,LEG1,是,是,74.3,1.42,70.89
688600,日线,2026-06-17,29.77,95,S,10.7,28.38,22.47,165.2,33.4,LEG1,是,是,74.6,1.39,22.02
688548,日线,2026-06-17,33.5,95,S,7.0,36.1,25.97,415.7,34.8,READY,否,是,64.7,1.33,25.45
301099,日线,2026-06-17,92.87,95,S,24.5,82.88,43.17,238.3,68.0,LEG1,是,是,73.1,1.75,42.31
301392,日线,2026-06-17,202.0,95,S,38.31,216.28,154.55,464.6,34.7,READY,否,是,74.6,1.87,151.46
301389,日线,2026-06-17,103.0,95,S,9.05,92.87,51.72,926.2,49.1,LEG1,是,是,69.0,1.32,50.69
301349,日线,2026-06-17,63.96,95,S,21.33,67.78,51.86,217.8,34.3,READY,否,是,65.3,1.34,50.82
688772,日线,2026-06-17,20.71,95,S,11.13,17.85,14.38,60.4,51.6,BREAKOUT,是,是,71.0,1.42,14.09
301314,日线,2026-06-17,54.33,95,S,22.77,54.5,44.99,139.4,30.0,BREAKOUT,否,是,59.1,1.71,44.09
688545,日线,2026-06-17,114.0,95,S,24.2,98.0,72.8,305.0,34.1,BREAKOUT,是,是,74.1,1.43,71.34
000029,日线,2026-06-17,28.57,95,S,9.51,31.11,21.9,227.1,42.6,READY,否,是,71.6,1.34,21.46
688727,日线,2026-06-17,59.18,95,S,43.59,70.0,47.9,60.6,83.7,LEG1,否,是,64.8,1.32,46.94
688733,日线,2026-06-17,42.67,95,S,12.0,40.0,25.19,233.3,52.9,LEG1,是,是,66.9,1.55,24.69
688719,日线,2026-06-17,92.16,95,S,20.04,83.0,36.18,314.2,74.4,LEG1,是,是,66.1,1.33,35.46
688689,日线,2026-06-11,46.82,95,S,13.21,45.1,30.47,241.4,45.9,LEG1,是,是,71.2,1.61,29.86
688484,日线,2026-06-17,53.9,95,S,22.1,49.99,38.7,126.2,40.5,BREAKOUT,是,是,74.4,2.1,37.93
301055,日线,2026-06-17,39.89,95,S,7.7,42.4,18.63,450.6,68.5,LEG1,否,是,73.8,2.42,18.26
301041,日线,2026-06-17,36.06,95,S,12.34,36.49,24.6,195.7,49.2,LEG1,否,是,73.3,1.45,24.11
301297,日线,2026-06-17,49.2,95,S,14.59,57.54,39.28,294.4,42.5,READY,否,是,71.1,1.85,38.49
301252,日线,2026-06-17,41.67,95,S,21.68,45.5,32.69,109.9,53.8,READY,否,是,73.9,1.4,32.04
301276,日线,2026-06-17,26.06,95,S,15.88,28.75,23.61,81.0,39.9,BREAKOUT,否,是,52.3,3.01,23.14
301238,日线,2026-06-17,26.45,95,S,11.43,27.91,18.3,144.2,58.3,LEG1,否,是,74.4,1.53,17.93
301161,日线,2026-06-17,36.5,95,S,11.77,36.3,28.74,208.4,30.8,BREAKOUT,是,是,70.4,2.05,28.17
688432,日线,2026-06-17,26.26,95,S,7.45,21.72,14.87,191.5,48.0,LEG1,是,是,72.0,1.57,14.57
000100,日线,2026-06-17,5.12,95,S,3.56,5.15,4.26,44.7,56.0,LEG1,否,是,70.8,1.48,4.17
600460,日线,2026-06-17,40.83,95,S,15.74,39.14,31.82,148.7,31.3,BREAKOUT,是,是,73.7,1.74,31.18
688530,日线,2026-06-17,64.33,95,S,13.67,59.83,44.8,337.7,32.6,BREAKOUT,是,是,65.8,1.4,43.9
688502,日线,2026-06-17,518.94,95,S,70.1,606.3,418.01,764.9,35.1,READY,否,是,66.6,1.31,409.65
300726,日线,2026-06-17,85.13,95,S,17.75,80.0,40.72,350.7,63.1,LEG1,是,是,71.2,1.38,39.91
688401,日线,2026-06-17,83.05,95,S,18.19,89.38,67.66,391.4,30.5,READY,否,是,65.0,1.34,66.31
688416,日线,2026-06-17,138.72,95,S,20.57,138.7,102.59,574.3,30.6,BREAKOUT,是,是,73.4,1.5,100.54
688378,日线,2026-06-17,55.33,95,S,13.16,55.55,40.05,322.1,36.6,LEG1,否,是,66.9,1.46,39.25
688379,日线,2026-06-17,89.5,95,S,10.6,84.5,44.0,697.2,54.8,LEG1,是,是,67.8,1.37,43.12
002051,日线,2026-06-17,12.5,95,S,6.25,11.79,9.98,88.6,32.7,BREAKOUT,是,是,59.8,1.93,9.78
300688,日线,2026-06-17,30.08,95,S,16.43,27.59,23.51,67.9,36.6,BREAKOUT,是,是,74.3,1.42,23.04
300679,日线,2026-06-17,66.31,95,S,27.42,62.5,32.24,127.9,86.3,LEG1,是,是,71.7,1.32,31.6
603335,日线,2026-06-17,8.49,95,S,3.11,8.08,6.18,159.8,38.2,BREAKOUT,是,是,66.4,3.03,6.06
603328,日线,2026-06-17,15.12,95,S,5.13,13.08,11.42,155.0,20.9,BREAKOUT,是,是,71.8,1.35,11.19
603225,日线,2026-06-17,20.6,95,S,9.53,21.12,16.3,121.6,41.6,LEG1,否,是,59.0,1.65,15.97
600601,日线,2026-06-17,14.35,95,S,1.93,14.26,4.23,638.9,81.3,LEG1,是,是,72.3,1.35,4.15
001326,日线,2026-06-17,74.03,95,S,25.39,72.88,57.36,187.0,32.7,BREAKOUT,是,是,74.2,1.38,56.21
000831,日线,2026-06-17,59.09,95,S,20.26,59.0,46.71,191.2,31.7,LEG1,是,是,65.0,1.5,45.78
000970,日线,2026-06-17,14.27,95,S,7.15,12.79,10.73,78.9,36.5,BREAKOUT,是,是,64.9,1.91,10.52
600366,日线,2026-06-17,14.08,95,S,4.55,13.43,11.09,195.2,26.4,BREAKOUT,是,是,64.9,2.12,10.87
300665,日线,2026-06-15,9.8,95,S,4.36,10.68,6.86,145.0,60.4,LEG1,否,是,42.7,2.19,6.72
002072,日线,2026-06-17,9.18,95,S,2.68,9.43,4.11,251.9,78.8,LEG1,否,是,66.8,1.85,4.03
002129,日线,2026-06-17,10.71,95,S,7.11,10.61,8.43,49.2,62.3,BREAKOUT,是,是,70.0,1.4,8.26
300806,日线,2026-06-17,98.4,95,S,6.9,92.58,42.09,1241.7,58.9,LEG1,是,是,69.4,1.51,41.25
300821,日线,2026-06-17,20.45,95,S,5.72,17.75,10.95,210.3,56.5,LEG1,是,是,74.5,1.67,10.73
300780,日线,2026-06-17,31.9,95,S,9.5,35.44,24.57,273.1,41.9,READY,否,是,69.8,1.99,24.08
300554,日线,2026-06-17,30.48,95,S,12.3,30.59,21.8,148.7,48.1,LEG1,否,是,60.6,1.32,21.36
300802,日线,2026-06-17,27.03,95,S,12.41,19.23,17.31,55.0,28.2,BREAKOUT,是,是,70.9,1.76,16.96
002194,日线,2026-06-17,12.48,95,S,6.01,12.93,10.88,115.1,29.6,LEG1,否,是,57.9,1.6,10.66
002203,日线,2026-06-17,23.2,95,S,7.42,23.28,17.68,213.7,35.3,BREAKOUT,否,是,61.5,1.65,17.33
002254,日线,2026-06-17,18.58,95,S,7.72,16.34,12.97,111.7,39.1,BREAKOUT,是,是,64.3,1.5,12.71
002301,日线,2026-06-17,7.9,95,S,4.33,8.74,6.49,101.8,51.0,LEG1,否,是,56.9,1.35,6.36
603379,日线,2026-06-17,68.95,95,S,25.8,63.68,53.73,146.8,26.3,BREAKOUT,是,是,74.4,1.31,52.66
603458,日线,2026-06-17,14.72,95,S,4.36,14.68,10.35,236.7,42.0,LEG1,是,是,62.6,1.53,10.14
603488,日线,2026-06-17,13.18,95,S,5.98,12.88,10.6,115.4,33.0,BREAKOUT,是,是,68.2,2.28,10.39
603588,日线,2026-06-17,15.51,95,S,4.21,13.33,7.35,216.6,65.6,LEG1,是,是,72.4,1.5,7.2
603608,日线,2026-06-17,26.08,95,S,2.15,12.77,9.21,494.0,33.5,BREAKOUT,是,是,68.5,1.37,9.03
002378,日线,2026-06-17,34.88,95,S,3.8,35.88,29.73,844.2,19.2,LEG1,否,是,60.8,1.52,29.14
688261,日线,2026-06-17,95.5,95,S,28.0,105.0,70.3,275.0,45.1,READY,否,是,65.0,1.3,68.89
600630,日线,2026-06-17,8.86,95,S,6.6,8.25,7.53,25.0,43.6,BREAKOUT,是,是,62.3,1.57,7.38
003025,日线,2026-06-17,16.6,95,S,8.47,16.48,13.57,94.6,36.3,BREAKOUT,是,是,61.1,1.66,13.3
603813,日线,2026-06-17,38.25,95,S,7.5,37.86,21.72,404.8,53.2,LEG1,是,是,57.5,2.27,21.29
603681,日线,2026-06-17,26.2,95,S,9.38,28.72,21.55,206.2,37.1,READY,否,是,61.1,1.42,21.12
603020,日线,2026-06-17,13.89,95,S,5.43,12.69,9.55,133.7,43.3,BREAKOUT,是,是,73.6,2.43,9.36
300093,日线,2026-06-17,24.15,95,S,6.22,23.91,15.65,284.4,46.7,LEG1,是,是,63.1,2.43,15.34
300334,日线,2026-06-17,12.26,95,S,3.91,8.78,7.12,124.6,34.1,BREAKOUT,是,是,70.4,1.43,6.98
300307,日线,2026-06-17,7.94,95,S,3.79,7.52,6.18,98.4,35.9,LEG1,是,是,56.3,2.14,6.06
002963,日线,2026-06-17,18.23,95,S,7.77,21.5,15.56,176.7,43.3,READY,否,是,53.5,1.6,15.25
688010,日线,2026-06-17,47.88,95,S,12.85,47.71,32.78,271.3,42.8,BREAKOUT,是,是,68.7,1.74,32.12
605588,日线,2026-06-17,63.05,95,S,29.39,68.0,48.81,131.4,49.7,READY,否,是,70.1,1.46,47.83
002191,日线,2026-06-17,4.0,95,S,3.24,4.05,3.56,25.0,60.5,LEG1,否,是,65.5,2.39,3.49
002674,日线,2026-06-17,16.27,95,S,7.72,16.59,12.12,114.9,50.4,LEG1,否,是,62.5,1.71,11.88
300283,日线,2026-06-17,22.15,95,S,3.36,20.2,6.96,501.2,78.6,LEG1,是,是,72.6,1.38,6.82
002585,日线,2026-06-17,14.86,95,S,4.11,11.8,6.45,187.1,69.6,LEG1,是,是,73.1,1.69,6.32
002631,日线,2026-06-17,8.2,95,S,3.17,8.39,6.73,164.7,31.8,LEG1,否,是,64.9,1.5,6.6
688102,日线,2026-06-17,41.82,95,S,6.72,48.0,33.64,614.3,34.8,READY,否,是,61.6,1.47,32.97
600516,日线,2026-06-17,6.08,95,S,3.76,6.33,4.92,68.4,54.9,LEG1,否,是,68.0,1.4,4.82
688219,日线,2026-06-17,12.57,95,S,6.26,12.33,10.5,97.0,30.1,BREAKOUT,是,是,67.6,1.7,10.29
300285,日线,2026-06-17,78.5,95,S,14.07,67.6,29.65,380.5,70.9,LEG1,是,是,74.3,1.38,29.06
300252,日线,2026-06-17,18.05,95,S,4.82,17.88,13.79,271.0,31.3,BREAKOUT,是,是,65.4,1.34,13.51
600141,日线,2026-06-17,37.6,95,S,14.31,34.11,26.6,138.4,37.9,BREAKOUT,是,是,69.3,1.86,26.07
600293,日线,2026-06-17,3.88,95,S,2.3,4.36,2.97,89.6,67.5,LEG1,否,是,60.4,1.31,2.91
002446,日线,2026-06-17,11.7,95,S,4.49,10.84,9.06,141.4,28.0,LEG1,是,是,71.0,1.91,8.88
002851,日线,2026-06-17,178.9,95,S,18.0,144.8,93.63,704.4,40.4,LEG1,是,是,72.4,1.69,91.76
002842,日线,2026-06-17,43.38,95,S,3.86,41.38,29.51,972.0,31.6,LEG1,是,是,69.9,1.46,28.92
688207,日线,2026-06-17,21.73,95,S,9.7,20.93,13.95,115.8,62.2,BREAKOUT,是,是,72.8,1.68,13.67
300145,日线,2026-06-17,5.55,95,S,2.02,5.71,4.31,182.7,37.9,LEG1,否,是,62.4,2.19,4.22
600179,日线,2026-06-17,4.72,95,S,1.92,4.77,4.31,148.4,16.1,LEG1,否,是,69.0,1.39,4.22
002700,日线,2026-06-17,9.53,95,S,4.28,9.11,6.37,112.9,56.7,LEG1,是,是,71.9,1.76,6.24
002735,日线,2026-06-17,20.58,95,S,6.69,15.48,13.91,131.4,17.9,BREAKOUT,是,是,69.9,1.45,13.63
002815,日线,2026-06-17,20.14,95,S,6.33,17.06,12.24,169.5,44.9,LEG1,是,是,74.9,1.34,12.0
603070,日线,2026-06-17,18.15,95,S,9.7,17.98,15.77,85.4,26.7,BREAKOUT,是,是,68.0,1.39,15.45
600063,日线,2026-06-17,8.48,95,S,3.07,7.22,5.9,135.2,31.8,BREAKOUT,是,是,66.0,1.3,5.78
603155,日线,2026-06-17,24.86,95,S,10.0,21.07,17.43,110.7,32.9,BREAKOUT,是,是,71.5,1.98,17.08
603110,日线,2026-06-17,22.66,95,S,8.31,27.58,19.64,231.9,41.2,READY,否,是,64.1,1.35,19.25
601958,日线,2026-06-17,28.47,95,S,8.1,26.85,19.8,231.5,37.6,BREAKOUT,是,是,74.3,1.93,19.4
301611,日线,2026-06-17,124.67,95,S,26.8,134.56,86.86,402.1,44.3,READY,否,是,69.9,1.36,85.12
601233,日线,2026-06-17,21.63,95,S,9.63,20.95,16.36,117.5,40.5,LEG1,是,是,52.2,1.52,16.03
300005,日线,2026-06-17,17.39,95,S,3.54,16.37,11.46,362.4,38.3,LEG1,是,是,69.7,1.63,11.23
300031,日线,2026-06-17,28.16,95,S,11.37,27.3,22.05,140.1,33.0,LEG1,是,是,69.8,1.34,21.61
002902,日线,2026-06-17,35.15,95,S,14.25,36.0,30.48,152.6,25.4,BREAKOUT,否,是,57.5,1.49,29.87
300024,日线,2026-06-17,17.17,95,S,7.95,17.5,14.24,120.1,34.1,BREAKOUT,否,是,61.5,1.34,13.96
002989,日线,2026-06-17,33.97,95,S,9.14,35.67,26.77,290.3,33.5,READY,否,是,74.3,2.68,26.23
000539,日线,2026-06-17,8.22,90,S,4.1,9.82,6.22,139.5,62.9,LEG1,否,是,57.1,1.41,6.1
301111,日线,2026-06-17,30.31,90,S,11.2,30.08,18.4,168.6,61.9,LEG1,是,是,66.8,1.37,18.03
000070,日线,2026-06-17,20.66,90,S,3.87,20.38,16.6,426.6,22.9,BREAKOUT,是,是,65.2,1.48,16.27
001309,日线,2026-06-17,709.62,90,S,54.16,680.85,229.0,1157.1,72.1,LEG1,是,是,68.6,1.32,224.42
688312,日线,2026-06-17,94.3,90,S,11.5,109.0,75.2,847.8,34.7,READY,否,是,71.4,1.57,73.7
688371,日线,2026-06-17,42.88,90,S,8.44,44.39,33.0,425.9,31.7,READY,否,是,67.6,1.38,32.34
002008,日线,2026-06-17,135.84,90,S,14.45,138.0,34.87,855.0,83.5,LEG1,否,是,62.4,1.96,34.17
300626,日线,2026-06-17,39.81,90,S,4.39,42.65,32.89,871.5,25.5,LEG1,否,是,63.0,1.34,32.23
002137,日线,2026-06-17,10.16,90,S,3.78,11.87,8.31,214.0,44.0,LEG1,否,是,55.7,1.5,8.14
688388,日线,2026-06-17,47.45,90,S,8.15,51.25,35.05,528.8,37.6,LEG1,否,是,42.8,2.26,34.35
001335,日线,2026-06-17,48.38,90,S,35.69,49.69,44.8,39.2,34.9,BREAKOUT,否,是,53.0,1.7,43.9
002213,日线,2026-06-17,40.69,90,S,6.8,46.3,31.67,580.9,37.0,READY,否,是,65.1,1.56,31.04
300302,日线,2026-06-17,51.03,90,S,6.51,57.98,41.71,790.6,31.6,LEG1,否,是,59.2,1.33,40.88
002613,日线,2026-06-17,5.1,90,S,2.8,5.65,4.18,101.8,51.6,LEG1,否,是,59.1,1.46,4.1
002645,日线,2026-06-17,34.22,90,S,5.65,36.1,14.16,538.9,72.1,LEG1,否,是,62.8,1.49,13.88
002641,日线,2026-06-17,4.3,90,S,3.63,4.49,3.98,23.7,59.3,LEG1,否,是,56.0,1.39,3.9
300321,日线,2026-06-17,45.0,90,S,8.33,47.38,29.0,468.8,47.1,LEG1,否,是,64.1,2.49,28.42
603730,日线,2026-06-17,13.0,90,S,5.45,14.14,8.13,159.4,69.2,LEG1,否,是,50.8,1.93,7.97
603163,日线,2026-06-17,120.16,90,S,20.57,133.95,93.0,551.2,36.1,READY,否,是,70.0,1.46,91.14
603120,日线,2026-06-17,51.44,90,S,35.2,57.46,44.86,63.2,56.6,BREAKOUT,否,是,47.7,1.45,43.96
000510,日线,2026-06-17,22.02,87,S,2.63,20.08,13.78,663.5,36.1,LEG1,是,是,69.4,1.3,13.5
399374,日线,2026-06-17,5595.21,87,S,2800.38,5589.49,4647.89,99.6,33.8,LEG1,是,是,70.6,1.07,4554.93
399372,日线,2026-06-17,5869.27,87,S,3179.79,6008.01,3630.21,88.9,84.1,LEG1,否,是,62.1,1.0,3557.61
603039,日线,2026-06-17,41.18,87,S,26.36,49.53,35.6,87.9,60.1,READY,否,否,42.1,1.59,34.89
603060,日线,2026-06-17,7.28,87,S,5.35,7.28,6.17,36.1,57.5,BREAKOUT,否,是,48.5,1.23,6.05
603072,日线,2026-06-17,37.33,87,S,32.31,38.54,34.85,19.3,59.2,BREAKOUT,否,否,50.9,1.44,34.15
603124,日线,2026-06-17,192.1,87,S,35.22,141.0,93.79,300.3,44.6,LEG1,是,是,70.1,1.29,91.91
603139,日线,2026-06-17,44.13,87,S,8.81,40.99,20.71,365.3,63.0,LEG1,是,是,72.5,1.13,20.3
301313,日线,2026-06-17,62.11,87,S,15.71,70.5,42.66,348.8,50.8,LEG1,否,是,61.8,1.03,41.81
601678,日线,2026-06-17,6.13,87,S,3.04,6.79,5.02,123.4,47.2,READY,否,是,67.1,1.05,4.92
603011,日线,2026-06-17,35.95,87,S,4.41,22.47,19.93,409.5,14.1,LEG1,是,是,73.3,1.14,19.53
301500,日线,2026-06-17,27.69,87,S,13.74,27.98,23.49,103.6,31.5,BREAKOUT,否,是,60.0,1.01,23.02
301555,日线,2026-06-17,44.36,87,S,19.1,46.0,36.15,140.8,36.6,READY,否,是,70.8,1.17,35.43
301566,日线,2026-06-17,39.86,87,S,11.7,40.6,18.73,247.0,75.7,LEG1,否,是,67.4,1.23,18.36
301588,日线,2026-06-17,41.32,87,S,13.66,43.33,33.0,217.2,34.8,READY,否,是,71.5,1.18,32.34
301629,日线,2026-06-17,401.93,87,S,143.7,438.0,334.48,204.8,35.2,READY,否,是,65.7,1.09,327.79
399006,日线,2026-06-17,4167.05,87,S,1482.99,4218.33,1756.64,184.4,90.0,LEG1,否,是,65.8,1.01,1721.51
399012,日线,2026-06-17,5693.9,87,S,2079.7,5708.23,2609.77,174.5,85.4,LEG1,否,是,66.1,1.0,2557.57
399018,日线,2026-06-17,7320.55,87,S,2773.97,7394.7,3610.41,166.6,81.9,LEG1,否,是,68.7,1.11,3538.2
399102,日线,2026-06-17,4773.93,87,S,1787.87,4784.41,2336.28,167.6,81.7,LEG1,否,是,65.7,1.01,2289.55
399269,日线,2026-06-17,11520.34,87,S,3084.07,11505.09,3954.9,273.0,89.7,LEG1,是,是,68.5,1.13,3875.8
600576,日线,2026-06-17,5.75,87,S,3.59,6.16,5.62,71.6,21.0,LEG1,否,否,44.9,1.3,5.51
603688,日线,2026-06-17,79.34,87,S,21.58,77.8,60.75,260.5,30.3,BREAKOUT,是,是,64.8,1.21,59.53
603733,日线,2026-06-17,29.12,87,S,11.31,22.73,17.33,101.0,47.3,LEG1,是,是,72.8,1.27,16.98
603929,日线,2026-06-17,232.18,87,S,13.91,214.75,144.11,1443.9,35.2,BREAKOUT,是,是,73.5,1.29,141.23
603979,日线,2026-06-17,77.3,87,S,31.2,77.86,52.2,149.6,55.0,LEG1,否,是,61.8,1.23,51.16
603991,日线,2026-06-17,117.9,87,S,24.5,130.51,59.45,432.7,67.0,LEG1,否,是,56.8,1.19,58.26
605020,日线,2026-06-17,37.1,87,S,14.43,36.88,23.27,155.6,60.6,LEG1,是,是,73.6,1.27,22.8
605058,日线,2026-06-17,41.5,87,S,12.04,41.97,28.01,248.6,46.6,LEG1,否,是,69.9,1.13,27.45
003009,日线,2026-06-17,62.1,87,S,33.18,69.38,49.12,109.1,56.0,READY,否,否,61.5,1.76,48.14
003013,日线,2026-06-17,16.06,87,S,11.68,16.09,13.45,37.8,59.9,LEG1,否,是,67.7,1.03,13.18
003018,日线,2026-06-17,61.9,87,S,5.73,70.84,49.01,1136.3,33.5,READY,否,是,62.2,1.07,48.03
003031,日线,2026-06-17,160.26,87,S,34.57,175.97,132.2,409.0,31.0,READY,否,是,67.0,1.09,129.56
003043,日线,2026-06-17,80.99,87,S,26.66,69.51,44.35,160.7,58.7,LEG1,是,是,67.7,1.11,43.46
300037,日线,2026-06-17,86.02,87,S,26.46,80.88,47.66,205.7,61.0,LEG1,是,是,74.4,1.11,46.71
002886,日线,2026-06-17,31.09,87,S,10.03,34.75,26.5,246.5,33.4,READY,否,是,68.8,1.19,25.97
002935,日线,2026-06-17,22.15,87,S,10.27,22.0,18.13,114.2,33.0,BREAKOUT,是,是,70.1,1.29,17.77
002965,日线,2026-06-17,42.5,87,S,22.91,38.59,31.35,68.4,46.2,BREAKOUT,是,是,74.1,1.01,30.72
002993,日线,2026-06-17,72.6,87,S,23.07,73.18,58.11,217.2,30.1,READY,否,是,70.3,1.12,56.95
605358,日线,2026-06-17,70.95,87,S,17.22,57.77,32.0,235.5,63.6,LEG1,是,是,65.9,1.21,31.36
605376,日线,2026-06-17,210.28,87,S,14.54,142.5,84.3,880.1,45.5,LEG1,是,是,69.8,1.11,82.61
300305,日线,2026-06-17,8.16,87,S,4.36,8.16,5.87,87.2,60.3,LEG1,否,是,70.1,1.26,5.75
300319,日线,2026-06-17,23.13,87,S,5.69,25.33,11.77,345.2,69.0,LEG1,否,是,68.7,1.13,11.53
300373,日线,2026-06-17,114.1,87,S,32.48,118.0,66.2,263.3,60.6,LEG1,否,是,66.3,1.17,64.88
300057,日线,2026-06-17,9.22,87,S,3.5,9.48,8.17,170.9,21.9,LEG1,否,是,63.0,1.13,8.01
300066,日线,2026-06-17,6.38,87,S,2.76,6.7,5.2,142.8,38.1,BREAKOUT,否,否,59.5,2.76,5.1
300105,日线,2026-06-17,7.17,87,S,3.99,7.95,5.77,99.2,55.1,LEG1,否,否,63.8,2.05,5.65
300162,日线,2026-06-17,11.56,87,S,3.6,11.43,8.31,217.5,39.8,BREAKOUT,是,是,67.3,1.14,8.14
300219,日线,2026-06-17,9.24,87,S,4.7,9.28,7.85,97.4,31.2,LEG1,否,是,65.3,1.05,7.69
300221,日线,2026-06-17,17.51,87,S,3.28,18.27,5.83,457.0,83.0,LEG1,否,是,70.7,1.06,5.71
300223,日线,2026-06-17,171.7,87,S,41.38,175.98,132.38,325.3,32.4,READY,否,是,68.5,1.03,129.73
688037,日线,2026-06-17,287.3,87,S,56.18,330.0,228.08,487.4,37.2,READY,否,是,69.7,1.07,223.52
688045,日线,2026-06-17,78.55,87,S,20.66,73.41,39.53,255.3,64.2,LEG1,是,是,71.4,1.04,38.74
688072,日线,2026-06-17,740.0,87,S,101.4,779.0,548.0,668.2,34.1,READY,否,是,73.5,1.06,537.04
688083,日线,2026-06-17,64.91,87,S,47.14,72.0,55.31,52.7,67.1,LEG1,否,是,57.3,1.12,54.2
002803,日线,2026-06-17,22.67,87,S,9.36,23.02,16.21,145.9,49.9,LEG1,否,是,68.3,1.03,15.89
002806,日线,2026-06-17,20.78,87,S,5.51,21.25,12.35,285.7,56.5,LEG1,否,是,66.4,1.04,12.1
002816,日线,2026-06-17,27.1,87,S,7.2,26.98,19.02,274.7,40.2,LEG1,是,是,72.7,1.28,18.64
002832,日线,2026-06-17,21.15,87,S,14.74,22.1,19.05,49.9,41.4,READY,否,是,56.2,1.03,18.67
002859,日线,2026-06-17,90.66,87,S,15.45,95.36,18.0,517.2,96.8,LEG1,否,是,65.8,1.1,17.64
688106,日线,2026-06-17,31.17,87,S,14.58,43.34,24.89,197.3,64.2,READY,否,是,60.1,1.06,24.39
688112,日线,2026-06-17,77.32,87,S,20.36,79.82,35.77,292.0,74.1,LEG1,否,是,63.1,1.22,35.05
688126,日线,2026-06-17,32.4,87,S,12.22,31.61,24.6,158.7,36.2,BREAKOUT,是,是,62.5,1.2,24.11
688170,日线,2026-06-17,85.79,87,S,17.73,95.65,68.41,439.5,35.0,READY,否,是,64.3,1.05,67.04
688178,日线,2026-06-17,38.65,87,S,8.21,41.6,24.93,406.7,49.9,LEG1,否,是,54.8,1.29,24.43
688183,日线,2026-06-17,141.07,87,S,5.58,144.88,80.52,2496.4,46.2,LEG1,否,是,68.1,1.13,78.91
688216,日线,2026-06-17,38.37,87,S,11.03,41.4,28.95,275.3,41.0,READY,否,是,61.2,1.04,28.37
600497,日线,2026-06-17,10.1,87,S,4.26,10.29,8.07,141.5,36.8,READY,否,是,63.9,1.19,7.91
002428,日线,2026-06-17,99.26,87,S,7.46,97.0,17.58,1200.3,88.7,LEG1,是,是,64.5,1.05,17.23
002463,日线,2026-06-17,146.55,87,S,19.24,142.78,59.56,642.1,67.4,LEG1,是,是,68.2,1.0,58.37
002520,日线,2026-06-17,6.89,87,S,3.36,7.04,5.61,109.5,38.9,LEG1,否,是,67.8,1.11,5.5
002584,日线,2026-06-17,8.44,87,S,5.35,8.5,7.05,58.9,46.0,READY,否,否,63.7,1.41,6.91
300408,日线,2026-06-17,155.46,87,S,21.0,70.5,50.7,235.7,40.0,BREAKOUT,是,是,71.8,1.06,49.69
300420,日线,2026-06-17,6.47,87,S,1.87,6.69,3.42,257.8,67.8,LEG1,否,是,68.8,1.28,3.35
300429,日线,2026-06-17,16.05,87,S,6.24,16.78,12.84,168.9,37.4,READY,否,是,70.4,1.05,12.58
300440,日线,2026-06-17,18.94,87,S,3.88,20.28,12.96,422.7,44.6,LEG1,否,是,52.7,1.03,12.7
300465,日线,2026-06-17,15.92,87,S,5.78,15.95,14.05,176.0,18.7,BREAKOUT,否,是,55.9,1.09,13.77
300480,日线,2026-06-17,37.58,87,S,10.41,42.9,31.1,312.1,36.3,READY,否,是,62.7,1.02,30.48
300537,日线,2026-06-17,29.57,87,S,10.21,33.33,23.98,226.4,40.4,READY,否,是,64.1,1.15,23.5
600198,日线,2026-06-17,9.26,87,S,4.22,10.69,7.81,153.3,44.5,READY,否,是,53.9,1.02,7.65
300236,日线,2026-06-17,106.56,87,S,25.2,114.77,86.86,355.4,31.2,READY,否,是,65.5,1.09,85.12
300243,日线,2026-06-17,20.85,87,S,5.12,21.8,16.7,325.8,30.6,READY,否,是,66.7,1.19,16.37
300292,日线,2026-06-17,6.47,87,S,2.21,6.49,5.25,193.7,29.0,LEG1,否,是,64.2,1.03,5.14
002668,日线,2026-06-17,10.06,87,S,5.03,9.72,8.55,93.2,24.9,LEG1,是,是,66.6,1.01,8.38
002192,日线,2026-06-17,89.17,87,S,24.77,115.0,72.59,364.3,47.0,READY,否,是,64.3,1.18,71.14
002240,日线,2026-06-17,48.3,87,S,10.5,63.13,41.36,501.2,41.4,READY,否,是,51.0,1.0,40.53
002297,日线,2026-06-17,25.78,87,S,4.5,29.24,19.1,549.8,41.0,READY,否,是,74.5,1.23,18.72
600596,日线,2026-06-17,15.99,87,S,6.5,13.76,10.4,111.7,46.3,LEG1,是,是,73.9,1.25,10.19
603399,日线,2026-06-17,19.87,87,S,5.22,19.26,9.55,269.0,69.2,LEG1,是,是,57.4,1.11,9.36
603429,日线,2026-06-17,10.23,87,S,3.42,10.14,7.7,196.5,36.3,BREAKOUT,是,否,71.5,1.82,7.55
603500,日线,2026-06-17,13.6,87,S,5.2,11.68,10.09,124.6,24.5,BREAKOUT,是,是,71.0,1.26,9.89
603527,日线,2026-06-17,14.73,87,S,6.23,15.0,9.95,140.8,57.6,LEG1,否,是,64.8,1.01,9.75
603650,日线,2026-06-17,67.82,87,S,20.4,64.4,49.85,215.7,33.1,BREAKOUT,是,是,70.9,1.28,48.85
603662,日线,2026-06-17,70.32,87,S,19.38,73.51,63.81,279.3,17.9,LEG1,否,是,64.2,1.12,62.53
603663,日线,2026-06-17,79.54,87,S,7.66,49.48,39.14,546.0,24.7,LEG1,是,是,71.0,1.11,38.36
603678,日线,2026-06-17,69.71,87,S,16.3,65.94,30.91,304.5,70.6,LEG1,是,是,73.1,1.06,30.29
300395,日线,2026-06-17,134.88,87,S,21.73,153.58,111.51,606.8,31.9,READY,否,是,62.6,1.27,109.28
300398,日线,2026-06-17,46.93,87,S,9.01,43.1,23.61,378.4,57.2,LEG1,是,是,68.1,1.22,23.14
002384,日线,2026-06-17,256.92,87,S,11.01,244.7,59.0,2122.5,79.5,LEG1,是,是,71.4,1.12,57.82
002407,日线,2026-06-17,38.47,87,S,9.3,43.89,31.56,371.9,35.6,READY,否,是,61.1,1.03,30.93
688249,日线,2026-06-17,46.43,87,S,11.73,48.99,26.35,317.6,60.8,LEG1,否,是,69.6,1.08,25.82
688337,日线,2026-06-17,78.57,87,S,22.04,71.5,56.0,224.4,31.3,BREAKOUT,是,是,70.5,1.27,54.88
688362,日线,2026-06-17,69.4,87,S,14.88,78.16,51.79,425.3,41.7,READY,否,是,64.5,1.04,50.75
688376,日线,2026-06-17,83.74,87,S,24.25,85.86,65.23,254.1,33.5,READY,否,是,68.0,1.29,63.93
600487,日线,2026-06-17,111.0,87,S,10.11,78.13,40.92,672.8,54.7,LEG1,是,是,74.8,1.09,40.1
600345,日线,2026-06-17,60.53,87,S,14.45,61.68,46.8,326.9,31.5,BREAKOUT,否,是,61.8,1.29,45.86
300814,日线,2026-06-17,180.25,87,S,21.99,175.98,78.0,700.3,63.6,LEG1,是,是,68.8,1.06,76.44
300825,日线,2026-06-17,16.81,87,S,6.8,14.51,8.61,113.4,76.5,LEG1,是,是,75.0,1.06,8.44
300545,日线,2026-06-17,38.19,87,S,18.84,37.99,32.64,101.6,27.9,BREAKOUT,是,是,64.7,1.01,31.99
300548,日线,2026-06-17,269.88,87,S,16.37,260.0,93.7,1488.3,68.3,LEG1,是,是,62.6,1.2,91.83
300604,日线,2026-06-17,264.01,87,S,19.88,258.68,81.02,1201.2,74.4,LEG1,是,是,74.8,1.04,79.4
300607,日线,2026-06-17,37.56,87,S,8.73,38.68,30.9,343.1,26.0,LEG1,否,是,68.5,1.08,30.28
300656,日线,2026-06-17,39.12,87,S,15.77,36.9,28.47,134.0,39.9,BREAKOUT,是,是,67.9,1.2,27.9
300671,日线,2026-06-17,54.45,87,S,16.67,55.34,39.92,232.0,39.9,READY,否,是,72.7,1.11,39.12
600593,日线,2026-06-17,38.18,87,S,13.23,40.0,36.0,202.3,14.9,LEG1,否,是,48.6,1.18,35.28
002079,日线,2026-06-17,13.52,87,S,6.8,14.16,11.37,108.2,37.9,READY,否,是,71.4,1.13,11.14
002125,日线,2026-06-17,19.11,87,S,6.3,15.32,12.4,143.2,32.4,LEG1,是,是,65.8,1.29,12.15
002167,日线,2026-06-17,14.66,87,S,3.85,14.73,12.61,282.6,19.5,BREAKOUT,否,是,59.4,1.15,12.36
000859,日线,2026-06-17,11.84,87,S,2.98,12.19,9.68,309.1,27.3,LEG1,否,是,66.9,1.02,9.49
000962,日线,2026-06-17,62.36,87,S,7.77,68.9,50.4,786.7,30.3,READY,否,是,60.0,1.04,49.39
000969,日线,2026-06-17,24.65,87,S,6.14,26.17,20.0,326.2,30.8,READY,否,是,63.6,1.02,19.6
603181,日线,2026-06-17,15.72,87,S,8.0,15.44,12.76,93.0,36.0,BREAKOUT,是,否,64.3,1.7,12.5
603211,日线,2026-06-17,33.13,87,S,11.3,32.6,25.5,188.5,33.3,BREAKOUT,是,是,67.2,1.29,24.99
603226,日线,2026-06-17,55.8,87,S,2.88,59.78,4.9,1975.7,96.4,LEG1,否,是,58.6,1.04,4.8
603255,日线,2026-06-17,32.93,87,S,20.65,34.55,27.0,67.3,54.3,READY,否,是,63.4,1.22,26.46
603281,日线,2026-06-17,37.3,87,S,19.71,39.66,31.28,101.2,42.0,READY,否,是,66.6,1.2,30.65
603290,日线,2026-06-17,130.98,87,S,66.66,143.99,105.97,116.0,49.2,READY,否,是,67.1,1.1,103.85
300689,日线,2026-06-17,60.27,87,S,8.61,62.5,44.31,625.9,33.8,LEG1,否,是,67.6,1.26,43.42
300697,日线,2026-06-17,17.13,87,S,6.6,17.65,13.62,167.4,36.5,LEG1,否,是,59.1,1.08,13.35
300700,日线,2026-06-17,22.68,87,S,5.41,21.12,10.37,290.4,68.4,LEG1,是,是,67.4,1.03,10.16
688469,日线,2026-06-17,8.6,87,S,3.33,9.12,6.79,173.9,40.2,READY,否,是,71.1,1.21,6.65
688525,日线,2026-06-17,370.0,87,S,26.52,350.0,100.01,1219.8,77.3,LEG1,是,是,73.7,1.28,98.01
600459,日线,2026-06-17,26.52,87,S,11.42,21.9,19.03,91.8,27.4,BREAKOUT,是,是,64.8,1.22,18.65
000151,日线,2026-06-17,13.94,87,S,8.21,14.39,11.05,75.3,54.0,LEG1,否,是,55.0,1.17,10.83
000510,日线,2026-06-17,22.02,87,S,2.63,20.08,13.78,663.5,36.1,LEG1,是,是,69.4,1.3,13.5
000519,日线,2026-06-17,19.98,87,S,9.7,20.86,15.58,115.1,47.3,LEG1,否,是,61.3,1.0,15.27
000520,日线,2026-06-17,4.53,87,S,1.86,5.0,4.6,168.8,12.7,LEG1,否,是,62.6,1.02,4.51
301182,日线,2026-06-17,98.3,87,S,9.06,94.37,25.0,941.6,81.3,LEG1,是,是,70.4,1.09,24.5
301183,日线,2026-06-17,256.0,87,S,18.7,276.88,193.25,1380.6,32.4,READY,否,是,64.8,1.03,189.38
301285,日线,2026-06-17,124.92,87,S,13.89,128.0,23.55,821.5,91.5,LEG1,否,是,73.6,1.24,23.08
300852,日线,2026-06-17,60.02,87,S,19.92,56.88,37.7,185.5,51.9,LEG1,是,是,73.3,1.21,36.95
300873,日线,2026-06-17,24.82,87,S,12.97,24.53,20.56,89.1,34.3,BREAKOUT,是,是,73.1,1.22,20.15
300936,日线,2026-06-17,124.1,87,S,21.86,113.99,53.0,421.5,66.2,LEG1,是,是,68.3,1.16,51.94
300976,日线,2026-06-17,89.06,87,S,27.11,99.96,59.55,268.7,55.5,READY,否,是,72.4,1.23,58.36
301029,日线,2026-06-17,32.43,87,S,16.01,31.57,26.4,97.2,33.2,BREAKOUT,是,是,70.6,1.18,25.87
301046,日线,2026-06-17,28.98,87,S,15.95,29.5,23.89,85.0,41.4,LEG1,否,是,59.7,1.05,23.41
000630,日线,2026-06-17,7.56,87,S,2.81,7.3,5.9,159.8,31.2,BREAKOUT,是,是,69.3,1.09,5.78
000722,日线,2026-06-17,15.85,87,S,6.55,17.81,13.81,171.9,35.5,READY,否,是,60.7,1.22,13.53
000733,日线,2026-06-17,58.13,87,S,32.18,61.77,41.88,92.0,67.2,LEG1,否,是,65.7,1.13,41.04
000795,日线,2026-06-17,9.34,87,S,3.94,9.8,8.18,148.7,27.6,LEG1,否,否,53.0,1.59,8.02
688686,日线,2026-06-17,157.49,87,S,42.76,166.66,85.89,289.8,65.2,LEG1,否,是,74.4,1.19,84.17
688711,日线,2026-06-17,39.34,87,S,11.72,39.38,29.74,236.0,34.9,READY,否,是,65.9,1.14,29.15
688729,日线,2026-06-17,27.56,87,S,20.06,31.69,22.18,58.0,81.8,LEG1,否,是,67.0,1.01,21.74
000007,日线,2026-06-17,13.64,87,S,3.43,13.68,11.58,298.8,20.5,BREAKOUT,否,是,56.6,1.01,11.35
301323,日线,2026-06-17,103.08,87,S,20.7,97.21,46.6,369.6,66.1,LEG1,是,是,67.9,1.24,45.67
301348,日线,2026-06-17,29.16,87,S,19.22,32.82,23.41,70.8,69.2,LEG1,否,是,63.4,1.15,22.94
301387,日线,2026-06-17,108.51,87,S,25.6,121.49,88.0,374.6,34.9,READY,否,是,57.7,1.11,86.24
301418,日线,2026-06-17,50.55,87,S,27.07,45.0,37.9,66.2,39.6,BREAKOUT,是,是,66.4,1.14,37.14
301428,日线,2026-06-17,38.19,87,S,20.25,40.07,30.35,97.9,49.0,LEG1,否,是,57.1,1.25,29.74
301448,日线,2026-06-17,39.78,87,S,16.19,40.19,32.32,148.2,32.8,BREAKOUT,否,否,69.0,1.59,31.67
301458,日线,2026-06-17,57.79,87,S,24.44,65.82,31.6,169.3,82.7,LEG1,否,是,62.5,1.22,30.97
301128,日线,2026-06-17,177.5,87,S,22.01,215.49,122.58,879.1,48.0,READY,否,是,66.5,1.06,120.13
301132,日线,2026-06-17,44.48,87,S,14.1,42.85,33.92,203.9,31.1,LEG1,是,是,70.8,1.13,33.24
301151,日线,2026-06-17,19.95,87,S,11.21,20.88,15.08,86.3,60.0,LEG1,否,是,65.0,1.04,14.78
688551,日线,2026-06-17,77.2,87,S,23.08,78.5,49.25,240.1,52.8,READY,否,是,66.6,1.17,48.27
688559,日线,2026-06-17,73.0,87,S,21.5,73.7,58.13,242.8,29.8,LEG1,否,是,68.6,1.22,56.97
688584,日线,2026-06-17,30.42,87,S,12.63,32.16,23.9,154.6,42.3,READY,否,是,66.0,1.12,23.42
688596,日线,2026-06-17,46.8,87,S,23.72,52.45,37.32,121.1,52.7,READY,否,是,62.3,1.17,36.57
688603,日线,2026-06-17,196.12,87,S,31.15,187.88,65.88,503.1,77.8,LEG1,是,是,69.3,1.23,64.56
688628,日线,2026-06-17,102.01,87,S,26.1,108.26,76.29,314.8,38.9,READY,否,是,73.7,1.02,74.76
399678,日线,2026-06-17,745.96,87,S,353.24,755.04,590.29,113.7,41.0,LEG1,否,是,70.3,1.04,578.48
601133,日线,2026-06-17,33.12,87,S,8.19,35.66,24.92,335.4,39.1,READY,否,是,69.2,1.01,24.42
301536,日线,2026-06-17,110.06,85,S,27.65,96.5,73.61,249.0,33.2,BREAKOUT,是,是,84.2,1.33,72.14
301630,日线,2026-06-17,353.88,85,S,157.01,289.0,226.88,84.1,47.1,BREAKOUT,是,是,75.7,1.37,222.34
688783,日线,2026-06-17,54.5,85,S,20.92,41.41,33.4,97.9,39.1,BREAKOUT,是,是,77.6,1.41,32.73
688669,日线,2026-06-17,62.46,85,S,9.17,46.5,17.82,407.1,76.8,LEG1,是,是,94.9,1.31,17.46
000032,日线,2026-06-17,23.22,85,S,11.93,21.35,16.66,79.0,49.8,LEG1,是,是,85.4,3.6,16.33
688598,日线,2026-06-17,49.79,85,S,14.64,37.5,29.51,156.1,35.0,BREAKOUT,是,是,86.5,2.15,28.92
600392,日线,2026-06-17,28.78,85,S,6.92,27.82,21.3,302.0,31.2,BREAKOUT,是,是,79.1,2.84,20.87
688766,日线,2026-06-17,580.2,85,S,55.88,435.99,218.78,680.2,57.1,LEG1,是,是,83.0,1.41,214.4
001331,日线,2026-05-27,69.78,85,S,8.74,58.97,41.82,574.7,34.1,BREAKOUT,是,是,87.5,1.69,40.98
001359,日线,2026-06-17,129.15,85,S,18.35,109.18,48.47,495.0,66.8,LEG1,是,是,85.3,1.76,47.5
688386,日线,2026-06-17,95.4,85,S,22.8,97.67,70.5,328.4,36.3,READY,否,是,77.7,2.0,69.09
688433,日线,2026-06-17,114.38,85,S,14.14,112.01,71.0,692.1,41.9,LEG1,是,是,79.5,1.46,69.58
688511,日线,2026-06-17,29.3,85,S,9.4,29.2,23.13,210.6,30.7,BREAKOUT,是,是,81.0,1.49,22.67
600458,日线,2026-06-17,17.08,85,S,6.91,12.6,11.18,82.3,25.0,BREAKOUT,是,是,78.7,1.81,10.96
600397,日线,2026-06-17,18.36,85,S,1.71,15.12,14.01,784.2,8.3,BREAKOUT,是,是,88.3,2.68,13.73
000593,日线,2026-06-17,25.15,85,S,3.55,25.65,13.43,622.5,55.3,LEG1,否,是,75.2,1.6,13.16
000672,日线,2026-06-17,19.03,85,S,5.94,19.49,8.68,228.1,79.8,LEG1,否,是,77.1,1.67,8.51
000691,日线,2026-06-17,11.58,85,S,2.21,9.45,7.4,327.6,28.3,LEG1,是,是,86.5,1.75,7.25
000782,日线,2026-06-17,7.53,85,S,3.8,8.33,4.91,119.2,75.5,LEG1,否,是,49.9,1.31,4.81
688721,日线,2026-06-17,54.28,85,S,24.72,52.98,39.26,114.3,48.5,BREAKOUT,是,是,77.2,1.64,38.47
603261,日线,2026-06-17,40.7,85,S,14.57,37.99,21.11,160.7,72.1,LEG1,是,是,82.2,3.24,20.69
603257,日线,2026-06-17,71.0,85,S,46.69,69.3,55.66,48.4,60.3,BREAKOUT,是,是,75.8,1.36,54.55
300998,日线,2026-06-17,31.69,85,S,12.11,30.8,14.18,154.3,88.9,LEG1,是,是,81.4,1.51,13.9
301072,日线,2026-06-17,37.99,85,S,11.71,26.0,21.62,122.0,30.7,BREAKOUT,是,是,80.5,1.42,21.19
300720,日线,2026-06-17,84.5,85,S,8.31,73.0,48.0,778.5,38.6,LEG1,是,是,76.0,1.49,47.04
300706,日线,2026-06-17,76.87,85,S,13.75,55.99,30.55,307.2,60.2,LEG1,是,是,76.2,1.34,29.94
300880,日线,2026-06-17,25.49,85,S,10.04,23.99,20.5,138.9,25.0,BREAKOUT,是,是,75.1,1.78,20.09
603125,日线,2026-06-17,28.4,85,S,14.33,29.2,23.0,103.8,41.7,READY,否,是,77.5,1.46,22.54
301308,日线,2026-06-17,571.68,85,S,60.59,580.0,282.01,857.3,57.4,LEG1,否,是,66.2,1.46,276.37
301303,日线,2026-06-17,18.3,85,S,10.16,17.98,13.24,77.0,60.6,LEG1,是,是,75.9,2.58,12.98
603065,日线,2026-06-17,14.81,85,S,6.53,8.29,7.48,27.0,46.0,BREAKOUT,是,是,92.4,3.69,7.33
301366,日线,2026-06-17,58.2,85,S,17.2,56.66,29.93,229.4,67.7,LEG1,是,是,76.7,1.66,29.33
001259,日线,2026-06-17,68.95,85,S,18.03,87.6,29.64,385.9,83.3,LEG1,否,是,50.5,1.45,29.05
002080,日线,2026-06-17,82.41,85,S,9.28,77.06,38.45,730.4,57.0,LEG1,是,是,76.3,1.51,37.68
600378,日线,2026-06-17,63.8,85,S,23.51,38.43,32.62,63.5,38.9,BREAKOUT,是,是,75.7,1.67,31.97
000920,日线,2026-06-17,15.04,85,S,6.33,14.1,11.62,122.7,31.9,BREAKOUT,是,是,79.8,1.5,11.39
002057,日线,2026-06-17,11.88,85,S,5.57,10.33,9.01,85.5,27.7,LEG1,是,是,76.1,1.49,8.83
001696,日线,2026-06-17,24.22,85,S,4.45,17.98,18.18,304.0,-1.5,BREAKOUT,是,是,93.1,2.39,17.82
688233,日线,2026-06-17,121.71,85,S,13.64,111.0,78.09,713.8,33.8,BREAKOUT,是,是,80.0,1.47,76.53
002119,日线,2026-06-17,33.17,85,S,7.58,26.75,20.91,252.9,30.5,LEG1,是,是,80.3,1.41,20.49
600500,日线,2026-06-17,9.2,85,S,3.32,6.49,5.27,95.5,38.5,BREAKOUT,是,是,87.4,3.44,5.16
002955,日线,2026-06-17,33.84,85,S,17.8,25.48,22.79,43.1,35.0,BREAKOUT,是,是,92.7,1.42,22.33
002971,日线,2026-06-17,61.25,85,S,14.15,45.33,30.93,220.4,46.2,BREAKOUT,是,是,89.4,1.73,30.31
002745,日线,2026-06-17,11.43,85,S,5.77,11.2,7.81,94.1,62.4,LEG1,是,是,75.4,1.65,7.65
688138,日线,2026-06-17,40.93,85,S,11.91,36.58,25.51,207.1,44.9,LEG1,是,是,77.1,1.86,25.0
002824,日线,2026-06-17,35.94,85,S,10.73,28.95,21.88,169.8,38.8,BREAKOUT,是,是,83.6,1.89,21.44
002768,日线,2026-06-17,78.36,85,S,15.85,70.31,48.74,343.6,39.6,LEG1,是,是,83.4,1.43,47.77
002805,日线,2026-06-17,24.44,85,S,8.6,27.3,19.37,217.4,42.4,READY,否,是,76.8,2.41,18.98
002515,日线,2026-06-17,9.47,85,S,3.65,8.1,5.98,121.9,47.6,BREAKOUT,是,是,89.2,2.85,5.86
002436,日线,2026-06-17,47.8,85,S,8.05,42.6,19.51,429.2,66.8,LEG1,是,是,80.3,1.35,19.12
688163,日线,2026-06-17,47.68,85,S,10.98,43.0,33.3,291.6,30.3,BREAKOUT,是,是,77.7,2.93,32.63
002171,日线,2026-06-17,15.0,85,S,5.26,12.7,10.36,141.4,31.5,LEG1,是,是,81.1,2.09,10.15
002972,日线,2026-06-17,16.56,85,S,5.77,13.32,10.55,130.8,36.7,BREAKOUT,是,是,90.9,2.43,10.34
605589,日线,2026-06-17,66.4,85,S,15.48,48.5,28.83,213.3,59.6,LEG1,是,是,75.2,1.36,28.25
605198,日线,2026-06-17,86.1,85,S,14.98,60.4,48.0,303.2,27.3,BREAKOUT,是,是,88.9,3.79,47.04
002937,日线,2026-06-17,40.71,85,S,13.88,37.56,22.61,170.6,63.1,LEG1,是,是,77.4,1.64,22.16
002913,日线,2026-06-17,67.68,85,S,18.59,58.56,32.55,215.0,65.1,LEG1,是,是,80.4,1.32,31.9
600549,日线,2026-06-17,80.84,85,S,13.5,60.83,51.0,350.6,20.8,LEG1,是,是,82.7,1.84,49.98
300397,日线,2026-06-17,16.09,85,S,5.17,15.2,11.65,194.0,35.4,LEG1,是,是,80.0,3.1,11.42
300475,日线,2026-06-17,245.29,85,S,19.8,204.99,121.95,935.3,44.8,LEG1,是,是,82.4,1.38,119.51
300586,日线,2026-06-17,14.72,85,S,4.37,12.93,8.55,195.9,51.2,LEG1,是,是,79.7,1.42,8.38
605006,日线,2026-06-17,26.0,85,S,3.91,20.3,8.02,419.2,74.9,LEG1,是,是,79.2,1.32,7.86
300196,日线,2026-06-17,31.9,85,S,7.49,28.82,21.9,284.8,32.4,BREAKOUT,是,是,80.0,1.47,21.46
603738,日线,2026-06-17,59.0,85,S,9.0,58.28,41.28,547.6,34.5,BREAKOUT,是,是,76.2,1.33,40.45
301217,日线,2026-06-17,181.69,85,S,7.38,125.88,34.0,1605.7,77.5,LEG1,是,是,93.8,1.32,33.32
301176,日线,2026-06-17,79.89,85,S,7.4,49.9,27.67,574.3,52.3,LEG1,是,是,87.7,1.51,27.12
300843,日线,2026-06-17,120.6,85,S,10.76,109.99,47.31,922.2,63.2,LEG1,是,是,83.0,1.48,46.36
300666,日线,2026-06-17,301.57,85,S,33.44,222.22,124.71,564.5,51.7,LEG1,是,是,76.7,1.38,122.22
300088,日线,2026-06-17,10.57,85,S,3.9,8.8,6.48,125.6,47.3,LEG1,是,是,79.7,1.39,6.35
300054,日线,2026-06-17,91.13,85,S,15.36,81.58,24.48,431.1,86.2,LEG1,是,是,77.5,1.38,23.99
300263,日线,2026-06-17,16.63,85,S,4.5,14.54,10.77,223.1,37.5,BREAKOUT,是,是,82.1,1.65,10.55
300522,日线,2026-06-17,16.01,85,S,6.7,14.31,10.93,113.6,44.4,BREAKOUT,是,是,78.8,3.55,10.71
300481,日线,2026-06-17,19.36,85,S,10.32,16.69,13.08,61.7,56.7,BREAKOUT,是,是,82.9,1.48,12.82
300488,日线,2026-06-17,47.99,85,S,15.7,41.56,30.62,164.7,42.3,BREAKOUT,是,是,85.7,1.8,30.01
600206,日线,2026-06-17,39.79,85,S,8.07,31.6,18.81,291.6,54.4,LEG1,是,是,80.1,1.83,18.43
600259,日线,2026-06-17,105.71,85,S,22.88,110.0,79.56,380.8,34.9,READY,否,是,76.2,1.76,77.97
600228,日线,2026-06-16,8.92,85,S,2.95,6.98,4.91,136.6,51.4,LEG1,是,是,90.5,2.57,4.81
600226,日线,2026-06-17,8.87,85,S,1.82,7.04,4.6,286.8,46.7,LEG1,是,是,84.3,1.45,4.51
399276,日线,2026-06-17,10257.03,82,S,3454.15,10558.98,4499.45,205.7,85.3,LEG1,否,是,63.7,1.0,4409.46
399293,日线,2026-06-17,8469.89,82,S,2771.86,8742.98,3713.98,215.4,84.2,LEG1,否,是,63.8,1.08,3639.7
301512,日线,2026-06-17,56.45,82,S,30.0,58.75,50.51,95.8,28.7,LEG1,否,是,61.4,1.19,49.5
601009,日线,2026-06-17,11.14,82,S,8.07,11.95,10.59,48.1,35.1,READY,否,是,41.9,1.01,10.38
600688,日线,2026-06-17,3.06,82,S,2.38,3.72,2.7,56.3,76.1,LEG1,否,是,54.0,1.13,2.65
600665,日线,2026-06-17,3.62,82,S,2.0,3.6,3.01,80.0,36.9,LEG1,是,是,48.9,1.23,2.95
688802,日线,2026-06-17,732.5,82,S,479.01,774.7,633.99,61.7,47.6,LEG1,否,是,57.6,1.02,621.31
688535,日线,2026-06-17,133.97,82,S,46.68,148.0,106.21,217.1,41.2,READY,否,是,63.1,1.16,104.09
688585,日线,2026-06-17,174.54,82,S,4.2,223.24,104.6,5215.2,54.2,LEG1,否,是,59.8,1.06,102.51
601991,日线,2026-06-17,9.13,82,S,2.19,9.92,6.91,353.0,38.9,READY,否,是,69.3,1.15,6.77
600962,日线,2026-06-17,25.51,82,S,7.52,28.97,10.79,285.2,84.8,LEG1,否,是,55.2,1.24,10.57
600703,日线,2026-06-17,17.16,82,S,9.45,17.6,14.59,86.2,36.9,LEG1,否,是,60.1,1.11,14.3
002910,日线,2026-06-17,11.16,82,S,5.61,11.63,9.0,107.3,43.7,READY,否,否,73.7,2.97,8.82
002938,日线,2026-06-17,119.01,82,S,15.92,117.34,48.38,637.1,68.0,LEG1,是,是,67.1,1.18,47.41
688172,日线,2026-06-17,66.66,82,S,11.86,79.57,36.16,570.9,64.1,LEG1,否,是,55.3,1.05,35.44
002225,日线,2026-06-17,4.42,82,S,2.58,4.58,3.66,77.5,46.0,LEG1,否,否,64.2,2.11,3.59
002957,日线,2026-06-17,57.36,82,S,9.97,72.4,18.72,626.2,86.0,LEG1,否,是,56.2,1.06,18.35
688096,日线,2026-06-17,13.41,82,S,4.28,15.5,7.6,262.1,70.4,LEG1,否,是,55.2,1.22,7.45
688003,日线,2026-06-17,116.2,82,S,21.12,117.74,52.65,457.5,67.4,LEG1,否,是,66.4,1.29,51.6
688008,日线,2026-06-17,262.5,82,S,42.2,288.79,125.0,584.3,66.4,LEG1,否,是,65.0,1.07,122.5
688055,日线,2026-06-17,5.47,82,S,2.45,5.5,4.57,124.5,30.5,LEG1,否,是,65.6,1.08,4.48
688001,日线,2026-06-17,73.69,82,S,19.74,85.45,27.83,332.9,87.7,LEG1,否,是,64.7,1.12,27.27
002156,日线,2026-06-17,67.22,82,S,17.2,72.5,59.4,321.5,23.7,LEG1,否,是,59.2,1.01,58.21
002134,日线,2026-06-17,29.78,82,S,5.46,33.66,25.09,516.5,30.4,READY,否,是,62.5,1.0,24.59
001389,日线,2026-06-17,205.8,82,S,32.77,199.74,99.03,509.5,60.3,LEG1,是,是,70.6,1.12,97.05
688257,日线,2026-06-17,101.86,82,S,12.8,114.6,58.61,795.3,55.0,LEG1,否,是,54.8,1.05,57.44
688246,日线,2026-06-17,25.35,82,S,15.01,25.88,20.14,72.4,52.8,LEG1,否,是,65.3,1.27,19.74
001218,日线,2026-06-17,27.24,82,S,12.7,29.29,23.81,130.6,33.0,READY,否,否,70.3,2.35,23.33
688478,日线,2026-06-17,67.03,82,S,21.02,77.75,52.9,269.9,43.8,READY,否,是,60.8,1.13,51.84
001266,日线,2026-06-17,50.82,82,S,17.53,56.45,43.56,222.0,33.1,READY,否,是,67.6,1.21,42.69
688234,日线,2026-06-17,149.66,82,S,40.88,180.75,119.89,342.1,43.5,READY,否,是,62.9,1.17,117.49
688253,日线,2026-06-17,57.82,82,S,24.16,68.5,53.0,183.5,35.0,READY,否,是,49.4,1.15,51.94
002185,日线,2026-06-17,19.05,82,S,5.65,21.96,12.34,288.7,59.0,LEG1,否,是,63.1,1.05,12.09
002634,日线,2026-06-17,5.21,82,S,2.64,5.25,4.25,98.9,38.3,LEG1,否,否,66.5,1.35,4.17
002849,日线,2026-06-17,17.74,82,S,8.78,19.78,14.59,125.3,47.2,LEG1,否,否,61.5,1.48,14.3
688115,日线,2026-06-17,58.45,82,S,16.91,59.9,44.66,254.2,35.5,LEG1,否,是,63.4,1.12,43.77
002787,日线,2026-06-17,29.5,82,S,4.18,30.42,9.71,627.8,78.9,LEG1,否,是,66.3,1.01,9.52
002263,日线,2026-06-17,4.37,82,S,1.73,4.07,3.53,135.3,23.1,BREAKOUT,是,否,69.2,1.96,3.46
300588,日线,2026-06-17,22.22,82,S,5.96,20.35,19.9,241.4,3.1,BREAKOUT,是,否,74.1,1.5,19.5
300667,日线,2026-06-17,19.37,82,S,9.23,20.44,16.52,121.5,35.0,LEG1,否,是,54.8,1.01,16.19
603516,日线,2026-06-17,135.63,82,S,10.79,139.03,113.26,1188.5,20.1,LEG1,否,否,66.2,1.65,110.99
300672,日线,2026-06-17,325.3,82,S,36.24,376.8,150.69,939.7,66.4,LEG1,否,是,68.1,1.18,147.68
300265,日线,2026-06-17,23.72,82,S,4.68,24.97,19.9,433.5,25.0,LEG1,否,是,60.1,1.04,19.5
300538,日线,2026-06-17,18.4,82,S,9.42,19.14,15.9,103.2,33.3,LEG1,否,是,62.3,1.15,15.58
300174,日线,2026-06-17,27.97,82,S,10.89,29.5,22.85,170.9,35.7,READY,否,是,66.0,1.04,22.39
300041,日线,2026-06-17,14.57,82,S,6.77,16.08,12.67,137.5,36.6,READY,否,是,63.7,1.05,12.42
605018,日线,2026-06-17,15.48,82,S,6.31,20.78,10.03,229.3,74.3,LEG1,否,是,46.4,1.19,9.83
300019,日线,2026-06-17,18.86,82,S,10.06,19.37,16.27,92.5,33.3,READY,否,否,70.4,1.73,15.94
300042,日线,2026-06-17,67.47,82,S,15.15,70.2,54.8,363.4,28.0,LEG1,否,是,60.6,1.23,53.7
603867,日线,2026-06-17,40.0,82,S,18.63,43.98,35.55,136.1,33.3,READY,否,是,65.4,1.01,34.84
603687,日线,2026-06-17,18.45,82,S,5.56,17.87,14.95,221.4,23.7,BREAKOUT,是,是,55.6,1.1,14.65
300209,日线,2026-06-17,28.38,82,S,1.15,31.56,5.9,2644.3,84.4,LEG1,否,是,62.8,1.04,5.78
300096,日线,2026-06-17,9.8,82,S,1.92,10.05,7.6,423.4,30.1,READY,否,否,70.9,1.78,7.45
300581,日线,2026-06-17,12.34,82,S,5.58,13.89,10.15,148.9,45.0,READY,否,否,59.5,1.67,9.95
301003,日线,2026-06-17,56.68,82,S,14.4,56.79,49.71,294.4,16.7,LEG1,否,否,72.8,1.47,48.72
301092,日线,2026-06-17,51.3,82,S,15.53,52.8,31.3,240.0,57.7,LEG1,否,是,65.8,1.3,30.67
603267,日线,2026-06-17,75.0,82,S,28.31,83.57,46.71,195.2,66.7,LEG1,否,是,61.1,1.03,45.78
603228,日线,2026-06-17,80.76,82,S,15.02,89.9,67.04,498.5,30.5,READY,否,是,61.7,1.15,65.7
300776,日线,2026-06-17,173.0,82,S,36.71,184.88,140.54,403.6,29.9,LEG1,否,是,63.9,1.04,137.73
300836,日线,2026-06-17,75.03,82,S,12.73,82.0,36.3,544.1,66.0,LEG1,否,是,61.7,1.04,35.57
603270,日线,2026-06-17,30.2,82,S,15.51,31.68,25.95,104.3,35.4,LEG1,否,是,59.3,1.24,25.43
603269,日线,2026-06-17,23.53,82,S,6.94,23.84,12.8,243.5,65.3,LEG1,否,是,60.1,1.14,12.54
300553,日线,2026-06-17,70.11,82,S,16.95,71.0,41.55,318.9,54.5,LEG1,否,是,66.0,1.07,40.72
600067,日线,2026-06-17,3.38,82,S,1.55,3.61,2.82,132.9,38.3,BREAKOUT,否,否,57.2,1.86,2.76
300939,日线,2026-06-17,71.54,82,S,19.21,79.36,35.9,313.1,72.3,LEG1,否,是,71.4,1.15,35.18
300964,日线,2026-06-17,113.92,82,S,18.25,115.32,49.0,531.9,68.3,LEG1,否,是,66.8,1.14,48.02
603135,日线,2026-06-17,12.74,82,S,7.7,16.18,9.99,110.1,73.0,LEG1,否,是,49.6,1.01,9.79
603156,日线,2026-06-17,43.89,82,S,17.61,53.0,38.44,201.0,41.1,READY,否,是,67.2,1.04,37.67
603032,日线,2026-06-17,25.72,82,S,10.32,28.22,16.65,173.4,64.6,LEG1,否,是,64.3,1.03,16.32
399346,日线,2026-06-17,5460.22,82,S,2211.16,5575.02,2637.9,152.1,87.3,LEG1,否,是,63.8,1.1,2585.14
399001,日线,2026-06-17,15880.95,80,S,7683.63,16047.41,9119.6,108.9,82.8,LEG1,否,是,64.3,0.97,8937.21
399300,日线,2026-06-17,4931.39,80,S,3108.35,4991.85,3514.12,60.6,78.5,LEG1,否,是,62.2,0.95,3443.84
000688,日线,2026-06-17,40.8,80,S,6.91,46.06,38.6,566.6,19.1,BREAKOUT,否,是,43.9,0.83,37.83
399974,日线,2026-06-17,2021.19,80,S,1382.09,2034.76,1527.4,47.2,77.7,LEG1,否,是,67.4,0.82,1496.85
399370,日线,2026-06-17,5830.88,80,S,3000.15,5901.69,3463.45,96.7,84.0,LEG1,否,是,65.9,0.96,3394.18
399296,日线,2026-06-17,9896.57,80,S,3242.38,9775.62,5261.04,201.5,69.1,LEG1,是,是,70.8,0.96,5155.82
000688,日线,2026-06-17,40.8,80,S,6.91,46.06,38.6,566.6,19.1,BREAKOUT,否,是,43.9,0.83,37.83
000725,日线,2026-06-17,6.71,80,S,3.53,6.77,5.11,91.8,51.2,LEG1,否,是,70.1,0.87,5.01
300820,日线,2026-06-17,73.16,80,S,30.66,77.5,60.83,152.8,35.6,READY,否,是,71.8,0.85,59.61
601137,日线,2026-06-17,26.01,80,S,11.65,22.45,17.33,92.7,47.4,LEG1,是,是,69.3,0.89,16.98
000759,日线,2026-06-17,6.05,80,S,2.71,6.33,5.02,133.6,36.2,READY,否,是,56.1,0.88,4.92
601187,日线,2026-06-17,7.84,80,S,4.44,7.71,6.94,73.6,23.5,BREAKOUT,是,是,62.6,0.93,6.8
300868,日线,2026-06-17,139.1,80,S,8.88,131.0,23.2,1375.2,88.3,LEG1,是,是,69.3,0.91,22.74
601066,日线,2026-06-17,25.92,80,S,17.74,26.53,20.9,49.5,64.1,LEG1,否,是,68.0,0.87,20.48
600522,日线,2026-06-17,54.91,80,S,10.42,47.4,24.6,354.9,61.7,LEG1,是,是,71.6,0.92,24.11
688097,日线,2026-06-17,69.84,80,S,17.5,77.9,52.36,345.1,42.3,LEG1,否,是,62.3,0.99,51.31
000598,日线,2026-06-17,6.91,80,S,5.36,7.19,6.5,34.1,37.7,LEG1,否,是,50.9,0.79,6.37
600237,日线,2026-06-17,12.56,80,S,3.98,12.6,7.97,216.6,53.7,LEG1,否,是,67.9,0.86,7.81
003022,日线,2026-06-17,28.3,80,S,11.94,26.98,22.31,126.0,31.1,BREAKOUT,是,是,73.7,0.88,21.86
603303,日线,2026-06-17,30.97,80,S,8.33,29.8,13.03,257.7,78.1,LEG1,是,是,60.3,0.97,12.77
603311,日线,2026-06-17,40.39,80,S,6.4,41.19,14.16,543.6,77.7,LEG1,否,是,71.7,0.96,13.88
002654,日线,2026-06-17,17.06,80,S,7.07,20.1,14.07,184.3,46.3,READY,否,是,65.9,0.89,13.79
603618,日线,2026-06-17,51.73,80,S,3.63,46.44,21.4,1179.3,58.5,LEG1,是,是,74.4,0.37,20.97
002983,日线,2026-06-17,26.04,80,S,13.99,27.5,21.62,96.6,43.5,READY,否,是,62.8,0.82,21.19
002733,日线,2026-06-17,35.88,80,S,9.63,32.82,25.05,240.8,33.5,BREAKOUT,是,是,59.9,0.94,24.55
002948,日线,2026-06-17,5.77,80,S,2.92,5.73,4.69,96.2,37.0,LEG1,是,是,53.4,0.62,4.6
301528,日线,2026-06-17,92.88,80,S,33.15,76.25,54.32,130.0,50.9,LEG1,是,是,73.6,0.84,53.23
301565,日线,2026-06-17,27.22,80,S,16.24,30.0,19.99,84.7,72.7,LEG1,否,是,55.9,0.72,19.59
603690,日线,2026-06-17,28.93,80,S,17.12,31.82,23.95,85.9,53.5,READY,否,是,62.4,0.96,23.47
002552,日线,2026-06-17,72.16,80,S,10.1,21.59,15.19,113.8,55.7,BREAKOUT,是,是,74.8,0.8,14.89
603669,日线,2026-06-17,4.82,80,S,2.94,4.52,4.01,53.7,32.3,BREAKOUT,是,是,73.0,0.87,3.93
603268,日线,2026-06-17,151.34,80,S,11.16,168.53,32.03,1410.1,86.7,LEG1,否,是,56.2,0.74,31.39
603285,日线,2026-06-17,50.58,80,S,18.02,55.47,38.0,207.8,46.6,READY,否,是,65.9,0.82,37.24
301486,日线,2026-06-17,260.12,80,S,25.07,299.9,139.55,1096.3,58.3,LEG1,否,是,63.3,0.95,136.76
688536,日线,2026-06-17,340.58,80,S,66.8,345.66,155.0,417.5,68.4,LEG1,否,是,71.8,0.75,151.9
002611,日线,2026-06-17,18.18,80,S,3.59,19.24,8.66,435.9,67.6,LEG1,否,是,51.2,0.7,8.49
002635,日线,2026-06-17,18.37,80,S,10.5,18.08,16.41,72.2,22.0,BREAKOUT,是,是,63.1,0.71,16.08
603638,日线,2026-06-17,24.13,80,S,13.25,26.86,21.3,102.7,40.9,READY,否,是,55.6,0.79,20.87
688025,日线,2026-06-17,445.0,80,S,30.0,465.88,196.0,1452.9,61.9,LEG1,否,是,70.0,0.97,192.08
688035,日线,2026-06-17,97.33,80,S,23.23,96.8,72.04,316.7,33.7,BREAKOUT,是,是,72.6,0.96,70.6
300769,日线,2026-06-17,68.58,80,S,22.23,79.69,57.88,258.5,38.0,READY,否,否,65.0,1.44,56.72
601328,日线,2026-06-17,6.9,80,S,5.62,6.78,6.65,20.6,11.2,BREAKOUT,是,是,51.5,0.85,6.52
688006,日线,2026-06-17,37.78,80,S,13.72,42.57,30.2,210.3,42.9,READY,否,是,60.4,0.84,29.6
000068,日线,2026-06-17,3.43,80,S,2.4,4.22,2.89,75.8,73.1,LEG1,否,是,50.6,0.87,2.83
688141,日线,2026-06-17,135.4,80,S,12.67,106.98,42.51,744.4,68.4,LEG1,是,是,73.1,0.69,41.66
300909,日线,2026-06-17,51.14,80,S,14.25,51.34,36.7,260.3,39.5,LEG1,否,是,74.9,0.9,35.97
000887,日线,2026-06-17,22.1,80,S,8.57,22.61,17.36,163.8,37.4,LEG1,否,是,61.6,0.56,17.01
000921,日线,2026-06-17,27.88,80,S,21.03,25.03,23.74,19.0,32.3,BREAKOUT,是,是,61.2,0.9,23.27
300131,日线,2026-06-17,18.79,80,S,3.38,23.66,15.21,600.0,41.7,READY,否,是,58.6,0.93,14.91
688325,日线,2026-06-17,141.96,80,S,18.38,153.99,37.3,737.8,86.0,LEG1,否,是,63.7,0.67,36.55
301362,日线,2026-06-17,233.99,80,S,25.53,268.88,149.11,953.2,49.2,READY,否,是,68.5,0.92,146.13
688305,日线,2026-06-17,68.7,80,S,52.12,73.68,56.56,41.4,79.4,LEG1,否,是,64.3,0.7,55.43
300083,日线,2026-06-17,11.24,80,S,3.57,12.47,9.25,249.3,36.2,READY,否,是,64.4,0.89,9.06
300120,日线,2026-06-17,9.35,80,S,3.49,9.19,7.17,163.3,35.4,LEG1,是,是,65.6,0.91,7.03
002529,日线,2026-06-17,8.24,80,S,4.46,9.15,6.6,105.2,54.4,LEG1,否,否,60.5,1.69,6.47
002534,日线,2026-06-17,21.4,80,S,7.12,22.39,15.71,214.5,43.7,LEG1,否,是,68.7,0.99,15.4
002536,日线,2026-06-17,44.73,80,S,8.0,43.8,26.89,447.5,47.2,LEG1,是,是,62.0,0.71,26.35
603683,日线,2026-06-17,31.86,80,S,6.01,34.58,24.34,475.4,35.8,LEG1,否,是,58.3,0.78,23.85
600301,日线,2026-06-17,66.41,80,S,8.67,69.76,48.63,704.6,34.6,LEG1,否,是,64.7,0.83,47.66
603722,日线,2026-06-17,37.45,80,S,28.32,42.19,33.5,49.0,62.7,READY,否,是,48.0,0.87,32.83
603726,日线,2026-06-17,29.08,80,S,7.97,31.49,24.0,295.1,31.8,READY,否,是,70.5,0.94,23.52
603206,日线,2026-06-17,18.12,80,S,10.82,23.13,14.73,113.8,68.2,LEG1,否,是,55.8,1.0,14.44
688308,日线,2026-06-17,174.47,80,S,14.07,170.88,85.25,1114.5,54.6,LEG1,是,是,72.2,0.84,83.55
688319,日线,2026-06-17,36.75,80,S,7.06,41.63,30.25,489.7,32.9,READY,否,是,61.4,0.7,29.64
301302,日线,2026-06-17,30.38,80,S,13.01,35.2,24.01,170.6,50.4,LEG1,否,是,56.1,0.81,23.53
301305,日线,2026-06-17,30.73,80,S,11.75,32.47,23.18,176.3,44.8,LEG1,否,是,61.2,0.39,22.72
301307,日线,2026-06-17,68.85,80,S,15.91,70.44,32.0,342.7,70.5,LEG1,否,是,74.2,0.9,31.36
301319,日线,2026-06-17,164.5,80,S,23.15,134.99,80.27,483.1,48.9,BREAKOUT,是,是,74.9,0.82,78.66
688583,日线,2026-06-17,131.07,80,S,74.72,138.3,106.88,85.1,49.4,READY,否,是,62.9,0.93,104.74
002457,日线,2026-06-17,13.48,80,S,5.81,13.97,10.98,140.4,36.6,READY,否,是,65.4,0.97,10.76
300716,日线,2026-06-17,19.84,80,S,4.5,17.5,10.07,288.9,57.2,LEG1,是,是,73.8,0.94,9.87
000960,日线,2026-06-17,41.43,80,S,10.73,44.96,33.2,319.0,34.4,READY,否,是,61.5,0.94,32.54
300931,日线,2026-06-17,16.77,80,S,3.79,17.94,6.4,373.4,81.6,LEG1,否,否,71.4,2.18,6.27
000060,日线,2026-06-17,7.97,80,S,3.57,8.44,6.85,136.4,32.6,READY,否,是,61.6,0.88,6.71
000063,日线,2026-06-17,37.64,80,S,20.89,41.3,31.8,97.7,46.5,LEG1,否,是,51.6,0.69,31.16
600552,日线,2026-06-17,24.13,80,S,8.28,23.88,11.4,188.4,80.0,LEG1,是,是,71.8,0.56,11.17
601665,日线,2026-06-17,6.34,80,S,3.82,6.3,5.52,64.9,31.5,LEG1,是,是,56.3,0.61,5.41
300686,日线,2026-06-17,19.25,80,S,4.13,20.48,14.85,395.9,34.4,LEG1,否,是,62.3,0.76,14.55
002353,日线,2026-06-17,157.65,80,S,23.99,162.98,33.38,579.4,93.2,LEG1,否,是,64.5,0.65,32.71
300235,日线,2026-06-17,13.82,80,S,6.08,14.68,12.19,141.4,29.0,LEG1,否,是,44.5,0.99,11.95
603175,日线,2026-06-17,102.97,80,S,63.42,101.93,77.67,60.7,63.0,BREAKOUT,是,是,76.0,2.36,76.12
002371,日线,2026-06-17,704.22,80,S,222.66,721.6,568.22,224.1,30.7,READY,否,是,72.7,0.84,556.86
603800,日线,2026-06-17,81.33,80,S,15.72,82.3,38.0,423.5,66.5,LEG1,否,是,66.8,0.82,37.24
603194,日线,2026-06-17,37.04,80,S,28.57,37.45,33.33,31.1,46.4,BREAKOUT,否,是,54.4,0.68,32.66
301281,日线,2026-06-17,50.18,80,S,18.52,43.34,33.64,134.0,39.1,LEG1,是,是,69.9,0.66,32.97
688610,日线,2026-06-17,239.7,80,S,23.49,205.0,76.11,772.7,71.0,LEG1,是,是,66.9,0.53,74.59
002422,日线,2026-06-17,35.62,80,S,21.6,38.27,33.25,77.2,30.1,READY,否,是,49.6,0.62,32.59
300346,日线,2026-06-17,65.33,80,S,16.96,63.05,48.28,271.8,32.0,BREAKOUT,是,是,64.4,0.94,47.31
300353,日线,2026-06-17,22.32,80,S,6.47,22.46,18.44,247.1,25.1,LEG1,否,是,56.6,0.91,18.07
002174,日线,2026-06-17,11.62,80,S,6.85,12.8,9.04,86.9,63.2,LEG1,否,是,59.8,0.85,8.86
688629,日线,2026-06-17,157.05,80,S,14.7,159.8,80.65,987.1,54.5,LEG1,否,是,67.1,0.98,79.04
301200,日线,2026-06-17,328.08,80,S,26.76,304.86,87.42,1039.2,78.2,LEG1,是,是,73.5,0.84,85.67
301218,日线,2026-06-17,46.0,80,S,15.8,44.88,31.92,184.1,44.6,LEG1,是,是,71.7,0.92,31.28
301228,日线,2026-06-17,84.24,80,S,6.92,71.56,34.02,934.1,58.1,LEG1,是,是,73.0,0.71,33.34
603843,日线,2026-06-17,8.38,80,S,1.59,9.85,5.07,519.5,57.9,LEG1,否,是,49.4,0.94,4.97
603859,日线,2026-06-17,50.77,80,S,13.28,58.0,35.42,336.7,50.5,LEG1,否,是,55.9,0.93,34.71
603150,日线,2026-06-17,78.36,80,S,20.0,72.92,43.35,264.6,55.9,LEG1,是,是,68.9,0.91,42.48
600114,日线,2026-06-17,43.24,80,S,10.4,40.25,25.66,287.0,48.9,LEG1,是,是,68.4,0.77,25.15
000988,日线,2026-06-17,170.51,80,S,22.96,175.8,99.87,665.7,49.7,LEG1,否,是,68.9,0.91,97.87
605303,日线,2026-06-17,31.49,80,S,5.68,30.42,23.02,435.6,29.9,BREAKOUT,是,是,68.5,0.73,22.56
001256,日线,2026-06-17,25.61,80,S,11.25,26.86,21.82,138.8,32.3,READY,否,是,64.8,0.93,21.38
300657,日线,2026-06-17,47.82,80,S,10.98,58.55,38.9,433.2,41.3,READY,否,是,61.4,0.82,38.12
300668,日线,2026-06-17,63.3,80,S,13.9,64.5,24.0,364.0,80.0,LEG1,否,否,66.6,1.43,23.52
000021,日线,2026-06-17,42.91,80,S,10.18,47.03,34.85,362.0,33.1,READY,否,是,67.2,0.91,34.15
688181,日线,2026-06-17,45.73,80,S,14.05,49.3,37.19,250.9,34.4,READY,否,是,65.5,0.8,36.45
000055,日线,2026-06-17,3.82,80,S,3.15,4.44,3.41,41.0,79.8,LEG1,否,是,57.3,0.82,3.34
301013,日线,2026-06-17,65.32,80,S,6.85,26.05,20.35,280.3,29.7,BREAKOUT,是,是,68.1,0.92,19.94
605186,日线,2026-06-17,32.85,80,S,16.34,27.51,23.37,68.4,37.1,BREAKOUT,是,是,66.9,0.73,22.9
603938,日线,2026-06-17,55.44,80,S,9.4,56.78,40.37,504.0,34.6,BREAKOUT,否,是,58.2,0.85,39.56
300410,日线,2026-06-17,13.26,80,S,3.78,12.97,7.59,243.1,58.5,LEG1,是,是,71.1,0.97,7.44
300416,日线,2026-06-17,19.43,80,S,9.24,20.28,17.87,119.5,21.8,LEG1,否,是,69.3,0.88,17.51
603061,日线,2026-06-17,340.24,80,S,53.8,366.0,268.63,580.3,31.2,READY,否,是,67.1,0.98,263.26
603078,日线,2026-06-17,47.28,80,S,9.11,38.5,23.9,322.6,49.7,LEG1,是,是,73.0,0.9,23.42
300390,日线,2026-06-17,91.75,80,S,15.62,96.85,42.89,520.0,66.4,LEG1,否,是,54.7,0.98,42.03
301195,日线,2026-06-17,34.55,80,S,24.01,36.0,29.85,49.9,51.3,LEG1,否,是,62.8,0.88,29.25
688260,日线,2026-06-17,123.61,80,S,9.75,29.09,24.61,198.4,23.2,BREAKOUT,是,是,73.7,0.75,24.12
605208,日线,2026-06-17,15.76,80,S,4.81,15.5,12.69,222.2,26.3,LEG1,是,是,69.0,0.7,12.44
300602,日线,2026-06-17,49.15,80,S,9.05,49.29,28.99,444.6,50.4,LEG1,否,是,71.4,0.81,28.41
601869,日线,2026-06-17,460.5,80,S,20.61,495.0,72.28,2301.7,89.1,LEG1,否,是,60.6,0.83,70.83
300623,日线,2026-06-17,36.87,80,S,10.21,38.38,26.38,275.9,42.6,LEG1,否,是,67.2,0.77,25.85
001339,日线,2026-06-17,115.39,80,S,19.18,119.9,57.0,525.1,62.5,LEG1,否,是,76.4,1.36,55.86
300590,日线,2026-06-17,15.77,80,S,6.45,16.19,10.51,151.0,58.3,LEG1,否,是,68.3,0.99,10.3
688199,日线,2026-06-17,30.44,80,S,11.05,32.5,25.0,194.1,35.0,READY,否,是,64.4,0.82,24.5
301045,日线,2026-06-17,61.1,80,S,13.1,64.75,49.0,394.3,30.5,READY,否,是,69.9,0.65,48.02
301067,日线,2026-06-17,36.4,80,S,16.91,37.82,28.8,123.7,43.1,LEG1,否,是,61.2,0.82,28.22
688809,日线,2026-06-17,591.97,80,S,301.21,540.99,430.95,79.6,45.9,BREAKOUT,是,是,71.5,0.91,422.33
001896,日线,2026-06-17,21.76,80,S,2.93,24.04,14.38,720.5,45.8,LEG1,否,是,62.1,0.95,14.09
605111,日线,2026-06-17,71.15,80,S,25.7,70.79,55.1,175.4,34.8,BREAKOUT,是,是,72.5,0.77,54.0
002046,日线,2026-06-17,62.01,80,S,7.19,66.28,24.74,821.8,70.3,LEG1,否,是,60.1,0.69,24.25
300491,日线,2026-06-17,35.3,80,S,12.48,35.42,22.6,183.8,55.9,LEG1,否,是,73.8,0.97,22.15
603976,日线,2026-06-17,27.7,80,S,11.31,26.09,20.56,130.7,37.4,BREAKOUT,是,是,74.0,0.81,20.15
603995,日线,2026-06-17,21.38,80,S,13.46,21.29,17.6,58.2,47.1,BREAKOUT,是,是,70.1,0.8,17.25
603040,日线,2026-06-17,96.42,80,S,16.0,102.0,78.26,537.5,27.6,LEG1,否,是,67.7,0.6,76.69
688668,日线,2026-06-17,408.3,80,S,27.62,440.0,131.56,1493.0,74.8,LEG1,否,是,63.6,0.88,128.93
301123,日线,2026-06-17,114.87,80,S,11.1,120.15,37.68,982.4,75.6,LEG1,否,是,69.9,0.93,36.93
688699,日线,2026-06-17,65.35,80,S,20.18,70.74,54.03,250.5,33.0,READY,否,是,65.2,0.86,52.95
688700,日线,2026-06-17,99.77,80,S,16.95,95.0,36.87,460.5,74.5,LEG1,是,是,68.3,0.92,36.13
688702,日线,2026-06-17,303.0,80,S,27.04,331.58,154.95,1126.3,58.0,LEG1,否,是,64.8,0.86,151.85
300576,日线,2026-06-17,51.22,80,S,25.5,54.94,38.88,115.5,54.6,READY,否,是,71.4,0.76,38.1
603001,日线,2026-06-17,10.81,80,S,3.73,11.12,8.12,198.1,40.6,LEG1,否,是,59.4,0.68,7.96
300550,日线,2026-06-17,14.75,80,S,7.03,15.68,11.87,123.0,44.0,LEG1,否,是,59.3,0.58,11.63
600869,日线,2026-06-17,33.26,80,S,2.66,23.5,6.62,783.5,81.0,LEG1,是,是,72.3,0.85,6.49
600881,日线,2026-06-17,1.59,80,S,0.77,1.73,1.43,124.7,31.3,BREAKOUT,否,是,45.0,0.82,1.4
688768,日线,2026-06-17,54.8,80,S,17.41,57.2,42.57,228.5,36.8,LEG1,否,是,56.0,0.65,41.72
688777,日线,2026-06-17,117.2,80,S,34.0,85.18,62.5,150.5,44.3,LEG1,是,是,72.9,0.78,61.25
688786,日线,2026-06-17,47.09,80,S,18.35,42.71,29.4,132.8,54.6,LEG1,是,是,62.4,0.97,28.81
688787,日线,2026-06-17,157.38,80,S,37.23,167.86,119.01,350.9,37.4,LEG1,否,是,64.5,0.75,116.63
300558,日线,2026-06-17,50.75,80,S,30.43,53.55,46.56,76.0,30.2,BREAKOUT,否,是,49.4,0.79,45.63
600255,日线,2026-06-17,4.37,80,S,1.35,4.83,3.04,257.8,51.4,LEG1,否,是,56.4,0.85,2.98
399002,日线,2026-06-17,21440.96,80,S,9908.08,21621.04,12031.08,118.2,81.9,LEG1,否,是,64.7,0.97,11790.46
399019,日线,2026-06-17,5126.49,80,S,2078.97,5289.88,2968.15,154.4,72.3,LEG1,否,是,66.9,0.97,2908.79
603386,日线,2026-06-17,18.16,80,S,8.01,19.36,12.58,141.7,59.7,LEG1,否,是,61.2,0.96,12.33
399376,日线,2026-06-17,7628.24,80,S,3384.67,7868.27,4029.44,132.5,85.6,LEG1,否,是,69.3,0.82,3948.85
399355,日线,2026-06-17,3825.42,80,S,2403.14,3872.6,2862.75,61.1,68.7,LEG1,否,是,74.8,0.91,2805.49
688396,日线,2026-06-17,73.78,80,S,33.06,74.5,43.71,125.3,74.3,LEG1,否,是,65.2,0.79,42.84
000608,日线,2026-06-17,6.9,80,S,1.29,4.24,2.26,228.7,67.1,LEG1,是,是,70.7,0.96,2.21
000668,日线,2026-06-17,21.24,80,S,4.09,22.48,8.59,449.6,75.5,LEG1,否,是,59.3,0.99,8.42
300861,日线,2026-06-17,20.27,80,S,13.9,22.56,17.23,62.3,61.5,READY,否,是,63.4,0.72,16.89
002747,日线,2026-06-17,33.18,80,S,11.32,39.9,19.21,252.5,72.4,LEG1,否,是,56.8,0.79,18.83
002916,日线,2026-06-17,444.27,80,S,46.78,432.99,184.0,825.6,64.5,LEG1,是,是,74.2,0.79,180.32
688498,日线,2026-06-17,1612.0,80,S,78.3,1766.88,1000.08,2156.6,45.4,READY,否,是,73.6,0.71,980.08
688507,日线,2026-06-17,243.99,80,S,38.21,199.32,144.59,421.6,34.0,BREAKOUT,是,是,64.8,0.65,141.7
301591,日线,2026-06-17,50.87,80,S,27.5,58.68,42.51,113.4,51.9,READY,否,是,58.3,0.81,41.66
002838,日线,2026-06-17,34.8,80,S,7.98,38.3,20.38,379.9,59.1,LEG1,否,是,59.9,0.82,19.97
002860,日线,2026-06-17,13.99,80,S,6.85,14.78,12.07,115.8,34.2,READY,否,是,66.6,1.0,11.83
002876,日线,2026-06-17,32.55,80,S,17.52,33.56,27.02,91.6,40.8,LEG1,否,是,64.8,0.95,26.48
301571,日线,2026-06-17,70.3,79,A,32.07,64.56,53.23,101.3,34.9,BREAKOUT,是,否,72.1,1.11,52.17
688758,日线,2026-06-17,20.04,79,A,14.21,20.74,19.06,46.0,25.7,LEG1,否,否,65.3,1.08,18.68
002915,日线,2026-06-17,20.7,79,A,8.55,25.41,18.56,197.2,40.6,READY,否,否,46.8,1.15,18.19
601818,日线,2026-06-17,3.15,79,A,2.92,3.36,3.08,15.1,63.6,READY,否,否,48.4,1.18,3.02
603993,日线,2026-06-17,20.17,79,A,4.9,20.46,16.32,317.6,26.6,BREAKOUT,否,否,61.4,1.14,15.99
601658,日线,2026-06-17,4.98,79,A,4.29,5.05,4.87,17.7,23.7,BREAKOUT,否,否,41.9,1.18,4.77
000958,日线,2026-06-17,5.93,79,A,3.2,6.5,5.64,103.1,26.1,LEG1,否,否,43.1,1.19,5.53
002426,日线,2026-06-17,4.09,79,A,1.31,3.99,3.3,204.6,25.7,BREAKOUT,是,否,68.3,1.18,3.23
688602,日线,2026-06-17,7.96,79,A,5.52,8.16,6.68,47.8,56.1,READY,否,否,65.4,1.05,6.55
603713,日线,2026-06-17,60.89,79,A,34.82,59.0,48.9,69.4,41.8,BREAKOUT,是,否,71.0,1.15,47.92
002657,日线,2026-06-17,20.82,79,A,10.04,22.26,17.57,121.7,38.4,READY,否,否,58.2,1.18,17.22
688335,日线,2026-06-17,33.32,79,A,7.21,32.4,26.26,349.4,24.4,BREAKOUT,是,否,72.4,1.16,25.73
300925,日线,2026-06-17,17.96,79,A,6.92,19.88,15.69,187.3,32.3,LEG1,否,否,47.4,1.08,15.38
300655,日线,2026-06-17,16.62,79,A,5.39,18.3,13.3,239.5,38.7,READY,否,否,63.1,1.13,13.03
300376,日线,2026-06-17,6.3,79,A,2.07,6.2,4.69,199.5,36.6,BREAKOUT,是,否,63.0,1.27,4.6
603519,日线,2026-06-17,14.88,77,A,8.71,14.85,12.9,70.5,31.8,BREAKOUT,是,否,82.7,2.1,12.64
600105,日线,2026-06-17,63.09,77,A,3.31,59.72,4.37,1704.2,98.1,LEG1,是,是,75.3,1.18,4.28
688381,日线,2026-06-17,50.38,77,A,13.22,52.52,35.24,297.3,44.0,READY,否,是,77.2,1.03,34.54
002850,日线,2026-06-17,203.88,77,A,56.0,216.66,164.31,286.9,32.6,READY,否,是,77.3,1.23,161.02
300568,日线,2026-06-17,20.3,77,A,6.73,18.96,14.92,181.7,33.0,BREAKOUT,是,是,77.4,1.06,14.62
300570,日线,2026-06-17,265.99,77,A,26.41,192.0,115.54,627.0,46.2,LEG1,是,是,84.1,1.12,113.23
300489,日线,2026-06-17,214.0,77,A,10.39,158.58,45.68,1426.3,76.2,LEG1,是,是,81.4,1.09,44.77
300566,日线,2026-06-17,35.1,77,A,9.63,20.75,17.25,115.5,31.5,LEG1,是,是,83.4,1.21,16.91
600641,日线,2026-06-17,33.0,77,A,9.14,31.8,24.21,247.9,33.5,BREAKOUT,是,是,76.1,1.2,23.73
603986,日线,2026-06-17,586.04,77,A,55.2,538.0,176.0,874.6,75.0,LEG1,是,是,77.7,1.09,172.48
002925,日线,2026-06-17,21.85,77,A,10.42,23.06,18.59,121.3,35.4,LEG1,否,是,57.9,1.21,18.22
002931,日线,2026-06-17,76.02,77,A,7.6,69.88,51.0,819.5,30.3,BREAKOUT,是,是,77.2,1.21,49.98
688409,日线,2026-06-17,200.8,77,A,31.14,188.28,134.64,504.6,34.1,BREAKOUT,是,是,78.4,1.21,131.95
688403,日线,2026-06-17,28.82,77,A,6.37,23.05,13.76,261.9,55.7,LEG1,是,是,82.7,1.03,13.48
399356,日线,2026-06-17,10326.63,77,A,6999.73,10495.89,8389.97,49.9,60.2,LEG1,否,是,60.9,1.08,8222.17
600667,日线,2026-06-17,19.02,77,A,4.7,10.48,8.52,123.0,33.9,BREAKOUT,是,是,75.6,1.05,8.35
688757,日线,2026-06-17,59.7,77,A,19.7,45.32,35.88,130.1,36.8,BREAKOUT,是,是,89.2,1.08,35.16
600498,日线,2026-06-17,76.68,77,A,11.88,62.99,46.09,430.2,33.1,BREAKOUT,是,是,83.3,1.23,45.17
300860,日线,2026-06-17,25.42,77,A,19.43,26.66,24.4,37.2,31.3,LEG1,否,是,43.9,1.12,23.91
002903,日线,2026-06-17,53.32,77,A,12.56,50.11,37.44,299.0,33.7,BREAKOUT,是,是,75.5,1.01,36.69
600826,日线,2026-06-17,10.26,77,A,4.91,10.37,8.36,111.2,36.8,READY,否,否,78.7,1.41,8.19
301188,日线,2026-06-17,71.65,77,A,10.78,50.2,15.07,365.7,89.1,LEG1,是,是,82.5,1.07,14.77
301196,日线,2026-06-17,194.86,77,A,22.5,175.84,115.34,681.5,39.5,BREAKOUT,是,是,75.5,1.22,113.03
688237,日线,2026-06-17,57.53,77,A,15.02,57.6,23.71,283.5,79.6,LEG1,否,否,80.8,2.43,23.24
688652,日线,2026-06-17,157.68,77,A,34.01,176.66,121.05,419.4,39.0,READY,否,是,75.7,1.27,118.63
300613,日线,2026-06-17,68.42,77,A,24.5,67.32,40.68,174.8,62.2,LEG1,是,是,77.7,1.14,39.87
600909,日线,2026-06-17,8.79,77,A,3.93,8.16,6.88,107.6,30.3,BREAKOUT,是,是,82.2,1.15,6.74
300497,日线,2026-06-17,18.22,77,A,5.62,20.34,15.03,261.9,36.1,READY,否,否,75.6,1.74,14.73
002138,日线,2026-06-17,66.52,77,A,21.06,36.47,32.01,73.2,28.9,BREAKOUT,是,是,79.7,1.07,31.37
300508,日线,2026-06-17,56.57,77,A,13.73,51.54,40.18,275.4,30.0,BREAKOUT,是,是,78.3,1.0,39.38
002303,日线,2026-06-17,3.83,77,A,2.26,3.68,3.24,62.8,31.0,LEG1,是,否,81.9,4.87,3.18
688627,日线,2026-06-17,542.28,77,A,36.7,451.0,225.68,1128.9,54.4,LEG1,是,是,87.0,1.23,221.17
300641,日线,2026-06-17,19.39,77,A,2.83,20.6,14.0,627.9,37.1,READY,否,否,83.1,2.76,13.72
688182,日线,2026-06-17,41.31,77,A,8.51,46.6,32.1,447.6,38.1,READY,否,是,76.8,1.11,31.46
300985,日线,2026-06-17,33.3,77,A,12.83,24.98,20.7,94.7,35.2,BREAKOUT,是,是,80.1,1.16,20.29
688188,日线,2026-06-17,170.3,77,A,126.32,179.78,149.0,42.3,57.6,READY,否,是,76.2,1.29,146.02
300401,日线,2026-06-17,17.25,77,A,7.58,14.71,10.68,94.1,56.5,BREAKOUT,是,否,88.0,3.71,10.47
300400,日线,2026-06-17,43.61,77,A,7.36,34.05,20.82,362.6,49.6,LEG1,是,是,78.4,1.02,20.4
603166,日线,2026-06-17,15.81,77,A,4.12,14.1,11.75,242.2,23.5,BREAKOUT,是,否,78.5,3.98,11.52
600183,日线,2026-06-17,180.15,77,A,13.1,147.9,51.7,1029.0,71.4,LEG1,是,是,88.9,1.29,50.67
603823,日线,2026-06-17,46.88,77,A,5.86,16.77,14.7,186.2,19.0,BREAKOUT,是,是,92.3,1.13,14.41
002354,日线,2026-06-17,7.03,77,A,2.41,8.87,6.0,268.0,44.4,LEG1,否,是,44.6,1.06,5.88
601696,日线,2026-06-17,13.15,77,A,8.4,12.88,10.38,53.3,55.8,BREAKOUT,是,否,77.5,2.34,10.17
002409,日线,2026-06-17,147.92,77,A,33.24,128.15,76.25,285.5,54.7,LEG1,是,是,77.4,1.09,74.72
605318,日线,2026-06-17,131.1,77,A,12.56,107.69,49.81,757.4,60.8,LEG1,是,是,80.5,1.02,48.81
688156,日线,2026-06-17,29.19,77,A,9.97,28.33,18.4,184.2,54.1,LEG1,是,是,77.5,1.2,18.03
300948,日线,2026-06-17,25.88,77,A,7.08,32.2,18.31,354.8,55.3,LEG1,否,是,44.8,1.06,17.94
301021,日线,2026-06-17,115.6,77,A,11.8,103.34,46.7,775.8,61.9,LEG1,是,是,79.2,1.04,45.77
300304,日线,2026-06-17,17.86,77,A,4.35,14.38,12.0,230.6,23.7,LEG1,是,是,76.1,1.06,11.76
300331,日线,2026-06-17,71.13,77,A,11.63,61.62,37.89,429.8,47.5,LEG1,是,是,76.9,1.26,37.13
002141,日线,2026-06-17,4.28,77,A,0.78,3.73,3.66,378.2,2.4,LEG1,是,否,76.4,3.88,3.59
600160,日线,2026-06-17,47.7,77,A,14.25,37.66,32.92,164.3,20.2,BREAKOUT,是,是,85.7,1.29,32.26
688313,日线,2026-06-17,169.52,77,A,6.8,181.0,53.88,2561.8,73.0,LEG1,否,是,57.9,1.03,52.8
688582,日线,2026-06-17,60.76,77,A,21.61,57.57,43.21,166.4,39.9,BREAKOUT,是,否,82.2,1.7,42.35
688286,日线,2026-06-17,80.31,77,A,28.06,76.7,57.0,173.3,40.5,BREAKOUT,是,否,81.1,2.4,55.86
300709,日线,2026-06-17,61.01,77,A,17.53,50.92,35.96,190.5,44.8,LEG1,是,是,76.1,1.13,35.24
301373,日线,2026-06-17,195.17,77,A,17.7,148.88,111.5,741.1,28.5,BREAKOUT,是,是,81.3,1.18,109.27
603256,日线,2026-06-17,258.9,77,A,4.51,153.2,59.68,3296.9,62.9,LEG1,是,是,82.1,1.16,58.49
002484,日线,2026-06-17,104.93,77,A,10.98,96.35,25.88,777.5,82.5,LEG1,是,是,75.6,1.07,25.36
603201,日线,2026-06-17,17.53,77,A,12.55,18.89,15.3,50.5,56.6,LEG1,否,是,47.4,1.06,14.99
300903,日线,2026-06-17,98.16,77,A,4.51,78.97,30.95,1651.0,64.5,LEG1,是,是,77.2,1.17,30.33
688147,日线,2026-06-17,116.07,77,A,18.35,102.43,75.58,458.2,31.9,BREAKOUT,是,是,84.4,1.09,74.07
688143,日线,2026-06-16,218.0,77,A,14.54,79.5,46.02,446.8,51.5,LEG1,是,是,76.9,1.03,45.1
688002,日线,2026-06-17,145.8,77,A,23.56,138.79,51.03,489.1,76.2,LEG1,是,是,75.7,1.07,50.01
600367,日线,2026-06-17,57.1,77,A,7.47,23.53,19.44,215.0,25.5,BREAKOUT,是,是,77.6,1.24,19.05
688549,日线,2026-06-17,33.96,77,A,4.96,19.5,13.61,293.1,40.5,BREAKOUT,是,是,79.7,1.01,13.34
301511,日线,2026-06-17,162.8,77,A,9.86,135.7,31.6,1276.3,82.7,LEG1,是,是,76.2,1.18,30.97
688323,日线,2026-06-17,60.3,77,A,9.06,43.42,28.0,379.2,44.9,BREAKOUT,是,是,91.5,1.08,27.44
688519,日线,2026-06-17,395.01,77,A,11.41,205.44,117.58,1700.5,45.3,LEG1,是,是,87.5,1.0,115.23
688359,日线,2026-06-17,176.0,77,A,24.72,146.0,72.0,490.6,61.0,LEG1,是,是,80.4,1.06,70.56
603271,日线,2026-06-17,54.4,77,A,30.53,50.88,41.8,66.7,44.6,BREAKOUT,是,否,82.4,4.92,40.96
688353,日线,2026-06-17,116.8,77,A,14.45,140.0,78.52,868.9,49.0,READY,否,否,83.8,2.11,76.95
301563,日线,2026-06-17,191.0,77,A,132.6,232.99,161.16,75.7,71.6,LEG1,否,是,50.5,1.02,157.94
301526,日线,2026-06-17,40.23,77,A,2.91,25.0,10.16,759.1,67.2,LEG1,是,是,90.6,1.18,9.96
603580,日线,2026-06-17,26.05,77,A,6.72,26.27,13.88,290.9,63.4,LEG1,否,是,76.5,1.11,13.6
603324,日线,2026-06-17,39.18,77,A,18.3,34.98,28.2,91.1,40.6,BREAKOUT,是,是,80.1,1.16,27.64
601208,日线,2026-06-17,73.2,77,A,6.12,37.41,16.58,511.3,66.6,LEG1,是,是,80.8,1.15,16.25
601168,日线,2026-06-17,31.48,77,A,13.11,33.5,24.51,155.5,44.1,LEG1,否,是,53.4,1.16,24.02
688061,日线,2026-06-17,48.51,77,A,20.0,48.19,33.28,140.9,52.9,BREAKOUT,是,是,81.5,1.27,32.61
688056,日线,2026-06-17,66.57,77,A,17.71,37.42,31.33,111.3,30.9,BREAKOUT,是,是,76.7,1.22,30.7
300834,日线,2026-06-17,50.15,77,A,13.21,53.53,38.2,305.2,38.0,LEG1,否,是,65.9,1.04,37.44
301687,日线,2026-06-17,68.7,77,A,49.58,66.61,57.12,34.3,55.7,LEG1,是,否,77.2,1.74,55.98
688456,日线,2026-06-17,159.62,77,A,16.33,94.93,49.45,481.3,57.9,LEG1,是,是,87.5,1.14,48.46
688419,日线,2026-06-17,67.6,77,A,15.91,70.0,42.73,340.0,50.4,READY,否,是,78.8,1.12,41.88
399330,日线,2026-06-17,6839.0,75,A,3579.57,7007.33,4063.56,95.8,85.9,LEG1,否,是,61.9,0.92,3982.29
399363,日线,2026-06-17,15403.68,75,A,2671.25,15344.74,4474.18,474.4,85.8,LEG1,是,是,68.3,0.94,4384.7
600483,日线,2026-06-17,11.6,75,A,7.77,12.14,9.51,56.2,60.2,LEG1,否,是,52.4,0.7,9.32
688387,日线,2026-06-17,17.37,75,A,4.76,18.17,14.91,281.7,24.3,LEG1,否,否,60.9,1.73,14.61
002846,日线,2026-06-17,12.58,75,A,5.25,17.8,15.82,239.0,15.8,LEG1,否,否,57.1,1.67,15.5
002828,日线,2026-06-17,9.77,75,A,6.18,10.0,11.9,61.8,-49.7,LEG1,否,否,60.5,1.91,11.66
301613,日线,2026-06-17,41.94,75,A,43.72,50.35,45.6,15.2,71.6,LEG1,否,否,54.8,1.88,44.69
301603,日线,2026-06-17,146.5,75,A,33.53,150.0,62.31,347.4,75.3,LEG1,否,是,67.1,0.78,61.06
301577,日线,2026-06-17,94.92,75,A,39.1,109.46,59.68,179.9,70.8,LEG1,否,是,60.5,0.67,58.49
600478,日线,2026-06-17,5.83,75,A,2.86,8.03,3.77,180.8,82.4,LEG1,否,否,49.8,1.54,3.69
600470,日线,2026-06-17,5.55,75,A,3.41,7.26,5.09,112.9,56.4,READY,否,否,45.6,1.35,4.99
688368,日线,2026-06-17,205.1,75,A,47.5,249.75,145.03,425.8,51.8,READY,否,是,55.5,0.77,142.13
399020,日线,2026-06-17,2035.97,75,A,804.74,2140.87,1135.88,166.0,75.2,LEG1,否,否,65.3,1.32,1113.16
603355,日线,2026-06-17,28.81,75,A,16.21,35.66,23.3,120.0,63.5,READY,否,否,66.2,1.36,22.83
600584,日线,2026-06-17,81.76,75,A,19.95,94.9,38.02,375.7,75.9,LEG1,否,是,64.8,0.92,37.26
601138,日线,2026-06-17,72.64,75,A,12.63,84.95,54.6,572.6,42.0,LEG1,否,是,50.6,0.68,53.51
601117,日线,2026-06-17,8.22,75,A,5.68,8.7,7.15,53.2,51.3,READY,否,否,71.0,2.14,7.01
300835,日线,2026-06-17,193.2,75,A,19.41,218.0,69.89,1023.1,74.6,LEG1,否,是,54.6,0.72,68.49
300828,日线,2026-06-17,19.85,75,A,7.16,28.2,18.6,293.9,45.6,READY,否,否,53.4,1.74,18.23
688079,日线,2026-06-17,31.94,75,A,5.66,33.85,11.67,498.1,78.7,LEG1,否,是,69.8,0.38,11.44
000700,日线,2026-06-17,15.96,75,A,4.1,18.66,10.53,355.1,55.8,LEG1,否,是,55.1,0.67,10.32
601100,日线,2026-06-17,118.0,75,A,41.55,118.85,89.1,186.0,38.5,LEG1,否,是,55.1,0.63,87.32
000506,日线,2026-06-17,15.46,75,A,0.89,15.79,15.14,1674.2,4.4,LEG1,否,否,67.1,1.55,14.84
688125,日线,2026-06-17,201.53,75,A,24.1,234.8,152.62,874.3,39.0,READY,否,否,67.6,1.7,149.57
601179,日线,2026-06-17,15.79,75,A,4.45,17.27,14.82,288.1,19.1,LEG1,否,否,56.5,2.15,14.52
300810,日线,2026-06-17,26.52,75,A,11.31,34.32,30.4,203.4,17.0,LEG1,否,否,47.6,1.5,29.79
300790,日线,2026-06-17,29.08,75,A,7.86,38.2,20.18,386.0,59.4,READY,否,否,65.2,2.69,19.78
000766,日线,2026-06-17,24.51,75,A,12.12,25.8,22.3,112.9,25.6,LEG1,否,是,48.3,0.96,21.85
688052,日线,2026-06-17,264.8,75,A,78.09,272.5,166.6,249.0,54.5,LEG1,否,是,69.0,0.65,163.27
300857,日线,2026-06-17,266.99,75,A,32.02,308.0,209.0,861.9,35.9,READY,否,否,69.7,1.64,204.82
002907,日线,2026-06-17,12.09,75,A,9.82,15.1,12.0,53.8,58.7,READY,否,否,47.4,2.09,11.76
603505,日线,2026-06-17,19.92,75,A,15.43,22.88,16.89,48.3,80.4,LEG1,否,是,63.2,0.9,16.55
002789,日线,2026-06-17,14.16,75,A,5.92,14.47,11.87,144.4,30.4,LEG1,否,是,63.5,0.15,11.63
002774,日线,2026-06-17,12.34,75,A,4.57,12.37,10.86,170.7,19.4,LEG1,否,否,64.1,2.53,10.64
002765,日线,2026-06-17,8.11,75,A,3.39,10.46,10.96,208.6,-7.1,LEG1,否,否,46.3,1.53,10.74
688343,日线,2026-06-17,74.0,75,A,19.87,99.0,73.78,398.2,31.9,LEG1,否,否,67.4,1.46,72.3
688508,日线,2026-06-17,92.22,75,A,26.32,105.38,77.01,300.4,35.9,READY,否,是,56.4,0.89,75.47
600707,日线,2026-06-17,12.66,75,A,5.05,12.62,9.43,149.9,42.1,BREAKOUT,是,是,66.3,0.89,9.24
600023,日线,2026-06-17,6.04,75,A,4.77,6.73,5.81,41.1,46.9,READY,否,是,44.0,0.6,5.69
300765,日线,2026-06-17,24.59,75,A,21.07,33.55,29.5,59.2,32.5,LEG1,否,否,45.5,1.72,28.91
300756,日线,2026-06-17,33.59,75,A,8.54,50.88,14.33,495.8,86.3,LEG1,否,否,46.1,1.95,14.04
000793,日线,2026-06-17,2.63,75,A,0.7,3.02,2.0,331.4,44.0,LEG1,否,否,53.4,1.9,1.96
600528,日线,2026-06-17,7.17,75,A,6.45,8.0,7.69,24.0,20.0,LEG1,否,否,46.6,1.38,7.54
000545,日线,2026-06-17,2.49,75,A,1.5,3.15,2.76,110.0,23.6,LEG1,否,否,48.9,1.67,2.7
000541,日线,2026-06-17,5.12,75,A,4.31,5.07,4.86,17.6,27.6,BREAKOUT,是,否,57.4,3.19,4.76
300902,日线,2026-06-17,17.08,75,A,14.16,18.8,17.06,32.8,37.5,BREAKOUT,否,否,68.5,1.41,16.72
601022,日线,2026-06-17,8.0,75,A,6.97,9.39,8.4,34.7,40.9,LEG1,否,否,47.8,1.53,8.23
601020,日线,2026-06-17,24.85,75,A,6.03,27.28,25.81,352.4,6.9,LEG1,否,否,57.5,1.79,25.29
301678,日线,2026-06-17,60.99,75,A,48.64,71.0,56.71,46.0,63.9,LEG1,否,否,58.1,1.47,55.58
301626,日线,2026-06-17,322.64,75,A,62.22,356.68,116.7,473.3,81.5,LEG1,否,是,63.1,0.74,114.37
002734,日线,2026-06-17,16.47,75,A,5.04,17.58,16.59,248.8,7.9,LEG1,否,否,56.3,1.65,16.26
002980,日线,2026-06-17,125.55,75,A,14.97,132.56,20.16,785.5,95.6,LEG1,否,是,62.4,0.99,19.76
002975,日线,2026-06-17,142.57,75,A,19.42,157.97,53.41,713.4,75.5,LEG1,否,是,63.6,0.9,52.34
600579,日线,2026-06-17,7.5,75,A,4.69,7.89,6.37,68.2,47.5,LEG1,否,否,69.9,1.97,6.24
002961,日线,2026-06-17,20.82,75,A,9.93,27.21,21.04,174.0,35.7,LEG1,否,否,52.5,1.34,20.62
002729,日线,2026-06-17,19.99,75,A,8.25,21.86,17.52,165.0,31.9,LEG1,否,否,67.7,1.42,17.17
300735,日线,2026-06-17,24.85,75,A,13.81,25.68,20.65,86.0,42.4,LEG1,否,否,73.8,1.37,20.24
300727,日线,2026-06-17,38.13,75,A,14.5,38.38,30.57,164.7,32.7,READY,否,否,74.5,2.72,29.96
600375,日线,2026-06-17,4.09,75,A,2.76,5.42,4.81,96.4,22.9,LEG1,否,否,43.4,1.91,4.71
688017,日线,2026-06-17,381.6,75,A,58.22,450.2,176.1,673.3,69.9,LEG1,否,是,57.7,0.77,172.58
000815,日线,2026-06-17,17.28,75,A,5.66,23.45,14.78,314.3,48.7,READY,否,否,59.0,1.75,14.48
000811,日线,2026-06-17,36.52,75,A,7.73,38.46,28.61,397.5,32.1,READY,否,是,69.7,0.23,28.04
000810,日线,2026-06-17,12.15,75,A,7.37,13.22,10.11,79.4,53.2,LEG1,否,否,69.0,1.8,9.91
300773,日线,2026-06-17,24.7,75,A,11.03,28.75,22.42,160.7,35.7,LEG1,否,否,61.6,1.34,21.97
300771,日线,2026-06-17,11.54,75,A,5.95,14.53,12.26,144.2,26.5,LEG1,否,否,45.0,1.38,12.01
300767,日线,2026-06-17,22.1,75,A,7.29,20.94,20.12,187.2,6.0,LEG1,是,否,72.6,1.56,19.72
300766,日线,2026-06-17,24.34,75,A,7.75,33.46,28.9,331.7,17.7,LEG1,否,否,46.8,1.36,28.32
002696,日线,2026-06-17,5.51,75,A,3.34,6.29,6.2,88.3,3.1,LEG1,否,否,41.2,1.85,6.08
600234,日线,2026-06-17,27.3,75,A,1.83,29.91,4.92,1534.4,89.0,LEG1,否,是,64.3,0.81,4.82
603330,日线,2026-06-17,8.05,75,A,4.26,10.35,6.36,143.0,65.5,LEG1,否,是,47.9,0.82,6.23
603318,日线,2026-06-17,9.9,75,A,5.29,15.1,7.33,185.4,79.2,LEG1,否,否,58.7,1.92,7.18
003004,日线,2026-06-17,66.27,75,A,13.02,69.47,17.02,433.6,92.9,LEG1,否,是,62.8,0.63,16.68
002992,日线,2026-06-17,46.75,75,A,34.0,50.49,40.01,48.5,63.6,READY,否,否,59.6,2.2,39.21
002990,日线,2026-06-17,53.84,75,A,16.75,70.8,25.22,322.7,84.3,LEG1,否,否,65.3,1.72,24.72
603610,日线,2026-06-17,18.5,75,A,7.54,19.97,14.81,164.9,41.5,LEG1,否,是,60.6,0.89,14.51
002672,日线,2026-06-17,3.65,75,A,3.18,3.96,4.13,24.5,-21.8,LEG1,否,否,46.9,3.13,4.05
002669,日线,2026-06-17,17.38,75,A,6.73,19.13,11.65,184.2,60.3,LEG1,否,是,57.0,0.95,11.42
002662,日线,2026-06-17,3.65,75,A,2.27,4.02,3.58,77.1,25.1,LEG1,否,否,67.8,1.37,3.51
002655,日线,2026-06-17,38.74,75,A,7.25,44.8,11.64,517.9,88.3,LEG1,否,是,63.1,0.86,11.41
300011,日线,2026-06-17,6.29,75,A,4.32,7.49,7.4,73.4,2.8,LEG1,否,否,53.0,2.47,7.25
300001,日线,2026-06-17,38.82,75,A,15.1,45.0,26.49,198.0,61.9,LEG1,否,是,54.5,0.62,25.96
605378,日线,2026-06-17,16.58,75,A,13.76,20.74,18.99,50.7,25.1,LEG1,否,否,56.0,3.32,18.61
000922,日线,2026-06-17,13.96,75,A,7.31,17.46,11.72,138.9,56.6,READY,否,否,60.7,1.73,11.49
000837,日线,2026-06-17,12.03,75,A,5.88,13.6,10.11,131.3,45.2,LEG1,否,是,45.2,0.89,9.91
300930,日线,2026-06-17,33.35,75,A,12.09,39.88,26.4,229.9,48.5,LEG1,否,是,43.7,0.87,25.87
300923,日线,2026-06-17,23.91,75,A,11.41,29.94,22.04,162.4,42.6,READY,否,否,52.7,1.7,21.6
300921,日线,2026-06-17,21.47,75,A,12.09,30.35,23.78,151.0,36.0,LEG1,否,否,61.4,2.61,23.3
300907,日线,2026-06-17,46.01,75,A,10.82,54.69,27.55,405.5,61.9,LEG1,否,是,49.8,0.55,27.0
601398,日线,2026-06-17,7.36,75,A,4.72,7.54,6.0,59.7,54.6,LEG1,否,是,43.0,0.89,5.88
600550,日线,2026-06-17,12.8,75,A,3.2,17.32,14.38,441.2,20.8,LEG1,否,否,47.9,1.37,14.09
600403,日线,2026-06-17,6.22,75,A,2.29,8.95,5.52,290.8,51.5,LEG1,否,是,40.0,1.48,5.41
688165,日线,2026-06-17,19.93,75,A,6.24,21.77,17.72,248.9,26.1,LEG1,否,是,49.8,0.66,17.37
600985,日线,2026-06-17,15.45,75,A,11.02,17.77,12.66,61.3,75.7,LEG1,否,是,41.8,0.67,12.41
600983,日线,2026-06-17,8.97,75,A,6.08,8.96,9.81,47.4,-29.5,BREAKOUT,是,否,66.3,1.88,9.61
300966,日线,2026-06-17,26.27,75,A,12.03,28.53,18.44,137.2,61.2,LEG1,否,是,49.5,0.48,18.07
000955,日线,2026-06-17,4.63,75,A,2.65,4.76,4.59,79.6,8.1,LEG1,否,否,72.2,2.98,4.5
300721,日线,2026-06-17,30.12,75,A,6.7,37.39,28.01,458.1,30.6,READY,否,是,47.3,0.84,27.45
300694,日线,2026-06-17,10.15,75,A,6.8,13.05,11.17,91.9,30.1,LEG1,否,否,40.8,1.36,10.95
600246,日线,2026-06-17,17.61,75,A,3.91,18.87,8.91,382.6,66.6,LEG1,否,是,59.8,0.74,8.73
688322,日线,2026-06-17,130.68,75,A,18.83,150.0,41.53,696.6,82.7,LEG1,否,是,58.4,0.77,40.7
688531,日线,2026-06-17,181.3,75,A,35.74,215.0,64.1,501.6,84.2,LEG1,否,是,57.3,0.81,62.82
600726,日线,2026-06-17,8.3,75,A,1.77,10.89,6.02,515.3,53.4,LEG1,否,是,45.3,0.68,5.9
301502,日线,2026-06-17,84.66,75,A,29.31,90.0,39.9,207.1,82.6,LEG1,否,是,55.1,0.53,39.1
301488,日线,2026-06-17,145.13,75,A,30.58,180.0,68.73,488.6,74.5,LEG1,否,是,44.1,0.57,67.36
688516,日线,2026-06-17,60.4,75,A,31.08,93.39,64.69,200.5,46.1,LEG1,否,否,51.9,1.52,63.4
688352,日线,2026-06-17,18.81,75,A,8.23,24.58,11.86,198.7,77.8,LEG1,否,是,53.2,0.67,11.62
688347,日线,2026-06-17,260.7,75,A,26.6,258.0,110.11,869.9,63.9,LEG1,是,是,73.3,0.83,107.91
002608,日线,2026-06-17,8.75,75,A,6.12,11.13,7.89,81.9,64.7,LEG1,否,是,41.2,0.72,7.73
603283,日线,2026-06-17,63.06,75,A,30.0,72.72,45.48,142.4,63.8,READY,否,否,73.6,1.31,44.57
300649,日线,2026-06-17,27.46,75,A,7.63,28.67,12.8,275.8,75.4,LEG1,否,是,65.5,0.65,12.54
605289,日线,2026-06-17,133.2,75,A,18.05,123.9,101.47,586.4,21.2,BREAKOUT,是,否,73.6,1.52,99.44
001206,日线,2026-06-17,17.29,75,A,9.39,21.94,13.78,133.7,65.0,LEG1,否,否,59.8,1.35,13.5
001205,日线,2026-06-17,14.17,75,A,10.35,15.4,13.55,48.8,36.6,READY,否,否,51.7,1.88,13.28
601618,日线,2026-06-17,2.75,75,A,2.54,2.86,2.72,12.6,43.7,LEG1,否,否,55.2,1.62,2.67
601611,日线,2026-06-17,11.63,75,A,6.05,12.85,13.2,112.4,-5.1,LEG1,否,否,58.2,1.83,12.94
300014,日线,2026-06-17,67.54,75,A,30.53,66.91,53.92,119.2,35.7,BREAKOUT,是,否,70.0,1.91,52.84
600563,日线,2026-06-17,170.05,75,A,71.22,182.88,115.68,156.8,60.2,LEG1,否,是,59.3,0.73,113.37
002579,日线,2026-06-17,18.47,75,A,4.89,21.88,11.53,347.4,60.9,LEG1,否,是,62.9,0.67,11.3
002528,日线,2026-06-17,4.67,75,A,1.62,5.04,4.04,211.1,29.2,LEG1,否,是,43.5,0.8,3.96
002522,日线,2026-06-17,7.22,75,A,2.86,7.82,6.01,173.4,36.5,READY,否,是,56.1,0.92,5.89
300099,日线,2026-06-17,8.18,75,A,3.52,9.18,7.04,160.8,37.8,READY,否,否,61.6,3.55,6.9
300076,日线,2026-06-17,4.82,75,A,2.7,5.04,5.79,86.7,-32.1,LEG1,否,否,63.7,1.57,5.67
600222,日线,2026-06-17,7.88,75,A,3.75,9.05,6.35,141.3,50.9,LEG1,否,是,46.4,0.73,6.22
300165,日线,2026-06-17,6.3,75,A,1.9,9.11,4.49,379.5,64.1,LEG1,否,否,62.9,1.62,4.4
300163,日线,2026-06-17,6.35,75,A,1.02,7.3,2.45,615.7,77.2,LEG1,否,是,54.1,0.66,2.4
601838,日线,2026-06-17,19.23,75,A,12.17,19.36,16.7,59.1,37.0,LEG1,否,是,46.2,0.73,16.37
001269,日线,2026-06-17,26.35,75,A,18.01,31.22,22.41,73.3,66.7,LEG1,否,是,46.2,0.91,21.96
001268,日线,2026-06-17,41.74,75,A,12.66,46.49,15.71,267.2,91.0,LEG1,否,是,56.0,0.77,15.4
300669,日线,2026-06-17,29.54,75,A,8.9,36.58,25.7,311.0,39.3,READY,否,否,54.2,1.64,25.19
301000,日线,2026-06-17,34.26,75,A,11.0,40.5,27.66,268.2,43.5,LEG1,否,否,62.2,1.43,27.11
300993,日线,2026-06-17,10.87,75,A,7.79,12.76,11.72,63.8,20.9,LEG1,否,否,59.2,1.88,11.49
300975,日线,2026-06-17,41.25,75,A,4.84,48.98,12.26,912.0,83.2,LEG1,否,是,58.1,0.85,12.01
688190,日线,2026-06-17,111.64,75,A,50.5,133.66,79.1,164.7,65.6,LEG1,否,是,61.4,0.72,77.52
688187,日线,2026-06-17,58.62,75,A,30.25,66.2,51.35,118.8,41.3,LEG1,否,是,59.1,0.67,50.32
000037,日线,2026-06-17,11.52,75,A,6.1,12.94,10.11,112.1,41.4,READY,否,是,54.8,0.98,9.91
300596,日线,2026-06-17,46.01,75,A,18.07,48.44,36.28,168.1,40.0,READY,否,否,67.0,1.65,35.55
300593,日线,2026-06-17,37.66,75,A,7.7,42.43,30.9,451.0,33.2,READY,否,是,57.4,0.97,30.28
300589,日线,2026-06-17,13.21,75,A,8.46,17.17,14.94,103.0,25.6,LEG1,否,否,45.3,1.78,14.64
600360,日线,2026-06-17,12.18,75,A,2.33,14.06,7.85,503.4,52.9,LEG1,否,是,55.3,0.88,7.69
600352,日线,2026-06-17,11.96,75,A,7.18,13.79,10.49,92.1,49.9,READY,否,否,67.0,1.63,10.28
605166,日线,2026-06-17,10.8,75,A,6.42,11.11,9.75,73.1,29.0,LEG1,否,否,62.3,1.89,9.55
001314,日线,2026-06-17,57.52,75,A,31.07,64.46,38.32,107.5,78.3,LEG1,否,是,60.3,0.78,37.55
601872,日线,2026-06-17,17.1,75,A,5.74,19.5,13.91,239.7,40.6,READY,否,否,64.7,1.58,13.63
688307,日线,2026-06-17,73.0,75,A,14.31,135.0,60.24,843.4,61.9,READY,否,否,55.8,1.38,59.04
301396,日线,2026-06-17,215.61,75,A,13.8,372.6,83.18,2600.0,80.7,LEG1,否,否,61.1,1.57,81.52
301369,日线,2026-06-17,208.78,75,A,29.21,299.2,168.01,924.3,48.6,READY,否,否,65.0,1.37,164.65
301365,日线,2026-06-17,33.87,75,A,8.08,39.27,28.22,386.0,35.4,READY,否,否,64.3,1.58,27.66
301328,日线,2026-06-17,63.22,75,A,26.41,91.0,51.0,244.6,61.9,READY,否,否,63.0,1.94,49.98
688334,日线,2026-06-17,19.2,75,A,13.02,22.1,20.62,69.7,16.3,LEG1,否,否,51.4,2.6,20.21
688328,日线,2026-06-17,75.38,75,A,11.33,84.6,62.3,646.7,30.4,READY,否,是,66.7,0.94,61.05
603215,日线,2026-06-17,15.48,75,A,11.45,18.5,17.79,61.6,10.1,LEG1,否,否,50.0,1.79,17.43
603212,日线,2026-06-17,15.86,75,A,8.45,16.57,13.8,96.1,34.1,LEG1,否,是,51.5,0.91,13.52
600615,日线,2026-06-17,11.04,75,A,7.17,12.98,10.58,81.0,41.3,LEG1,否,否,69.5,2.36,10.37
300159,日线,2026-06-17,4.12,75,A,1.47,4.33,2.92,194.6,49.3,LEG1,否,是,53.2,0.83,2.86
300151,日线,2026-06-17,23.58,75,A,10.24,25.88,14.61,152.7,72.1,LEG1,否,是,58.2,0.81,14.32
605089,日线,2026-06-17,21.25,75,A,16.38,23.37,22.44,42.7,13.3,LEG1,否,否,44.5,1.4,21.99
001400,日线,2026-06-17,114.06,75,A,54.62,123.86,92.64,126.8,45.1,LEG1,否,否,40.4,1.33,90.79
001387,日线,2026-06-17,13.07,75,A,10.48,14.85,12.51,41.7,53.5,LEG1,否,否,66.2,4.17,12.26
688981,日线,2026-06-17,134.7,75,A,40.01,159.05,120.0,297.5,32.8,READY,否,是,58.2,0.87,117.6
688799,日线,2026-06-17,47.11,75,A,30.02,64.0,53.01,113.2,32.3,LEG1,否,否,40.9,2.17,51.95
301071,日线,2026-06-17,74.07,75,A,21.6,89.74,38.3,315.5,75.5,LEG1,否,是,57.0,0.83,37.53
600919,日线,2026-06-17,11.53,75,A,7.17,11.46,9.86,59.8,37.3,LEG1,是,是,49.0,0.91,9.66
600885,日线,2026-06-17,33.94,75,A,20.9,36.72,28.34,75.7,53.0,LEG1,否,是,58.3,0.75,27.77
301058,日线,2026-06-17,8.58,75,A,7.59,9.17,9.38,20.8,-13.3,LEG1,否,否,47.6,2.23,9.19
688206,日线,2026-06-17,39.0,75,A,12.1,47.55,35.88,293.0,32.9,READY,否,是,51.0,0.65,35.16
603005,日线,2026-06-17,46.12,75,A,13.44,48.5,25.92,260.9,64.4,LEG1,否,是,62.0,0.64,25.4
002083,日线,2026-06-17,10.81,75,A,3.43,10.4,10.91,203.2,-7.3,BREAKOUT,是,否,69.7,3.27,10.69
002075,日线,2026-06-17,3.76,75,A,2.84,4.82,4.57,69.7,12.6,LEG1,否,否,48.8,1.64,4.48
002056,日线,2026-06-17,26.32,75,A,10.81,30.24,17.77,179.7,64.2,LEG1,否,是,55.9,0.93,17.41
601985,日线,2026-06-17,9.3,75,A,7.55,9.37,8.66,24.1,39.0,LEG1,否,是,67.9,0.88,8.49
601939,日线,2026-06-17,10.13,75,A,6.35,10.45,8.8,64.6,40.2,LEG1,否,是,41.9,0.76,8.62
300567,日线,2026-06-17,215.76,75,A,44.3,232.0,175.0,423.7,30.4,READY,否,是,67.9,0.93,171.5
002047,日线,2026-06-17,4.73,75,A,1.32,5.88,4.5,345.5,30.3,LEG1,否,否,59.1,2.53,4.41
002040,日线,2026-06-17,8.58,75,A,4.88,11.0,8.13,125.4,46.9,READY,否,否,42.7,1.55,7.97
605100,日线,2026-06-17,37.26,75,A,9.41,58.7,31.86,523.8,54.5,READY,否,否,50.5,1.61,31.22
002491,日线,2026-06-17,28.71,75,A,2.97,28.58,9.34,862.3,75.1,LEG1,是,是,68.8,0.97,9.15
603697,日线,2026-06-17,11.02,75,A,5.33,11.56,11.0,116.9,9.0,LEG1,否,是,51.6,0.61,10.78
002469,日线,2026-06-17,6.85,75,A,4.0,7.08,6.86,77.0,7.1,BREAKOUT,否,否,54.2,1.37,6.72
688590,日线,2026-06-17,14.9,75,A,9.48,15.53,13.58,63.8,32.2,LEG1,否,否,53.8,1.41,13.31
301322,日线,2026-06-17,57.11,75,A,16.77,61.61,45.26,267.4,36.5,LEG1,否,是,62.9,0.42,44.35
600775,日线,2026-06-17,11.02,75,A,6.85,13.7,13.0,100.0,10.2,LEG1,否,否,57.1,1.88,12.74
301310,日线,2026-06-17,38.96,75,A,18.8,34.94,33.4,85.9,9.5,LEG1,是,否,73.5,2.33,32.73
300197,日线,2026-06-17,2.31,75,A,1.09,3.22,1.54,195.4,78.9,LEG1,否,是,44.9,0.9,1.51
600605,日线,2026-06-17,31.17,75,A,13.06,35.31,27.81,170.4,33.7,READY,否,否,53.9,1.36,27.25
603203,日线,2026-06-17,62.4,75,A,16.22,77.9,51.05,380.3,43.5,READY,否,否,55.1,1.32,50.03
300184,日线,2026-06-17,16.91,75,A,3.24,19.03,7.28,487.3,74.4,LEG1,否,是,57.7,0.8,7.13
300507,日线,2026-06-17,7.65,75,A,3.69,9.58,7.79,159.6,30.4,LEG1,否,否,55.8,1.33,7.63
300506,日线,2026-06-17,4.86,75,A,1.18,5.28,3.79,347.5,36.3,LEG1,否,否,57.2,3.01,3.71
300505,日线,2026-06-17,22.1,75,A,7.68,26.68,18.22,247.4,44.5,READY,否,否,55.3,1.74,17.86
300503,日线,2026-06-17,80.99,75,A,10.22,88.99,52.99,770.7,45.7,LEG1,否,是,52.8,0.69,51.93
300562,日线,2026-06-17,12.5,75,A,5.94,14.76,11.0,148.5,42.6,LEG1,否,否,57.1,1.98,10.78
688788,日线,2026-06-17,45.1,75,A,20.51,50.68,51.51,147.1,-2.8,LEG1,否,否,55.9,3.06,50.48
301108,日线,2026-06-17,25.85,75,A,20.81,28.77,26.38,38.3,30.0,READY,否,否,74.4,1.38,25.85
301102,日线,2026-06-17,10.11,75,A,7.26,11.26,9.32,55.1,48.5,READY,否,否,63.1,1.38,9.13
301093,日线,2026-06-17,129.32,75,A,17.12,132.55,33.9,674.2,85.5,LEG1,否,是,59.2,0.44,33.22
301086,日线,2026-06-17,206.99,75,A,23.29,256.53,139.0,1001.5,50.4,READY,否,否,71.6,1.56,136.22
300556,日线,2026-06-17,19.48,75,A,14.49,23.0,17.63,58.7,63.1,LEG1,否,是,43.5,0.91,17.28
300555,日线,2026-06-17,13.87,75,A,5.12,14.51,9.67,183.4,51.5,LEG1,否,否,69.1,2.94,9.48
600629,日线,2026-06-17,16.92,75,A,4.01,20.88,15.47,420.7,32.1,READY,否,否,51.7,1.62,15.16
300468,日线,2026-06-17,23.92,75,A,6.3,29.76,28.32,372.4,6.1,LEG1,否,否,50.0,2.05,27.75
300453,日线,2026-06-17,9.75,75,A,4.88,10.71,8.64,119.5,35.5,READY,否,否,69.7,2.37,8.47
300450,日线,2026-06-17,48.13,75,A,12.88,53.7,48.01,316.9,13.9,LEG1,否,否,57.3,1.73,47.05
002116,日线,2026-06-17,9.23,75,A,8.17,9.36,8.84,14.6,43.7,LEG1,否,否,62.3,1.95,8.66
603990,日线,2026-06-17,22.52,75,A,6.93,23.69,14.63,241.8,54.1,LEG1,否,是,63.6,0.7,14.34
603989,日线,2026-06-17,37.73,75,A,11.16,38.42,15.5,244.3,84.1,LEG1,否,是,69.0,0.47,15.19
002112,日线,2026-06-17,17.18,75,A,6.09,23.25,19.8,281.8,20.1,LEG1,否,否,43.1,1.37,19.4
600621,日线,2026-06-17,13.14,75,A,11.3,15.1,13.62,33.6,38.9,LEG1,否,否,61.1,2.12,13.35
603026,日线,2026-06-17,96.48,75,A,25.89,104.8,78.0,304.8,34.0,READY,否,否,72.6,1.75,76.44
300180,日线,2026-06-17,4.78,75,A,2.63,5.54,5.2,110.6,11.7,LEG1,否,否,55.4,1.95,5.1
300179,日线,2026-06-17,45.38,75,A,4.9,54.21,19.9,1006.3,69.6,LEG1,否,是,60.0,0.97,19.5
002440,日线,2026-06-17,10.44,75,A,4.98,9.84,9.06,97.6,16.0,BREAKOUT,是,否,72.3,2.35,8.88
603196,日线,2026-06-17,25.79,75,A,6.25,30.09,11.16,381.4,79.4,LEG1,否,否,65.9,2.35,10.94
600060,日线,2026-06-17,25.66,75,A,14.28,27.82,21.74,94.8,44.9,LEG1,否,是,43.3,0.92,21.31
600801,日线,2026-06-17,19.0,75,A,9.91,20.06,18.25,102.4,17.8,LEG1,否,否,49.9,1.37,17.88
301292,日线,2026-06-17,78.9,75,A,10.83,106.86,61.35,886.7,47.4,READY,否,否,73.9,1.92,60.12
301288,日线,2026-06-17,18.69,75,A,9.27,21.43,16.36,131.2,41.7,READY,否,是,45.6,0.96,16.03
301286,日线,2026-06-17,60.55,75,A,22.7,65.55,51.54,188.8,32.7,LEG1,否,是,50.0,0.69,50.51
301275,日线,2026-06-17,45.9,75,A,37.77,49.9,43.88,32.1,49.6,LEG1,否,否,59.8,1.41,43.0
301265,日线,2026-06-17,27.0,75,A,6.71,30.55,11.38,355.3,80.4,LEG1,否,是,53.5,0.87,11.15
688595,日线,2026-06-17,39.44,75,A,19.8,42.48,31.6,114.5,48.0,LEG1,否,是,60.3,0.76,30.97
002142,日线,2026-06-17,31.44,75,A,18.35,33.88,25.91,84.6,51.3,LEG1,否,是,44.0,0.76,25.39
002136,日线,2026-06-17,13.48,75,A,6.79,15.77,11.75,132.3,44.8,LEG1,否,否,57.7,1.6,11.52
002135,日线,2026-06-17,7.81,75,A,3.45,9.66,6.28,180.0,54.4,LEG1,否,否,63.8,1.74,6.15
688690,日线,2026-06-17,40.41,75,A,13.23,44.5,22.61,236.4,70.0,LEG1,否,是,61.6,0.64,22.16
301141,日线,2026-06-17,48.32,75,A,25.3,60.42,45.06,138.8,43.7,READY,否,否,44.9,1.39,44.16
600860,日线,2026-06-17,9.1,75,A,7.1,11.3,10.49,59.2,19.3,LEG1,否,否,46.9,1.92,10.28
600857,日线,2026-06-17,16.12,75,A,5.06,17.47,14.16,245.3,26.7,LEG1,否,是,60.8,0.84,13.88
301119,日线,2026-06-17,36.11,75,A,12.32,44.78,39.01,263.5,17.8,LEG1,否,否,63.3,2.31,38.23
301115,日线,2026-06-17,33.1,75,A,11.67,35.18,19.3,201.5,67.5,LEG1,否,是,61.4,0.59,18.91
600505,日线,2026-06-17,13.99,75,A,5.07,14.29,12.08,181.9,24.0,LEG1,否,是,47.0,0.85,11.84
600416,日线,2026-06-17,11.17,75,A,8.85,13.38,11.56,51.2,40.2,LEG1,否,否,60.3,1.47,11.33
603083,日线,2026-06-17,203.29,75,A,24.76,219.49,98.25,786.5,62.3,LEG1,否,是,60.5,0.83,96.28
600172,日线,2026-06-17,13.3,75,A,1.8,16.06,7.53,792.2,59.8,LEG1,否,是,58.6,0.96,7.38
600166,日线,2026-06-17,3.22,75,A,2.2,3.16,2.9,43.6,27.1,BREAKOUT,是,否,62.5,1.33,2.84
600162,日线,2026-06-17,3.25,75,A,1.27,3.87,1.7,204.7,83.5,LEG1,否,是,51.8,0.95,1.67
300377,日线,2026-06-17,16.34,75,A,4.37,18.32,17.0,319.2,9.5,LEG1,否,否,70.0,1.46,16.66
603045,日线,2026-06-17,84.49,75,A,8.13,91.26,28.0,1022.5,76.1,LEG1,否,是,58.7,0.99,27.44
603042,日线,2026-06-17,20.41,75,A,6.85,21.13,18.78,208.5,16.5,LEG1,否,否,55.6,1.34,18.4
300411,日线,2026-06-10,11.02,75,A,3.68,10.6,7.95,188.0,38.3,BREAKOUT,是,否,71.5,4.17,7.79
002160,日线,2026-06-17,4.78,75,A,2.58,4.95,4.68,91.9,11.4,LEG1,否,否,59.7,4.36,4.59
002155,日线,2026-06-17,26.5,75,A,9.77,26.25,28.77,168.7,-15.3,BREAKOUT,是,否,65.5,1.3,28.19
603949,日线,2026-06-17,16.12,75,A,9.21,18.76,16.61,103.7,22.5,LEG1,否,否,56.2,1.89,16.28
688291,日线,2026-06-17,50.66,75,A,14.0,57.28,35.0,309.1,51.5,LEG1,否,是,60.5,0.79,34.3
600178,日线,2026-06-17,9.52,75,A,7.12,11.17,8.58,56.9,64.0,READY,否,否,48.6,1.77,8.41
300225,日线,2026-06-17,9.21,75,A,3.0,10.17,7.09,239.0,43.0,READY,否,是,58.7,0.9,6.95
300224,日线,2026-06-17,13.08,75,A,7.92,14.11,11.82,78.2,37.0,READY,否,否,57.5,1.31,11.58
300214,日线,2026-06-17,8.55,75,A,4.01,9.97,7.08,148.6,48.5,READY,否,否,69.9,1.5,6.94
300201,日线,2026-06-17,18.6,75,A,2.84,21.24,5.22,647.9,87.1,LEG1,否,是,55.1,0.82,5.12
603803,日线,2026-06-17,12.89,75,A,3.89,17.71,8.08,355.3,69.7,LEG1,否,否,50.4,1.55,7.92
002416,日线,2026-06-17,10.8,75,A,7.32,14.16,11.66,93.4,36.5,LEG1,否,否,48.2,1.62,11.43
002387,日线,2026-06-17,8.81,75,A,5.61,9.26,7.88,65.1,37.8,LEG1,否,是,59.6,0.91,7.72
603169,日线,2026-06-17,8.46,75,A,3.91,9.25,7.17,136.6,39.0,READY,否,否,71.6,3.29,7.03
002176,日线,2026-06-17,11.49,75,A,6.2,16.97,10.44,173.7,60.6,READY,否,否,49.0,1.37,10.23
002161,日线,2026-06-17,6.26,75,A,3.29,7.27,6.82,121.0,11.3,LEG1,否,否,63.7,2.54,6.68
300374,日线,2026-06-17,12.66,75,A,10.06,12.96,11.85,28.8,38.3,LEG1,否,否,67.2,3.74,11.61
300354,日线,2026-06-17,35.08,75,A,27.6,35.03,34.88,26.9,2.0,BREAKOUT,是,否,62.9,2.25,34.18
300351,日线,2026-06-17,20.53,75,A,11.4,26.0,14.74,128.1,77.1,LEG1,否,否,70.2,2.44,14.45
300402,日线,2026-06-17,16.78,75,A,11.48,17.36,15.45,51.2,32.5,LEG1,否,否,54.6,1.56,15.14
688663,日线,2026-06-17,88.7,75,A,15.9,102.66,23.0,545.7,91.8,LEG1,否,是,55.5,0.74,22.54
688659,日线,2026-06-17,10.76,75,A,4.86,12.21,9.26,151.2,40.1,READY,否,否,65.9,1.89,9.07
688656,日线,2026-06-17,104.58,75,A,17.93,147.77,100.01,724.1,36.8,LEG1,否,否,48.9,1.46,98.01
688646,日线,2026-06-17,66.35,75,A,21.2,75.95,34.21,258.3,76.2,LEG1,否,是,52.9,0.5,33.53
300323,日线,2026-06-17,16.8,75,A,3.79,18.88,14.8,398.2,27.0,LEG1,否,是,57.3,0.77,14.5
300320,日线,2026-06-17,8.8,75,A,4.52,10.23,9.4,126.3,14.5,LEG1,否,否,53.8,1.33,9.21
300316,日线,2026-06-17,51.87,75,A,21.39,53.26,45.71,149.0,23.7,LEG1,否,是,55.8,0.88,44.8
300308,日线,2026-06-17,1276.11,75,A,67.2,1320.0,337.0,1864.3,78.5,LEG1,否,是,68.9,0.75,330.26
002270,日线,2026-06-17,21.92,75,A,13.17,26.48,23.38,101.1,23.3,LEG1,否,否,61.3,1.73,22.91
603890,日线,2026-06-17,25.09,75,A,5.8,32.58,12.03,461.7,76.7,LEG1,否,是,50.5,0.67,11.79
002237,日线,2026-06-17,14.51,75,A,8.05,17.52,12.0,117.6,58.3,READY,否,否,69.0,1.99,11.76
002217,日线,2026-06-17,2.66,75,A,0.99,3.76,2.99,279.8,27.8,LEG1,否,否,60.9,1.96,2.93
002201,日线,2026-06-17,12.76,75,A,3.82,14.83,10.1,288.2,43.0,READY,否,否,73.8,1.56,9.9
002190,日线,2026-06-17,27.31,75,A,11.77,36.38,30.04,209.1,25.8,LEG1,否,否,55.6,2.17,29.44
600330,日线,2026-06-17,33.41,75,A,5.56,34.82,14.98,526.3,67.8,LEG1,否,是,65.2,0.85,14.68
300239,日线,2026-06-17,5.35,75,A,3.63,5.6,5.18,54.3,21.3,LEG1,否,否,65.5,1.94,5.08
002368,日线,2026-06-17,16.96,75,A,13.85,17.63,18.4,27.3,-20.4,LEG1,否,否,69.8,1.34,18.03
603838,日线,2026-06-17,9.6,75,A,3.29,10.08,7.8,206.4,33.6,LEG1,否,否,70.3,1.65,7.64
002364,日线,2026-06-17,51.99,75,A,4.1,59.97,25.53,1362.7,61.6,LEG1,否,是,51.4,0.72,25.02
002348,日线,2026-06-17,12.58,75,A,2.15,16.09,5.72,648.4,74.4,LEG1,否,否,46.0,2.2,5.61
603123,日线,2026-06-17,9.78,75,A,5.49,12.06,11.3,119.7,11.6,LEG1,否,否,56.7,2.6,11.07
002281,日线,2026-06-17,242.0,75,A,19.58,238.67,58.14,1118.9,82.4,LEG1,是,是,71.9,0.82,56.98
002272,日线,2026-06-17,21.09,75,A,3.32,24.96,18.05,651.8,31.9,READY,否,是,56.8,0.56,17.69
600810,日线,2026-06-17,6.91,75,A,5.05,7.83,6.97,55.0,30.9,LEG1,否,否,73.9,1.59,6.83
301232,日线,2026-06-17,129.9,75,A,20.01,262.0,151.25,1209.3,45.8,LEG1,否,否,51.7,1.63,148.22
301205,日线,2026-06-17,336.19,75,A,47.54,374.9,208.88,688.6,50.7,LEG1,否,是,57.4,0.71,204.7
688625,日线,2026-06-17,93.65,75,A,26.2,115.58,71.12,341.1,49.7,READY,否,否,57.7,1.63,69.7
688268,日线,2026-06-17,187.35,75,A,37.51,197.98,142.0,427.8,34.9,BREAKOUT,否,是,51.8,0.92,139.16
688611,日线,2026-06-17,77.2,75,A,17.05,86.48,49.8,407.2,52.8,LEG1,否,是,56.0,0.69,48.8
300328,日线,2026-06-17,19.28,75,A,3.85,23.52,14.57,510.9,45.5,LEG1,否,是,48.6,0.75,14.28
603115,日线,2026-06-17,119.94,75,A,8.83,122.0,17.32,1281.7,92.5,LEG1,否,是,71.3,0.44,16.97
688392,日线,2026-06-17,174.15,75,A,27.78,167.6,93.7,503.3,52.9,LEG1,是,是,65.5,0.99,91.83
399852,日线,2026-06-17,8704.47,75,A,4177.94,8991.85,5224.97,115.2,78.2,LEG1,否,是,66.2,0.93,5120.47
399673,日线,2026-06-17,4478.69,75,A,1411.72,4601.23,1708.98,225.9,90.7,LEG1,否,是,64.1,0.93,1674.8
399612,日线,2026-06-17,3368.05,75,A,1436.98,3438.25,1670.9,139.3,88.3,LEG1,否,是,63.4,0.94,1637.48
399608,日线,2026-06-17,5327.02,75,A,1969.99,5403.01,2547.65,174.3,83.2,LEG1,否,是,65.9,0.99,2496.7
399364,日线,2026-06-17,13816.62,75,A,6237.58,13764.73,7440.34,120.7,84.0,LEG1,是,是,68.5,0.86,7291.53
002896,日线,2026-06-17,79.69,75,A,21.74,95.4,53.66,338.8,56.7,LEG1,否,是,43.9,0.54,52.59
002885,日线,2026-06-17,42.32,75,A,9.24,55.8,22.72,503.9,71.0,LEG1,否,否,53.2,1.49,22.27
002870,日线,2026-06-17,40.85,75,A,21.49,44.14,34.45,105.4,42.8,LEG1,否,是,55.6,0.71,33.76
002861,日线,2026-06-17,18.2,75,A,6.03,19.6,14.38,225.0,38.5,LEG1,否,是,52.0,0.88,14.09
603456,日线,2026-06-17,12.97,75,A,11.83,13.13,15.11,11.0,-152.3,LEG1,否,否,60.3,1.56,14.81
399262,日线,2026-06-17,4327.66,75,A,1219.83,4336.61,1562.49,255.5,89.0,LEG1,否,是,67.5,0.91,1531.24
688411,日线,2026-06-17,276.77,75,A,61.19,309.17,212.77,405.3,38.9,LEG1,否,是,59.6,0.77,208.51
399362,日线,2026-06-17,9900.41,75,A,4578.28,10255.51,5511.3,124.0,83.6,LEG1,否,是,60.4,0.98,5401.07
399357,日线,2026-06-17,4250.3,75,A,2322.65,4257.34,2688.41,83.3,81.1,LEG1,否,是,65.5,0.74,2634.64
603375,日线,2026-06-17,49.76,75,A,28.33,55.0,43.15,94.1,44.4,READY,否,是,54.1,0.86,42.29
688480,日线,2026-06-17,99.02,75,A,21.9,107.71,76.33,391.8,36.6,LEG1,否,是,59.4,0.93,74.8
688449,日线,2026-06-17,75.1,75,A,35.9,93.8,64.15,161.3,51.2,READY,否,是,63.0,0.92,62.87
399003,日线,2026-06-17,7621.13,74,A,6479.53,7603.68,7358.57,17.3,21.8,BREAKOUT,是,否,65.1,1.19,7211.4
002085,日线,2026-06-17,13.07,74,A,4.48,14.52,11.25,224.1,32.6,READY,否,否,55.1,1.08,11.03
399366,日线,2026-06-17,3113.79,74,A,1112.36,3068.83,2572.7,175.9,25.4,LEG1,是,否,65.4,1.21,2521.25
300264,日线,2026-06-17,8.81,74,A,3.49,10.48,7.25,200.3,46.2,BREAKOUT,否,否,49.5,1.05,7.1
002345,日线,2026-06-17,9.83,74,A,4.02,9.49,8.79,136.1,12.8,BREAKOUT,是,否,60.4,1.19,8.61
601886,日线,2026-06-17,9.43,74,A,4.27,9.75,7.5,128.3,41.1,LEG1,否,否,68.1,1.18,7.35
000025,日线,2026-06-17,15.87,74,A,12.27,15.85,13.76,29.2,58.4,BREAKOUT,是,否,62.5,1.25,13.48
002643,日线,2026-06-17,17.64,74,A,7.7,18.6,13.57,141.6,46.1,READY,否,否,73.2,1.26,13.3
301337,日线,2026-06-17,28.59,74,A,22.26,29.45,26.22,32.3,44.9,LEG1,否,否,65.7,1.04,25.7
000099,日线,2026-06-17,16.56,74,A,7.25,18.25,14.81,151.7,31.3,READY,否,否,51.5,1.06,14.51
000166,日线,2026-06-17,4.57,74,A,4.06,4.82,4.59,18.7,30.3,LEG1,否,否,64.6,1.04,4.5
600362,日线,2026-06-17,48.46,74,A,16.5,49.48,42.3,199.9,21.8,LEG1,否,否,65.9,1.18,41.45
688098,日线,2026-06-17,8.6,74,A,3.63,9.1,7.29,150.7,33.1,READY,否,否,66.2,1.1,7.14
301168,日线,2026-06-17,44.03,72,A,22.16,48.8,38.69,120.2,38.0,READY,否,否,62.2,0.47,37.92
002362,日线,2026-06-17,18.51,72,A,13.44,21.16,15.72,57.4,70.5,LEG1,否,否,55.4,0.94,15.41
002258,日线,2026-06-17,13.58,72,A,6.64,13.93,11.78,109.8,29.5,BREAKOUT,否,否,60.3,0.89,11.54
688297,日线,2026-06-17,45.73,72,A,26.46,47.03,46.91,77.7,0.6,BREAKOUT,否,否,49.7,0.84,45.97
301306,日线,2026-06-17,164.9,72,A,17.56,179.99,120.15,925.0,36.8,READY,否,否,79.8,2.5,117.75
002048,日线,2026-06-17,27.8,72,A,10.04,30.46,24.05,203.4,31.4,LEG1,否,否,50.7,0.6,23.57
603015,日线,2026-06-17,12.27,72,A,5.17,13.5,10.75,161.1,33.0,READY,否,否,46.0,0.83,10.54
301069,日线,2026-06-17,22.79,72,A,10.69,24.28,17.86,127.1,47.2,READY,否,否,64.9,0.99,17.5
601377,日线,2026-06-17,6.08,72,A,4.82,5.92,5.63,22.8,26.4,BREAKOUT,是,否,67.6,0.95,5.52
001239,日线,2026-06-17,15.43,72,A,12.28,15.56,14.52,26.7,31.7,LEG1,否,否,77.0,1.67,14.23
600340,日线,2026-06-17,1.28,72,A,0.95,1.34,1.2,41.1,35.9,BREAKOUT,否,否,48.3,0.61,1.18
000050,日线,2026-06-17,9.14,72,A,6.06,9.06,7.3,49.5,58.7,LEG1,是,否,71.9,0.92,7.15
603992,日线,2026-06-17,32.22,72,A,12.3,34.2,28.33,178.0,26.8,LEG1,否,否,54.5,0.88,27.76
300889,日线,2026-06-17,24.21,72,A,7.34,26.4,19.75,259.7,34.9,LEG1,否,否,48.3,0.95,19.36
000777,日线,2026-06-17,21.86,72,A,10.58,20.94,19.46,97.9,14.3,BREAKOUT,是,否,82.6,7.17,19.07
601156,日线,2026-06-17,16.78,72,A,11.61,17.21,15.12,48.2,37.3,BREAKOUT,否,否,55.3,0.93,14.82
002779,日线,2026-06-17,84.44,72,A,19.45,82.3,72.27,323.1,16.0,BREAKOUT,是,否,70.2,0.87,70.82
688038,日线,2026-06-17,20.67,72,A,5.66,23.14,17.78,308.8,30.7,LEG1,否,否,57.5,0.91,17.42
600036,日线,2026-06-17,38.23,72,A,29.64,38.88,36.78,31.2,22.7,BREAKOUT,否,否,44.3,0.76,36.04
688479,日线,2026-06-17,38.3,70,A,13.5,47.3,29.57,250.4,52.5,READY,否,否,65.9,2.01,28.98
002199,日线,2026-06-17,13.37,70,A,4.04,16.0,6.95,296.0,75.7,LEG1,否,是,46.4,0.53,6.81
603931,日线,2026-06-17,57.39,70,A,16.72,67.2,26.22,301.9,81.2,LEG1,否,是,52.0,0.57,25.7
002177,日线,2026-06-17,6.52,70,A,2.63,8.28,7.16,214.8,19.8,LEG1,否,否,52.3,2.2,7.02
300234,日线,2026-06-17,11.33,70,A,2.91,9.2,5.67,216.2,56.1,LEG1,是,是,84.4,0.79,5.56
300233,日线,2026-06-17,12.65,70,A,10.65,16.37,13.45,53.7,51.0,LEG1,否,否,47.3,1.42,13.18
301177,日线,2026-06-17,27.2,70,A,17.2,32.7,26.91,90.1,37.4,LEG1,否,否,58.2,1.39,26.37
301169,日线,2026-06-17,79.15,70,A,25.55,99.5,48.09,289.4,69.5,LEG1,否,否,54.2,1.38,47.13
002208,日线,2026-06-17,17.58,70,A,3.99,26.36,14.82,560.7,51.6,READY,否,否,58.0,1.37,14.52
300349,日线,2026-06-17,12.7,70,A,8.42,16.37,12.89,94.4,43.8,LEG1,否,否,58.1,1.41,12.63
603159,日线,2026-06-12,26.0,70,A,8.73,29.5,22.14,237.9,35.4,LEG1,否,是,43.0,0.83,21.7
002882,日线,2026-06-17,21.68,70,A,10.18,30.99,30.7,204.4,1.4,LEG1,否,否,47.1,1.32,30.09
002858,日线,2026-06-17,12.4,70,A,8.45,17.45,13.93,106.5,39.1,LEG1,否,否,42.3,1.59,13.65
000657,日线,2026-06-17,89.53,70,A,6.7,64.31,45.6,859.9,32.5,LEG1,是,是,75.3,1.0,44.69
600008,日线,2026-06-17,3.14,70,A,2.5,3.29,3.05,31.6,30.4,READY,否,是,49.9,0.97,2.99
603373,日线,2026-06-17,39.95,70,A,23.49,51.94,37.6,121.1,50.4,LEG1,否,否,50.8,1.34,36.85
600673,日线,2026-06-17,35.89,70,A,6.0,40.55,29.63,575.8,31.6,LEG1,否,否,58.6,1.73,29.04
301197,日线,2026-06-17,32.11,70,A,8.7,41.65,27.89,378.7,41.8,READY,否,否,63.6,1.86,27.33
688630,日线,2026-06-17,475.77,70,A,45.0,413.86,120.0,819.7,79.7,LEG1,是,是,82.3,0.75,117.6
688622,日线,2026-06-17,140.66,70,A,13.39,143.4,70.0,970.9,56.5,LEG1,否,是,77.8,0.73,68.6
301231,日线,2026-06-17,32.9,70,A,11.5,39.08,28.65,239.8,37.8,LEG1,否,是,47.6,0.53,28.08
300256,日线,2026-06-17,2.97,70,A,1.58,3.5,3.31,121.5,9.9,LEG1,否,否,49.2,1.82,3.24
002289,日线,2026-06-17,41.36,70,A,2.47,45.1,24.26,1725.9,48.9,LEG1,否,是,58.7,0.7,23.77
300260,日线,2026-06-17,78.3,70,A,15.9,69.0,45.24,334.0,44.7,LEG1,是,是,76.7,0.88,44.34
600819,日线,2026-06-17,6.86,70,A,3.25,7.04,7.02,116.6,0.5,LEG1,否,否,56.8,1.74,6.88
603137,日线,2026-06-15,12.94,70,A,9.12,14.25,12.0,56.3,43.9,LEG1,否,否,64.7,1.45,11.76
002346,日线,2026-06-17,18.33,70,A,6.66,22.83,17.92,242.8,30.4,LEG1,否,否,54.3,1.43,17.56
600186,日线,2026-06-17,14.66,70,A,2.92,13.7,9.09,369.2,42.8,BREAKOUT,是,是,77.2,0.72,8.91
002897,日线,2026-06-17,88.0,70,A,25.42,99.47,56.64,291.3,57.8,LEG1,否,是,59.2,0.71,55.51
399850,日线,2026-06-17,10570.72,70,A,5557.42,10938.67,6349.78,96.8,85.3,LEG1,否,是,59.8,0.83,6222.78
600012,日线,2026-06-17,16.23,70,A,10.86,17.68,14.23,62.8,50.6,LEG1,否,是,46.5,0.53,13.95
000636,日线,2026-06-17,74.06,70,A,8.72,27.5,18.41,215.4,48.4,BREAKOUT,是,是,76.8,0.97,18.04
600261,日线,2026-06-17,3.29,70,A,2.32,3.55,3.33,53.0,17.9,LEG1,否,否,49.3,1.53,3.26
002106,日线,2026-06-17,14.78,70,A,6.55,14.06,10.03,114.7,53.7,LEG1,是,是,75.9,0.96,9.83
300518,日线,2026-06-17,30.44,70,A,6.74,34.27,17.0,408.5,62.7,LEG1,否,否,64.2,1.95,16.66
688609,日线,2026-06-17,11.74,70,A,5.8,12.79,7.89,120.5,70.1,LEG1,否,是,57.3,0.66,7.73
603773,日线,2026-06-17,166.13,70,A,15.33,88.88,61.39,479.8,37.4,BREAKOUT,是,是,75.6,0.37,60.16
688605,日线,2026-06-17,88.49,70,A,54.54,85.88,62.47,57.5,74.7,LEG1,是,是,76.6,0.99,61.22
688300,日线,2026-06-17,235.24,70,A,28.88,192.0,142.0,564.8,30.7,BREAKOUT,是,是,86.0,0.8,139.16
002132,日线,2026-06-17,5.18,70,A,2.0,6.17,4.6,208.5,37.6,LEG1,否,是,41.4,0.66,4.51
603936,日线,2026-06-17,26.76,70,A,5.29,26.99,19.65,410.2,33.8,READY,否,是,76.1,0.99,19.26
688671,日线,2026-06-17,25.65,70,A,13.81,29.37,20.22,112.7,58.8,LEG1,否,否,59.5,1.46,19.82
603066,日线,2026-06-17,10.55,70,A,8.27,11.87,9.59,43.5,63.3,LEG1,否,否,45.0,1.43,9.4
688692,日线,2026-06-17,266.86,70,A,190.03,308.99,249.08,62.6,50.4,LEG1,否,是,49.0,0.66,244.1
301150,日线,2026-06-17,61.01,70,A,15.61,83.94,54.38,437.7,43.3,LEG1,否,否,51.9,3.01,53.29
600176,日线,2026-06-17,54.6,70,A,8.5,43.98,21.59,417.4,63.1,LEG1,是,是,86.4,0.75,21.16
300433,日线,2026-06-17,51.21,70,A,9.77,47.79,27.2,389.2,54.2,LEG1,是,是,75.4,0.95,26.66
603051,日线,2026-06-17,21.65,70,A,18.53,25.39,21.61,37.0,55.1,LEG1,否,否,51.4,2.48,21.18
603058,日线,2026-06-17,9.76,70,A,5.45,10.44,10.23,91.6,4.2,LEG1,否,否,45.0,1.51,10.03
301235,日线,2026-06-17,66.77,70,A,14.03,79.88,59.02,469.4,31.7,READY,否,是,48.2,0.99,57.84
600843,日线,2026-06-17,7.89,70,A,3.47,9.45,7.27,172.3,36.5,READY,否,否,44.0,1.33,7.12
603186,日线,2026-06-17,226.67,70,A,13.91,139.22,56.95,900.9,65.7,LEG1,是,是,95.3,0.94,55.81
600184,日线,2026-06-17,26.67,70,A,7.11,28.35,14.32,298.7,66.1,LEG1,否,是,52.9,0.82,14.03
603177,日线,2026-06-17,9.89,70,A,6.06,12.55,10.35,107.1,33.9,LEG1,否,否,51.4,2.18,10.14
603777,日线,2026-06-17,18.63,70,A,7.8,21.68,12.5,177.9,66.1,LEG1,否,否,68.5,1.95,12.25
688205,日线,2026-06-17,237.03,70,A,24.1,250.0,134.44,937.3,51.2,LEG1,否,否,52.3,1.31,131.75
603002,日线,2026-06-17,23.2,70,A,3.57,18.74,6.6,424.9,80.0,LEG1,是,是,79.2,0.82,6.47
002076,日线,2026-06-17,2.65,70,A,1.16,2.83,1.9,144.0,55.7,LEG1,否,是,60.9,0.8,1.86
603997,日线,2026-06-17,13.69,70,A,9.41,15.82,11.9,68.1,61.2,LEG1,否,是,41.9,0.97,11.66
002066,日线,2026-06-17,23.08,70,A,6.5,28.0,8.5,330.8,90.7,LEG1,否,否,46.4,3.03,8.33
603721,日线,2026-06-16,20.49,70,A,15.52,27.2,22.73,75.3,38.3,LEG1,否,否,48.1,1.49,22.28
301321,日线,2026-06-17,38.16,70,A,8.58,35.89,17.73,318.3,66.5,LEG1,是,是,78.3,0.77,17.38
002472,日线,2026-06-17,41.76,70,A,18.09,45.98,41.1,154.2,17.5,LEG1,否,是,47.2,0.65,40.28
688218,日线,2026-06-17,54.8,70,A,12.4,47.56,20.71,283.5,76.4,LEG1,是,是,85.2,0.8,20.3
600638,日线,2026-06-17,5.31,70,A,3.55,6.05,5.67,70.4,15.2,LEG1,否,否,45.5,2.17,5.56
605133,日线,2026-06-17,36.05,70,A,15.23,43.8,32.32,187.6,40.2,READY,否,否,52.8,1.34,31.67
001373,日线,2026-06-17,36.13,70,A,22.2,42.77,32.79,92.7,48.5,LEG1,否,否,53.7,1.92,32.13
300620,日线,2026-06-17,395.2,70,A,30.0,359.73,97.0,1099.1,79.7,LEG1,是,是,77.1,0.79,95.06
601868,日线,2026-06-17,2.89,70,A,2.01,2.99,2.78,48.8,21.4,LEG1,否,否,61.1,1.93,2.72
301377,日线,2026-06-17,590.0,70,A,11.81,244.57,64.5,1970.9,77.4,LEG1,是,是,92.3,0.85,63.21
300599,日线,2026-06-17,12.58,70,A,4.26,14.48,8.64,239.9,57.1,LEG1,否,是,44.2,0.96,8.47
300661,日线,2026-06-17,131.55,70,A,58.42,127.77,101.76,118.7,37.5,BREAKOUT,是,是,75.3,0.81,99.72
600353,日线,2026-06-17,38.19,70,A,4.95,24.76,13.6,400.2,56.3,LEG1,是,是,85.6,0.44,13.33
300606,日线,2026-06-17,46.79,70,A,13.77,45.68,32.01,231.7,42.8,BREAKOUT,是,是,78.3,0.86,31.37
300121,日线,2026-06-17,12.55,70,A,6.6,13.96,10.91,111.5,41.4,READY,否,否,50.9,1.47,10.69
002569,日线,2026-06-17,16.01,70,A,4.2,17.72,6.27,321.9,84.7,LEG1,否,是,47.8,0.98,6.14
002577,日线,2026-06-17,18.1,70,A,9.46,19.5,14.82,106.1,46.6,LEG1,否,是,47.7,0.98,14.52
603679,日线,2026-06-17,19.48,70,A,6.92,18.77,12.66,171.2,51.6,LEG1,是,是,80.1,0.75,12.41
600558,日线,2026-06-17,5.53,70,A,2.9,5.83,5.26,101.0,19.5,LEG1,否,否,52.2,1.46,5.15
301018,日线,2026-06-17,112.77,70,A,14.45,170.0,89.82,1076.5,51.5,READY,否,否,51.7,1.39,88.02
001301,日线,2026-06-17,92.8,70,A,22.71,98.3,82.01,332.8,21.6,LEG1,否,是,57.3,0.62,80.37
605319,日线,2026-06-17,25.72,70,A,14.46,28.89,23.76,99.8,35.6,LEG1,否,是,42.4,0.68,23.28
300036,日线,2026-06-17,12.5,70,A,12.3,15.92,14.6,29.4,36.5,LEG1,否,否,42.2,1.32,14.31
601669,日线,2026-06-17,5.17,70,A,4.33,6.15,5.55,42.0,33.0,LEG1,否,否,56.9,2.09,5.44
601636,日线,2026-06-17,8.67,70,A,4.6,7.25,6.01,57.6,46.8,BREAKOUT,是,是,78.1,0.43,5.89
601688,日线,2026-06-17,20.4,70,A,11.83,19.92,17.54,68.4,29.4,BREAKOUT,是,是,77.9,0.76,17.19
600889,日线,2026-06-17,15.85,70,A,2.75,16.66,12.67,505.8,28.7,LEG1,否,是,47.0,0.72,12.42
688203,日线,2026-06-17,11.46,70,A,7.38,14.96,11.38,102.7,47.2,LEG1,否,否,43.9,1.65,11.15
601916,日线,2026-06-17,3.04,70,A,2.45,3.11,2.93,26.9,27.3,LEG1,否,是,43.5,0.85,2.87
603213,日线,2026-06-17,14.2,70,A,6.62,15.04,13.1,127.2,23.0,LEG1,否,是,42.4,0.72,12.84
002028,日线,2026-06-17,186.93,70,A,49.0,219.81,68.48,348.6,88.6,LEG1,否,否,53.3,1.36,67.11
301382,日线,2026-06-17,40.74,70,A,15.77,53.98,31.29,242.3,59.4,LEG1,否,否,55.8,2.0,30.66
300136,日线,2026-06-17,105.56,70,A,14.45,110.18,88.0,662.5,23.2,LEG1,否,否,59.1,1.46,86.24
002058,日线,2026-06-17,23.54,70,A,6.6,27.35,19.07,314.4,39.9,LEG1,否,否,45.6,2.82,18.69
301106,日线,2026-06-17,24.11,70,A,22.14,37.4,27.38,68.9,65.7,LEG1,否,否,50.6,1.65,26.83
300560,日线,2026-06-17,16.97,70,A,8.79,20.0,13.77,127.5,55.6,LEG1,否,是,42.4,0.83,13.49
300449,日线,2026-06-17,8.42,70,A,2.62,12.83,7.43,389.7,52.9,READY,否,否,59.6,1.62,7.28
000951,日线,2026-06-17,22.0,70,A,12.55,23.48,18.94,87.1,41.5,LEG1,否,是,46.4,0.87,18.56
000929,日线,2026-06-17,9.93,70,A,4.82,12.02,7.75,149.4,59.3,LEG1,否,否,50.6,2.62,7.59
603661,日线,2026-06-17,33.64,70,A,22.9,37.5,29.71,63.8,53.4,LEG1,否,是,47.2,0.98,29.12
002636,日线,2026-06-17,95.71,70,A,4.63,50.22,13.94,984.7,79.6,LEG1,是,是,80.7,0.91,13.66
300040,日线,2026-06-17,6.89,70,A,3.21,8.18,6.6,154.8,31.8,LEG1,否,否,48.2,1.44,6.47
688361,日线,2026-06-17,251.71,70,A,46.12,268.07,188.0,481.2,36.1,READY,否,是,75.6,0.9,184.24
601699,日线,2026-06-17,16.99,70,A,10.31,19.76,13.99,91.7,61.1,LEG1,否,是,40.3,0.54,13.71
001234,日线,2026-06-17,23.48,70,A,11.8,38.3,23.98,224.6,54.0,LEG1,否,否,48.6,1.45,23.5
601668,日线,2026-06-17,4.73,70,A,4.54,5.04,4.72,11.0,64.0,READY,否,否,43.5,1.39,4.63
001226,日线,2026-06-17,49.72,70,A,19.43,53.65,40.13,176.1,39.5,LEG1,否,是,43.0,0.54,39.33
001223,日线,2026-06-17,49.83,70,A,29.29,73.49,45.5,150.9,63.3,LEG1,否,否,53.6,1.51,44.59
600999,日线,2026-06-17,19.1,70,A,12.62,18.35,16.48,45.4,32.6,BREAKOUT,是,是,87.0,0.99,16.15
688131,日线,2026-06-17,75.05,70,A,17.86,79.99,34.02,347.9,74.0,LEG1,否,是,50.0,0.54,33.34
300747,日线,2026-06-17,54.93,70,A,13.28,38.35,26.01,188.8,49.2,LEG1,是,是,76.0,0.95,25.49
600396,日线,2026-06-17,17.8,70,A,2.06,23.04,6.52,1018.4,78.7,LEG1,否,是,45.4,0.82,6.39
600933,日线,2026-06-17,15.44,70,A,11.59,18.25,16.26,57.5,29.9,LEG1,否,否,52.2,1.48,15.93
603319,日线,2026-06-17,35.73,70,A,10.8,44.95,29.83,316.2,44.3,LEG1,否,是,45.8,0.52,29.23
003036,日线,2026-06-17,104.79,70,A,6.1,46.5,16.02,662.3,75.4,LEG1,是,是,86.7,0.8,15.7
600126,日线,2026-06-17,7.12,70,A,3.23,9.96,8.71,208.4,18.6,LEG1,否,否,43.4,1.45,8.54
605580,日线,2026-06-17,24.23,70,A,6.37,31.0,22.26,386.7,35.5,LEG1,否,是,41.1,0.69,21.81
002718,日线,2026-06-17,111.4,70,A,8.36,95.99,12.08,1048.2,95.8,LEG1,是,是,85.8,0.94,11.84
002725,日线,2026-06-17,13.7,70,A,5.8,16.79,12.46,189.5,39.4,READY,否,否,44.3,1.43,12.21
000823,日线,2026-06-17,22.11,70,A,5.69,17.76,12.6,212.1,42.8,LEG1,是,是,78.6,0.88,12.35
300737,日线,2026-06-17,8.16,70,A,3.73,9.37,5.84,151.2,62.6,READY,否,否,63.2,1.47,5.72
603595,日线,2026-06-17,27.59,70,A,14.36,26.7,22.46,85.9,34.4,BREAKOUT,是,是,78.9,0.88,22.01
600278,日线,2026-06-17,6.34,70,A,4.93,7.8,6.96,58.2,29.3,LEG1,否,否,43.9,1.63,6.82
002947,日线,2026-06-17,90.95,70,A,18.88,105.0,41.3,456.1,74.0,LEG1,否,是,59.9,0.68,40.47
688146,日线,2026-06-17,339.7,70,A,22.58,151.0,40.08,568.7,86.4,LEG1,是,是,76.7,0.92,39.28
605566,日线,2026-06-17,51.44,70,A,12.58,44.29,24.16,252.1,63.5,LEG1,是,是,80.8,0.96,23.68
000066,日线,2026-06-17,17.81,70,A,7.25,25.74,14.26,255.0,62.1,LEG1,否,否,58.2,1.36,13.97
300951,日线,2026-06-17,45.05,70,A,23.5,41.85,31.9,78.1,54.2,BREAKOUT,是,是,76.6,0.81,31.26
300938,日线,2026-06-17,44.52,70,A,15.95,63.88,35.02,300.5,60.2,READY,否,否,48.9,1.59,34.32
688020,日线,2026-06-17,232.31,70,A,20.44,180.0,128.0,780.6,32.6,BREAKOUT,是,是,83.7,0.88,125.44
601061,日线,2026-06-17,11.91,70,A,6.45,14.8,10.86,129.5,47.2,READY,否,否,44.3,1.38,10.64
002977,日线,2026-06-17,25.53,70,A,18.46,31.35,26.49,69.8,37.7,READY,否,否,51.4,1.38,25.96
301662,日线,2026-06-17,106.97,70,A,51.19,190.56,127.08,272.3,45.5,LEG1,否,否,48.5,1.97,124.54
600578,日线,2026-06-17,8.02,70,A,2.61,10.05,4.21,285.1,78.5,LEG1,否,是,45.6,0.72,4.13
600026,日线,2026-06-17,19.69,70,A,9.74,23.99,20.6,146.3,23.8,LEG1,否,否,60.8,1.46,20.19
300762,日线,2026-06-17,38.86,70,A,7.3,49.44,31.33,577.3,43.0,READY,否,否,60.6,1.83,30.7
301560,日线,2026-06-17,30.52,70,A,32.9,50.0,40.65,52.0,54.7,LEG1,否,否,40.3,1.3,39.84
688509,日线,2026-06-17,4.8,70,A,2.65,5.2,4.45,96.2,29.4,LEG1,否,是,45.0,0.86,4.36
301568,日线,2026-06-17,114.67,70,A,24.02,57.73,46.72,140.3,32.7,BREAKOUT,是,是,85.9,0.84,45.79
002741,日线,2026-06-17,39.44,70,A,8.62,31.16,17.03,261.5,62.7,LEG1,是,是,84.5,0.4,16.69
688059,日线,2026-06-17,196.15,70,A,38.4,163.44,102.38,325.6,48.8,LEG1,是,是,76.4,0.95,100.33
300786,日线,2026-06-17,21.65,70,A,7.52,20.95,16.7,178.6,31.6,BREAKOUT,是,是,77.2,0.78,16.37
300812,日线,2026-06-17,30.51,70,A,14.31,45.21,34.1,215.9,36.0,LEG1,否,否,48.1,1.86,33.42
601211,日线,2026-06-17,17.77,70,A,12.93,17.42,14.91,34.7,55.9,BREAKOUT,是,是,81.3,0.8,14.61
300757,日线,2026-06-17,660.21,70,A,39.63,714.0,328.5,1701.7,57.2,LEG1,否,是,61.1,0.98,321.93
000776,日线,2026-06-17,21.42,70,A,11.13,21.73,18.47,95.2,30.8,READY,否,是,82.4,0.94,18.1
000791,日线,2026-06-17,9.22,70,A,4.55,10.91,8.18,139.8,42.9,READY,否,否,55.6,1.32,8.02
000669,日线,2026-06-17,4.15,70,A,1.22,4.58,3.97,275.4,18.2,LEG1,否,否,49.8,1.36,3.89
000670,日线,2026-06-17,9.21,70,A,3.81,10.37,8.24,172.2,32.5,LEG1,否,是,51.4,0.82,8.08
688087,日线,2026-06-17,38.77,70,A,18.21,45.66,36.01,150.7,35.2,READY,否,否,47.9,1.42,35.29
688090,日线,2026-06-17,122.38,70,A,17.41,97.99,46.23,462.8,64.2,LEG1,是,是,75.4,0.95,45.31
300864,日线,2026-06-17,22.06,70,A,13.4,25.88,19.74,93.1,49.2,LEG1,否,否,48.9,2.83,19.35
600108,日线,2026-06-17,3.43,70,A,2.23,4.49,3.22,101.3,56.2,READY,否,否,41.2,1.4,3.16
600110,日线,2026-06-17,17.22,70,A,2.56,13.19,6.77,415.2,60.4,LEG1,是,是,88.1,0.1,6.63
000695,日线,2026-06-17,14.47,70,A,6.29,16.8,11.61,167.1,49.4,LEG1,否,否,61.8,1.45,11.38
688082,日线,2026-06-17,361.2,70,A,68.8,269.0,138.56,291.0,65.2,LEG1,是,是,81.5,0.96,135.79
688383,日线,2026-06-17,184.0,70,A,36.29,155.0,59.0,327.1,80.9,LEG1,是,是,86.0,0.7,57.82
301580,日线,2026-06-17,52.64,70,A,36.6,81.5,66.61,122.7,33.2,LEG1,否,否,52.8,2.69,65.28
301607,日线,2026-06-17,42.86,70,A,30.47,61.66,41.51,102.4,64.6,LEG1,否,否,46.9,1.76,40.68
301617,日线,2026-06-17,54.88,70,A,34.87,70.66,49.0,102.6,60.5,READY,否,否,51.9,1.41,48.02
002845,日线,2026-06-17,16.15,70,A,10.09,17.08,13.41,69.3,52.5,LEG1,否,是,60.5,0.95,13.14
688332,日线,2026-06-17,127.54,69,A,44.02,102.49,83.01,132.8,33.3,BREAKOUT,是,否,81.5,1.11,81.35
301595,日线,2026-06-17,46.61,67,A,34.88,51.62,47.39,48.0,25.3,LEG1,否,否,59.4,1.0,46.44
688450,日线,2026-06-17,47.5,67,A,16.68,52.88,36.8,217.0,44.4,READY,否,否,69.9,1.24,36.06
600711,日线,2026-06-17,13.08,67,A,3.08,13.26,10.64,330.5,25.7,BREAKOUT,否,否,59.9,0.76,10.43
002900,日线,2026-06-17,10.05,67,A,6.74,11.8,9.63,75.1,42.9,READY,否,否,45.1,1.05,9.44
002837,日线,2026-06-17,74.62,67,A,17.11,111.29,62.2,550.4,52.1,READY,否,否,50.9,1.01,60.96
002927,日线,2026-06-17,21.82,67,A,7.67,25.62,16.24,234.0,52.3,LEG1,否,否,57.2,1.14,15.92
603496,日线,2026-06-17,24.33,67,A,17.12,32.49,27.71,89.8,31.1,LEG1,否,否,58.5,1.26,27.16
603499,日线,2026-06-17,20.41,67,A,7.62,23.76,14.38,211.8,58.1,LEG1,否,否,69.3,1.12,14.09
301399,日线,2026-06-17,17.85,67,A,16.21,22.39,20.7,38.1,27.3,LEG1,否,否,41.1,1.17,20.29
603466,日线,2026-06-17,10.3,67,A,6.49,12.65,10.21,94.9,39.6,LEG1,否,是,36.6,1.12,10.01
301499,日线,2026-06-17,35.97,67,A,15.7,39.52,31.34,151.7,34.3,LEG1,否,否,66.1,1.13,30.71
600729,日线,2026-06-17,19.97,67,A,16.91,21.05,19.02,24.5,49.0,READY,否,否,49.8,0.85,18.64
301510,日线,2026-06-17,35.41,67,A,19.0,42.7,31.27,124.7,48.2,READY,否,否,56.2,1.04,30.64
600732,日线,2026-06-17,12.65,67,A,7.36,16.54,9.88,124.7,72.5,LEG1,否,否,56.5,1.01,9.68
688539,日线,2026-06-17,32.89,67,A,18.7,44.33,35.84,137.1,33.1,LEG1,否,否,53.4,1.02,35.12
688550,日线,2026-06-17,48.53,67,A,18.23,56.58,40.83,210.4,41.1,READY,否,否,61.8,1.21,40.01
301330,日线,2026-06-17,27.82,67,A,18.02,28.59,25.81,58.7,26.3,LEG1,否,否,55.0,1.06,25.29
688311,日线,2026-06-17,27.55,67,A,16.76,37.89,33.18,126.1,22.3,LEG1,否,否,43.1,1.03,32.52
603507,日线,2026-06-17,37.5,67,A,17.51,47.9,33.97,173.6,45.8,READY,否,否,46.2,1.25,33.29
301312,日线,2026-06-17,111.0,67,A,30.41,153.9,75.02,406.1,63.9,LEG1,否,否,59.9,1.27,73.52
688295,日线,2026-06-17,52.39,67,A,16.11,52.67,45.82,226.9,18.7,LEG1,否,否,60.3,1.26,44.9
688299,日线,2026-06-17,17.96,67,A,7.3,21.2,14.95,190.4,45.0,READY,否,否,64.6,1.08,14.65
688303,日线,2026-06-17,19.97,67,A,16.68,23.61,21.55,41.5,29.7,LEG1,否,否,43.3,1.1,21.12
688599,日线,2026-06-17,14.6,67,A,12.82,18.78,15.3,46.5,58.4,LEG1,否,否,46.6,1.07,14.99
688601,日线,2026-06-17,59.65,67,A,29.18,69.32,51.0,137.6,45.6,READY,否,否,63.5,1.11,49.98
301279,日线,2026-06-17,24.54,67,A,11.89,28.5,20.3,139.7,49.4,READY,否,否,56.9,1.19,19.89
301280,日线,2026-06-17,48.05,67,A,23.7,51.3,38.51,116.5,46.3,READY,否,否,73.3,1.26,37.74
688275,日线,2026-06-17,136.14,67,A,24.33,164.72,115.18,577.0,35.3,READY,否,否,63.4,1.0,112.88
688280,日线,2026-06-17,6.35,67,A,3.52,11.54,7.48,227.8,50.6,LEG1,否,否,54.7,1.17,7.33
688633,日线,2026-06-17,31.2,67,A,16.78,39.73,27.76,136.8,52.2,READY,否,否,54.5,1.18,27.2
301227,日线,2026-06-17,27.88,67,A,14.03,37.15,29.91,164.8,31.3,LEG1,否,否,55.4,1.14,29.31
301152,日线,2026-06-17,26.35,67,A,18.39,36.28,25.5,97.3,60.3,LEG1,否,否,51.2,1.16,24.99
301153,日线,2026-06-17,18.55,67,A,16.75,21.79,20.38,30.1,28.0,LEG1,否,否,50.4,1.24,19.97
603617,日线,2026-06-17,7.55,67,A,4.53,8.25,6.94,82.1,35.2,READY,否,否,56.7,0.9,6.8
002985,日线,2026-06-17,30.38,67,A,16.89,37.03,33.55,119.2,17.3,LEG1,否,否,53.8,1.04,32.88
002986,日线,2026-06-17,11.54,67,A,9.51,16.33,13.38,71.7,43.3,READY,否,否,48.4,1.23,13.11
002997,日线,2026-06-17,31.11,67,A,17.36,34.25,34.5,97.3,-1.5,LEG1,否,否,62.1,1.19,33.81
603327,日线,2026-06-17,10.8,67,A,7.62,11.04,9.42,44.9,47.4,LEG1,否,否,62.0,1.09,9.23
002690,日线,2026-06-17,14.97,67,A,12.1,18.53,18.2,53.1,5.1,LEG1,否,否,49.8,1.05,17.84
002709,日线,2026-06-17,52.85,67,A,12.86,60.4,46.0,369.7,30.3,READY,否,否,62.2,1.13,45.08
603579,日线,2026-06-17,19.82,67,A,11.12,22.84,18.59,105.4,36.3,READY,否,否,59.3,1.22,18.22
603586,日线,2026-06-17,15.75,67,A,11.0,18.09,15.72,64.5,33.4,BREAKOUT,否,否,28.7,3.79,15.41
688636,日线,2026-06-17,37.89,67,A,16.84,47.94,34.35,184.7,43.7,READY,否,否,56.8,1.1,33.66
688251,日线,2026-06-17,25.05,67,A,10.53,38.78,30.0,268.3,31.1,READY,否,否,50.1,1.05,29.4
688252,日线,2026-06-17,22.89,67,A,9.43,25.0,19.01,165.1,38.5,READY,否,否,61.1,1.16,18.63
688655,日线,2026-06-17,52.55,67,A,6.28,58.8,45.0,836.3,26.3,LEG1,否,否,54.5,1.19,44.1
600510,日线,2026-06-17,8.14,67,A,3.31,11.69,8.94,253.2,32.8,READY,否,否,49.7,1.23,8.76
600862,日线,2026-06-17,18.84,67,A,15.36,21.63,19.4,40.8,35.6,LEG1,否,否,59.4,1.03,19.01
301137,日线,2026-06-17,38.88,67,A,10.57,49.8,35.21,371.1,37.2,READY,否,否,51.6,1.1,34.51
003015,日线,2026-06-17,12.98,67,A,6.58,15.19,11.96,130.9,37.5,READY,否,否,55.5,1.23,11.72
300008,日线,2026-06-17,6.89,67,A,2.98,8.35,7.18,180.2,21.8,LEG1,否,否,66.3,1.29,7.04
603308,日线,2026-06-17,63.97,67,A,8.55,84.66,14.71,890.2,91.9,LEG1,否,否,53.4,1.09,14.42
002644,日线,2026-06-17,7.51,67,A,5.84,7.89,7.2,35.1,33.7,READY,否,否,45.4,1.27,7.06
002670,日线,2026-06-17,11.91,67,A,7.93,13.03,10.84,64.3,42.9,READY,否,否,60.0,1.21,10.62
688722,日线,2026-06-17,17.5,67,A,9.57,19.38,15.48,102.5,39.8,READY,否,否,53.7,1.12,15.17
600071,日线,2026-06-17,17.37,67,A,14.21,18.66,19.2,31.3,-12.1,LEG1,否,否,48.8,1.01,18.82
600876,日线,2026-06-17,9.42,67,A,8.05,9.28,10.22,15.3,-76.4,BREAKOUT,是,否,70.0,1.3,10.02
688778,日线,2026-06-17,61.36,67,A,25.32,86.8,53.98,242.8,53.4,READY,否,否,55.0,1.2,52.9
688209,日线,2026-06-17,25.16,67,A,9.65,27.74,19.8,187.5,43.9,READY,否,否,68.5,1.24,19.4
600897,日线,2026-06-17,15.12,67,A,10.96,16.15,14.06,47.4,40.3,BREAKOUT,否,否,45.6,0.94,13.78
000034,日线,2026-06-17,26.69,67,A,20.15,43.75,31.79,117.1,50.7,LEG1,否,否,58.8,1.15,31.15
300990,日线,2026-06-17,93.59,67,A,22.05,107.3,76.05,386.6,36.7,READY,否,否,68.3,0.89,74.53
301015,日线,2026-06-17,21.2,67,A,17.37,23.48,21.67,35.2,29.6,LEG1,否,否,54.5,1.25,21.24
600961,日线,2026-06-17,26.7,67,A,6.61,28.5,21.85,331.2,30.4,READY,否,否,60.9,1.24,21.41
300959,日线,2026-06-17,156.85,67,A,18.67,234.87,79.5,1158.0,71.9,LEG1,否,是,35.0,1.16,77.91
300967,日线,2026-06-17,17.72,67,A,6.62,21.4,16.72,223.3,31.7,READY,否,否,45.0,0.73,16.39
600980,日线,2026-06-17,21.2,67,A,10.22,23.65,20.05,131.4,26.8,LEG1,否,否,49.5,1.16,19.65
600981,日线,2026-06-17,2.56,67,A,1.48,3.41,2.37,130.4,53.9,READY,否,否,41.3,1.05,2.32
002637,日线,2026-06-17,11.88,67,A,6.74,13.48,10.01,100.0,51.5,LEG1,否,否,46.0,0.85,9.81
688155,日线,2026-06-17,83.77,67,A,30.68,107.77,68.85,251.3,50.5,LEG1,否,否,56.5,1.1,67.47
600390,日线,2026-06-17,4.77,67,A,3.9,5.37,4.45,37.7,62.6,READY,否,否,53.0,1.01,4.36
688130,日线,2026-06-17,27.37,67,A,16.18,31.3,22.49,93.4,58.3,READY,否,否,64.6,1.06,22.04
000156,日线,2026-06-17,6.71,67,A,5.67,7.75,7.13,36.7,29.8,LEG1,否,否,49.6,1.15,6.99
300926,日线,2026-06-17,20.04,67,A,17.17,23.97,21.93,39.6,30.0,LEG1,否,否,55.4,1.3,21.49
300927,日线,2026-06-17,23.94,67,A,8.28,33.55,22.28,305.2,44.6,READY,否,否,41.9,1.16,21.83
000422,日线,2026-06-17,13.33,67,A,7.04,17.4,12.51,147.2,47.2,READY,否,否,41.7,1.01,12.26
688110,日线,2026-06-17,152.91,67,A,14.0,166.6,116.74,1090.0,32.7,READY,否,否,70.4,1.15,114.41
688127,日线,2026-06-17,87.25,67,A,14.41,104.57,28.39,625.7,84.5,LEG1,否,否,60.6,1.02,27.82
600111,日线,2026-06-17,50.32,67,A,15.08,57.96,44.02,284.4,32.5,LEG1,否,否,53.6,1.17,43.14
300870,日线,2026-06-17,374.01,67,A,26.35,445.14,250.3,1589.3,46.5,READY,否,否,69.2,1.06,245.29
300890,日线,2026-06-17,34.83,67,A,18.01,43.8,28.3,143.2,60.1,LEG1,否,否,52.3,1.04,27.73
601021,日线,2026-06-17,47.06,67,A,43.08,49.91,46.45,15.9,50.7,LEG1,否,否,54.9,1.02,45.52
300900,日线,2026-06-17,33.85,67,A,14.0,51.01,30.85,264.4,54.5,LEG1,否,否,43.8,1.26,30.23
002549,日线,2026-06-17,17.12,67,A,4.64,20.7,14.85,346.1,36.4,READY,否,否,51.6,1.2,14.55
002568,日线,2026-06-17,18.38,67,A,15.0,20.69,17.91,37.9,48.9,READY,否,是,38.9,1.01,17.55
000516,日线,2026-06-17,4.03,67,A,4.01,4.65,4.56,16.0,14.1,LEG1,否,否,42.7,1.17,4.47
000547,日线,2026-06-17,20.05,67,A,5.48,21.49,18.99,292.2,15.6,LEG1,否,否,44.7,1.21,18.61
600531,日线,2026-06-17,13.43,67,A,4.37,17.5,11.34,300.5,46.9,READY,否,否,56.3,1.02,11.11
600096,日线,2026-06-17,30.23,67,A,14.35,32.76,32.68,128.3,0.4,LEG1,否,否,48.2,1.06,32.03
688077,日线,2026-06-17,29.66,67,A,11.75,32.88,26.4,179.8,30.7,READY,否,否,58.7,1.29,25.87
000728,日线,2026-06-17,7.25,67,A,5.74,7.66,6.66,33.4,52.1,READY,否,否,65.4,1.06,6.53
000737,日线,2026-06-17,14.68,67,A,3.98,15.29,12.85,284.2,21.6,LEG1,否,否,59.4,0.84,12.59
300847,日线,2026-06-17,14.43,67,A,12.3,15.45,14.28,25.6,37.1,LEG1,否,否,48.8,1.25,13.99
300848,日线,2026-06-17,14.6,67,A,11.27,17.3,13.4,53.5,64.7,READY,否,否,48.8,1.12,13.13
601162,日线,2026-06-17,3.31,67,A,2.1,3.9,4.15,85.7,-13.9,LEG1,否,否,55.4,1.11,4.07
688041,日线,2026-06-17,308.22,67,A,64.43,345.0,255.84,435.5,31.8,READY,否,否,61.1,1.07,250.72
000758,日线,2026-06-17,6.96,67,A,3.85,7.27,6.15,88.8,32.7,READY,否,否,54.8,1.06,6.03
300784,日线,2026-06-17,46.45,67,A,41.0,55.45,47.2,35.2,57.1,LEG1,否,否,55.3,1.29,46.26
300797,日线,2026-06-17,14.1,67,A,7.78,15.95,14.25,105.0,20.8,LEG1,否,否,51.6,1.28,13.96
300801,日线,2026-06-17,28.03,67,A,10.31,31.35,23.68,204.1,36.5,READY,否,否,64.3,1.25,23.21
300803,日线,2026-06-17,97.79,67,A,33.14,109.3,94.28,229.8,19.7,LEG1,否,否,67.8,1.09,92.39
000783,日线,2026-06-17,8.05,67,A,4.47,9.24,7.23,106.7,42.1,READY,否,否,63.7,1.05,7.09
300127,日线,2026-06-17,29.23,67,A,11.32,33.33,26.61,194.4,30.5,READY,否,否,54.0,1.11,26.08
300082,日线,2026-06-17,9.76,67,A,3.69,11.66,8.55,216.0,39.0,READY,否,否,56.6,1.19,8.38
300102,日线,2026-06-17,24.81,67,A,4.73,26.11,29.36,452.0,-15.2,LEG1,否,否,54.4,1.22,28.77
300118,日线,2026-06-17,13.75,67,A,8.2,20.3,15.3,147.6,41.3,LEG1,否,否,43.5,1.22,14.99
300758,日线,2026-06-17,13.25,67,A,5.37,15.76,11.0,193.5,45.8,READY,否,否,60.1,1.07,10.78
601236,日线,2026-06-17,6.93,67,A,5.99,7.09,7.45,18.4,-32.7,LEG1,否,否,55.9,1.24,7.3
601336,日线,2026-06-17,61.75,67,A,27.35,67.16,55.01,145.6,30.5,READY,否,否,63.3,0.96,53.91
688012,日线,2026-06-17,351.0,67,A,104.92,533.33,261.6,408.3,63.4,READY,否,否,63.0,1.13,256.37
300733,日线,2026-06-17,14.92,67,A,5.78,21.39,11.96,270.1,60.4,READY,否,否,50.3,1.06,11.72
601375,日线,2026-06-17,4.08,67,A,3.25,4.13,3.87,27.1,29.5,LEG1,否,否,63.7,1.24,3.79
601515,日线,2026-06-17,3.95,67,A,2.17,5.2,3.76,139.6,47.5,LEG1,否,否,52.6,1.14,3.68
300748,日线,2026-06-17,32.29,67,A,9.99,35.2,29.02,252.4,24.5,LEG1,否,否,56.6,1.09,28.44
000913,日线,2026-06-17,12.14,67,A,8.45,15.85,11.2,87.6,62.8,READY,否,否,61.5,1.18,10.98
300185,日线,2026-06-17,2.79,67,A,1.7,2.92,2.55,71.8,30.3,LEG1,否,否,49.5,1.28,2.5
300190,日线,2026-06-17,4.33,67,A,2.44,4.85,3.88,98.8,40.2,READY,否,否,61.8,1.15,3.8
300193,日线,2026-06-17,8.41,67,A,5.11,8.96,7.4,75.3,40.5,READY,否,否,63.0,0.95,7.25
002456,日线,2026-06-17,9.62,67,A,5.91,10.22,8.36,72.9,43.2,LEG1,否,否,59.9,0.98,8.19
002466,日线,2026-06-17,64.04,67,A,24.44,82.49,54.87,237.5,47.6,READY,否,否,59.6,1.12,53.77
300699,日线,2026-06-17,29.36,67,A,21.88,37.19,32.14,70.0,33.0,LEG1,否,否,50.3,1.01,31.5
300712,日线,2026-06-17,22.57,67,A,14.75,27.5,27.02,86.4,3.8,LEG1,否,否,54.1,1.17,26.48
300715,日线,2026-06-17,19.91,67,A,5.67,28.16,10.16,396.6,80.0,LEG1,否,是,39.1,1.06,9.96
601601,日线,2026-06-17,32.19,67,A,21.27,38.46,30.77,80.8,44.7,READY,否,否,46.3,1.01,30.15
300719,日线,2026-06-17,13.04,67,A,7.37,16.08,15.02,118.2,12.2,LEG1,否,否,49.2,1.12,14.72
300722,日线,2026-06-17,23.6,67,A,16.53,29.88,22.5,80.8,55.3,READY,否,否,41.9,1.25,22.05
000973,日线,2026-06-17,15.83,67,A,3.03,22.25,13.51,634.3,45.5,READY,否,否,62.7,1.18,13.24
600545,日线,2026-06-17,6.59,67,A,1.25,8.37,3.42,569.6,69.5,LEG1,否,否,55.2,1.23,3.35
601628,日线,2026-06-17,35.81,67,A,25.09,38.71,32.32,54.3,46.9,READY,否,否,65.2,0.7,31.67
600182,日线,2026-06-17,14.21,67,A,11.36,14.42,13.27,26.9,37.6,READY,否,否,62.6,0.98,13.0
002430,日线,2026-06-17,26.46,67,A,16.51,33.43,23.4,102.5,59.3,READY,否,否,51.4,1.17,22.93
603727,日线,2026-06-17,15.64,67,A,8.47,19.48,13.62,130.0,53.2,READY,否,否,60.1,1.0,13.35
603776,日线,2026-06-17,21.35,67,A,7.68,21.56,15.57,180.7,43.2,LEG1,否,否,65.8,1.27,15.26
300632,日线,2026-06-17,29.43,67,A,6.56,42.24,13.61,543.9,80.2,LEG1,否,否,56.7,1.01,13.34
300637,日线,2026-06-17,10.45,67,A,4.01,12.89,9.37,221.4,39.6,READY,否,否,54.6,1.1,9.18
300643,日线,2026-06-17,18.19,67,A,6.78,18.32,16.03,170.2,19.8,LEG1,否,否,60.2,1.26,15.71
601766,日线,2026-06-17,5.73,67,A,5.11,6.2,5.53,21.3,61.5,READY,否,否,51.9,1.0,5.42
300658,日线,2026-06-17,12.58,67,A,3.6,24.4,11.44,577.8,62.3,READY,否,否,46.2,1.15,11.21
601860,日线,2026-06-17,2.61,67,A,2.36,2.67,2.57,13.1,32.3,BREAKOUT,否,否,43.9,0.72,2.52
601881,日线,2026-06-17,12.7,67,A,9.7,13.04,11.74,34.4,38.9,READY,否,否,65.1,0.77,11.51
001358,日线,2026-06-17,25.41,67,A,18.06,31.1,23.5,72.2,58.3,READY,否,否,50.4,1.25,23.03
300592,日线,2026-06-17,12.6,67,A,9.27,16.3,12.72,75.8,50.9,LEG1,否,否,51.5,1.01,12.47
601890,日线,2026-06-17,8.97,67,A,6.35,11.35,9.76,78.7,31.8,LEG1,否,否,51.2,1.12,9.56
601928,日线,2026-06-17,9.17,67,A,8.44,9.34,9.36,10.7,-2.2,LEG1,否,否,52.6,0.8,9.17
002065,日线,2026-06-17,7.37,67,A,4.21,9.03,7.66,114.5,28.4,LEG1,否,否,50.7,1.07,7.51
002068,日线,2026-06-17,9.5,67,A,5.14,11.1,8.15,116.0,49.5,LEG1,否,是,33.1,1.1,7.99
600191,日线,2026-06-17,11.33,67,A,3.56,11.25,10.11,216.0,14.8,BREAKOUT,是,否,60.8,1.29,9.91
603160,日线,2026-06-17,59.74,67,A,46.08,69.29,63.61,50.4,24.5,LEG1,否,否,55.7,1.09,62.34
603161,日线,2026-06-17,14.74,67,A,8.03,15.28,13.44,90.3,25.4,LEG1,否,否,58.9,1.0,13.17
002415,日线,2026-06-17,32.36,67,A,24.71,31.53,30.0,27.6,22.4,BREAKOUT,是,否,67.9,1.25,29.4
603004,日线,2026-06-17,21.3,67,A,14.89,22.24,18.03,49.4,57.3,READY,否,否,64.4,0.93,17.67
002114,日线,2026-06-17,7.69,67,A,3.69,10.16,6.88,175.3,50.7,READY,否,否,48.0,1.11,6.74
300447,日线,2026-06-17,16.53,67,A,8.01,20.78,15.4,159.4,42.1,READY,否,否,55.8,1.17,15.09
300458,日线,2026-06-17,35.16,67,A,13.17,39.88,30.0,202.8,37.0,READY,否,否,63.6,1.19,29.4
002140,日线,2026-06-17,10.04,67,A,5.73,10.65,10.1,85.9,11.2,LEG1,否,否,44.9,1.25,9.9
002145,日线,2026-06-17,4.46,67,A,3.1,4.69,4.13,51.3,35.2,READY,否,否,54.2,1.27,4.05
300419,日线,2026-06-17,7.08,67,A,2.61,8.1,6.58,210.3,27.7,LEG1,否,否,53.7,1.24,6.45
603049,日线,2026-06-17,46.79,67,A,43.01,48.42,46.53,12.6,34.9,BREAKOUT,否,否,48.0,1.24,45.6
300399,日线,2026-06-17,19.57,67,A,6.82,23.79,19.45,248.8,25.6,LEG1,否,否,50.2,1.12,19.06
300341,日线,2026-06-17,15.23,67,A,6.68,15.3,13.34,129.0,22.7,LEG1,否,否,60.9,1.15,13.07
300348,日线,2026-06-17,9.75,67,A,5.95,12.34,11.67,107.4,10.5,LEG1,否,否,41.4,1.2,11.44
603088,日线,2026-06-17,10.37,67,A,5.2,12.89,9.54,147.9,43.6,LEG1,否,否,47.2,1.11,9.35
603093,日线,2026-06-17,20.77,67,A,8.24,25.98,17.74,215.3,46.4,READY,否,否,55.9,1.19,17.39
300375,日线,2026-06-17,4.79,67,A,2.99,5.13,4.61,71.6,24.3,LEG1,否,否,64.3,1.0,4.52
603856,日线,2026-06-17,12.5,67,A,8.89,13.2,11.42,48.5,41.3,LEG1,否,否,54.9,0.65,11.19
002338,日线,2026-06-17,54.64,67,A,18.0,67.96,49.57,277.6,36.8,READY,否,否,50.9,1.02,48.58
300249,日线,2026-06-17,17.41,67,A,4.19,20.98,14.24,400.7,40.1,READY,否,否,67.8,1.29,13.96
300277,日线,2026-06-17,14.72,67,A,4.92,17.35,17.47,252.6,-1.0,LEG1,否,否,49.3,1.03,17.12
300289,日线,2026-06-17,5.86,67,A,3.45,7.04,5.31,104.1,48.2,READY,否,否,44.2,1.3,5.2
603132,日线,2026-06-17,17.42,67,A,9.16,18.46,15.3,101.5,34.0,READY,否,否,56.5,1.12,14.99
002358,日线,2026-06-17,6.02,67,A,2.69,8.03,7.03,198.5,18.7,LEG1,否,否,41.5,1.05,6.89
002165,日线,2026-06-17,7.39,67,A,2.45,10.23,6.41,317.6,49.1,READY,否,否,48.0,1.24,6.28
002179,日线,2026-06-17,38.82,67,A,29.66,39.86,34.79,34.4,49.7,LEG1,否,否,58.8,1.21,34.09
600338,日线,2026-06-17,17.91,67,A,7.21,28.28,15.71,292.2,59.7,READY,否,否,49.0,1.19,15.4
603906,日线,2026-06-17,24.97,67,A,6.32,30.61,22.68,384.3,32.6,READY,否,否,51.9,1.27,22.23
002193,日线,2026-06-17,4.94,67,A,2.63,5.15,4.61,95.8,21.4,LEG1,否,否,56.6,1.21,4.52
300303,日线,2026-06-17,9.87,67,A,3.51,10.08,8.32,187.2,26.8,LEG1,否,否,63.2,1.22,8.15
002293,日线,2026-06-17,10.08,67,A,6.12,10.18,9.35,66.3,20.4,LEG1,否,否,51.7,1.07,9.16
002318,日线,2026-06-17,24.02,67,A,18.1,30.98,27.18,71.2,29.5,LEG1,否,否,58.7,1.1,26.64
002324,日线,2026-06-17,13.18,67,A,6.99,16.2,11.45,131.8,51.6,READY,否,否,64.1,1.09,11.22
302132,日线,2026-06-17,60.2,67,A,31.88,75.55,65.6,137.0,22.8,LEG1,否,否,47.4,1.02,64.29
600666,日线,2026-06-17,4.67,67,A,1.09,5.07,4.3,365.1,19.3,LEG1,否,否,51.5,1.03,4.21
600676,日线,2026-06-17,7.03,67,A,2.65,8.38,7.61,216.2,13.4,LEG1,否,否,65.9,1.16,7.46
600678,日线,2026-06-17,6.39,67,A,3.51,7.37,9.55,110.0,-56.5,LEG1,否,否,48.4,1.22,9.36
688370,日线,2026-06-17,22.75,67,A,15.1,26.14,21.7,73.1,40.2,LEG1,否,否,60.5,1.08,21.27
688375,日线,2026-06-17,98.23,67,A,32.13,138.0,85.68,329.5,49.4,READY,否,否,54.9,1.23,83.97
688380,日线,2026-06-17,48.81,67,A,12.72,56.37,40.3,343.2,36.8,READY,否,否,60.5,1.06,39.49
688503,日线,2026-06-17,96.0,67,A,24.15,121.44,79.0,402.9,43.6,READY,否,否,57.1,1.11,77.42
600249,日线,2026-06-17,5.1,67,A,3.5,6.5,5.19,85.7,43.7,READY,否,否,41.0,1.19,5.09
600010,日线,2026-06-17,2.4,67,A,1.36,2.9,2.32,113.2,37.7,READY,否,否,47.8,1.04,2.27
600015,日线,2026-06-17,6.82,67,A,5.63,6.95,6.54,23.4,31.1,BREAKOUT,否,否,46.4,0.84,6.41
399108,日线,2026-06-17,1142.87,67,A,970.27,1139.48,1108.17,17.4,18.5,BREAKOUT,是,否,59.7,1.19,1086.01
600643,日线,2026-06-17,4.15,67,A,3.64,5.1,4.61,40.1,33.6,LEG1,否,否,48.5,1.19,4.52
399319,日线,2026-06-17,3462.21,67,A,1972.5,3600.64,3330.38,82.5,16.6,LEG1,否,否,51.0,1.02,3263.77
688517,日线,2026-06-17,19.21,65,A,8.03,24.5,15.42,205.1,55.1,LEG1,否,否,45.7,1.44,15.11
688277,日线,2026-06-17,19.97,65,A,6.11,20.27,17.65,231.8,18.5,LEG1,否,否,75.6,1.61,17.3
002976,日线,2026-06-17,28.67,65,A,15.65,38.98,28.43,149.1,45.2,READY,否,否,40.4,2.4,27.86
300386,日线,2026-06-17,12.37,65,A,5.32,13.57,10.76,155.1,34.1,LEG1,否,否,77.3,4.03,10.54
002775,日线,2026-06-17,4.02,65,A,1.7,4.2,4.12,147.1,3.2,LEG1,否,否,61.5,1.64,4.04
002441,日线,2026-06-17,8.68,65,A,6.0,10.58,9.58,76.3,21.8,LEG1,否,否,42.2,1.43,9.39
300844,日线,2026-06-17,24.83,65,A,12.7,29.9,31.33,135.4,-8.3,LEG1,否,否,31.9,1.57,30.7
605167,日线,2026-06-17,14.14,65,A,6.1,20.26,11.24,232.1,63.7,LEG1,否,否,41.4,2.75,11.02
300635,日线,2026-06-17,13.77,65,A,6.3,14.43,13.0,129.0,17.6,LEG1,否,否,51.9,1.74,12.74
600714,日线,2026-06-17,27.11,65,A,4.89,33.35,16.14,582.0,60.5,LEG1,否,是,37.7,0.87,15.82
002449,日线,2026-06-17,8.08,65,A,5.19,8.76,7.45,68.8,36.7,LEG1,否,否,52.1,1.34,7.3
300177,日线,2026-06-17,7.04,65,A,3.4,9.35,7.73,175.0,27.2,LEG1,否,否,44.0,1.32,7.58
001282,日线,2026-06-17,21.18,65,A,16.16,22.15,19.88,37.1,37.9,LEG1,否,否,78.7,3.74,19.48
605288,日线,2026-06-17,78.99,65,A,26.86,106.38,85.0,296.1,26.9,LEG1,否,否,45.8,1.99,83.3
688019,日线,2026-06-17,245.62,65,A,96.28,348.5,210.13,262.0,54.9,READY,否,否,45.3,1.32,205.93
688512,日线,2026-06-17,14.46,65,A,6.16,17.89,12.13,190.4,49.1,READY,否,否,58.7,0.81,11.89
002564,日线,2026-06-17,4.85,65,A,2.62,6.57,5.95,150.8,15.7,LEG1,否,否,37.5,2.87,5.83
603815,日线,2026-06-17,5.93,65,A,5.0,7.3,6.64,46.0,28.7,LEG1,否,否,43.7,1.4,6.51
300584,日线,2026-06-17,38.22,65,A,12.68,44.31,43.12,249.4,3.8,LEG1,否,否,78.2,4.22,42.26
688123,日线,2026-06-17,139.11,65,A,33.75,181.81,119.5,438.7,42.1,READY,否,否,61.2,1.31,117.11
600192,日线,2026-06-17,8.35,65,A,3.02,9.88,8.0,227.2,27.4,LEG1,否,否,75.8,3.76,7.84
688120,日线,2026-06-17,222.31,65,A,104.4,312.99,178.56,199.8,64.4,READY,否,否,49.8,1.55,174.99
002506,日线,2026-06-17,3.21,65,A,1.73,4.9,4.05,183.2,26.8,LEG1,否,否,34.8,1.36,3.97
300977,日线,2026-06-17,17.48,65,A,10.21,23.33,16.2,128.5,54.3,READY,否,否,41.4,1.49,15.88
688200,日线,2026-06-17,363.82,65,A,66.28,480.0,367.79,624.2,27.1,LEG1,否,否,47.6,1.83,360.43
688720,日线,2026-06-17,84.0,65,A,23.52,113.88,69.0,384.2,49.7,LEG1,否,否,45.1,1.54,67.62
300435,日线,2026-06-17,21.2,65,A,9.33,28.08,16.8,201.0,60.2,READY,否,否,75.2,1.77,16.46
688239,日线,2026-06-17,56.55,65,A,26.06,76.68,51.8,194.2,49.2,READY,否,否,47.2,1.37,50.76
003026,日线,2026-06-17,36.52,65,A,19.2,47.06,29.01,145.1,64.8,READY,否,否,46.7,1.75,28.43
301186,日线,2026-06-17,60.2,65,A,21.89,78.01,56.05,256.4,39.1,READY,否,否,43.6,1.57,54.93
301234,日线,2026-06-17,39.04,65,A,17.01,43.44,35.05,155.4,31.7,LEG1,否,否,49.1,1.3,34.35
000679,日线,2026-06-17,7.35,65,A,2.2,7.3,6.99,231.8,6.1,BREAKOUT,是,否,78.5,3.28,6.85
605259,日线,2026-06-17,18.35,65,A,11.57,19.87,20.2,71.7,-4.0,LEG1,否,否,46.8,1.4,19.8
601975,日线,2026-06-17,4.66,65,A,2.61,6.0,4.18,129.9,53.7,LEG1,否,否,57.5,1.47,4.1
605255,日线,2026-06-17,77.6,65,A,9.5,122.1,105.21,1185.3,15.0,LEG1,否,否,39.5,1.69,103.11
000558,日线,2026-06-17,3.66,65,A,2.05,3.86,5.01,88.3,-63.5,LEG1,否,否,39.6,1.55,4.91
002271,日线,2026-06-17,12.57,62,B,9.75,17.25,13.77,76.9,46.4,READY,否,否,41.6,1.06,13.49
600798,日线,2026-06-17,3.53,62,B,2.49,3.84,3.43,54.2,30.4,LEG1,否,否,51.1,1.27,3.36
301216,日线,2026-06-17,24.81,62,B,8.98,30.43,23.6,238.9,31.8,READY,否,否,44.4,1.09,23.13
002936,日线,2026-06-17,1.75,62,B,1.59,1.83,1.74,15.1,37.5,READY,否,否,40.8,1.02,1.71
688573,日线,2026-06-17,19.76,62,B,12.69,24.95,18.1,96.6,55.9,LEG1,否,否,48.7,1.15,17.74
300311,日线,2026-06-17,5.26,62,B,2.84,5.8,4.84,104.2,32.4,LEG1,否,否,55.7,1.07,4.74
300329,日线,2026-06-17,12.3,62,B,3.2,15.36,4.85,380.0,86.4,LEG1,否,否,42.2,1.28,4.75
300340,日线,2026-06-17,9.31,62,B,5.8,11.65,10.44,100.9,20.7,LEG1,否,否,40.1,1.07,10.23
603085,日线,2026-06-17,12.47,62,B,5.55,14.9,9.83,168.5,54.2,LEG1,否,否,49.5,1.25,9.63
300257,日线,2026-06-17,29.14,62,B,7.31,38.43,27.0,425.7,36.7,LEG1,否,否,55.4,1.25,26.46
002962,日线,2026-06-17,18.5,62,B,8.86,22.39,13.2,152.7,67.9,LEG1,否,否,44.3,1.04,12.94
688459,日线,2026-06-17,8.15,62,B,7.05,9.34,8.78,32.5,24.5,LEG1,否,否,42.1,1.28,8.6
301333,日线,2026-06-17,46.86,62,B,33.05,70.24,54.0,112.5,43.7,LEG1,否,否,44.9,1.16,52.92
002871,日线,2026-06-17,19.79,62,B,5.92,23.27,15.85,293.1,42.8,LEG1,否,否,41.3,1.24,15.53
688425,日线,2026-06-17,4.35,62,B,3.32,4.5,4.72,35.5,-18.6,LEG1,否,否,52.4,1.2,4.63
002222,日线,2026-06-17,104.47,62,B,18.33,114.0,27.8,521.9,90.1,LEG1,否,否,64.6,1.19,27.24
600586,日线,2026-06-17,5.03,62,B,4.31,5.26,5.27,22.0,-1.1,LEG1,否,否,53.7,1.27,5.16
002255,日线,2026-06-17,9.5,62,B,3.55,11.53,8.76,224.8,34.7,READY,否,否,47.3,1.22,8.58
688333,日线,2026-06-17,89.4,62,B,37.11,108.29,84.11,191.8,34.0,LEG1,否,否,57.4,1.13,82.43
688499,日线,2026-06-17,48.71,62,B,16.85,61.88,44.19,267.2,39.3,LEG1,否,否,52.5,1.12,43.31
688485,日线,2026-06-17,56.58,62,B,6.87,61.19,44.78,790.7,30.2,READY,否,否,59.2,1.07,43.88
688571,日线,2026-06-17,9.19,62,B,4.22,10.23,6.96,142.4,54.4,LEG1,否,否,59.3,1.14,6.82
002782,日线,2026-06-17,24.69,62,B,7.99,31.23,18.48,290.9,54.9,LEG1,否,否,49.5,1.21,18.11
002906,日线,2026-06-17,28.9,62,B,18.45,32.68,26.65,77.1,42.4,LEG1,否,否,61.0,1.09,26.12
002901,日线,2026-06-17,41.64,62,B,21.78,42.64,40.2,95.8,11.7,LEG1,否,否,54.0,0.71,39.4
301421,日线,2026-06-17,100.72,62,B,29.74,136.0,91.0,357.3,42.3,LEG1,否,否,58.5,1.07,89.18
688676,日线,2026-06-17,92.75,62,B,27.0,111.11,77.61,311.5,39.8,READY,否,否,53.9,1.11,76.06
301043,日线,2026-06-17,45.21,62,B,18.01,46.9,52.88,160.4,-20.7,LEG1,否,否,47.5,1.07,51.82
688712,日线,2026-06-17,38.79,62,B,35.7,51.99,38.83,45.6,80.8,LEG1,否,否,47.1,1.3,38.05
300438,日线,2026-06-17,78.79,62,B,16.33,84.28,49.1,416.1,51.8,LEG1,否,否,57.6,1.15,48.12
603960,日线,2026-06-17,21.63,62,B,11.3,24.96,19.66,120.9,38.8,READY,否,否,57.5,1.02,19.27
301080,日线,2026-06-17,38.54,62,B,31.3,46.97,39.12,50.1,50.1,LEG1,否,否,50.0,1.08,38.34
300490,日线,2026-06-17,14.79,62,B,6.05,21.17,14.82,249.9,42.0,LEG1,否,否,45.6,1.0,14.52
600970,日线,2026-06-17,8.58,62,B,8.25,9.19,10.13,11.4,-100.0,LEG1,否,否,42.5,1.17,9.93
603276,日线,2026-06-17,16.75,62,B,10.99,18.68,15.5,70.0,41.4,READY,否,否,47.5,1.02,15.19
300963,日线,2026-06-17,14.22,62,B,6.64,18.4,13.13,177.1,44.8,READY,否,否,44.6,1.01,12.87
600150,日线,2026-06-17,37.15,62,B,26.93,42.04,33.93,56.1,53.7,READY,否,否,61.6,1.25,33.25
688158,日线,2026-06-17,37.2,62,B,8.6,52.9,39.21,515.1,30.9,LEG1,否,否,47.0,1.14,38.43
300521,日线,2026-06-17,30.55,62,B,5.8,29.14,29.0,402.4,0.6,LEG1,是,否,80.8,0.88,28.42
000065,日线,2026-06-17,12.76,62,B,8.07,12.98,12.4,60.8,11.8,LEG1,否,否,60.4,1.29,12.15
600973,日线,2026-06-17,6.66,62,B,3.12,7.71,6.47,147.1,27.0,LEG1,否,否,44.2,1.04,6.34
300962,日线,2026-06-17,13.16,62,B,10.18,16.66,15.6,63.7,16.4,LEG1,否,否,42.7,1.17,15.29
002340,日线,2026-06-17,7.42,62,B,3.95,9.69,6.76,145.3,51.0,READY,否,否,46.0,1.09,6.62
301138,日线,2026-06-17,27.89,62,B,14.02,40.25,38.3,187.1,7.4,LEG1,否,否,45.6,1.07,37.53
603657,日线,2026-06-17,24.5,62,B,7.72,36.58,28.51,373.8,28.0,LEG1,否,否,43.9,1.27,27.94
603660,日线,2026-06-17,12.17,62,B,4.51,13.34,8.68,195.8,52.8,LEG1,否,否,61.4,1.1,8.51
603297,日线,2026-06-17,126.26,62,B,49.62,153.99,113.15,210.3,39.1,READY,否,否,56.1,1.06,110.89
301133,日线,2026-06-17,40.63,62,B,16.01,50.79,38.0,217.2,36.8,READY,否,否,46.5,1.11,37.24
600866,日线,2026-06-17,4.82,62,B,3.35,7.41,5.74,121.2,41.1,READY,否,否,42.9,1.04,5.63
600877,日线,2026-06-17,14.2,62,B,8.94,18.14,15.43,102.9,29.5,LEG1,否,否,52.2,1.01,15.12
600094,日线,2026-06-17,4.04,62,B,2.28,4.93,3.72,116.2,45.7,LEG1,否,否,41.7,1.1,3.65
002404,日线,2026-06-17,6.84,62,B,4.07,7.72,6.12,89.7,43.8,READY,否,否,58.3,1.07,6.0
002408,日线,2026-06-17,5.1,62,B,3.79,6.79,6.1,79.2,23.0,LEG1,否,否,50.6,1.09,5.98
688638,日线,2026-06-17,34.31,62,B,20.72,46.5,35.41,124.4,43.0,LEG1,否,否,42.0,1.11,34.7
688256,日线,2026-06-17,1320.0,62,B,95.85,1428.01,1175.0,1389.8,19.0,LEG1,否,否,54.1,1.01,1151.5
300467,日线,2026-06-17,33.75,62,B,9.09,41.36,31.46,355.0,30.7,READY,否,否,48.3,1.09,30.83
300445,日线,2026-06-17,23.84,62,B,12.88,25.85,19.25,100.7,50.9,LEG1,否,否,56.1,1.26,18.86
603323,日线,2026-06-17,4.8,62,B,4.04,4.9,4.64,21.3,30.2,LEG1,否,否,51.2,0.82,4.55
600052,日线,2026-06-17,3.94,62,B,2.55,4.78,3.77,87.5,45.3,LEG1,否,否,49.4,1.26,3.69
300232,日线,2026-06-17,6.16,62,B,4.66,6.78,6.17,45.5,28.8,LEG1,否,否,61.5,1.02,6.05
002401,日线,2026-06-17,13.12,62,B,12.21,15.72,14.1,28.7,46.2,LEG1,否,否,54.1,1.15,13.82
601921,日线,2026-06-17,7.33,62,B,6.55,7.95,7.14,21.4,57.9,READY,否,否,40.4,1.0,7.0
002017,日线,2026-06-17,16.13,62,B,6.41,20.3,18.1,216.7,15.8,LEG1,否,否,41.4,1.02,17.74
002033,日线,2026-06-17,8.43,62,B,7.72,8.93,8.79,15.7,11.6,LEG1,否,否,40.0,1.0,8.61
002029,日线,2026-06-17,8.34,62,B,4.38,11.8,9.38,169.4,32.6,LEG1,否,否,40.8,1.06,9.19
002044,日线,2026-06-17,5.23,62,B,3.22,6.73,5.12,109.0,45.9,LEG1,否,否,48.8,1.05,5.02
688101,日线,2026-06-17,17.32,62,B,8.7,20.75,16.76,138.5,33.1,READY,否,否,42.4,1.21,16.42
688150,日线,2026-06-17,55.38,62,B,13.62,72.45,45.18,431.9,46.4,READY,否,否,60.7,1.02,44.28
000620,日线,2026-06-17,3.01,62,B,1.26,3.28,2.7,160.3,28.7,LEG1,否,否,52.1,1.23,2.65
000503,日线,2026-06-17,7.02,62,B,6.24,7.37,7.58,18.1,-18.6,LEG1,否,否,44.9,1.04,7.43
002493,日线,2026-06-17,11.9,62,B,7.71,14.11,11.68,83.0,38.0,LEG1,否,否,59.2,1.04,11.45
002518,日线,2026-06-17,52.18,62,B,14.84,65.58,43.28,341.9,43.9,LEG1,否,否,58.9,1.17,42.41
603629,日线,2026-06-17,165.03,62,B,13.55,240.88,25.32,1677.7,94.8,LEG1,否,否,46.0,1.11,24.81
002623,日线,2026-06-17,17.93,62,B,12.03,25.99,20.95,116.0,36.1,LEG1,否,否,41.9,1.13,20.53
000498,日线,2026-06-17,5.08,62,B,4.73,5.35,5.57,13.1,-35.5,LEG1,否,否,41.0,1.03,5.46
300050,日线,2026-06-17,6.9,62,B,2.06,8.29,4.02,302.4,68.5,LEG1,否,否,53.4,1.29,3.94
300579,日线,2026-06-17,22.01,62,B,15.87,28.44,25.8,79.2,21.0,LEG1,否,否,41.6,1.1,25.28
001378,日线,2026-06-17,19.9,62,B,18.9,29.16,22.31,54.3,66.8,LEG1,否,否,41.2,1.24,21.86
300610,日线,2026-06-17,10.58,62,B,6.15,12.97,10.21,110.9,40.5,READY,否,否,40.7,1.03,10.01
000727,日线,2026-06-17,2.95,62,B,1.84,3.11,2.7,69.0,32.3,LEG1,否,否,58.2,1.16,2.65
601126,日线,2026-06-17,70.87,62,B,11.88,88.88,39.7,648.1,63.9,LEG1,否,否,47.1,1.18,38.91
001267,日线,2026-06-17,54.96,62,B,3.34,69.78,16.85,1989.2,79.7,LEG1,否,否,55.3,1.28,16.51
601169,日线,2026-06-17,5.14,62,B,4.84,5.52,5.26,14.0,38.2,READY,否,否,44.5,1.07,5.15
300053,日线,2026-06-17,16.65,62,B,6.78,17.6,14.81,159.6,25.8,LEG1,否,否,49.4,1.12,14.51
300582,日线,2026-06-17,14.95,62,B,5.65,19.73,13.33,249.2,45.5,LEG1,否,否,52.6,1.04,13.06
000536,日线,2026-06-17,3.85,62,B,1.75,4.31,4.79,146.3,-18.8,LEG1,否,否,51.8,1.03,4.69
000564,日线,2026-06-17,1.52,62,B,1.45,1.89,1.65,30.3,54.5,LEG1,否,否,44.1,1.27,1.62
688066,日线,2026-06-17,12.72,62,B,11.83,14.94,19.89,26.3,-159.2,LEG1,否,否,46.8,1.04,19.49
002575,日线,2026-06-17,6.09,62,B,3.76,6.57,5.41,74.7,41.3,LEG1,否,否,51.5,1.23,5.3
600525,日线,2026-06-17,5.09,62,B,3.01,5.68,4.84,88.7,31.5,READY,否,否,47.7,1.07,4.74
600527,日线,2026-06-17,2.41,62,B,1.33,2.76,2.42,107.5,23.8,LEG1,否,否,46.8,1.17,2.37
300736,日线,2026-06-17,34.58,62,B,6.9,48.48,36.0,602.6,30.0,READY,否,否,66.5,1.1,35.28
300739,日线,2026-06-17,32.37,62,B,7.79,41.8,23.15,436.6,54.8,LEG1,否,否,64.2,1.14,22.69
300819,日线,2026-06-17,71.11,62,B,8.38,92.0,38.07,997.9,64.5,LEG1,否,否,60.5,1.17,37.31
000768,日线,2026-06-17,21.29,62,B,17.34,25.79,21.36,48.7,52.4,READY,否,否,47.9,1.15,20.93
000779,日线,2026-06-17,7.75,62,B,5.81,7.72,7.18,32.9,28.3,BREAKOUT,是,否,60.6,1.19,7.04
605168,日线,2026-06-17,50.33,62,B,22.0,65.0,44.07,195.5,48.7,READY,否,否,59.2,1.23,43.19
601888,日线,2026-06-17,56.83,62,B,53.52,60.26,69.53,12.6,-137.5,LEG1,否,否,42.3,1.02,68.14
300749,日线,2026-06-17,21.13,62,B,4.23,27.5,18.18,550.1,40.1,READY,否,否,40.8,1.03,17.82
300687,日线,2026-06-17,26.99,62,B,11.47,36.8,18.01,220.8,74.2,LEG1,否,否,58.9,1.08,17.65
002460,日线,2026-06-17,71.32,62,B,24.9,91.67,61.18,268.2,45.7,READY,否,否,54.8,1.04,59.96
002462,日线,2026-06-17,13.41,62,B,9.78,14.25,12.35,45.7,42.5,READY,否,否,47.3,1.14,12.1
001283,日线,2026-06-17,52.84,62,B,26.66,83.0,49.08,211.3,60.2,LEG1,否,否,47.1,1.11,48.1
601616,日线,2026-06-17,3.82,62,B,2.19,5.0,4.54,128.3,16.4,LEG1,否,否,40.4,1.11,4.45
000825,日线,2026-06-17,3.76,62,B,2.86,4.44,4.26,55.2,11.4,LEG1,否,否,42.9,1.09,4.17
601288,日线,2026-06-17,6.53,62,B,3.58,7.0,4.38,95.5,76.6,LEG1,否,否,45.9,0.81,4.29
300724,日线,2026-06-17,74.04,62,B,42.44,97.8,86.13,130.4,21.1,LEG1,否,否,44.8,1.08,84.41
000928,日线,2026-06-17,5.85,62,B,5.03,7.06,5.77,40.4,63.5,READY,否,否,49.4,1.06,5.65
300676,日线,2026-06-17,34.18,62,B,33.0,45.86,38.26,39.0,59.1,LEG1,否,否,40.3,1.09,37.49
605389,日线,2026-06-17,87.99,62,B,16.1,132.58,80.0,723.5,45.1,READY,否,否,49.6,1.02,78.4
603698,日线,2026-06-17,31.72,62,B,9.8,46.46,28.16,374.1,49.9,LEG1,否,否,43.1,1.28,27.6
002295,日线,2026-06-17,9.78,62,B,3.85,12.24,9.33,217.9,34.7,READY,否,否,41.4,1.03,9.14
002286,日线,2026-06-17,9.12,62,B,4.63,9.67,8.62,108.9,20.8,LEG1,否,否,48.8,1.23,8.45
603191,日线,2026-06-17,17.93,62,B,9.89,24.11,14.3,143.8,69.0,LEG1,否,否,48.9,1.08,14.01
002307,日线,2026-06-17,3.77,62,B,2.61,4.15,4.24,59.0,-5.8,LEG1,否,否,46.8,1.22,4.16
301598,日线,2026-06-17,54.54,62,B,49.3,70.69,57.42,43.4,62.0,LEG1,否,否,46.2,1.24,56.27
600016,日线,2026-06-17,3.56,62,B,3.25,3.64,3.46,12.0,46.2,LEG1,否,否,45.7,1.03,3.39
688358,日线,2026-06-17,32.95,62,B,18.82,39.15,27.29,108.0,58.3,LEG1,否,否,58.7,1.09,26.74
301590,日线,2026-06-17,166.42,62,B,147.4,228.93,165.5,55.3,77.8,LEG1,否,否,46.9,1.11,162.19
301548,日线,2026-06-17,74.35,62,B,33.94,93.28,70.39,174.8,38.6,READY,否,否,44.1,1.03,68.98
600030,日线,2026-06-17,27.37,62,B,17.26,26.75,24.95,55.0,19.0,LEG1,是,否,78.7,0.95,24.45
399360,日线,2026-06-17,8540.67,62,B,3095.01,9248.43,4934.84,198.8,70.1,LEG1,否,否,55.9,1.04,4836.14
399295,日线,2026-06-17,5759.02,62,B,3321.98,6060.69,4442.66,82.4,59.1,LEG1,否,否,58.7,1.1,4353.81
002869,日线,2026-06-17,18.69,60,B,11.01,20.13,17.64,82.8,27.3,LEG1,否,否,49.7,0.6,17.29
399303,日线,2026-06-17,11254.67,60,B,5133.36,11852.15,6562.31,130.9,78.7,LEG1,否,否,63.2,0.96,6431.06
688400,日线,2026-06-17,60.55,60,B,13.51,62.88,53.6,365.4,18.8,LEG1,否,否,55.7,0.76,52.53
600011,日线,2026-06-17,7.92,60,B,6.15,9.76,7.23,58.7,70.1,LEG1,否,是,39.0,0.62,7.09
603380,日线,2026-06-17,37.3,60,B,13.64,44.98,33.0,229.8,38.2,READY,否,否,55.3,0.75,32.34
301557,日线,2026-06-17,90.39,60,B,64.71,119.77,90.5,85.1,53.2,LEG1,否,否,50.8,0.99,88.69
688345,日线,2026-06-17,52.59,60,B,12.8,65.48,46.0,411.6,37.0,READY,否,否,59.7,0.53,45.08
688367,日线,2026-06-17,36.88,60,B,9.09,39.88,32.54,338.7,23.8,LEG1,否,否,56.9,0.99,31.89
002812,日线,2026-06-17,70.38,60,B,24.4,87.71,59.93,259.5,43.9,READY,否,否,62.3,0.98,58.73
688521,日线,2026-06-17,257.46,60,B,24.45,303.55,208.0,1141.5,34.2,READY,否,否,62.7,0.96,203.84
603903,日线,2026-06-17,11.73,60,B,5.26,12.78,10.81,143.0,26.2,LEG1,否,否,45.0,0.86,10.59
603888,日线,2026-06-17,18.69,60,B,16.52,20.94,23.3,26.8,-53.4,LEG1,否,否,49.6,0.59,22.83
603885,日线,2026-06-17,11.36,60,B,9.92,12.19,11.24,22.9,41.9,LEG1,否,否,54.7,0.5,11.02
002215,日线,2026-06-17,9.44,60,B,5.65,9.36,9.49,65.7,-3.5,LEG1,是,否,53.0,0.97,9.3
002214,日线,2026-06-17,15.7,60,B,7.62,20.14,13.42,164.3,53.7,READY,否,否,56.3,0.92,13.15
002206,日线,2026-06-17,5.48,60,B,3.42,5.64,5.68,64.9,-1.8,LEG1,否,否,55.5,0.72,5.57
603922,日线,2026-06-17,15.29,60,B,13.6,16.77,19.21,23.3,-77.0,LEG1,否,否,56.0,0.3,18.83
002182,日线,2026-06-17,13.72,60,B,8.54,16.4,12.48,92.0,49.9,READY,否,否,46.5,0.67,12.23
002826,日线,2026-06-17,16.51,60,B,5.57,19.99,17.89,258.9,14.6,LEG1,否,否,49.2,0.84,17.53
002928,日线,2026-06-17,7.4,60,B,4.58,8.25,7.11,80.1,31.1,LEG1,否,否,56.4,0.97,6.97
002926,日线,2026-06-17,8.18,60,B,6.12,8.85,7.62,44.6,45.1,READY,否,否,56.8,0.94,7.47
600739,日线,2026-06-17,10.24,60,B,7.13,12.2,10.76,71.1,28.4,LEG1,否,否,40.0,0.9,10.54
600736,日线,2026-06-17,7.57,60,B,3.71,10.61,6.86,186.0,54.3,READY,否,否,49.0,0.86,6.72
600733,日线,2026-06-17,5.78,60,B,3.56,7.53,6.57,111.5,24.2,LEG1,否,否,35.7,1.33,6.44
600730,日线,2026-06-17,12.09,60,B,3.67,15.28,8.2,316.3,61.0,LEG1,否,是,36.1,0.88,8.04
000902,日线,2026-06-17,12.42,60,B,9.2,15.91,11.73,72.9,62.3,READY,否,否,41.8,0.79,11.5
000893,日线,2026-06-17,41.77,60,B,13.65,56.31,22.46,312.5,79.3,LEG1,否,否,31.1,2.41,22.01
000878,日线,2026-06-17,17.93,60,B,9.2,19.22,15.66,108.9,35.5,READY,否,否,55.9,0.77,15.35
000868,日线,2026-06-17,3.63,60,B,3.14,4.54,4.25,44.6,20.7,LEG1,否,否,28.0,1.37,4.17
300746,日线,2026-06-17,11.23,60,B,4.8,11.74,9.32,144.6,34.9,LEG1,否,否,50.4,0.86,9.13
000987,日线,2026-06-17,7.71,60,B,4.74,9.31,9.32,96.4,-0.2,LEG1,否,否,49.9,0.84,9.13
000983,日线,2026-06-17,6.72,60,B,5.97,8.07,6.8,35.2,60.5,LEG1,否,是,33.7,0.69,6.66
600547,日线,2026-06-17,28.26,60,B,19.63,31.55,26.1,60.7,45.7,READY,否,否,47.2,0.7,25.58
000949,日线,2026-06-17,6.85,60,B,2.17,8.91,6.24,310.6,39.6,READY,否,否,51.6,0.8,6.12
601555,日线,2026-06-17,7.83,60,B,5.57,8.73,7.25,56.7,46.8,READY,否,否,55.9,0.64,7.1
300710,日线,2026-06-17,36.36,60,B,9.58,44.43,35.01,363.8,27.0,LEG1,否,是,39.8,0.47,34.31
300696,日线,2026-06-17,33.47,60,B,9.35,44.58,28.77,376.8,44.9,READY,否,否,64.7,0.95,28.19
300691,日线,2026-06-17,16.87,60,B,12.4,20.48,15.23,65.2,65.0,READY,否,否,55.9,0.97,14.93
600115,日线,2026-06-17,4.08,60,B,3.38,4.54,3.99,34.3,47.4,LEG1,否,否,54.3,0.92,3.91
605399,日线,2026-06-17,13.7,60,B,8.87,16.19,12.08,82.5,56.1,READY,否,否,51.4,0.73,11.84
605366,日线,2026-06-17,10.77,60,B,4.72,13.04,9.96,176.3,37.0,READY,否,否,48.4,0.75,9.76
300198,日线,2026-06-17,2.35,60,B,1.01,2.71,2.42,168.3,17.1,LEG1,否,否,43.7,0.66,2.37
603200,日线,2026-06-17,47.57,60,B,13.18,74.86,55.09,468.0,32.1,LEG1,否,否,45.0,0.94,53.99
603199,日线,2026-06-17,31.64,60,B,27.02,36.36,31.69,34.6,50.0,READY,否,否,35.3,1.61,31.06
603799,日线,2026-06-17,52.59,60,B,20.82,70.85,45.56,240.3,50.5,READY,否,否,54.1,0.86,44.65
001236,日线,2026-06-17,7.63,60,B,6.22,10.15,8.82,63.2,33.8,LEG1,否,否,38.3,1.37,8.64
600537,日线,2026-06-17,2.99,60,B,2.12,3.18,2.89,50.0,27.4,LEG1,否,否,63.6,0.17,2.83
605298,日线,2026-06-17,53.84,60,B,7.23,59.99,37.67,729.7,42.3,LEG1,否,否,45.1,0.97,36.92
001227,日线,2026-06-17,2.13,60,B,2.07,2.31,2.22,11.6,37.5,READY,否,否,49.5,0.8,2.18
001216,日线,2026-06-17,16.21,60,B,9.84,18.55,15.32,88.5,37.1,READY,否,否,51.4,0.83,15.01
300684,日线,2026-06-17,59.41,60,B,10.1,66.72,38.7,560.6,49.5,LEG1,否,否,59.7,0.8,37.93
605218,日线,2026-06-17,18.22,60,B,12.72,22.37,16.43,75.9,61.6,LEG1,否,否,65.8,0.93,16.1
605183,日线,2026-06-17,14.98,60,B,9.81,16.85,16.68,71.8,2.4,LEG1,否,否,43.8,0.54,16.35
605180,日线,2026-06-17,14.28,60,B,6.83,17.59,13.0,157.5,42.7,READY,否,否,59.4,0.75,12.74
001288,日线,2026-06-17,26.39,60,B,11.0,30.33,19.34,175.7,56.9,LEG1,否,否,61.1,0.94,18.95
300192,日线,2026-06-17,17.02,60,B,5.64,20.73,16.0,267.6,31.3,READY,否,否,50.8,0.79,15.68
000903,日线,2026-06-17,1.97,60,B,1.57,2.02,1.75,28.7,60.0,BREAKOUT,否,否,55.7,0.81,1.71
603218,日线,2026-06-17,10.99,60,B,8.24,12.44,10.41,51.0,48.3,READY,否,否,41.8,0.81,10.2
600618,日线,2026-06-17,10.67,60,B,6.52,13.09,9.71,100.8,51.4,READY,否,否,50.3,0.9,9.52
300139,日线,2026-06-17,43.86,60,B,5.51,51.25,53.8,830.1,-5.6,LEG1,否,否,51.8,0.94,52.72
002485,日线,2026-06-17,4.68,60,B,2.16,4.85,4.45,124.5,14.9,LEG1,否,否,51.6,1.0,4.36
000767,日线,2026-06-17,5.0,60,B,2.13,6.6,4.31,209.9,51.2,LEG1,否,否,49.5,0.71,4.22
300745,日线,2026-06-17,44.12,60,B,12.3,51.29,22.6,317.0,73.6,LEG1,否,否,52.7,0.53,22.15
601399,日线,2026-06-17,3.71,60,B,2.31,4.05,4.26,75.3,-12.1,LEG1,否,否,43.4,0.76,4.17
600372,日线,2026-06-17,11.11,60,B,9.81,13.81,12.5,40.8,32.8,LEG1,否,否,46.0,0.86,12.25
600370,日线,2026-06-17,1.66,60,B,1.14,1.57,1.31,37.7,60.5,BREAKOUT,是,否,71.3,0.21,1.28
688011,日线,2026-06-17,60.45,60,B,10.8,69.3,34.24,541.7,59.9,LEG1,否,否,51.5,0.99,33.56
600369,日线,2026-06-17,4.07,60,B,3.35,4.34,3.99,29.6,35.4,LEG1,否,否,60.6,0.67,3.91
601319,日线,2026-06-17,7.0,60,B,4.52,7.52,6.48,66.4,34.7,READY,否,否,58.0,0.97,6.35
688026,日线,2026-06-17,13.0,60,B,8.1,16.99,14.71,109.8,25.6,LEG1,否,否,35.9,1.48,14.42
000792,日线,2026-06-17,30.87,60,B,13.1,41.6,27.72,217.6,48.7,READY,否,否,49.6,0.85,27.17
000788,日线,2026-06-17,5.38,60,B,4.04,5.54,6.02,37.1,-32.0,LEG1,否,否,52.4,0.66,5.9
002470,日线,2026-06-17,2.13,60,B,1.22,3.17,2.11,159.8,54.4,READY,否,否,27.1,1.35,2.07
300097,日线,2026-06-17,9.79,60,B,3.67,12.45,8.85,239.2,41.0,READY,否,否,55.0,0.96,8.67
300073,日线,2026-06-17,52.45,60,B,26.86,62.12,47.53,131.3,41.4,READY,否,否,51.3,0.82,46.58
300059,日线,2026-06-17,19.04,60,B,9.87,21.6,18.35,118.8,27.7,LEG1,否,否,58.3,0.77,17.98
600221,日线,2026-06-17,1.48,60,B,1.0,1.53,1.45,53.0,15.1,LEG1,否,否,46.6,0.81,1.42
001280,日线,2026-06-17,73.1,60,B,59.55,75.93,66.39,27.5,58.2,READY,否,否,53.7,0.89,65.06
601698,日线,2026-06-17,31.26,60,B,12.75,41.0,28.23,221.6,45.2,READY,否,否,43.4,0.97,27.67
300648,日线,2026-06-17,48.95,60,B,13.21,56.9,43.01,330.7,31.8,READY,否,否,58.9,1.0,42.15
002448,日线,2026-06-17,13.16,60,B,4.41,16.36,13.14,271.0,26.9,LEG1,否,否,51.2,0.66,12.88
600315,日线,2026-06-17,18.13,60,B,13.67,18.89,17.51,38.2,26.4,LEG1,否,否,47.0,0.82,17.16
002423,日线,2026-06-17,9.04,60,B,6.01,10.36,8.86,72.4,34.5,READY,否,否,50.3,0.77,8.68
002421,日线,2026-06-17,3.83,60,B,2.09,6.16,3.9,194.7,55.5,LEG1,否,是,33.0,0.82,3.82
601899,日线,2026-06-17,30.43,60,B,11.21,32.98,29.8,194.2,14.6,LEG1,否,否,53.8,0.72,29.2
300587,日线,2026-06-17,4.66,60,B,3.02,6.75,4.48,123.5,60.9,READY,否,否,36.2,1.31,4.39
600346,日线,2026-06-17,17.82,60,B,11.11,23.23,20.02,109.1,26.5,LEG1,否,否,52.9,0.98,19.62
300172,日线,2026-06-17,4.59,60,B,3.82,5.56,5.23,45.5,19.0,LEG1,否,否,39.5,1.38,5.13
300171,日线,2026-06-17,11.45,60,B,9.6,13.5,12.9,40.6,15.4,LEG1,否,否,51.6,0.91,12.64
688089,日线,2026-06-17,11.48,60,B,9.98,17.33,14.46,73.6,39.0,LEG1,否,否,18.8,1.88,14.17
688084,日线,2026-06-17,51.17,60,B,32.02,72.06,60.21,125.0,29.6,LEG1,否,否,43.8,0.84,59.01
000633,日线,2026-06-17,5.16,60,B,3.53,6.95,6.33,96.9,18.1,LEG1,否,否,25.0,1.64,6.2
300787,日线,2026-06-17,9.67,60,B,8.58,11.33,10.23,32.1,40.0,LEG1,否,否,53.0,0.84,10.03
000762,日线,2026-06-17,30.18,60,B,16.89,41.43,26.11,145.3,62.4,READY,否,否,54.4,0.83,25.59
000753,日线,2026-06-17,4.89,60,B,2.56,7.75,6.19,202.7,30.1,READY,否,否,24.5,1.32,6.07
000751,日线,2026-06-17,5.11,60,B,2.26,5.61,4.44,148.2,34.9,READY,否,否,49.6,0.99,4.35
688049,日线,2026-06-17,45.93,60,B,18.66,53.28,39.58,185.5,39.6,READY,否,否,62.2,0.89,38.79
688047,日线,2026-06-17,143.5,60,B,67.89,194.7,128.6,186.8,52.1,READY,否,否,52.9,0.84,126.03
000750,日线,2026-06-17,3.72,60,B,2.75,4.0,3.53,45.5,37.6,LEG1,否,否,59.2,0.86,3.46
000739,日线,2026-06-17,16.29,60,B,10.66,17.53,16.1,64.4,20.8,LEG1,否,否,51.3,0.43,15.78
000738,日线,2026-06-17,18.91,60,B,13.13,23.46,20.8,78.7,25.8,LEG1,否,否,45.6,0.71,20.38
601136,日线,2026-06-17,14.41,60,B,15.0,16.98,15.95,13.2,52.0,LEG1,否,否,52.8,0.91,15.63
300830,日线,2026-06-17,8.83,60,B,4.02,9.58,10.2,138.3,-11.2,LEG1,否,否,35.8,1.5,10.0
000735,日线,2026-06-17,5.07,60,B,3.95,7.31,6.18,85.1,33.6,READY,否,否,29.7,1.32,6.06
603220,日线,2026-06-17,24.27,60,B,16.82,34.59,27.5,105.6,39.9,LEG1,否,否,51.5,0.96,26.95
001360,日线,2026-06-17,21.19,60,B,9.93,23.25,19.44,134.1,28.6,LEG1,否,否,65.6,0.83,19.05
001316,日线,2026-06-17,37.13,60,B,20.74,63.57,41.45,206.5,51.6,LEG1,否,否,44.7,0.84,40.62
300631,日线,2026-06-17,25.89,60,B,14.5,32.58,23.13,124.7,52.3,READY,否,否,56.5,0.82,22.67
300618,日线,2026-06-17,38.19,60,B,17.74,50.11,33.74,182.5,50.6,READY,否,否,53.1,0.88,33.07
300614,日线,2026-06-17,11.0,60,B,7.72,14.24,10.78,84.5,53.1,READY,否,否,37.3,1.34,10.56
605258,日线,2026-06-17,37.24,60,B,13.4,38.99,30.44,191.0,33.4,LEG1,否,否,64.3,0.96,29.83
601990,日线,2026-06-17,6.68,60,B,6.72,7.45,7.19,10.9,35.6,LEG1,否,否,52.8,0.73,7.05
601988,日线,2026-06-17,5.94,60,B,3.89,5.97,5.55,53.5,20.2,LEG1,否,是,39.8,0.8,5.44
601963,日线,2026-06-17,11.26,60,B,6.53,12.42,9.76,90.2,45.2,LEG1,否,是,32.6,0.83,9.56
601111,日线,2026-06-17,6.47,60,B,6.17,7.04,6.62,14.1,48.3,LEG1,否,否,52.0,0.78,6.49
601108,日线,2026-06-17,7.88,60,B,6.24,9.01,7.48,44.4,55.2,LEG1,否,否,56.5,0.67,7.33
601101,日线,2026-06-17,11.37,60,B,5.85,14.65,8.22,150.4,73.1,LEG1,否,是,32.8,0.57,8.06
601099,日线,2026-06-17,3.34,60,B,2.89,3.81,3.61,31.8,21.7,LEG1,否,否,54.5,0.91,3.54
601089,日线,2026-06-17,16.73,60,B,12.13,21.28,20.11,75.4,12.8,LEG1,否,否,36.6,1.46,19.71
601083,日线,2026-06-17,11.39,60,B,8.2,12.57,11.88,53.3,15.8,LEG1,否,否,55.6,0.76,11.64
600095,日线,2026-06-17,8.01,60,B,5.75,9.69,8.23,68.5,37.1,LEG1,否,否,47.3,0.74,8.07
688107,日线,2026-06-17,43.31,60,B,17.16,49.86,26.19,190.6,72.4,LEG1,否,否,58.6,0.99,25.67
300563,日线,2026-06-17,29.14,60,B,7.8,32.95,28.85,322.4,16.3,LEG1,否,否,50.5,0.68,28.27
002023,日线,2026-06-17,12.4,60,B,5.65,12.19,10.63,115.8,23.9,BREAKOUT,是,否,61.9,0.91,10.42
002014,日线,2026-06-17,10.59,60,B,7.63,11.75,10.04,54.0,41.5,READY,否,否,46.8,0.7,9.84
601918,日线,2026-06-17,9.39,60,B,5.12,12.16,6.72,137.5,77.3,LEG1,否,是,39.5,0.58,6.59
601901,日线,2026-06-17,6.82,60,B,6.18,7.33,6.91,18.6,36.5,READY,否,否,58.1,0.64,6.77
002389,日线,2026-06-17,19.03,60,B,11.52,23.16,20.69,101.0,21.2,LEG1,否,否,46.4,0.83,20.28
300244,日线,2026-06-17,18.17,60,B,8.9,22.4,15.97,151.7,47.6,READY,否,否,53.2,0.74,15.65
603826,日线,2026-06-17,32.08,60,B,15.81,38.0,28.45,140.4,43.0,READY,否,否,54.9,0.83,27.88
002597,日线,2026-06-17,21.01,60,B,15.33,22.25,18.5,45.1,54.2,READY,否,否,52.1,0.97,18.13
002595,日线,2026-06-17,49.5,60,B,26.27,98.5,75.61,275.0,31.7,LEG1,否,否,39.1,1.57,74.1
002583,日线,2026-06-17,8.84,60,B,3.37,10.29,8.19,205.3,30.3,READY,否,否,44.0,0.97,8.03
688065,日线,2026-06-17,43.05,60,B,32.48,49.96,39.51,53.8,59.8,READY,否,否,43.2,0.7,38.72
000686,日线,2026-06-17,8.07,60,B,5.21,8.84,8.91,69.7,-1.9,LEG1,否,否,60.7,0.8,8.73
000685,日线,2026-06-17,11.19,60,B,6.62,13.22,10.38,99.7,43.0,LEG1,否,否,58.0,0.66,10.17
600109,日线,2026-06-17,8.67,60,B,6.95,9.34,8.21,34.4,47.3,LEG1,否,否,60.4,0.73,8.05
300912,日线,2026-06-17,27.64,60,B,8.29,37.82,23.8,356.2,47.5,LEG1,否,否,52.1,0.75,23.32
000301,日线,2026-06-17,12.27,60,B,6.93,13.47,11.21,94.4,34.6,READY,否,否,54.4,0.86,10.99
002554,日线,2026-06-17,3.24,60,B,2.05,3.28,3.07,60.0,17.1,LEG1,否,否,59.7,0.89,3.01
002548,日线,2026-06-17,3.91,60,B,3.21,4.27,4.58,33.0,-29.2,LEG1,否,否,29.7,1.4,4.49
002537,日线,2026-06-17,5.95,60,B,4.22,7.58,7.61,79.6,-0.9,LEG1,否,否,36.5,1.43,7.46
002527,日线,2026-06-17,13.83,60,B,5.25,16.93,10.66,222.5,53.7,LEG1,否,否,41.5,0.52,10.45
002516,日线,2026-06-17,6.1,60,B,3.2,6.83,5.68,113.4,31.7,READY,否,否,53.1,0.62,5.57
002500,日线,2026-06-17,5.23,60,B,4.45,5.78,5.33,29.9,33.8,LEG1,否,否,58.4,0.95,5.22
601069,日线,2026-06-17,27.1,60,B,8.88,30.84,27.0,247.3,17.5,LEG1,否,否,53.4,0.8,26.46
601008,日线,2026-06-17,4.4,60,B,3.19,4.75,4.28,48.9,30.1,READY,否,否,41.4,0.55,4.19
300878,日线,2026-06-17,31.21,60,B,13.08,36.38,26.99,178.1,40.3,READY,否,否,54.6,0.65,26.45
300871,日线,2026-06-17,22.82,60,B,7.6,28.77,19.76,278.6,42.6,READY,否,否,65.8,0.9,19.36
000509,日线,2026-06-17,4.18,60,B,2.13,6.3,3.4,195.8,69.5,LEG1,否,否,42.3,0.49,3.33
000623,日线,2026-06-17,17.65,60,B,12.49,19.2,16.36,53.7,42.3,READY,否,否,59.4,0.65,16.03
000603,日线,2026-06-17,26.52,60,B,7.11,34.72,35.09,388.3,-1.3,LEG1,否,否,32.2,4.01,34.39
000600,日线,2026-06-17,10.66,60,B,3.79,13.07,9.97,244.9,33.4,READY,否,否,48.1,0.74,9.77
688153,日线,2026-06-17,31.6,60,B,25.88,34.63,30.4,33.8,48.3,LEG1,否,否,62.3,0.79,29.79
600381,日线,2026-06-17,4.8,60,B,1.84,5.9,2.62,220.7,80.8,LEG1,否,是,29.9,0.75,2.57
603637,日线,2026-06-17,18.27,60,B,5.04,22.15,16.81,339.5,31.2,READY,否,否,53.0,0.59,16.47
603636,日线,2026-06-17,9.33,60,B,7.1,12.61,8.72,77.6,70.6,LEG1,否,否,49.6,0.97,8.55
002617,日线,2026-06-17,9.13,60,B,4.31,10.87,7.87,152.2,45.7,READY,否,否,59.1,0.78,7.71
688119,日线,2026-06-17,4.61,60,B,2.91,5.15,4.82,77.0,14.7,LEG1,否,否,56.9,0.92,4.72
688116,日线,2026-06-17,42.15,60,B,15.45,46.26,44.39,199.4,6.1,LEG1,否,否,62.5,0.88,43.5
688114,日线,2026-06-17,49.04,60,B,34.68,54.18,44.88,56.2,47.7,READY,否,否,49.2,0.73,43.98
000426,日线,2026-06-17,40.61,60,B,7.31,43.94,35.85,501.1,22.1,LEG1,否,否,58.3,0.84,35.13
000415,日线,2026-06-17,4.38,60,B,1.8,4.48,3.62,148.9,32.1,READY,否,否,69.9,0.81,3.55
000410,日线,2026-06-17,5.08,60,B,5.25,6.4,6.01,21.9,33.9,LEG1,否,否,31.5,1.31,5.89
601001,日线,2026-06-17,19.1,60,B,10.89,23.9,15.55,119.5,64.2,LEG1,否,是,37.7,0.49,15.24
600990,日线,2026-06-17,19.04,60,B,10.42,23.95,17.82,129.8,45.3,READY,否,否,48.6,0.91,17.46
600988,日线,2026-06-17,32.5,60,B,11.23,38.43,33.08,242.2,19.7,LEG1,否,否,53.5,0.74,32.42
300922,日线,2026-06-17,22.04,60,B,8.29,26.0,17.72,213.6,46.8,LEG1,否,是,32.1,0.85,17.37
300919,日线,2026-06-17,49.27,60,B,26.61,66.15,45.0,148.6,53.5,READY,否,否,48.5,0.88,44.1
600391,日线,2026-06-17,34.53,60,B,12.9,47.53,37.8,268.4,28.1,LEG1,否,否,48.8,0.74,37.04
688168,日线,2026-06-17,63.59,60,B,18.83,93.6,48.88,397.1,59.8,READY,否,否,57.1,0.97,47.9
688159,日线,2026-06-17,48.0,60,B,21.81,73.58,38.59,237.4,67.6,LEG1,否,否,57.5,0.91,37.82
603811,日线,2026-06-17,10.66,60,B,5.78,11.46,12.16,98.3,-12.3,LEG1,否,否,45.7,0.57,11.92
002084,日线,2026-06-17,3.37,60,B,1.99,3.92,3.08,97.0,43.5,READY,否,否,53.1,0.97,3.02
002077,日线,2026-06-17,17.74,60,B,10.31,19.38,15.33,88.0,44.7,READY,否,否,62.7,0.9,15.02
605066,日线,2026-06-17,7.0,60,B,4.73,8.7,7.68,83.9,25.7,LEG1,否,否,54.5,0.59,7.53
605060,日线,2026-06-17,50.52,60,B,11.44,67.92,48.06,493.7,35.2,LEG1,否,否,51.0,0.89,47.1
605016,日线,2026-06-17,25.24,60,B,14.54,29.1,23.26,100.1,40.1,READY,否,否,53.4,0.52,22.79
002064,日线,2026-06-17,10.54,60,B,5.58,12.15,9.73,117.7,36.8,READY,否,否,52.9,0.9,9.54
601995,日线,2026-06-17,34.19,60,B,26.33,34.95,32.01,32.7,34.1,LEG1,否,否,61.8,0.69,31.37
002100,日线,2026-06-17,6.16,60,B,5.67,8.18,7.41,44.3,30.7,LEG1,否,否,28.4,1.5,7.26
300516,日线,2026-06-17,36.53,60,B,19.8,44.58,49.58,125.2,-20.2,LEG1,否,否,43.3,0.79,48.59
300504,日线,2026-06-17,18.58,60,B,10.24,20.89,14.1,104.0,63.8,LEG1,否,否,53.5,0.74,13.82
300499,日线,2026-06-17,38.58,60,B,7.05,48.04,33.56,581.4,35.3,READY,否,否,55.3,0.74,32.89
688157,日线,2026-06-17,28.84,60,B,26.69,35.29,34.0,32.2,15.0,LEG1,否,否,52.6,0.74,33.32
688193,日线,2026-06-17,52.29,60,B,22.5,63.56,47.01,182.5,40.3,READY,否,否,52.6,0.72,46.07
688779,日线,2026-06-17,8.96,60,B,4.18,11.54,7.92,176.1,49.2,READY,否,否,54.4,0.97,7.76
600884,日线,2026-06-17,14.2,60,B,5.67,15.43,12.38,172.1,31.2,LEG1,否,否,57.9,0.95,12.13
603275,日线,2026-06-17,41.86,60,B,24.36,55.6,42.12,128.2,43.1,LEG1,否,否,48.3,0.87,41.28
600210,日线,2026-06-17,6.67,60,B,3.83,6.73,5.7,75.7,35.5,LEG1,否,否,58.1,0.72,5.59
600208,日线,2026-06-17,3.09,60,B,1.55,5.51,2.54,255.5,75.0,LEG1,否,否,54.2,0.7,2.49
600207,日线,2026-06-17,6.83,60,B,2.9,8.26,6.16,184.8,39.2,LEG1,否,否,54.6,0.73,6.04
300035,日线,2026-06-17,17.68,60,B,6.56,25.45,15.7,288.0,51.6,READY,否,否,54.3,0.84,15.39
300034,日线,2026-06-17,18.09,60,B,12.32,21.26,17.47,72.6,42.4,LEG1,否,否,55.2,0.91,17.12
300033,日线,2026-06-17,217.35,60,B,93.0,255.89,220.27,175.2,21.9,LEG1,否,否,52.4,0.56,215.86
002600,日线,2026-06-17,15.85,60,B,4.26,17.88,14.36,319.7,25.8,LEG1,否,否,63.4,0.92,14.07
300955,日线,2026-06-17,41.74,60,B,10.02,51.58,38.73,414.8,30.9,READY,否,否,46.9,0.71,37.96
600958,日线,2026-06-17,9.47,60,B,7.19,10.14,8.76,41.0,46.8,READY,否,否,64.0,0.71,8.58
688148,日线,2026-06-17,9.06,60,B,3.45,11.59,7.56,235.9,49.5,READY,否,否,59.4,0.98,7.41
688135,日线,2026-06-17,38.15,60,B,12.2,46.5,32.62,281.1,40.5,READY,否,否,62.1,0.75,31.97
688128,日线,2026-06-17,26.61,60,B,14.02,28.88,24.2,106.0,31.5,LEG1,否,否,55.6,0.72,23.72
688716,日线,2026-06-17,34.72,60,B,15.5,39.92,30.05,157.5,40.4,READY,否,否,57.2,0.81,29.45
688709,日线,2026-06-17,36.08,60,B,13.36,42.03,30.58,214.6,39.9,READY,否,否,56.6,0.8,29.97
002673,日线,2026-06-17,6.57,60,B,5.44,7.38,7.07,35.7,16.0,LEG1,否,否,52.9,0.82,6.93
002664,日线,2026-06-17,19.38,60,B,9.5,23.5,18.9,147.4,32.9,LEG1,否,否,53.3,0.68,18.52
002658,日线,2026-06-17,8.0,60,B,4.67,10.5,7.5,124.8,51.5,READY,否,否,44.4,0.73,7.35
603312,日线,2026-06-17,37.87,60,B,23.97,42.3,36.6,76.5,31.1,LEG1,否,否,60.7,0.78,35.87
300991,日线,2026-06-17,40.0,60,B,7.04,51.7,35.18,634.4,37.0,READY,否,否,53.3,0.94,34.48
300986,日线,2026-06-17,18.87,60,B,5.62,25.4,21.95,352.0,17.4,LEG1,否,否,45.4,0.79,21.51
300980,日线,2026-06-17,27.22,60,B,11.35,29.28,24.85,158.0,24.7,LEG1,否,否,45.3,0.61,24.35
000045,日线,2026-06-17,11.2,60,B,6.82,12.8,11.63,87.7,19.6,LEG1,否,否,51.6,0.82,11.4
688819,日线,2026-06-17,24.57,60,B,21.11,36.54,30.9,73.1,36.6,LEG1,否,否,50.1,0.67,30.28
600901,日线,2026-06-17,6.44,60,B,4.2,6.86,5.88,63.3,36.8,LEG1,否,否,45.8,0.67,5.76
600900,日线,2026-06-17,27.0,60,B,22.88,28.15,25.38,23.0,52.6,LEG1,否,是,35.0,0.85,24.87
600895,日线,2026-06-17,33.27,60,B,14.11,40.95,29.99,190.2,40.8,READY,否,否,47.8,0.67,29.39
301033,日线,2026-06-17,48.4,60,B,22.37,60.4,44.88,170.0,40.8,READY,否,否,45.6,0.56,43.98
301026,日线,2026-06-17,24.04,60,B,17.08,36.84,29.82,115.7,35.5,LEG1,否,否,47.0,0.96,29.22
600851,日线,2026-06-17,7.31,60,B,4.2,8.61,6.93,105.0,38.1,READY,否,否,42.9,0.48,6.79
600879,日线,2026-06-17,20.2,60,B,5.48,22.39,18.1,308.6,25.4,LEG1,否,否,41.7,0.96,17.74
301095,日线,2026-06-17,98.65,60,B,34.34,106.98,87.44,211.5,26.9,LEG1,否,否,52.0,0.81,85.69
301076,日线,2026-06-17,28.95,60,B,14.89,33.99,26.29,128.3,40.3,READY,否,否,46.1,0.69,25.76
300551,日线,2026-06-17,11.25,60,B,5.0,16.1,13.15,222.0,26.6,LEG1,否,否,47.3,0.65,12.89
300547,日线,2026-06-17,35.49,60,B,11.03,44.44,31.3,302.9,39.3,READY,否,否,51.9,0.97,30.67
300546,日线,2026-06-17,16.6,60,B,7.43,23.58,26.8,217.4,-19.9,LEG1,否,否,39.8,1.4,26.26
603008,日线,2026-06-17,9.25,60,B,7.59,9.8,8.65,29.1,52.0,READY,否,否,52.6,0.53,8.48
600155,日线,2026-06-17,5.52,60,B,5.66,6.47,6.0,14.3,58.0,LEG1,否,否,49.2,0.82,5.88
603798,日线,2026-06-17,16.08,60,B,6.06,20.4,14.47,236.6,41.4,READY,否,否,52.8,0.54,14.18
002414,日线,2026-06-17,13.65,60,B,4.65,15.52,11.64,233.8,35.7,READY,否,否,64.0,0.78,11.41
300442,日线,2026-06-17,81.17,60,B,15.9,110.98,73.3,598.0,39.6,READY,否,否,53.9,0.81,71.83
300414,日线,2026-06-17,11.95,60,B,4.84,12.82,12.69,164.9,1.6,LEG1,否,否,42.6,0.96,12.44
300409,日线,2026-06-17,22.16,60,B,6.77,28.54,23.85,321.6,21.5,LEG1,否,否,53.4,0.99,23.37
688737,日线,2026-06-17,26.12,60,B,11.77,32.3,24.32,174.4,38.9,READY,否,否,47.9,0.83,23.83
688728,日线,2026-06-17,14.52,60,B,10.11,15.96,12.92,57.9,52.0,READY,否,否,64.3,0.89,12.66
300279,日线,2026-06-17,7.34,60,B,3.22,7.96,6.96,147.2,21.1,LEG1,否,否,53.3,0.84,6.82
300269,日线,2026-06-17,5.12,60,B,2.18,6.8,6.91,211.9,-2.4,LEG1,否,否,43.1,0.86,6.77
688667,日线,2026-06-17,120.03,60,B,29.81,172.7,102.5,479.3,49.1,READY,否,否,57.0,0.78,100.45
688653,日线,2026-06-17,15.19,60,B,9.58,16.66,12.98,73.9,52.0,READY,否,否,65.4,0.84,12.72
688651,日线,2026-06-17,35.38,60,B,22.14,44.1,35.59,99.2,38.8,LEG1,否,否,54.6,0.96,34.88
688262,日线,2026-06-17,38.3,60,B,13.63,43.99,32.0,222.7,39.5,READY,否,否,63.9,0.79,31.36
688259,日线,2026-06-17,38.83,60,B,25.28,42.59,34.79,68.5,45.1,READY,否,否,60.3,0.65,34.09
688248,日线,2026-06-17,55.0,60,B,17.0,63.71,49.22,274.8,31.0,LEG1,否,否,56.4,1.0,48.24
603301,日线,2026-06-17,88.15,60,B,15.68,96.48,74.09,515.3,27.7,LEG1,否,否,65.0,0.62,72.61
003040,日线,2026-06-17,12.08,60,B,9.13,15.29,14.12,67.5,19.0,LEG1,否,否,29.8,1.58,13.84
603659,日线,2026-06-17,29.51,60,B,10.4,33.33,26.33,220.5,30.5,READY,否,否,53.8,0.87,25.8
600428,日线,2026-06-17,7.96,60,B,4.61,8.19,7.45,77.7,20.7,LEG1,否,否,52.9,0.69,7.3
600426,日线,2026-06-17,26.24,60,B,19.73,39.7,34.81,101.2,24.5,LEG1,否,否,26.6,1.53,34.11
301149,日线,2026-06-17,11.86,60,B,7.52,14.84,10.64,97.3,57.4,READY,否,否,49.3,0.99,10.43
301135,日线,2026-06-17,17.62,60,B,13.01,28.26,25.69,117.2,16.9,LEG1,否,否,32.0,1.81,25.18
600864,日线,2026-06-17,5.45,60,B,4.56,7.69,6.38,68.6,41.9,LEG1,否,否,54.2,0.87,6.25
688230,日线,2026-06-17,70.21,60,B,21.55,78.38,58.45,263.7,35.1,READY,否,否,63.3,0.74,57.28
600409,日线,2026-06-17,6.31,60,B,4.36,6.72,6.71,54.1,0.4,LEG1,否,否,47.4,0.79,6.58
688683,日线,2026-06-17,41.73,60,B,11.2,51.0,35.41,355.4,39.2,READY,否,否,65.4,0.99,34.7
688680,日线,2026-06-17,45.26,60,B,23.12,52.28,40.87,126.1,39.1,READY,否,否,60.7,0.87,40.05
688678,日线,2026-06-17,22.71,60,B,8.5,27.42,21.21,222.6,32.8,LEG1,否,否,59.1,1.0,20.79
603959,日线,2026-06-17,4.49,60,B,1.33,4.65,4.32,249.6,9.9,LEG1,否,否,63.7,0.54,4.23
002130,日线,2026-06-17,20.63,60,B,4.97,22.85,14.8,359.8,45.0,LEG1,否,否,52.0,0.85,14.5
603036,日线,2026-06-17,14.56,60,B,7.98,15.61,13.07,95.6,33.3,LEG1,否,否,53.6,0.88,12.81
300476,日线,2026-06-17,361.7,60,B,13.86,402.6,246.06,2804.8,40.3,LEG1,否,否,59.6,0.89,241.14
300455,日线,2026-06-17,22.8,60,B,7.25,29.25,21.46,303.4,35.4,READY,否,否,48.2,0.8,21.03
603985,日线,2026-06-17,25.25,60,B,8.74,28.45,13.68,225.5,74.9,LEG1,否,否,66.6,0.87,13.41
603980,日线,2026-06-17,5.85,60,B,2.79,6.53,6.01,134.1,13.9,LEG1,否,否,55.1,0.96,5.89
002104,日线,2026-06-17,11.34,60,B,4.88,13.93,17.77,185.5,-42.4,LEG1,否,否,32.5,1.3,17.41
002168,日线,2026-06-17,3.79,60,B,1.96,4.42,3.5,125.5,37.4,READY,否,否,51.3,0.76,3.43
002356,日线,2026-06-17,3.13,60,B,2.37,3.58,3.02,51.1,46.3,READY,否,否,46.1,0.74,2.96
300286,日线,2026-06-17,28.83,60,B,14.3,36.9,29.58,158.0,32.4,READY,否,否,47.1,0.57,28.99
301326,日线,2026-06-17,148.91,60,B,15.24,199.86,115.85,1211.4,45.5,LEG1,否,否,54.5,0.71,113.53
600776,日线,2026-06-17,15.7,60,B,7.45,17.5,14.32,134.9,31.6,LEG1,否,否,49.3,0.85,14.03
603568,日线,2026-06-17,16.95,60,B,14.02,21.97,19.23,56.7,34.5,LEG1,否,否,60.7,0.64,18.85
603565,日线,2026-06-17,10.38,60,B,6.54,10.92,9.11,67.0,41.3,READY,否,否,59.7,0.71,8.93
603315,日线,2026-06-17,16.75,60,B,7.35,17.38,15.2,136.5,21.7,LEG1,否,否,55.3,0.87,14.9
003002,日线,2026-06-17,20.93,60,B,9.13,29.88,24.85,227.3,24.2,LEG1,否,否,34.2,1.44,24.35
603612,日线,2026-06-17,20.54,60,B,8.77,21.96,23.8,150.4,-13.9,LEG1,否,否,48.0,0.98,23.32
002675,日线,2026-06-17,12.68,60,B,11.33,12.84,12.22,13.3,41.1,READY,否,否,57.7,0.8,11.98
600830,日线,2026-06-17,8.71,60,B,5.32,10.78,7.7,102.6,56.4,READY,否,否,59.6,0.79,7.55
301193,日线,2026-06-17,23.04,60,B,11.8,24.4,20.05,106.8,34.5,LEG1,否,否,56.3,0.54,19.65
301185,日线,2026-06-17,16.84,60,B,11.77,17.21,15.46,46.2,32.2,LEG1,否,否,55.7,0.76,15.15
301180,日线,2026-06-17,14.1,60,B,9.31,19.57,16.94,110.2,25.6,LEG1,否,否,40.5,0.84,16.6
301165,日线,2026-06-17,65.39,60,B,24.9,110.33,76.09,343.1,40.1,LEG1,否,否,51.7,0.9,74.57
301157,日线,2026-06-17,70.44,60,B,23.52,94.48,64.01,301.7,42.9,READY,否,否,54.6,0.93,62.73
301237,日线,2026-06-17,72.24,60,B,14.4,78.88,50.68,447.8,43.7,LEG1,否,否,67.0,0.94,49.67
688231,日线,2026-06-17,44.37,60,B,11.09,54.88,28.4,394.9,60.5,LEG1,否,否,53.5,0.75,27.83
600058,日线,2026-06-17,10.33,60,B,5.87,12.15,9.15,107.0,47.8,READY,否,否,51.9,0.9,8.97
300259,日线,2026-06-17,5.71,60,B,2.32,7.5,5.07,223.3,46.9,READY,否,否,47.3,0.43,4.97
300246,日线,2026-06-17,18.52,60,B,5.07,21.98,15.48,333.5,38.4,READY,否,否,66.2,0.97,15.17
603858,日线,2026-06-17,15.39,60,B,13.83,15.37,16.09,11.1,-46.8,BREAKOUT,是,否,56.6,0.76,15.77
603097,日线,2026-06-17,26.86,60,B,14.61,31.5,26.36,115.6,30.4,LEG1,否,否,57.5,0.56,25.83
603086,日线,2026-06-17,5.59,60,B,3.18,7.49,6.9,135.5,13.7,LEG1,否,否,22.8,1.39,6.76
300345,日线,2026-06-17,6.01,60,B,4.08,7.44,5.45,82.4,59.2,READY,否,否,47.2,0.85,5.34
603118,日线,2026-06-17,13.32,60,B,5.21,13.75,10.76,163.9,35.0,LEG1,否,否,57.7,0.95,10.54
603106,日线,2026-06-17,7.21,60,B,3.45,9.2,10.15,166.7,-16.5,LEG1,否,否,33.6,1.4,9.95
300314,日线,2026-06-17,9.71,60,B,8.23,11.98,11.17,45.6,21.6,LEG1,否,否,37.7,1.49,10.95
301289,日线,2026-06-17,49.92,60,B,32.23,53.65,50.57,66.5,14.4,LEG1,否,否,49.8,0.77,49.56
301282,日线,2026-06-17,29.41,60,B,11.41,33.02,26.14,189.4,31.8,LEG1,否,否,53.3,0.82,25.62
301251,日线,2026-06-17,54.36,60,B,22.31,77.77,44.4,248.6,60.2,READY,否,否,55.0,0.9,43.51
688290,日线,2026-06-17,66.08,60,B,24.57,74.14,56.36,201.8,35.9,LEG1,否,否,58.7,0.68,55.23
688592,日线,2026-06-17,39.11,60,B,25.88,41.0,36.0,58.4,33.1,LEG1,否,否,47.6,0.73,35.28
688591,日线,2026-06-17,33.52,60,B,15.12,42.78,28.8,182.9,50.5,READY,否,否,59.1,0.83,28.22
301391,日线,2026-06-17,66.12,60,B,27.66,88.8,58.3,221.0,49.9,READY,否,否,54.7,0.71,57.13
301381,日线,2026-06-17,19.09,60,B,16.49,24.2,20.3,46.8,50.6,LEG1,否,否,52.4,0.76,19.89
600765,日线,2026-06-17,13.98,60,B,12.38,16.8,15.42,35.7,31.2,LEG1,否,否,49.6,0.72,15.11
301309,日线,2026-06-17,32.0,60,B,18.0,37.8,32.39,110.0,27.3,LEG1,否,否,50.1,0.59,31.74
600064,日线,2026-06-17,7.52,60,B,5.43,7.81,7.3,43.8,21.4,LEG1,否,否,53.9,0.52,7.15
600061,日线,2026-06-17,6.56,60,B,5.32,6.88,6.31,29.3,36.5,READY,否,否,60.5,0.83,6.18
688580,日线,2026-06-17,53.56,60,B,20.26,68.0,51.0,235.6,35.6,LEG1,否,否,58.3,0.86,49.98
688320,日线,2026-06-17,37.67,60,B,19.11,39.83,33.88,108.4,28.7,LEG1,否,否,50.5,0.55,33.2
688316,日线,2026-06-17,60.28,60,B,22.41,81.81,64.0,265.1,30.0,LEG1,否,否,46.7,0.7,62.72
002810,日线,2026-06-17,24.62,60,B,10.0,29.63,20.9,196.3,44.5,READY,否,否,61.2,0.99,20.48
002759,日线,2026-06-17,27.53,60,B,5.45,39.6,25.0,626.6,42.8,READY,否,否,45.7,0.92,24.5
002736,日线,2026-06-17,10.46,60,B,7.42,12.35,9.79,66.4,51.9,READY,否,否,69.5,0.95,9.59
002979,日线,2026-06-17,55.96,60,B,11.73,66.94,41.4,470.7,46.3,LEG1,否,否,61.2,0.93,40.57
301201,日线,2026-06-17,35.42,60,B,14.6,36.32,31.7,148.8,21.3,LEG1,否,否,59.2,0.88,31.07
688631,日线,2026-06-17,49.35,60,B,20.88,60.29,45.63,188.7,37.2,READY,否,否,48.5,0.8,44.72
688620,日线,2026-06-17,12.94,60,B,6.3,14.49,11.25,130.0,39.6,READY,否,否,63.3,0.82,11.03
301459,日线,2026-06-17,35.24,60,B,29.41,43.08,36.3,46.5,49.6,LEG1,否,否,52.5,0.36,35.57
688518,日线,2026-06-17,29.22,60,B,11.07,33.58,24.66,203.3,39.6,READY,否,否,64.3,0.89,24.17
603408,日线,2026-06-17,10.17,60,B,9.1,11.19,11.29,23.0,-4.8,LEG1,否,否,42.9,0.95,11.06
603398,日线,2026-06-17,14.14,60,B,4.25,15.08,7.01,254.8,74.5,LEG1,否,否,58.1,0.85,6.87
603341,日线,2026-06-17,37.89,60,B,32.34,40.95,34.99,26.6,69.2,LEG1,否,否,55.1,0.58,34.29
002970,日线,2026-06-17,68.32,60,B,18.7,70.0,58.68,274.3,22.1,LEG1,否,否,60.1,0.74,57.51
002945,日线,2026-06-17,14.19,60,B,9.0,15.98,15.11,77.6,12.5,LEG1,否,否,50.4,0.69,14.81
002939,日线,2026-06-17,8.41,60,B,6.34,10.09,7.83,59.1,60.3,READY,否,否,55.8,0.74,7.67
600292,日线,2026-06-17,13.94,60,B,4.09,16.66,12.69,307.3,31.6,READY,否,否,48.3,0.85,12.44
600288,日线,2026-06-17,13.18,60,B,5.96,14.36,11.93,140.9,28.9,LEG1,否,否,52.2,0.67,11.69
688314,日线,2026-06-17,40.5,60,B,16.88,44.5,36.51,163.6,28.9,LEG1,否,否,48.7,0.82,35.78
688310,日线,2026-06-17,16.9,60,B,9.17,19.3,14.41,110.5,48.3,LEG1,否,否,43.8,0.78,14.12
688563,日线,2026-06-17,51.43,60,B,40.58,63.22,56.0,55.8,31.9,LEG1,否,否,51.1,0.65,54.88
688556,日线,2026-06-17,11.53,60,B,7.0,15.8,10.25,125.7,63.1,READY,否,否,49.6,0.65,10.04
301398,日线,2026-06-17,40.63,60,B,27.0,48.35,42.15,79.1,29.0,LEG1,否,否,55.7,0.74,41.31
301397,日线,2026-06-17,33.36,60,B,19.5,45.29,28.63,132.3,64.6,READY,否,否,55.6,0.71,28.06
600265,日线,2026-06-17,22.1,60,B,12.34,29.72,19.83,140.8,56.9,LEG1,否,是,30.1,0.79,19.43
002856,日线,2026-06-17,20.84,60,B,5.41,28.34,10.42,423.8,78.2,LEG1,否,是,35.3,0.11,10.21
000685,日线,2026-06-17,11.19,60,B,6.62,13.22,10.38,99.7,43.0,LEG1,否,否,58.0,0.66,10.17
600475,日线,2026-06-17,15.48,60,B,7.99,20.22,13.84,153.1,52.2,READY,否,否,49.6,0.57,13.56
688372,日线,2026-06-17,164.34,60,B,33.97,183.03,136.26,438.8,31.4,READY,否,否,62.8,0.98,133.53
399905,日线,2026-06-17,8627.09,60,B,4281.24,8956.66,5135.97,109.2,81.7,LEG1,否,否,67.3,0.93,5033.25
688458,日线,2026-06-17,40.96,60,B,20.0,49.28,35.35,146.4,47.6,READY,否,否,60.5,0.61,34.64
000903,日线,2026-06-17,1.97,60,B,1.57,2.02,1.75,28.7,60.0,BREAKOUT,否,否,55.7,0.81,1.71
688391,日线,2026-06-17,33.49,60,B,23.8,34.9,28.63,46.6,56.5,READY,否,否,69.4,0.91,28.06
688385,日线,2026-06-17,59.01,60,B,23.18,76.67,51.2,230.8,47.6,READY,否,否,56.5,0.94,50.18
600490,日线,2026-06-17,7.39,60,B,1.94,8.29,6.78,327.3,23.8,LEG1,否,否,53.8,0.79,6.64
600489,日线,2026-06-17,22.7,60,B,8.52,24.78,23.65,190.8,6.9,LEG1,否,否,56.4,0.69,23.18
000987,日线,2026-06-17,7.71,60,B,4.74,9.31,9.32,96.4,-0.2,LEG1,否,否,49.9,0.84,9.13
301345,日线,2026-06-17,209.5,60,B,42.61,291.28,193.3,583.6,39.4,READY,否,否,50.4,0.75,189.43
688330,日线,2026-06-17,38.16,60,B,18.18,43.5,33.86,139.3,38.1,READY,否,否,52.8,0.81,33.18
600456,日线,2026-06-17,30.33,60,B,20.7,36.4,32.62,75.8,24.1,LEG1,否,否,45.2,0.85,31.97
002476,日线,2026-06-17,5.41,60,B,3.35,6.18,5.42,84.5,26.9,LEG1,否,否,56.2,0.82,5.31
300227,日线,2026-06-17,11.35,60,B,4.21,12.25,9.95,191.0,28.6,LEG1,否,否,63.4,0.95,9.75
300207,日线,2026-06-17,21.03,60,B,10.57,30.6,24.19,189.5,32.0,LEG1,否,否,46.8,0.8,23.71
300203,日线,2026-06-17,13.37,60,B,9.19,16.33,11.96,77.7,61.2,READY,否,否,54.5,0.61,11.72
300200,日线,2026-06-17,9.81,60,B,4.8,11.68,8.91,143.3,40.3,READY,否,否,56.0,0.93,8.73
603806,日线,2026-06-17,17.34,60,B,11.74,19.55,15.7,66.5,49.3,LEG1,否,否,57.0,0.69,15.39
399107,日线,2026-06-17,2970.33,60,B,1455.02,3102.89,1791.43,113.3,79.6,LEG1,否,否,62.1,0.97,1755.6
399106,日线,2026-06-17,2838.35,60,B,1391.32,2964.93,1712.8,113.1,79.6,LEG1,否,否,62.1,0.97,1678.54
399100,日线,2026-06-17,13363.24,60,B,6540.32,13958.28,8077.24,113.4,79.3,LEG1,否,否,62.1,0.97,7915.7
399016,日线,2026-06-17,6889.24,60,B,2767.17,7167.7,3637.74,159.0,80.2,LEG1,否,否,61.7,0.9,3564.99
002326,日线,2026-06-17,22.39,60,B,7.21,23.95,21.76,232.2,13.1,LEG1,否,否,53.0,0.93,21.32
300338,日线,2026-06-17,3.25,60,B,1.02,3.34,3.33,227.5,0.4,LEG1,否,否,55.3,0.97,3.26
300337,日线,2026-06-17,12.43,60,B,4.51,15.49,11.4,243.5,37.2,LEG1,否,否,54.6,0.91,11.17
600686,日线,2026-06-17,12.67,60,B,4.9,14.85,16.49,203.1,-16.5,LEG1,否,否,41.5,0.66,16.16
600685,日线,2026-06-17,27.15,60,B,20.59,32.6,27.2,58.3,45.0,LEG1,否,否,51.1,0.81,26.66
688506,日线,2026-06-17,230.0,60,B,96.21,330.55,200.1,243.6,55.7,READY,否,否,53.8,0.56,196.1
688191,日线,2026-06-17,37.03,57,B,9.11,60.0,31.6,558.6,55.8,READY,否,否,40.7,1.06,30.97
301517,日线,2026-06-17,53.75,57,B,30.12,75.69,51.9,151.3,52.2,READY,否,否,44.8,1.08,50.86
002438,日线,2026-06-17,15.81,57,B,7.93,18.27,15.46,130.4,27.2,LEG1,否,否,44.3,1.09,15.15
688211,日线,2026-06-17,32.96,57,B,23.08,40.35,30.95,74.8,54.4,READY,否,否,47.3,1.08,30.33
300270,日线,2026-06-17,12.05,57,B,3.3,15.62,9.88,373.3,46.6,LEG1,否,否,43.6,1.03,9.68
301587,日线,2026-06-17,25.14,57,B,17.04,29.88,24.7,75.4,40.3,LEG1,否,否,49.8,1.24,24.21
603286,日线,2026-06-17,56.62,57,B,11.3,62.37,53.12,451.9,18.1,LEG1,否,否,42.4,1.03,52.06
688818,日线,2026-06-17,67.0,57,B,55.36,75.38,64.06,36.2,56.5,LEG1,否,否,44.4,1.01,62.78
301395,日线,2026-06-17,11.5,57,B,8.77,13.69,10.94,56.1,55.9,READY,否,否,41.2,1.19,10.72
688167,日线,2026-06-17,399.23,57,B,39.91,497.77,275.6,1147.2,48.5,READY,否,否,49.0,1.21,270.09
300557,日线,2026-06-17,31.05,57,B,19.06,39.9,31.37,109.3,40.9,LEG1,否,否,42.6,1.0,30.74
688710,日线,2026-06-17,53.64,57,B,22.52,69.7,50.57,209.5,40.5,READY,否,否,40.3,1.06,49.56
603038,日线,2026-06-17,16.11,57,B,6.41,17.88,13.6,178.9,37.3,LEG1,否,否,55.8,1.11,13.33
688718,日线,2026-06-17,17.64,57,B,7.42,20.15,14.07,171.6,47.8,READY,否,否,76.9,1.22,13.79
301667,日线,2026-06-17,82.04,57,B,60.86,109.88,94.08,80.5,32.2,LEG1,否,否,45.0,1.09,92.2
300654,日线,2026-06-17,9.32,57,B,6.38,10.98,9.23,72.1,38.0,LEG1,否,否,41.4,1.13,9.05
002396,日线,2026-06-17,19.83,57,B,12.04,33.79,24.74,180.6,41.6,LEG1,否,否,42.9,1.17,24.25
002283,日线,2026-06-17,10.06,57,B,3.89,13.24,8.39,240.4,51.9,LEG1,否,否,45.8,1.11,8.22
301379,日线,2026-06-17,25.92,57,B,14.8,37.71,22.82,154.8,65.0,LEG1,否,否,44.6,1.14,22.36
301248,日线,2026-06-17,73.29,57,B,8.31,87.87,43.4,957.4,55.9,LEG1,否,否,49.7,1.15,42.53
002918,日线,2026-06-17,12.53,57,B,6.73,15.86,10.47,135.7,59.0,LEG1,否,否,53.8,1.05,10.26
300301,日线,2026-06-17,3.26,57,B,0.99,4.1,1.62,314.1,79.7,LEG1,否,否,48.1,1.07,1.59
688202,日线,2026-06-17,53.55,57,B,23.3,70.85,51.6,204.1,40.5,LEG1,否,否,41.3,1.03,50.57
002432,日线,2026-06-17,66.83,57,B,32.56,92.99,68.62,185.6,40.3,LEG1,否,否,43.3,1.1,67.25
300572,日线,2026-06-17,26.99,57,B,8.16,36.45,25.6,346.7,38.4,READY,否,否,41.1,1.05,25.09
301489,日线,2026-06-17,159.0,57,B,32.85,291.0,132.66,785.8,61.3,READY,否,否,44.9,1.14,130.01
002149,日线,2026-06-17,60.05,57,B,9.98,66.66,54.51,567.9,21.4,LEG1,否,否,45.7,1.03,53.42
002086,日线,2026-06-17,1.82,57,B,1.76,2.05,2.2,16.5,-51.7,LEG1,否,否,44.2,1.01,2.16
002656,日线,2026-06-17,3.26,57,B,0.85,3.61,1.31,324.7,83.3,LEG1,否,否,40.4,1.04,1.28
000551,日线,2026-06-17,15.21,57,B,6.41,18.05,14.2,181.6,33.1,READY,否,否,45.0,1.09,13.92
301210,日线,2026-06-17,31.28,57,B,24.24,46.34,34.5,91.2,53.6,LEG1,否,否,46.7,1.18,33.81
301223,日线,2026-06-17,16.06,57,B,12.3,20.35,17.0,65.4,41.6,READY,否,否,33.5,1.01,16.66
601577,日线,2026-06-17,9.39,57,B,6.52,9.77,8.08,49.8,52.0,LEG1,否,否,39.9,0.82,7.92
300070,日线,2026-06-17,3.42,57,B,3.1,3.74,3.88,20.6,-21.9,LEG1,否,否,39.8,1.02,3.8
002848,日线,2026-06-17,13.94,57,B,4.4,17.92,7.36,307.3,78.1,LEG1,否,否,42.3,1.25,7.21
002841,日线,2026-06-17,35.0,57,B,26.84,39.98,32.08,49.0,60.1,LEG1,否,否,47.0,1.02,31.44
000571,日线,2026-06-17,5.47,57,B,1.7,6.09,4.81,258.2,29.2,LEG1,否,否,50.0,1.06,4.71
000635,日线,2026-06-17,6.74,57,B,4.8,7.45,7.85,55.2,-15.1,LEG1,否,否,39.9,1.16,7.69
301127,日线,2026-06-17,13.23,57,B,6.86,15.92,13.51,132.1,26.6,LEG1,否,否,50.6,1.05,13.24
601333,日线,2026-06-17,3.0,57,B,2.49,3.19,2.99,28.1,28.6,LEG1,否,否,41.4,1.26,2.93
300205,日线,2026-06-17,5.59,57,B,2.5,6.17,4.9,146.8,34.6,LEG1,否,否,41.2,1.14,4.8
600350,日线,2026-06-17,11.34,57,B,7.0,11.88,9.38,69.7,51.2,LEG1,否,否,49.6,1.1,9.19
605128,日线,2026-06-17,25.23,57,B,21.8,36.85,31.38,69.0,36.3,LEG1,否,否,43.0,1.07,30.75
600875,日线,2026-06-17,31.71,57,B,12.26,45.25,34.75,269.1,31.8,LEG1,否,否,44.4,1.03,34.05
603703,日线,2026-06-17,12.22,57,B,8.34,13.7,11.26,64.3,45.5,LEG1,否,否,48.0,1.01,11.03
301098,日线,2026-06-17,8.6,57,B,5.81,9.79,7.93,68.5,46.7,LEG1,否,否,44.6,1.2,7.77
002831,日线,2026-06-17,30.9,57,B,19.74,41.78,31.12,111.7,48.4,LEG1,否,否,41.4,1.0,30.5
301068,日线,2026-06-17,27.31,57,B,15.58,40.28,27.98,158.5,49.8,LEG1,否,否,44.9,1.24,27.42
688030,日线,2026-06-17,17.02,57,B,9.21,18.38,14.08,99.6,46.9,LEG1,否,否,56.7,1.21,13.8
301031,日线,2026-06-17,124.92,57,B,65.01,186.96,97.48,187.6,73.4,LEG1,否,否,41.8,1.0,95.53
002769,日线,2026-06-17,7.56,57,B,3.97,8.6,7.62,116.6,21.2,LEG1,否,否,40.0,1.07,7.47
600984,日线,2026-06-17,4.21,57,B,1.93,5.19,3.97,168.9,37.4,READY,否,否,42.1,1.09,3.89
300983,日线,2026-06-17,36.66,57,B,14.21,37.34,36.19,162.8,5.0,LEG1,否,否,57.7,1.12,35.47
600000,日线,2026-06-17,9.24,57,B,6.36,9.54,9.88,50.0,-10.7,LEG1,否,否,39.6,0.89,9.68
600682,日线,2026-06-17,5.87,55,B,4.54,6.4,5.48,41.0,49.5,READY,否,否,49.6,0.98,5.37
002497,日线,2026-06-17,22.93,55,B,7.98,25.84,20.09,223.8,32.2,READY,否,否,51.8,0.79,19.69
002498,日线,2026-06-17,7.57,55,B,2.78,11.7,7.51,320.9,47.0,LEG1,否,否,41.0,0.8,7.36
300343,日线,2026-06-17,6.3,55,B,3.35,6.99,5.93,108.7,29.1,LEG1,否,否,39.1,1.75,5.81
300358,日线,2026-06-17,8.1,55,B,5.77,10.05,9.37,74.2,15.9,LEG1,否,否,43.1,0.89,9.18
600712,日线,2026-06-17,5.05,55,B,2.87,6.61,5.23,130.3,36.9,LEG1,否,否,14.1,1.63,5.13
600713,日线,2026-06-17,4.97,55,B,3.85,5.13,4.88,33.2,19.5,LEG1,否,否,44.9,0.51,4.78
600715,日线,2026-06-17,1.65,55,B,1.04,2.18,2.13,109.6,4.4,LEG1,否,否,18.6,1.33,2.09
600716,日线,2026-06-17,3.68,55,B,2.46,4.56,3.49,85.4,51.0,READY,否,否,43.1,0.78,3.42
002998,日线,2026-06-17,7.2,55,B,4.56,10.45,7.32,129.2,53.1,LEG1,否,否,21.7,1.31,7.17
600229,日线,2026-06-17,5.32,55,B,5.04,6.42,5.74,27.4,49.3,LEG1,否,否,39.7,1.38,5.63
600241,日线,2026-06-17,7.09,55,B,4.09,10.04,8.26,145.5,29.9,LEG1,否,否,28.5,1.46,8.09
600243,日线,2026-06-17,3.84,55,B,2.14,4.32,3.45,101.9,39.9,LEG1,否,否,40.7,0.69,3.38
003008,日线,2026-06-17,18.25,55,B,15.03,24.0,21.3,59.7,30.1,LEG1,否,否,29.0,1.34,20.87
003019,日线,2026-06-17,35.02,55,B,14.63,47.49,31.5,224.6,48.7,LEG1,否,否,49.9,0.98,30.87
600309,日线,2026-06-17,70.79,55,B,52.1,90.92,73.36,74.5,45.2,LEG1,否,否,44.2,0.95,71.89
603067,日线,2026-06-17,36.18,55,B,6.83,46.95,30.34,587.4,41.4,LEG1,否,否,53.9,0.76,29.73
603068,日线,2026-06-17,34.7,55,B,15.79,39.01,31.51,147.1,32.3,READY,否,否,58.4,0.8,30.88
603778,日线,2026-06-17,16.64,55,B,2.49,25.0,16.51,904.0,37.7,READY,否,否,34.6,1.33,16.18
603786,日线,2026-06-17,47.86,55,B,42.81,60.0,51.87,40.2,47.3,LEG1,否,否,46.6,0.47,50.83
688566,日线,2026-06-17,24.23,55,B,17.49,28.56,23.06,63.3,49.7,READY,否,否,42.2,0.88,22.6
688538,日线,2026-06-17,2.44,55,B,1.93,2.5,2.21,29.5,50.9,LEG1,否,否,61.4,0.9,2.17
688327,日线,2026-06-17,13.79,55,B,7.25,15.08,12.12,108.0,37.8,LEG1,否,否,52.1,0.65,11.88
688331,日线,2026-06-17,109.19,55,B,22.37,126.0,110.7,463.3,14.8,LEG1,否,否,50.7,0.6,108.49
688336,日线,2026-06-17,56.23,55,B,15.22,70.5,52.0,363.2,33.5,READY,否,否,42.9,0.85,50.96
600704,日线,2026-06-17,4.75,55,B,3.97,5.08,4.85,28.0,20.7,LEG1,否,否,42.2,0.71,4.75
600710,日线,2026-06-17,11.05,55,B,6.37,12.99,10.67,103.9,35.0,READY,否,否,40.4,0.73,10.46
603082,日线,2026-06-17,37.3,55,B,24.55,39.0,33.55,58.9,37.7,LEG1,否,否,58.2,0.96,32.88
300389,日线,2026-06-17,13.56,55,B,8.3,16.98,16.38,104.6,6.9,LEG1,否,否,42.9,0.76,16.05
300424,日线,2026-06-17,18.75,55,B,6.9,23.3,11.98,237.7,69.0,LEG1,否,否,44.7,0.9,11.74
603048,日线,2026-06-17,19.65,55,B,10.42,22.66,18.41,117.5,34.7,LEG1,否,否,44.3,0.8,18.04
300428,日线,2026-06-17,20.05,55,B,13.0,22.85,19.5,75.8,34.0,LEG1,否,否,52.8,0.76,19.11
300432,日线,2026-06-17,23.3,55,B,5.53,26.19,16.53,373.6,46.8,LEG1,否,否,52.7,0.91,16.2
603111,日线,2026-06-17,6.16,55,B,3.83,7.3,6.85,90.6,13.0,LEG1,否,否,41.6,0.8,6.71
603119,日线,2026-06-17,71.4,55,B,12.77,76.73,68.25,500.9,13.3,LEG1,否,否,44.4,0.53,66.89
002521,日线,2026-06-17,7.01,55,B,6.35,7.85,7.71,23.6,9.3,LEG1,否,否,32.7,1.36,7.56
002541,日线,2026-06-17,16.6,55,B,10.68,19.94,17.08,86.7,30.9,LEG1,否,否,29.8,1.36,16.74
688576,日线,2026-06-17,69.65,55,B,48.6,81.99,66.11,68.7,47.6,LEG1,否,否,48.2,0.52,64.79
688578,日线,2026-06-17,83.06,55,B,32.25,92.64,49.51,187.3,71.4,LEG1,否,否,43.2,0.66,48.52
688589,日线,2026-06-17,20.68,55,B,17.81,25.19,21.5,41.4,50.0,LEG1,否,否,50.8,0.66,21.07
600019,日线,2026-06-17,5.77,55,B,5.5,6.08,5.87,10.5,36.2,LEG1,否,否,41.2,0.88,5.75
600022,日线,2026-06-17,1.3,55,B,1.12,1.37,1.26,22.3,44.0,READY,否,否,40.6,0.88,1.23
600031,日线,2026-06-17,18.91,55,B,12.66,19.99,17.38,57.9,35.6,LEG1,否,否,50.9,0.64,17.03
600033,日线,2026-06-17,3.53,55,B,2.92,3.68,3.43,26.0,32.9,READY,否,否,47.2,0.59,3.36
688558,日线,2026-06-17,33.74,55,B,15.09,46.01,31.18,204.9,48.0,READY,否,否,49.7,0.74,30.56
300441,日线,2026-06-17,6.07,55,B,4.29,7.22,6.91,68.3,10.6,LEG1,否,否,40.9,0.96,6.77
300444,日线,2026-06-17,13.21,55,B,4.44,18.69,12.78,320.9,41.5,LEG1,否,否,44.0,0.79,12.52
300446,日线,2026-06-17,15.85,55,B,9.45,20.12,15.2,112.9,46.1,READY,否,否,40.7,0.91,14.9
300457,日线,2026-06-17,25.03,55,B,12.0,29.89,23.6,149.1,35.2,LEG1,否,否,50.4,0.8,23.13
002373,日线,2026-06-17,7.62,55,B,7.15,9.36,8.71,30.9,29.4,LEG1,否,否,43.9,0.84,8.54
002380,日线,2026-06-17,37.55,55,B,9.85,51.06,30.06,418.4,51.0,LEG1,否,否,41.0,0.59,29.46
002388,日线,2026-06-17,5.45,55,B,2.63,6.99,4.6,165.8,54.8,LEG1,否,否,53.5,0.48,4.51
002392,日线,2026-06-17,8.01,55,B,2.67,11.33,6.46,324.3,56.2,LEG1,否,否,49.7,0.79,6.33
300459,日线,2026-06-17,3.48,55,B,3.17,3.92,3.77,23.7,20.0,LEG1,否,否,24.6,1.44,3.69
300460,日线,2026-06-17,9.39,55,B,5.51,11.15,8.11,102.4,53.9,LEG1,否,否,54.7,0.85,7.95
300464,日线,2026-06-17,8.54,55,B,2.99,11.03,6.1,268.9,61.3,LEG1,否,否,52.3,0.65,5.98
300469,日线,2026-06-17,51.73,55,B,6.2,57.8,49.96,832.3,15.2,LEG1,否,否,44.1,0.72,48.96
003030,日线,2026-06-17,22.92,55,B,12.42,27.3,19.35,119.8,53.4,READY,否,否,46.4,0.78,18.96
003039,日线,2026-06-17,12.3,55,B,10.12,14.75,14.11,45.8,13.8,LEG1,否,否,40.6,0.7,13.83
603337,日线,2026-06-17,41.3,55,B,17.43,42.8,37.3,145.6,21.7,LEG1,否,否,59.9,0.98,36.55
603350,日线,2026-06-17,30.32,55,B,24.6,36.88,29.24,49.9,62.2,READY,否,否,40.5,0.56,28.66
600581,日线,2026-06-17,2.53,55,B,2.45,2.77,2.78,13.1,-3.1,LEG1,否,否,41.6,0.63,2.72
002933,日线,2026-06-17,28.7,55,B,19.5,30.92,27.36,58.6,31.2,LEG1,否,否,45.9,0.6,26.81
300478,日线,2026-06-17,38.9,55,B,6.53,46.45,21.4,611.3,62.8,LEG1,否,否,43.8,0.74,20.97
300479,日线,2026-06-17,14.34,55,B,11.6,19.56,16.32,68.6,40.7,READY,否,否,41.2,0.77,15.99
603816,日线,2026-06-17,24.78,55,B,21.44,30.02,28.33,40.0,19.7,LEG1,否,否,12.0,1.86,27.76
300483,日线,2026-06-17,19.38,55,B,6.43,21.12,17.82,228.5,22.5,LEG1,否,否,50.1,0.5,17.46
603035,日线,2026-06-17,11.08,55,B,11.3,14.05,13.16,24.3,32.4,LEG1,否,否,16.4,1.91,12.9
300487,日线,2026-06-17,55.65,55,B,36.48,62.28,48.39,70.7,53.8,READY,否,否,52.6,0.85,47.42
002334,日线,2026-06-17,8.49,55,B,5.23,9.6,7.66,83.6,44.4,LEG1,否,否,44.9,0.58,7.51
688247,日线,2026-06-17,7.53,55,B,6.3,9.66,9.58,53.3,2.4,LEG1,否,否,21.2,1.47,9.39
688258,日线,2026-06-17,128.1,55,B,19.81,151.0,98.0,662.2,40.4,LEG1,否,否,49.6,0.92,96.04
688607,日线,2026-06-17,57.53,55,B,9.71,70.45,49.04,625.5,35.2,LEG1,否,否,49.0,0.73,48.06
688612,日线,2026-06-17,33.45,55,B,17.68,38.59,27.34,118.3,53.8,LEG1,否,否,47.7,0.57,26.79
688269,日线,2026-06-17,35.33,55,B,20.86,43.98,37.0,110.8,30.2,LEG1,否,否,50.8,0.7,36.26
688270,日线,2026-06-17,81.82,55,B,19.04,158.88,104.0,734.5,39.2,READY,否,否,15.8,1.52,101.92
688272,日线,2026-06-17,35.26,55,B,10.61,38.28,32.52,260.8,20.8,LEG1,否,否,47.5,0.9,31.87
603136,日线,2026-06-17,8.64,55,B,9.11,11.58,10.39,27.1,48.2,READY,否,否,26.5,1.55,10.18
300313,日线,2026-06-17,8.69,55,B,4.34,10.01,7.94,130.6,36.5,READY,否,否,48.7,0.9,7.78
600572,日线,2026-06-17,4.11,55,B,3.91,5.17,4.29,32.2,69.8,LEG1,否,否,40.1,0.73,4.2
300322,日线,2026-06-17,30.14,55,B,5.39,36.88,22.18,584.2,46.7,LEG1,否,否,50.7,0.81,21.74
600760,日线,2026-06-17,42.14,55,B,33.39,50.97,39.91,52.7,62.9,READY,否,否,44.7,0.8,39.11
301446,日线,2026-06-17,42.3,55,B,16.31,51.98,35.59,218.7,45.9,LEG1,否,否,41.8,0.47,34.88
301468,日线,2026-06-17,48.63,55,B,18.31,54.0,41.21,194.9,35.8,LEG1,否,否,46.5,0.79,40.39
688279,日线,2026-06-17,210.37,55,B,72.6,259.9,198.0,258.0,33.0,READY,否,否,46.8,0.77,194.04
688618,日线,2026-06-17,33.4,55,B,16.93,48.45,34.72,186.2,43.6,LEG1,否,否,46.2,0.71,34.03
688619,日线,2026-06-17,17.32,55,B,5.51,21.18,13.25,284.4,50.6,LEG1,否,否,54.9,0.64,12.98
688621,日线,2026-06-17,51.38,55,B,28.9,59.3,46.68,105.2,41.5,READY,否,否,46.4,0.7,45.75
688623,日线,2026-06-17,95.62,55,B,45.17,108.64,84.5,140.5,38.0,LEG1,否,否,51.8,0.74,82.81
300501,日线,2026-06-17,12.95,55,B,8.83,16.06,12.02,81.9,55.9,READY,否,否,40.2,0.7,11.78
603855,日线,2026-06-17,17.61,55,B,14.78,18.41,17.22,24.6,32.8,READY,否,否,42.1,0.66,16.88
603871,日线,2026-06-17,11.64,55,B,9.66,12.74,12.7,31.9,1.3,LEG1,否,否,41.0,0.76,12.45
603877,日线,2026-06-17,13.03,55,B,10.89,14.53,13.06,33.4,40.4,LEG1,否,否,44.6,0.82,12.8
300531,日线,2026-06-17,15.72,55,B,8.7,16.72,16.58,92.2,1.7,LEG1,否,否,44.1,0.6,16.25
688228,日线,2026-06-17,86.98,55,B,26.98,95.58,142.1,254.3,-67.8,LEG1,否,否,43.5,0.68,139.26
688229,日线,2026-06-17,89.01,55,B,20.18,103.66,73.52,413.7,36.1,LEG1,否,否,51.3,0.69,72.05
603298,日线,2026-06-17,24.85,55,B,15.05,30.18,23.25,100.5,45.8,LEG1,否,否,48.3,0.73,22.79
688682,日线,2026-06-17,43.19,55,B,21.68,47.98,38.65,121.3,35.5,LEG1,否,否,49.5,0.79,37.88
603019,日线,2026-06-17,86.51,55,B,28.72,105.0,77.77,265.6,35.7,READY,否,否,55.0,0.92,76.21
002559,日线,2026-06-17,10.55,55,B,6.53,12.6,9.19,93.0,56.2,READY,否,否,60.6,0.87,9.01
603130,日线,2026-06-17,44.29,55,B,14.74,51.84,39.9,251.7,32.2,READY,否,否,46.8,0.67,39.1
603025,日线,2026-06-17,14.92,55,B,8.0,16.72,13.5,109.0,36.9,LEG1,否,否,49.8,0.9,13.23
603030,日线,2026-06-17,2.27,55,B,1.33,3.15,2.3,136.8,46.7,LEG1,否,否,27.0,1.32,2.25
600138,日线,2026-06-17,7.16,55,B,8.76,10.22,9.29,16.7,63.7,READY,否,否,25.3,1.34,9.1
002299,日线,2026-06-17,16.22,55,B,10.49,17.74,16.33,69.1,19.4,LEG1,否,否,41.9,0.77,16.0
002261,日线,2026-06-17,29.5,55,B,9.37,30.91,26.65,229.9,19.8,LEG1,否,否,45.9,0.85,26.12
002266,日线,2026-06-17,4.9,55,B,2.67,5.65,4.5,111.6,38.6,READY,否,否,47.7,0.76,4.41
002273,日线,2026-06-17,35.73,55,B,8.61,44.3,21.88,414.5,62.8,LEG1,否,否,50.5,0.72,21.44
600151,日线,2026-06-17,12.24,55,B,3.9,16.35,14.56,319.2,14.4,LEG1,否,否,46.6,0.88,14.27
600152,日线,2026-06-17,11.07,55,B,3.9,12.98,11.34,232.8,18.1,LEG1,否,否,43.7,0.63,11.11
600153,日线,2026-06-17,9.09,55,B,7.0,10.18,9.01,45.4,36.8,READY,否,否,31.8,1.33,8.83
603878,日线,2026-06-17,5.93,55,B,4.68,8.66,7.16,85.0,37.7,LEG1,否,否,33.4,1.69,7.02
603880,日线,2026-06-17,8.06,55,B,3.08,9.1,6.06,195.5,50.5,LEG1,否,否,60.3,0.96,5.94
603893,日线,2026-06-17,175.95,55,B,39.89,213.89,122.8,436.2,52.4,LEG1,否,否,55.8,0.65,120.34
603898,日线,2026-06-17,12.56,55,B,6.73,12.98,12.07,92.9,14.6,BREAKOUT,否,否,43.9,0.71,11.83
603010,日线,2026-06-17,14.24,55,B,7.72,16.48,13.22,113.5,37.2,LEG1,否,否,52.9,0.84,12.96
603017,日线,2026-06-17,11.07,55,B,6.12,17.8,12.46,190.8,45.7,LEG1,否,否,33.4,1.55,12.21
688213,日线,2026-06-17,101.93,55,B,32.98,132.68,86.41,302.3,46.4,READY,否,否,63.9,0.91,84.68
600751,日线,2026-06-17,3.16,55,B,1.99,4.03,2.93,102.5,53.9,READY,否,否,44.7,0.61,2.87
600756,日线,2026-06-17,13.85,55,B,8.53,18.4,15.78,115.7,26.5,LEG1,否,否,49.3,0.94,15.46
600509,日线,2026-06-17,8.61,55,B,4.26,11.36,7.96,166.7,47.9,READY,否,否,47.7,0.53,7.8
688227,日线,2026-06-17,85.25,55,B,9.15,147.0,75.7,1506.6,51.7,READY,否,否,47.9,0.94,74.19
600499,日线,2026-06-17,15.62,55,B,6.47,20.78,14.36,221.2,44.9,READY,否,否,47.6,0.64,14.07
688767,日线,2026-06-17,37.45,55,B,22.23,40.36,34.28,81.6,33.5,LEG1,否,否,46.0,0.94,33.59
301320,日线,2026-06-17,14.48,55,B,11.3,16.58,14.1,46.7,47.0,LEG1,否,否,40.9,0.57,13.82
301329,日线,2026-06-17,26.39,55,B,12.19,33.28,20.33,173.0,61.4,LEG1,否,否,48.9,0.6,19.92
301338,日线,2026-06-17,162.71,55,B,18.43,269.95,56.05,1364.7,85.0,LEG1,否,否,33.9,1.35,54.93
301339,日线,2026-06-17,11.21,55,B,11.16,13.45,12.83,20.5,27.1,LEG1,否,否,42.2,0.93,12.57
301360,日线,2026-06-17,77.06,55,B,36.0,95.0,63.51,163.9,53.4,READY,否,否,51.6,0.64,62.24
300278,日线,2026-06-17,4.39,55,B,2.27,4.85,4.5,113.7,13.6,LEG1,否,否,42.0,0.7,4.41
300293,日线,2026-06-17,17.7,55,B,8.1,21.4,16.95,164.2,33.5,READY,否,否,44.8,0.7,16.61
300296,日线,2026-06-17,6.91,55,B,3.82,7.32,6.36,91.6,27.4,LEG1,否,否,56.5,0.82,6.23
002592,日线,2026-06-17,6.35,55,B,3.71,8.1,7.65,118.3,10.3,LEG1,否,否,21.0,1.45,7.5
002235,日线,2026-06-17,8.69,55,B,3.72,11.01,9.89,196.0,15.4,LEG1,否,否,26.3,1.32,9.69
002236,日线,2026-06-17,16.31,55,B,12.95,18.5,16.35,42.9,38.7,LEG1,否,否,41.9,0.84,16.02
300578,日线,2026-06-17,19.53,55,B,7.4,20.03,17.55,170.7,19.6,LEG1,否,否,55.1,0.87,17.2
601998,日线,2026-06-17,7.56,55,B,5.49,7.78,7.3,41.7,21.0,LEG1,否,否,44.6,0.68,7.15
002200,日线,2026-06-17,6.5,55,B,4.67,7.66,5.24,64.0,80.9,LEG1,否,否,38.6,1.45,5.14
300039,日线,2026-06-17,4.38,55,B,4.9,5.79,5.68,18.2,12.4,LEG1,否,否,19.6,1.59,5.57
600769,日线,2026-06-17,17.42,55,B,5.28,17.94,14.79,239.8,24.9,LEG1,否,否,61.5,0.99,14.49
600777,日线,2026-06-17,4.74,55,B,1.43,5.82,3.47,307.0,53.5,LEG1,否,否,14.7,1.89,3.4
688789,日线,2026-06-17,51.42,55,B,55.5,72.3,66.8,30.3,32.7,LEG1,否,否,47.7,0.5,65.46
688210,日线,2026-06-17,46.16,55,B,14.39,51.58,35.36,258.4,43.6,LEG1,否,否,53.0,0.67,34.65
688798,日线,2026-06-17,71.46,55,B,38.94,81.8,63.55,110.1,42.6,LEG1,否,否,57.4,0.68,62.28
688800,日线,2026-06-17,93.4,55,B,19.2,138.6,65.6,621.9,61.1,LEG1,否,否,30.0,1.38,64.29
688807,日线,2026-06-17,422.17,55,B,185.0,518.88,381.18,180.5,41.2,READY,否,否,52.9,0.92,373.56
688215,日线,2026-06-17,42.71,55,B,14.67,80.5,40.6,448.7,60.6,READY,否,否,15.3,1.3,39.79
688226,日线,2026-06-17,47.55,55,B,9.19,67.67,29.98,636.3,64.4,LEG1,否,否,50.0,0.67,29.38
000008,日线,2026-06-17,2.5,55,B,1.81,2.66,2.54,47.0,14.1,LEG1,否,否,43.3,0.85,2.49
000017,日线,2026-06-17,5.16,55,B,4.96,6.56,6.15,32.3,25.6,LEG1,否,否,40.8,0.99,6.03
000026,日线,2026-06-17,21.32,55,B,7.8,27.79,13.03,256.3,73.8,LEG1,否,否,48.1,0.68,12.77
000027,日线,2026-06-17,7.37,55,B,5.34,8.45,6.92,58.2,49.2,READY,否,否,49.1,0.67,6.78
603299,日线,2026-06-17,9.97,55,B,6.86,10.57,10.61,54.1,-1.1,LEG1,否,否,41.8,0.66,10.4
603306,日线,2026-06-17,107.96,55,B,14.47,120.2,45.5,730.7,70.7,LEG1,否,否,59.0,0.74,44.59
600589,日线,2026-06-17,10.24,55,B,2.07,14.58,10.71,604.3,30.9,LEG1,否,否,47.6,0.87,10.5
603353,日线,2026-06-17,41.1,55,B,10.52,58.69,31.89,457.9,55.6,LEG1,否,否,41.7,0.78,31.25
002219,日线,2026-06-17,1.91,55,B,1.66,2.19,2.26,31.9,-13.2,LEG1,否,否,14.1,1.53,2.21
002227,日线,2026-06-17,7.06,55,B,6.13,8.82,8.03,43.9,29.4,LEG1,否,否,29.3,1.4,7.87
300258,日线,2026-06-17,12.56,55,B,6.71,15.52,10.88,131.3,52.7,LEG1,否,否,49.1,0.54,10.66
002594,日线,2026-06-17,87.47,55,B,85.88,99.5,98.7,15.9,5.9,LEG1,否,否,26.3,1.33,96.73
002598,日线,2026-06-17,7.05,55,B,5.89,8.45,7.94,43.5,19.9,LEG1,否,否,43.4,0.6,7.78
002189,日线,2026-06-17,20.8,55,B,10.9,23.9,18.33,119.3,42.8,LEG1,否,否,49.6,0.97,17.96
603916,日线,2026-06-17,13.29,55,B,6.1,16.82,12.52,175.7,40.1,READY,否,否,41.8,0.87,12.27
603920,日线,2026-06-17,60.21,55,B,11.25,70.58,20.92,527.4,83.7,LEG1,否,否,54.8,0.92,20.5
603928,日线,2026-06-17,15.24,55,B,6.93,17.12,15.31,147.0,17.8,LEG1,否,否,48.1,0.92,15.0
603933,日线,2026-06-17,23.65,55,B,7.58,27.42,23.23,261.7,21.1,LEG1,否,否,54.0,0.62,22.77
002195,日线,2026-06-17,7.18,55,B,2.12,9.21,9.37,334.4,-2.3,LEG1,否,否,42.1,0.82,9.18
300619,日线,2026-06-17,39.66,55,B,16.65,50.38,40.41,202.6,29.6,LEG1,否,否,47.9,0.8,39.6
600803,日线,2026-06-17,16.59,55,B,16.63,20.15,19.56,21.2,16.8,LEG1,否,否,14.1,1.66,19.17
000036,日线,2026-06-17,5.14,55,B,2.63,6.43,4.61,144.5,47.9,LEG1,否,否,48.0,1.0,4.52
688173,日线,2026-06-17,16.93,55,B,7.81,19.89,14.57,154.7,44.0,READY,否,否,60.7,0.76,14.28
688179,日线,2026-06-17,21.24,55,B,8.61,23.15,15.28,168.9,54.1,LEG1,否,否,55.6,0.82,14.97
000049,日线,2026-06-17,24.38,55,B,17.21,31.5,25.84,83.0,39.6,READY,否,否,51.0,0.71,25.32
300046,日线,2026-06-17,31.0,55,B,8.54,37.6,27.07,340.3,36.2,READY,否,否,55.4,0.81,26.53
300048,日线,2026-06-17,5.13,55,B,3.63,6.76,6.41,86.2,11.2,LEG1,否,否,20.6,1.36,6.28
600268,日线,2026-06-17,12.53,55,B,4.85,17.22,13.31,255.1,31.6,READY,否,否,41.8,0.68,13.04
600382,日线,2026-06-17,8.17,55,B,3.24,9.68,8.04,198.8,25.5,LEG1,否,否,43.0,0.77,7.88
301295,日线,2026-06-17,46.53,55,B,16.58,55.88,28.68,237.0,69.2,LEG1,否,否,49.0,0.63,28.11
301299,日线,2026-06-17,50.42,55,B,28.25,62.5,57.8,121.2,13.7,LEG1,否,否,45.1,0.78,56.64
600039,日线,2026-06-17,8.35,55,B,5.19,8.88,7.75,71.1,30.6,LEG1,否,否,49.1,0.55,7.59
600050,日线,2026-06-17,4.35,55,B,3.9,5.11,4.44,31.0,55.4,LEG1,否,否,42.3,0.84,4.35
600054,日线,2026-06-17,10.94,55,B,9.28,11.22,10.62,20.9,30.9,BREAKOUT,否,否,47.1,0.9,10.41
600791,日线,2026-06-17,10.35,55,B,2.72,16.96,4.61,523.5,86.7,LEG1,否,否,28.4,2.49,4.52
601866,日线,2026-06-17,2.41,55,B,2.04,2.76,2.62,35.3,19.4,LEG1,否,否,40.8,0.84,2.57
600320,日线,2026-06-17,4.52,55,B,2.81,5.53,4.34,96.8,43.8,LEG1,否,否,45.2,0.78,4.25
300622,日线,2026-06-17,15.74,55,B,11.29,28.77,22.53,154.8,35.7,LEG1,否,否,28.7,1.33,22.08
300627,日线,2026-06-17,29.7,55,B,21.45,31.66,27.72,47.6,38.6,LEG1,否,否,45.3,0.79,27.17
300644,日线,2026-06-17,25.71,55,B,8.98,29.92,23.6,233.2,30.2,READY,否,否,52.1,0.74,23.13
300653,日线,2026-06-17,14.09,55,B,17.65,20.13,19.19,14.1,37.9,LEG1,否,否,17.1,1.3,18.81
601717,日线,2026-06-17,17.85,55,B,10.62,20.11,17.21,89.4,30.6,READY,否,否,46.3,0.92,16.87
688129,日线,2026-06-17,25.54,55,B,9.38,33.0,24.3,251.8,36.8,READY,否,否,40.3,0.92,23.81
000059,日线,2026-06-17,4.13,55,B,3.58,4.96,4.39,38.5,41.3,LEG1,否,否,29.5,1.64,4.3
603390,日线,2026-06-17,12.08,55,B,5.15,15.68,12.52,204.5,30.0,LEG1,否,否,48.3,0.65,12.27
600262,日线,2026-06-17,21.82,55,B,11.83,25.13,22.71,112.4,18.2,LEG1,否,否,46.0,0.64,22.26
600203,日线,2026-06-17,12.63,55,B,3.57,13.99,13.62,291.9,3.6,LEG1,否,否,57.5,0.95,13.35
603262,日线,2026-06-17,27.01,55,B,23.8,28.93,26.3,21.6,51.3,READY,否,否,49.2,0.69,25.77
600211,日线,2026-06-17,36.45,55,B,31.23,44.5,37.48,42.5,52.9,READY,否,否,40.4,0.59,36.73
002158,日线,2026-06-17,31.23,55,B,15.31,36.67,26.66,139.5,46.9,READY,否,否,64.0,0.82,26.13
002159,日线,2026-06-17,13.06,55,B,10.82,16.78,15.23,55.1,26.0,LEG1,否,否,22.7,1.31,14.93
300241,日线,2026-06-17,7.03,55,B,2.59,8.6,6.3,232.0,38.3,LEG1,否,否,47.9,0.77,6.17
002605,日线,2026-06-17,18.39,55,B,16.5,19.65,18.38,19.1,40.3,LEG1,否,否,40.4,0.92,18.01
002607,日线,2026-06-17,1.97,55,B,1.34,2.64,2.32,97.0,24.6,LEG1,否,否,13.0,1.38,2.27
002625,日线,2026-06-17,37.91,55,B,10.14,43.39,37.12,327.9,18.9,LEG1,否,否,49.2,0.63,36.38
300255,日线,2026-06-17,24.92,55,B,7.56,42.35,35.13,460.2,20.8,LEG1,否,否,14.5,3.29,34.43
002152,日线,2026-06-17,10.1,55,B,8.38,12.28,11.14,46.5,29.2,LEG1,否,否,45.5,0.8,10.92
000404,日线,2026-06-17,7.95,55,B,4.31,10.01,6.43,132.3,62.8,LEG1,否,否,40.9,0.59,6.3
000408,日线,2026-06-17,77.18,55,B,21.4,84.59,31.0,295.3,84.8,LEG1,否,否,47.5,0.82,30.38
000417,日线,2026-06-17,7.77,55,B,3.82,10.79,6.36,182.5,63.6,LEG1,否,否,55.6,0.71,6.23
000420,日线,2026-06-17,4.31,55,B,2.18,5.87,4.45,169.3,38.5,LEG1,否,否,44.2,0.67,4.36
301261,日线,2026-06-17,88.15,55,B,29.71,104.56,77.58,251.9,36.0,READY,否,否,51.0,0.62,76.03
301269,日线,2026-06-17,105.01,55,B,69.52,137.56,93.5,97.9,64.8,READY,否,否,56.0,0.72,91.63
301270,日线,2026-06-17,29.23,55,B,20.06,31.75,27.4,58.3,37.2,LEG1,否,否,42.0,0.79,26.85
600400,日线,2026-06-17,2.67,55,B,1.93,3.3,2.17,71.0,82.5,LEG1,否,否,42.6,0.7,2.13
603958,日线,2026-06-17,20.45,55,B,7.5,26.8,18.3,257.3,44.0,LEG1,否,否,50.8,0.8,17.93
603969,日线,2026-06-17,7.37,55,B,3.72,8.48,7.62,128.0,18.1,LEG1,否,否,27.9,1.41,7.47
300674,日线,2026-06-17,16.15,55,B,9.68,17.28,15.45,78.5,24.1,LEG1,否,否,42.8,0.97,15.14
300678,日线,2026-06-17,23.54,55,B,19.8,30.19,27.46,52.5,26.3,LEG1,否,否,43.0,0.86,26.91
300681,日线,2026-06-17,32.26,55,B,9.69,35.57,23.7,267.1,45.9,LEG1,否,否,53.5,0.7,23.23
002126,日线,2026-06-17,53.44,55,B,13.78,62.0,40.06,349.9,45.5,LEG1,否,否,66.0,0.9,39.26
300364,日线,2026-06-17,23.4,55,B,15.45,28.66,29.02,85.5,-2.7,LEG1,否,否,43.7,0.61,28.44
002632,日线,2026-06-17,9.97,55,B,4.8,12.04,11.08,150.8,13.3,LEG1,否,否,44.1,0.6,10.86
603656,日线,2026-06-17,18.2,55,B,8.74,20.75,16.3,137.4,37.1,LEG1,否,否,43.6,0.73,15.97
002640,日线,2026-06-17,3.43,55,B,1.21,3.98,3.48,228.9,18.1,LEG1,否,否,37.4,1.37,3.41
600201,日线,2026-06-17,11.9,55,B,5.62,15.61,11.06,177.8,45.5,READY,否,否,41.3,0.82,10.84
603167,日线,2026-06-17,9.06,55,B,6.8,9.26,8.7,36.2,22.8,LEG1,否,否,45.8,0.68,8.53
000504,日线,2026-06-17,7.88,55,B,5.26,9.86,8.89,87.5,21.1,LEG1,否,否,21.3,1.35,8.71
000157,日线,2026-06-17,7.63,55,B,5.72,7.86,7.05,37.4,37.9,LEG1,否,否,60.1,0.75,6.91
002888,日线,2026-06-17,20.35,55,B,9.87,20.67,17.7,109.4,27.5,LEG1,否,否,58.0,0.9,17.35
002890,日线,2026-06-17,14.94,55,B,7.01,17.82,13.76,154.2,37.6,LEG1,否,否,42.8,0.64,13.48
002891,日线,2026-06-17,28.2,55,B,17.92,31.5,35.08,75.8,-26.4,LEG1,否,否,40.3,0.58,34.38
300052,日线,2026-06-17,12.37,55,B,7.8,13.27,11.59,70.1,30.7,LEG1,否,否,51.0,0.71,11.36
002108,日线,2026-06-17,4.73,55,B,2.87,6.44,4.48,124.4,54.9,READY,否,否,40.5,0.88,4.39
603977,日线,2026-06-17,13.26,55,B,7.46,15.99,14.04,114.3,22.9,LEG1,否,否,42.9,0.65,13.76
603978,日线,2026-06-17,27.04,55,B,7.7,34.68,21.37,350.4,49.3,LEG1,否,否,51.5,0.84,20.94
002115,日线,2026-06-17,11.79,55,B,3.89,15.98,13.32,310.8,22.0,LEG1,否,否,43.0,0.71,13.05
002082,日线,2026-06-17,13.68,55,B,3.7,16.19,13.9,337.6,18.3,LEG1,否,否,48.2,0.14,13.62
301008,日线,2026-06-17,25.19,55,B,14.0,34.42,29.98,145.9,21.7,LEG1,否,否,44.6,0.68,29.38
600130,日线,2026-06-17,4.89,55,B,2.4,6.86,3.99,185.8,64.3,LEG1,否,否,53.4,0.84,3.91
300690,日线,2026-06-17,24.42,55,B,9.94,30.18,27.92,203.6,11.2,LEG1,否,否,44.7,0.83,27.36
000517,日线,2026-06-17,1.89,55,B,1.67,2.51,1.85,50.3,78.6,LEG1,否,否,42.8,0.92,1.81
000524,日线,2026-06-17,9.04,55,B,5.89,9.55,9.03,62.1,14.2,LEG1,否,否,43.4,0.8,8.85
000429,日线,2026-06-17,13.38,55,B,8.56,14.24,10.54,66.4,65.1,LEG1,否,否,46.1,0.67,10.33
688108,日线,2026-06-17,19.95,55,B,7.27,22.87,17.94,214.6,31.6,LEG1,否,否,49.0,0.53,17.58
688109,日线,2026-06-17,80.5,55,B,13.51,92.59,76.66,585.3,20.1,LEG1,否,否,44.3,0.51,75.13
688113,日线,2026-06-17,38.9,55,B,22.08,47.47,34.8,115.0,49.9,LEG1,否,否,45.0,0.72,34.1
688121,日线,2026-04-30,6.48,55,B,8.96,11.22,11.34,25.2,-5.3,LEG1,否,否,6.3,7.83,11.11
300693,日线,2026-06-17,48.2,55,B,17.96,71.2,42.0,296.4,54.8,LEG1,否,否,48.9,0.81,41.16
300702,日线,2026-06-17,19.39,55,B,13.16,20.48,17.98,55.6,34.2,LEG1,否,否,50.7,0.86,17.62
603185,日线,2026-06-17,17.6,55,B,11.97,24.5,20.63,104.7,30.9,LEG1,否,否,41.7,0.95,20.22
603190,日线,2026-06-17,25.58,55,B,17.32,29.5,23.03,70.3,53.1,LEG1,否,否,41.1,0.56,22.57
603192,日线,2026-06-17,18.23,55,B,10.21,24.29,22.38,137.9,13.6,LEG1,否,否,24.5,1.44,21.93
002650,日线,2026-06-17,7.06,55,B,1.58,7.81,6.23,394.3,25.4,LEG1,否,否,29.4,1.45,6.11
603316,日线,2026-06-17,20.73,55,B,3.12,27.98,18.89,796.8,36.6,READY,否,否,56.0,0.73,18.51
000544,日线,2026-06-17,7.82,55,B,5.6,8.17,8.22,45.9,-1.9,LEG1,否,否,44.9,0.59,8.06
000546,日线,2026-06-17,5.34,55,B,3.67,8.27,5.29,125.3,64.8,LEG1,否,否,43.8,0.75,5.18
600230,日线,2026-06-17,14.68,55,B,8.22,20.05,13.8,143.9,52.8,READY,否,否,44.0,0.86,13.52
000557,日线,2026-06-17,3.7,55,B,3.46,4.32,4.51,24.9,-22.1,LEG1,否,否,14.5,1.69,4.42
000563,日线,2026-06-17,2.92,55,B,2.63,3.41,2.92,29.7,62.8,READY,否,否,44.1,0.94,2.86
603699,日线,2026-06-17,55.99,55,B,11.25,66.38,21.81,490.0,80.8,LEG1,否,否,49.7,0.75,21.37
301220,日线,2026-06-17,36.65,55,B,22.47,43.59,35.74,94.0,37.2,LEG1,否,否,50.6,0.68,35.03
301222,日线,2026-06-17,32.85,55,B,15.26,37.27,30.08,144.2,32.7,LEG1,否,否,42.5,0.83,29.48
603090,日线,2026-06-17,62.4,55,B,12.16,79.08,55.3,550.3,35.5,READY,否,否,54.4,0.61,54.19
301226,日线,2026-06-17,34.75,55,B,10.0,41.5,34.14,315.0,23.4,LEG1,否,否,44.8,0.53,33.46
301230,日线,2026-06-17,33.53,55,B,18.41,45.78,31.62,148.7,51.7,READY,否,否,41.3,0.58,30.99
002074,日线,2026-06-17,30.12,55,B,16.1,41.49,37.51,157.7,15.7,LEG1,否,否,43.6,0.94,36.76
601567,日线,2026-06-17,15.38,55,B,19.78,26.41,24.86,33.5,23.4,LEG1,否,否,45.7,0.85,24.36
603095,日线,2026-06-17,16.98,55,B,10.02,27.77,16.31,177.1,64.6,LEG1,否,否,22.6,1.36,15.98
601609,日线,2026-06-17,12.17,55,B,4.57,13.86,9.01,203.3,52.2,LEG1,否,否,45.9,0.9,8.83
002041,日线,2026-06-17,8.47,55,B,7.55,10.53,9.49,39.5,34.9,LEG1,否,否,43.5,0.7,9.3
002043,日线,2026-06-17,12.24,55,B,8.71,13.77,13.43,58.1,6.7,LEG1,否,否,44.3,0.98,13.16
002049,日线,2026-06-17,80.0,55,B,43.81,89.53,69.61,104.4,43.6,READY,否,否,63.7,0.96,68.22
002052,日线,2026-06-17,8.93,55,B,0.8,12.23,11.92,1428.8,2.7,LEG1,否,否,35.2,1.4,11.68
002055,日线,2026-06-17,6.5,55,B,4.27,8.31,5.22,94.6,76.5,LEG1,否,否,53.1,0.8,5.12
000582,日线,2026-06-17,12.0,55,B,6.72,15.46,10.16,130.1,60.6,LEG1,否,否,46.6,0.66,9.96
600846,日线,2026-06-17,9.79,55,B,6.15,12.49,10.85,103.1,25.9,LEG1,否,否,25.4,1.43,10.63
603099,日线,2026-06-17,36.83,55,B,19.06,40.18,37.02,110.8,15.0,LEG1,否,否,43.3,0.49,36.28
688501,日线,2026-06-17,21.95,55,B,9.9,24.38,20.4,146.3,27.5,LEG1,否,否,43.3,0.87,19.99
002865,日线,2026-06-17,66.83,55,B,34.0,110.63,68.48,225.4,55.0,LEG1,否,否,34.5,1.38,67.11
002839,日线,2026-06-17,4.22,55,B,3.56,4.38,4.14,23.0,29.3,LEG1,否,否,40.6,0.76,4.06
688350,日线,2026-06-17,34.59,55,B,9.23,41.08,31.12,345.1,31.3,READY,否,否,54.0,0.81,30.5
603400,日线,2026-06-17,61.01,55,B,50.3,90.0,63.12,78.9,67.7,LEG1,否,否,35.0,1.43,61.86
601369,日线,2026-06-17,9.18,55,B,6.19,10.07,8.53,62.7,39.7,READY,否,否,57.2,0.65,8.36
300222,日线,2026-06-17,14.12,55,B,3.92,17.66,10.2,350.5,54.3,LEG1,否,否,53.5,0.66,10.0
300228,日线,2026-06-17,7.88,55,B,5.17,10.39,8.18,101.0,42.3,READY,否,否,42.5,0.81,8.02
603599,日线,2026-06-17,10.78,55,B,9.56,15.35,13.31,60.6,35.2,LEG1,否,否,41.5,0.68,13.04
603601,日线,2026-06-17,15.77,55,B,2.37,23.53,9.01,892.8,68.6,LEG1,否,否,51.6,0.79,8.83
002678,日线,2026-06-17,4.88,55,B,3.32,6.44,5.23,94.0,38.8,LEG1,否,否,18.5,1.44,5.13
000612,日线,2026-06-17,10.97,55,B,3.91,13.79,10.18,252.7,36.5,READY,否,否,42.3,0.8,9.98
301172,日线,2026-06-17,31.8,55,B,18.66,41.8,23.41,124.0,79.5,LEG1,否,否,53.3,0.86,22.94
301178,日线,2026-06-17,43.87,55,B,14.2,58.8,46.99,314.1,26.5,LEG1,否,否,28.1,2.29,46.05
000567,日线,2026-06-17,5.8,55,B,4.46,6.38,5.44,43.0,49.0,READY,否,否,47.1,0.72,5.33
301608,日线,2026-06-17,53.89,55,B,45.76,106.4,76.21,132.5,49.8,LEG1,否,否,44.6,0.79,74.69
688103,日线,2026-06-17,64.03,55,B,25.33,70.5,56.0,178.3,32.1,READY,否,否,59.1,0.71,54.88
002036,日线,2026-06-17,8.7,55,B,5.41,10.93,7.61,102.0,60.1,LEG1,否,否,51.1,0.58,7.46
605069,日线,2026-06-17,10.78,55,B,4.57,16.98,10.1,271.6,55.4,READY,否,否,39.3,1.33,9.9
605116,日线,2026-06-17,19.41,55,B,17.33,22.5,26.05,29.8,-68.7,LEG1,否,否,46.5,0.77,25.53
601528,日线,2026-06-17,4.74,55,B,4.33,4.93,4.67,13.9,43.3,READY,否,否,43.8,0.7,4.58
300751,日线,2026-06-17,225.0,55,B,64.6,303.0,214.5,369.0,37.1,LEG1,否,否,49.9,0.97,210.21
300755,日线,2026-06-17,15.03,55,B,10.98,17.51,13.06,59.5,68.1,LEG1,否,否,43.9,0.47,12.8
300770,日线,2026-06-17,34.12,55,B,28.95,39.84,38.14,37.6,15.6,LEG1,否,否,44.8,0.7,37.38
300774,日线,2026-06-17,13.11,55,B,5.95,15.92,11.84,167.6,40.9,READY,否,否,44.4,0.74,11.6
300091,日线,2026-06-17,2.65,55,B,1.08,3.08,2.25,185.2,41.5,LEG1,否,否,20.3,1.41,2.21
301121,日线,2026-06-17,37.36,55,B,19.83,39.33,33.28,98.3,31.0,LEG1,否,否,50.1,0.86,32.61
301628,日线,2026-06-17,121.24,55,B,65.2,147.45,96.5,126.2,61.9,LEG1,否,否,58.5,0.8,94.57
600861,日线,2026-06-17,13.03,55,B,12.92,14.67,15.78,13.5,-63.4,BREAKOUT,否,否,20.6,1.32,15.46
301638,日线,2026-06-17,25.32,55,B,18.6,33.54,26.37,80.3,48.0,LEG1,否,否,47.2,0.83,25.84
301162,日线,2026-06-17,41.72,55,B,28.8,70.8,47.77,145.8,54.8,READY,否,否,42.3,0.52,46.81
002024,日线,2026-06-17,1.22,55,B,1.12,1.32,1.2,17.9,60.0,READY,否,否,42.8,0.69,1.18
601311,日线,2026-06-17,8.25,55,B,6.06,11.28,8.9,86.1,45.6,LEG1,否,否,42.5,0.81,8.72
601326,日线,2026-06-17,3.39,55,B,2.63,3.56,3.24,35.4,34.4,READY,否,否,49.6,0.64,3.18
600661,日线,2026-06-17,7.55,55,B,5.99,10.37,8.96,73.1,32.2,LEG1,否,否,19.9,1.4,8.78
001395,日线,2026-06-17,25.5,55,B,33.77,40.6,37.25,20.2,49.0,LEG1,否,否,14.8,2.51,36.51
002001,日线,2026-06-17,28.5,55,B,15.38,32.79,19.52,113.2,76.2,LEG1,否,否,36.8,1.38,19.13
600600,日线,2026-06-17,56.1,55,B,53.2,61.03,59.02,14.7,25.7,LEG1,否,否,19.6,1.31,57.84
600602,日线,2026-06-17,17.77,55,B,7.56,24.24,17.84,220.6,38.4,LEG1,否,否,43.0,0.68,17.48
300199,日线,2026-06-17,22.13,55,B,8.83,26.56,20.34,200.8,35.1,READY,否,否,48.6,0.73,19.93
688369,日线,2026-06-17,21.8,55,B,12.09,26.3,20.31,117.5,42.2,READY,否,否,46.5,0.75,19.9
300206,日线,2026-06-17,13.56,55,B,7.13,15.3,12.16,114.6,38.4,READY,否,否,54.6,0.81,11.92
300218,日线,2026-06-17,13.04,55,B,8.25,15.64,14.14,89.6,20.3,LEG1,否,否,44.2,0.99,13.86
301118,日线,2026-06-17,29.78,55,B,11.06,38.96,27.6,252.3,40.7,READY,否,否,51.0,0.67,27.05
300072,日线,2026-06-17,3.48,55,B,1.73,4.8,4.55,177.5,8.1,LEG1,否,否,13.1,1.32,4.46
300077,日线,2026-06-17,23.15,55,B,6.45,29.15,21.33,351.9,34.4,LEG1,否,否,50.5,0.63,20.9
300084,日线,2026-06-17,11.78,55,B,4.16,13.11,7.81,215.1,59.2,LEG1,否,否,46.3,0.92,7.65
300808,日线,2026-06-17,23.7,55,B,9.06,26.09,22.48,188.0,21.2,LEG1,否,否,47.3,0.78,22.03
300811,日线,2026-06-17,97.65,55,B,36.2,101.99,78.6,181.7,35.6,LEG1,否,否,58.0,0.94,77.03
002458,日线,2026-06-17,8.15,55,B,7.48,12.11,8.86,61.9,70.2,LEG1,否,否,45.1,0.59,8.68
605123,日线,2026-06-17,103.21,55,B,43.2,125.0,89.39,189.4,43.5,LEG1,否,否,57.3,1.0,87.6
002478,日线,2026-06-17,7.04,55,B,4.33,11.69,10.0,170.0,23.0,LEG1,否,否,41.3,0.61,9.8
605178,日线,2026-06-17,63.2,55,B,10.0,71.35,63.68,613.5,12.5,LEG1,否,否,44.8,0.71,62.41
601198,日线,2026-06-17,13.07,55,B,7.14,13.88,9.95,94.4,58.3,LEG1,否,否,57.9,0.53,9.75
601199,日线,2026-06-17,5.84,55,B,3.89,6.42,5.35,65.0,42.3,READY,否,否,64.1,0.72,5.24
601212,日线,2026-06-17,5.91,55,B,2.18,6.93,5.42,217.9,31.8,READY,否,否,42.8,0.94,5.31
601216,日线,2026-06-17,5.07,55,B,3.26,5.75,5.38,76.4,14.9,LEG1,否,否,41.6,0.88,5.27
300109,日线,2026-06-17,17.43,55,B,9.76,18.58,17.0,90.4,17.9,LEG1,否,否,51.7,0.67,16.66
600078,日线,2026-06-17,13.41,55,B,4.46,14.8,11.6,231.8,30.9,LEG1,否,否,52.2,0.84,11.37
600079,日线,2026-06-17,16.7,55,B,15.68,19.35,17.3,23.4,55.9,READY,否,否,25.9,1.3,16.95
000682,日线,2026-06-17,12.9,55,B,6.2,15.15,11.58,144.4,39.9,LEG1,否,否,53.1,0.96,11.35
000690,日线,2026-06-17,5.44,55,B,3.77,6.4,5.13,69.8,48.3,LEG1,否,否,50.4,0.59,5.03
000697,日线,2026-06-17,11.84,55,B,4.63,13.28,9.93,186.8,38.7,READY,否,否,61.8,0.82,9.73
000698,日线,2026-06-17,3.12,55,B,2.51,3.91,3.39,55.8,37.1,READY,否,否,14.6,1.69,3.32
301107,日线,2026-06-17,24.91,55,B,15.47,31.35,21.96,102.7,59.1,READY,否,否,48.5,0.93,21.52
600874,日线,2026-06-17,5.76,55,B,4.6,5.94,5.53,29.1,30.6,READY,否,否,44.1,0.72,5.42
300378,日线,2026-06-17,37.35,55,B,12.71,40.11,36.3,215.6,13.9,LEG1,否,否,50.0,0.73,35.57
600882,日线,2026-06-17,18.34,55,B,11.0,20.56,17.41,86.9,32.9,READY,否,否,43.0,0.4,17.06
002708,日线,2026-06-17,14.13,55,B,5.32,15.86,10.15,198.1,54.2,LEG1,否,否,49.0,0.92,9.95
002716,日线,2026-06-17,9.24,55,B,2.05,13.3,8.36,548.8,43.9,READY,否,否,48.1,0.78,8.19
000682,日线,2026-06-17,12.9,55,B,6.2,15.15,11.58,144.4,39.9,LEG1,否,否,53.1,0.96,11.35
603209,日线,2026-06-17,13.18,55,B,10.53,15.24,13.89,44.7,28.7,LEG1,否,否,44.4,0.76,13.61
688070,日线,2026-06-17,39.78,55,B,18.52,50.18,43.71,171.0,20.4,LEG1,否,否,43.3,0.65,42.84
688080,日线,2026-06-17,41.77,55,B,21.44,44.5,39.55,107.6,21.5,LEG1,否,否,47.1,0.73,38.76
603755,日线,2026-06-17,25.24,55,B,14.17,28.7,23.95,102.5,32.7,READY,否,否,40.0,0.69,23.47
600066,日线,2026-06-17,27.14,55,B,14.58,34.5,23.61,136.6,54.7,LEG1,否,否,24.5,1.61,23.14
002811,日线,2026-06-17,11.77,55,B,4.46,13.67,12.56,206.5,12.1,LEG1,否,否,42.0,0.85,12.31
002822,日线,2026-06-17,2.52,55,B,0.93,3.18,2.91,241.9,12.0,LEG1,否,否,6.6,1.41,2.85
002823,日线,2026-06-17,17.15,55,B,6.79,21.35,15.13,214.4,42.7,LEG1,否,否,42.8,0.67,14.83
002830,日线,2026-06-17,14.71,55,B,7.22,24.0,14.2,232.4,58.4,READY,否,否,31.0,1.67,13.92
603757,日线,2026-06-17,53.09,55,B,16.38,61.86,46.87,277.7,33.0,LEG1,否,否,50.1,0.71,45.93
300107,日线,2026-06-17,6.16,55,B,2.99,7.83,6.77,161.9,21.9,LEG1,否,否,44.5,0.8,6.63
001300,日线,2026-06-17,13.07,55,B,8.94,17.05,15.19,90.7,22.9,LEG1,否,否,13.2,1.66,14.89
605228,日线,2026-06-17,13.1,55,B,6.18,15.41,11.9,149.4,38.0,READY,否,否,45.5,0.72,11.66
300854,日线,2026-06-17,26.2,55,B,7.63,34.4,27.18,350.9,27.0,LEG1,否,否,25.8,1.89,26.64
601121,日线,2026-06-17,6.33,55,B,4.96,8.02,7.56,61.7,15.0,LEG1,否,否,42.4,0.72,7.41
300863,日线,2026-06-17,68.85,55,B,28.91,85.8,58.68,196.8,47.7,READY,否,否,48.4,0.71,57.51
601113,日线,2026-06-17,3.75,55,B,2.72,4.75,4.18,74.6,28.1,LEG1,否,否,19.7,1.36,4.1
001229,日线,2026-06-17,27.43,55,B,19.42,38.71,34.77,99.3,20.4,LEG1,否,否,28.2,1.4,34.07
001230,日线,2026-06-17,18.83,55,B,13.22,26.81,21.7,102.8,37.6,LEG1,否,否,20.8,1.72,21.27
001286,日线,2026-06-17,11.89,55,B,7.35,13.79,9.27,87.6,70.2,LEG1,否,否,42.4,0.46,9.08
001287,日线,2026-06-17,27.4,55,B,14.47,28.76,22.22,98.8,45.8,LEG1,否,否,57.2,0.8,21.78
001298,日线,2026-06-17,20.6,55,B,14.5,25.28,20.83,74.3,41.3,LEG1,否,否,43.8,0.77,20.41
605287,日线,2026-06-17,42.18,55,B,9.98,45.1,46.5,351.9,-4.0,LEG1,否,否,47.0,0.68,45.57
600535,日线,2026-06-17,14.1,55,B,12.24,14.5,13.73,18.5,34.1,BREAKOUT,否,否,43.5,0.66,13.46
600536,日线,2026-06-17,29.11,55,B,23.1,39.39,36.0,70.5,20.8,LEG1,否,否,19.2,1.31,35.28
600538,日线,2026-06-17,5.78,55,B,2.9,7.44,5.73,156.6,37.7,READY,否,否,29.3,1.95,5.62
600539,日线,2026-06-17,16.04,55,B,3.37,17.2,13.38,410.4,27.6,LEG1,否,否,55.2,0.76,13.11
600104,日线,2026-06-17,10.56,55,B,11.49,14.84,13.73,29.2,33.1,LEG1,否,否,9.4,1.38,13.46
301070,日线,2026-06-17,82.45,55,B,18.09,105.0,49.0,480.4,64.4,LEG1,否,否,38.2,1.52,48.02
000736,日线,2026-06-17,4.39,55,B,3.72,5.56,4.73,49.5,45.1,LEG1,否,否,38.5,1.93,4.64
688048,日线,2026-06-17,371.5,55,B,23.37,412.0,72.22,1662.9,87.4,LEG1,否,否,53.0,0.97,70.78
688057,日线,2026-06-17,13.53,55,B,8.9,15.86,11.47,78.2,63.1,LEG1,否,否,45.5,0.4,11.24
301079,日线,2026-06-17,34.97,55,B,7.67,39.78,34.2,418.6,17.4,LEG1,否,否,44.6,0.6,33.52
301085,日线,2026-06-17,63.85,55,B,31.31,89.09,54.3,184.5,60.2,LEG1,否,否,43.4,0.76,53.21
000712,日线,2026-06-17,9.35,55,B,7.3,11.7,9.99,60.3,38.9,LEG1,否,否,48.9,0.95,9.79
688069,日线,2026-06-17,40.65,55,B,12.36,63.35,48.01,412.5,30.1,READY,否,否,26.1,1.72,47.05
600893,日线,2026-06-17,39.82,55,B,28.29,53.0,46.32,87.3,27.0,LEG1,否,否,43.8,0.88,45.39
600905,日线,2026-06-17,4.13,55,B,4.01,4.43,4.23,10.5,47.6,LEG1,否,否,42.7,0.59,4.15
600908,日线,2026-06-17,5.46,55,B,4.75,5.66,5.37,19.2,31.9,READY,否,否,43.5,0.87,5.26
603766,日线,2026-06-17,11.42,55,B,3.86,14.75,9.22,282.1,50.8,LEG1,否,否,23.1,1.97,9.04
603237,日线,2026-06-17,13.82,55,B,14.35,16.58,15.51,15.5,48.0,LEG1,否,否,24.3,1.6,15.2
603239,日线,2026-06-17,16.47,55,B,9.64,26.48,18.15,174.7,49.5,LEG1,否,否,18.1,1.39,17.79
603259,日线,2026-06-17,98.2,55,B,36.36,104.39,48.48,187.1,82.2,LEG1,否,否,46.8,0.63,47.51
300125,日线,2026-06-17,9.6,55,B,1.5,11.25,8.09,650.0,32.4,LEG1,否,否,50.2,0.93,7.93
603518,日线,2026-06-17,8.06,55,B,6.01,9.59,8.17,59.6,39.7,LEG1,否,否,33.6,1.96,8.01
300872,日线,2026-06-17,19.58,55,B,8.67,21.28,15.48,145.4,46.0,LEG1,否,否,57.9,0.67,15.17
600276,日线,2026-06-17,46.99,55,B,35.51,58.87,45.26,65.8,58.3,READY,否,否,40.4,0.67,44.35
603578,日线,2026-06-17,13.64,55,B,9.5,15.92,11.98,67.6,61.4,LEG1,否,否,45.7,0.71,11.74
300169,日线,2026-06-17,5.2,55,B,3.95,6.68,5.65,69.1,37.7,LEG1,否,否,35.6,1.55,5.54
300173,日线,2026-06-17,3.7,55,B,2.85,4.1,3.58,43.9,41.6,LEG1,否,否,44.9,0.94,3.51
300883,日线,2026-06-17,6.45,55,B,3.75,8.0,6.0,113.3,47.1,LEG1,否,否,42.5,0.91,5.88
002443,日线,2026-06-17,11.67,55,B,4.61,13.08,10.38,183.7,31.9,READY,否,否,56.9,0.95,10.17
301059,日线,2026-06-17,12.81,55,B,5.85,16.77,13.31,186.7,31.7,READY,否,否,27.7,2.5,13.04
301066,日线,2026-06-17,13.19,55,B,6.78,17.38,13.05,156.3,40.8,LEG1,否,否,27.6,1.8,12.79
001203,日线,2026-06-17,34.36,55,B,7.11,54.65,35.92,668.6,39.4,READY,否,否,31.0,1.56,35.2
001211,日线,2026-06-17,32.49,55,B,11.44,61.66,31.31,439.0,60.4,READY,否,否,28.2,1.53,30.68
001215,日线,2026-06-17,40.28,55,B,21.14,46.5,37.07,120.0,37.2,READY,否,否,44.9,0.72,36.33
601058,日线,2026-06-17,11.8,55,B,10.99,13.34,12.32,21.4,43.4,LEG1,否,否,34.0,1.54,12.07
601068,日线,2026-06-17,4.95,55,B,3.57,6.45,5.48,80.7,33.7,READY,否,否,32.7,2.13,5.37
300910,日线,2026-06-17,29.3,55,B,35.0,48.75,44.81,39.3,28.7,LEG1,否,否,27.8,2.3,43.91
300913,日线,2026-06-17,56.98,55,B,17.48,66.44,44.5,280.1,44.8,LEG1,否,否,52.0,0.64,43.61
000975,日线,2026-06-17,21.88,55,B,12.88,25.59,19.82,98.7,45.4,READY,否,否,48.6,0.88,19.42
000977,日线,2026-06-17,64.5,55,B,26.62,72.03,56.93,170.6,33.3,LEG1,否,否,58.3,0.97,55.79
600619,日线,2026-06-17,14.89,55,B,4.26,19.79,14.05,364.6,37.0,READY,否,否,40.7,0.72,13.77
603219,日线,2026-06-17,15.27,55,B,7.95,19.1,15.21,140.3,34.9,LEG1,否,否,38.8,1.3,14.91
002717,日线,2026-06-17,1.07,55,B,0.77,1.69,1.3,119.5,42.4,READY,否,否,40.7,0.73,1.27
600282,日线,2026-06-17,4.77,55,B,3.33,5.22,4.7,56.8,27.5,LEG1,否,否,40.8,0.86,4.61
002738,日线,2026-06-17,62.22,55,B,25.21,94.6,52.8,275.2,60.2,READY,否,否,53.3,0.88,51.74
002742,日线,2026-06-17,3.61,55,B,1.24,5.26,4.34,324.2,22.9,LEG1,否,否,30.8,1.85,4.25
002743,日线,2026-06-17,4.14,55,B,3.32,5.58,5.02,68.1,24.8,LEG1,否,否,18.5,1.5,4.92
301028,日线,2026-06-17,17.88,55,B,6.09,21.19,12.78,247.9,55.7,LEG1,否,否,54.7,0.7,12.52
600717,日线,2026-06-08,4.31,55,B,3.78,4.83,4.33,27.8,47.6,READY,否,否,31.4,1.31,4.24
600363,日线,2026-06-17,34.61,55,B,21.47,54.81,44.12,155.3,32.1,READY,否,否,42.9,0.81,43.24
688005,日线,2026-06-17,33.79,55,B,17.34,40.8,30.09,135.3,45.7,READY,否,否,62.7,0.79,29.49
688009,日线,2026-06-17,4.98,55,B,4.03,5.12,4.75,27.0,33.9,LEG1,否,否,54.1,0.86,4.66
301050,日线,2026-06-17,35.18,55,B,29.97,42.07,36.85,40.4,43.1,LEG1,否,否,43.6,0.75,36.11
002748,日线,2026-06-17,10.78,55,B,4.7,13.3,10.4,183.0,33.7,READY,否,否,40.2,0.6,10.19
600987,日线,2026-06-17,6.44,55,B,5.83,6.71,6.45,15.1,29.5,LEG1,否,否,40.5,0.6,6.32
600998,日线,2026-06-17,4.76,55,B,4.35,5.02,4.66,15.4,53.7,READY,否,否,42.0,0.76,4.57
601000,日线,2026-06-17,4.3,55,B,3.6,4.74,4.43,31.7,27.2,LEG1,否,否,46.8,0.59,4.34
300932,日线,2026-06-17,9.19,55,B,7.76,10.7,12.41,37.9,-58.2,LEG1,否,否,45.8,0.63,12.16
000957,日线,2026-06-17,10.12,55,B,5.5,12.78,9.63,132.4,43.3,READY,否,否,40.1,0.6,9.44
000966,日线,2026-06-17,4.83,55,B,3.61,5.81,4.6,60.9,55.0,LEG1,否,否,41.5,0.52,4.51
300940,日线,2026-06-17,16.64,55,B,11.15,21.99,19.25,97.2,25.3,LEG1,否,否,41.2,0.86,18.86
301020,日线,2026-06-17,25.65,55,B,11.09,34.99,19.2,215.5,66.1,LEG1,否,否,58.0,0.93,18.82
600926,日线,2026-06-17,16.0,55,B,10.19,16.44,13.56,61.3,46.1,LEG1,否,否,40.1,0.82,13.29
600379,日线,2026-06-17,12.29,55,B,6.1,20.8,12.76,241.0,54.7,READY,否,否,40.4,0.53,12.5
000830,日线,2026-06-17,12.97,55,B,8.69,17.35,11.83,99.7,63.7,READY,否,否,49.8,0.7,11.59
600928,日线,2026-06-17,3.51,55,B,2.89,3.64,3.52,26.0,16.0,LEG1,否,否,45.5,0.91,3.45
600955,日线,2026-06-17,15.6,55,B,12.13,20.14,18.61,66.0,19.1,LEG1,否,否,42.2,0.81,18.24
002756,日线,2026-06-17,61.92,55,B,28.7,89.88,54.82,213.2,57.3,READY,否,否,44.8,0.97,53.72
002758,日线,2026-06-17,8.04,55,B,6.81,8.71,7.61,27.9,57.9,READY,否,否,41.9,0.67,7.46
002762,日线,2026-06-17,8.82,55,B,4.24,9.89,8.05,133.3,32.6,READY,否,否,55.9,0.61,7.89
600719,日线,2026-06-17,8.74,55,B,4.72,9.66,8.12,104.7,31.2,LEG1,否,否,45.6,0.51,7.96
300152,日线,2026-06-17,1.77,55,B,1.35,2.02,1.65,49.6,55.2,LEG1,否,否,43.6,0.51,1.62
300153,日线,2026-06-17,25.29,55,B,4.1,34.98,23.69,753.2,36.6,LEG1,否,否,47.6,0.76,23.22
300154,日线,2026-06-17,9.23,55,B,3.99,12.28,9.03,207.8,39.2,READY,否,否,43.6,0.67,8.85
000889,日线,2026-06-17,3.65,55,B,1.2,5.89,3.33,390.8,54.6,LEG1,否,否,41.9,0.64,3.26
301005,日线,2026-06-17,97.47,55,B,20.79,205.0,94.7,886.1,59.9,READY,否,否,25.2,1.48,92.81
301007,日线,2026-06-17,34.22,55,B,8.25,45.99,15.1,457.5,81.8,LEG1,否,否,46.5,0.92,14.8
603089,日线,2026-06-17,9.28,55,B,6.22,11.59,12.37,86.3,-14.5,LEG1,否,否,19.6,1.38,12.12
300134,日线,2026-06-17,10.07,55,B,5.57,11.06,9.74,98.6,24.0,LEG1,否,否,46.6,0.78,9.55
300142,日线,2026-06-17,12.01,55,B,9.7,16.23,11.65,67.3,70.1,LEG1,否,否,48.7,0.83,11.42
002786,日线,2026-06-17,8.44,55,B,6.34,9.08,7.68,43.2,51.1,LEG1,否,否,52.2,0.82,7.53
002797,日线,2026-06-17,6.51,55,B,4.75,8.07,6.92,69.9,34.6,LEG1,否,否,41.9,0.54,6.78
300968,日线,2026-06-17,11.07,55,B,6.08,13.1,10.69,115.5,34.3,LEG1,否,否,51.2,0.87,10.48
688515,日线,2026-06-17,199.0,55,B,46.58,260.0,181.0,458.2,37.0,LEG1,否,否,50.3,0.73,177.38
000898,日线,2026-06-17,1.99,55,B,1.76,2.12,1.93,20.5,52.8,READY,否,否,41.2,0.74,1.89
000908,日线,2026-06-17,5.99,55,B,0.72,7.42,4.58,930.6,42.4,LEG1,否,否,9.6,1.39,4.49
000915,日线,2026-06-17,27.24,55,B,23.61,27.98,26.5,18.5,33.9,READY,否,否,45.4,0.75,25.97
000925,日线,2026-06-17,8.28,55,B,5.23,8.98,6.78,71.7,58.7,LEG1,否,否,48.6,0.77,6.64
600435,日线,2026-06-17,11.88,55,B,7.08,12.68,11.31,79.1,24.5,LEG1,否,否,41.7,0.84,11.08
300984,日线,2026-06-17,59.43,55,B,10.93,62.83,54.44,474.8,16.2,LEG1,否,否,49.4,0.99,53.35
000876,日线,2026-06-17,6.32,55,B,7.75,9.0,8.45,16.1,44.0,READY,否,否,7.1,1.31,8.28
600648,日线,2026-06-17,8.56,55,B,8.1,9.79,9.44,20.9,20.7,LEG1,否,否,20.2,1.39,9.25
300363,日线,2026-06-17,14.16,55,B,10.91,23.0,20.36,110.8,21.8,LEG1,否,否,43.8,0.67,19.95
000017,日线,2026-06-17,5.16,55,B,4.96,6.56,6.15,32.3,25.6,LEG1,否,否,40.8,0.99,6.03
603320,日线,2026-06-17,20.49,55,B,7.44,26.75,18.8,259.5,41.2,LEG1,否,否,42.0,0.99,18.42
002978,日线,2026-06-17,26.89,55,B,23.0,29.08,25.25,26.4,63.0,READY,否,否,45.1,0.84,24.75
688399,日线,2026-06-17,50.46,55,B,45.66,69.4,59.6,52.0,41.3,LEG1,否,否,44.5,0.72,58.41
688418,日线,2026-06-17,45.72,55,B,8.9,53.88,43.29,505.4,23.5,LEG1,否,否,52.0,0.66,42.42
688428,日线,2026-06-17,22.32,55,B,7.28,27.48,19.92,277.5,37.4,READY,否,否,46.3,0.58,19.52
600674,日线,2026-06-17,14.63,55,B,13.52,15.93,14.77,17.8,48.1,READY,否,否,31.5,1.54,14.47
399306,日线,2026-06-17,1892.39,55,B,1068.09,1973.76,1300.26,84.8,74.4,LEG1,否,否,58.5,0.88,1274.25
399699,日线,2026-06-17,3522.41,55,B,2160.43,4214.4,3716.16,95.1,24.3,LEG1,否,否,45.5,0.85,3641.84
399903,日线,2026-06-17,4780.38,55,B,2947.49,4911.45,3362.07,66.6,78.9,LEG1,否,否,58.2,0.86,3294.83
000690,日线,2026-06-17,5.44,55,B,3.77,6.4,5.13,69.8,48.3,LEG1,否,否,50.4,0.59,5.03
000698,日线,2026-06-17,3.12,55,B,2.51,3.91,3.39,55.8,37.1,READY,否,否,14.6,1.69,3.32
399375,日线,2026-06-17,6343.61,55,B,4235.46,6852.41,6064.18,61.8,30.1,READY,否,否,52.9,0.92,5942.9
301586,日线,2026-06-17,36.02,55,B,35.45,46.47,39.7,31.1,61.4,LEG1,否,否,42.5,0.66,38.91
600004,日线,2026-06-17,8.16,55,B,8.34,9.27,8.83,11.2,47.3,READY,否,否,47.6,0.65,8.65
600281,日线,2026-06-17,4.54,55,B,2.21,5.76,4.88,160.6,24.8,LEG1,否,否,29.9,1.94,4.78
300992,日线,2026-06-17,25.46,52,B,10.63,36.0,25.01,238.7,43.3,READY,否,否,31.6,1.11,24.51
300261,日线,2026-06-17,4.69,52,B,4.59,6.1,5.77,32.9,21.9,LEG1,否,否,30.4,1.05,5.65
002224,日线,2026-06-17,3.52,52,B,3.49,3.84,4.3,10.0,-131.4,LEG1,否,否,32.6,1.0,4.21
603358,日线,2026-06-17,35.82,52,B,16.95,40.18,30.91,137.1,39.9,LEG1,否,否,35.3,0.76,30.29
300020,日线,2026-06-17,3.36,52,B,1.62,3.77,3.18,132.7,27.4,LEG1,否,否,38.9,1.01,3.12
600062,日线,2026-06-17,16.65,52,B,15.94,18.08,17.72,13.4,16.8,LEG1,否,否,37.2,1.15,17.37
000061,日线,2026-06-17,5.84,52,B,4.71,6.73,7.03,42.9,-14.9,LEG1,否,否,28.6,1.16,6.89
300950,日线,2026-06-17,17.41,52,B,8.01,23.66,22.63,195.4,6.6,LEG1,否,否,37.5,1.15,22.18
300942,日线,2026-06-17,6.09,52,B,5.25,8.05,7.4,53.3,23.2,LEG1,否,否,30.3,1.27,7.25
300941,日线,2026-06-17,15.05,52,B,13.12,18.73,16.88,42.8,33.0,LEG1,否,否,36.6,1.11,16.54
600698,日线,2026-06-17,6.44,52,B,3.01,8.25,6.1,174.1,41.0,READY,否,否,38.6,1.24,5.98
600691,日线,2026-06-17,2.47,52,B,1.39,2.81,2.66,102.2,10.6,LEG1,否,否,19.1,1.02,2.61
600684,日线,2026-06-17,3.2,52,B,2.39,3.85,4.62,61.1,-52.7,LEG1,否,否,27.8,1.14,4.53
301558,日线,2026-06-17,6.6,52,B,6.27,8.56,7.7,36.5,37.6,LEG1,否,否,33.9,1.02,7.55
000096,日线,2026-06-17,7.55,52,B,8.3,9.88,10.54,19.0,-41.8,LEG1,否,否,23.1,1.14,10.33
600326,日线,2026-06-17,7.15,52,B,2.65,9.79,5.64,269.4,58.1,LEG1,否,否,22.8,1.02,5.53
688151,日线,2026-06-17,16.04,52,B,11.11,17.48,18.82,57.3,-21.0,LEG1,否,否,22.0,1.04,18.44
002624,日线,2026-06-17,12.71,52,B,6.79,14.8,15.1,118.0,-3.7,LEG1,否,否,25.6,1.06,14.8
002170,日线,2026-06-17,11.06,52,B,3.76,12.14,8.85,222.9,39.3,LEG1,否,否,38.1,1.2,8.67
603273,日线,2026-06-17,14.23,52,B,13.38,18.48,17.12,38.1,26.7,LEG1,否,否,33.1,1.11,16.78
000001,日线,2026-06-17,10.78,52,B,8.96,11.6,10.62,29.5,37.1,READY,否,否,34.1,0.89,10.41
000932,日线,2026-06-17,3.68,52,B,3.32,5.19,4.5,56.3,36.9,READY,否,否,25.4,1.24,4.41
000930,日线,2026-06-17,4.73,52,B,4.42,5.28,6.42,19.5,-132.6,LEG1,否,否,22.2,1.07,6.29
000965,日线,2026-06-17,3.21,52,B,2.12,3.52,3.2,66.0,22.9,LEG1,否,否,33.6,1.11,3.14
688022,日线,2026-06-17,7.99,52,B,8.17,17.0,13.72,108.1,37.1,LEG1,否,否,27.8,1.28,13.45
000888,日线,2026-06-17,9.53,52,B,7.47,10.62,12.53,42.2,-60.6,LEG1,否,否,31.9,1.24,12.28
002228,日线,2026-06-17,3.18,52,B,2.17,3.98,3.62,83.4,19.9,LEG1,否,否,29.9,1.2,3.55
600117,日线,2026-06-17,2.2,52,B,1.87,2.48,2.17,32.6,50.8,READY,否,否,32.9,1.1,2.13
300670,日线,2026-06-17,5.98,52,B,3.17,7.37,5.85,132.5,36.2,LEG1,否,否,33.7,1.16,5.73
603966,日线,2026-06-17,9.27,52,B,5.5,14.9,11.94,170.9,31.5,LEG1,否,否,39.9,1.26,11.7
603955,日线,2026-06-17,22.91,52,B,6.76,25.45,14.77,276.5,57.1,LEG1,否,否,39.9,1.16,14.47
600398,日线,2026-06-17,5.67,52,B,5.15,5.96,6.29,15.7,-40.7,LEG1,否,否,34.4,1.11,6.16
301357,日线,2026-06-17,86.23,52,B,22.41,98.0,86.7,337.3,14.9,LEG1,否,否,30.9,1.16,84.97
002879,日线,2026-06-17,14.47,52,B,9.68,19.89,17.59,105.5,22.5,LEG1,否,否,31.5,1.17,17.24
600216,日线,2026-06-17,11.77,52,B,7.97,16.87,14.09,111.7,31.2,READY,否,否,30.1,1.18,13.81
002434,日线,2026-06-17,6.9,52,B,4.45,7.54,6.92,69.4,20.1,LEG1,否,否,39.3,1.08,6.78
003012,日线,2026-06-17,4.73,52,B,5.05,6.39,5.91,26.5,35.8,LEG1,否,否,33.7,1.25,5.79
600302,日线,2026-06-17,9.6,52,B,2.81,11.59,7.77,312.5,43.5,LEG1,否,否,35.8,0.74,7.61
600298,日线,2026-06-17,33.86,52,B,27.22,37.27,33.91,36.9,33.4,READY,否,否,31.5,1.22,33.23
688015,日线,2026-06-17,16.64,52,B,10.52,23.28,20.5,121.3,21.8,LEG1,否,否,28.4,1.15,20.09
600196,日线,2026-06-17,21.58,52,B,20.38,23.6,23.61,15.8,-0.3,LEG1,否,否,33.0,1.0,23.14
002094,日线,2026-06-17,4.8,52,B,1.74,6.42,6.9,269.0,-10.3,LEG1,否,否,26.6,1.03,6.76
002078,日线,2026-06-17,12.92,52,B,11.36,14.14,12.73,24.5,50.7,READY,否,否,35.1,1.16,12.48
000333,日线,2026-06-17,79.22,52,B,54.8,83.44,71.02,52.3,43.4,LEG1,否,否,35.2,1.04,69.6
600501,日线,2026-06-17,17.38,52,B,8.76,25.42,21.31,190.2,24.7,LEG1,否,否,29.7,1.01,20.88
600750,日线,2026-06-17,24.26,52,B,18.17,26.5,22.18,45.8,51.9,LEG1,否,否,36.8,0.59,21.74
600746,日线,2026-06-17,5.92,52,B,4.56,10.82,8.38,137.3,39.0,READY,否,否,28.4,1.13,8.21
601999,日线,2026-06-17,5.64,52,B,4.43,8.75,7.01,97.5,40.3,LEG1,否,否,31.8,1.19,6.87
002676,日线,2026-06-17,5.4,52,B,2.85,5.94,5.25,108.4,22.3,LEG1,否,否,39.3,1.02,5.14
002666,日线,2026-06-17,4.26,52,B,3.19,5.53,5.05,73.4,20.5,LEG1,否,否,31.2,1.04,4.95
600195,日线,2026-06-17,6.43,52,B,5.47,6.88,6.45,25.8,30.5,READY,否,否,33.2,1.03,6.32
603189,日线,2026-06-17,11.11,52,B,7.81,13.39,11.54,71.4,33.2,LEG1,否,否,27.5,1.09,11.31
000501,日线,2026-06-17,7.05,52,B,6.55,7.95,8.91,21.4,-68.6,LEG1,否,否,32.7,1.24,8.73
002393,日线,2026-06-17,14.18,52,B,14.1,24.36,19.68,72.8,45.6,LEG1,否,否,37.1,1.16,19.29
300423,日线,2026-06-17,5.87,52,B,4.14,8.31,7.66,100.7,15.6,LEG1,否,否,31.1,1.04,7.51
002427,日线,2026-06-17,4.36,52,B,2.67,4.84,5.65,81.3,-37.3,LEG1,否,否,30.0,1.04,5.54
300891,日线,2026-06-17,6.76,52,B,5.46,8.84,8.18,61.9,19.5,LEG1,否,否,38.8,1.22,8.02
001217,日线,2026-06-17,9.18,52,B,8.06,12.3,11.27,52.6,24.3,LEG1,否,否,24.8,1.22,11.04
301061,日线,2026-06-17,36.53,52,B,38.56,67.25,61.7,74.4,19.3,LEG1,否,否,14.1,1.06,60.47
000798,日线,2026-06-17,7.58,52,B,5.32,8.69,8.92,63.3,-6.8,LEG1,否,否,19.9,1.18,8.74
301236,日线,2026-06-17,38.48,52,B,28.65,46.82,38.95,63.4,43.3,LEG1,否,否,38.4,0.79,38.17
300065,日线,2026-06-17,19.06,52,B,5.06,27.2,21.67,437.5,25.0,LEG1,否,否,38.4,1.13,21.24
601606,日线,2026-06-17,31.14,52,B,8.11,34.7,35.56,327.9,-3.2,LEG1,否,否,31.1,1.09,34.85
601568,日线,2026-06-17,3.7,52,B,3.51,3.91,3.68,11.4,57.5,BREAKOUT,否,否,38.9,1.15,3.61
002312,日线,2026-06-17,8.58,52,B,4.88,11.76,8.18,141.0,52.0,READY,否,否,35.8,1.16,8.02
600135,日线,2026-06-17,8.83,52,B,4.28,12.8,8.43,199.1,51.3,READY,否,否,36.5,1.09,8.26
300534,日线,2026-06-17,7.39,52,B,6.3,9.62,8.56,52.7,31.9,LEG1,否,否,25.9,1.12,8.39
002941,日线,2026-06-17,10.85,52,B,8.34,14.2,13.98,70.3,3.8,LEG1,否,否,28.6,1.06,13.7
300533,日线,2026-06-17,14.34,52,B,12.66,17.48,25.8,38.1,-172.6,LEG1,否,否,18.1,1.09,25.28
688283,日线,2026-06-17,35.81,52,B,16.69,49.97,34.71,199.4,45.9,READY,否,否,39.0,1.08,34.02
301439,日线,2026-06-17,17.22,52,B,9.46,25.35,15.08,168.0,64.6,LEG1,否,否,39.1,1.06,14.78
300437,日线,2026-06-17,11.68,52,B,6.26,17.3,15.35,176.4,17.7,LEG1,否,否,33.9,1.03,15.04
002538,日线,2026-06-17,5.84,52,B,4.04,7.5,5.91,85.6,46.0,READY,否,否,28.8,1.25,5.79
603113,日线,2026-06-17,4.68,52,B,4.27,5.4,6.67,26.5,-112.4,LEG1,否,否,23.8,1.22,6.54
603585,日线,2026-06-17,14.62,52,B,9.04,27.44,17.18,203.5,55.8,LEG1,否,否,25.2,1.21,16.84
300875,日线,2026-06-17,30.89,52,B,16.2,42.19,40.8,160.4,5.3,LEG1,否,否,23.6,1.01,39.98
300086,日线,2026-06-17,6.08,52,B,3.35,8.13,6.81,142.7,27.6,LEG1,否,否,27.7,1.12,6.67
605118,日线,2026-06-17,33.2,52,B,10.93,48.7,16.3,345.6,85.8,LEG1,否,否,32.0,1.04,15.97
605108,日线,2026-06-17,12.4,52,B,15.32,17.8,16.15,16.2,66.5,LEG1,否,否,29.3,1.13,15.83
000572,日线,2026-06-17,4.11,52,B,2.67,5.69,5.32,113.1,12.3,LEG1,否,否,23.7,1.02,5.21
301181,日线,2026-06-17,27.04,52,B,14.77,51.88,36.31,251.3,42.0,LEG1,否,否,20.6,1.02,35.58
601229,日线,2026-06-17,9.01,52,B,6.23,9.41,8.86,51.0,17.3,LEG1,否,否,38.1,1.08,8.68
601226,日线,2026-06-17,6.98,52,B,4.44,9.45,8.8,112.8,13.0,LEG1,否,否,30.5,1.05,8.62
002021,日线,2026-06-17,2.49,52,B,1.47,3.4,2.86,131.3,28.0,LEG1,否,否,37.9,1.15,2.8
300094,日线,2026-06-17,2.73,52,B,2.38,3.06,2.72,28.6,50.0,READY,否,否,29.5,1.02,2.67
301082,日线,2026-06-17,9.82,52,B,7.79,12.89,12.28,65.5,12.0,LEG1,否,否,36.6,1.0,12.03
000731,日线,2026-06-17,5.62,52,B,5.69,7.47,6.86,31.3,34.3,LEG1,否,否,21.9,1.13,6.72
001222,日线,2026-06-17,14.27,52,B,8.87,20.25,18.5,128.3,15.4,LEG1,否,否,24.6,1.03,18.13
688288,日线,2026-06-17,20.08,52,B,9.7,25.97,24.41,167.7,9.6,LEG1,否,否,39.6,1.05,23.92
603131,日线,2026-06-17,18.29,52,B,9.25,25.48,17.93,175.5,46.5,READY,否,否,34.8,1.0,17.57
002361,日线,2026-06-17,15.62,52,B,2.35,19.53,14.47,731.1,29.5,LEG1,否,否,39.7,1.12,14.18
600519,日线,2026-06-17,1240.0,52,B,1245.83,1458.88,1399.87,17.1,27.7,LEG1,否,否,30.7,1.02,1371.87
688278,日线,2026-06-17,54.56,52,B,46.3,60.59,53.05,30.9,52.8,READY,否,否,36.1,1.26,51.99
002344,日线,2026-06-17,3.71,52,B,2.95,4.62,3.83,56.6,47.3,READY,否,否,29.9,1.13,3.75
000683,日线,2026-06-17,6.57,52,B,4.62,9.29,6.34,101.1,63.2,READY,否,否,31.2,1.27,6.21
300092,日线,2026-06-17,12.77,52,B,7.38,17.28,14.12,134.1,31.9,LEG1,否,否,29.9,1.29,13.84
603207,日线,2026-06-17,22.17,52,B,20.5,26.95,25.48,31.5,22.8,LEG1,否,否,32.7,1.06,24.97
002724,日线,2026-06-17,5.14,52,B,3.95,7.32,6.75,85.3,16.9,LEG1,否,否,31.6,1.03,6.62
002707,日线,2026-06-17,5.28,52,B,4.9,5.86,6.33,19.6,-49.0,LEG1,否,否,32.1,1.13,6.2
300824,日线,2026-06-17,7.87,52,B,5.5,10.22,11.54,85.8,-28.0,LEG1,否,否,20.1,1.12,11.31
000707,日线,2026-06-17,4.64,52,B,5.51,6.48,5.75,17.6,75.3,LEG1,否,否,32.4,1.21,5.63
301507,日线,2026-06-17,12.13,52,B,10.28,15.05,13.13,46.4,40.3,LEG1,否,否,28.7,1.15,12.87
300010,日线,2026-06-17,2.5,52,B,1.64,3.07,6.85,87.2,-264.3,LEG1,否,否,36.2,1.01,6.71
003038,日线,2026-06-17,12.12,52,B,11.59,15.0,13.85,29.4,33.7,LEG1,否,否,37.0,1.17,13.57
002386,日线,2026-06-17,5.64,52,B,3.5,5.98,5.64,70.9,13.7,LEG1,否,否,38.3,1.15,5.53
301518,日线,2026-06-17,29.1,52,B,12.6,44.5,37.36,253.2,22.4,LEG1,否,否,31.3,1.16,36.61
600097,日线,2026-06-17,8.43,52,B,6.41,10.98,10.34,71.3,14.0,LEG1,否,否,30.1,1.25,10.13
601166,日线,2026-06-17,17.84,52,B,15.31,18.7,17.28,22.1,41.9,BREAKOUT,否,否,33.0,0.74,16.93
300853,日线,2026-06-17,29.31,52,B,11.09,39.5,17.5,256.2,77.4,LEG1,否,否,29.0,1.06,17.15
301009,日线,2026-06-17,8.76,52,B,6.8,11.55,10.64,69.9,19.2,LEG1,否,否,29.7,1.1,10.43
002455,日线,2026-06-17,8.04,52,B,3.68,12.27,7.65,233.4,53.8,READY,否,否,34.6,1.11,7.5
301636,日线,2026-06-17,46.26,52,B,47.9,69.6,63.0,45.3,30.4,LEG1,否,否,32.2,1.24,61.74
688513,日线,2026-06-17,43.8,52,B,28.11,66.83,62.0,137.7,12.5,LEG1,否,否,26.5,1.15,60.76
600721,日线,2026-06-17,7.15,52,B,4.31,8.18,6.97,89.8,31.3,LEG1,否,否,35.4,1.06,6.83
000683,日线,2026-06-17,6.57,52,B,4.62,9.29,6.34,101.1,63.2,READY,否,否,31.2,1.27,6.21
000888,日线,2026-06-17,9.53,52,B,7.47,10.62,12.53,42.2,-60.6,LEG1,否,否,31.9,1.24,12.28
399324,日线,2026-06-17,8492.39,52,B,7125.34,9439.65,8334.55,32.5,47.8,READY,否,否,39.4,1.18,8167.86
000001,日线,2026-06-17,10.78,52,B,8.96,11.6,10.62,29.5,37.1,READY,否,否,34.1,0.89,10.41
399328,日线,2026-06-17,11550.92,50,B,7510.73,12206.05,8295.89,62.5,83.3,LEG1,否,否,52.7,0.94,8129.97
399354,日线,2026-06-17,8094.17,50,B,5984.93,8359.21,6496.09,39.7,78.5,LEG1,否,否,46.9,0.92,6366.17
399550,日线,2026-06-17,8384.58,50,B,5931.29,8460.27,6784.91,42.6,66.2,LEG1,否,否,54.2,0.95,6649.21
399377,日线,2026-06-17,7736.76,50,B,5265.21,8126.21,5874.78,54.3,78.7,LEG1,否,否,42.9,0.83,5757.28
000852,日线,2026-06-17,5.6,50,B,4.94,7.55,6.71,52.8,32.2,LEG1,否,否,34.2,0.99,6.58
603701,日线,2026-06-17,23.8,50,B,7.75,26.55,15.33,242.6,59.7,LEG1,否,否,49.8,0.73,15.02
002475,日线,2026-06-17,67.32,50,B,24.88,78.0,45.43,213.5,61.3,LEG1,否,否,45.8,0.82,44.52
300380,日线,2026-06-17,30.88,50,B,11.1,38.08,39.99,243.1,-7.1,LEG1,否,否,45.4,0.65,39.19
600171,日线,2026-06-17,27.97,50,B,9.86,31.86,27.29,223.1,20.8,LEG1,否,否,55.2,0.71,26.74
300382,日线,2026-06-17,15.36,50,B,4.88,17.9,10.43,266.8,57.4,LEG1,否,否,48.7,0.66,10.22
603728,日线,2026-06-17,61.33,50,B,30.4,67.92,59.7,123.4,21.9,LEG1,否,否,40.4,0.51,58.51
603091,日线,2026-06-17,67.42,50,B,35.53,88.87,63.1,150.1,48.3,READY,否,否,40.0,0.89,61.84
002452,日线,2026-06-17,11.22,50,B,4.01,12.69,6.39,216.5,72.6,LEG1,否,否,50.4,0.51,6.26
688500,日线,2026-06-17,49.97,50,B,20.52,57.47,43.2,180.1,38.6,LEG1,否,否,43.5,0.72,42.34
688390,日线,2026-06-17,115.55,50,B,35.8,159.97,80.0,346.8,64.4,LEG1,否,否,40.2,0.84,78.4
688439,日线,2026-06-17,45.36,50,B,41.58,55.5,47.49,33.5,57.5,LEG1,否,否,40.3,0.71,46.54
688455,日线,2026-06-17,19.12,50,B,7.29,23.88,19.88,227.6,24.1,LEG1,否,否,42.7,0.4,19.48
688475,日线,2026-06-17,27.27,50,B,24.18,32.5,25.76,34.4,81.0,LEG1,否,否,46.5,0.91,25.24
002795,日线,2026-06-17,7.5,50,B,3.08,10.8,6.91,250.6,50.4,READY,否,否,45.0,0.94,6.77
002796,日线,2026-06-17,42.63,50,B,5.4,57.0,47.78,955.6,17.9,LEG1,否,否,44.4,0.72,46.82
600611,日线,2026-06-17,4.49,50,B,2.27,4.76,4.04,109.7,28.9,LEG1,否,否,50.4,0.78,3.96
600979,日线,2026-06-17,4.69,50,B,2.47,5.46,4.5,121.1,32.1,LEG1,否,否,41.1,0.69,4.41
000901,日线,2026-06-17,18.26,50,B,6.22,19.28,20.84,210.0,-11.9,LEG1,否,否,38.3,0.86,20.42
300846,日线,2026-06-17,22.39,50,B,7.57,34.97,26.81,362.0,29.8,LEG1,否,否,39.8,0.71,26.27
300849,日线,2026-06-17,22.34,50,B,7.56,28.18,21.75,272.8,31.2,READY,否,否,40.9,0.61,21.32
001308,日线,2026-06-17,20.6,50,B,17.27,23.17,19.78,34.2,57.5,LEG1,否,否,45.8,0.93,19.38
601118,日线,2026-06-17,5.9,50,B,3.75,7.29,6.0,94.4,36.4,LEG1,否,否,40.9,0.7,5.88
300862,日线,2026-06-17,21.98,50,B,18.28,28.98,21.85,58.5,66.6,LEG1,否,否,42.7,0.69,21.41
300454,日线,2026-06-17,101.31,50,B,42.7,125.88,105.02,194.8,25.1,LEG1,否,否,41.4,0.86,102.92
300456,日线,2026-06-17,42.68,50,B,13.42,52.39,44.01,290.4,21.5,LEG1,否,否,50.5,0.89,43.13
600735,日线,2026-06-17,6.36,50,B,3.44,7.37,6.31,114.2,27.0,LEG1,否,否,43.8,0.45,6.18
002967,日线,2026-06-17,18.48,50,B,9.48,22.58,18.38,138.2,32.1,LEG1,否,否,42.0,0.65,18.01
603339,日线,2026-06-17,12.81,50,B,7.61,13.65,11.78,79.4,31.0,LEG1,否,否,41.9,0.83,11.54
600737,日线,2026-06-17,13.27,50,B,7.37,15.1,12.44,104.9,34.4,LEG1,否,否,43.3,0.51,12.19
300474,日线,2026-06-17,53.98,50,B,42.31,67.5,58.88,59.5,34.2,LEG1,否,否,41.5,0.69,57.7
301112,日线,2026-06-17,30.77,50,B,15.3,38.79,35.61,153.5,13.5,LEG1,否,否,40.0,0.69,34.9
001324,日线,2026-06-17,18.33,50,B,13.68,21.85,17.34,59.7,55.2,READY,否,否,48.6,0.86,16.99
600339,日线,2026-06-17,3.36,50,B,2.63,3.66,3.79,39.2,-12.6,LEG1,否,否,41.7,0.74,3.71
300831,日线,2026-06-17,19.41,50,B,6.5,26.81,16.74,312.5,49.6,READY,否,否,47.6,0.47,16.41
300833,日线,2026-06-17,32.84,50,B,28.35,39.53,41.41,39.4,-16.8,LEG1,否,否,40.9,0.65,40.58
002706,日线,2026-06-17,11.99,50,B,5.49,15.4,9.2,180.5,62.6,LEG1,否,否,43.5,0.54,9.02
603416,日线,2026-06-17,55.25,50,B,20.44,60.95,52.52,198.2,20.8,LEG1,否,否,42.5,0.47,51.47
603489,日线,2026-06-17,32.45,50,B,15.83,40.56,30.46,156.2,40.8,LEG1,否,否,41.5,0.75,29.85
603501,日线,2026-06-17,90.12,50,B,75.94,109.09,90.97,43.7,54.7,READY,否,否,43.7,0.68,89.15
300081,日线,2026-06-17,4.0,50,B,3.37,4.52,3.86,34.1,57.4,LEG1,否,否,41.9,0.67,3.78
600343,日线,2026-06-17,24.5,50,B,6.19,27.55,24.31,345.1,15.2,LEG1,否,否,35.4,0.85,23.82
300816,日线,2026-06-17,82.19,50,B,12.63,102.9,60.98,714.7,46.4,LEG1,否,否,42.6,0.45,59.76
300484,日线,2026-06-17,14.69,50,B,6.2,19.0,19.46,206.5,-3.6,LEG1,否,否,42.0,0.75,19.07
603031,日线,2026-06-17,52.85,50,B,20.85,64.51,39.53,209.4,57.2,LEG1,否,否,43.3,0.78,38.74
688255,日线,2026-06-17,30.8,50,B,12.18,33.48,25.5,174.9,37.5,LEG1,否,否,46.9,0.66,24.99
688593,日线,2026-06-17,32.59,50,B,7.74,47.0,19.3,507.2,70.6,LEG1,否,否,48.2,0.76,18.91
688608,日线,2026-06-17,156.48,50,B,98.38,205.5,156.36,108.9,45.9,LEG1,否,否,47.0,0.6,153.23
688267,日线,2026-06-17,30.33,50,B,12.42,35.2,19.8,183.4,67.6,LEG1,否,否,46.0,0.85,19.4
688273,日线,2026-06-17,42.0,50,B,17.64,45.62,37.04,158.6,30.7,LEG1,否,否,47.8,0.5,36.3
301487,日线,2026-06-17,22.39,50,B,13.79,27.19,19.36,97.2,58.4,LEG1,否,否,44.9,0.71,18.97
002350,日线,2026-06-17,15.23,50,B,3.56,18.38,13.71,416.3,31.5,READY,否,否,50.7,0.96,13.44
300782,日线,2026-06-17,99.8,50,B,58.61,144.9,99.12,147.2,53.1,LEG1,否,否,48.3,0.83,97.14
600361,日线,2026-06-17,4.08,50,B,3.34,4.68,4.18,40.1,37.3,LEG1,否,否,41.3,0.83,4.1
002687,日线,2026-06-17,4.18,50,B,3.6,5.12,4.72,42.2,26.3,LEG1,否,否,38.4,0.89,4.63
300211,日线,2026-06-17,7.85,50,B,4.03,9.35,7.16,132.0,41.2,READY,否,否,44.4,0.68,7.02
688088,日线,2026-06-17,37.84,50,B,21.0,46.46,37.85,121.2,33.8,LEG1,否,否,46.3,0.76,37.09
688093,日线,2026-06-17,29.97,50,B,9.84,35.98,29.1,265.7,26.3,LEG1,否,否,53.6,0.75,28.52
600520,日线,2026-06-17,30.84,50,B,12.11,39.99,22.6,230.2,62.4,LEG1,否,否,57.8,0.77,22.15
603158,日线,2026-06-17,13.73,50,B,5.8,17.1,10.74,194.8,56.3,LEG1,否,否,43.6,0.63,10.53
600570,日线,2026-06-17,22.5,50,B,15.23,28.08,24.56,84.4,27.4,LEG1,否,否,40.7,0.72,24.07
600577,日线,2026-06-17,11.84,50,B,3.03,15.23,11.35,402.6,31.8,LEG1,否,否,44.3,0.66,11.12
603685,日线,2026-06-17,31.8,50,B,9.96,36.91,13.28,270.6,87.7,LEG1,否,否,47.6,0.56,13.01
688293,日线,2026-06-17,37.51,50,B,24.5,46.83,40.72,91.1,27.4,LEG1,否,否,43.9,0.99,39.91
001270,日线,2026-06-17,127.78,50,B,25.83,166.18,123.45,543.4,30.4,READY,否,否,42.9,0.98,120.98
688039,日线,2026-06-17,41.75,50,B,16.0,53.0,39.96,231.2,35.2,READY,否,否,43.6,0.76,39.16
688046,日线,2026-06-17,17.79,50,B,9.08,21.99,12.89,142.2,70.5,LEG1,否,否,43.0,0.7,12.63
688053,日线,2026-06-17,37.1,50,B,16.26,42.78,34.69,163.1,30.5,LEG1,否,否,51.6,0.93,34.0
688063,日线,2026-06-17,58.47,50,B,32.53,84.5,66.11,159.8,35.4,LEG1,否,否,42.6,0.75,64.79
600892,日线,2026-06-17,3.6,50,B,2.33,4.21,3.44,80.7,41.0,LEG1,否,否,41.1,0.59,3.37
603223,日线,2026-06-17,9.24,50,B,5.97,11.98,8.91,100.7,51.1,READY,否,否,40.6,0.59,8.73
002821,日线,2026-06-17,115.0,50,B,59.55,129.3,106.83,117.1,32.2,READY,否,否,48.3,0.56,104.69
300103,日线,2026-06-17,8.24,50,B,2.73,9.78,7.2,258.2,36.6,LEG1,否,否,42.1,0.68,7.06
300840,日线,2026-06-17,21.3,50,B,7.57,26.59,16.28,251.3,54.2,LEG1,否,否,41.8,0.5,15.95
300493,日线,2026-06-17,14.34,50,B,4.28,18.62,14.6,335.0,28.0,LEG1,否,否,44.6,0.52,14.31
301383,日线,2026-06-17,27.25,50,B,23.35,35.18,26.88,50.7,70.2,LEG1,否,否,42.2,0.72,26.34
301393,日线,2026-06-17,51.68,50,B,33.26,66.23,47.6,99.1,56.5,LEG1,否,否,42.3,0.58,46.65
301419,日线,2026-06-17,43.4,50,B,18.8,50.98,36.68,171.2,44.4,LEG1,否,否,53.5,0.78,35.95
600850,日线,2026-06-17,19.88,50,B,14.78,25.8,18.53,74.6,66.0,LEG1,否,否,47.2,0.75,18.16
000628,日线,2026-06-17,53.59,50,B,32.07,63.3,49.7,97.4,43.5,READY,否,否,44.3,0.59,48.71
000629,日线,2026-06-17,3.2,50,B,2.21,3.79,3.46,71.5,20.9,LEG1,否,否,40.5,0.85,3.39
002012,日线,2026-06-17,7.12,50,B,2.88,9.65,6.16,235.1,51.6,LEG1,否,否,41.7,0.41,6.04
002015,日线,2026-06-17,18.95,50,B,6.3,25.57,15.88,305.9,50.3,LEG1,否,否,41.6,0.67,15.56
002025,日线,2026-06-17,63.4,50,B,31.98,78.93,58.04,146.8,44.5,READY,否,否,44.8,0.71,56.88
002026,日线,2026-06-17,11.99,50,B,5.9,13.3,13.32,125.4,-0.3,LEG1,否,否,40.8,0.93,13.05
601231,日线,2026-06-17,37.08,50,B,10.81,47.89,32.2,343.0,42.3,LEG1,否,否,44.2,0.73,31.56
301179,日线,2026-06-17,21.06,50,B,13.04,28.5,23.08,118.6,35.1,LEG1,否,否,42.0,0.55,22.62
600827,日线,2026-06-17,7.98,50,B,7.12,8.64,7.77,21.3,57.2,LEG1,否,否,41.4,0.68,7.61
688099,日线,2026-06-17,96.67,50,B,39.9,123.2,75.7,208.8,57.0,LEG1,否,否,49.6,0.98,74.19
300750,日线,2026-06-17,399.0,50,B,140.4,438.24,238.03,212.1,67.2,LEG1,否,否,46.0,0.71,233.27
300752,日线,2026-06-17,14.36,50,B,7.28,15.77,15.56,116.6,2.5,LEG1,否,否,43.3,0.82,15.25
300763,日线,2026-06-17,93.31,50,B,41.58,124.8,83.39,200.1,49.8,LEG1,否,否,41.1,0.74,81.72
301120,日线,2026-06-17,19.83,50,B,6.34,27.39,20.41,332.0,33.2,LEG1,否,否,44.4,0.55,20.0
301202,日线,2026-06-17,37.02,50,B,16.12,45.48,35.75,182.1,33.1,LEG1,否,否,46.8,0.61,35.03
600177,日线,2026-06-17,7.39,50,B,6.3,7.79,7.16,23.7,42.3,READY,否,否,44.5,0.77,7.02
603602,日线,2026-06-17,12.89,50,B,8.63,14.41,12.46,67.0,33.7,LEG1,否,否,41.7,0.61,12.21
000586,日线,2026-06-17,15.49,50,B,5.57,17.8,14.5,219.6,27.0,LEG1,否,否,44.4,0.61,14.21
301171,日线,2026-06-17,37.09,50,B,12.37,49.71,37.1,301.9,33.8,LEG1,否,否,40.0,0.48,36.36
300866,日线,2026-06-17,113.63,50,B,50.21,130.65,102.54,160.2,34.9,READY,否,否,45.8,0.71,100.49
300867,日线,2026-06-17,19.83,50,B,9.1,22.38,19.33,145.9,23.0,LEG1,否,否,42.8,0.75,18.94
600280,日线,2026-06-17,2.97,50,B,2.16,4.2,2.83,94.4,67.2,LEG1,否,否,40.6,0.65,2.77
603559,日线,2026-06-17,8.71,50,B,3.36,9.95,5.84,196.1,62.4,LEG1,否,否,48.4,0.49,5.72
300160,日线,2026-06-17,4.68,50,B,3.69,5.11,4.72,38.5,27.5,LEG1,否,否,40.3,0.95,4.63
300166,日线,2026-06-17,15.58,50,B,5.67,22.12,13.35,290.1,53.3,LEG1,否,否,44.3,0.59,13.08
688031,日线,2026-06-17,124.48,50,B,24.75,152.32,125.89,515.4,20.7,LEG1,否,否,43.2,0.51,123.37
002413,日线,2026-06-17,10.28,50,B,2.96,10.85,10.02,266.6,10.5,LEG1,否,否,37.6,0.78,9.82
002519,日线,2026-06-17,6.34,50,B,3.46,9.11,7.13,163.3,35.0,LEG1,否,否,36.6,0.8,6.99
002490,日线,2026-06-17,7.42,50,B,1.38,8.59,7.64,522.5,13.2,BREAKOUT,否,否,38.0,0.97,7.49
688586,日线,2026-06-17,12.6,50,B,7.35,15.1,12.75,105.4,30.3,LEG1,否,否,50.6,0.76,12.49
300496,日线,2026-06-17,61.81,50,B,31.74,74.74,56.59,135.5,42.2,LEG1,否,否,43.5,0.52,55.46
603861,日线,2026-06-17,15.89,50,B,6.16,19.09,15.02,209.9,31.5,LEG1,否,否,46.2,0.86,14.72
603876,日线,2026-06-17,26.04,50,B,7.2,29.1,11.96,304.2,78.3,LEG1,否,否,48.4,0.83,11.72
300523,日线,2026-06-17,20.18,50,B,13.9,25.49,20.5,83.4,43.1,LEG1,否,否,40.1,0.58,20.09
300530,日线,2026-06-17,18.7,50,B,10.32,25.27,33.38,144.9,-54.2,LEG1,否,否,39.0,0.92,32.71
002952,日线,2026-06-17,24.55,50,B,14.14,33.74,22.56,138.6,57.0,LEG1,否,否,48.3,0.71,22.11
688677,日线,2026-06-17,118.15,50,B,25.48,171.0,36.01,571.1,92.8,LEG1,否,否,41.6,0.84,35.29
002319,日线,2026-06-17,11.29,50,B,7.57,12.34,10.51,63.0,38.4,LEG1,否,否,45.8,0.86,10.3
301215,日线,2026-06-17,5.36,50,B,4.04,5.95,5.71,47.3,12.6,LEG1,否,否,41.5,0.84,5.6
605055,日线,2026-06-17,11.52,50,B,3.4,15.38,10.66,352.4,39.4,READY,否,否,42.6,0.8,10.45
002062,日线,2026-06-17,7.98,50,B,3.12,9.13,6.89,192.6,37.3,LEG1,否,否,44.1,0.53,6.75
300731,日线,2026-06-17,60.08,50,B,8.41,99.0,53.0,1077.2,50.8,READY,否,否,40.3,0.91,51.94
300058,日线,2026-06-17,14.95,50,B,4.83,18.3,13.31,278.9,37.0,LEG1,否,否,40.2,0.61,13.04
300067,日线,2026-06-17,5.56,50,B,1.76,8.18,4.07,364.8,64.0,LEG1,否,否,48.6,0.8,3.99
002843,日线,2026-06-17,22.14,50,B,10.9,29.93,20.62,174.6,48.9,READY,否,否,45.3,0.78,20.21
603129,日线,2026-06-17,223.97,50,B,78.47,243.58,223.0,210.4,12.5,LEG1,否,否,40.7,0.86,218.54
600624,日线,2026-06-17,3.94,50,B,2.76,4.8,4.32,73.9,23.5,LEG1,否,否,40.3,0.78,4.23
600143,日线,2026-06-17,16.6,50,B,5.63,18.99,8.84,237.3,76.0,LEG1,否,否,49.0,0.51,8.66
002290,日线,2026-06-17,83.38,50,B,6.85,106.77,76.0,1458.7,30.8,READY,否,否,46.9,0.67,74.48
002253,日线,2026-06-17,11.1,50,B,7.51,12.32,10.33,64.0,41.4,LEG1,否,否,42.9,0.6,10.12
002256,日线,2026-06-17,4.16,50,B,1.31,4.73,4.24,261.1,14.3,LEG1,否,否,42.5,0.73,4.16
688309,日线,2026-06-17,63.41,50,B,9.9,70.53,22.94,612.4,78.5,LEG1,否,否,45.8,0.8,22.48
001208,日线,2026-06-17,15.63,50,B,6.28,20.84,18.1,231.8,18.8,LEG1,否,否,37.5,0.89,17.74
601033,日线,2026-06-17,13.98,50,B,12.0,15.25,14.1,27.1,35.4,LEG1,否,否,44.6,0.84,13.82
300895,日线,2026-06-17,56.09,50,B,17.02,83.39,55.75,390.0,41.6,LEG1,否,否,42.5,0.69,54.63
300901,日线,2026-06-17,14.85,50,B,5.03,16.99,13.87,237.8,26.1,LEG1,否,否,50.3,0.99,13.59
688329,日线,2026-06-17,23.3,50,B,11.3,24.32,21.45,115.2,22.0,LEG1,否,否,49.2,0.75,21.02
688557,日线,2026-06-17,29.94,50,B,14.58,36.59,30.0,151.0,29.9,LEG1,否,否,44.7,0.76,29.4
002429,日线,2026-06-17,11.86,50,B,4.07,12.91,9.33,217.2,40.5,LEG1,否,否,55.7,0.71,9.14
603052,日线,2026-06-17,91.84,50,B,22.66,120.47,54.04,431.6,67.9,LEG1,否,否,53.9,0.86,52.96
000425,日线,2026-06-17,9.25,50,B,5.23,10.21,9.1,95.2,22.3,LEG1,否,否,44.7,0.74,8.92
300708,日线,2026-06-17,8.62,50,B,7.5,10.45,9.0,39.3,49.2,READY,否,否,48.8,0.69,8.82
301203,日线,2026-06-17,43.59,50,B,23.31,52.97,40.99,127.2,40.4,READY,否,否,40.1,0.91,40.17
301208,日线,2026-06-17,28.98,50,B,21.45,32.2,28.77,50.1,31.9,LEG1,否,否,40.9,0.85,28.19
300540,日线,2026-06-17,25.49,50,B,14.3,36.12,24.87,152.6,51.6,READY,否,否,44.3,0.95,24.37
603007,日线,2026-06-17,5.68,50,B,4.15,6.62,5.6,59.5,41.3,LEG1,否,否,42.5,0.92,5.49
301372,日线,2026-06-17,35.25,50,B,14.61,41.28,24.92,182.5,61.3,LEG1,否,否,53.3,0.92,24.42
688691,日线,2026-06-17,100.44,50,B,32.58,138.5,88.13,325.1,47.6,READY,否,否,51.2,0.83,86.37
688693,日线,2026-06-17,103.49,50,B,20.5,148.5,92.0,624.4,44.1,READY,否,否,50.6,0.6,90.16
688707,日线,2026-06-17,14.26,50,B,7.85,17.35,14.32,121.0,31.9,LEG1,否,否,44.3,0.52,14.03
600753,日线,2026-06-17,12.08,50,B,4.31,14.64,5.05,239.7,92.8,LEG1,否,否,50.3,0.05,4.95
600502,日线,2026-06-17,4.79,50,B,3.82,5.36,4.93,40.3,27.9,LEG1,否,否,40.5,0.97,4.83
301316,日线,2026-06-17,41.03,50,B,12.78,61.47,42.75,381.0,38.4,LEG1,否,否,53.0,0.95,41.89
301317,日线,2026-06-17,64.07,50,B,10.29,87.6,55.88,751.3,41.0,READY,否,否,51.0,0.64,54.76
002096,日线,2026-06-17,9.6,50,B,8.63,12.45,9.99,44.3,64.4,LEG1,否,否,40.2,0.69,9.79
000531,日线,2026-06-17,6.86,50,B,4.33,8.27,6.38,91.0,48.0,LEG1,否,否,40.9,0.55,6.25
000532,日线,2026-06-17,11.75,50,B,9.11,13.4,11.77,47.1,38.0,LEG1,否,否,40.8,0.52,11.53
603633,日线,2026-06-17,8.02,50,B,5.16,9.45,7.57,83.1,43.8,LEG1,否,否,46.5,0.48,7.42
603165,日线,2026-06-17,15.7,50,B,8.28,20.36,13.49,145.9,56.9,LEG1,否,否,43.6,0.72,13.22
301038,日线,2026-06-17,18.8,50,B,10.41,20.64,17.65,98.3,29.2,LEG1,否,否,41.3,0.6,17.3
002496,日线,2026-06-16,2.36,50,B,1.16,2.77,1.81,138.8,59.6,LEG1,否,否,48.5,0.73,1.77
300326,日线,2026-06-17,6.3,50,B,3.48,6.98,5.56,100.6,40.6,LEG1,否,否,46.7,0.68,5.45
300327,日线,2026-06-17,28.24,50,B,13.65,32.43,26.42,137.6,32.0,LEG1,否,否,56.6,0.85,25.89
300339,日线,2026-06-17,39.93,50,B,17.1,47.93,37.46,180.3,34.0,LEG1,否,否,40.2,0.73,36.71
003007,日线,2026-06-17,40.29,50,B,20.54,57.0,38.38,177.5,51.1,LEG1,否,否,42.9,0.6,37.61
600312,日线,2026-06-17,19.01,50,B,10.8,23.6,16.22,118.5,57.7,LEG1,否,否,41.8,0.69,15.9
603063,日线,2026-06-17,52.48,50,B,11.08,67.0,27.0,504.7,71.5,LEG1,否,否,49.9,0.68,26.46
603790,日线,2026-06-17,26.02,50,B,7.04,33.95,24.0,382.2,37.0,READY,否,否,49.0,0.67,23.52
688560,日线,2026-06-17,13.63,50,B,9.42,18.48,16.35,96.2,23.5,LEG1,否,否,42.1,0.86,16.02
688306,日线,2026-06-17,9.34,50,B,2.97,11.0,8.29,270.4,33.7,READY,否,否,54.4,0.71,8.12
688122,日线,2026-06-17,58.6,50,B,31.35,73.88,60.21,135.7,32.1,LEG1,否,否,46.2,0.73,59.01
600215,日线,2026-06-17,6.31,50,B,5.13,7.2,6.45,40.4,36.2,LEG1,否,否,41.4,0.79,6.32
002881,日线,2026-06-17,41.6,50,B,15.95,49.99,35.62,213.4,42.2,LEG1,否,否,41.0,0.5,34.91
002892,日线,2026-06-17,10.21,50,B,7.61,11.27,9.42,48.1,50.5,LEG1,否,否,41.7,0.53,9.23
301325,日线,2026-06-17,40.48,50,B,29.75,52.31,39.6,75.8,56.3,LEG1,否,否,47.5,0.6,38.81
301335,日线,2026-06-17,21.09,50,B,13.34,23.74,23.77,78.0,-0.3,LEG1,否,否,38.1,0.77,23.29
301356,日线,2026-06-17,23.48,50,B,11.2,27.99,21.01,149.9,41.6,READY,否,否,50.5,0.51,20.59
301358,日线,2026-06-17,75.65,50,B,22.28,110.0,60.74,393.7,56.2,LEG1,否,否,47.9,0.82,59.53
300552,日线,2026-06-17,26.83,50,B,12.3,29.5,25.73,139.8,21.9,LEG1,否,否,44.5,0.64,25.22
300559,日线,2026-06-17,10.96,50,B,7.5,14.71,12.01,96.1,37.4,LEG1,否,否,41.3,0.8,11.77
300565,日线,2026-06-17,12.4,50,B,7.71,16.29,11.44,111.3,56.5,READY,否,否,45.5,0.66,11.21
300274,日线,2026-06-17,149.15,50,B,52.98,191.71,141.21,261.9,36.4,READY,否,否,40.8,0.78,138.39
300276,日线,2026-06-17,7.75,50,B,2.89,10.52,7.09,264.0,45.0,READY,否,否,42.9,0.5,6.95
002587,日线,2026-06-17,6.91,50,B,4.15,7.3,6.17,75.9,35.9,LEG1,否,否,51.0,0.78,6.05
301246,日线,2026-06-17,27.86,50,B,10.58,33.78,16.44,219.3,74.7,LEG1,否,否,42.7,0.71,16.11
301260,日线,2026-06-17,15.33,50,B,9.12,16.54,14.82,81.4,23.2,LEG1,否,否,40.7,0.55,14.52
603950,日线,2026-06-17,62.61,50,B,10.87,77.5,36.58,613.0,61.4,LEG1,否,否,45.9,0.83,35.85
300571,日线,2026-06-17,43.73,50,B,17.62,73.34,30.18,316.2,77.5,LEG1,否,否,46.6,0.94,29.58
002241,日线,2026-06-17,23.68,50,B,13.83,29.18,21.85,111.0,47.8,LEG1,否,否,43.0,0.52,21.41
002245,日线,2026-06-17,20.67,50,B,5.4,21.74,18.09,302.6,22.3,LEG1,否,否,49.5,0.62,17.73
002202,日线,2026-06-17,21.98,50,B,6.37,28.99,25.07,355.1,17.3,LEG1,否,否,41.6,0.84,24.57
002211,日线,2026-06-17,3.7,50,B,1.95,4.15,3.02,112.8,51.4,LEG1,否,否,43.9,0.56,2.96
600770,日线,2026-06-17,6.02,50,B,2.11,8.78,5.63,316.1,47.2,READY,否,否,47.6,0.82,5.52
688027,日线,2026-06-17,507.84,50,B,71.69,643.8,515.18,798.0,22.5,LEG1,否,否,41.9,0.63,504.88
688028,日线,2026-06-17,113.88,50,B,11.8,139.45,82.8,1081.8,44.4,LEG1,否,否,52.8,0.82,81.14
000938,日线,2026-06-17,27.21,50,B,14.22,34.49,27.16,142.5,36.2,READY,否,否,50.9,0.79,26.62
605555,日线,2026-06-17,15.23,50,B,13.31,16.78,14.69,26.1,60.2,LEG1,否,否,41.8,0.64,14.4
002801,日线,2026-06-17,30.81,50,B,15.87,35.73,29.5,125.1,31.4,LEG1,否,否,47.5,0.39,28.91
301017,日线,2026-06-17,13.4,50,B,8.87,15.14,12.76,70.7,38.0,LEG1,否,否,40.1,0.76,12.5
301019,日线,2026-06-17,20.23,50,B,11.78,24.19,19.34,105.3,39.1,LEG1,否,否,40.5,0.78,18.95
301024,日线,2026-06-17,43.22,50,B,13.27,52.23,30.81,293.6,55.0,LEG1,否,否,42.7,0.75,30.19
300905,日线,2026-06-17,59.25,50,B,9.54,83.0,30.04,770.0,72.1,LEG1,否,否,40.9,0.66,29.44
000981,日线,2026-06-17,3.35,50,B,0.77,4.58,3.4,494.8,31.0,LEG1,否,否,42.0,0.68,3.33
002730,日线,2026-06-17,29.57,50,B,5.27,32.69,11.56,520.3,77.1,LEG1,否,否,49.1,0.98,11.33
688795,日线,2026-06-17,639.0,50,B,503.06,748.0,596.0,48.7,62.1,READY,否,否,51.0,0.75,584.08
688220,日线,2026-06-17,99.75,50,B,28.7,129.49,65.93,351.2,63.1,LEG1,否,否,53.1,0.71,64.61
688222,日线,2026-06-17,26.44,50,B,8.35,33.98,23.4,306.9,41.3,LEG1,否,否,45.2,0.52,22.93
603389,日线,2026-06-17,58.35,50,B,3.13,66.1,30.04,2011.8,57.3,LEG1,否,否,41.0,0.65,29.44
688133,日线,2026-06-17,20.04,50,B,14.47,29.15,19.53,101.5,65.5,LEG1,否,否,45.0,0.43,19.14
603391,日线,2026-06-17,56.12,50,B,34.81,73.2,59.0,110.3,37.0,LEG1,否,否,41.9,0.92,57.82
603278,日线,2026-06-17,12.57,50,B,4.95,14.82,11.84,199.4,30.2,LEG1,否,否,46.2,0.49,11.6
603173,日线,2026-06-17,33.79,50,B,14.77,40.2,38.0,172.2,8.7,LEG1,否,否,35.3,0.86,37.24
300242,日线,2026-06-17,4.7,50,B,1.6,5.45,4.24,240.6,31.4,LEG1,否,否,42.2,0.75,4.16
002606,日线,2026-06-17,13.92,50,B,5.53,17.62,12.88,218.6,39.2,READY,否,否,44.5,0.57,12.62
002609,日线,2026-06-17,7.51,50,B,6.22,8.87,8.01,42.6,32.5,LEG1,否,否,40.6,0.65,7.85
000338,日线,2026-06-17,29.28,50,B,11.64,36.34,21.4,212.2,60.5,LEG1,否,否,43.6,0.87,20.97
000400,日线,2026-06-17,23.04,50,B,17.72,27.96,25.17,57.8,27.2,LEG1,否,否,42.1,0.61,24.67
600388,日线,2026-06-17,16.85,50,B,9.91,19.88,16.22,100.6,36.7,READY,否,否,42.3,0.71,15.9
688160,日线,2026-06-17,109.3,50,B,28.4,128.28,104.03,351.7,24.3,LEG1,否,否,41.1,0.59,101.95
688171,日线,2026-06-17,47.08,50,B,10.26,63.44,42.73,518.3,38.9,READY,否,否,41.6,0.94,41.88
600333,日线,2026-06-17,5.57,50,B,3.3,6.01,5.0,82.1,37.3,LEG1,否,否,47.6,0.77,4.9
300629,日线,2026-06-17,21.4,50,B,12.85,27.85,19.6,116.7,55.0,LEG1,否,否,41.4,0.74,19.21
300647,日线,2026-06-17,6.1,50,B,2.78,6.94,5.75,149.6,28.6,LEG1,否,否,41.7,0.7,5.63
300650,日线,2026-06-17,13.0,50,B,6.47,17.39,13.95,168.8,31.5,LEG1,否,否,42.4,0.94,13.67
688132,日线,2026-06-17,14.3,50,B,11.27,15.51,16.52,37.6,-23.8,LEG1,否,否,38.3,0.76,16.19
300608,日线,2026-06-17,11.92,50,B,7.93,12.75,12.27,60.8,10.0,LEG1,否,否,43.4,0.49,12.02
603915,日线,2026-06-17,15.83,50,B,7.74,17.02,14.08,119.9,31.7,LEG1,否,否,44.0,0.52,13.8
603919,日线,2026-06-17,18.49,50,B,15.47,22.91,17.4,48.1,74.1,LEG1,否,否,40.5,0.46,17.05
300617,日线,2026-06-17,58.7,50,B,20.11,74.0,50.02,268.0,44.5,LEG1,否,否,47.4,0.77,49.02
301589,日线,2026-06-17,149.86,50,B,132.0,192.3,163.53,45.7,47.7,LEG1,否,否,44.9,0.6,160.26
301606,日线,2026-06-17,63.98,50,B,25.34,84.4,66.74,233.1,29.9,LEG1,否,否,42.3,0.67,65.41
000826,日线,2026-06-17,2.17,50,B,1.35,2.41,1.77,78.5,60.4,LEG1,否,否,46.3,0.49,1.73
000852,日线,2026-06-17,5.6,50,B,4.94,7.55,6.71,52.8,32.2,LEG1,否,否,34.2,0.99,6.58
600927,日线,2026-06-17,12.77,50,B,10.5,16.3,13.4,55.2,50.0,LEG1,否,否,42.6,0.69,13.13
300943,日线,2026-06-17,34.5,50,B,6.55,43.86,25.9,569.6,48.1,LEG1,否,否,45.0,0.84,25.38
300946,日线,2026-06-17,46.91,50,B,17.46,49.96,41.19,186.1,27.0,LEG1,否,否,43.8,0.72,40.37
002757,日线,2026-06-17,21.07,50,B,9.95,32.8,18.98,229.6,60.5,LEG1,否,否,40.9,0.82,18.6
000883,日线,2026-06-17,4.94,50,B,3.95,5.46,4.75,38.2,47.0,READY,否,否,43.7,0.66,4.66
601827,日线,2026-06-17,7.72,50,B,6.69,8.65,7.74,29.3,46.4,LEG1,否,否,41.9,0.54,7.59
002922,日线,2026-06-17,36.9,50,B,9.81,48.77,34.55,397.1,36.5,LEG1,否,否,46.2,0.74,33.86
000062,日线,2026-06-17,31.75,50,B,7.78,36.6,17.91,370.4,64.9,LEG1,否,否,51.2,0.7,17.55
600761,日线,2026-06-17,16.73,50,B,14.31,21.25,17.5,48.5,54.0,LEG1,否,否,42.1,0.49,17.15
300018,日线,2026-06-17,12.3,50,B,3.43,16.36,5.38,377.0,84.9,LEG1,否,否,44.6,0.67,5.27
603356,日线,2026-06-17,18.52,50,B,8.2,20.81,15.3,153.8,43.7,LEG1,否,否,53.7,0.63,14.99
002226,日线,2026-06-17,5.05,50,B,3.56,6.63,5.31,86.2,43.0,LEG1,否,否,46.7,0.78,5.2
300600,日线,2026-06-17,10.47,50,B,4.84,12.13,11.55,150.6,8.0,LEG1,否,否,38.3,0.78,11.32
601882,日线,2026-06-17,20.69,50,B,17.5,21.85,18.75,24.9,71.3,LEG1,否,否,46.4,0.71,18.38
399750,日线,2026-06-17,8970.13,50,B,6748.41,9528.54,7644.95,41.2,67.8,LEG1,否,否,45.8,0.84,7492.05
399348,日线,2026-06-17,6503.98,50,B,4733.1,6679.89,5432.83,41.1,64.1,LEG1,否,否,47.1,0.85,5324.17
600238,日线,2026-06-17,4.93,50,B,3.54,5.3,4.91,49.7,22.2,LEG1,否,否,40.2,0.65,4.81
688410,日线,2026-06-17,14.74,50,B,7.71,18.47,13.46,139.6,46.6,READY,否,否,45.0,0.72,13.19
399286,日线,2026-06-17,3344.87,47,C,2207.41,3871.76,3577.07,75.4,17.7,LEG1,否,否,37.1,1.09,3505.53
300988,日线,2026-06-17,17.7,47,C,10.54,31.19,20.55,195.9,51.5,LEG1,否,否,36.2,1.11,20.14
600975,日线,2026-06-17,4.48,47,C,5.04,5.7,5.39,13.1,47.0,LEG1,否,否,10.5,1.13,5.28
300961,日线,2026-06-17,11.0,47,C,5.65,15.0,11.9,165.5,33.2,LEG1,否,否,28.7,1.24,11.66
300147,日线,2026-06-17,9.08,47,C,3.0,11.18,5.52,272.7,69.2,LEG1,否,否,27.4,1.22,5.41
300144,日线,2026-06-17,6.14,47,C,6.93,8.0,7.58,15.4,39.3,READY,否,否,26.2,1.15,7.43
300137,日线,2026-06-17,16.92,47,C,3.36,19.98,5.14,494.6,89.3,LEG1,否,否,37.3,1.05,5.04
688486,日线,2026-06-17,53.65,47,C,39.43,92.58,67.59,134.8,47.0,READY,否,否,21.2,1.09,66.24
002451,日线,2026-06-17,7.7,47,C,4.07,10.48,9.19,157.5,20.1,LEG1,否,否,33.3,1.2,9.01
603100,日线,2026-06-17,17.4,47,C,15.61,21.59,18.5,38.3,51.7,LEG1,否,否,23.1,1.06,18.13
603719,日线,2026-06-17,8.97,47,C,9.46,10.78,10.57,14.0,15.9,LEG1,否,否,25.1,1.24,10.36
603717,日线,2026-06-17,6.17,47,C,4.38,7.1,6.26,62.1,30.9,LEG1,否,否,23.9,1.05,6.13
002599,日线,2026-06-17,5.6,47,C,3.9,7.72,6.83,97.9,23.3,LEG1,否,否,20.3,1.06,6.69
600560,日线,2026-06-17,12.05,47,C,10.88,13.72,13.92,26.1,-7.0,LEG1,否,否,30.8,1.12,13.64
603680,日线,2026-06-17,11.01,47,C,5.48,15.3,12.15,179.2,32.1,LEG1,否,否,27.4,1.03,11.91
002596,日线,2026-06-17,3.4,47,C,1.25,3.91,3.6,212.8,11.7,LEG1,否,否,25.0,1.05,3.53
002212,日线,2026-06-17,6.23,47,C,3.99,7.98,7.12,100.0,21.6,LEG1,否,否,36.8,1.06,6.98
002908,日线,2026-06-17,6.94,47,C,6.48,8.81,8.07,36.0,31.8,LEG1,否,否,25.2,1.05,7.91
300051,日线,2026-06-17,9.81,47,C,5.81,17.1,9.21,194.3,69.9,LEG1,否,否,30.3,1.08,9.03
300043,日线,2026-06-17,4.21,47,C,2.05,6.21,5.66,202.9,13.2,LEG1,否,否,25.0,1.2,5.55
688189,日线,2026-06-17,6.55,47,C,5.22,11.39,7.2,118.2,67.9,LEG1,否,否,38.0,1.17,7.06
601825,日线,2026-06-17,8.39,47,C,5.93,8.98,8.29,51.4,22.6,LEG1,否,否,33.9,1.04,8.12
601816,日线,2026-06-17,4.73,47,C,4.66,5.25,4.89,12.7,61.0,LEG1,否,否,24.2,1.17,4.79
603927,日线,2026-06-17,14.13,47,C,14.9,17.5,16.1,17.4,53.8,LEG1,否,否,28.9,1.1,15.78
601919,日线,2026-06-17,14.04,47,C,9.21,15.2,12.74,65.0,41.1,LEG1,否,否,35.7,1.05,12.49
601801,日线,2026-06-17,5.2,47,C,5.17,5.86,5.94,13.3,-11.6,LEG1,否,否,20.3,1.04,5.82
300642,日线,2026-06-17,12.52,47,C,9.94,17.25,15.26,73.5,27.2,LEG1,否,否,24.7,1.02,14.95
002186,日线,2026-06-17,8.81,47,C,7.83,9.87,9.7,26.1,8.3,LEG1,否,否,25.0,1.07,9.51
600802,日线,2026-06-17,4.57,47,C,2.58,5.92,5.29,129.5,18.9,LEG1,否,否,21.7,1.07,5.18
688166,日线,2026-06-17,40.38,47,C,19.63,72.88,44.9,271.3,52.5,LEG1,否,否,14.4,1.02,44.0
002615,日线,2026-06-17,7.39,47,C,4.89,8.44,7.41,72.6,29.0,LEG1,否,否,30.9,1.11,7.26
002614,日线,2026-06-17,4.72,47,C,5.08,6.37,5.56,25.4,62.8,READY,否,否,22.2,1.18,5.45
600212,日线,2026-06-17,5.83,47,C,4.34,7.75,7.05,78.6,20.5,LEG1,否,否,29.2,1.11,6.91
688137,日线,2026-06-17,34.81,47,C,28.56,54.0,36.5,89.1,68.8,LEG1,否,否,8.6,1.03,35.77
601997,日线,2026-06-17,5.58,47,C,4.63,6.06,5.49,30.9,39.9,LEG1,否,否,25.8,1.05,5.38
002238,日线,2026-06-17,5.76,47,C,6.65,7.64,8.21,14.9,-57.6,LEG1,否,否,18.5,1.01,8.05
002229,日线,2026-06-17,12.11,47,C,7.93,15.19,12.99,91.6,30.3,LEG1,否,否,25.6,1.1,12.73
300575,日线,2026-06-17,5.36,47,C,4.91,7.02,5.95,43.0,50.7,LEG1,否,否,19.7,1.05,5.83
002120,日线,2026-06-17,6.41,47,C,5.66,8.34,6.32,47.3,75.4,LEG1,否,否,28.0,1.16,6.19
601619,日线,2026-06-17,4.6,47,C,2.64,5.75,4.65,117.8,35.4,READY,否,否,25.9,1.01,4.56
300677,日线,2026-06-17,41.32,47,C,17.2,48.93,42.68,184.5,19.7,LEG1,否,否,23.9,1.23,41.83
300662,日线,2026-06-17,18.6,47,C,12.54,25.58,22.7,104.0,22.1,LEG1,否,否,26.5,1.12,22.25
300659,日线,2026-06-17,10.19,47,C,11.1,13.77,12.15,24.1,60.7,LEG1,否,否,29.0,1.14,11.91
601811,日线,2026-06-17,11.72,47,C,10.75,13.25,12.6,23.3,26.0,LEG1,否,否,16.1,1.04,12.35
600405,日线,2026-06-17,4.04,47,C,3.2,4.93,4.36,54.1,32.9,LEG1,否,否,25.3,1.21,4.27
301259,日线,2026-06-17,25.37,47,C,13.88,45.2,29.28,225.6,50.8,LEG1,否,否,38.9,1.09,28.69
002545,日线,2026-06-17,18.55,47,C,5.62,24.81,21.34,341.5,18.1,LEG1,否,否,27.9,1.25,20.91
002573,日线,2026-06-17,3.2,47,C,3.16,3.52,3.58,11.4,-16.7,LEG1,否,否,29.4,1.03,3.51
300284,日线,2026-06-17,5.55,47,C,4.06,6.23,6.29,53.4,-2.8,LEG1,否,否,31.7,1.1,6.16
300281,日线,2026-06-17,6.86,47,C,2.77,8.06,7.23,191.0,15.7,LEG1,否,否,31.5,1.12,7.09
301367,日线,2026-06-17,40.39,47,C,56.37,71.7,63.71,27.2,52.1,LEG1,否,否,18.1,1.05,62.44
600252,日线,2026-06-17,1.97,47,C,1.87,2.31,2.17,23.5,31.8,LEG1,否,否,20.4,1.13,2.13
002103,日线,2026-06-17,6.24,47,C,4.55,8.39,7.89,84.4,13.0,LEG1,否,否,16.4,1.07,7.73
603168,日线,2026-06-17,5.08,47,C,5.73,6.8,6.28,18.7,48.6,LEG1,否,否,18.7,1.24,6.15
603648,日线,2026-06-17,8.42,47,C,7.06,10.3,9.18,45.9,34.6,LEG1,否,否,24.6,1.05,9.0
002638,日线,2026-06-17,3.98,47,C,1.33,4.78,2.09,259.4,78.0,LEG1,否,否,31.8,1.11,2.05
002633,日线,2026-06-17,16.19,47,C,4.85,20.97,12.58,332.4,52.0,LEG1,否,否,24.8,1.02,12.33
002128,日线,2026-06-17,24.36,47,C,13.56,32.32,28.61,138.3,19.8,LEG1,否,否,16.6,1.03,28.04
600825,日线,2026-06-17,4.55,47,C,3.5,5.45,5.36,55.7,4.6,LEG1,否,否,26.2,1.25,5.25
600815,日线,2026-06-17,2.89,47,C,1.77,5.11,3.7,188.7,42.2,LEG1,否,否,19.7,1.12,3.63
000529,日线,2026-06-17,4.63,47,C,4.46,5.33,5.41,19.5,-9.2,LEG1,否,否,17.3,1.28,5.3
300692,日线,2026-06-17,7.53,47,C,4.12,9.34,7.6,126.7,33.3,READY,否,否,31.8,1.2,7.45
600128,日线,2026-06-17,8.37,47,C,5.24,10.81,9.32,106.3,26.8,LEG1,否,否,22.5,1.07,9.13
002117,日线,2026-06-17,8.61,47,C,5.41,10.78,9.42,99.3,25.3,LEG1,否,否,25.3,1.01,9.23
603983,日线,2026-06-17,21.76,47,C,20.17,24.45,22.48,21.2,46.0,LEG1,否,否,34.9,1.19,22.03
603970,日线,2026-06-17,10.34,47,C,11.49,13.45,12.25,17.1,61.2,LEG1,否,否,12.3,1.25,12.0
300056,日线,2026-06-17,8.1,47,C,5.93,12.5,8.36,110.8,63.0,LEG1,否,否,16.7,1.02,8.19
600223,日线,2026-06-17,5.34,47,C,5.74,6.9,6.46,20.2,37.9,LEG1,否,否,22.2,1.25,6.33
603900,日线,2026-06-17,6.07,47,C,3.37,8.45,8.1,150.7,6.9,LEG1,否,否,22.9,1.1,7.94
603879,日线,2026-06-17,4.59,47,C,1.86,6.13,5.15,229.6,23.0,LEG1,否,否,25.8,1.09,5.05
000565,日线,2026-06-17,6.2,47,C,3.44,8.78,6.25,155.2,47.4,READY,否,否,24.4,1.01,6.12
300713,日线,2026-06-17,13.95,47,C,8.17,18.98,15.05,132.3,36.4,LEG1,否,否,33.6,1.14,14.75
002659,日线,2026-06-17,4.02,47,C,2.73,5.45,4.89,99.6,20.6,LEG1,否,否,23.5,1.02,4.79
002652,日线,2026-06-17,4.67,47,C,1.58,6.71,4.66,324.7,40.0,LEG1,否,否,34.0,1.13,4.57
603188,日线,2026-06-17,4.2,47,C,1.84,5.41,4.43,194.0,27.5,LEG1,否,否,29.7,1.03,4.34
688117,日线,2026-06-17,23.12,47,C,16.46,38.5,31.55,133.9,31.5,LEG1,否,否,27.3,1.09,30.92
600148,日线,2026-06-17,15.91,47,C,9.25,19.64,16.0,112.3,35.0,READY,否,否,30.3,1.0,15.68
002267,日线,2026-06-17,6.91,47,C,5.76,7.73,7.25,34.2,24.4,LEG1,否,否,22.0,1.08,7.1
002279,日线,2026-06-17,6.48,47,C,3.94,7.4,6.58,87.8,23.7,LEG1,否,否,32.5,1.02,6.45
600137,日线,2026-06-17,17.95,47,C,9.66,21.51,17.87,122.7,30.7,LEG1,否,否,23.9,1.0,17.51
603022,日线,2026-06-17,8.92,47,C,5.93,11.8,9.51,99.0,39.0,LEG1,否,否,18.5,1.03,9.32
603128,日线,2026-06-17,5.16,47,C,4.99,5.58,5.44,11.8,23.7,LEG1,否,否,30.6,1.27,5.33
002565,日线,2026-06-17,13.59,47,C,2.16,16.12,14.06,646.3,14.8,LEG1,否,否,31.5,1.04,13.78
002563,日线,2026-06-17,5.22,47,C,4.34,5.57,5.29,28.3,22.8,LEG1,否,否,27.4,1.02,5.18
002555,日线,2026-06-17,17.35,47,C,12.04,20.02,19.02,66.3,12.5,LEG1,否,否,27.7,1.05,18.64
002551,日线,2026-06-17,2.81,47,C,2.11,3.64,3.18,72.5,30.1,LEG1,否,否,22.6,1.04,3.12
301198,日线,2026-06-17,14.39,47,C,5.85,19.45,10.08,232.5,68.9,LEG1,否,否,30.1,1.18,9.88
002836,日线,2026-06-17,10.2,47,C,4.01,13.66,8.21,240.6,56.5,LEG1,否,否,22.5,1.03,8.05
002875,日线,2026-06-17,16.57,47,C,7.11,26.8,10.14,276.9,84.6,LEG1,否,否,23.8,1.13,9.94
605033,日线,2026-06-17,18.22,47,C,9.73,24.24,21.05,149.1,22.0,LEG1,否,否,20.9,1.1,20.63
605001,日线,2026-06-17,5.82,47,C,3.71,7.66,6.72,106.5,23.8,LEG1,否,否,19.7,1.04,6.59
301219,日线,2026-06-17,59.24,47,C,27.6,93.98,51.63,240.5,63.8,READY,否,否,37.5,1.07,50.6
603021,日线,2026-06-17,5.94,47,C,2.32,7.89,4.42,240.1,62.3,LEG1,否,否,22.3,1.18,4.33
002321,日线,2026-06-17,1.76,47,C,1.31,1.97,1.86,50.4,16.7,LEG1,否,否,23.8,1.06,1.82
603018,日线,2026-06-17,6.72,47,C,5.94,7.77,6.87,30.8,49.2,READY,否,否,32.9,1.09,6.73
603296,日线,2026-06-17,79.46,47,C,42.84,126.69,97.15,195.7,35.2,READY,否,否,20.9,1.1,95.21
603291,日线,2026-06-17,8.77,47,C,8.96,12.92,11.03,44.2,47.7,LEG1,否,否,15.5,1.08,10.81
002966,日线,2026-06-17,8.0,47,C,6.6,8.39,7.88,27.1,28.5,LEG1,否,否,36.8,1.11,7.72
002959,日线,2026-06-17,33.18,47,C,34.8,47.25,40.72,35.8,52.4,LEG1,否,否,15.4,1.12,39.91
002949,日线,2026-06-17,10.67,47,C,7.68,14.92,12.9,94.3,27.9,LEG1,否,否,15.4,1.17,12.64
002946,日线,2026-06-17,15.39,47,C,7.88,18.82,14.13,138.8,42.9,LEG1,否,否,28.1,1.23,13.85
002943,日线,2026-06-17,51.58,47,C,14.85,95.6,49.2,543.8,57.5,READY,否,否,30.1,1.22,48.22
002942,日线,2026-06-17,15.52,47,C,9.42,20.5,17.66,117.6,25.6,LEG1,否,否,23.7,1.02,17.31
600423,日线,2026-06-17,2.37,47,C,1.97,2.86,3.37,45.2,-57.3,LEG1,否,否,15.5,1.06,3.3
300529,日线,2026-06-17,15.8,47,C,15.88,20.21,17.27,27.3,67.9,LEG1,否,否,18.2,1.08,16.92
603860,日线,2026-06-17,25.89,47,C,20.46,33.38,27.53,63.1,45.3,LEG1,否,否,19.3,1.04,26.98
300514,日线,2026-06-17,9.94,47,C,9.05,12.9,11.5,42.5,36.4,LEG1,否,否,28.5,1.03,11.27
300511,日线,2026-06-17,5.43,47,C,2.4,8.48,6.67,253.3,29.8,LEG1,否,否,15.3,1.01,6.54
300500,日线,2026-06-17,9.69,47,C,6.51,12.6,8.95,93.5,59.9,READY,否,否,25.4,1.05,8.77
301166,日线,2026-06-17,25.88,47,C,22.81,32.69,29.01,43.3,37.2,LEG1,否,否,20.5,1.2,28.43
000619,日线,2026-06-17,4.82,47,C,3.66,6.27,5.42,71.3,32.6,LEG1,否,否,16.9,1.22,5.31
000589,日线,2026-06-17,4.33,47,C,4.14,4.82,4.65,16.4,25.0,LEG1,否,否,22.7,1.2,4.56
601500,日线,2026-06-17,3.89,47,C,3.8,4.79,4.18,26.1,61.6,LEG1,否,否,26.7,1.08,4.1
603182,日线,2026-06-17,12.1,47,C,8.41,15.55,12.38,84.9,44.4,READY,否,否,22.4,1.0,12.13
603180,日线,2026-06-17,14.8,47,C,15.34,19.28,18.01,25.7,32.2,LEG1,否,否,30.9,1.19,17.65
002677,日线,2026-06-17,6.28,47,C,6.21,7.53,7.12,21.3,31.1,LEG1,否,否,20.8,1.16,6.98
603616,日线,2026-06-17,5.87,47,C,2.61,8.02,5.38,207.3,48.8,LEG1,否,否,37.5,1.01,5.27
603609,日线,2026-06-17,6.0,47,C,5.96,7.1,6.72,19.1,33.3,LEG1,否,否,28.0,1.04,6.59
300226,日线,2026-06-17,16.81,47,C,14.73,26.22,23.32,78.0,25.2,LEG1,否,否,15.6,1.16,22.85
601388,日线,2026-06-17,3.16,47,C,1.74,3.77,3.1,116.7,33.0,READY,否,否,31.9,1.06,3.04
301122,日线,2026-06-17,24.77,47,C,14.61,31.2,27.62,113.6,21.6,LEG1,否,否,31.8,1.13,27.07
605088,日线,2026-06-17,31.53,47,C,14.42,36.16,32.94,150.8,14.8,LEG1,否,否,24.1,1.03,32.28
605080,日线,2026-06-17,21.46,47,C,13.18,27.23,25.9,106.6,9.5,LEG1,否,否,36.9,1.02,25.38
002037,日线,2026-06-17,6.59,47,C,4.68,8.91,7.7,90.4,28.6,LEG1,否,否,20.5,1.07,7.55
002027,日线,2026-06-17,5.12,47,C,5.22,6.48,6.04,24.1,34.9,LEG1,否,否,26.1,1.07,5.92
301160,日线,2026-06-17,44.2,47,C,26.39,63.66,40.61,141.2,61.8,READY,否,否,35.4,1.23,39.8
301155,日线,2026-06-17,45.72,47,C,33.77,72.0,54.8,113.2,45.0,LEG1,否,否,21.3,1.02,53.7
301130,日线,2026-06-17,25.08,47,C,15.2,33.85,27.19,122.7,35.7,LEG1,否,否,19.1,1.07,26.65
000659,日线,2026-06-17,3.56,47,C,1.28,4.54,3.55,254.7,30.4,LEG1,否,否,36.9,1.09,3.48
600415,日线,2026-06-17,11.35,47,C,6.78,14.36,15.58,111.8,-16.1,LEG1,否,否,37.9,1.05,15.27
688685,日线,2026-06-17,43.32,47,C,19.1,58.28,44.22,205.1,35.9,READY,否,否,33.6,1.06,43.34
300318,日线,2026-06-17,4.5,47,C,3.43,6.08,5.29,77.3,29.8,LEG1,否,否,20.9,1.07,5.18
600568,日线,2026-06-17,2.42,47,C,1.13,2.77,2.29,145.1,29.3,LEG1,否,否,25.2,1.25,2.24
300315,日线,2026-06-17,4.03,47,C,3.77,5.3,4.66,40.6,41.8,LEG1,否,否,25.5,1.02,4.57
002360,日线,2026-06-17,5.31,47,C,3.95,6.39,5.67,61.8,29.5,LEG1,否,否,25.0,1.04,5.56
603409,日线,2026-06-17,31.7,47,C,30.68,41.59,37.59,35.6,36.7,LEG1,否,否,21.4,1.17,36.84
002701,日线,2026-06-17,4.36,47,C,3.57,5.6,4.92,56.9,33.5,READY,否,否,21.0,1.07,4.82
002698,日线,2026-06-17,11.16,47,C,10.36,12.8,13.5,23.6,-28.7,LEG1,否,否,24.3,1.18,13.23
002695,日线,2026-06-17,11.32,47,C,5.88,12.5,9.51,112.6,45.2,LEG1,否,否,36.0,1.19,9.32
002682,日线,2026-06-17,4.73,47,C,2.92,6.33,5.49,116.8,24.6,LEG1,否,否,30.8,1.11,5.38
300779,日线,2026-06-17,61.38,47,C,28.34,95.42,65.76,236.7,44.2,LEG1,否,否,35.2,1.05,64.44
601298,日线,2026-06-17,8.54,47,C,6.43,9.63,8.48,49.8,35.9,LEG1,否,否,28.0,1.2,8.31
601279,日线,2026-06-17,3.29,47,C,2.88,4.06,3.77,41.0,24.6,LEG1,否,否,20.7,1.08,3.69
301469,日线,2026-06-17,30.11,47,C,19.18,38.68,30.04,101.7,44.3,LEG1,否,否,35.1,1.01,29.44
002337,日线,2026-06-17,4.82,47,C,3.3,6.45,5.86,95.5,18.7,LEG1,否,否,23.6,1.21,5.74
603825,日线,2026-06-17,6.99,47,C,6.23,8.46,8.0,35.8,20.6,LEG1,否,否,26.5,1.22,7.84
603810,日线,2026-06-17,11.89,47,C,7.4,15.9,14.6,114.9,15.3,LEG1,否,否,13.7,1.01,14.31
002365,日线,2026-06-17,10.74,47,C,5.45,14.24,17.4,161.3,-35.9,LEG1,否,否,24.1,1.24,17.05
600089,日线,2026-06-17,23.44,47,C,10.85,29.67,21.2,173.5,45.0,LEG1,否,否,37.1,1.03,20.78
600084,日线,2026-06-17,4.1,47,C,4.16,5.15,6.61,23.8,-147.5,LEG1,否,否,18.5,1.15,6.48
300823,日线,2026-06-17,15.68,47,C,9.98,19.68,15.07,97.2,47.5,LEG1,否,否,33.6,1.03,14.77
605155,日线,2026-06-17,13.48,47,C,7.73,17.71,14.95,129.1,27.7,LEG1,否,否,34.6,1.11,14.65
605138,日线,2026-06-17,6.13,47,C,4.4,8.1,6.21,84.1,51.1,LEG1,否,否,20.4,1.12,6.09
300800,日线,2026-06-17,9.87,47,C,7.17,13.06,10.81,82.1,38.2,LEG1,否,否,22.0,1.08,10.59
300075,日线,2026-06-17,11.38,47,C,10.4,12.75,12.0,22.6,31.9,LEG1,否,否,23.9,1.14,11.76
300074,日线,2026-06-17,3.71,47,C,2.41,4.69,3.92,94.6,33.8,LEG1,否,否,22.3,1.1,3.84
603486,日线,2026-06-17,53.32,47,C,27.76,61.58,59.67,121.8,5.6,LEG1,否,否,26.9,1.0,58.48
688075,日线,2026-06-17,30.9,47,C,28.76,38.58,36.0,34.1,26.3,LEG1,否,否,19.7,1.25,35.28
603208,日线,2026-06-17,10.9,47,C,12.15,13.8,12.78,13.6,61.8,LEG1,否,否,19.7,1.09,12.52
300839,日线,2026-06-17,14.08,47,C,4.9,20.74,13.68,323.3,44.6,READY,否,否,27.9,1.14,13.41
300838,日线,2026-06-17,14.66,47,C,8.85,22.36,13.89,152.7,62.7,LEG1,否,否,32.3,1.01,13.61
600582,日线,2026-06-17,5.01,47,C,5.16,5.81,5.64,12.6,26.2,LEG1,否,否,21.0,1.13,5.53
002968,日线,2026-06-17,8.96,47,C,7.05,12.43,9.13,76.3,61.3,READY,否,否,20.1,1.09,8.95
600725,日线,2026-06-17,3.51,47,C,1.89,4.07,4.18,115.3,-5.0,LEG1,否,否,16.2,1.18,4.1
002381,日线,2026-06-17,5.38,47,C,5.5,6.84,6.3,24.4,40.3,LEG1,否,否,25.9,1.17,6.17
601088,日线,2026-06-17,41.86,47,C,32.65,51.18,39.52,56.8,62.9,LEG1,否,否,21.7,1.05,38.73
001317,日线,2026-06-17,45.48,47,C,21.18,61.8,42.66,191.8,47.1,LEG1,否,否,25.3,1.06,41.81
300845,日线,2026-06-17,13.04,47,C,8.08,15.4,13.54,90.6,25.4,LEG1,否,否,25.8,1.18,13.27
002825,日线,2026-06-17,9.33,47,C,4.81,11.59,10.1,141.0,22.0,LEG1,否,否,31.8,1.17,9.9
603506,日线,2026-06-17,10.15,47,C,6.53,13.73,11.31,110.3,33.6,LEG1,否,否,20.7,1.02,11.08
300126,日线,2026-06-17,6.24,47,C,3.26,8.5,7.14,160.7,26.0,LEG1,否,否,24.9,1.08,7.0
603222,日线,2026-06-17,7.99,47,C,4.7,10.77,9.13,129.1,27.0,LEG1,否,否,30.3,1.19,8.95
301097,日线,2026-06-17,36.38,47,C,28.5,64.63,48.23,126.8,45.4,LEG1,否,否,25.1,1.04,47.27
000729,日线,2026-06-17,10.46,47,C,7.59,13.08,10.94,72.3,39.0,READY,否,否,25.8,1.26,10.72
001219,日线,2026-06-17,12.39,47,C,10.16,13.97,13.18,37.5,20.7,LEG1,否,否,14.3,1.1,12.92
688302,日线,2026-06-17,34.35,47,C,22.6,47.07,40.2,108.3,28.1,LEG1,否,否,32.7,1.12,39.4
688301,日线,2026-06-17,120.85,47,C,82.51,214.6,102.2,160.1,85.1,LEG1,否,否,27.3,1.16,100.16
688298,日线,2026-06-17,19.58,47,C,21.14,26.88,22.29,27.2,80.0,LEG1,否,否,31.9,1.06,21.84
002530,日线,2026-06-17,7.35,47,C,5.4,8.19,7.44,51.7,26.9,LEG1,否,否,30.5,1.18,7.29
002513,日线,2026-06-17,5.2,47,C,3.02,6.29,5.31,108.3,30.0,LEG1,否,否,29.4,1.04,5.2
603109,日线,2026-06-17,17.64,47,C,10.35,22.3,18.91,115.5,28.4,LEG1,否,否,24.6,1.02,18.53
603102,日线,2026-06-17,33.57,47,C,28.06,42.14,37.33,50.2,34.2,LEG1,否,否,21.2,1.27,36.58
000756,日线,2026-06-17,12.01,47,C,12.51,15.45,13.91,23.5,52.4,LEG1,否,否,24.4,1.23,13.63
000812,日线,2026-06-17,3.32,47,C,3.37,4.13,3.82,22.6,40.8,LEG1,否,否,22.6,1.04,3.74
000807,日线,2026-06-17,25.0,47,C,9.73,32.16,26.63,230.5,24.7,LEG1,否,否,27.5,1.09,26.1
603587,日线,2026-06-17,11.61,47,C,10.04,13.29,11.49,32.4,55.4,LEG1,否,否,24.7,1.07,11.26
603557,日线,2026-06-17,4.15,47,C,1.26,5.03,2.49,299.2,67.4,LEG1,否,否,25.4,1.24,2.44
603530,日线,2026-06-17,52.9,47,C,13.16,59.96,54.37,355.6,11.9,LEG1,否,否,39.7,1.04,53.28
603511,日线,2026-06-17,12.31,47,C,10.0,14.15,13.42,41.5,17.6,LEG1,否,否,25.0,1.09,13.15
603055,日线,2026-06-17,7.86,47,C,7.78,8.89,8.88,14.3,0.9,LEG1,否,否,31.0,1.1,8.7
300425,日线,2026-06-17,4.05,47,C,3.71,5.07,4.63,36.7,32.4,LEG1,否,否,24.6,1.15,4.54
300417,日线,2026-06-17,10.98,47,C,4.72,15.78,11.5,234.3,38.7,LEG1,否,否,20.8,1.12,11.27
300412,日线,2026-06-17,4.17,47,C,2.53,5.37,4.78,112.3,20.8,LEG1,否,否,25.4,1.08,4.68
002424,日线,2026-06-17,4.34,47,C,2.98,4.8,4.56,61.1,13.2,LEG1,否,否,30.3,1.07,4.47
603808,日线,2026-06-17,8.43,47,C,5.72,10.08,8.75,76.2,30.5,READY,否,否,23.1,1.15,8.57
301533,日线,2026-06-17,25.33,47,C,19.52,33.7,30.0,72.6,26.1,LEG1,否,否,19.6,1.08,29.4
301520,日线,2026-06-17,24.18,47,C,33.45,43.89,40.1,31.2,36.3,LEG1,否,否,7.9,1.19,39.3
688533,日线,2026-06-17,23.15,47,C,20.18,28.27,30.04,40.1,-21.9,LEG1,否,否,32.1,1.09,29.44
001213,日线,2026-06-17,3.56,47,C,3.55,4.03,3.72,13.5,64.6,READY,否,否,24.4,1.12,3.65
000801,日线,2026-06-17,11.58,47,C,6.3,13.86,13.0,120.0,11.4,LEG1,否,否,27.7,1.01,12.74
000797,日线,2026-06-17,2.33,47,C,2.17,2.68,2.47,23.5,41.2,LEG1,否,否,21.0,1.16,2.42
000796,日线,2026-06-17,4.25,47,C,2.7,4.87,5.12,80.4,-11.5,LEG1,否,否,28.2,1.19,5.02
000790,日线,2026-06-17,3.7,47,C,3.02,4.65,3.79,54.0,52.8,LEG1,否,否,37.2,1.01,3.71
000789,日线,2026-06-17,4.16,47,C,4.12,4.64,5.03,12.6,-75.0,LEG1,否,否,14.9,1.21,4.93
000761,日线,2026-06-17,2.26,47,C,2.18,2.8,2.82,28.4,-3.2,LEG1,否,否,19.6,1.13,2.76
000757,日线,2026-06-17,3.71,47,C,2.29,5.0,4.43,118.3,21.0,LEG1,否,否,20.6,1.06,4.34
688569,日线,2026-06-17,17.8,47,C,17.47,21.12,19.66,20.9,40.0,LEG1,否,否,35.5,1.07,19.27
603797,日线,2026-06-17,4.02,47,C,2.98,4.99,4.25,67.4,36.8,LEG1,否,否,24.1,1.01,4.17
002419,日线,2026-06-17,4.46,47,C,3.93,5.01,4.71,27.5,27.8,LEG1,否,否,26.7,1.01,4.62
603081,日线,2026-06-17,9.39,47,C,7.62,13.33,11.11,74.9,38.9,LEG1,否,否,19.1,1.06,10.89
300387,日线,2026-06-17,7.2,47,C,4.46,8.2,8.29,83.9,-2.4,LEG1,否,否,24.1,1.03,8.12
300385,日线,2026-06-17,13.36,47,C,3.0,15.42,13.3,414.0,17.1,LEG1,否,否,32.6,1.08,13.03
600308,日线,2026-06-17,3.25,47,C,2.76,4.03,3.68,46.0,27.6,LEG1,否,否,30.4,1.11,3.61
003016,日线,2026-06-17,6.65,47,C,5.25,8.64,7.46,64.6,34.8,LEG1,否,否,23.6,1.0,7.31
600227,日线,2026-06-17,2.69,47,C,1.04,3.15,3.41,202.9,-12.3,LEG1,否,否,26.2,1.06,3.34
003000,日线,2026-06-17,10.13,47,C,9.72,11.11,10.4,14.3,51.1,READY,否,否,24.1,1.16,10.19
002988,日线,2026-06-17,24.7,47,C,12.74,35.05,27.8,175.1,32.5,LEG1,否,否,27.0,1.18,27.24
300360,日线,2026-06-17,12.31,47,C,12.27,14.97,14.15,22.0,30.4,LEG1,否,否,24.4,1.19,13.87
300342,日线,2026-06-17,44.59,47,C,8.1,74.98,46.94,825.7,41.9,READY,否,否,29.9,1.23,46.0
300332,日线,2026-06-17,4.37,47,C,4.0,5.63,5.47,40.8,9.8,LEG1,否,否,14.4,1.05,5.36
603121,日线,2026-06-17,14.85,47,C,5.26,18.3,16.26,247.9,15.6,LEG1,否,否,30.5,1.02,15.93
002494,日线,2026-06-17,4.72,47,C,2.53,6.39,4.72,152.6,43.3,LEG1,否,否,20.4,1.02,4.63
600305,日线,2026-06-17,6.67,47,C,6.59,7.34,7.17,11.4,22.7,LEG1,否,否,23.9,1.08,7.03
301057,日线,2026-06-17,26.62,47,C,8.13,32.0,31.0,293.6,4.2,LEG1,否,否,31.8,1.03,30.38
301048,日线,2026-06-17,9.04,47,C,6.99,11.34,9.55,62.2,41.1,LEG1,否,否,31.5,1.04,9.36
301042,日线,2026-06-17,76.49,47,C,19.17,113.72,72.09,493.2,44.0,READY,否,否,29.3,1.27,70.65
301039,日线,2026-06-17,7.33,47,C,7.61,9.07,8.46,19.2,41.8,LEG1,否,否,21.1,1.24,8.29
600365,日线,2026-06-17,2.45,47,C,2.19,2.83,2.96,29.2,-20.3,LEG1,否,否,19.4,1.0,2.9
600289,日线,2026-06-17,5.47,47,C,1.05,6.5,5.66,519.0,15.4,LEG1,否,否,23.2,1.0,5.55
600620,日线,2026-06-17,4.26,47,C,3.79,6.19,5.79,63.3,16.7,LEG1,否,否,18.1,1.04,5.67
600616,日线,2026-06-17,4.14,47,C,4.15,5.09,4.83,22.7,27.7,LEG1,否,否,26.0,1.03,4.73
605339,日线,2026-06-17,12.75,47,C,12.64,17.2,15.5,36.1,37.3,LEG1,否,否,32.3,1.17,15.19
605336,日线,2026-06-17,15.05,47,C,9.29,17.4,15.5,87.3,23.4,LEG1,否,否,24.5,1.03,15.19
300928,日线,2026-06-17,30.13,47,C,22.29,37.55,29.11,68.5,55.3,LEG1,否,否,32.5,1.23,28.53
600371,日线,2026-06-17,6.66,47,C,6.2,7.89,8.11,27.3,-13.0,LEG1,否,否,18.1,1.04,7.95
605567,日线,2026-06-17,8.59,47,C,7.15,11.48,9.85,60.6,37.6,LEG1,否,否,21.6,1.08,9.65
605369,日线,2026-06-17,15.68,47,C,16.08,22.68,17.42,41.0,79.7,LEG1,否,否,21.8,1.14,17.07
000948,日线,2026-06-17,12.54,47,C,10.13,15.7,14.64,55.0,19.0,LEG1,否,否,34.9,1.08,14.35
300158,日线,2026-06-17,4.79,47,C,3.13,5.63,4.89,79.9,29.6,LEG1,否,否,26.9,1.08,4.79
002761,日线,2026-06-17,7.18,47,C,7.1,9.28,7.9,30.7,63.3,LEG1,否,否,31.6,1.03,7.74
300958,日线,2026-06-17,11.6,47,C,9.47,14.76,12.9,55.9,35.2,LEG1,否,否,23.0,1.04,12.64
600938,日线,2026-06-17,31.4,47,C,19.88,37.2,23.11,87.1,81.4,LEG1,否,否,24.2,1.14,22.65
600935,日线,2026-06-17,2.23,47,C,1.98,2.5,2.36,26.3,26.9,LEG1,否,否,26.8,1.27,2.31
301538,日线,2026-06-17,66.42,47,C,50.12,120.8,73.0,141.0,67.6,LEG1,否,否,23.1,1.19,71.54
600722,日线,2026-06-17,8.87,47,C,3.02,14.8,13.0,390.1,15.3,LEG1,否,否,28.9,1.12,12.74
002437,日线,2026-06-17,2.57,47,C,1.66,3.99,2.74,140.4,53.6,LEG1,否,否,14.2,1.19,2.69
600170,日线,2026-06-17,2.42,47,C,1.88,2.64,2.47,40.4,22.4,LEG1,否,否,37.9,1.22,2.42
002481,日线,2026-06-17,3.87,47,C,3.22,4.31,4.04,33.9,24.8,LEG1,否,否,25.8,1.25,3.96
688398,日线,2026-06-17,25.43,47,C,11.32,30.8,17.6,172.1,67.8,LEG1,否,否,28.9,1.07,17.25
600007,日线,2026-06-17,18.39,47,C,16.52,22.39,20.54,35.5,31.5,BREAKOUT,否,否,21.1,1.1,20.13
399359,日线,2026-06-17,2539.67,47,C,2355.56,2689.15,2566.25,14.2,36.8,LEG1,否,否,31.2,1.11,2514.92
399321,日线,2026-06-17,7035.51,45,C,5743.81,7289.44,6792.08,26.9,32.2,LEG1,否,否,30.1,0.95,6656.24
000905,日线,2026-06-17,8.61,45,C,5.34,11.86,10.35,122.1,23.2,LEG1,否,否,34.0,0.81,10.14
000989,日线,2026-06-17,7.86,45,C,6.1,8.32,7.84,36.4,21.6,LEG1,否,否,39.3,0.74,7.68
399365,日线,2026-06-17,11490.28,45,C,9346.4,14219.63,11463.6,52.1,56.6,READY,否,否,27.2,0.98,11234.33
000010,日线,2026-06-17,2.0,45,C,1.38,2.43,3.64,76.1,-115.2,LEG1,否,否,31.2,0.97,3.57
000009,日线,2026-06-17,6.99,45,C,7.1,9.32,8.42,31.3,40.5,LEG1,否,否,38.4,0.79,8.25
603325,日线,2026-06-17,56.0,45,C,51.75,60.18,69.61,16.3,-111.9,LEG1,否,否,34.6,0.91,68.22
600583,日线,2026-06-17,5.41,45,C,4.75,5.85,5.32,23.2,48.2,READY,否,否,30.4,0.7,5.21
600486,日线,2026-06-17,55.28,45,C,44.0,60.66,55.11,37.9,33.3,LEG1,否,否,37.8,0.85,54.01
600664,日线,2026-06-17,3.07,45,C,2.41,4.09,3.05,69.7,61.9,READY,否,否,28.8,0.8,2.99
600668,日线,2026-06-17,7.29,45,C,7.47,12.01,9.75,60.8,49.8,LEG1,否,否,24.4,0.79,9.55
600642,日线,2026-06-17,9.54,45,C,6.57,10.98,9.31,67.1,37.9,READY,否,否,39.9,0.87,9.12
600645,日线,2026-06-17,18.2,45,C,12.88,20.72,24.27,60.9,-45.3,LEG1,否,否,26.7,0.72,23.78
000019,日线,2026-06-17,6.22,45,C,5.51,6.71,7.43,21.8,-60.0,LEG1,否,否,31.6,0.85,7.28
603708,日线,2026-06-17,9.21,45,C,7.4,10.22,10.16,38.1,2.1,LEG1,否,否,30.4,0.83,9.96
688529,日线,2026-06-17,17.22,45,C,10.61,20.94,16.72,97.4,40.9,LEG1,否,否,39.9,0.79,16.39
688526,日线,2026-06-17,12.28,45,C,11.0,15.05,14.17,36.8,21.7,LEG1,否,否,31.7,0.93,13.89
003017,日线,2026-06-17,26.31,45,C,11.91,34.98,28.68,193.7,27.3,LEG1,否,否,30.1,0.89,28.11
003010,日线,2026-06-17,23.86,45,C,10.03,33.0,23.07,229.0,43.2,READY,否,否,35.1,0.69,22.61
003006,日线,2026-06-17,15.09,45,C,11.8,17.38,14.85,47.3,45.3,LEG1,否,否,37.9,0.47,14.55
002987,日线,2026-06-17,11.48,45,C,9.08,12.67,14.63,39.5,-54.6,LEG1,否,否,37.0,0.94,14.34
688552,日线,2026-06-17,28.81,45,C,12.26,53.79,38.44,338.7,37.0,READY,否,否,37.4,0.67,37.67
688338,日线,2026-06-17,23.93,45,C,18.49,28.71,23.51,55.3,50.9,READY,否,否,31.6,0.68,23.04
688326,日线,2026-06-17,75.77,45,C,54.73,98.65,87.81,80.2,24.7,LEG1,否,否,36.1,0.51,86.05
688543,日线,2026-06-17,40.19,45,C,34.02,66.3,61.88,94.9,13.7,LEG1,否,否,27.7,0.85,60.64
688321,日线,2026-06-17,24.91,45,C,12.47,32.63,23.8,161.7,43.8,READY,否,否,33.6,0.64,23.32
688568,日线,2026-06-17,44.59,45,C,25.52,70.14,52.74,174.8,39.0,LEG1,否,否,37.0,1.0,51.69
688562,日线,2026-06-17,16.38,45,C,11.88,19.69,17.61,65.7,26.6,LEG1,否,否,38.8,0.76,17.26
301509,日线,2026-06-17,26.98,45,C,22.1,48.6,34.72,119.9,52.4,READY,否,否,35.6,0.84,34.03
688588,日线,2026-06-17,9.95,45,C,5.88,12.63,13.8,114.8,-17.3,LEG1,否,否,38.5,0.73,13.52
688579,日线,2026-06-17,8.38,45,C,6.71,10.58,9.66,57.7,23.8,LEG1,否,否,33.8,0.87,9.47
300452,日线,2026-06-17,11.81,45,C,9.92,13.01,12.26,31.1,24.3,LEG1,否,否,28.4,0.67,12.01
002542,日线,2026-06-17,1.47,45,C,1.32,1.72,3.69,30.3,-492.5,LEG1,否,否,32.8,0.76,3.62
002540,日线,2026-06-17,5.04,45,C,4.48,5.8,6.41,29.5,-46.2,LEG1,否,否,29.5,0.76,6.28
002539,日线,2026-06-17,11.9,45,C,6.15,13.67,11.1,122.3,34.2,READY,否,否,39.9,0.57,10.88
002517,日线,2026-06-17,14.58,45,C,8.33,19.32,16.61,131.9,24.7,LEG1,否,否,34.3,0.78,16.28
002402,日线,2026-06-17,25.02,45,C,8.66,33.92,28.13,291.7,22.9,LEG1,否,否,39.9,0.71,27.57
002394,日线,2026-06-17,9.18,45,C,5.41,14.18,11.6,162.1,29.4,LEG1,否,否,18.8,0.72,11.37
603059,日线,2026-06-17,25.75,45,C,16.42,35.85,31.75,118.3,21.1,LEG1,否,否,31.3,0.83,31.11
300427,日线,2026-06-17,7.14,45,C,2.53,12.12,11.24,379.1,9.2,LEG1,否,否,35.8,0.55,11.02
603787,日线,2026-06-17,9.61,45,C,7.22,12.24,11.6,69.5,12.7,LEG1,否,否,28.2,0.88,11.37
002420,日线,2026-06-17,5.51,45,C,2.78,7.44,4.66,167.6,59.7,LEG1,否,否,29.8,0.98,4.57
603079,日线,2026-06-17,12.6,45,C,7.01,16.05,15.17,129.0,9.7,LEG1,否,否,25.0,0.83,14.87
603077,日线,2026-06-17,2.38,45,C,1.61,3.07,2.23,90.7,57.5,READY,否,否,39.7,0.95,2.19
300384,日线,2026-06-17,12.12,45,C,9.24,14.73,13.98,59.4,13.7,LEG1,否,否,39.5,0.79,13.7
300383,日线,2026-06-17,12.55,45,C,6.74,18.18,15.17,169.7,26.3,LEG1,否,否,34.6,0.69,14.87
002431,日线,2026-06-17,1.49,45,C,1.39,1.73,2.51,24.5,-229.4,LEG1,否,否,31.2,0.72,2.46
300494,日线,2026-06-17,8.9,45,C,8.47,9.75,10.8,15.1,-82.0,LEG1,否,否,26.3,0.96,10.58
002544,日线,2026-06-17,19.93,45,C,11.13,28.28,18.87,154.1,54.9,READY,否,否,35.1,0.87,18.49
603696,日线,2026-06-17,12.52,45,C,5.91,16.36,15.13,176.8,11.8,LEG1,否,否,28.0,0.68,14.83
603686,日线,2026-06-17,14.29,45,C,6.98,20.28,17.58,190.5,20.3,LEG1,否,否,30.6,0.77,17.23
600569,日线,2026-06-17,1.77,45,C,1.29,1.96,1.83,51.9,19.4,LEG1,否,否,29.4,0.87,1.79
002343,日线,2026-06-17,4.72,45,C,3.67,5.2,6.1,41.7,-58.8,LEG1,否,否,26.9,0.87,5.98
002342,日线,2026-06-17,10.26,45,C,2.75,12.21,11.34,344.0,9.2,LEG1,否,否,30.3,0.54,11.11
002335,日线,2026-06-17,38.93,45,C,16.66,72.72,52.8,336.5,35.5,LEG1,否,否,37.9,0.8,51.74
300486,日线,2026-06-17,23.11,45,C,3.1,30.16,18.38,872.9,43.5,LEG1,否,否,37.1,0.71,18.01
300485,日线,2026-06-17,8.15,45,C,5.73,9.11,8.45,59.0,19.5,LEG1,否,否,21.6,0.75,8.28
600639,日线,2026-06-17,9.62,45,C,9.08,10.06,10.23,10.8,-17.3,LEG1,否,否,39.3,0.68,10.03
600636,日线,2026-06-17,1.85,45,C,6.01,7.88,7.42,31.1,24.6,LEG1,否,否,22.0,0.56,7.27
603833,日线,2026-06-17,34.06,45,C,40.03,49.45,49.23,23.5,2.3,LEG1,否,否,25.9,0.53,48.25
300471,日线,2026-06-17,9.1,45,C,6.72,12.47,12.38,85.6,1.6,LEG1,否,否,27.6,0.78,12.13
300470,日线,2026-06-17,30.6,45,C,28.7,33.97,30.59,18.4,64.1,READY,否,否,37.9,0.73,29.98
002383,日线,2026-06-17,7.18,45,C,4.78,9.89,9.14,106.9,14.7,LEG1,否,否,28.3,0.83,8.96
600628,日线,2026-06-17,6.01,45,C,5.3,6.56,6.96,23.8,-31.7,LEG1,否,否,29.5,0.84,6.82
600623,日线,2026-06-17,8.4,45,C,5.01,10.39,7.96,107.4,45.2,READY,否,否,39.9,0.57,7.8
603122,日线,2026-06-17,11.82,45,C,4.71,16.4,14.98,248.2,12.1,LEG1,否,否,24.8,0.86,14.68
002562,日线,2026-06-17,4.74,45,C,2.51,6.06,4.65,141.4,39.7,READY,否,否,32.5,0.88,4.56
002560,日线,2026-06-17,8.31,45,C,4.76,16.5,9.04,246.6,63.5,LEG1,否,否,34.8,0.8,8.86
002558,日线,2026-06-17,24.09,45,C,8.06,34.29,33.32,325.4,3.7,LEG1,否,否,32.7,0.83,32.65
002556,日线,2026-06-17,4.95,45,C,3.85,5.37,5.56,39.5,-12.5,LEG1,否,否,25.8,0.87,5.45
002553,日线,2026-06-17,17.29,45,C,7.07,20.5,17.43,190.0,22.9,LEG1,否,否,29.9,0.92,17.08
002550,日线,2026-06-17,5.78,45,C,4.2,8.2,6.96,95.2,31.0,READY,否,否,24.6,0.83,6.82
002546,日线,2026-06-17,6.81,45,C,2.94,8.9,8.59,202.7,5.2,LEG1,否,否,37.4,0.98,8.42
002323,日线,2026-06-17,1.37,45,C,0.92,1.62,2.08,76.1,-65.7,LEG1,否,否,38.7,0.58,2.04
002317,日线,2026-06-17,20.82,45,C,9.85,25.3,17.2,156.9,52.4,LEG1,否,否,27.0,0.97,16.86
002315,日线,2026-06-17,24.45,45,C,21.53,29.82,26.33,38.5,42.1,LEG1,否,否,28.7,0.64,25.8
002306,日线,2026-06-17,2.09,45,C,1.55,2.31,2.01,49.0,39.5,LEG1,否,否,38.9,0.9,1.97
300532,日线,2026-06-17,6.73,45,C,9.09,11.6,11.19,27.6,16.3,LEG1,否,否,34.8,0.71,10.97
002333,日线,2026-06-17,4.88,45,C,4.46,5.37,5.4,20.4,-3.3,LEG1,否,否,39.2,0.85,5.29
002246,日线,2026-06-17,20.32,45,C,5.47,21.91,19.85,300.5,12.5,LEG1,否,否,38.7,0.6,19.45
300569,日线,2026-06-17,4.93,45,C,3.86,6.44,6.13,66.8,12.0,LEG1,否,否,33.8,0.8,6.01
002588,日线,2026-06-17,8.52,45,C,4.72,12.1,8.38,156.4,50.4,READY,否,否,34.1,0.7,8.21
300300,日线,2026-06-17,8.58,45,C,0.96,14.14,11.3,1372.9,21.5,LEG1,否,否,26.4,0.81,11.07
300290,日线,2026-06-17,9.61,45,C,3.5,16.99,13.5,385.4,25.9,LEG1,否,否,29.3,0.55,13.23
300288,日线,2026-06-17,9.46,45,C,8.96,12.93,12.01,44.3,23.2,LEG1,否,否,27.7,0.78,11.77
603889,日线,2026-06-17,5.73,45,C,5.09,6.14,5.68,20.6,43.8,READY,否,否,29.2,0.55,5.57
002250,日线,2026-06-17,13.84,45,C,4.41,17.26,13.25,291.4,31.2,READY,否,否,37.6,0.72,12.98
002248,日线,2026-06-17,9.52,45,C,4.6,14.05,11.5,205.4,27.0,LEG1,否,否,32.5,0.85,11.27
300542,日线,2026-06-17,12.27,45,C,6.84,16.52,18.11,141.5,-16.4,LEG1,否,否,36.6,0.99,17.75
300541,日线,2026-06-17,10.34,45,C,7.65,13.29,12.06,73.7,21.8,LEG1,否,否,38.3,0.77,11.82
002278,日线,2026-06-17,8.28,45,C,3.23,9.28,4.73,187.3,75.2,LEG1,否,否,26.9,0.92,4.64
002268,日线,2026-06-17,13.22,45,C,11.43,16.57,15.38,45.0,23.2,LEG1,否,否,35.4,0.7,15.07
002264,日线,2026-06-17,6.08,45,C,3.26,7.12,7.83,118.4,-18.4,LEG1,否,否,22.1,0.99,7.67
002294,日线,2026-06-17,30.16,45,C,23.5,68.38,44.95,191.0,52.2,LEG1,否,否,17.3,0.76,44.05
002287,日线,2026-06-17,19.8,45,C,16.27,23.18,21.96,42.5,17.7,LEG1,否,否,30.5,0.87,21.52
600562,日线,2026-06-17,21.84,45,C,9.68,28.9,24.23,198.6,24.3,LEG1,否,否,37.2,0.91,23.75
600557,日线,2026-06-17,11.88,45,C,11.77,13.05,13.31,10.9,-20.3,LEG1,否,否,37.6,0.6,13.04
603668,日线,2026-06-17,10.7,45,C,10.3,13.88,13.11,34.8,21.5,LEG1,否,否,32.0,0.92,12.85
603666,日线,2026-06-17,26.95,45,C,12.86,33.42,28.9,159.9,22.0,LEG1,否,否,37.6,0.74,28.32
300272,日线,2026-06-17,5.67,45,C,3.56,9.02,7.3,153.4,31.5,LEG1,否,否,25.7,0.68,7.15
300271,日线,2026-06-17,5.26,45,C,4.16,6.79,6.31,63.2,18.3,LEG1,否,否,33.1,0.88,6.18
300266,日线,2026-06-17,2.0,45,C,1.03,2.35,2.28,128.2,5.3,LEG1,否,否,37.6,0.57,2.23
300595,日线,2026-06-17,11.19,45,C,13.03,15.18,13.81,16.5,63.7,LEG1,否,否,34.1,0.76,13.53
002218,日线,2026-06-17,4.26,45,C,2.63,4.84,4.14,84.0,31.7,READY,否,否,32.4,0.84,4.06
002204,日线,2026-06-17,5.59,45,C,3.33,6.32,6.19,89.8,4.3,LEG1,否,否,28.8,0.81,6.07
002197,日线,2026-06-17,6.21,45,C,2.93,8.76,8.37,199.0,6.7,LEG1,否,否,34.1,0.73,8.2
300594,日线,2026-06-17,15.64,45,C,10.39,17.99,25.61,73.1,-100.3,LEG1,否,否,38.7,0.69,25.1
300591,日线,2026-06-17,7.21,45,C,2.67,8.66,8.22,224.3,7.3,LEG1,否,否,37.2,0.74,8.06
300585,日线,2026-06-17,17.9,45,C,7.85,19.38,17.31,146.9,18.0,LEG1,否,否,37.2,0.45,16.96
601969,日线,2026-06-17,9.0,45,C,4.81,12.75,8.69,165.1,51.1,READY,否,否,33.2,0.86,8.52
601952,日线,2026-06-17,8.24,45,C,8.21,10.37,9.6,26.3,35.6,LEG1,否,否,27.1,0.69,9.41
002151,日线,2026-06-17,33.45,45,C,21.01,44.85,37.91,113.5,29.1,LEG1,否,否,37.1,0.87,37.15
300251,日线,2026-06-17,11.34,45,C,6.43,15.15,16.12,135.6,-11.1,LEG1,否,否,33.3,0.73,15.8
300250,日线,2026-06-17,15.46,45,C,9.79,22.18,18.92,126.6,26.3,LEG1,否,否,31.7,0.81,18.54
300248,日线,2026-06-17,8.42,45,C,5.25,9.27,9.88,76.6,-15.2,LEG1,否,否,37.9,0.66,9.68
300245,日线,2026-06-17,5.9,45,C,4.34,7.18,11.3,65.4,-145.1,LEG1,否,否,37.5,1.0,11.07
600318,日线,2026-06-17,6.4,45,C,5.12,8.02,7.2,56.6,28.3,LEG1,否,否,36.5,0.88,7.06
600316,日线,2026-06-17,26.72,45,C,13.2,38.1,33.91,188.6,16.8,LEG1,否,否,27.2,0.86,33.23
002173,日线,2026-06-17,17.27,45,C,5.8,18.38,16.33,216.9,16.3,LEG1,否,否,32.0,0.6,16.0
002169,日线,2026-06-17,14.97,45,C,4.03,19.86,7.53,392.8,77.9,LEG1,否,否,35.1,0.78,7.38
002163,日线,2026-06-17,9.24,45,C,5.12,13.15,12.28,156.8,10.8,LEG1,否,否,27.6,0.76,12.03
002162,日线,2026-06-17,3.57,45,C,2.55,4.55,4.3,78.4,12.5,LEG1,否,否,25.7,0.85,4.21
300636,日线,2026-06-17,6.51,45,C,5.76,7.93,7.17,37.7,35.0,LEG1,否,否,30.6,0.94,7.03
600322,日线,2026-06-17,2.42,45,C,1.16,2.85,2.36,145.7,29.0,BREAKOUT,否,否,34.7,0.96,2.31
601877,日线,2026-06-17,27.05,45,C,16.93,35.15,25.37,107.6,53.7,READY,否,否,38.5,0.68,24.86
300605,日线,2026-06-17,10.14,45,C,6.92,11.33,11.7,63.7,-8.4,LEG1,否,否,32.0,0.81,11.47
601900,日线,2026-06-17,11.61,45,C,9.3,12.39,11.52,33.2,28.2,LEG1,否,否,38.9,0.61,11.29
002109,日线,2026-06-17,2.61,45,C,2.32,3.03,4.02,30.6,-139.4,LEG1,否,否,23.1,0.67,3.94
300238,日线,2026-06-17,10.86,45,C,7.48,14.63,14.01,95.6,8.7,LEG1,否,否,32.9,0.96,13.73
002639,日线,2026-06-17,14.51,45,C,4.6,18.0,14.7,291.3,24.6,LEG1,否,否,38.9,0.83,14.41
603639,日线,2026-06-17,10.5,45,C,10.25,11.49,12.74,12.1,-100.8,LEG1,否,否,22.3,0.79,12.49
603630,日线,2026-06-17,12.9,45,C,8.98,14.77,14.76,64.5,0.2,LEG1,否,否,32.6,0.79,14.46
002146,日线,2026-06-17,1.23,45,C,1.13,1.37,1.33,21.2,16.7,LEG1,否,否,35.3,0.93,1.3
002131,日线,2026-06-17,5.36,45,C,1.31,7.59,7.14,479.4,7.2,LEG1,否,否,32.4,0.68,7.0
600123,日线,2026-06-17,6.35,45,C,5.81,7.5,6.08,29.1,84.0,LEG1,否,否,32.4,0.89,5.96
600121,日线,2026-06-17,4.23,45,C,2.92,6.25,3.89,114.0,70.9,LEG1,否,否,33.1,0.53,3.81
600120,日线,2026-06-17,4.54,45,C,3.03,5.22,5.47,72.3,-11.4,LEG1,否,否,35.5,0.92,5.36
600113,日线,2026-06-17,34.0,45,C,5.05,39.97,35.6,691.5,12.5,LEG1,否,否,31.6,0.69,34.89
300683,日线,2026-06-17,24.18,45,C,18.8,39.16,32.0,108.3,35.2,LEG1,否,否,22.8,0.86,31.36
300663,日线,2026-06-17,7.24,45,C,7.8,13.6,12.27,74.4,22.9,LEG1,否,否,33.9,0.85,12.02
603948,日线,2026-06-17,24.04,45,C,14.19,29.52,22.81,108.0,43.8,READY,否,否,38.2,0.86,22.35
603939,日线,2026-06-17,19.78,45,C,17.56,23.99,20.51,36.6,54.1,READY,否,否,35.4,0.6,20.1
002153,日线,2026-06-17,7.74,45,C,4.81,10.75,9.18,123.5,26.4,LEG1,否,否,33.1,0.8,9.0
002653,日线,2026-06-17,47.8,45,C,18.59,54.0,29.97,190.5,67.9,LEG1,否,否,38.2,0.65,29.37
002651,日线,2026-06-17,7.98,45,C,4.17,10.31,9.12,147.2,19.4,LEG1,否,否,37.8,0.99,8.94
600188,日线,2026-06-17,20.05,45,C,11.9,27.8,18.21,133.6,60.3,LEG1,否,否,26.8,0.84,17.85
603187,日线,2026-06-17,12.2,45,C,9.05,13.57,12.78,49.9,17.5,LEG1,否,否,32.6,0.77,12.52
300707,日线,2026-06-17,12.1,45,C,9.02,16.1,14.21,78.5,26.7,LEG1,否,否,34.6,0.89,13.93
002102,日线,2026-06-17,2.19,45,C,1.88,2.43,2.18,29.3,45.5,READY,否,否,32.5,0.54,2.14
002101,日线,2026-06-17,8.37,45,C,9.2,10.13,10.67,10.1,-58.1,LEG1,否,否,28.6,0.97,10.46
002099,日线,2026-06-17,5.14,45,C,3.91,6.35,5.33,62.4,41.8,LEG1,否,否,30.8,0.79,5.22
002098,日线,2026-06-17,6.83,45,C,3.95,8.85,9.42,124.1,-11.6,LEG1,否,否,27.3,0.82,9.23
002097,日线,2026-06-17,8.13,45,C,4.74,9.76,9.39,105.9,7.4,LEG1,否,否,30.0,0.76,9.2
002095,日线,2026-06-17,13.41,45,C,10.71,16.85,15.77,57.3,17.6,LEG1,否,否,34.2,1.0,15.45
002093,日线,2026-06-17,6.95,45,C,4.98,8.86,8.21,77.9,16.8,LEG1,否,否,36.0,0.94,8.05
002092,日线,2026-06-17,4.21,45,C,3.31,7.1,6.06,114.5,27.4,LEG1,否,否,26.1,0.77,5.94
603988,日线,2026-06-17,19.14,45,C,5.92,23.82,25.38,302.4,-8.7,LEG1,否,否,32.5,0.58,24.87
603987,日线,2026-06-17,7.15,45,C,5.72,7.79,6.95,36.2,40.6,READY,否,否,34.3,0.63,6.81
002110,日线,2026-06-17,2.96,45,C,2.51,3.25,3.39,29.5,-18.9,LEG1,否,否,34.3,0.94,3.32
601512,日线,2026-06-17,8.22,45,C,6.29,8.95,8.25,42.3,26.3,LEG1,否,否,38.3,0.61,8.08
603179,日线,2026-06-17,50.36,45,C,32.54,81.57,49.86,150.7,64.7,READY,否,否,39.6,0.62,48.86
603611,日线,2026-06-17,17.25,45,C,12.97,18.74,17.57,44.5,20.3,LEG1,否,否,35.3,0.83,17.22
603606,日线,2026-06-17,40.87,45,C,32.88,64.5,56.84,96.2,24.2,LEG1,否,否,37.0,0.88,55.7
601339,日线,2026-06-17,7.18,45,C,4.09,9.5,6.99,132.3,46.4,READY,否,否,38.8,0.67,6.85
002061,日线,2026-06-17,3.53,45,C,3.15,3.94,3.7,25.1,30.4,LEG1,否,否,39.0,0.75,3.63
002059,日线,2026-06-17,4.38,45,C,4.01,4.87,4.38,21.4,57.0,LEG1,否,否,36.8,0.82,4.29
002054,日线,2026-06-17,7.38,45,C,4.26,8.93,7.23,109.6,36.4,READY,否,否,37.0,0.77,7.09
002045,日线,2026-06-17,8.64,45,C,9.56,11.77,10.74,23.1,46.6,LEG1,否,否,33.4,0.93,10.53
601607,日线,2026-06-17,16.11,45,C,15.36,17.26,16.09,12.4,61.6,READY,否,否,38.5,0.86,15.77
601599,日线,2026-06-17,3.04,45,C,2.5,3.38,3.67,35.2,-33.0,LEG1,否,否,30.7,0.67,3.6
605050,日线,2026-06-17,10.09,45,C,7.62,13.65,12.45,79.1,19.9,LEG1,否,否,22.9,0.9,12.2
605028,日线,2026-06-17,21.39,45,C,11.5,23.5,20.8,104.3,22.5,LEG1,否,否,32.2,0.9,20.38
605005,日线,2026-06-17,16.04,45,C,11.3,21.48,15.53,90.1,58.4,READY,否,否,35.7,0.44,15.22
002073,日线,2026-06-17,5.38,45,C,4.33,7.52,6.82,73.7,21.9,LEG1,否,否,30.8,0.79,6.68
300711,日线,2026-06-17,17.61,45,C,7.53,20.96,20.41,178.4,4.1,LEG1,否,否,29.9,0.81,20.0
300804,日线,2026-06-17,36.91,45,C,16.99,40.77,35.9,140.0,20.5,LEG1,否,否,36.3,0.91,35.18
300798,日线,2026-06-17,7.28,45,C,4.68,11.76,9.93,151.3,25.8,LEG1,否,否,34.2,0.95,9.73
002692,日线,2026-06-17,4.14,45,C,2.63,7.26,5.48,176.0,38.4,READY,否,否,29.6,0.95,5.37
002691,日线,2026-06-17,4.67,45,C,3.76,5.63,5.0,49.7,33.7,LEG1,否,否,35.1,0.78,4.9
002683,日线,2026-06-17,30.13,45,C,13.68,41.8,36.6,205.6,18.5,LEG1,否,否,31.2,0.94,35.87
600610,日线,2026-06-17,7.43,45,C,3.21,11.35,7.25,253.6,50.4,READY,否,否,33.7,0.85,7.1
300788,日线,2026-06-17,24.7,45,C,21.48,37.85,37.0,76.2,5.2,LEG1,否,否,31.1,0.63,36.26
600354,日线,2026-06-17,5.07,45,C,4.36,5.68,5.36,30.3,24.2,LEG1,否,否,23.8,0.95,5.25
601318,日线,2026-06-17,52.76,45,C,37.62,54.58,52.15,45.1,14.3,LEG1,否,否,39.0,0.79,51.11
601228,日线,2026-06-17,2.99,45,C,2.8,3.16,3.04,12.9,33.3,LEG1,否,否,36.2,0.61,2.98
002035,日线,2026-06-17,4.86,45,C,4.68,6.94,5.81,48.3,50.0,READY,否,否,29.9,0.66,5.69
002019,日线,2026-06-17,9.81,45,C,9.11,10.68,9.73,17.2,60.5,READY,否,否,34.3,0.69,9.54
300775,日线,2026-06-17,23.04,45,C,18.8,32.58,29.15,73.3,24.9,LEG1,否,否,35.5,0.9,28.57
300759,日线,2026-06-17,22.17,45,C,17.7,31.45,24.88,77.7,47.8,LEG1,否,否,31.8,0.86,24.38
300753,日线,2026-06-17,20.83,45,C,7.98,29.36,26.89,267.9,11.6,LEG1,否,否,31.5,0.86,26.35
601518,日线,2026-06-17,2.94,45,C,1.95,3.23,2.75,65.6,37.5,LEG1,否,否,38.9,0.45,2.69
605188,日线,2026-06-17,12.92,45,C,4.55,15.02,16.58,230.1,-14.9,LEG1,否,否,32.9,0.68,16.25
300850,日线,2026-06-17,28.87,45,C,13.68,43.51,27.95,218.1,52.2,READY,否,否,29.7,0.58,27.39
600598,日线,2026-06-17,13.94,45,C,10.84,14.65,14.04,35.1,16.0,LEG1,否,否,30.5,0.64,13.76
300195,日线,2026-06-17,5.42,45,C,3.6,7.74,7.01,115.0,17.6,LEG1,否,否,27.6,0.83,6.87
300189,日线,2026-06-17,4.76,45,C,1.68,5.34,6.86,217.9,-41.5,LEG1,否,否,26.2,0.75,6.72
002719,日线,2026-06-17,7.15,45,C,4.96,7.9,7.28,59.3,21.1,LEG1,否,否,39.8,0.54,7.13
002714,日线,2026-06-17,34.66,45,C,34.24,46.67,42.12,36.3,36.6,READY,否,否,33.1,0.88,41.28
002705,日线,2026-06-17,11.94,45,C,10.8,19.68,12.54,82.2,80.4,LEG1,否,否,29.6,0.72,12.29
300181,日线,2026-06-17,13.04,45,C,8.36,16.75,12.84,100.4,46.6,READY,否,否,35.0,0.78,12.58
300837,日线,2026-06-17,26.41,45,C,16.46,36.1,34.45,119.3,8.4,LEG1,否,否,31.1,0.77,33.76
300827,日线,2026-06-17,30.33,45,C,18.6,40.97,28.15,120.3,57.3,READY,否,否,38.8,0.82,27.59
001328,日线,2026-06-17,28.29,45,C,17.52,32.06,27.52,83.0,31.2,READY,否,否,37.4,0.63,26.97
300818,日线,2026-06-17,22.4,45,C,17.48,36.35,33.64,108.0,14.4,LEG1,否,否,38.6,0.51,32.97
601225,日线,2026-06-17,23.58,45,C,18.59,28.2,22.82,51.7,56.0,LEG1,否,否,25.6,0.68,22.36
300813,日线,2026-06-17,19.56,45,C,11.01,29.78,24.21,170.5,29.7,LEG1,否,否,27.7,0.7,23.73
300805,日线,2026-06-17,7.9,45,C,5.1,10.98,9.48,115.3,25.5,LEG1,否,否,29.8,0.85,9.29
300882,日线,2026-06-17,15.24,45,C,11.98,19.85,18.11,65.7,22.1,LEG1,否,否,30.9,0.87,17.75
300164,日线,2026-06-17,8.94,45,C,2.93,10.88,13.6,271.3,-34.2,LEG1,否,否,31.5,0.6,13.33
603583,日线,2026-06-17,24.24,45,C,12.87,26.95,27.4,109.4,-3.2,LEG1,否,否,34.4,0.57,26.85
603577,日线,2026-06-17,9.53,45,C,5.34,11.97,9.08,124.2,43.6,LEG1,否,否,37.9,0.8,8.9
603558,日线,2026-06-17,11.51,45,C,7.61,12.22,11.05,60.6,25.4,LEG1,否,否,36.3,0.65,10.83
600273,日线,2026-06-17,6.95,45,C,6.58,8.22,8.57,24.9,-21.3,LEG1,否,否,34.2,0.74,8.4
300879,日线,2026-06-17,17.87,45,C,7.29,25.1,22.7,244.3,13.5,LEG1,否,否,28.8,0.77,22.25
600107,日线,2026-06-17,6.31,45,C,2.71,6.78,5.46,150.2,32.4,LEG1,否,否,39.9,0.41,5.35
605268,日线,2026-06-17,9.73,45,C,6.15,14.23,11.6,131.4,32.5,LEG1,否,否,27.5,0.98,11.37
001221,日线,2026-06-17,44.42,45,C,44.9,65.49,52.32,45.9,64.0,LEG1,否,否,35.9,0.59,51.27
001296,日线,2026-06-17,18.69,45,C,13.46,22.44,18.31,66.7,46.0,READY,否,否,29.3,0.87,17.94
001289,日线,2026-06-17,17.37,45,C,13.39,20.23,16.67,51.1,52.0,LEG1,否,否,31.7,0.63,16.34
601106,日线,2026-06-17,3.52,45,C,2.19,4.74,4.1,116.4,25.1,LEG1,否,否,36.1,0.8,4.02
601077,日线,2026-06-17,6.55,45,C,4.02,7.54,5.54,87.6,56.8,LEG1,否,否,33.1,0.76,5.43
300859,日线,2026-06-17,28.33,45,C,18.64,31.5,27.5,69.0,31.1,LEG1,否,否,35.1,0.88,26.95
300858,日线,2026-06-17,15.06,45,C,11.03,19.43,14.98,76.2,53.0,READY,否,否,29.7,0.67,14.68
000959,日线,2026-06-17,3.28,45,C,2.49,4.73,3.91,90.0,36.6,LEG1,否,否,34.0,0.9,3.83
601007,日线,2026-06-17,6.47,45,C,5.33,9.08,7.18,70.4,50.7,LEG1,否,否,30.8,0.96,7.04
601003,日线,2026-06-17,3.61,45,C,2.43,4.06,3.71,67.1,21.5,LEG1,否,否,38.1,0.72,3.64
600272,日线,2026-06-17,10.8,45,C,7.61,11.7,13.51,53.7,-44.3,LEG1,否,否,31.1,0.89,13.24
600271,日线,2026-06-17,7.03,45,C,7.09,8.85,8.03,24.8,46.6,LEG1,否,否,34.4,0.75,7.87
002728,日线,2026-06-17,8.12,45,C,6.79,10.44,8.55,53.8,51.8,READY,否,否,24.7,0.86,8.38
603216,日线,2026-06-17,21.95,45,C,7.7,25.74,31.0,234.3,-29.2,LEG1,否,否,25.1,0.57,30.38
600986,日线,2026-06-17,7.99,45,C,3.47,11.5,9.91,231.4,19.8,LEG1,否,否,37.3,0.71,9.71
605338,日线,2026-06-17,19.14,45,C,12.43,22.27,22.66,79.2,-4.0,LEG1,否,否,34.1,0.64,22.21
605333,日线,2026-06-17,18.79,45,C,14.37,24.88,22.51,73.1,22.5,LEG1,否,否,29.2,0.6,22.06
600551,日线,2026-06-17,7.2,45,C,6.74,7.65,7.09,13.5,61.5,READY,否,否,33.8,0.65,6.95
300908,日线,2026-06-17,22.77,45,C,21.64,29.16,25.08,34.8,54.3,LEG1,否,否,24.1,0.86,24.58
601018,日线,2026-06-17,3.34,45,C,3.19,3.82,3.68,19.7,22.2,LEG1,否,否,39.6,0.69,3.61
300888,日线,2026-06-17,27.32,45,C,23.31,32.53,30.9,39.6,17.7,LEG1,否,否,30.6,0.88,30.28
000989,日线,2026-06-17,7.86,45,C,6.1,8.32,7.84,36.4,21.6,LEG1,否,否,39.3,0.74,7.68
300884,日线,2026-06-17,10.59,45,C,7.04,13.64,12.71,93.8,14.1,LEG1,否,否,37.1,0.87,12.46
000905,日线,2026-06-17,8.61,45,C,5.34,11.86,10.35,122.1,23.2,LEG1,否,否,34.0,0.81,10.14
300973,日线,2026-06-17,24.93,45,C,22.28,28.72,31.81,28.9,-48.0,LEG1,否,否,33.5,0.68,31.17
600967,日线,2026-06-17,11.89,45,C,6.33,12.5,11.54,97.5,15.6,LEG1,否,否,37.6,0.82,11.31
600613,日线,2026-06-17,4.74,45,C,4.65,6.0,5.6,29.0,29.6,LEG1,否,否,24.8,0.81,5.49
300157,日线,2026-06-17,4.06,45,C,1.46,5.95,6.38,307.5,-9.6,LEG1,否,否,18.3,0.81,6.25
002773,日线,2026-06-17,19.81,45,C,13.15,22.12,20.57,68.2,17.3,LEG1,否,否,28.9,0.75,20.16
002772,日线,2026-06-17,12.69,45,C,5.47,13.56,11.96,147.9,19.8,LEG1,否,否,37.0,0.73,11.72
002767,日线,2026-06-17,17.23,45,C,8.52,19.14,16.99,124.6,20.2,LEG1,否,否,32.0,0.88,16.65
300960,日线,2026-06-17,16.87,45,C,10.0,22.26,22.5,122.6,-2.0,LEG1,否,否,29.7,0.76,22.05
300945,日线,2026-06-17,11.96,45,C,6.68,16.47,14.39,146.6,21.2,LEG1,否,否,38.2,0.9,14.1
300937,日线,2026-06-17,20.8,45,C,17.83,31.93,27.3,79.1,32.8,READY,否,否,21.2,0.92,26.75
000931,日线,2026-06-17,4.01,45,C,3.27,5.51,4.12,68.5,62.1,READY,否,否,31.2,0.73,4.04
605507,日线,2026-06-17,15.31,45,C,13.01,23.86,18.63,83.4,48.2,LEG1,否,否,25.0,0.74,18.26
605365,日线,2026-06-17,15.24,45,C,11.86,30.99,16.83,161.3,74.0,LEG1,否,否,12.0,0.81,16.49
000972,日线,2026-06-17,3.49,45,C,2.1,3.85,3.43,83.3,24.0,LEG1,否,否,38.7,0.45,3.36
000963,日线,2026-06-17,27.7,45,C,25.96,34.1,33.1,31.4,12.3,LEG1,否,否,31.6,0.94,32.44
000850,日线,2026-06-17,3.74,45,C,2.71,5.18,4.39,91.1,32.0,READY,否,否,30.5,0.75,4.3
000829,日线,2026-06-17,8.5,45,C,5.96,9.5,8.36,59.4,32.2,LEG1,否,否,32.7,0.64,8.19
600380,日线,2026-06-17,9.78,45,C,9.4,11.2,10.68,19.1,28.9,LEG1,否,否,39.6,0.89,10.47
002793,日线,2026-06-17,3.98,45,C,3.22,5.75,4.2,78.6,61.3,LEG1,否,否,26.0,0.76,4.12
002790,日线,2026-06-17,5.83,45,C,6.14,7.99,7.28,30.1,38.4,LEG1,否,否,22.4,0.79,7.13
002788,日线,2026-06-17,10.95,45,C,6.1,15.64,11.47,156.4,43.7,READY,否,否,23.7,0.79,11.24
300150,日线,2026-06-17,4.12,45,C,2.21,5.22,5.42,136.2,-6.6,LEG1,否,否,35.0,0.82,5.31
300149,日线,2026-06-17,7.55,45,C,3.68,10.24,9.68,178.3,8.5,LEG1,否,否,19.4,0.81,9.49
300138,日线,2026-06-17,9.78,45,C,6.91,10.68,10.14,54.6,14.3,LEG1,否,否,37.1,0.87,9.94
301016,日线,2026-06-17,14.45,45,C,9.7,21.72,15.68,123.9,50.2,LEG1,否,否,33.6,0.88,15.37
301011,日线,2026-06-17,15.68,45,C,11.8,20.6,18.95,74.6,18.8,LEG1,否,否,32.9,0.82,18.57
000892,日线,2026-06-17,3.6,45,C,2.06,4.71,5.62,128.6,-34.3,LEG1,否,否,31.6,0.61,5.51
300996,日线,2026-06-17,11.08,45,C,10.69,13.59,14.75,27.1,-40.0,LEG1,否,否,38.8,0.65,14.46
300987,日线,2026-06-17,13.34,45,C,9.95,15.38,16.01,54.6,-11.6,LEG1,否,否,30.2,0.71,15.69
000919,日线,2026-06-17,6.07,45,C,5.38,9.8,7.17,82.2,59.5,READY,否,否,35.6,0.73,7.03
000912,日线,2026-06-17,3.47,45,C,3.04,3.91,3.55,28.6,41.4,READY,否,否,21.3,0.98,3.48
000726,日线,2026-06-17,5.78,45,C,5.12,6.2,5.86,21.1,31.5,LEG1,否,否,33.8,0.72,5.74
000721,日线,2026-06-17,5.86,45,C,6.17,8.38,7.36,35.8,46.2,READY,否,否,26.5,0.92,7.21
002807,日线,2026-06-17,3.95,45,C,3.37,4.82,3.9,43.0,63.4,READY,否,否,31.2,0.88,3.82
603528,日线,2026-06-17,6.65,45,C,3.99,8.3,8.63,108.0,-7.7,LEG1,否,否,39.3,0.97,8.46
300129,日线,2026-06-17,9.34,45,C,5.75,12.96,9.02,125.4,54.6,READY,否,否,35.6,0.77,8.84
603235,日线,2026-06-17,23.24,45,C,19.13,26.59,22.71,39.0,52.0,READY,否,否,35.7,0.52,22.26
603233,日线,2026-06-17,16.07,45,C,11.92,17.1,15.34,43.5,34.0,BREAKOUT,否,否,38.5,0.87,15.03
600903,日线,2026-06-17,8.04,45,C,5.9,10.66,8.0,80.7,55.9,READY,否,否,31.4,0.79,7.84
688062,日线,2026-06-17,27.11,45,C,15.36,38.28,25.38,149.2,56.3,READY,否,否,36.6,0.65,24.87
301052,日线,2026-06-17,24.85,45,C,17.2,35.47,31.0,106.2,24.5,LEG1,否,否,27.5,0.97,30.38
301036,日线,2026-06-17,23.16,45,C,11.6,29.33,22.62,152.8,37.8,READY,否,否,33.7,0.84,22.17
301035,日线,2026-06-17,50.0,45,C,35.7,88.0,51.82,146.5,69.2,LEG1,否,否,24.8,0.71,50.78
688013,日线,2026-06-17,26.94,45,C,11.56,39.0,34.33,237.4,17.0,LEG1,否,否,28.5,0.91,33.64
688007,日线,2026-06-17,12.96,45,C,11.81,16.5,14.74,39.7,37.5,LEG1,否,否,39.0,0.64,14.45
605599,日线,2026-06-17,14.76,45,C,9.58,23.69,13.88,147.3,69.5,LEG1,否,否,32.9,0.83,13.6
600929,日线,2026-06-17,5.04,45,C,4.53,7.33,5.48,61.8,66.1,LEG1,否,否,32.8,0.78,5.37
000703,日线,2026-06-17,12.65,45,C,5.36,13.62,12.52,154.1,13.3,LEG1,否,否,37.6,0.88,12.27
000681,日线,2026-06-17,20.66,45,C,9.86,25.46,19.08,158.2,40.9,LEG1,否,否,38.9,0.72,18.7
600080,日线,2026-06-17,4.76,45,C,4.53,5.87,7.67,29.6,-134.3,LEG1,否,否,26.8,0.6,7.52
300119,日线,2026-06-17,15.3,45,C,11.25,16.59,15.63,47.5,18.0,LEG1,否,否,35.9,0.77,15.32
300113,日线,2026-06-17,19.9,45,C,8.78,30.66,23.78,249.2,31.4,LEG1,否,否,34.0,0.67,23.3
300111,日线,2026-06-17,3.08,45,C,1.83,4.16,3.84,127.3,13.7,LEG1,否,否,26.6,0.88,3.76
300101,日线,2026-06-17,16.28,45,C,11.28,22.01,19.17,95.1,26.5,LEG1,否,否,36.6,0.74,18.79
600075,日线,2026-06-17,4.56,45,C,3.16,7.1,4.54,124.7,65.0,READY,否,否,29.5,0.81,4.45
600073,日线,2026-06-17,4.91,45,C,5.24,5.94,5.68,13.4,37.1,LEG1,否,否,29.0,0.76,5.57
688068,日线,2026-06-17,76.1,45,C,22.94,93.98,74.77,309.7,27.0,LEG1,否,否,28.2,0.78,73.27
000717,日线,2026-06-17,2.09,45,C,1.6,2.31,2.06,44.4,35.2,READY,否,否,32.0,0.98,2.02
000713,日线,2026-06-17,5.7,45,C,5.03,6.07,5.74,20.7,31.7,READY,否,否,29.2,0.8,5.63
301091,日线,2026-06-17,17.85,45,C,14.5,19.31,21.0,33.2,-35.1,LEG1,否,否,37.6,0.86,20.58
301090,日线,2026-06-17,6.88,45,C,5.24,9.09,6.72,73.5,61.6,READY,否,否,35.5,0.92,6.59
301089,日线,2026-06-17,21.77,45,C,23.2,31.91,26.26,37.5,64.9,LEG1,否,否,31.8,0.93,25.73
301087,日线,2026-06-17,44.64,45,C,25.5,49.29,45.8,93.3,14.7,LEG1,否,否,36.7,0.53,44.88
000650,日线,2026-06-17,5.18,45,C,5.09,5.78,5.5,13.6,40.6,LEG1,否,否,38.3,0.88,5.39
000631,日线,2026-06-17,3.11,45,C,2.15,3.58,3.01,66.5,39.9,READY,否,否,37.0,0.67,2.95
600859,日线,2026-06-17,10.13,45,C,11.52,13.39,12.96,16.2,23.0,LEG1,否,否,32.0,0.93,12.7
600855,日线,2026-06-17,14.89,45,C,6.41,22.0,15.96,243.2,38.7,LEG1,否,否,37.0,0.81,15.64
300080,日线,2026-06-17,3.88,45,C,2.5,5.25,3.81,110.0,52.4,READY,否,否,34.8,0.88,3.73
300078,日线,2026-06-17,3.15,45,C,1.81,4.14,3.22,128.7,39.5,READY,否,否,30.0,0.72,3.16
603444,日线,2026-06-17,324.88,45,C,153.23,345.0,326.88,125.2,9.4,LEG1,否,否,36.7,0.78,320.34
301117,日线,2026-06-17,25.45,45,C,19.0,48.18,40.75,153.6,25.5,LEG1,否,否,32.2,0.93,39.94
000677,日线,2026-06-17,1.8,45,C,1.81,2.32,4.27,28.2,-382.4,LEG1,否,否,29.5,0.68,4.18
000676,日线,2026-06-17,5.5,45,C,5.25,7.69,6.67,46.5,41.8,LEG1,否,否,30.6,0.79,6.54
600517,日线,2026-06-17,4.98,45,C,3.81,6.07,6.12,59.3,-2.2,LEG1,否,否,38.0,0.75,6.0
600515,日线,2026-06-17,2.92,45,C,2.96,3.64,3.37,23.0,39.7,LEG1,否,否,27.9,0.92,3.3
600513,日线,2026-06-17,15.85,45,C,6.71,24.2,19.93,260.7,24.4,LEG1,否,否,24.7,0.81,19.53
000711,日线,2026-06-17,5.42,45,C,1.36,6.77,3.33,397.8,63.6,LEG1,否,否,39.2,1.0,3.26
000708,日线,2026-06-17,13.61,45,C,10.31,15.86,13.14,53.8,49.0,READY,否,否,38.7,0.86,12.88
000705,日线,2026-06-17,6.38,45,C,6.08,8.8,7.96,44.7,30.9,READY,否,否,22.3,0.72,7.8
002840,日线,2026-06-17,7.95,45,C,9.29,13.3,11.21,43.2,52.1,LEG1,否,否,29.2,0.68,10.99
002868,日线,2026-06-17,25.5,45,C,11.0,44.62,32.53,305.6,36.0,LEG1,否,否,25.7,0.82,31.88
002852,日线,2026-06-17,7.49,45,C,6.03,9.98,8.7,65.5,32.4,READY,否,否,25.0,0.82,8.53
300069,日线,2026-06-17,35.94,45,C,6.0,54.63,19.48,810.5,72.3,LEG1,否,否,35.2,0.86,19.09
600839,日线,2026-06-17,6.92,45,C,3.68,9.02,8.29,145.1,13.7,LEG1,否,否,39.7,0.85,8.12
600838,日线,2026-06-17,7.75,45,C,5.24,8.71,10.24,66.2,-44.1,LEG1,否,否,35.1,0.83,10.04
600829,日线,2026-06-17,8.29,45,C,4.96,8.92,8.44,79.8,12.1,LEG1,否,否,33.0,0.82,8.27
000576,日线,2026-06-17,7.11,45,C,4.96,9.95,6.93,100.6,60.5,READY,否,否,33.0,0.89,6.79
600523,日线,2026-06-17,11.16,45,C,7.89,14.02,13.04,77.7,16.0,LEG1,否,否,34.4,0.77,12.78
000617,日线,2026-06-17,7.36,45,C,4.87,9.54,9.11,95.9,9.2,LEG1,否,否,37.4,0.91,8.93
000597,日线,2026-06-17,4.39,45,C,3.72,5.15,4.3,38.4,59.4,READY,否,否,34.4,0.62,4.21
000592,日线,2026-06-17,7.46,45,C,1.23,12.46,9.49,913.0,26.4,LEG1,否,否,21.9,0.73,9.3
301158,日线,2026-06-17,14.64,45,C,9.16,27.8,23.58,203.5,22.6,LEG1,否,否,20.5,0.88,23.11
600863,日线,2026-06-17,5.68,45,C,3.7,8.03,4.5,117.0,81.5,LEG1,否,否,39.6,0.57,4.41
000655,日线,2026-06-17,7.0,45,C,4.59,8.47,6.76,84.5,44.1,READY,否,否,38.7,0.91,6.62
000652,日线,2026-06-17,3.52,45,C,2.92,3.84,3.79,31.5,5.4,LEG1,否,否,35.2,0.84,3.71
000158,日线,2026-06-17,14.51,45,C,5.4,16.23,13.74,200.6,23.0,LEG1,否,否,38.0,0.87,13.47
300055,日线,2026-06-17,7.57,45,C,3.71,13.12,8.2,253.6,52.3,READY,否,否,28.5,0.57,8.04
600251,日线,2026-06-17,9.51,45,C,6.13,13.21,9.35,115.5,54.5,READY,否,否,30.8,0.93,9.16
600250,日线,2026-06-17,8.42,45,C,5.51,14.7,8.97,166.8,62.4,READY,否,否,22.2,0.92,8.79
002884,日线,2026-06-17,15.8,45,C,14.1,16.88,16.1,19.7,28.1,LEG1,否,否,32.5,0.96,15.78
688118,日线,2026-06-17,21.93,45,C,11.14,30.37,26.0,172.6,22.7,LEG1,否,否,37.8,0.77,25.48
000488,日线,2026-06-17,2.08,45,C,1.65,2.41,2.03,46.1,50.0,READY,否,否,30.9,0.79,1.99
000430,日线,2026-06-17,7.43,45,C,4.24,8.75,7.05,106.4,37.7,LEG1,否,否,35.3,0.83,6.91
600820,日线,2026-06-17,5.45,45,C,5.18,5.82,5.55,12.4,42.2,LEG1,否,否,39.6,0.92,5.44
600812,日线,2026-06-17,4.37,45,C,3.83,5.37,4.41,40.2,62.3,READY,否,否,36.9,0.66,4.32
600808,日线,2026-06-17,2.73,45,C,1.76,2.94,2.63,67.0,26.3,LEG1,否,否,28.0,0.69,2.58
000538,日线,2026-06-17,48.91,45,C,44.88,50.43,48.46,12.4,35.5,BREAKOUT,否,否,35.6,0.64,47.49
000533,日线,2026-06-17,10.75,45,C,2.59,12.69,12.51,390.0,1.8,LEG1,否,否,38.0,0.97,12.26
301221,日线,2026-06-17,30.67,45,C,27.62,54.2,46.65,96.2,28.4,LEG1,否,否,31.6,0.6,45.72
000566,日线,2026-06-17,3.78,45,C,2.83,5.13,4.02,81.3,48.3,READY,否,否,26.2,0.89,3.94
000561,日线,2026-06-17,7.82,45,C,5.04,10.0,9.03,98.4,19.6,LEG1,否,否,35.5,0.94,8.85
301283,日线,2026-06-17,26.69,45,C,20.8,49.7,47.97,138.9,6.0,LEG1,否,否,36.0,0.82,47.01
600389,日线,2026-06-17,22.71,45,C,11.13,26.32,24.26,136.5,13.6,LEG1,否,否,35.9,0.85,23.77
603288,日线,2026-06-17,33.32,45,C,33.02,36.35,36.14,10.1,6.3,LEG1,否,否,27.8,0.64,35.42
603282,日线,2026-06-17,14.69,45,C,12.08,22.14,17.71,83.3,44.0,READY,否,否,27.0,0.82,17.36
603280,日线,2026-06-17,27.38,45,C,15.21,35.03,33.32,130.3,8.6,LEG1,否,否,29.6,0.79,32.65
603272,日线,2026-06-17,32.67,45,C,7.6,47.77,20.08,528.6,68.9,LEG1,否,否,33.1,0.85,19.68
600258,日线,2026-06-17,12.64,45,C,10.9,13.79,12.32,26.5,50.9,READY,否,否,39.9,0.63,12.07
603393,日线,2026-06-17,25.69,45,C,23.88,31.76,29.23,33.0,32.1,LEG1,否,否,37.5,0.78,28.65
000155,日线,2026-06-17,13.34,45,C,8.46,14.65,12.66,73.2,32.1,READY,否,否,39.1,0.71,12.41
688136,日线,2026-06-17,18.12,45,C,10.61,27.36,24.07,157.9,19.6,LEG1,否,否,25.7,0.84,23.59
000153,日线,2026-06-17,5.36,45,C,4.89,6.56,6.17,34.2,23.4,LEG1,否,否,28.5,0.87,6.05
600399,日线,2026-06-17,4.26,45,C,4.88,5.82,5.46,19.3,38.3,LEG1,否,否,32.1,0.79,5.35
301268,日线,2026-06-17,16.24,45,C,13.15,24.25,20.6,84.4,32.9,LEG1,否,否,39.4,0.52,20.19
301263,日线,2026-06-17,19.38,45,C,11.65,30.1,24.6,158.4,29.8,LEG1,否,否,36.3,0.97,24.11
301257,日线,2026-06-17,39.91,45,C,23.07,58.76,39.0,154.7,55.4,READY,否,否,25.2,0.54,38.22
301256,日线,2026-06-17,11.6,45,C,5.16,15.11,11.0,192.8,41.3,READY,否,否,40.0,0.75,10.78
000010,日线,2026-06-17,2.0,45,C,1.38,2.43,3.64,76.1,-115.2,LEG1,否,否,31.2,0.97,3.57
000009,日线,2026-06-17,6.99,45,C,7.1,9.32,8.42,31.3,40.5,LEG1,否,否,38.4,0.79,8.25
689009,日线,2026-06-17,35.08,45,C,22.86,46.73,43.4,104.4,14.0,LEG1,否,否,33.6,0.69,42.53
603367,日线,2026-06-17,12.99,45,C,11.34,15.93,15.12,40.5,17.6,LEG1,否,否,30.2,0.89,14.82
603366,日线,2026-06-17,6.9,45,C,3.33,8.92,6.77,167.9,38.5,READY,否,否,32.3,0.83,6.63
002912,日线,2026-06-17,19.39,45,C,14.37,25.08,23.61,74.5,13.7,LEG1,否,否,30.8,0.73,23.14
600267,日线,2026-06-17,9.65,45,C,6.43,11.83,9.39,84.0,45.2,READY,否,否,38.4,0.65,9.2
300049,日线,2026-06-17,41.07,45,C,26.61,60.55,39.39,127.5,62.3,READY,否,否,31.7,0.6,38.6
300045,日线,2026-06-17,18.41,45,C,13.5,26.55,20.8,96.7,44.1,LEG1,否,否,39.2,0.96,20.38
300044,日线,2026-06-17,5.48,45,C,2.83,6.25,5.6,120.8,19.0,LEG1,否,否,35.0,0.84,5.49
688176,日线,2026-06-17,10.15,45,C,4.61,13.0,9.81,182.0,38.0,READY,否,否,34.4,0.65,9.61
600796,日线,2026-06-17,4.91,45,C,3.65,5.57,5.22,52.6,18.2,LEG1,否,否,23.4,0.86,5.12
600795,日线,2026-06-17,4.94,45,C,3.88,5.37,4.7,38.4,45.0,LEG1,否,否,39.5,0.55,4.61
600793,日线,2026-06-17,12.95,45,C,7.04,14.8,24.99,110.2,-131.3,LEG1,否,否,26.0,0.86,24.49
600787,日线,2026-06-17,4.57,45,C,4.14,4.91,5.18,18.6,-35.1,LEG1,否,否,38.4,0.82,5.08
301300,日线,2026-06-17,33.95,45,C,14.86,46.35,34.12,211.9,38.8,LEG1,否,否,36.7,0.94,33.44
600782,日线,2026-06-17,2.59,45,C,2.59,2.9,3.07,12.0,-54.8,LEG1,否,否,28.0,0.71,3.01
600773,日线,2026-06-17,15.37,45,C,7.43,28.88,15.33,288.7,63.2,LEG1,否,否,38.8,0.71,15.02
600764,日线,2026-06-17,19.28,45,C,16.58,24.52,22.98,47.9,19.4,LEG1,否,否,32.8,0.89,22.52
300032,日线,2026-06-17,4.17,45,C,2.81,5.26,4.29,87.2,39.6,READY,否,否,39.8,0.89,4.2
603365,日线,2026-06-17,17.48,45,C,10.73,19.15,17.9,78.5,14.8,LEG1,否,否,33.1,0.93,17.54
002923,日线,2026-06-17,9.8,45,C,6.81,13.79,9.65,102.5,59.3,READY,否,否,24.9,0.77,9.46
300016,日线,2026-06-17,7.55,45,C,3.58,9.77,8.95,172.9,13.2,LEG1,否,否,30.5,0.8,8.77
603313,日线,2026-06-17,5.05,45,C,5.26,8.27,7.72,57.2,18.3,LEG1,否,否,25.3,0.77,7.57
603309,日线,2026-06-17,11.5,45,C,8.52,14.23,13.15,67.0,18.9,LEG1,否,否,33.0,0.63,12.89
603300,日线,2026-06-17,5.04,45,C,4.05,6.95,6.4,71.6,19.0,LEG1,否,否,29.2,0.71,6.27
301301,日线,2026-06-17,8.35,45,C,6.94,10.73,9.6,54.6,29.8,LEG1,否,否,32.0,0.92,9.41
600059,日线,2026-06-17,7.87,45,C,7.19,8.94,8.58,24.3,20.6,LEG1,否,否,39.1,0.61,8.41
600057,日线,2026-06-17,5.94,45,C,4.61,6.52,5.79,41.4,38.2,READY,否,否,36.9,0.63,5.67
000020,日线,2026-06-17,11.87,45,C,9.0,16.22,13.59,80.2,36.4,LEG1,否,否,38.0,0.87,13.32
000019,日线,2026-06-17,6.22,45,C,5.51,6.71,7.43,21.8,-60.0,LEG1,否,否,31.6,0.85,7.28
000014,日线,2026-06-17,9.89,45,C,7.64,13.42,12.44,75.7,17.0,LEG1,否,否,23.4,0.98,12.19
300012,日线,2026-06-17,13.9,45,C,9.48,15.58,13.62,64.3,32.1,LEG1,否,否,37.9,0.86,13.35
002958,日线,2026-06-17,2.86,45,C,2.32,2.95,2.83,27.2,19.0,BREAKOUT,否,否,35.4,0.91,2.77
002956,日线,2026-06-17,20.96,45,C,9.12,22.58,20.16,147.6,18.0,LEG1,否,否,36.2,0.57,19.76
002953,日线,2026-06-17,9.72,45,C,6.93,12.15,10.89,75.3,24.1,LEG1,否,否,38.1,0.94,10.67
002950,日线,2026-06-17,8.93,45,C,6.02,14.8,10.4,145.8,50.1,LEG1,否,否,20.6,0.85,10.19
600421,日线,2026-06-17,0.26,45,C,4.38,6.36,6.87,45.2,-25.8,LEG1,否,否,5.0,0.61,6.73
600757,日线,2026-06-17,7.55,45,C,6.03,8.19,7.73,35.8,21.3,LEG1,否,否,25.5,0.96,7.58
600749,日线,2026-06-17,14.95,45,C,7.8,17.4,14.3,123.1,32.3,LEG1,否,否,38.8,0.88,14.01
600742,日线,2026-06-17,7.72,45,C,6.53,9.82,9.32,50.4,15.2,LEG1,否,否,27.8,0.88,9.13
600741,日线,2026-06-17,16.24,45,C,13.17,17.16,16.51,30.3,16.3,LEG1,否,否,31.6,0.93,16.18
688696,日线,2026-06-17,68.95,45,C,50.71,96.52,89.31,90.3,15.7,LEG1,否,否,24.3,0.75,87.52
600425,日线,2026-06-17,3.55,45,C,2.95,4.16,3.97,41.0,15.7,LEG1,否,否,30.2,0.77,3.89
301311,日线,2026-06-17,14.24,45,C,14.3,17.3,18.1,21.0,-26.7,LEG1,否,否,35.2,0.72,17.74
688776,日线,2026-06-17,61.01,45,C,35.95,85.44,79.01,137.7,13.0,LEG1,否,否,35.8,0.61,77.43
688201,日线,2026-06-17,7.15,45,C,6.01,9.27,13.11,54.2,-117.8,LEG1,否,否,26.9,0.88,12.85
688196,日线,2026-06-17,39.42,45,C,18.22,85.18,68.23,367.5,25.3,LEG1,否,否,30.7,0.84,66.87
300009,日线,2026-06-17,7.66,45,C,7.38,8.5,8.57,15.2,-6.3,LEG1,否,否,26.1,0.81,8.4
300003,日线,2026-06-17,11.7,45,C,9.01,14.77,14.12,63.9,11.3,LEG1,否,否,33.0,0.7,13.84
300002,日线,2026-06-17,7.33,45,C,7.73,10.23,9.16,32.3,42.8,LEG1,否,否,33.9,0.82,8.98
003020,日线,2026-06-17,15.12,45,C,15.6,23.55,22.34,51.0,15.2,LEG1,否,否,15.7,0.8,21.89
600731,日线,2026-06-17,5.41,45,C,4.17,7.11,6.54,70.5,19.4,LEG1,否,否,34.1,0.93,6.41
600728,日线,2026-06-17,4.58,45,C,3.54,5.75,5.47,62.4,12.7,LEG1,否,否,31.1,0.78,5.36
301498,日线,2026-06-17,41.0,45,C,30.16,58.93,50.31,95.4,30.0,LEG1,否,否,33.0,0.75,49.3
688606,日线,2026-06-17,45.2,45,C,45.17,50.2,53.56,11.1,-66.8,LEG1,否,否,24.3,0.9,52.49
688236,日线,2026-06-17,14.91,45,C,10.31,17.85,16.82,73.1,13.7,LEG1,否,否,32.3,0.69,16.48
688282,日线,2026-06-17,69.22,45,C,15.18,102.88,60.06,577.7,48.8,LEG1,否,否,35.0,0.81,58.86
600759,日线,2026-06-17,2.42,45,C,1.92,3.2,5.22,66.7,-157.8,LEG1,否,否,28.9,0.81,5.12
600410,日线,2026-06-17,17.74,45,C,3.44,19.1,16.89,455.2,14.1,LEG1,否,否,39.0,0.67,16.55
688687,日线,2026-06-17,15.79,45,C,18.5,20.62,20.24,11.5,17.9,LEG1,否,否,30.5,0.86,19.84
688660,日线,2026-06-17,9.52,45,C,2.77,13.29,11.66,379.8,15.5,LEG1,否,否,37.7,0.69,11.43
688657,日线,2026-06-17,35.76,45,C,27.65,38.66,42.51,39.8,-35.0,LEG1,否,否,33.5,0.66,41.66
688648,日线,2026-06-17,36.82,45,C,17.34,52.7,49.3,203.9,9.6,LEG1,否,否,34.6,0.95,48.31
603716,日线,2026-06-17,15.7,45,C,5.13,22.2,23.03,332.7,-4.9,LEG1,否,否,26.7,0.6,22.57
399391,日线,2026-06-17,2991.17,45,C,2606.63,3145.39,3057.64,20.7,16.3,LEG1,否,否,30.4,0.91,2996.49
600649,日线,2026-06-17,3.58,45,C,3.03,4.04,3.55,33.3,48.5,READY,否,否,28.2,0.74,3.48
600469,日线,2026-06-17,5.63,45,C,3.97,6.72,6.3,69.3,15.3,LEG1,否,否,37.5,0.86,6.17
688382,日线,2026-06-17,16.72,45,C,6.5,21.12,16.56,224.9,31.2,LEG1,否,否,37.2,0.88,16.23
688373,日线,2026-06-17,4.39,45,C,3.23,6.12,5.79,89.5,11.4,LEG1,否,否,29.1,0.95,5.67
600662,日线,2026-06-17,4.24,45,C,3.63,4.64,4.95,27.8,-30.7,LEG1,否,否,36.2,0.69,4.85
301616,日线,2026-06-17,36.99,45,C,37.61,52.37,48.58,39.2,25.7,LEG1,否,否,36.4,0.79,47.61
688357,日线,2026-06-17,28.25,45,C,18.29,36.36,26.98,98.8,51.9,READY,否,否,34.2,0.7,26.44
688356,日线,2026-06-17,69.28,45,C,44.27,111.43,87.12,151.7,36.2,LEG1,否,否,26.3,0.71,85.38
688510,日线,2026-06-17,25.5,45,C,10.21,28.64,24.83,180.5,20.7,LEG1,否,否,38.2,0.95,24.33
600477,日线,2026-06-17,2.57,45,C,2.1,3.13,2.91,49.0,21.4,LEG1,否,否,33.7,0.69,2.85
301556,日线,2026-06-17,64.09,45,C,71.56,92.0,82.01,28.6,48.9,LEG1,否,否,28.7,0.62,80.37
301552,日线,2026-06-17,24.69,45,C,34.7,42.77,38.6,23.3,51.7,LEG1,否,否,29.6,0.85,37.83
301539,日线,2026-06-17,14.6,45,C,14.71,19.46,16.76,32.3,56.8,LEG1,否,否,30.7,0.64,16.42
301535,日线,2026-06-17,14.87,45,C,16.32,19.65,18.61,20.4,31.2,LEG1,否,否,33.7,0.89,18.24
600313,日线,2026-06-17,5.71,45,C,5.12,6.38,7.12,24.6,-58.7,LEG1,否,否,28.9,0.58,6.98
600307,日线,2026-06-17,1.51,45,C,1.11,1.72,1.56,55.0,26.2,LEG1,否,否,30.3,0.7,1.53
300350,日线,2026-06-17,4.24,45,C,3.62,5.51,5.05,52.2,24.3,LEG1,否,否,32.3,0.92,4.95
002511,日线,2026-06-17,6.87,45,C,5.93,9.04,7.8,52.4,39.9,LEG1,否,否,38.3,0.78,7.64
002492,日线,2026-06-17,5.63,45,C,3.56,8.53,7.18,139.6,27.2,LEG1,否,否,23.9,0.78,7.04
600299,日线,2026-06-17,9.82,45,C,6.45,14.5,12.9,124.8,19.9,LEG1,否,否,22.1,0.97,12.64
600295,日线,2026-06-17,12.74,45,C,7.97,16.22,12.79,103.5,41.6,READY,否,否,29.7,0.91,12.53
603739,日线,2026-06-17,12.07,45,C,7.7,15.64,13.27,103.1,29.8,LEG1,否,否,26.9,0.93,13.0
603729,日线,2026-06-17,11.79,45,C,11.1,13.7,15.71,23.4,-77.3,LEG1,否,否,30.0,0.99,15.4
603725,日线,2026-06-17,10.43,45,C,5.32,13.28,8.41,149.6,61.2,LEG1,否,否,32.4,0.51,8.24
600165,日线,2026-06-17,2.73,45,C,1.26,3.3,2.63,161.9,32.8,READY,否,否,32.1,0.87,2.58
002467,日线,2026-06-17,5.18,45,C,2.57,7.17,6.31,179.0,18.7,LEG1,否,否,34.7,0.96,6.18
002454,日线,2026-06-17,5.43,45,C,4.39,10.55,7.52,140.3,49.2,LEG1,否,否,27.4,0.74,7.37
603101,日线,2026-06-17,6.74,45,C,4.26,7.8,9.27,83.1,-41.5,LEG1,否,否,23.7,0.68,9.08
603098,日线,2026-06-17,11.66,45,C,6.77,13.6,11.68,100.9,28.1,LEG1,否,否,31.5,0.76,11.45
603087,日线,2026-06-17,54.08,45,C,32.1,66.57,51.51,107.4,43.7,READY,否,否,39.1,0.98,50.48
000159,日线,2026-06-17,5.76,40,C,3.66,7.07,6.15,93.2,27.0,LEG1,否,否,24.8,0.6,6.03
000680,日线,2026-06-17,10.41,40,C,4.44,11.68,10.57,163.1,15.3,LEG1,否,否,38.4,0.48,10.36
399361,日线,2026-06-17,3147.69,40,C,2193.17,4014.0,3558.4,83.0,25.0,LEG1,否,否,28.0,0.85,3487.23
688377,日线,2026-06-17,25.23,40,C,9.93,31.69,27.0,219.1,21.6,LEG1,否,否,31.8,0.78,26.46
688472,日线,2026-06-17,11.38,40,C,8.34,15.85,12.41,90.0,45.8,LEG1,否,否,34.3,0.76,12.16
688468,日线,2026-06-17,5.94,40,C,5.28,7.7,6.76,45.8,38.8,LEG1,否,否,20.2,0.74,6.62
688466,日线,2026-06-17,14.21,40,C,9.32,19.44,13.39,108.6,59.8,READY,否,否,23.9,0.74,13.12
688448,日线,2026-06-17,54.5,40,C,15.04,74.9,51.6,398.0,38.9,READY,否,否,39.7,0.91,50.57
688443,日线,2026-06-17,20.81,40,C,22.11,31.6,28.61,42.9,31.5,LEG1,否,否,15.8,0.57,28.04
688393,日线,2026-06-17,19.13,40,C,12.83,25.68,21.61,100.2,31.7,LEG1,否,否,27.2,0.92,21.18
600493,日线,2026-06-17,5.73,40,C,3.87,7.77,6.48,100.8,33.1,LEG1,否,否,16.7,0.97,6.35
600660,日线,2026-06-17,50.69,40,C,37.1,54.35,51.41,46.5,17.0,LEG1,否,否,20.8,0.88,50.38
600658,日线,2026-06-17,4.21,40,C,2.79,5.79,4.42,107.5,45.7,LEG1,否,否,20.3,0.8,4.33
600654,日线,2026-06-17,2.9,40,C,1.93,4.29,3.65,122.3,27.1,LEG1,否,否,26.8,0.62,3.58
600653,日线,2026-06-17,1.62,40,C,1.09,1.75,1.69,60.6,9.1,LEG1,否,否,34.9,0.7,1.66
600651,日线,2026-06-17,6.08,40,C,2.32,6.85,3.44,195.3,75.3,LEG1,否,否,35.4,0.62,3.37
301658,日线,2026-06-17,29.35,40,C,27.0,44.43,38.33,64.6,35.0,READY,否,否,24.8,0.7,37.56
301609,日线,2026-06-17,37.69,40,C,40.9,52.6,44.0,28.6,73.5,LEG1,否,否,26.2,0.65,43.12
003037,日线,2026-06-17,6.05,40,C,4.8,7.61,6.69,58.5,32.7,LEG1,否,否,19.3,0.43,6.56
003035,日线,2026-06-17,6.22,40,C,3.87,7.64,6.77,97.4,23.1,LEG1,否,否,31.1,0.74,6.63
003033,日线,2026-06-17,51.5,40,C,20.51,67.5,59.51,229.1,17.0,LEG1,否,否,37.9,0.57,58.32
003032,日线,2026-06-17,6.23,40,C,4.92,7.61,5.9,54.7,63.6,LEG1,否,否,33.8,0.96,5.78
003029,日线,2026-06-17,17.4,40,C,11.76,22.3,20.47,89.6,17.4,LEG1,否,否,29.3,0.82,20.06
003028,日线,2026-06-17,24.85,40,C,25.15,31.9,27.74,26.8,61.6,LEG1,否,否,34.9,0.49,27.19
003027,日线,2026-06-17,19.69,40,C,11.33,25.45,19.36,124.6,43.1,READY,否,否,28.5,0.84,18.97
003023,日线,2026-06-17,21.8,40,C,11.98,33.29,24.24,177.9,42.5,READY,否,否,20.0,0.55,23.76
003021,日线,2026-06-17,96.75,40,C,34.21,108.15,92.81,216.1,20.7,LEG1,否,否,37.7,0.54,90.95
003011,日线,2026-06-17,19.01,40,C,10.96,24.55,21.71,124.0,20.9,LEG1,否,否,26.5,0.65,21.28
003003,日线,2026-06-17,10.82,40,C,6.05,14.2,11.7,134.7,30.7,LEG1,否,否,21.1,0.81,11.47
003001,日线,2026-06-17,14.31,40,C,9.26,23.75,15.95,156.5,53.8,LEG1,否,否,20.8,0.86,15.63
002999,日线,2026-06-17,5.69,40,C,4.76,7.66,6.51,60.9,39.7,LEG1,否,否,20.5,0.99,6.38
002996,日线,2026-06-17,6.35,40,C,4.75,7.67,6.08,61.5,54.5,READY,否,否,37.2,0.89,5.96
002995,日线,2026-06-17,20.49,40,C,11.16,27.62,20.98,147.5,40.3,READY,否,否,36.1,0.6,20.56
002981,日线,2026-06-17,21.86,40,C,16.0,29.84,22.65,86.5,52.0,LEG1,否,否,24.4,0.96,22.2
002932,日线,2026-06-17,14.87,40,C,14.81,17.5,16.6,18.2,33.5,LEG1,否,否,29.2,0.71,16.27
600580,日线,2026-06-17,34.9,40,C,8.31,46.49,19.15,459.4,71.6,LEG1,否,否,31.6,0.46,18.77
603345,日线,2026-06-17,84.94,40,C,68.2,102.18,85.65,49.8,48.6,READY,否,否,26.9,0.68,83.94
603344,日线,2026-06-17,27.43,40,C,18.08,35.0,28.3,93.6,39.6,LEG1,否,否,30.8,0.86,27.73
603338,日线,2026-06-17,47.95,40,C,39.03,53.43,50.13,36.9,22.9,LEG1,否,否,26.6,0.81,49.13
603336,日线,2026-06-17,8.09,40,C,2.78,13.1,8.09,371.2,48.5,LEG1,否,否,16.9,0.72,7.93
603333,日线,2026-06-17,8.1,40,C,2.82,9.13,7.23,223.8,30.1,LEG1,否,否,31.7,0.82,7.09
603332,日线,2026-06-17,11.12,40,C,5.24,12.71,11.93,142.6,10.4,LEG1,否,否,27.3,0.8,11.69
002973,日线,2026-06-17,12.27,40,C,7.01,13.79,11.69,96.7,31.0,LEG1,否,否,34.1,0.59,11.46
002969,日线,2026-06-17,15.5,40,C,2.58,21.1,14.28,717.8,36.8,READY,否,否,34.9,0.53,13.99
300007,日线,2026-06-17,39.05,40,C,11.52,45.49,38.62,294.9,20.2,LEG1,否,否,32.0,0.66,37.85
300006,日线,2026-06-17,4.97,40,C,2.03,6.86,4.8,237.9,42.7,READY,否,否,32.7,0.79,4.7
300004,日线,2026-06-17,12.1,40,C,3.47,18.08,9.74,421.0,57.1,LEG1,否,否,37.2,0.56,9.55
003816,日线,2026-06-17,4.19,40,C,3.2,4.75,4.37,48.4,24.5,LEG1,否,否,32.4,0.85,4.28
003042,日线,2026-06-17,13.1,40,C,10.66,16.21,16.04,52.1,3.1,LEG1,否,否,22.1,0.68,15.72
003041,日线,2026-06-17,45.45,40,C,9.64,59.54,48.4,517.6,22.3,LEG1,否,否,33.8,0.61,47.43
002930,日线,2026-06-17,9.43,40,C,9.0,16.88,12.19,87.6,59.5,LEG1,否,否,30.8,0.58,11.95
002929,日线,2026-06-17,61.6,40,C,23.47,100.09,45.02,326.5,71.9,LEG1,否,否,35.3,0.73,44.12
603363,日线,2026-06-17,2.88,40,C,2.38,3.74,3.12,57.1,45.6,LEG1,否,否,26.2,0.9,3.06
603360,日线,2026-06-17,18.88,40,C,7.9,21.0,17.61,165.8,25.9,LEG1,否,否,39.0,0.65,17.26
603351,日线,2026-06-17,24.45,40,C,17.65,28.9,24.73,63.7,37.1,READY,否,否,26.4,0.5,24.24
600595,日线,2026-06-17,6.24,40,C,2.24,7.74,6.71,245.5,18.7,LEG1,否,否,30.2,0.99,6.58
600594,日线,2026-06-17,3.15,40,C,2.76,4.23,4.03,53.3,13.6,LEG1,否,否,17.4,0.86,3.95
600592,日线,2026-06-17,15.38,40,C,6.66,22.0,23.46,230.3,-9.5,LEG1,否,否,20.2,0.66,22.99
600590,日线,2026-06-17,11.84,40,C,3.2,15.59,9.68,387.2,47.7,LEG1,否,否,33.1,0.48,9.49
600588,日线,2026-06-17,9.78,40,C,8.03,11.54,10.01,43.7,43.6,LEG1,否,否,30.6,0.82,9.81
300017,日线,2026-06-17,14.38,40,C,6.37,20.15,14.7,216.3,39.6,READY,否,否,35.6,0.8,14.41
603310,日线,2026-06-17,15.61,40,C,14.84,17.89,16.02,20.6,61.3,LEG1,否,否,38.3,0.7,15.7
603305,日线,2026-06-17,14.1,40,C,8.3,17.6,13.46,112.0,44.5,LEG1,否,否,39.5,0.52,13.19
300013,日线,2026-06-17,3.91,40,C,1.36,4.84,2.82,255.9,58.0,LEG1,否,否,21.8,0.62,2.76
002951,日线,2026-06-17,16.17,40,C,3.89,24.79,14.25,537.3,50.4,LEG1,否,否,39.2,0.76,13.96
002940,日线,2026-06-17,27.91,40,C,11.44,45.65,31.9,299.0,40.2,LEG1,否,否,27.7,0.52,31.26
002920,日线,2026-06-17,88.2,40,C,76.44,114.96,96.41,50.4,48.2,LEG1,否,否,30.6,0.51,94.48
002919,日线,2026-06-17,19.91,40,C,10.17,27.37,22.2,169.1,30.1,READY,否,否,30.8,0.61,21.76
002917,日线,2026-06-17,11.36,40,C,5.75,15.15,14.61,163.5,5.7,LEG1,否,否,20.4,0.56,14.32
002911,日线,2026-06-17,10.36,40,C,8.9,12.31,11.74,38.3,16.7,LEG1,否,否,17.8,0.64,11.51
002909,日线,2026-06-17,5.34,40,C,3.49,7.16,5.4,105.2,48.0,READY,否,否,27.7,0.9,5.29
002905,日线,2026-06-17,7.22,40,C,5.39,9.59,8.76,77.9,19.8,LEG1,否,否,23.3,0.8,8.58
002899,日线,2026-06-17,23.33,40,C,8.85,35.88,25.52,305.4,38.3,LEG1,否,否,22.1,0.92,25.01
002898,日线,2026-04-30,8.3,40,C,5.77,13.88,10.5,140.6,41.7,LEG1,否,否,7.0,0.04,10.29
600269,日线,2026-06-17,4.09,40,C,3.78,4.46,4.22,18.0,35.3,LEG1,否,否,26.3,0.78,4.14
300047,日线,2026-06-17,9.91,40,C,5.05,13.18,11.32,161.0,22.9,LEG1,否,否,33.8,0.55,11.09
300030,日线,2026-06-17,6.23,40,C,3.31,8.57,6.97,158.9,30.4,LEG1,否,否,19.8,0.82,6.83
300029,日线,2026-04-29,2.77,40,C,3.1,5.01,4.44,61.6,29.8,LEG1,否,否,26.3,0.18,4.35
300027,日线,2026-06-17,1.78,40,C,1.43,2.02,1.76,41.3,44.1,LEG1,否,否,39.6,0.85,1.72
300026,日线,2026-06-17,3.01,40,C,3.01,3.49,3.31,15.9,37.5,LEG1,否,否,27.6,0.92,3.24
300022,日线,2026-06-17,7.53,40,C,3.12,9.16,7.32,193.6,30.5,READY,否,否,26.6,0.71,7.17
300021,日线,2026-06-17,3.71,40,C,2.92,4.62,3.86,58.2,44.7,READY,否,否,28.0,0.73,3.78
002893,日线,2026-06-17,10.05,40,C,6.9,13.08,10.82,89.6,36.6,LEG1,否,否,33.0,0.33,10.6
002887,日线,2026-06-17,11.51,40,C,5.23,16.0,10.17,205.9,54.1,LEG1,否,否,24.1,0.66,9.97
002883,日线,2026-06-17,8.6,40,C,7.81,10.02,9.32,28.3,31.7,LEG1,否,否,29.3,0.76,9.13
002880,日线,2026-06-17,22.14,40,C,22.05,27.19,25.3,23.3,36.8,LEG1,否,否,26.4,0.81,24.79
603289,日线,2026-06-17,9.06,40,C,5.9,12.7,10.74,115.3,28.8,LEG1,否,否,27.8,0.52,10.53
603266,日线,2026-06-17,17.23,40,C,13.55,21.24,17.08,56.8,54.1,LEG1,否,否,30.2,0.67,16.74
600202,日线,2026-06-17,4.82,40,C,3.15,6.57,5.37,108.6,35.1,LEG1,否,否,19.9,0.74,5.26
600266,日线,2026-06-17,4.29,40,C,3.43,5.1,4.68,48.7,25.1,LEG1,否,否,24.6,0.61,4.59
603387,日线,2026-06-17,8.12,40,C,6.93,10.15,8.96,46.5,37.0,LEG1,否,否,31.6,0.72,8.78
603385,日线,2026-06-17,5.17,40,C,4.25,6.87,5.63,61.6,47.3,READY,否,否,24.2,0.98,5.52
603383,日线,2026-06-17,28.5,40,C,23.25,34.59,28.31,48.8,55.4,LEG1,否,否,34.4,0.59,27.74
603378,日线,2026-06-17,5.19,40,C,4.25,6.2,4.95,45.9,64.1,LEG1,否,否,37.6,0.72,4.85
603377,日线,2026-06-17,3.43,40,C,0.89,3.88,2.08,336.0,60.2,LEG1,否,否,31.2,0.61,2.04
603368,日线,2026-06-17,15.56,40,C,14.53,17.06,15.63,17.4,56.5,READY,否,否,30.8,0.64,15.32
600257,日线,2026-06-17,4.82,40,C,3.92,5.74,5.99,46.4,-13.7,LEG1,否,否,11.3,0.82,5.87
002921,日线,2026-06-17,23.81,40,C,7.81,33.26,22.22,325.9,43.4,LEG1,否,否,32.6,0.79,21.78
002867,日线,2026-06-17,11.97,40,C,9.97,12.65,12.2,26.9,16.8,LEG1,否,否,37.2,0.79,11.96
002866,日线,2026-06-17,18.18,40,C,10.3,21.9,16.42,112.6,47.2,LEG1,否,否,39.4,0.53,16.09
002864,日线,2026-06-17,26.81,40,C,22.0,29.79,28.0,35.4,23.0,LEG1,否,否,26.9,0.93,27.44
002863,日线,2026-06-17,4.67,40,C,3.33,5.77,4.92,73.3,34.8,READY,否,否,25.2,1.0,4.82
002862,日线,2026-06-17,14.12,40,C,7.7,18.14,15.55,135.6,24.8,LEG1,否,否,17.1,0.85,15.24
002857,日线,2026-06-17,17.27,40,C,7.33,22.19,20.24,202.7,13.1,LEG1,否,否,38.1,0.9,19.84
002853,日线,2026-06-17,22.98,40,C,6.31,24.66,11.03,290.8,74.3,LEG1,否,否,31.0,0.64,10.81
300071,日线,2026-06-17,3.79,40,C,1.77,4.77,4.56,169.5,7.0,LEG1,否,否,30.6,0.83,4.47
300063,日线,2026-06-17,9.42,40,C,3.16,13.88,12.12,339.2,16.4,LEG1,否,否,34.6,0.56,11.88
300062,日线,2026-06-17,6.2,40,C,3.46,9.25,7.26,167.3,34.4,LEG1,否,否,33.9,0.94,7.11
300061,日线,2026-06-17,7.65,40,C,3.15,11.95,7.96,279.4,45.3,LEG1,否,否,30.0,0.54,7.8
600219,日线,2026-06-17,4.63,40,C,2.69,5.74,4.45,113.4,42.3,READY,否,否,34.6,0.57,4.36
600218,日线,2026-06-17,7.91,40,C,5.45,9.9,8.62,81.7,28.8,LEG1,否,否,29.7,0.74,8.45
600217,日线,2026-06-17,3.07,40,C,3.31,3.68,3.6,11.2,21.6,LEG1,否,否,21.3,0.95,3.53
600256,日线,2026-06-17,5.4,40,C,4.91,6.94,5.9,41.3,51.2,LEG1,否,否,28.2,0.76,5.78
002895,日线,2026-06-17,30.22,40,C,13.14,36.1,34.5,174.7,7.0,LEG1,否,否,34.9,0.98,33.81
002819,日线,2026-06-17,21.36,40,C,18.19,29.06,23.47,59.8,51.4,LEG1,否,否,30.6,0.75,23.0
002817,日线,2026-06-17,6.2,40,C,4.94,8.45,7.06,71.1,39.6,LEG1,否,否,18.4,0.99,6.92
002813,日线,2026-06-17,20.42,40,C,17.39,26.53,24.22,52.6,25.3,LEG1,否,否,22.2,0.71,23.74
002809,日线,2026-06-17,8.2,40,C,6.16,11.99,10.52,94.6,25.2,LEG1,否,否,31.3,0.86,10.31
300095,日线,2026-06-17,8.81,40,C,4.85,11.97,8.68,146.8,46.2,READY,否,否,37.3,0.8,8.51
300087,日线,2026-06-17,6.86,40,C,5.83,7.77,7.85,33.3,-4.1,LEG1,否,否,31.5,0.65,7.69
300085,日线,2026-06-17,27.88,40,C,7.74,43.1,33.4,456.8,27.4,LEG1,否,否,35.9,0.69,32.73
300079,日线,2026-06-17,4.57,40,C,3.35,6.04,5.08,80.3,35.7,LEG1,否,否,18.9,0.99,4.98
603477,日线,2026-06-17,13.99,40,C,15.4,19.62,17.1,27.4,59.7,LEG1,否,否,28.9,0.75,16.76
603421,日线,2026-06-17,6.57,40,C,3.87,9.07,8.09,134.4,18.8,LEG1,否,否,31.1,0.7,7.93
603396,日线,2026-06-17,28.81,40,C,21.08,39.14,28.18,85.7,60.7,READY,否,否,26.6,0.98,27.62
002847,日线,2026-06-17,49.27,40,C,35.53,61.87,59.0,74.1,10.9,LEG1,否,否,19.6,0.86,57.82
002878,日线,2026-06-17,12.8,40,C,9.12,16.68,14.14,82.9,33.6,LEG1,否,否,24.1,0.68,13.86
002877,日线,2026-06-17,7.69,40,C,5.63,8.64,8.17,53.5,15.6,LEG1,否,否,33.1,0.65,8.01
002873,日线,2026-06-17,7.77,40,C,7.41,10.2,8.84,37.7,48.7,LEG1,否,否,17.1,0.79,8.66
002872,日线,2026-06-17,5.03,40,C,3.17,5.59,4.88,76.3,29.3,LEG1,否,否,32.6,0.79,4.78
603231,日线,2026-06-17,14.73,40,C,13.87,18.27,16.13,31.7,48.6,LEG1,否,否,24.2,0.9,15.81
603229,日线,2026-06-17,8.3,40,C,6.52,10.77,8.63,65.2,50.4,LEG1,否,否,16.1,0.48,8.46
603227,日线,2026-06-17,7.84,40,C,5.39,9.21,8.5,70.9,18.6,LEG1,否,否,29.3,0.5,8.33
603221,日线,2026-06-17,11.53,40,C,6.1,13.8,10.69,126.2,40.4,LEG1,否,否,29.4,0.66,10.48
300124,日线,2026-06-17,69.75,40,C,39.17,84.05,60.13,114.6,53.3,LEG1,否,否,38.1,0.67,58.93
300115,日线,2026-06-17,30.7,40,C,6.93,39.86,17.13,475.2,69.0,LEG1,否,否,36.7,0.5,16.79
300112,日线,2026-06-17,6.63,40,C,6.1,8.69,7.4,42.5,49.8,LEG1,否,否,29.2,0.91,7.25
300110,日线,2026-06-17,2.57,40,C,2.71,3.2,2.99,18.1,42.9,LEG1,否,否,29.3,0.63,2.93
300106,日线,2026-06-17,11.44,40,C,4.99,15.81,10.82,216.8,46.1,READY,否,否,30.1,0.52,10.6
300100,日线,2026-06-17,28.33,40,C,5.37,36.37,28.68,577.3,24.8,LEG1,否,否,32.7,0.72,28.11
300098,日线,2026-06-17,4.98,40,C,2.45,6.3,4.99,157.1,34.0,LEG1,否,否,34.0,0.84,4.89
002835,日线,2026-06-17,12.4,40,C,9.8,15.86,14.57,61.8,21.3,LEG1,否,否,26.3,0.79,14.28
002833,日线,2026-06-17,17.59,40,C,14.0,22.52,17.29,60.9,61.4,LEG1,否,否,32.8,0.59,16.94
002829,日线,2026-06-17,19.11,40,C,11.85,27.7,21.19,133.8,41.1,LEG1,否,否,26.4,0.58,20.77
002827,日线,2026-06-17,25.31,40,C,10.05,33.9,24.81,237.3,38.1,READY,否,否,24.5,0.88,24.31
002820,日线,2026-06-17,8.93,40,C,6.69,11.88,9.67,77.6,42.6,LEG1,否,否,22.3,0.87,9.48
300132,日线,2026-06-17,6.06,40,C,2.61,8.48,6.19,224.9,39.0,READY,否,否,18.7,0.94,6.07
300130,日线,2026-06-17,21.7,40,C,14.27,25.25,22.15,76.9,28.2,LEG1,否,否,38.2,0.88,21.71
002808,日线,2026-04-30,2.83,40,C,1.42,4.93,4.52,247.2,11.7,LEG1,否,否,9.4,0.1,4.43
603551,日线,2026-06-17,9.32,40,C,7.68,11.48,10.5,49.5,25.8,LEG1,否,否,13.6,0.66,10.29
603538,日线,2026-06-17,37.8,40,C,9.96,47.9,42.0,380.9,15.6,LEG1,否,否,31.9,0.49,41.16
603536,日线,2026-06-17,8.48,40,C,6.72,9.95,9.46,48.1,15.2,LEG1,否,否,26.5,0.86,9.27
603535,日线,2026-06-17,6.54,40,C,6.98,8.84,7.65,26.6,64.0,LEG1,否,否,24.7,0.63,7.5
603533,日线,2026-06-17,20.09,40,C,12.07,26.88,23.0,122.7,26.2,LEG1,否,否,28.4,0.58,22.54
603520,日线,2026-06-17,9.4,40,C,7.32,14.37,9.13,96.3,74.3,LEG1,否,否,32.5,0.68,8.95
603515,日线,2026-06-17,18.33,40,C,13.43,20.19,17.75,50.3,36.1,READY,否,否,38.0,0.58,17.39
603508,日线,2026-06-17,21.59,40,C,10.6,27.29,25.92,157.5,8.2,LEG1,否,否,24.9,0.75,25.4
002802,日线,2026-06-17,11.79,40,C,6.26,15.05,13.72,140.4,15.1,LEG1,否,否,30.9,0.79,13.45
300128,日线,2026-06-17,6.13,40,C,2.74,8.78,5.8,220.4,49.3,LEG1,否,否,32.8,0.92,5.68
603238,日线,2026-06-17,12.04,40,C,8.17,16.85,14.55,106.2,26.5,LEG1,否,否,23.8,0.87,14.26
603236,日线,2026-06-17,55.08,40,C,29.78,59.5,51.3,99.8,27.6,LEG1,否,否,31.9,0.96,50.27
603232,日线,2026-06-17,16.05,40,C,8.06,24.22,17.71,200.5,40.3,LEG1,否,否,27.6,0.48,17.36
002755,日线,2026-06-17,12.72,40,C,6.5,17.77,12.42,173.4,47.5,READY,否,否,29.0,0.44,12.17
002753,日线,2026-06-17,6.2,40,C,4.53,7.55,6.38,66.7,38.7,READY,否,否,28.7,0.58,6.25
002800,日线,2026-06-17,14.42,40,C,7.77,19.2,16.1,147.1,27.1,LEG1,否,否,26.4,0.74,15.78
002799,日线,2026-06-17,6.63,40,C,5.55,9.0,7.79,62.2,35.1,LEG1,否,否,17.5,0.96,7.63
002798,日线,2026-06-17,5.79,40,C,2.87,6.86,5.49,139.0,34.3,LEG1,否,否,26.1,0.51,5.38
002792,日线,2026-06-17,37.1,40,C,9.48,54.4,37.56,473.8,37.5,READY,否,否,33.7,0.93,36.81
002785,日线,2026-06-17,39.12,40,C,21.9,57.3,37.8,161.6,55.1,READY,否,否,27.5,0.92,37.04
002783,日线,2026-06-17,7.29,40,C,6.14,8.75,7.64,42.5,42.5,LEG1,否,否,31.4,0.86,7.49
002780,日线,2026-06-17,13.13,40,C,8.2,17.47,13.31,113.0,44.9,LEG1,否,否,33.4,0.78,13.04
002778,日线,2026-06-17,16.36,40,C,7.36,21.21,16.3,188.2,35.5,READY,否,否,30.1,0.87,15.97
300148,日线,2026-06-17,3.25,40,C,2.19,3.82,4.43,74.4,-37.4,LEG1,否,否,23.6,0.98,4.34
300143,日线,2026-06-17,6.94,40,C,6.51,11.88,11.28,82.5,11.2,LEG1,否,否,13.4,0.91,11.05
300141,日线,2026-06-17,10.41,40,C,4.17,13.85,12.6,232.1,12.9,LEG1,否,否,33.7,0.87,12.35
300140,日线,2026-06-17,5.4,40,C,4.3,6.27,5.94,45.8,16.8,LEG1,否,否,26.0,0.65,5.82
300135,日线,2026-06-17,3.25,40,C,1.57,3.65,3.79,132.5,-6.7,LEG1,否,否,31.4,0.95,3.71
300133,日线,2026-06-17,7.23,40,C,3.88,10.92,6.9,181.4,57.1,LEG1,否,否,34.7,0.61,6.76
002752,日线,2026-06-17,6.19,40,C,3.57,7.7,6.6,115.7,26.6,LEG1,否,否,37.2,0.83,6.47
002746,日线,2026-06-17,5.3,40,C,5.1,6.2,5.8,21.6,36.4,LEG1,否,否,22.6,0.91,5.68
002732,日线,2026-06-17,13.28,40,C,13.01,16.58,15.82,27.4,21.3,LEG1,否,否,21.5,0.83,15.5
600287,日线,2026-06-17,4.67,40,C,2.63,5.98,3.94,127.4,60.9,LEG1,否,否,22.9,0.63,3.86
600285,日线,2026-06-17,20.45,40,C,16.15,22.05,20.3,36.5,29.7,LEG1,否,否,32.6,0.63,19.89
600284,日线,2026-06-17,5.17,40,C,4.88,8.02,6.56,64.3,46.5,LEG1,否,否,18.2,0.75,6.43
600283,日线,2026-06-17,8.2,40,C,7.38,9.33,8.94,26.4,20.0,LEG1,否,否,30.3,0.51,8.76
603217,日线,2026-06-17,23.92,40,C,11.34,33.24,22.89,193.1,47.3,READY,否,否,36.5,0.62,22.43
603214,日线,2026-06-17,13.04,40,C,9.41,16.98,14.86,80.4,28.0,LEG1,否,否,21.9,0.98,14.56
600617,日线,2026-06-17,3.0,40,C,2.11,3.76,3.31,78.2,27.3,LEG1,否,否,22.7,0.66,3.24
300155,日线,2026-06-17,4.19,40,C,2.39,5.46,5.3,128.5,5.2,LEG1,否,否,23.6,0.97,5.19
002777,日线,2026-06-17,13.12,40,C,11.84,17.6,15.67,48.6,33.5,LEG1,否,否,29.2,0.92,15.36
002771,日线,2026-06-17,14.55,40,C,13.0,17.98,15.74,38.3,45.0,LEG1,否,否,37.6,0.49,15.43
002766,日线,2026-06-17,3.9,40,C,2.83,5.55,4.7,96.1,31.2,LEG1,否,否,25.4,0.38,4.61
002763,日线,2026-06-17,7.41,40,C,5.76,8.36,7.7,45.1,25.4,LEG1,否,否,28.4,0.82,7.55
002760,日线,2026-06-17,17.41,40,C,10.81,26.5,19.52,145.1,44.5,LEG1,否,否,23.0,0.59,19.13
002715,日线,2026-06-17,13.84,40,C,6.9,18.98,13.82,175.1,42.7,LEG1,否,否,15.7,0.8,13.54
002713,日线,2026-06-17,10.35,40,C,1.96,14.49,8.18,639.3,50.4,LEG1,否,否,29.5,0.85,8.02
002712,日线,2026-06-17,4.52,40,C,2.91,5.91,4.85,103.1,35.3,LEG1,否,否,22.0,0.84,4.75
300188,日线,2026-06-17,10.26,40,C,9.21,13.38,11.0,45.3,57.1,READY,否,否,30.2,0.59,10.78
300187,日线,2026-06-17,5.03,40,C,3.43,6.11,4.85,78.1,47.0,LEG1,否,否,28.9,0.69,4.75
300183,日线,2026-06-17,11.08,40,C,8.43,13.65,12.81,61.9,16.1,LEG1,否,否,34.3,0.89,12.55
300182,日线,2026-06-17,5.52,40,C,3.18,6.79,5.38,113.5,39.1,LEG1,否,否,37.0,0.65,5.27
300176,日线,2026-06-17,5.19,40,C,3.16,7.16,6.65,126.6,12.7,LEG1,否,否,13.7,0.74,6.52
300175,日线,2026-06-17,5.09,40,C,3.44,6.83,5.71,98.5,33.0,LEG1,否,否,22.0,0.96,5.6
300170,日线,2026-06-17,17.44,40,C,4.74,24.02,18.28,406.8,29.8,LEG1,否,否,36.6,0.57,17.91
300168,日线,2026-06-17,4.84,40,C,4.42,6.18,5.25,39.8,52.8,LEG1,否,否,34.4,0.96,5.14
300167,日线,2026-06-17,4.67,40,C,1.15,6.35,4.82,452.2,29.4,LEG1,否,否,33.9,0.93,4.72
300161,日线,2026-06-17,30.86,40,C,18.11,33.65,26.71,85.8,44.7,LEG1,否,否,39.3,0.51,26.18
603590,日线,2026-06-17,29.14,40,C,20.07,39.64,33.52,97.5,31.3,LEG1,否,否,21.5,0.32,32.85
603569,日线,2026-06-17,5.32,40,C,5.96,6.78,6.6,13.8,22.0,LEG1,否,否,24.9,0.9,6.47
600279,日线,2026-06-17,4.05,40,C,3.32,6.0,4.59,80.7,52.6,LEG1,否,否,23.6,0.7,4.5
002697,日线,2026-06-17,4.42,40,C,4.03,5.04,4.73,25.1,30.7,LEG1,否,否,29.3,0.72,4.64
002693,日线,2026-06-17,8.82,40,C,3.67,12.43,8.71,238.7,42.5,READY,否,否,33.8,0.65,8.54
002689,日线,2026-06-17,2.79,40,C,2.06,3.32,3.38,61.2,-4.8,LEG1,否,否,26.1,0.81,3.31
002688,日线,2026-06-17,4.99,40,C,2.91,5.95,5.56,104.5,12.8,LEG1,否,否,34.5,0.45,5.45
002686,日线,2026-06-17,5.75,40,C,3.71,8.25,6.46,122.4,39.4,LEG1,否,否,24.9,0.77,6.33
002685,日线,2026-06-17,6.65,40,C,2.03,9.78,7.88,381.8,24.5,LEG1,否,否,20.8,0.59,7.72
300204,日线,2026-06-17,20.11,40,C,5.41,28.31,26.74,423.3,6.9,LEG1,否,否,23.9,0.68,26.21
600609,日线,2026-06-17,3.3,40,C,2.88,4.23,3.89,46.9,25.2,LEG1,否,否,26.2,0.94,3.81
600604,日线,2026-06-17,4.16,40,C,3.25,5.94,4.74,82.8,44.6,LEG1,否,否,36.8,0.32,4.65
603198,日线,2026-06-17,32.91,40,C,31.35,38.66,34.01,23.3,63.6,LEG1,否,否,32.3,0.55,33.33
300194,日线,2026-06-17,3.53,40,C,2.92,4.2,3.78,43.8,32.8,LEG1,否,否,29.5,0.82,3.7
300191,日线,2026-06-17,29.5,40,C,8.39,41.06,35.36,389.4,17.4,LEG1,否,否,36.3,0.54,34.65
002727,日线,2026-06-17,10.76,40,C,10.84,12.0,12.2,10.7,-17.2,LEG1,否,否,32.9,0.83,11.96
002723,日线,2026-06-17,8.12,40,C,4.64,11.26,8.71,142.7,38.5,READY,否,否,26.9,0.94,8.54
002722,日线,2026-06-17,12.59,40,C,9.05,16.06,13.88,77.5,31.1,LEG1,否,否,25.9,0.81,13.6
002721,日线,2026-06-17,2.36,40,C,2.04,3.2,2.75,56.9,38.8,LEG1,否,否,28.2,0.86,2.69
002679,日线,2026-06-17,8.43,40,C,6.18,11.44,10.0,85.1,27.4,LEG1,否,否,21.8,0.56,9.8
603615,日线,2026-06-17,17.91,40,C,9.61,23.77,16.85,147.3,48.9,LEG1,否,否,36.9,0.72,16.51
603613,日线,2026-06-17,19.97,40,C,14.8,29.09,24.03,96.6,35.4,LEG1,否,否,18.0,0.75,23.55
603607,日线,2026-06-17,20.7,40,C,9.56,25.86,23.0,170.5,17.5,LEG1,否,否,31.0,0.9,22.54
603600,日线,2026-06-17,9.44,40,C,8.24,12.52,9.97,51.9,59.6,LEG1,否,否,20.5,0.7,9.77
603598,日线,2026-06-17,19.06,40,C,10.25,24.34,20.22,137.5,29.2,LEG1,否,否,33.5,0.57,19.82
300231,日线,2026-06-17,8.6,40,C,5.94,11.63,10.01,95.8,28.5,LEG1,否,否,36.6,0.75,9.81
300230,日线,2026-06-17,4.64,40,C,2.79,5.19,4.44,86.0,31.2,LEG1,否,否,38.4,0.7,4.35
300229,日线,2026-06-17,15.3,40,C,9.56,20.15,17.08,110.8,29.0,LEG1,否,否,35.7,0.7,16.74
300220,日线,2026-06-17,11.15,40,C,4.52,15.02,13.45,232.3,15.0,LEG1,否,否,22.3,0.82,13.18
300217,日线,2026-06-17,4.71,40,C,3.31,5.69,5.0,71.9,29.0,LEG1,否,否,35.5,0.68,4.9
300215,日线,2026-06-17,7.05,40,C,2.96,9.52,7.65,221.6,28.5,LEG1,否,否,36.4,0.77,7.5
300213,日线,2026-06-17,6.87,40,C,4.26,8.75,7.29,105.4,32.5,LEG1,否,否,35.8,1.0,7.14
300210,日线,2026-06-17,9.65,40,C,5.98,12.55,10.38,109.9,33.0,READY,否,否,32.8,0.67,10.17
002703,日线,2026-06-17,16.01,40,C,9.02,22.58,16.9,150.3,41.9,LEG1,否,否,34.8,0.86,16.56
002702,日线,2026-06-17,4.83,40,C,2.84,5.79,5.26,103.9,18.0,LEG1,否,否,27.6,0.95,5.15
002629,日线,2026-06-17,4.65,40,C,1.43,8.04,7.15,462.2,13.5,LEG1,否,否,22.1,0.57,7.01
002628,日线,2026-06-17,4.83,40,C,1.75,6.47,4.91,269.7,33.1,READY,否,否,35.4,0.82,4.81
002671,日线,2026-06-17,3.96,40,C,2.9,5.08,4.63,75.2,20.6,LEG1,否,否,22.2,0.78,4.54
002667,日线,2026-06-17,15.4,40,C,4.35,23.77,17.45,446.4,32.5,LEG1,否,否,19.9,0.01,17.1
002663,日线,2026-06-17,1.61,40,C,1.13,2.48,2.03,119.5,33.3,LEG1,否,否,15.6,0.78,1.99
002661,日线,2026-06-17,7.25,40,C,6.36,8.23,7.53,29.4,37.4,READY,否,否,27.9,0.86,7.38
002660,日线,2026-06-17,7.08,40,C,5.68,9.1,8.0,60.2,32.2,LEG1,否,否,32.1,0.87,7.84
002649,日线,2026-06-17,8.8,40,C,7.2,12.12,10.36,68.3,35.8,READY,否,否,33.1,0.88,10.15
002648,日线,2026-06-17,22.4,40,C,12.74,24.7,22.68,93.9,16.9,LEG1,否,否,29.3,0.93,22.23
002647,日线,2026-06-17,11.46,40,C,3.02,13.2,6.26,337.1,68.2,LEG1,否,否,37.0,0.68,6.13
600189,日线,2026-06-17,7.75,40,C,6.05,8.53,7.51,41.0,41.1,READY,否,否,37.7,0.78,7.36
600185,日线,2026-06-17,4.86,40,C,4.16,6.03,5.56,45.0,25.1,LEG1,否,否,25.9,0.82,5.45
603197,日线,2026-06-17,29.3,40,C,26.82,36.26,31.23,35.2,53.3,LEG1,否,否,37.8,0.64,30.61
603193,日线,2026-06-17,20.65,40,C,11.92,24.32,21.42,104.0,23.4,LEG1,否,否,28.9,0.65,20.99
603183,日线,2026-06-17,3.67,40,C,2.66,4.97,4.12,86.8,36.8,LEG1,否,否,21.4,0.78,4.04
002681,日线,2026-06-17,4.87,40,C,3.24,5.96,4.49,84.0,54.0,READY,否,否,37.8,0.82,4.4
002620,日线,2026-06-17,5.88,40,C,2.22,10.89,4.82,390.5,70.0,LEG1,否,否,28.7,0.79,4.72
002616,日线,2026-06-17,4.82,40,C,3.3,5.96,5.42,80.6,20.3,LEG1,否,否,25.2,0.57,5.31
002612,日线,2026-06-17,11.65,40,C,12.2,17.0,16.0,39.3,20.8,LEG1,否,否,18.5,0.7,15.68
002603,日线,2026-06-17,14.95,40,C,12.41,16.66,14.88,34.2,41.9,READY,否,否,36.1,0.62,14.58
002602,日线,2026-06-17,13.08,40,C,2.99,15.59,5.81,421.4,77.6,LEG1,否,否,20.7,0.88,5.69
300240,日线,2026-06-17,5.39,40,C,3.88,7.04,6.54,81.4,15.8,LEG1,否,否,26.4,0.89,6.41
603176,日线,2026-06-17,4.6,40,C,3.31,5.74,4.96,73.4,32.1,LEG1,否,否,20.1,0.97,4.86
603172,日线,2026-06-17,18.17,40,C,9.81,24.34,18.06,148.1,43.2,READY,否,否,31.7,0.77,17.7
603171,日线,2026-06-17,44.11,40,C,20.17,55.25,48.42,173.9,19.5,LEG1,否,否,31.5,0.78,47.45
603170,日线,2026-06-17,11.76,40,C,10.41,13.18,12.03,26.6,41.5,LEG1,否,否,37.9,0.63,11.79
603162,日线,2026-06-17,9.73,40,C,7.69,19.74,13.12,156.7,54.9,LEG1,否,否,25.6,0.85,12.86
300237,日线,2026-06-17,2.05,40,C,0.85,2.53,2.0,197.6,31.5,READY,否,否,27.3,0.81,1.96
002642,日线,2026-06-17,7.01,40,C,4.26,9.2,7.24,116.0,39.7,LEG1,否,否,28.7,0.65,7.1
603655,日线,2026-06-17,31.83,40,C,10.0,49.23,35.66,392.3,34.6,READY,否,否,26.0,0.91,34.95
603626,日线,2026-06-17,21.41,40,C,4.2,28.99,21.42,590.2,30.5,LEG1,否,否,33.4,0.68,20.99
603619,日线,2026-06-17,22.6,40,C,14.32,27.28,24.95,90.5,18.0,LEG1,否,否,26.6,0.88,24.45
300287,日线,2026-06-17,3.53,40,C,1.5,5.15,5.19,243.3,-1.1,LEG1,否,否,31.5,0.95,5.09
300275,日线,2026-06-17,8.76,40,C,5.93,10.04,9.25,69.3,19.2,LEG1,否,否,29.8,0.83,9.06
600566,日线,2026-06-17,26.25,40,C,23.85,29.27,26.6,22.7,49.3,READY,否,否,32.5,0.63,26.07
600561,日线,2026-06-17,5.43,40,C,3.12,7.29,5.81,133.7,35.5,LEG1,否,否,22.3,0.98,5.69
603677,日线,2026-06-17,13.85,40,C,7.96,18.61,14.6,133.8,37.7,LEG1,否,否,19.4,0.63,14.31
603676,日线,2026-06-17,8.6,40,C,6.3,10.8,9.62,71.4,26.2,LEG1,否,否,25.6,0.77,9.43
603667,日线,2026-06-17,66.52,40,C,10.53,78.08,68.52,641.5,14.2,LEG1,否,否,37.2,0.52,67.15
603665,日线,2026-06-17,26.25,40,C,12.55,33.88,25.6,170.0,38.8,READY,否,否,33.0,0.65,25.09
300268,日线,2026-06-17,11.2,40,C,5.76,13.56,12.1,135.4,18.7,LEG1,否,否,27.9,0.86,11.86
300267,日线,2026-06-17,3.42,40,C,2.03,5.11,3.25,151.7,60.4,READY,否,否,34.8,0.75,3.19
300254,日线,2026-06-17,9.0,40,C,4.98,15.2,9.04,205.2,60.3,READY,否,否,25.9,0.67,8.86
300253,日线,2026-06-17,6.99,40,C,5.11,10.13,8.04,98.2,41.6,LEG1,否,否,30.3,0.97,7.88
300247,日线,2026-06-17,4.04,40,C,2.24,4.29,4.03,91.5,12.7,LEG1,否,否,33.8,0.67,3.95
002627,日线,2026-06-17,6.33,40,C,3.86,7.6,6.53,96.9,28.6,LEG1,否,否,34.5,0.63,6.4
002626,日线,2026-06-17,13.95,40,C,10.71,17.59,15.12,64.2,35.9,LEG1,否,否,27.4,0.68,14.82
002622,日线,2026-06-17,2.25,40,C,1.15,2.9,2.95,152.2,-2.9,LEG1,否,否,25.6,0.99,2.89
002547,日线,2026-06-17,3.08,40,C,2.2,3.77,2.93,71.4,53.5,LEG1,否,否,29.3,0.95,2.87
002593,日线,2026-06-17,4.39,40,C,2.51,5.43,5.58,116.3,-5.1,LEG1,否,否,33.2,0.86,5.47
002591,日线,2026-06-17,7.04,40,C,2.99,9.5,6.25,217.7,49.9,LEG1,否,否,29.0,0.8,6.12
002590,日线,2026-06-17,11.01,40,C,8.96,12.7,11.51,41.7,31.8,LEG1,否,否,35.3,0.57,11.28
002589,日线,2026-06-17,2.61,40,C,2.05,2.95,2.79,43.9,17.8,LEG1,否,否,27.0,0.93,2.73
002586,日线,2026-06-17,3.66,40,C,1.21,4.5,2.48,271.9,61.4,LEG1,否,否,23.2,0.96,2.43
002582,日线,2026-06-17,9.1,40,C,4.28,11.39,10.91,166.1,6.8,LEG1,否,否,24.2,0.89,10.69
002580,日线,2026-06-17,21.3,40,C,4.97,28.49,22.72,473.2,24.5,LEG1,否,否,38.1,0.99,22.27
002578,日线,2026-06-17,3.62,40,C,2.22,4.3,3.73,93.7,27.4,LEG1,否,否,38.2,0.82,3.66
002576,日线,2026-06-17,15.69,40,C,9.59,16.68,15.42,73.9,17.8,LEG1,否,否,33.0,0.53,15.11
002574,日线,2026-06-17,4.61,40,C,3.73,5.89,5.17,57.9,33.3,LEG1,否,否,28.6,0.89,5.07
002571,日线,2026-06-17,11.25,40,C,3.14,13.17,7.49,319.4,56.6,LEG1,否,否,36.4,0.69,7.34
002570,日线,2026-06-17,4.67,40,C,2.28,5.97,4.82,161.8,31.2,LEG1,否,否,33.1,0.55,4.72
300299,日线,2026-06-17,5.08,40,C,3.21,5.75,6.27,79.1,-20.5,LEG1,否,否,29.4,0.88,6.14
300295,日线,2026-06-17,10.85,40,C,6.29,12.43,11.08,97.6,22.0,LEG1,否,否,38.9,0.76,10.86
300291,日线,2026-06-17,5.09,40,C,3.56,7.28,5.51,104.5,47.6,LEG1,否,否,23.1,0.62,5.4
002543,日线,2026-06-17,6.61,40,C,7.51,8.43,8.16,12.3,29.3,LEG1,否,否,13.8,0.83,8.0
603693,日线,2026-06-17,14.58,40,C,8.21,19.95,13.35,143.0,56.2,LEG1,否,否,37.5,0.46,13.08
603689,日线,2026-06-17,7.55,40,C,6.31,8.72,7.54,38.2,49.0,READY,否,否,26.4,0.48,7.39
603682,日线,2026-06-17,8.04,40,C,3.43,9.55,7.8,178.4,28.6,LEG1,否,否,31.0,0.62,7.64
600575,日线,2026-06-17,3.72,40,C,2.13,4.58,3.45,115.0,46.1,LEG1,否,否,37.2,0.62,3.38
600573,日线,2026-06-17,11.68,40,C,7.49,13.93,11.77,86.0,33.5,READY,否,否,36.1,0.8,11.53
600571,日线,2026-06-17,10.55,40,C,7.78,13.6,12.82,74.8,13.4,LEG1,否,否,34.0,0.71,12.56
300310,日线,2026-06-17,4.71,40,C,2.64,6.98,5.62,164.4,31.3,LEG1,否,否,34.1,0.49,5.51
300306,日线,2026-06-17,10.28,40,C,6.56,13.0,11.43,98.2,24.4,LEG1,否,否,31.0,0.85,11.2
603153,日线,2026-06-17,13.55,40,C,13.95,18.03,15.38,29.2,65.0,LEG1,否,否,27.9,0.81,15.07
603151,日线,2026-06-17,11.88,40,C,8.31,16.12,15.33,94.0,10.1,LEG1,否,否,26.0,0.98,15.02
603138,日线,2026-06-17,15.93,40,C,9.04,18.88,15.9,108.8,30.3,LEG1,否,否,32.2,0.54,15.58
603127,日线,2026-06-17,32.42,40,C,12.32,43.0,30.7,249.0,40.1,READY,否,否,39.4,0.51,30.09
603126,日线,2026-06-17,7.34,40,C,4.81,8.13,6.92,69.0,36.4,LEG1,否,否,32.1,0.84,6.78
002566,日线,2026-06-17,6.5,40,C,5.2,8.43,7.21,62.1,37.8,LEG1,否,否,23.4,0.81,7.07
002561,日线,2026-06-17,6.75,40,C,6.76,7.6,7.66,12.4,-7.1,LEG1,否,否,25.2,0.94,7.51
002483,日线,2026-06-17,5.3,40,C,3.37,6.03,6.58,78.9,-20.7,LEG1,否,否,25.5,0.62,6.45
002533,日线,2026-06-17,11.38,40,C,6.67,14.42,12.65,116.2,22.8,LEG1,否,否,38.9,0.74,12.4
002532,日线,2026-06-17,12.55,40,C,4.68,16.75,14.66,257.9,17.3,LEG1,否,否,22.1,0.96,14.37
002531,日线,2026-06-17,9.2,40,C,6.1,12.79,8.8,109.7,59.6,READY,否,否,29.6,0.77,8.62
002526,日线,2026-06-17,2.84,40,C,1.92,3.48,3.18,81.3,19.2,LEG1,否,否,29.6,0.73,3.12
002524,日线,2026-06-17,3.4,40,C,2.9,4.55,3.99,56.9,33.9,LEG1,否,否,21.8,0.75,3.91
002523,日线,2026-06-17,3.2,40,C,2.0,3.57,3.8,78.5,-14.6,LEG1,否,否,23.3,0.95,3.72
603117,日线,2026-06-17,3.69,40,C,2.36,5.12,4.57,116.9,19.9,LEG1,否,否,12.6,0.78,4.48
603116,日线,2026-06-17,6.7,40,C,3.88,8.52,5.26,119.6,70.3,LEG1,否,否,29.2,0.61,5.15
603112,日线,2026-06-17,18.48,40,C,7.82,23.95,16.41,206.3,46.7,LEG1,否,否,35.2,0.46,16.08
603108,日线,2026-06-17,10.16,40,C,11.77,16.22,12.77,37.8,77.5,LEG1,否,否,23.5,0.48,12.51
603107,日线,2026-06-17,12.13,40,C,13.47,15.08,14.5,12.0,36.0,LEG1,否,否,21.4,0.96,14.21
603105,日线,2026-06-17,7.61,40,C,6.82,10.68,9.63,56.6,27.2,LEG1,否,否,19.7,0.85,9.44
603103,日线,2026-06-17,16.0,40,C,9.62,24.57,19.98,155.4,30.7,LEG1,否,否,22.1,0.79,19.58
300324,日线,2026-06-17,3.95,40,C,1.79,5.28,4.34,195.0,26.9,LEG1,否,否,34.5,0.82,4.25
300317,日线,2026-06-17,4.8,40,C,2.87,6.1,4.86,112.5,38.4,LEG1,否,否,37.7,0.66,4.76
603700,日线,2026-06-17,10.75,40,C,8.36,11.92,12.06,42.6,-3.9,LEG1,否,否,33.9,0.8,11.82
002480,日线,2026-06-17,5.52,40,C,2.74,6.65,5.77,142.7,22.5,LEG1,否,否,29.6,0.58,5.65
002479,日线,2026-06-17,4.74,40,C,3.28,5.6,5.14,70.7,19.8,LEG1,否,否,27.1,0.67,5.04
300359,日线,2026-06-17,3.73,40,C,3.3,5.06,4.68,53.3,21.6,LEG1,否,否,21.8,0.98,4.59
300357,日线,2026-06-17,20.93,40,C,16.32,23.44,23.28,43.6,2.2,LEG1,否,否,26.1,0.64,22.81
300355,日线,2026-06-17,2.92,40,C,2.15,3.72,3.15,73.0,36.3,READY,否,否,30.7,0.82,3.09
300335,日线,2026-06-17,5.23,40,C,3.2,6.35,5.83,98.4,16.5,LEG1,否,否,24.2,0.89,5.71
300333,日线,2026-06-17,9.41,40,C,3.08,12.31,8.66,299.7,39.5,LEG1,否,否,36.6,0.72,8.49
002512,日线,2026-06-17,4.1,40,C,2.74,5.33,3.91,94.5,54.8,LEG1,否,否,36.8,0.8,3.83
002510,日线,2026-06-17,6.11,40,C,2.96,7.19,6.08,142.9,26.2,LEG1,否,否,35.3,0.69,5.96
002501,日线,2026-06-17,1.44,40,C,0.88,1.74,1.35,97.7,45.3,LEG1,否,否,36.4,0.67,1.32
002495,日线,2026-06-17,2.19,40,C,1.25,2.77,2.61,121.6,10.5,LEG1,否,否,21.4,0.79,2.56
002489,日线,2026-06-17,3.2,40,C,2.18,4.21,3.16,93.1,51.7,LEG1,否,否,21.1,0.83,3.1
002488,日线,2026-06-17,9.63,40,C,4.12,13.25,9.83,221.6,37.5,READY,否,否,31.3,0.65,9.63
002487,日线,2026-06-17,60.57,40,C,16.32,79.81,20.55,389.0,93.3,LEG1,否,否,31.4,0.83,20.14
002486,日线,2026-06-17,2.24,40,C,1.31,2.98,2.59,127.5,23.4,LEG1,否,否,21.7,0.82,2.54
002465,日线,2026-06-17,13.85,40,C,8.06,18.5,13.97,129.5,43.4,LEG1,否,否,34.8,0.63,13.69
002461,日线,2026-06-17,8.62,40,C,6.6,10.2,8.81,54.5,38.6,READY,否,否,31.5,0.68,8.63
002453,日线,2026-06-17,5.07,40,C,3.22,6.44,5.66,100.0,24.2,LEG1,否,否,26.3,0.73,5.55
002445,日线,2026-06-17,3.19,40,C,1.58,3.8,3.31,140.5,22.1,LEG1,否,否,33.8,0.72,3.24
002444,日线,2026-06-17,30.16,40,C,18.29,36.85,29.83,101.5,37.8,READY,否,否,34.1,0.91,29.23
300370,日线,2026-06-17,2.17,40,C,1.52,2.6,2.33,71.1,25.0,LEG1,否,否,20.0,0.86,2.28
300369,日线,2026-06-17,5.84,40,C,4.57,8.5,7.27,86.0,31.3,READY,否,否,27.6,0.86,7.12
603096,日线,2026-06-17,14.42,40,C,12.14,19.17,16.3,57.9,40.8,LEG1,否,否,20.9,0.87,15.97
603092,日线,2026-06-17,58.91,40,C,61.56,77.49,66.4,25.9,69.6,LEG1,否,否,35.4,0.53,65.07
300368,日线,2026-06-17,8.92,40,C,1.97,13.1,9.6,565.0,31.4,LEG1,否,否,36.3,0.75,9.41
300365,日线,2026-06-17,4.84,40,C,3.72,6.59,5.42,77.2,40.8,LEG1,否,否,33.3,0.7,5.31
002482,日线,2026-06-17,1.37,40,C,1.47,1.75,1.63,19.0,42.9,LEG1,否,否,22.2,0.95,1.6
603712,日线,2026-06-17,13.16,40,C,13.8,16.83,15.49,22.0,44.2,LEG1,否,否,29.5,0.92,15.18
603711,日线,2026-06-17,12.41,40,C,10.13,16.39,12.6,61.8,60.5,READY,否,否,24.1,0.86,12.35
603709,日线,2026-06-17,14.73,40,C,7.74,20.19,15.41,160.9,38.4,LEG1,否,否,23.4,0.81,15.1
603706,日线,2026-06-17,19.78,40,C,10.51,24.65,18.9,134.5,40.7,LEG1,否,否,24.2,0.71,18.52
603759,日线,2026-06-17,7.41,40,C,5.36,9.54,10.23,78.0,-16.5,LEG1,否,否,23.9,0.84,10.03
603758,日线,2026-06-17,10.0,40,C,6.35,13.77,14.6,116.9,-11.2,LEG1,否,否,28.9,0.88,14.31
002439,日线,2026-06-17,12.98,40,C,12.19,17.15,13.53,40.7,73.0,LEG1,否,否,33.2,0.97,13.26
600173,日线,2026-06-17,6.49,40,C,2.98,7.78,6.41,161.1,28.5,LEG1,否,否,34.0,0.69,6.28
600169,日线,2026-06-17,2.2,40,C,1.73,2.32,2.2,34.1,20.3,LEG1,否,否,33.0,0.89,2.16
600168,日线,2026-06-17,4.35,40,C,3.6,5.0,4.33,38.9,47.9,READY,否,否,28.6,0.59,4.24
600167,日线,2026-06-17,5.88,40,C,4.73,6.94,5.75,46.7,53.8,READY,否,否,31.6,0.77,5.63
600163,日线,2026-06-17,5.85,40,C,3.33,7.52,6.26,125.8,30.1,LEG1,否,否,38.2,0.56,6.13
600159,日线,2026-06-17,2.42,40,C,1.94,3.48,2.7,79.4,50.6,READY,否,否,20.3,0.78,2.65
600158,日线,2026-06-17,7.79,40,C,6.25,11.8,10.2,88.8,28.8,LEG1,否,否,20.1,0.72,10.0
600157,日线,2026-06-17,1.67,40,C,1.01,1.89,1.66,87.1,26.1,LEG1,否,否,33.6,0.67,1.63
300381,日线,2026-06-17,5.78,40,C,3.53,7.69,6.16,117.8,36.8,LEG1,否,否,28.4,0.78,6.04
300371,日线,2026-06-17,10.48,40,C,6.49,13.77,11.65,112.2,29.1,LEG1,否,否,27.1,0.92,11.42
002474,日线,2026-06-17,6.7,40,C,3.65,7.37,6.77,101.9,16.1,LEG1,否,否,36.3,0.79,6.63
002471,日线,2026-06-17,6.87,40,C,1.87,8.35,6.61,346.5,26.9,LEG1,否,否,33.9,0.87,6.48
002468,日线,2026-06-17,13.59,40,C,6.15,18.08,10.28,194.0,65.4,LEG1,否,否,30.6,0.92,10.07
603809,日线,2026-06-17,9.61,40,C,6.73,11.77,9.68,74.9,41.5,READY,否,否,25.4,0.89,9.49
603789,日线,2026-06-17,5.33,40,C,4.77,5.94,5.26,24.5,58.1,READY,否,否,32.8,0.72,5.15
603788,日线,2026-06-17,14.37,40,C,8.69,18.36,12.5,111.3,60.6,LEG1,否,否,31.2,0.71,12.25
603779,日线,2026-06-17,7.74,40,C,5.71,14.52,6.1,154.3,95.6,LEG1,否,否,24.9,0.42,5.98
603080,日线,2026-06-17,19.55,40,C,10.39,24.65,21.13,137.2,24.7,LEG1,否,否,29.5,0.77,20.71
603076,日线,2026-06-17,21.7,40,C,16.33,33.47,22.66,105.0,63.1,LEG1,否,否,17.3,0.85,22.21
603075,日线,2026-06-17,22.74,40,C,15.72,28.94,19.34,84.1,72.6,LEG1,否,否,32.9,0.38,18.95
603073,日线,2026-06-17,16.14,40,C,12.09,21.38,17.89,76.8,37.6,LEG1,否,否,22.1,0.9,17.53
603071,日线,2026-06-17,12.07,40,C,10.35,14.9,12.92,44.0,43.5,LEG1,否,否,30.3,0.54,12.66
603069,日线,2026-06-17,13.71,40,C,12.77,19.06,16.3,49.3,43.9,LEG1,否,否,22.5,0.59,15.97
600310,日线,2026-06-17,4.67,40,C,2.65,6.99,4.35,163.8,60.8,LEG1,否,否,33.6,0.5,4.26
600303,日线,2026-06-17,2.77,40,C,2.25,3.58,2.99,59.1,44.4,LEG1,否,否,23.6,0.72,2.93
600300,日线,2026-06-17,3.0,40,C,2.26,3.8,3.2,68.1,39.0,LEG1,否,否,28.0,0.92,3.14
002442,日线,2026-06-17,4.98,40,C,3.36,8.92,5.42,165.5,62.9,LEG1,否,否,25.6,0.39,5.31
603768,日线,2026-06-17,10.03,40,C,9.53,12.02,10.74,26.1,51.4,LEG1,否,否,17.6,0.81,10.53
603767,日线,2026-06-17,15.7,40,C,9.47,25.5,22.08,169.3,21.3,LEG1,否,否,27.8,0.41,21.64
603041,日线,2026-06-17,11.38,40,C,7.56,14.57,11.35,92.7,45.9,LEG1,否,否,25.2,0.78,11.12
300426,日线,2026-06-17,5.51,40,C,5.77,7.85,7.09,36.0,36.5,LEG1,否,否,28.2,0.85,6.95
300422,日线,2026-06-17,4.82,40,C,3.24,6.15,4.47,89.8,57.7,LEG1,否,否,22.8,0.66,4.38
300421,日线,2026-06-17,20.17,40,C,5.93,28.3,26.8,377.2,6.7,LEG1,否,否,22.0,0.51,26.26
300418,日线,2026-06-17,38.75,40,C,25.25,55.67,46.13,120.5,31.4,LEG1,否,否,37.6,0.95,45.21
300415,日线,2026-06-17,21.21,40,C,12.9,27.49,23.5,113.1,27.3,LEG1,否,否,35.9,0.63,23.03
300413,日线,2026-06-17,15.61,40,C,18.07,20.5,19.37,13.4,46.5,LEG1,否,否,25.0,0.93,18.98
300407,日线,2026-06-17,11.61,40,C,4.69,14.02,11.12,198.9,31.1,READY,否,否,37.0,0.64,10.9
300406,日线,2026-06-17,11.3,40,C,11.01,13.48,11.57,22.4,77.3,LEG1,否,否,30.6,0.8,11.34
300405,日线,2026-06-17,5.76,40,C,3.24,7.37,5.86,127.5,36.6,LEG1,否,否,31.2,0.92,5.74
300404,日线,2026-06-17,8.61,40,C,5.03,10.95,10.22,117.7,12.3,LEG1,否,否,30.7,0.8,10.02
300403,日线,2026-06-17,10.14,40,C,5.36,11.44,13.01,113.4,-25.8,LEG1,否,否,36.4,0.71,12.75
300394,日线,2026-06-17,329.33,40,C,57.11,525.0,277.17,819.3,53.0,LEG1,否,否,37.0,0.98,271.63
300393,日线,2026-06-17,8.2,40,C,4.62,13.65,9.2,195.5,49.3,LEG1,否,否,31.1,0.71,9.02
300388,日线,2026-06-17,6.92,40,C,4.82,8.82,7.32,83.0,37.5,READY,否,否,25.9,0.86,7.17
002425,日线,2026-06-17,2.72,40,C,1.87,3.74,3.36,100.0,20.3,LEG1,否,否,19.9,0.86,3.29
002418,日线,2026-06-17,4.23,40,C,1.53,6.69,3.95,337.3,53.1,LEG1,否,否,34.0,0.76,3.87
002412,日线,2026-06-17,5.9,40,C,4.08,7.44,6.04,82.4,41.7,LEG1,否,否,31.4,0.91,5.92
002410,日线,2026-06-17,8.85,40,C,8.35,10.45,10.82,25.1,-17.6,LEG1,否,否,30.6,0.73,10.6
002406,日线,2026-06-17,7.31,40,C,4.11,9.19,6.83,123.6,46.5,LEG1,否,否,36.0,0.42,6.69
002405,日线,2026-06-17,7.21,40,C,5.55,9.88,8.94,78.0,21.7,LEG1,否,否,20.1,0.71,8.76
002403,日线,2026-06-17,9.95,40,C,4.96,11.96,9.55,141.1,34.4,READY,否,否,37.8,0.95,9.36
002400,日线,2026-06-17,7.01,40,C,4.48,8.55,8.15,90.8,9.8,LEG1,否,否,29.6,0.65,7.99
002399,日线,2026-06-17,9.06,40,C,6.89,11.07,9.72,60.7,32.3,LEG1,否,否,23.0,0.7,9.53
002398,日线,2026-06-17,4.05,40,C,3.1,5.16,4.76,66.5,19.4,LEG1,否,否,23.5,0.93,4.66
002397,日线,2026-06-17,4.28,40,C,1.74,5.45,4.43,213.2,27.5,LEG1,否,否,35.9,0.65,4.34
002395,日线,2026-06-17,13.0,40,C,9.01,16.78,13.4,86.2,43.5,LEG1,否,否,29.7,0.66,13.13
603062,日线,2026-06-17,41.4,40,C,27.28,58.5,40.34,114.4,58.2,READY,否,否,30.4,0.5,39.53
603057,日线,2026-06-17,23.44,40,C,13.33,29.4,22.58,120.6,42.4,READY,否,否,35.8,0.57,22.13
603053,日线,2026-06-17,8.82,40,C,7.9,10.38,9.21,31.4,47.2,READY,否,否,24.3,0.75,9.03
603050,日线,2026-06-17,19.55,40,C,12.5,27.38,18.7,119.0,58.3,READY,否,否,37.6,0.58,18.33
603043,日线,2026-06-17,13.39,40,C,12.81,14.83,15.04,15.8,-10.4,LEG1,否,否,25.7,0.74,14.74
300461,日线,2026-06-17,42.29,40,C,10.33,53.98,53.76,422.6,0.5,LEG1,否,否,24.6,0.68,52.68
002391,日线,2026-06-17,5.15,40,C,4.21,6.78,5.68,61.0,42.8,LEG1,否,否,23.1,0.92,5.57
002390,日线,2026-06-17,2.8,40,C,2.86,3.44,3.11,20.3,56.9,LEG1,否,否,21.1,0.82,3.05
002382,日线,2026-06-17,5.46,40,C,4.11,7.14,6.52,73.7,20.5,LEG1,否,否,12.6,0.97,6.39
002379,日线,2026-06-17,17.01,40,C,3.61,22.84,20.16,532.7,13.9,LEG1,否,否,25.8,0.9,19.76
002377,日线,2026-06-17,2.64,40,C,1.31,3.77,2.7,187.8,43.5,READY,否,否,23.1,0.9,2.65
002376,日线,2026-06-17,6.07,40,C,4.3,7.47,6.57,73.7,28.4,LEG1,否,否,30.1,0.71,6.44
002375,日线,2026-06-17,3.66,40,C,2.92,5.08,4.03,74.0,48.6,READY,否,否,21.5,0.71,3.95
002374,日线,2026-06-17,3.13,40,C,1.59,3.68,3.23,131.4,21.5,LEG1,否,否,28.9,0.41,3.17
002370,日线,2026-06-17,5.12,40,C,2.21,6.2,5.58,180.5,15.5,LEG1,否,否,17.4,0.63,5.47
300451,日线,2026-06-17,3.47,40,C,3.06,4.7,4.22,53.6,29.3,LEG1,否,否,22.4,0.88,4.14
300448,日线,2026-06-17,6.91,40,C,2.69,8.26,6.5,207.1,31.6,LEG1,否,否,39.6,0.79,6.37
300443,日线,2026-06-17,22.87,40,C,13.51,28.84,26.8,113.5,13.3,LEG1,否,否,38.0,0.62,26.26
300439,日线,2026-06-17,8.39,40,C,7.28,10.64,9.08,46.2,46.4,LEG1,否,否,23.1,0.76,8.9
300436,日线,2026-06-17,87.9,40,C,14.16,140.46,100.51,891.9,31.6,LEG1,否,否,31.1,0.77,98.5
300434,日线,2026-06-17,8.93,40,C,6.71,11.98,9.01,78.5,56.4,LEG1,否,否,27.8,0.88,8.83
002367,日线,2026-06-17,5.25,40,C,5.12,6.16,6.67,20.3,-49.0,LEG1,否,否,28.4,0.81,6.54
002366,日线,2026-06-17,6.11,40,C,2.96,7.99,7.21,169.9,15.5,LEG1,否,否,37.3,0.8,7.07
603836,日线,2026-06-17,11.48,40,C,9.33,14.39,12.06,54.2,46.0,LEG1,否,否,20.9,0.92,11.82
603829,日线,2026-06-17,19.3,40,C,8.82,30.19,18.67,242.3,53.9,READY,否,否,22.8,0.75,18.3
603828,日线,2026-06-17,4.51,40,C,1.32,6.33,4.33,379.5,39.9,LEG1,否,否,15.8,0.75,4.24
603822,日线,2026-06-17,74.8,40,C,15.68,83.9,83.6,435.1,0.4,LEG1,否,否,36.2,0.57,81.93
603819,日线,2026-06-17,11.62,40,C,7.59,15.16,10.83,99.7,57.2,LEG1,否,否,32.3,0.64,10.61
603818,日线,2026-06-17,2.79,40,C,2.03,3.89,3.23,91.6,35.5,LEG1,否,否,22.3,0.77,3.17
603817,日线,2026-06-17,5.71,40,C,4.12,7.58,6.62,84.0,27.7,LEG1,否,否,21.4,0.99,6.49
002363,日线,2026-06-17,6.57,40,C,4.69,8.66,7.47,84.6,30.0,LEG1,否,否,24.7,0.98,7.32
300477,日线,2026-06-17,2.39,40,C,1.59,2.65,2.31,66.7,32.1,LEG1,否,否,35.9,0.69,2.26
300473,日线,2026-06-17,31.04,40,C,11.08,39.18,29.5,253.6,34.4,LEG1,否,否,35.7,0.89,28.91
300472,日线,2026-06-17,7.98,40,C,2.57,8.65,7.67,236.6,16.1,LEG1,否,否,39.3,0.88,7.52
300466,日线,2026-06-17,7.51,40,C,4.61,9.59,8.3,108.0,25.9,LEG1,否,否,28.5,0.87,8.13
300463,日线,2026-06-17,8.38,40,C,9.9,11.34,10.57,14.5,53.5,LEG1,否,否,18.2,0.86,10.36
300462,日线,2026-06-17,11.18,40,C,5.1,13.25,9.46,159.8,46.5,LEG1,否,否,35.1,0.52,9.27
300509,日线,2026-06-17,9.03,40,C,3.28,12.92,11.07,293.9,19.2,LEG1,否,否,23.9,0.8,10.85
300502,日线,2026-06-17,557.88,40,C,41.22,818.38,287.31,1885.4,68.3,LEG1,否,否,36.5,0.95,281.56
002357,日线,2026-06-17,9.68,40,C,4.47,11.07,10.62,147.7,6.8,LEG1,否,否,39.3,0.69,10.41
002355,日线,2026-06-17,4.81,40,C,2.86,6.77,6.01,136.7,19.4,LEG1,否,否,26.4,0.73,5.89
002352,日线,2026-06-17,32.2,40,C,32.93,37.81,35.0,14.8,57.6,READY,否,否,20.5,0.82,34.3
002351,日线,2026-06-17,10.04,40,C,9.07,11.56,10.62,27.5,37.8,LEG1,否,否,32.6,0.58,10.41
002349,日线,2026-06-17,6.35,40,C,5.88,7.15,6.87,21.6,22.0,LEG1,否,否,28.2,0.63,6.73
002347,日线,2026-06-17,6.4,40,C,3.1,8.76,9.33,182.6,-10.1,LEG1,否,否,27.5,0.72,9.14
002339,日线,2026-06-17,7.63,40,C,4.37,10.64,9.71,143.5,14.8,LEG1,否,否,29.7,1.0,9.52
603037,日线,2026-06-17,11.4,40,C,11.1,15.62,13.33,40.7,50.7,LEG1,否,否,24.1,0.67,13.06
603033,日线,2026-06-17,9.32,40,C,9.03,10.53,10.88,16.6,-23.3,LEG1,否,否,27.8,0.65,10.66
600640,日线,2026-06-17,10.5,40,C,7.66,14.6,11.31,90.6,47.4,LEG1,否,否,25.4,0.41,11.08
600637,日线,2026-06-17,8.81,40,C,5.78,11.44,9.67,97.9,31.3,LEG1,否,否,39.2,0.48,9.48
600635,日线,2026-06-17,4.66,40,C,2.54,6.24,5.23,145.7,27.3,LEG1,否,否,25.1,0.46,5.13
600633,日线,2026-06-17,10.75,40,C,7.77,14.33,14.28,84.4,0.8,LEG1,否,否,28.6,0.7,13.99
002369,日线,2026-06-17,6.02,40,C,2.59,7.62,8.42,194.2,-15.9,LEG1,否,否,37.2,0.97,8.25
002331,日线,2026-06-17,7.98,40,C,4.23,10.74,8.33,153.9,37.0,READY,否,否,24.5,0.91,8.16
002330,日线,2026-06-17,3.71,40,C,3.47,4.24,4.4,22.2,-20.8,LEG1,否,否,21.9,0.93,4.31
603869,日线,2026-06-17,8.91,40,C,4.2,11.33,5.07,169.8,87.8,LEG1,否,否,32.1,0.77,4.97
603868,日线,2026-06-17,32.5,40,C,31.05,38.99,36.3,25.6,33.9,LEG1,否,否,26.6,0.86,35.57
603866,日线,2026-06-17,4.08,40,C,4.83,5.49,5.32,13.7,25.8,LEG1,否,否,24.4,0.99,5.21
603863,日线,2026-06-17,14.51,40,C,10.25,20.58,17.02,100.8,34.5,LEG1,否,否,21.0,0.7,16.68
603848,日线,2026-06-17,13.69,40,C,10.82,18.25,14.84,68.7,45.9,LEG1,否,否,31.7,0.79,14.54
603839,日线,2026-06-17,6.2,40,C,3.91,8.4,6.72,114.8,37.4,LEG1,否,否,23.1,0.98,6.59
002329,日线,2026-06-17,2.96,40,C,2.44,4.92,3.79,101.6,45.6,LEG1,否,否,13.0,0.99,3.71
300520,日线,2026-06-17,28.84,40,C,10.31,40.38,33.59,291.7,22.6,LEG1,否,否,31.0,0.66,32.92
300519,日线,2026-06-17,12.58,40,C,8.45,16.79,14.04,98.7,33.0,LEG1,否,否,20.2,0.78,13.76
300517,日线,2026-06-17,9.68,40,C,5.82,13.5,10.28,132.0,41.9,LEG1,否,否,18.2,0.75,10.07
300515,日线,2026-06-17,14.55,40,C,6.24,18.09,20.49,189.9,-20.3,LEG1,否,否,31.0,0.72,20.08
300513,日线,2026-06-17,7.31,40,C,6.39,9.56,8.1,49.6,46.1,LEG1,否,否,28.2,0.9,7.94
300512,日线,2026-06-17,7.35,40,C,4.5,9.61,8.7,113.6,17.8,LEG1,否,否,29.4,0.87,8.53
300510,日线,2026-06-17,3.38,40,C,3.09,4.4,3.96,42.4,33.6,LEG1,否,否,30.4,0.8,3.88
002328,日线,2026-06-17,8.05,40,C,4.0,10.66,10.15,166.5,7.7,LEG1,否,否,35.4,0.39,9.95
002322,日线,2026-06-17,10.31,40,C,8.44,11.67,12.77,38.3,-34.1,LEG1,否,否,27.7,0.98,12.51
002320,日线,2026-06-17,6.86,40,C,4.64,8.72,8.24,87.9,11.8,LEG1,否,否,30.1,0.95,8.08
002316,日线,2026-06-17,4.28,40,C,2.41,5.75,4.73,138.6,30.5,LEG1,否,否,20.0,0.76,4.64
002314,日线,2026-06-17,2.14,40,C,1.83,2.75,2.19,50.3,60.9,LEG1,否,否,30.1,0.66,2.15
002313,日线,2026-06-17,8.22,40,C,4.64,10.5,8.15,126.3,40.1,LEG1,否,否,33.4,0.99,7.99
002311,日线,2026-06-17,41.58,40,C,34.13,48.85,43.55,43.1,36.0,READY,否,否,26.0,0.82,42.68
002310,日线,2026-06-17,2.42,40,C,0.77,3.04,2.76,294.8,12.3,LEG1,否,否,27.2,0.83,2.7
002309,日线,2026-06-17,3.19,40,C,1.34,5.34,3.96,298.5,34.5,LEG1,否,否,32.6,0.91,3.88
600136,日线,2026-06-17,1.46,40,C,1.12,1.68,1.56,50.0,21.4,LEG1,否,否,25.8,0.8,1.53
600133,日线,2026-06-17,8.03,40,C,6.7,10.18,8.49,51.9,48.6,LEG1,否,否,39.8,0.66,8.32
600131,日线,2026-06-17,15.18,40,C,12.79,19.06,16.61,49.0,39.1,LEG1,否,否,34.2,0.46,16.28
300536,日线,2026-06-17,9.58,40,C,4.13,14.75,9.23,257.1,52.0,READY,否,否,34.3,0.57,9.05
300535,日线,2026-06-17,14.64,40,C,8.11,20.45,18.01,152.2,19.8,LEG1,否,否,26.4,0.79,17.65
300528,日线,2026-06-17,14.33,40,C,5.88,18.5,15.3,214.6,25.4,LEG1,否,否,34.8,0.56,14.99
300527,日线,2026-06-17,7.33,40,C,4.94,7.85,7.92,58.9,-2.4,LEG1,否,否,37.2,0.54,7.76
002259,日线,2026-06-17,4.39,40,C,2.04,6.12,4.26,200.0,45.6,READY,否,否,23.9,0.61,4.17
002305,日线,2026-06-17,2.17,40,C,1.16,2.45,2.11,111.2,26.4,LEG1,否,否,37.5,0.63,2.07
002302,日线,2026-06-17,4.74,40,C,4.66,5.81,5.51,24.7,26.1,LEG1,否,否,21.5,0.91,5.4
002300,日线,2026-06-17,7.45,40,C,4.4,11.73,8.25,166.6,47.5,LEG1,否,否,27.9,0.8,8.08
002298,日线,2026-06-17,8.32,40,C,3.02,12.01,9.37,297.7,29.4,LEG1,否,否,37.7,0.77,9.18
002296,日线,2026-06-17,9.48,40,C,4.82,10.35,9.93,114.7,7.6,LEG1,否,否,33.3,0.69,9.73
002292,日线,2026-06-17,6.47,40,C,5.03,7.75,7.36,54.1,14.3,LEG1,否,否,22.4,0.92,7.21
002291,日线,2026-06-17,5.23,40,C,3.87,7.05,6.08,82.2,30.5,LEG1,否,否,30.7,0.93,5.96
002285,日线,2026-06-17,2.33,40,C,1.49,3.37,2.54,126.2,44.1,READY,否,否,27.3,0.8,2.49
002284,日线,2026-06-17,10.77,40,C,5.09,13.84,11.54,171.9,26.3,LEG1,否,否,33.0,0.67,11.31
002282,日线,2026-06-17,5.91,40,C,4.68,7.02,6.58,50.0,18.8,LEG1,否,否,25.5,0.96,6.45
600626,日线,2026-06-17,3.4,40,C,2.16,4.31,3.76,99.5,25.6,LEG1,否,否,31.8,0.57,3.68
600622,日线,2026-06-17,2.13,40,C,1.58,2.78,2.35,75.9,35.8,LEG1,否,否,21.5,0.73,2.3
603029,日线,2026-06-17,14.99,40,C,12.66,20.41,16.98,61.2,44.3,LEG1,否,否,16.6,0.95,16.64
603028,日线,2026-06-17,7.3,40,C,4.88,10.08,8.02,106.6,39.6,LEG1,否,否,26.7,0.84,7.86
603023,日线,2026-06-17,3.84,40,C,1.53,5.37,5.0,251.0,9.6,LEG1,否,否,20.8,0.54,4.9
603881,日线,2026-06-17,31.76,40,C,11.75,37.85,35.1,222.1,10.5,LEG1,否,否,31.1,0.64,34.4
002251,日线,2026-06-17,3.9,40,C,2.42,5.2,3.65,114.9,55.8,LEG1,否,否,35.6,0.57,3.58
002249,日线,2026-06-17,8.14,40,C,3.71,10.25,9.59,176.3,10.1,LEG1,否,否,38.9,0.59,9.4
603009,日线,2026-06-17,42.87,40,C,7.47,60.6,37.36,711.2,43.7,LEG1,否,否,25.8,0.49,36.61
603006,日线,2026-06-17,12.45,40,C,6.6,14.42,11.68,118.5,35.0,LEG1,否,否,31.8,0.72,11.45
603000,日线,2026-06-17,16.17,40,C,16.73,20.55,18.52,22.8,53.1,LEG1,否,否,31.5,0.62,18.15
300543,日线,2026-06-17,7.95,40,C,5.0,9.88,9.0,97.6,18.0,LEG1,否,否,27.7,0.79,8.82
300539,日线,2026-06-17,22.52,40,C,5.67,36.0,21.81,534.9,46.8,READY,否,否,33.4,0.86,21.37
600156,日线,2026-06-17,9.17,40,C,2.72,15.61,8.6,473.9,54.4,LEG1,否,否,35.3,0.4,8.43
600149,日线,2026-06-17,4.85,40,C,2.85,6.89,5.57,141.8,32.7,LEG1,否,否,20.4,0.62,5.46
002277,日线,2026-06-17,6.18,40,C,2.04,7.56,5.65,270.6,34.6,LEG1,否,否,34.3,0.79,5.54
002276,日线,2026-06-17,10.92,40,C,6.13,13.98,13.59,128.1,5.0,LEG1,否,否,32.2,0.86,13.32
002275,日线,2026-06-17,12.26,40,C,11.28,13.74,13.21,21.8,21.5,LEG1,否,否,23.8,0.6,12.95
002274,日线,2026-06-17,5.06,40,C,5.48,6.52,6.14,19.0,36.5,LEG1,否,否,24.3,0.86,6.02
002269,日线,2026-06-17,1.41,40,C,0.94,1.65,1.5,75.5,21.1,LEG1,否,否,26.9,0.99,1.47
002265,日线,2026-06-17,19.35,40,C,7.62,21.89,19.01,187.3,20.2,LEG1,否,否,27.5,0.88,18.63
002243,日线,2026-06-17,7.23,40,C,4.99,9.37,8.21,87.8,26.5,LEG1,否,否,30.5,0.5,8.05
002239,日线,2026-06-17,2.44,40,C,2.02,2.81,2.62,39.1,24.1,LEG1,否,否,28.8,0.79,2.57
002234,日线,2026-06-17,6.79,40,C,7.17,8.08,8.24,12.7,-17.6,LEG1,否,否,27.8,0.99,8.08
002233,日线,2026-06-17,7.49,40,C,6.28,8.5,7.89,35.4,27.5,LEG1,否,否,31.9,0.94,7.73
002232,日线,2026-06-17,14.87,40,C,10.46,15.81,16.1,51.1,-5.4,LEG1,否,否,34.1,0.8,15.78
002230,日线,2026-06-17,41.59,40,C,32.66,50.99,45.36,56.1,30.7,LEG1,否,否,31.3,0.74,44.45
300564,日线,2026-06-17,12.61,40,C,6.33,18.59,13.42,193.7,42.2,LEG1,否,否,31.3,0.9,13.15
300561,日线,2026-06-17,13.26,40,C,6.52,22.74,11.31,248.8,70.5,LEG1,否,否,28.2,0.75,11.08
300549,日线,2026-06-17,14.28,40,C,9.48,18.96,16.01,100.0,31.1,LEG1,否,否,28.7,0.83,15.69
603016,日线,2026-06-17,36.35,40,C,13.83,56.25,24.2,306.7,75.6,LEG1,否,否,25.1,0.84,23.72
603013,日线,2026-06-17,17.35,40,C,11.29,21.97,17.99,94.6,37.3,LEG1,否,否,34.2,0.57,17.63
603012,日线,2026-06-17,7.39,40,C,4.01,10.39,7.02,159.1,52.8,LEG1,否,否,19.6,0.58,6.88
603901,日线,2026-06-17,10.73,40,C,5.42,13.28,11.16,145.0,27.0,LEG1,否,否,32.5,0.73,10.94
603897,日线,2026-06-17,37.2,40,C,12.88,60.6,28.3,370.5,67.7,LEG1,否,否,29.0,0.83,27.73
603895,日线,2026-06-17,30.16,40,C,12.1,41.78,24.8,245.3,57.2,LEG1,否,否,26.9,0.49,24.3
603887,日线,2026-06-17,10.6,40,C,3.77,17.19,13.55,356.0,27.1,LEG1,否,否,23.7,0.89,13.28
300597,日线,2026-06-17,7.9,40,C,5.19,10.36,8.66,99.6,32.9,LEG1,否,否,29.8,0.77,8.49
002216,日线,2026-06-17,11.73,40,C,8.91,13.98,11.4,56.9,50.9,LEG1,否,否,21.7,0.97,11.17
002210,日线,2026-06-17,2.42,40,C,1.25,3.06,2.58,144.8,26.5,LEG1,否,否,29.1,0.68,2.53
002209,日线,2026-06-17,11.06,40,C,5.29,17.51,11.88,231.0,46.1,READY,否,否,23.6,0.83,11.64
002207,日线,2026-06-17,7.18,40,C,3.46,9.86,8.06,185.0,28.1,LEG1,否,否,29.7,0.49,7.9
002205,日线,2026-06-17,11.11,40,C,5.7,14.49,12.02,154.2,28.1,LEG1,否,否,13.9,0.93,11.78
601996,日线,2026-06-17,2.53,40,C,1.59,3.17,2.71,99.4,29.1,LEG1,否,否,38.9,0.84,2.66
601992,日线,2026-06-17,1.5,40,C,1.24,1.72,1.49,38.7,47.9,READY,否,否,33.3,0.39,1.46
601968,日线,2026-06-17,4.14,40,C,3.86,4.92,4.56,27.5,34.0,LEG1,否,否,26.6,0.98,4.47
601965,日线,2026-06-17,13.39,40,C,14.95,18.32,16.75,22.5,46.6,LEG1,否,否,15.8,0.94,16.41
601956,日线,2026-06-17,4.81,40,C,3.59,6.11,5.8,70.2,12.3,LEG1,否,否,21.7,0.89,5.68
300583,日线,2026-06-17,11.51,40,C,10.66,15.87,13.28,48.9,49.7,LEG1,否,否,18.6,0.79,13.01
300580,日线,2026-06-17,22.94,40,C,12.35,26.78,21.78,116.8,34.7,LEG1,否,否,35.8,0.69,21.34
300577,日线,2026-06-17,15.45,40,C,9.18,22.36,17.4,143.6,37.6,LEG1,否,否,15.6,0.89,17.05
002247,日线,2026-06-17,2.26,40,C,1.09,2.96,1.93,171.6,55.1,LEG1,否,否,23.0,0.69,1.89
002244,日线,2026-06-17,8.56,40,C,5.67,12.04,9.87,112.3,34.1,READY,否,否,22.5,0.81,9.67
300611,日线,2026-06-17,25.88,40,C,5.77,28.3,24.82,390.5,15.4,LEG1,否,否,39.3,0.6,24.32
002196,日线,2026-06-17,12.32,40,C,3.73,17.77,13.4,376.4,31.1,LEG1,否,否,31.1,0.57,13.13
603926,日线,2026-06-17,19.58,40,C,6.55,21.8,19.8,232.8,13.1,LEG1,否,否,37.2,0.65,19.4
603918,日线,2026-06-17,10.48,40,C,8.32,11.46,13.04,37.7,-50.3,LEG1,否,否,28.9,0.93,12.78
603917,日线,2026-06-17,11.73,40,C,9.48,12.51,11.48,32.0,34.0,READY,否,否,38.2,0.82,11.25
603912,日线,2026-06-17,8.34,40,C,4.92,12.18,8.43,147.6,51.7,LEG1,否,否,35.0,0.74,8.26
603909,日线,2026-06-17,9.48,40,C,6.68,12.75,11.05,90.9,28.0,LEG1,否,否,27.2,0.93,10.83
603908,日线,2026-06-17,18.48,40,C,17.5,24.8,21.61,41.7,43.7,LEG1,否,否,22.6,0.81,21.18
300609,日线,2026-06-17,31.64,40,C,12.1,43.99,31.86,263.6,38.0,LEG1,否,否,28.1,0.71,31.22
300603,日线,2026-06-17,8.37,40,C,6.11,12.6,9.98,106.2,40.4,LEG1,否,否,30.5,0.6,9.78
601933,日线,2026-06-17,3.17,40,C,2.08,3.85,4.26,85.1,-23.2,LEG1,否,否,30.7,0.75,4.17
601929,日线,2026-06-17,2.43,40,C,0.86,3.39,2.81,294.2,22.9,LEG1,否,否,35.7,0.58,2.75
601908,日线,2026-06-17,3.36,40,C,2.07,3.98,3.31,92.3,35.1,READY,否,否,33.4,0.73,3.24
601898,日线,2026-06-17,14.0,40,C,9.42,17.55,15.03,86.3,31.0,LEG1,否,否,23.8,0.65,14.73
300601,日线,2026-06-17,11.54,40,C,12.93,15.89,13.66,22.9,75.3,LEG1,否,否,31.9,0.98,13.39
300598,日线,2026-06-17,30.81,40,C,26.3,40.7,31.51,54.8,63.8,READY,否,否,30.7,0.67,30.88
002183,日线,2026-06-17,5.67,40,C,2.67,7.01,5.97,162.5,24.0,LEG1,否,否,39.9,0.78,5.85
600337,日线,2026-06-17,2.96,40,C,1.19,3.56,2.56,199.2,42.2,LEG1,否,否,38.6,0.77,2.51
600336,日线,2026-06-17,6.97,40,C,3.58,8.86,6.8,147.5,39.0,LEG1,否,否,32.3,0.7,6.66
600335,日线,2026-06-17,5.22,40,C,5.11,5.73,6.45,12.1,-116.1,LEG1,否,否,33.3,0.82,6.32
600331,日线,2026-06-17,13.04,40,C,4.08,18.84,12.16,361.8,45.3,READY,否,否,38.0,0.71,11.92
600329,日线,2026-06-17,37.73,40,C,23.4,44.24,40.7,89.1,17.0,LEG1,否,否,36.4,0.59,39.89
600327,日线,2026-06-17,3.35,40,C,3.05,3.85,3.52,26.2,41.2,LEG1,否,否,30.0,0.85,3.45
600323,日线,2026-06-17,28.85,40,C,14.15,31.89,19.35,125.4,70.7,LEG1,否,否,29.2,0.95,18.96
300621,日线,2026-06-17,6.85,40,C,5.22,9.3,8.01,78.2,31.6,LEG1,否,否,25.7,0.87,7.85
601880,日线,2026-06-17,1.52,40,C,1.2,1.68,1.61,40.0,14.6,LEG1,否,否,35.9,0.79,1.58
601858,日线,2026-06-17,21.22,40,C,15.67,31.3,20.92,99.7,66.4,LEG1,否,否,28.9,0.71,20.5
601857,日线,2026-06-17,9.77,40,C,6.86,11.08,8.04,61.5,72.0,LEG1,否,否,23.0,0.75,7.88
601828,日线,2026-06-17,2.23,40,C,2.02,2.58,2.37,27.7,37.5,LEG1,否,否,24.7,0.65,2.32
300616,日线,2026-06-17,12.76,40,C,9.27,15.89,11.36,71.4,68.4,LEG1,否,否,31.1,0.63,11.13
300615,日线,2026-06-17,10.79,40,C,8.06,15.98,13.13,98.3,36.0,LEG1,否,否,28.4,0.71,12.87
300612,日线,2026-06-17,11.85,40,C,9.62,14.44,14.03,50.1,8.5,LEG1,否,否,30.2,0.71,13.75
601727,日线,2026-06-17,7.42,40,C,3.42,9.33,7.66,172.8,28.3,LEG1,否,否,38.3,0.83,7.51
601702,日线,2026-06-17,16.41,40,C,13.74,21.52,17.64,56.6,49.9,LEG1,否,否,30.1,0.65,17.29
601700,日线,2026-06-17,4.79,40,C,3.41,5.87,5.02,72.1,34.6,LEG1,否,否,33.7,0.95,4.92
300652,日线,2026-06-17,39.4,40,C,12.79,52.57,50.1,311.0,6.2,LEG1,否,否,36.5,0.59,49.1
300651,日线,2026-06-17,20.39,40,C,10.1,28.59,22.92,183.1,30.7,LEG1,否,否,25.4,0.53,22.46
300645,日线,2026-06-17,12.86,40,C,9.06,17.21,15.76,90.0,17.8,LEG1,否,否,27.1,0.93,15.44
300640,日线,2026-06-17,5.79,40,C,3.18,8.3,7.7,161.0,11.7,LEG1,否,否,22.3,0.73,7.55
300639,日线,2026-06-17,5.23,40,C,4.32,7.55,5.89,74.8,51.4,LEG1,否,否,33.0,0.53,5.77
300638,日线,2026-06-17,20.08,40,C,10.03,25.19,28.13,151.1,-19.4,LEG1,否,否,35.1,0.74,27.57
300634,日线,2026-06-17,21.7,40,C,12.7,29.7,22.54,133.9,42.1,LEG1,否,否,32.1,0.46,22.09
300628,日线,2026-06-17,33.78,40,C,22.45,40.88,34.26,82.1,35.9,LEG1,否,否,29.1,0.69,33.57
300625,日线,2026-06-17,9.71,40,C,8.88,12.6,10.91,41.9,45.4,LEG1,否,否,23.2,0.78,10.69
300624,日线,2026-06-17,53.29,40,C,37.92,73.0,64.89,92.5,23.1,LEG1,否,否,34.1,0.61,63.59
002188,日线,2026-06-17,5.34,40,C,3.01,7.35,5.87,144.2,34.1,LEG1,否,否,24.8,0.94,5.75
002187,日线,2026-06-17,5.04,40,C,4.01,5.99,5.85,49.4,7.1,LEG1,否,否,24.4,0.78,5.73
002184,日线,2026-06-17,10.54,40,C,7.75,13.28,10.99,71.4,41.4,LEG1,否,否,31.3,0.64,10.77
603956,日线,2026-06-17,4.53,40,C,4.23,6.58,5.35,55.6,52.3,LEG1,否,否,22.7,0.65,5.24
603937,日线,2026-06-17,13.62,40,C,6.44,18.88,12.13,193.2,54.3,LEG1,否,否,38.2,0.73,11.89
600319,日线,2026-06-17,6.78,40,C,2.88,7.6,6.94,163.9,14.0,LEG1,否,否,18.7,0.85,6.8
002181,日线,2026-06-17,11.4,40,C,2.92,18.16,12.69,521.9,35.9,LEG1,否,否,25.4,0.77,12.44
002178,日线,2026-06-17,5.11,40,C,2.99,6.42,5.15,114.7,37.0,READY,否,否,30.4,0.6,5.05
002175,日线,2026-06-17,2.07,40,C,1.57,2.82,2.42,79.6,32.0,LEG1,否,否,19.8,0.83,2.37
002172,日线,2026-06-17,3.01,40,C,2.17,3.88,3.6,78.8,16.4,LEG1,否,否,25.2,0.83,3.53
002166,日线,2026-06-17,7.3,40,C,5.75,9.13,8.16,58.8,28.7,LEG1,否,否,15.8,0.96,8.0
002164,日线,2026-06-17,12.83,40,C,3.27,15.18,11.65,364.2,29.6,LEG1,否,否,38.9,0.69,11.42
601808,日线,2026-06-17,12.0,40,C,12.41,15.35,14.81,23.7,18.4,LEG1,否,否,18.1,0.78,14.51
601799,日线,2026-06-17,118.81,40,C,110.11,147.13,127.35,33.6,53.4,LEG1,否,否,34.4,0.7,124.8
601798,日线,2026-06-17,7.17,40,C,4.37,9.16,7.6,109.6,32.6,LEG1,否,否,28.5,0.62,7.45
601789,日线,2026-06-17,4.49,40,C,3.11,6.5,5.29,109.0,35.7,LEG1,否,否,30.1,0.68,5.18
601778,日线,2026-06-17,5.02,40,C,2.1,7.85,4.64,273.8,55.8,LEG1,否,否,34.2,0.65,4.55
601777,日线,2026-06-17,9.28,40,C,2.44,12.9,6.65,428.7,59.8,LEG1,否,否,29.5,0.68,6.52
601728,日线,2026-06-17,5.79,40,C,5.03,6.37,6.0,26.6,27.6,LEG1,否,否,27.3,0.95,5.88
600116,日线,2026-06-17,6.21,40,C,6.26,7.11,6.61,13.6,58.8,LEG1,否,否,28.1,0.44,6.48
300685,日线,2026-06-17,16.73,40,C,14.6,21.52,20.0,47.4,22.0,LEG1,否,否,29.6,0.68,19.6
300682,日线,2026-06-17,11.26,40,C,7.52,14.14,13.55,88.0,8.9,LEG1,否,否,30.5,0.68,13.28
300680,日线,2026-06-17,25.91,40,C,11.24,45.2,41.77,302.1,10.1,LEG1,否,否,19.7,0.85,40.93
601689,日线,2026-06-17,60.11,40,C,30.69,70.37,61.1,129.3,23.4,LEG1,否,否,31.6,0.68,59.88
601686,日线,2026-06-17,5.01,40,C,4.87,5.99,5.47,23.0,46.4,LEG1,否,否,38.1,0.36,5.36
601677,日线,2026-06-17,16.66,40,C,8.33,20.0,13.97,140.1,51.7,LEG1,否,否,31.3,0.92,13.69
601615,日线,2026-06-17,12.33,40,C,7.85,19.66,14.33,150.4,45.1,LEG1,否,否,26.4,0.54,14.04
300675,日线,2026-06-17,12.93,40,C,7.6,16.8,13.78,121.1,32.8,LEG1,否,否,21.3,0.86,13.5
300673,日线,2026-06-17,13.32,40,C,8.82,15.81,12.78,79.3,43.3,READY,否,否,35.2,0.68,12.52
300664,日线,2026-06-17,4.68,40,C,3.88,5.34,5.33,37.6,0.7,LEG1,否,否,31.4,0.68,5.22
300660,日线,2026-06-17,30.04,40,C,18.3,49.82,40.53,172.2,29.5,LEG1,否,否,26.1,0.73,39.72
002157,日线,2026-06-17,3.03,40,C,2.23,3.68,2.97,65.0,49.0,READY,否,否,32.8,0.58,2.91
002154,日线,2026-06-17,3.86,40,C,3.12,4.7,3.5,50.6,75.9,LEG1,否,否,37.4,0.71,3.43
603968,日线,2026-06-17,10.15,40,C,8.24,13.63,11.04,65.4,48.1,LEG1,否,否,29.6,0.62,10.82
603967,日线,2026-06-17,11.4,40,C,6.4,12.7,11.82,98.4,14.0,LEG1,否,否,27.5,0.91,11.58
002107,日线,2026-06-17,5.91,40,C,3.2,8.47,5.82,164.7,50.3,READY,否,否,24.2,0.82,5.7
002105,日线,2026-06-17,5.24,40,C,3.09,6.84,5.98,121.4,22.9,LEG1,否,否,22.7,0.99,5.86
002150,日线,2026-06-17,25.55,40,C,9.94,36.3,26.7,265.2,36.4,LEG1,否,否,33.9,0.5,26.17
002148,日线,2026-06-17,6.16,40,C,3.12,8.35,8.81,167.6,-8.8,LEG1,否,否,31.5,0.97,8.63
002144,日线,2026-06-17,10.74,40,C,6.96,15.6,13.2,124.1,27.8,LEG1,否,否,13.7,0.93,12.94
002139,日线,2026-06-17,9.74,40,C,6.26,11.75,10.65,87.7,20.0,LEG1,否,否,37.7,0.71,10.44
002133,日线,2026-06-17,2.58,40,C,1.95,3.02,3.15,54.9,-12.1,LEG1,否,否,16.8,0.9,3.09
002127,日线,2026-06-17,2.68,40,C,2.48,3.25,2.66,31.0,76.6,LEG1,否,否,25.5,0.55,2.61
002124,日线,2026-06-17,2.25,40,C,1.96,3.07,2.26,56.6,73.0,LEG1,否,否,23.7,0.66,2.21
002123,日线,2026-06-17,7.69,40,C,5.43,10.48,9.53,93.0,18.8,LEG1,否,否,37.4,0.83,9.34
002122,日线,2026-06-17,2.57,40,C,1.8,2.78,2.5,54.4,28.6,LEG1,否,否,31.5,0.84,2.45
002121,日线,2026-06-17,5.97,40,C,3.12,8.78,7.29,181.4,26.3,LEG1,否,否,26.9,0.49,7.14
600127,日线,2026-06-17,5.56,40,C,5.1,6.42,6.7,25.9,-21.2,LEG1,否,否,21.1,0.88,6.57
600125,日线,2026-06-17,5.42,40,C,4.8,5.88,5.95,22.5,-6.5,LEG1,否,否,32.6,0.76,5.83
600119,日线,2026-06-17,4.76,40,C,5.48,6.68,5.85,21.9,69.2,LEG1,否,否,26.1,0.87,5.73
600118,日线,2026-06-17,75.79,40,C,18.88,86.66,73.01,359.0,20.1,LEG1,否,否,33.2,0.98,71.55
605003,日线,2026-06-17,22.55,40,C,12.65,29.91,22.55,136.4,42.6,READY,否,否,27.4,0.83,22.1
603999,日线,2026-06-17,5.41,40,C,4.08,7.45,6.47,82.6,29.1,LEG1,否,否,27.9,0.51,6.34
603998,日线,2026-06-17,9.32,40,C,7.12,11.33,10.28,59.1,24.9,LEG1,否,否,27.2,1.0,10.07
002069,日线,2026-06-17,3.11,40,C,2.35,3.93,3.33,67.2,38.0,LEG1,否,否,23.4,0.8,3.26
002067,日线,2026-06-17,4.1,40,C,2.33,5.74,5.56,146.4,5.3,LEG1,否,否,25.1,0.43,5.45
300717,日线,2026-06-17,17.03,40,C,8.12,22.39,19.86,175.7,17.7,LEG1,否,否,30.1,0.9,19.46
300703,日线,2026-06-17,14.35,40,C,6.18,18.16,15.6,193.9,21.4,LEG1,否,否,22.4,0.72,15.29
300701,日线,2026-06-17,10.24,40,C,5.13,12.73,11.63,148.1,14.5,LEG1,否,否,36.7,0.64,11.4
300698,日线,2026-06-17,31.9,40,C,20.13,41.6,32.68,106.7,41.5,LEG1,否,否,35.2,0.54,32.03
300695,日线,2026-06-17,54.85,40,C,31.72,65.37,59.35,106.1,17.9,LEG1,否,否,24.3,0.87,58.16
600129,日线,2026-06-17,12.92,40,C,15.09,17.09,16.0,13.3,54.5,READY,否,否,27.8,0.94,15.68
002091,日线,2026-06-17,7.82,40,C,5.75,9.07,8.78,57.7,8.7,LEG1,否,否,38.2,0.61,8.6
002090,日线,2026-06-17,9.29,40,C,5.99,11.74,10.31,96.0,24.9,LEG1,否,否,30.1,0.95,10.1
002081,日线,2026-06-17,4.77,40,C,2.81,7.43,5.29,164.4,46.3,LEG1,否,否,30.3,0.52,5.18
603982,日线,2026-06-17,6.14,40,C,6.22,7.8,7.02,25.4,49.4,LEG1,否,否,19.7,0.87,6.88
002111,日线,2026-06-17,9.6,40,C,5.81,11.69,9.04,101.2,45.1,LEG1,否,否,36.1,0.9,8.86
002053,日线,2026-06-17,10.12,40,C,8.2,12.48,11.2,52.2,29.9,LEG1,否,否,24.7,0.93,10.98
002050,日线,2026-06-17,44.6,40,C,15.66,49.36,39.83,215.2,28.3,LEG1,否,否,34.6,0.57,39.03
002042,日线,2026-06-17,3.7,40,C,2.48,5.6,4.08,125.8,48.7,LEG1,否,否,32.7,0.71,4.0
002039,日线,2026-06-17,20.41,40,C,12.76,23.29,19.75,82.5,33.6,READY,否,否,39.3,0.52,19.36
300723,日线,2026-06-17,32.78,40,C,12.74,45.78,32.91,259.3,39.0,LEG1,否,否,28.0,0.49,32.25
601608,日线,2026-06-17,5.17,40,C,3.25,6.28,5.12,93.2,38.3,READY,否,否,32.0,0.7,5.02
601600,日线,2026-06-17,9.97,40,C,4.9,12.47,9.79,154.5,35.4,READY,否,否,34.8,0.72,9.59
601598,日线,2026-06-17,5.61,40,C,4.32,6.45,5.5,49.3,44.6,LEG1,否,否,25.1,0.68,5.39
601595,日线,2026-06-17,18.04,40,C,16.12,25.9,24.49,60.7,14.4,LEG1,否,否,27.4,0.59,24.0
601588,日线,2026-06-17,1.8,40,C,1.25,2.34,1.76,87.2,53.2,LEG1,否,否,31.3,0.81,1.72
601579,日线,2026-06-17,15.46,40,C,7.65,17.69,15.32,131.2,23.6,LEG1,否,否,30.6,0.74,15.01
601566,日线,2026-06-17,9.24,40,C,6.45,13.33,10.56,106.7,40.3,READY,否,否,21.6,0.52,10.35
300718,日线,2026-06-17,66.66,40,C,11.24,79.99,71.0,611.7,13.1,LEG1,否,否,32.1,0.52,69.58
605056,日线,2026-06-17,17.59,40,C,9.12,27.25,22.71,198.8,25.0,LEG1,否,否,24.4,0.63,22.26
605011,日线,2026-06-17,17.94,40,C,17.82,23.2,21.3,30.2,35.3,LEG1,否,否,24.5,0.64,20.87
605007,日线,2026-06-17,13.05,40,C,9.5,15.17,12.71,59.7,43.4,READY,否,否,36.9,0.77,12.46
605090,日线,2026-06-17,34.43,40,C,22.0,37.99,37.5,72.7,3.1,LEG1,否,否,28.5,0.61,36.75
605086,日线,2026-06-17,27.43,40,C,13.79,34.0,26.98,146.6,34.7,READY,否,否,30.2,0.57,26.44
605077,日线,2026-06-17,11.83,40,C,11.85,19.44,14.3,64.1,67.7,LEG1,否,否,16.0,0.64,14.01
605068,日线,2026-06-17,19.27,40,C,11.02,27.76,25.2,151.9,15.3,LEG1,否,否,23.3,0.95,24.7
002038,日线,2026-06-17,5.03,40,C,5.47,7.06,7.1,29.1,-2.5,LEG1,否,否,13.0,0.99,6.96
601519,日线,2026-06-17,8.89,40,C,5.17,11.54,10.12,123.2,22.3,LEG1,否,否,39.1,0.65,9.92
601368,日线,2026-06-17,4.33,40,C,3.67,4.79,4.28,30.5,45.5,READY,否,否,31.9,0.74,4.19
601366,日线,2026-06-17,3.48,40,C,3.4,3.95,3.68,16.2,49.1,LEG1,否,否,26.5,0.7,3.61
601360,日线,2026-06-17,9.22,40,C,6.19,12.1,10.23,95.5,31.6,LEG1,否,否,32.2,0.69,10.03
300738,日线,2026-06-17,20.08,40,C,6.66,29.49,19.51,342.8,43.7,LEG1,否,否,40.0,0.67,19.12
300732,日线,2026-06-17,6.11,40,C,5.24,7.95,6.52,51.7,52.8,LEG1,否,否,17.6,0.97,6.39
300730,日线,2026-06-17,12.65,40,C,6.21,17.49,12.6,181.6,43.4,LEG1,否,否,26.1,0.83,12.35
300729,日线,2026-06-17,10.37,40,C,11.0,13.3,12.03,20.9,55.2,LEG1,否,否,27.9,0.6,11.79
300725,日线,2026-06-17,32.1,40,C,23.25,40.98,32.8,76.3,46.1,LEG1,否,否,30.2,0.6,32.14
002063,日线,2026-06-17,5.29,40,C,4.1,6.73,6.08,64.1,24.7,LEG1,否,否,28.6,0.67,5.96
002060,日线,2026-06-17,3.26,40,C,3.02,3.73,3.41,23.5,45.1,LEG1,否,否,31.2,0.61,3.34
300777,日线,2026-06-17,28.96,40,C,17.2,41.65,30.83,142.2,44.3,LEG1,否,否,30.4,0.97,30.21
002034,日线,2026-06-17,17.45,40,C,11.83,23.8,16.72,101.2,59.1,LEG1,否,否,34.0,0.6,16.39
002031,日线,2026-06-17,5.71,40,C,2.08,7.05,6.03,238.9,20.5,LEG1,否,否,32.5,0.47,5.91
002030,日线,2026-06-17,5.44,40,C,4.71,7.2,6.01,52.9,47.8,LEG1,否,否,33.2,0.67,5.89
002022,日线,2026-06-17,4.91,40,C,4.88,6.12,5.61,25.4,41.1,LEG1,否,否,20.9,0.84,5.5
002020,日线,2026-06-17,12.05,40,C,8.28,15.33,12.09,85.1,46.0,READY,否,否,25.6,0.64,11.85
002016,日线,2026-06-17,4.38,40,C,3.93,5.06,4.58,28.8,42.5,LEG1,否,否,24.3,0.93,4.49
002011,日线,2026-06-17,10.79,40,C,9.55,13.2,11.48,38.2,47.1,LEG1,否,否,33.4,0.72,11.25
300772,日线,2026-06-17,12.37,40,C,6.88,17.3,15.73,151.5,15.1,LEG1,否,否,22.0,0.92,15.42
300768,日线,2026-06-17,14.45,40,C,8.74,18.31,14.93,109.5,35.3,LEG1,否,否,33.3,0.66,14.63
300761,日线,2026-06-17,17.3,40,C,15.8,20.99,20.54,32.8,8.7,LEG1,否,否,27.4,0.87,20.13
300743,日线,2026-06-17,16.08,40,C,7.08,20.43,17.14,188.6,24.6,LEG1,否,否,30.4,0.95,16.8
300740,日线,2026-06-17,22.03,40,C,9.6,28.33,19.84,195.1,45.3,LEG1,否,否,35.0,0.74,19.44
605117,日线,2026-06-17,103.08,40,C,49.88,174.56,75.05,250.0,79.8,LEG1,否,否,34.6,0.88,73.55
605099,日线,2026-06-17,33.21,40,C,15.3,44.94,37.06,193.7,26.6,LEG1,否,否,22.2,0.71,36.32
605098,日线,2026-06-17,54.32,40,C,30.16,58.5,54.0,94.0,15.9,LEG1,否,否,32.6,0.67,52.92
300783,日线,2026-06-17,16.59,40,C,14.68,18.55,16.74,26.4,46.8,READY,否,否,31.9,0.73,16.41
002010,日线,2026-06-17,4.92,40,C,3.41,5.61,5.44,64.5,7.7,LEG1,否,否,36.7,0.65,5.33
002009,日线,2026-06-17,20.61,40,C,7.45,24.03,23.27,222.6,4.6,LEG1,否,否,37.3,0.54,22.8
002006,日线,2026-06-17,14.84,40,C,8.48,19.3,16.7,127.6,24.0,LEG1,否,否,28.9,0.89,16.37
002005,日线,2026-06-17,2.72,40,C,0.82,3.04,2.23,270.7,36.5,LEG1,否,否,33.3,0.9,2.19
002004,日线,2026-06-17,4.2,40,C,3.68,4.65,4.29,26.4,37.1,BREAKOUT,否,否,26.8,0.88,4.2
001979,日线,2026-06-17,7.53,40,C,7.45,9.18,8.31,23.2,50.3,LEG1,否,否,19.1,0.86,8.14
001914,日线,2026-06-17,9.03,40,C,8.16,10.11,9.38,23.9,37.4,LEG1,否,否,31.0,0.71,9.19
001872,日线,2026-06-17,19.96,40,C,14.71,23.09,17.93,57.0,61.6,LEG1,否,否,29.1,0.83,17.57
001382,日线,2026-06-17,20.03,40,C,19.73,21.96,20.9,11.3,47.5,LEG1,否,否,36.9,0.72,20.48
600359,日线,2026-06-17,6.04,40,C,5.25,6.82,6.23,29.9,37.6,LEG1,否,否,28.1,0.69,6.11
600358,日线,2026-06-17,5.57,40,C,2.23,7.1,5.58,218.4,31.2,READY,否,否,32.5,0.73,5.47
600356,日线,2026-06-17,8.13,40,C,5.15,9.68,8.26,88.0,31.3,LEG1,否,否,21.2,0.87,8.09
300781,日线,2026-06-17,28.33,40,C,21.12,38.35,32.55,81.6,33.7,LEG1,否,否,32.3,0.67,31.9
300778,日线,2026-06-17,10.05,40,C,7.01,14.1,11.37,101.1,38.5,LEG1,否,否,20.1,0.61,11.14
601330,日线,2026-06-17,8.05,40,C,5.24,9.97,7.86,90.3,44.6,READY,否,否,35.0,0.47,7.7
600351,日线,2026-06-17,6.04,40,C,4.94,7.19,6.0,45.5,52.9,READY,否,否,31.6,0.86,5.88
605177,日线,2026-06-17,17.87,40,C,14.8,24.7,19.5,66.9,52.5,LEG1,否,否,25.2,0.93,19.11
605169,日线,2026-06-17,9.83,40,C,6.27,13.81,11.41,120.3,31.8,LEG1,否,否,12.2,0.75,11.18
605162,日线,2026-06-17,8.87,40,C,4.73,13.5,9.55,185.4,45.0,LEG1,否,否,28.1,0.77,9.36
605158,日线,2026-06-17,6.39,40,C,5.18,9.04,7.0,74.5,52.8,LEG1,否,否,35.4,0.91,6.86
605151,日线,2026-06-17,18.97,40,C,12.11,24.91,20.91,105.7,31.2,READY,否,否,20.5,0.72,20.49
605136,日线,2026-06-17,7.95,40,C,5.1,11.19,9.66,119.4,25.1,LEG1,否,否,16.9,0.8,9.47
605122,日线,2026-06-17,11.58,40,C,8.06,15.19,11.89,88.5,46.3,LEG1,否,否,16.0,0.87,11.65
600348,日线,2026-06-17,8.46,40,C,6.17,9.99,8.83,61.9,30.4,LEG1,否,否,25.2,0.5,8.65
300809,日线,2026-06-17,30.91,40,C,17.66,43.5,30.3,146.3,51.1,LEG1,否,否,34.0,0.68,29.69
300807,日线,2026-06-17,39.52,40,C,12.98,67.22,40.59,417.9,49.1,LEG1,否,否,24.9,0.76,39.78
300796,日线,2026-06-17,6.9,40,C,8.1,9.23,9.34,14.0,-9.7,LEG1,否,否,26.0,0.84,9.15
300793,日线,2026-06-17,12.35,40,C,10.27,15.23,13.41,48.3,36.7,LEG1,否,否,33.7,0.76,13.14
300792,日线,2026-06-17,29.33,40,C,14.1,36.8,30.41,161.0,28.1,LEG1,否,否,33.0,0.51,29.8
300789,日线,2026-06-17,19.01,40,C,11.1,24.3,19.42,118.9,37.0,LEG1,否,否,24.8,0.68,19.03
300785,日线,2026-06-17,39.94,40,C,12.6,56.6,45.6,349.2,25.0,LEG1,否,否,36.3,0.57,44.69
001338,日线,2026-06-17,9.32,40,C,8.11,11.6,11.9,43.0,-8.6,LEG1,否,否,20.4,0.76,11.66
001337,日线,2026-06-17,43.44,40,C,19.03,59.08,38.21,210.5,52.1,READY,否,否,38.5,0.92,37.45
001336,日线,2026-06-17,23.91,40,C,14.61,30.78,24.48,110.7,39.0,READY,否,否,20.3,0.77,23.99
001333,日线,2026-06-17,20.05,40,C,13.68,27.8,20.3,103.2,53.1,LEG1,否,否,24.6,0.66,19.89
001332,日线,2026-06-17,46.29,40,C,20.31,71.36,42.0,251.4,57.5,READY,否,否,38.9,0.83,41.16
001330,日线,2026-06-17,6.91,40,C,3.68,10.13,7.45,175.3,41.6,LEG1,否,否,33.9,0.58,7.3
001322,日线,2026-06-17,5.88,40,C,6.37,7.8,7.05,22.4,52.4,LEG1,否,否,23.7,0.72,6.91
001319,日线,2026-06-17,23.02,40,C,13.0,26.65,22.55,105.0,30.0,READY,否,否,38.7,0.6,22.1
300822,日线,2026-06-17,13.1,40,C,6.22,15.56,13.25,150.2,24.7,LEG1,否,否,37.0,0.87,12.98
601222,日线,2026-06-17,5.94,40,C,4.91,6.68,5.81,36.0,49.2,READY,否,否,36.5,0.49,5.69
601218,日线,2026-06-17,4.75,40,C,2.28,6.89,5.89,202.2,21.7,LEG1,否,否,26.4,0.78,5.77
601200,日线,2026-06-17,7.1,40,C,7.14,7.88,7.98,10.4,-13.5,LEG1,否,否,22.3,0.96,7.82
601188,日线,2026-06-17,2.95,40,C,2.77,3.26,3.07,17.7,38.8,LEG1,否,否,28.1,0.65,3.01
601177,日线,2026-06-17,13.7,40,C,6.28,18.68,13.78,197.5,39.5,LEG1,否,否,32.1,0.33,13.5
300817,日线,2026-06-17,17.75,40,C,7.85,20.2,21.13,157.3,-7.5,LEG1,否,否,32.8,0.71,20.71
300815,日线,2026-06-17,18.59,40,C,9.93,22.88,20.0,130.4,22.2,LEG1,否,否,33.3,0.65,19.6
605222,日线,2026-06-17,25.35,40,C,13.66,43.99,19.13,222.0,82.0,LEG1,否,否,28.5,0.55,18.75
605199,日线,2026-06-17,6.13,40,C,6.03,7.22,6.53,19.7,58.0,LEG1,否,否,25.4,0.64,6.4
605196,日线,2026-06-17,32.65,40,C,6.0,45.31,39.77,655.2,14.1,LEG1,否,否,25.5,0.86,38.97
605189,日线,2026-06-17,13.42,40,C,9.8,20.81,16.05,112.3,43.2,LEG1,否,否,32.8,0.62,15.73
605179,日线,2026-06-17,13.62,40,C,8.14,15.94,16.52,95.8,-7.4,LEG1,否,否,26.3,0.7,16.19
001306,日线,2026-06-17,60.41,40,C,39.76,66.3,56.71,66.8,36.1,LEG1,否,否,36.8,0.6,55.58
001299,日线,2026-06-17,10.82,40,C,8.32,13.83,12.92,66.2,16.5,LEG1,否,否,39.2,0.42,12.66
300842,日线,2026-06-17,78.06,40,C,30.46,102.65,77.88,237.0,34.3,LEG1,否,否,39.0,0.72,76.32
300832,日线,2026-06-17,42.7,40,C,43.85,51.44,46.16,17.3,69.6,LEG1,否,否,32.0,0.54,45.24
300829,日线,2026-06-17,15.1,40,C,11.3,20.29,17.65,79.6,29.4,LEG1,否,否,20.3,0.88,17.3
300826,日线,2026-06-17,14.71,40,C,8.61,19.49,13.66,126.4,53.6,READY,否,否,32.3,0.77,13.39
001380,日线,2026-06-17,16.44,40,C,14.08,20.4,18.33,44.9,32.8,LEG1,否,否,32.9,0.72,17.96
001379,日线,2026-06-17,16.88,40,C,12.2,21.83,20.1,78.9,18.0,LEG1,否,否,24.0,0.68,19.7
001376,日线,2026-06-17,11.93,40,C,11.11,15.6,13.07,40.4,56.3,LEG1,否,否,35.9,0.64,12.81
001368,日线,2026-06-17,22.13,40,C,16.02,26.13,23.48,63.1,26.2,LEG1,否,否,18.6,0.74,23.01
001366,日线,2026-06-17,12.14,40,C,8.32,18.61,12.34,123.7,60.9,LEG1,否,否,18.7,0.48,12.09
600101,日线,2026-06-17,9.08,40,C,5.53,11.21,8.75,102.7,43.3,LEG1,否,否,30.5,0.54,8.57
600100,日线,2026-06-17,7.18,40,C,4.51,9.36,7.66,107.5,35.1,LEG1,否,否,35.1,0.62,7.51
600099,日线,2026-06-17,8.75,40,C,5.73,11.9,9.63,107.7,36.8,LEG1,否,否,16.7,0.74,9.44
600098,日线,2026-06-17,6.91,40,C,4.91,8.24,6.86,67.8,41.4,LEG1,否,否,28.4,0.58,6.72
601163,日线,2026-06-17,13.19,40,C,12.24,14.89,13.43,21.7,55.1,LEG1,否,否,35.3,0.8,13.16
601158,日线,2026-06-17,4.08,40,C,4.18,4.7,4.4,12.4,57.7,READY,否,否,23.9,0.61,4.31
601155,日线,2026-06-17,11.1,40,C,7.95,16.65,11.19,109.4,62.8,READY,否,否,25.2,0.74,10.97
601139,日线,2026-06-17,6.2,40,C,5.84,6.75,6.38,15.6,40.7,LEG1,否,否,35.1,0.51,6.25
601128,日线,2026-06-17,6.41,40,C,6.02,7.27,6.93,20.8,27.2,LEG1,否,否,25.8,0.73,6.79
601127,日线,2026-06-17,66.14,40,C,54.6,88.72,77.77,62.5,32.1,LEG1,否,否,19.7,0.92,76.21
300855,日线,2026-06-17,32.3,40,C,17.19,40.33,34.0,134.6,27.4,LEG1,否,否,33.8,0.56,33.32
300851,日线,2026-06-17,23.84,40,C,16.31,38.86,27.0,138.3,52.6,LEG1,否,否,24.7,0.46,26.46
001318,日线,2026-06-17,10.6,40,C,9.28,13.57,11.59,46.2,46.2,READY,否,否,19.3,0.67,11.36
001313,日线,2026-06-17,7.16,40,C,5.27,9.79,6.43,85.8,74.3,LEG1,否,否,29.0,0.75,6.3
001311,日线,2026-06-17,18.11,40,C,19.17,29.55,28.44,54.1,10.7,LEG1,否,否,17.6,0.75,27.87
605266,日线,2026-06-17,15.75,40,C,17.18,18.95,18.49,10.3,26.0,LEG1,否,否,17.7,0.96,18.12
001228,日线,2026-06-17,26.8,40,C,16.27,32.38,25.45,99.0,43.0,READY,否,否,37.8,0.57,24.94
001225,日线,2026-06-17,41.69,40,C,25.12,65.05,31.39,159.0,84.3,LEG1,否,否,28.9,0.4,30.76
001285,日线,2026-06-17,44.33,40,C,48.31,54.76,51.42,13.4,51.8,LEG1,否,否,39.2,0.55,50.39
001278,日线,2026-06-17,16.6,40,C,12.8,20.14,18.95,57.3,16.2,LEG1,否,否,26.9,0.61,18.57
001277,日线,2026-06-17,29.66,40,C,30.3,38.4,34.03,26.7,54.0,LEG1,否,否,20.7,0.82,33.35
001260,日线,2026-06-17,17.25,40,C,12.21,23.0,19.28,88.4,34.5,LEG1,否,否,16.1,0.85,18.89
001258,日线,2026-06-17,7.68,40,C,5.5,11.59,8.35,110.7,53.2,LEG1,否,否,21.3,0.53,8.18
001255,日线,2026-06-17,28.24,40,C,18.71,37.1,34.34,98.3,15.0,LEG1,否,否,24.3,0.71,33.65
001238,日线,2026-06-17,28.86,40,C,13.5,49.8,27.5,268.9,61.4,READY,否,否,24.1,0.79,26.95
001231,日线,2026-06-17,19.66,40,C,10.86,25.85,24.2,138.0,11.0,LEG1,否,否,23.1,0.83,23.72
601116,日线,2026-06-17,11.11,40,C,7.07,13.16,11.65,86.1,24.8,LEG1,否,否,33.0,0.53,11.42
601107,日线,2026-06-17,5.42,40,C,3.97,6.4,5.46,61.2,38.7,LEG1,否,否,17.4,0.61,5.35
601098,日线,2026-06-17,10.62,40,C,9.69,11.35,10.79,17.1,33.7,LEG1,否,否,31.6,0.73,10.57
601096,日线,2026-06-17,4.67,40,C,3.5,6.07,5.44,73.4,24.5,LEG1,否,否,35.6,0.83,5.33
601086,日线,2026-06-17,7.05,40,C,3.23,8.56,11.37,165.0,-52.7,LEG1,否,否,34.4,0.51,11.14
600103,日线,2026-06-17,3.59,40,C,1.65,4.25,3.54,157.6,27.3,LEG1,否,否,39.5,0.69,3.47
001202,日线,2026-06-17,14.23,40,C,9.2,17.55,14.46,90.8,37.0,READY,否,否,29.6,0.66,14.17
000997,日线,2026-06-17,17.62,40,C,11.85,25.78,19.48,117.6,45.2,LEG1,否,否,29.9,0.64,19.09
000995,日线,2026-06-17,10.29,40,C,7.22,15.5,12.63,114.7,34.7,READY,否,否,18.7,0.97,12.38
000993,日线,2026-06-17,11.4,40,C,6.89,15.45,12.0,124.2,40.3,LEG1,否,否,28.2,0.59,11.76
000990,日线,2026-06-17,8.94,40,C,5.96,13.42,9.49,125.2,52.7,READY,否,否,28.9,0.77,9.3
300885,日线,2026-06-17,25.57,40,C,4.26,33.99,25.1,697.9,29.9,LEG1,否,否,39.7,0.51,24.6
300881,日线,2026-06-17,42.01,40,C,13.92,56.3,40.15,304.5,38.1,LEG1,否,否,35.9,0.71,39.35
300877,日线,2026-06-17,26.36,40,C,9.52,34.41,26.38,261.4,32.3,READY,否,否,28.9,0.6,25.85
300876,日线,2026-06-17,16.67,40,C,11.74,31.86,23.97,171.4,39.2,LEG1,否,否,24.8,0.88,23.49
300865,日线,2026-06-17,24.65,40,C,8.9,33.5,25.62,276.4,32.0,LEG1,否,否,33.8,0.87,25.11
600106,日线,2026-06-17,4.92,40,C,3.45,6.31,4.78,82.9,53.5,READY,否,否,20.1,0.79,4.68
600543,日线,2026-06-17,4.12,40,C,3.76,5.11,4.42,35.9,51.1,READY,否,否,23.5,0.85,4.33
600540,日线,2026-06-17,4.24,40,C,3.1,5.15,4.46,66.1,33.7,LEG1,否,否,23.0,0.69,4.37
605299,日线,2026-06-17,14.76,40,C,5.97,18.55,14.65,210.7,31.0,READY,否,否,23.0,0.56,14.36
605286,日线,2026-06-17,29.32,40,C,16.6,45.99,37.3,177.0,29.6,LEG1,否,否,25.4,0.92,36.55
605277,日线,2026-06-17,18.15,40,C,9.79,27.08,21.1,176.6,34.6,LEG1,否,否,27.2,0.7,20.68
300904,日线,2026-06-17,45.34,40,C,33.82,62.96,54.9,86.2,27.7,LEG1,否,否,28.2,0.59,53.8
300899,日线,2026-06-17,29.82,40,C,16.12,40.88,34.55,153.6,25.6,LEG1,否,否,25.2,0.68,33.86
300898,日线,2026-06-17,19.88,40,C,14.79,24.97,22.05,68.8,28.7,LEG1,否,否,32.5,0.64,21.61
300897,日线,2026-06-17,15.7,40,C,15.68,22.38,24.2,42.7,-27.2,LEG1,否,否,28.9,0.62,23.72
601059,日线,2026-06-17,15.56,40,C,11.91,17.51,17.5,47.0,0.2,LEG1,否,否,39.8,0.59,17.15
601038,日线,2026-06-17,11.5,40,C,12.09,14.11,14.05,16.7,3.0,LEG1,否,否,28.7,0.5,13.77
601016,日线,2026-06-17,3.99,40,C,2.53,5.14,4.4,103.2,28.4,LEG1,否,否,32.0,0.52,4.31
601015,日线,2026-06-17,3.18,40,C,2.54,4.4,3.41,73.2,53.2,LEG1,否,否,24.6,0.61,3.34
601011,日线,2026-06-17,2.71,40,C,1.41,3.42,2.96,142.6,22.9,LEG1,否,否,29.9,0.78,2.9
300892,日线,2026-06-17,20.97,40,C,10.51,28.71,31.98,173.2,-18.0,LEG1,否,否,20.5,0.68,31.34
300887,日线,2026-06-17,7.88,40,C,5.88,10.48,8.94,78.2,33.5,LEG1,否,否,33.6,0.58,8.76
300886,日线,2026-06-17,21.81,40,C,10.16,26.55,19.25,161.3,44.5,LEG1,否,否,14.4,0.75,18.86
001212,日线,2026-06-17,46.3,40,C,17.61,55.18,35.3,213.3,52.9,LEG1,否,否,32.8,0.96,34.59
001210,日线,2026-06-17,24.2,40,C,10.51,37.95,22.33,261.1,56.9,READY,否,否,38.7,0.97,21.88
001209,日线,2026-06-17,17.85,40,C,10.31,23.16,20.4,124.6,21.5,LEG1,否,否,19.3,0.81,19.99
001207,日线,2026-06-17,17.35,40,C,10.12,19.15,16.81,89.2,25.9,LEG1,否,否,35.7,0.64,16.47
300929,日线,2026-06-17,10.6,40,C,5.82,14.85,10.16,155.2,51.9,LEG1,否,否,16.9,0.93,9.96
000985,日线,2026-06-17,15.51,40,C,10.2,20.55,18.82,101.5,16.7,LEG1,否,否,18.5,0.74,18.44
605337,日线,2026-06-17,8.87,40,C,7.84,10.2,9.47,30.1,30.9,LEG1,否,否,25.7,0.85,9.28
605305,日线,2026-06-17,37.08,40,C,20.39,43.3,38.52,112.4,20.9,LEG1,否,否,35.9,0.86,37.75
600556,日线,2026-06-17,4.8,40,C,3.27,5.58,5.74,70.6,-6.9,LEG1,否,否,33.7,0.84,5.63
600548,日线,2026-06-17,8.53,40,C,8.36,9.4,8.95,12.4,43.3,READY,否,否,32.7,0.9,8.77
600546,日线,2026-06-17,12.55,40,C,8.49,15.73,10.89,85.3,66.9,LEG1,否,否,29.9,0.5,10.67
000980,日线,2026-06-17,2.26,40,C,1.31,2.99,2.38,128.2,36.3,LEG1,否,否,37.1,0.77,2.33
000978,日线,2026-06-17,5.66,40,C,5.18,6.77,6.46,30.7,19.5,LEG1,否,否,18.9,0.83,6.33
300920,日线,2026-06-17,38.25,40,C,9.81,51.88,39.41,428.8,29.6,LEG1,否,否,26.9,0.88,38.62
300918,日线,2026-06-17,12.4,40,C,6.97,13.95,11.99,100.1,28.1,LEG1,否,否,39.3,0.71,11.75
300917,日线,2026-06-17,25.6,40,C,17.52,35.1,31.07,100.3,22.9,LEG1,否,否,21.3,0.74,30.45
300916,日线,2026-06-17,24.76,40,C,11.83,40.39,26.21,241.4,49.6,LEG1,否,否,26.6,0.73,25.69
300915,日线,2026-06-17,20.91,40,C,21.01,25.58,21.83,21.8,82.1,LEG1,否,否,20.5,0.66,21.39
300911,日线,2026-06-17,21.61,40,C,19.92,41.99,29.83,110.8,55.1,LEG1,否,否,22.0,0.77,29.23
300906,日线,2026-06-17,27.33,40,C,13.02,37.04,19.99,184.5,71.0,LEG1,否,否,28.0,0.72,19.59
000968,日线,2026-06-17,6.74,40,C,5.3,7.97,7.36,50.4,22.8,LEG1,否,否,25.8,0.52,7.21
000967,日线,2026-06-17,10.25,40,C,3.71,17.09,9.63,360.6,55.8,READY,否,否,39.2,1.0,9.44
000953,日线,2026-06-17,5.63,40,C,2.23,7.18,6.48,222.0,14.1,LEG1,否,否,22.6,0.69,6.35
000952,日线,2026-06-17,5.96,40,C,4.11,7.74,6.51,88.3,33.9,LEG1,否,否,24.0,0.97,6.38
000950,日线,2026-06-17,5.19,40,C,4.28,7.0,5.73,63.6,46.7,LEG1,否,否,27.0,0.63,5.62
000937,日线,2026-06-17,4.63,40,C,5.05,5.92,5.45,17.2,54.0,LEG1,否,否,22.4,0.66,5.34
000936,日线,2026-06-17,5.79,40,C,5.08,8.29,7.13,63.2,36.1,LEG1,否,否,31.4,0.66,6.99
000935,日线,2026-06-17,26.25,40,C,10.09,34.13,24.63,238.3,39.5,READY,否,否,39.6,0.67,24.14
300935,日线,2026-06-17,32.19,40,C,11.52,38.2,27.18,231.6,41.3,LEG1,否,否,38.7,0.57,26.64
300933,日线,2026-06-17,6.63,40,C,4.88,9.16,7.42,87.7,40.7,LEG1,否,否,33.1,0.94,7.27
601005,日线,2026-06-17,1.22,40,C,1.0,1.42,1.28,42.0,33.3,READY,否,否,25.2,0.91,1.25
601002,日线,2026-06-17,4.74,40,C,2.72,6.81,4.96,150.4,45.2,READY,否,否,26.5,0.7,4.86
600995,日线,2026-06-17,13.47,40,C,7.76,16.48,13.81,112.4,30.6,LEG1,否,否,37.4,0.49,13.53
600993,日线,2026-06-17,22.86,40,C,20.2,24.57,23.09,21.6,33.9,LEG1,否,否,33.8,0.93,22.63
600992,日线,2026-06-17,9.8,40,C,9.67,13.5,11.84,39.6,43.3,LEG1,否,否,18.7,0.49,11.6
600989,日线,2026-06-17,22.12,40,C,12.84,29.8,26.6,132.1,18.9,LEG1,否,否,27.2,0.68,26.07
600968,日线,2026-06-17,3.8,40,C,2.62,4.08,4.38,55.7,-20.5,LEG1,否,否,32.4,0.59,4.29
600966,日线,2026-06-17,5.18,40,C,3.61,6.22,6.24,72.3,-0.8,LEG1,否,否,23.9,0.68,6.12
300965,日线,2026-06-17,46.56,40,C,21.59,95.04,50.54,340.2,60.6,LEG1,否,否,24.9,0.49,49.53
300956,日线,2026-06-17,12.3,40,C,6.98,19.86,15.64,184.5,32.8,LEG1,否,否,36.1,0.61,15.33
300953,日线,2026-06-17,143.36,40,C,29.83,263.5,88.01,783.3,75.1,LEG1,否,否,30.2,0.81,86.25
300952,日线,2026-06-17,19.75,40,C,11.6,41.28,26.64,255.9,49.3,LEG1,否,否,22.0,0.64,26.11
300949,日线,2026-06-17,21.98,40,C,22.5,42.39,35.11,88.4,36.6,LEG1,否,否,17.6,0.92,34.41
300947,日线,2026-06-17,13.61,40,C,7.6,17.05,15.49,124.3,16.5,LEG1,否,否,25.1,0.82,15.18
000933,日线,2026-06-17,24.55,40,C,13.04,32.49,27.65,149.2,24.9,LEG1,否,否,23.2,0.8,27.1
605577,日线,2026-06-17,9.48,40,C,10.95,12.85,12.12,17.4,38.4,LEG1,否,否,24.8,0.92,11.88
605500,日线,2026-06-17,6.65,40,C,5.07,12.5,8.76,146.5,50.3,LEG1,否,否,19.7,0.39,8.58
605488,日线,2026-06-17,33.59,40,C,8.18,38.69,33.82,373.0,16.0,LEG1,否,否,38.6,0.48,33.14
605398,日线,2026-06-17,22.4,40,C,13.63,26.26,22.48,92.7,29.9,LEG1,否,否,39.1,0.86,22.03
605388,日线,2026-06-17,5.17,40,C,4.26,7.31,6.55,71.6,24.9,LEG1,否,否,13.4,0.86,6.42
605377,日线,2026-06-17,7.9,40,C,7.62,9.47,8.71,24.3,41.1,LEG1,否,否,21.0,0.84,8.54
000927,日线,2026-06-17,2.51,40,C,2.25,2.81,2.63,24.9,32.1,LEG1,否,否,39.9,0.87,2.58
300978,日线,2026-06-17,8.85,40,C,7.58,11.73,10.22,54.7,36.4,LEG1,否,否,26.0,0.73,10.02
000926,日线,2026-06-17,2.01,40,C,1.78,2.74,1.95,53.9,82.3,LEG1,否,否,26.7,0.5,1.91
000923,日线,2026-06-17,13.91,40,C,11.91,16.97,15.31,42.5,32.8,LEG1,否,否,30.3,0.78,15.0
000917,日线,2026-06-17,6.9,40,C,3.8,8.58,9.0,125.8,-8.8,LEG1,否,否,33.7,0.8,8.82
000910,日线,2026-06-17,5.72,40,C,5.65,7.49,6.33,32.6,63.0,LEG1,否,否,24.9,0.54,6.2
000909,日线,2026-06-17,4.03,40,C,2.7,4.96,3.95,83.7,44.7,READY,否,否,30.3,0.53,3.87
000906,日线,2026-06-17,5.43,40,C,4.25,6.6,6.12,55.3,20.4,LEG1,否,否,23.2,0.7,6.0
000900,日线,2026-06-17,3.61,40,C,3.29,4.26,4.06,29.5,20.6,LEG1,否,否,27.9,0.55,3.98
000899,日线,2026-06-17,11.79,40,C,6.22,15.77,12.12,153.5,38.2,LEG1,否,否,30.5,0.76,11.88
300971,日线,2026-06-17,20.14,40,C,12.53,25.76,20.5,105.6,39.8,LEG1,否,否,34.9,0.91,20.09
300970,日线,2026-06-17,20.83,40,C,9.27,50.4,13.77,443.7,89.1,LEG1,否,否,19.6,0.99,13.49
300969,日线,2026-06-17,99.5,40,C,48.83,117.0,100.2,139.6,24.6,LEG1,否,否,30.2,0.67,98.2
600982,日线,2026-06-17,5.58,40,C,3.17,7.33,5.76,131.2,37.7,LEG1,否,否,35.3,0.55,5.64
600977,日线,2026-06-17,13.68,40,C,9.58,15.26,13.36,59.3,33.5,LEG1,否,否,39.9,0.95,13.09
600971,日线,2026-06-17,7.24,40,C,6.2,8.62,7.22,39.0,57.9,LEG1,否,否,30.2,0.68,7.08
600969,日线,2026-06-17,8.78,40,C,4.2,12.5,9.37,197.6,37.7,LEG1,否,否,18.9,0.62,9.18
000885,日线,2026-06-17,12.67,40,C,9.49,13.6,12.96,43.3,15.6,LEG1,否,否,38.0,0.81,12.7
000882,日线,2026-06-17,1.38,40,C,0.79,1.55,1.54,96.2,1.3,LEG1,否,否,31.2,0.96,1.51
000881,日线,2026-06-17,6.95,40,C,4.61,8.26,7.14,79.2,30.7,LEG1,否,否,37.4,0.68,7.0
000880,日线,2026-06-17,25.6,40,C,6.12,37.13,25.7,506.7,36.9,LEG1,否,否,37.0,0.55,25.19
000877,日线,2026-06-17,4.04,40,C,4.16,4.66,4.56,12.0,20.0,LEG1,否,否,30.7,0.82,4.47
000875,日线,2026-06-17,5.86,40,C,3.46,7.4,6.01,113.9,35.3,LEG1,否,否,25.7,0.68,5.89
000863,日线,2026-06-17,4.42,40,C,2.48,6.05,4.38,144.0,46.8,READY,否,否,32.2,0.71,4.29
301002,日线,2026-06-17,43.89,40,C,10.18,65.1,31.82,539.5,60.6,LEG1,否,否,34.1,0.53,31.18
301001,日线,2026-06-17,23.78,40,C,13.25,31.5,26.3,137.7,28.5,LEG1,否,否,27.5,0.74,25.77
300999,日线,2026-06-17,24.69,40,C,24.58,27.95,27.19,13.7,22.6,LEG1,否,否,32.0,0.79,26.65
300997,日线,2026-06-17,16.02,40,C,9.25,20.64,16.67,123.1,34.9,LEG1,否,否,32.6,0.78,16.34
300995,日线,2026-06-17,30.82,40,C,8.8,40.1,19.47,355.7,65.9,LEG1,否,否,37.6,0.74,19.08
300994,日线,2026-06-17,11.52,40,C,7.11,13.67,12.22,92.3,22.1,LEG1,否,否,29.7,0.83,11.98
300989,日线,2026-06-17,13.5,40,C,10.21,16.2,13.33,58.7,47.9,READY,否,否,27.0,0.74,13.06
300982,日线,2026-06-17,17.24,40,C,13.6,23.68,20.84,74.1,28.2,LEG1,否,否,21.6,0.67,20.42
300981,日线,2026-06-17,10.62,40,C,8.31,15.8,13.13,90.1,35.6,LEG1,否,否,13.9,0.57,12.87
000856,日线,2026-06-17,7.85,40,C,5.23,11.03,9.44,110.9,27.4,LEG1,否,否,21.1,0.56,9.25
000848,日线,2026-06-17,7.66,40,C,6.73,9.15,7.6,36.0,64.0,LEG1,否,否,28.0,0.77,7.45
000839,日线,2026-06-17,2.59,40,C,1.72,3.71,3.08,115.7,31.7,LEG1,否,否,24.3,0.81,3.02
000833,日线,2026-06-17,22.13,40,C,3.94,29.98,21.48,660.9,32.6,READY,否,否,35.9,0.99,21.05
000828,日线,2026-06-17,9.72,40,C,8.12,10.32,9.9,27.1,19.1,LEG1,否,否,31.9,0.82,9.7
600377,日线,2026-06-17,12.15,40,C,10.66,13.07,11.47,22.6,66.4,LEG1,否,否,35.8,0.91,11.24
600376,日线,2026-06-17,3.43,40,C,1.94,5.25,4.52,170.6,22.1,LEG1,否,否,28.8,0.33,4.43
301023,日线,2026-06-17,30.41,40,C,19.67,52.0,37.02,164.4,46.3,LEG1,否,否,25.5,0.56,36.28
301022,日线,2026-06-17,24.55,40,C,13.13,33.99,29.25,158.9,22.7,LEG1,否,否,23.6,0.67,28.66
301012,日线,2026-06-17,27.88,40,C,10.23,43.87,27.85,328.8,47.6,LEG1,否,否,31.8,0.57,27.29
301010,日线,2026-06-17,17.58,40,C,8.76,23.99,19.96,173.9,26.5,LEG1,否,否,23.1,0.91,19.56
301006,日线,2026-06-17,13.7,40,C,9.22,18.41,16.02,99.7,26.0,LEG1,否,否,24.6,0.8,15.7
000897,日线,2026-06-17,1.77,40,C,1.83,2.19,2.05,19.7,38.9,LEG1,否,否,20.9,0.81,2.01
000895,日线,2026-06-17,23.05,40,C,22.29,25.23,26.51,13.2,-43.5,LEG1,否,否,16.7,0.98,25.98
000890,日线,2026-06-17,9.12,40,C,2.28,11.97,10.32,425.0,17.0,LEG1,否,否,19.4,0.7,10.11
000886,日线,2026-06-17,4.26,40,C,3.49,5.83,5.48,67.0,15.0,LEG1,否,否,23.6,0.88,5.37
688016,日线,2026-06-17,89.37,40,C,78.62,105.15,97.22,33.7,29.9,LEG1,否,否,23.0,0.63,95.28
688004,日线,2026-06-17,19.74,40,C,9.48,24.9,19.22,162.7,36.8,READY,否,否,31.5,0.77,18.84
605598,日线,2026-06-17,36.12,40,C,13.82,62.5,56.05,352.2,13.2,LEG1,否,否,16.0,0.88,54.93
600368,日线,2026-06-17,3.65,40,C,3.19,4.1,3.86,28.5,26.4,LEG1,否,否,22.5,0.87,3.78
000820,日线,2026-06-17,3.05,40,C,1.86,3.88,3.29,108.6,29.2,LEG1,否,否,28.0,0.46,3.22
000819,日线,2026-06-17,13.16,40,C,12.01,17.01,15.57,41.6,28.8,LEG1,否,否,32.0,0.63,15.26
000816,日线,2026-06-17,2.42,40,C,1.39,2.89,2.59,107.9,20.0,LEG1,否,否,27.6,0.83,2.54
301027,日线,2026-06-17,19.22,40,C,5.77,25.88,15.84,348.5,49.9,LEG1,否,否,40.0,0.97,15.52
301025,日线,2026-06-17,8.71,40,C,5.18,11.98,9.91,131.3,30.4,LEG1,否,否,28.4,0.96,9.71
600963,日线,2026-06-17,3.41,40,C,3.04,4.81,4.45,58.2,20.3,LEG1,否,否,20.2,0.92,4.36
600960,日线,2026-06-17,4.02,40,C,2.49,5.39,4.89,116.5,17.2,LEG1,否,否,25.5,0.74,4.79
600959,日线,2026-06-17,3.11,40,C,2.58,4.07,3.64,57.8,28.9,LEG1,否,否,20.1,0.8,3.57
600956,日线,2026-06-17,8.09,40,C,6.51,10.24,8.23,57.3,53.9,LEG1,否,否,36.9,0.4,8.07
600939,日线,2026-06-17,2.54,40,C,2.12,3.12,2.69,47.2,43.0,LEG1,否,否,26.4,0.67,2.64
600936,日线,2026-06-17,4.95,40,C,1.92,6.66,3.48,246.9,67.1,LEG1,否,否,36.5,0.46,3.41
000862,日线,2026-06-17,5.53,40,C,3.98,7.66,6.41,92.5,34.0,LEG1,否,否,23.3,0.81,6.28
000809,日线,2026-06-17,3.73,40,C,1.45,4.5,3.65,210.3,27.9,LEG1,否,否,38.7,0.84,3.58
688033,日线,2026-06-17,6.68,40,C,4.51,9.12,6.23,102.2,62.7,READY,否,否,34.7,0.62,6.11
688032,日线,2026-06-17,86.69,40,C,89.38,115.69,106.63,29.4,34.4,LEG1,否,否,27.5,0.61,104.5
688029,日线,2026-06-17,69.96,40,C,53.5,83.64,70.3,56.3,44.3,READY,否,否,24.2,0.61,68.89
688023,日线,2026-06-17,37.77,40,C,26.38,52.0,46.24,97.1,22.5,LEG1,否,否,33.4,0.79,45.32
688021,日线,2026-06-17,21.52,40,C,7.15,30.5,23.15,326.6,31.5,LEG1,否,否,21.1,0.95,22.69
000803,日线,2026-06-17,7.1,40,C,3.05,8.5,8.2,178.7,5.5,LEG1,否,否,30.8,0.74,8.04
000802,日线,2026-06-17,4.03,40,C,3.76,5.42,4.9,44.1,31.3,LEG1,否,否,23.9,0.72,4.8
301056,日线,2026-06-17,11.95,40,C,5.35,14.8,13.64,176.6,12.3,LEG1,否,否,21.4,0.78,13.37
301053,日线,2026-06-17,41.42,40,C,14.14,61.52,38.18,335.1,49.3,READY,否,否,34.0,0.48,37.42
301049,日线,2026-06-17,19.37,40,C,9.0,27.96,20.5,210.7,39.3,LEG1,否,否,25.5,0.82,20.09
301047,日线,2026-06-17,59.54,40,C,53.51,66.62,65.66,24.5,7.3,LEG1,否,否,30.7,0.78,64.35
301040,日线,2026-06-17,28.72,40,C,8.5,31.6,27.0,271.8,19.9,LEG1,否,否,34.8,0.92,26.46
301037,日线,2026-06-17,13.12,40,C,8.0,17.76,13.23,122.0,46.4,LEG1,否,否,21.2,0.78,12.97
301032,日线,2026-06-17,10.4,40,C,4.83,13.69,11.58,183.4,23.8,LEG1,否,否,31.9,0.77,11.35
688018,日线,2026-06-17,122.4,40,C,70.3,194.57,135.12,176.8,47.8,LEG1,否,否,34.3,0.7,132.42
000720,日线,2026-06-17,4.29,40,C,2.2,5.55,4.55,152.3,29.9,LEG1,否,否,35.2,0.53,4.46
000719,日线,2026-06-17,11.95,40,C,7.69,13.59,10.33,76.7,55.3,LEG1,否,否,19.5,0.92,10.12
688081,日线,2026-06-17,47.6,40,C,6.81,63.99,45.73,839.6,31.9,READY,否,否,32.4,0.54,44.82
600894,日线,2026-06-17,8.23,40,C,5.61,9.04,8.14,61.1,26.2,LEG1,否,否,29.6,0.6,7.98
600887,日线,2026-06-17,24.67,40,C,21.13,27.12,25.45,28.3,27.9,LEG1,否,否,24.5,0.94,24.94
600886,日线,2026-06-17,13.32,40,C,12.47,14.75,13.42,18.3,58.3,READY,否,否,33.8,1.0,13.15
301065,日线,2026-06-17,18.73,40,C,11.81,24.59,20.95,108.2,28.5,LEG1,否,否,21.0,0.6,20.53
301063,日线,2026-06-17,18.13,40,C,10.71,26.24,22.67,145.0,23.0,LEG1,否,否,22.3,0.75,22.22
301060,日线,2026-06-17,8.48,40,C,7.34,10.99,9.22,49.7,48.5,LEG1,否,否,33.1,0.62,9.04
000799,日线,2026-06-17,38.23,40,C,33.5,47.12,39.42,40.7,56.5,LEG1,否,否,33.7,0.55,38.63
000785,日线,2026-06-17,2.19,40,C,2.2,2.72,2.48,23.6,46.2,LEG1,否,否,34.2,0.75,2.43
000778,日线,2026-06-17,4.04,40,C,2.96,4.61,4.16,55.7,27.3,LEG1,否,否,35.3,0.67,4.08
000755,日线,2026-06-17,4.64,40,C,3.95,5.46,4.99,38.2,31.1,LEG1,否,否,27.2,0.32,4.89
000752,日线,2026-06-17,8.61,40,C,5.24,9.49,8.36,81.1,26.6,LEG1,否,否,34.2,0.83,8.19
688060,日线,2026-06-17,35.5,40,C,23.2,48.8,41.8,110.3,27.3,LEG1,否,否,18.5,0.81,40.96
000813,日线,2026-06-17,3.0,40,C,2.06,4.5,2.96,118.4,63.1,READY,否,否,30.3,0.51,2.9
688071,日线,2026-06-17,32.1,40,C,15.26,46.11,31.44,202.2,47.6,READY,否,否,39.9,0.5,30.81
688067,日线,2026-06-17,21.43,40,C,10.91,28.65,14.93,162.6,77.3,LEG1,否,否,19.4,0.88,14.63
000718,日线,2026-06-17,1.88,40,C,1.56,2.45,1.91,57.1,60.7,LEG1,否,否,29.4,0.72,1.87
000716,日线,2026-06-17,4.43,40,C,3.39,6.22,4.52,83.5,60.1,LEG1,否,否,23.7,0.48,4.43
000715,日线,2026-06-17,4.72,40,C,4.51,6.68,5.31,48.1,63.1,LEG1,否,否,31.6,0.77,5.2
301096,日线,2026-06-17,55.14,40,C,30.6,65.96,52.26,115.6,38.7,READY,否,否,39.6,0.66,51.21
301088,日线,2026-06-17,12.96,40,C,9.24,17.88,13.65,93.5,49.0,LEG1,否,否,15.7,0.48,13.38
301083,日线,2026-06-17,14.05,40,C,8.5,18.18,16.2,113.9,20.5,LEG1,否,否,30.5,0.98,15.88
301081,日线,2026-06-17,14.84,40,C,5.45,22.2,14.45,307.3,46.3,READY,否,否,27.7,0.61,14.16
301078,日线,2026-06-17,7.65,40,C,4.85,9.89,7.86,103.9,40.3,LEG1,否,否,33.2,0.58,7.7
301077,日线,2026-06-17,23.55,40,C,11.09,38.59,29.51,248.0,33.0,LEG1,否,否,31.6,0.66,28.92
301075,日线,2026-06-17,67.32,40,C,12.6,92.99,60.77,638.0,40.1,LEG1,否,否,32.5,0.55,59.55
301073,日线,2026-06-17,19.8,40,C,13.9,25.57,23.9,84.0,14.3,LEG1,否,否,23.4,0.73,23.42
688058,日线,2026-06-17,23.38,40,C,15.86,30.34,26.66,91.3,25.4,LEG1,否,否,34.2,0.76,26.13
688051,日线,2026-06-17,26.77,40,C,14.0,50.85,29.07,263.2,59.1,LEG1,否,否,26.5,0.54,28.49
000723,日线,2026-06-17,3.81,40,C,3.78,4.51,4.27,19.3,32.9,LEG1,否,否,27.3,0.63,4.18
301105,日线,2026-06-17,48.31,40,C,18.13,57.32,34.04,216.2,59.4,LEG1,否,否,32.7,0.61,33.36
301103,日线,2026-06-17,15.81,40,C,16.24,20.24,18.74,24.6,37.5,LEG1,否,否,25.6,0.96,18.37
000710,日线,2026-06-17,7.84,40,C,5.4,12.09,9.42,123.9,39.9,LEG1,否,否,21.9,0.87,9.23
000709,日线,2026-06-17,2.08,40,C,1.64,2.28,2.05,39.0,35.9,READY,否,否,32.8,0.83,2.01
000702,日线,2026-06-17,5.34,40,C,2.94,7.15,5.9,143.2,29.7,LEG1,否,否,17.6,0.95,5.78
000701,日线,2026-06-17,4.83,40,C,2.68,6.23,5.28,132.5,26.8,LEG1,否,否,19.4,0.76,5.17
000692,日线,2026-06-17,4.36,40,C,1.88,5.51,4.16,193.1,37.2,LEG1,否,否,26.5,0.53,4.08
301101,日线,2026-06-17,30.1,40,C,19.84,38.79,31.71,95.5,37.4,LEG1,否,否,37.5,0.98,31.08
301100,日线,2026-06-17,15.08,40,C,10.61,19.15,15.04,80.5,48.1,READY,否,否,26.9,0.99,14.74
600088,日线,2026-06-17,12.49,40,C,12.56,15.26,13.65,21.5,59.6,LEG1,否,否,26.1,0.92,13.38
600082,日线,2026-06-17,2.96,40,C,1.81,4.35,2.85,140.3,59.1,LEG1,否,否,21.8,0.74,2.79
600081,日线,2026-06-17,10.18,40,C,6.95,12.98,10.5,86.8,41.1,LEG1,否,否,34.4,0.65,10.29
600076,日线,2026-06-17,3.34,40,C,1.24,3.72,3.43,200.0,11.7,LEG1,否,否,29.1,0.72,3.36
600072,日线,2026-06-17,9.81,40,C,10.81,14.12,12.86,30.6,38.1,LEG1,否,否,25.6,0.62,12.6
688078,日线,2026-06-17,21.75,40,C,19.61,30.82,23.18,57.2,68.2,LEG1,否,否,32.7,0.59,22.72
688073,日线,2026-06-17,44.63,40,C,28.5,57.33,50.89,101.2,22.3,LEG1,否,否,26.2,0.91,49.87
000680,日线,2026-06-17,10.41,40,C,4.44,11.68,10.57,163.1,15.3,LEG1,否,否,38.4,0.48,10.36
000678,日线,2026-06-17,9.64,40,C,3.45,13.9,9.7,302.9,40.2,LEG1,否,否,23.0,0.82,9.51
600521,日线,2026-06-17,14.29,40,C,10.71,16.5,15.36,54.1,19.7,LEG1,否,否,31.0,0.39,15.05
688095,日线,2026-06-17,64.74,40,C,37.01,82.54,68.6,123.0,30.6,LEG1,否,否,27.9,0.68,67.23
688092,日线,2026-06-17,22.82,40,C,16.4,28.29,26.4,72.5,15.9,LEG1,否,否,25.4,0.62,25.87
688091,日线,2026-06-17,39.3,40,C,20.27,61.98,45.75,205.8,38.9,LEG1,否,否,25.3,0.56,44.84
688085,日线,2026-06-17,12.09,40,C,11.97,19.89,16.57,66.2,41.9,LEG1,否,否,14.1,0.6,16.24
301110,日线,2026-06-17,39.18,40,C,22.22,76.66,54.55,245.0,40.6,LEG1,否,否,25.4,0.77,53.46
301109,日线,2026-06-17,13.49,40,C,12.53,17.23,14.97,37.5,48.1,LEG1,否,否,39.2,0.9,14.67
600883,日线,2026-06-17,7.66,40,C,4.81,9.16,7.31,90.4,42.5,LEG1,否,否,27.7,0.89,7.16
600880,日线,2026-06-17,4.01,40,C,3.3,5.5,4.59,66.7,41.4,LEG1,否,否,28.4,0.8,4.5
600873,日线,2026-06-17,8.53,40,C,8.72,10.1,10.89,15.8,-57.2,LEG1,否,否,27.0,0.96,10.67
600872,日线,2026-06-17,17.43,40,C,16.08,22.21,17.65,38.1,74.4,LEG1,否,否,28.4,0.66,17.3
600871,日线,2026-06-17,2.17,40,C,1.6,2.64,2.3,65.0,32.7,READY,否,否,25.9,0.79,2.25
600868,日线,2026-06-17,3.01,40,C,1.56,3.78,3.3,142.3,21.6,LEG1,否,否,32.3,0.5,3.23
600867,日线,2026-06-17,7.37,40,C,7.0,8.68,8.03,24.0,38.7,LEG1,否,否,27.1,0.75,7.87
000665,日线,2026-06-17,3.93,40,C,3.05,4.49,4.54,47.2,-3.5,LEG1,否,否,24.7,0.94,4.45
000663,日线,2026-06-17,5.43,40,C,3.9,7.03,6.19,80.3,26.8,LEG1,否,否,25.9,0.92,6.07
000661,日线,2026-06-17,63.79,40,C,77.5,90.0,84.75,16.1,42.0,LEG1,否,否,21.3,0.86,83.05
000656,日线,2026-06-17,1.34,40,C,1.0,1.48,1.28,48.0,41.7,LEG1,否,否,31.4,0.75,1.25
000651,日线,2026-06-17,37.15,40,C,32.73,39.86,37.8,21.8,28.9,LEG1,否,否,26.9,0.88,37.04
000637,日线,2026-06-17,3.77,40,C,2.61,4.87,4.19,86.6,30.1,LEG1,否,否,19.1,0.87,4.11
000632,日线,2026-06-17,3.5,40,C,2.28,4.43,3.67,94.3,35.3,LEG1,否,否,28.0,0.83,3.6
000626,日线,2026-06-17,7.02,40,C,3.71,8.6,7.3,131.8,26.6,LEG1,否,否,30.5,0.53,7.15
600858,日线,2026-06-17,4.68,40,C,3.48,5.44,5.0,56.3,22.4,LEG1,否,否,24.5,0.92,4.9
600854,日线,2026-06-17,4.3,40,C,3.18,6.5,4.61,104.4,56.9,LEG1,否,否,19.4,0.78,4.52
600853,日线,2026-06-17,3.25,40,C,2.91,4.24,3.66,45.7,43.6,LEG1,否,否,23.7,0.82,3.59
600848,日线,2026-06-17,8.01,40,C,8.17,9.67,8.62,18.4,70.0,LEG1,否,否,32.9,0.51,8.45
301126,日线,2026-06-17,9.27,40,C,6.61,12.32,10.31,86.4,35.2,LEG1,否,否,24.3,0.9,10.1
301125,日线,2026-06-17,15.77,40,C,7.9,18.3,14.83,131.6,33.4,LEG1,否,否,34.2,0.74,14.53
301116,日线,2026-06-17,9.25,40,C,7.25,10.56,9.24,45.7,39.9,LEG1,否,否,33.7,0.89,9.06
301113,日线,2026-06-17,16.14,40,C,14.75,27.99,23.78,89.8,31.8,LEG1,否,否,21.4,0.93,23.3
000609,日线,2026-06-17,11.52,40,C,1.15,13.68,8.04,1089.6,45.0,LEG1,否,否,31.4,0.58,7.88
000607,日线,2026-06-17,3.3,40,C,2.75,3.84,3.8,39.6,3.7,LEG1,否,否,26.2,0.99,3.72
000605,日线,2026-06-17,5.71,40,C,3.6,7.31,6.15,103.1,31.3,READY,否,否,21.6,0.91,6.03
000601,日线,2026-06-17,7.08,40,C,2.77,9.89,7.02,257.0,40.3,LEG1,否,否,39.9,0.57,6.88
000599,日线,2026-06-17,4.74,40,C,2.79,5.5,5.27,97.1,8.5,LEG1,否,否,24.2,0.73,5.16
000595,日线,2026-06-17,6.54,40,C,3.12,8.2,4.71,162.8,68.7,LEG1,否,否,37.3,0.89,4.62
000591,日线,2026-06-17,5.04,40,C,3.97,6.5,4.96,63.7,60.9,LEG1,否,否,33.4,0.45,4.86
000590,日线,2026-06-17,9.17,40,C,4.8,11.41,11.5,137.7,-1.4,LEG1,否,否,23.0,0.67,11.27
301163,日线,2026-06-17,23.77,40,C,12.62,33.99,27.34,169.3,31.1,LEG1,否,否,21.0,0.94,26.79
301159,日线,2026-06-17,31.99,40,C,22.05,41.97,37.17,90.3,24.1,LEG1,否,否,32.1,0.77,36.43
301156,日线,2026-06-17,11.99,40,C,9.44,21.4,17.5,126.7,32.6,LEG1,否,否,17.3,0.83,17.15
301148,日线,2026-06-17,54.09,40,C,11.88,87.0,53.64,632.3,44.4,READY,否,否,29.6,0.61,52.57
301136,日线,2026-06-17,12.36,40,C,6.85,16.76,16.09,144.7,6.8,LEG1,否,否,25.9,1.0,15.77
301131,日线,2026-06-17,34.85,40,C,25.7,38.1,38.01,48.2,0.7,LEG1,否,否,29.9,0.92,37.25
301129,日线,2026-06-17,23.13,40,C,11.66,29.92,23.54,156.6,34.9,LEG1,否,否,29.7,0.59,23.07
600865,日线,2026-06-17,9.12,40,C,5.27,11.38,9.7,115.9,27.5,LEG1,否,否,31.3,0.58,9.51
688100,日线,2026-06-17,31.47,40,C,23.01,40.6,35.42,76.4,29.4,LEG1,否,否,29.9,0.84,34.71
600533,日线,2026-06-17,2.05,40,C,1.67,2.43,2.19,45.5,31.6,LEG1,否,否,24.2,0.79,2.15
600530,日线,2026-06-17,5.92,40,C,1.84,8.38,4.97,355.4,52.1,LEG1,否,否,33.3,0.42,4.87
600526,日线,2026-06-17,4.4,40,C,3.44,5.59,5.13,62.5,21.4,LEG1,否,否,25.7,0.85,5.03
000570,日线,2026-06-17,5.12,40,C,4.09,6.86,5.27,67.7,57.4,LEG1,否,否,24.3,0.7,5.16
000568,日线,2026-06-17,82.94,40,C,98.92,110.33,109.4,11.5,8.2,LEG1,否,否,22.1,0.79,107.21
600828,日线,2026-06-17,3.95,40,C,2.21,5.45,4.18,146.6,39.2,LEG1,否,否,32.2,0.86,4.1
301192,日线,2026-06-17,21.07,40,C,9.23,28.47,20.57,208.5,41.1,READY,否,否,31.3,0.75,20.16
301191,日线,2026-06-17,105.3,40,C,56.19,190.0,106.0,238.1,62.8,LEG1,否,否,38.0,0.75,103.88
301190,日线,2026-06-17,18.74,40,C,12.01,26.32,20.85,119.2,38.2,LEG1,否,否,21.6,0.96,20.43
301189,日线,2026-06-17,65.5,40,C,14.9,115.0,32.78,671.8,82.1,LEG1,否,否,21.5,0.82,32.12
301187,日线,2026-06-17,16.47,40,C,11.6,22.32,19.21,92.4,29.0,LEG1,否,否,33.8,0.87,18.83
301175,日线,2026-06-17,5.3,40,C,3.99,5.87,5.93,47.1,-3.2,LEG1,否,否,33.7,0.94,5.81
301170,日线,2026-06-17,23.38,40,C,16.67,30.78,26.0,84.6,33.9,LEG1,否,否,22.1,0.79,25.48
301167,日线,2026-06-17,13.63,40,C,8.51,18.21,15.46,114.0,28.4,LEG1,否,否,20.5,0.79,15.15
000615,日线,2026-06-17,3.39,40,C,1.64,3.92,3.26,139.0,28.9,LEG1,否,否,38.7,0.46,3.19
000554,日线,2026-06-17,6.24,40,C,4.19,7.07,6.62,68.7,15.6,LEG1,否,否,25.0,0.67,6.49
000553,日线,2026-06-17,5.88,40,C,4.1,7.63,5.61,86.1,57.2,READY,否,否,35.3,0.76,5.5
000552,日线,2026-06-17,2.48,40,C,2.22,2.97,2.59,33.8,50.7,LEG1,否,否,28.6,0.53,2.54
000548,日线,2026-06-17,4.38,40,C,3.38,5.42,4.94,60.4,23.5,LEG1,否,否,22.5,0.49,4.84
000543,日线,2026-06-17,8.57,40,C,6.26,10.09,7.91,61.2,56.9,LEG1,否,否,34.9,0.63,7.75
301199,日线,2026-06-17,18.89,40,C,13.05,21.08,21.08,61.5,0.0,LEG1,否,否,37.3,0.74,20.66
600847,日线,2026-06-17,13.69,40,C,5.05,18.17,14.04,259.8,31.5,READY,否,否,33.8,0.73,13.76
600845,日线,2026-06-17,17.72,40,C,19.61,25.0,21.98,27.5,56.0,LEG1,否,否,21.1,0.98,21.54
600844,日线,2026-06-17,2.66,40,C,2.03,3.84,3.3,89.2,29.8,LEG1,否,否,16.3,0.96,3.23
600841,日线,2026-06-17,6.62,40,C,2.92,7.99,7.06,173.6,18.3,LEG1,否,否,30.3,0.73,6.92
600835,日线,2026-06-17,20.36,40,C,9.92,26.9,20.62,171.2,37.0,LEG1,否,否,32.1,0.5,20.21
600834,日线,2026-06-17,7.02,40,C,5.8,8.56,7.66,47.6,32.6,LEG1,否,否,23.4,0.68,7.51
600833,日线,2026-06-17,9.73,40,C,7.91,12.65,11.05,59.9,33.8,LEG1,否,否,26.4,0.8,10.83
600831,日线,2026-06-17,3.15,40,C,1.76,4.41,3.35,150.6,40.0,LEG1,否,否,17.5,0.55,3.28
000581,日线,2026-06-17,17.67,40,C,13.92,20.41,18.66,46.6,27.0,LEG1,否,否,30.9,0.81,18.29
000573,日线,2026-06-17,4.03,40,C,2.0,4.83,3.73,141.5,38.9,LEG1,否,否,30.6,0.87,3.66
000530,日线,2026-06-17,5.56,40,C,3.02,6.85,5.61,126.8,32.4,LEG1,否,否,34.8,0.58,5.5
000528,日线,2026-06-17,8.18,40,C,6.16,10.54,9.42,71.1,25.6,LEG1,否,否,30.9,0.87,9.23
000523,日线,2026-06-17,2.83,40,C,2.35,3.33,3.08,41.7,25.5,LEG1,否,否,25.4,0.84,3.02
000518,日线,2026-06-17,3.14,40,C,1.72,3.93,3.07,128.5,38.9,READY,否,否,38.3,0.35,3.01
000514,日线,2026-06-17,3.99,40,C,2.5,4.64,4.28,85.6,16.8,LEG1,否,否,18.7,0.87,4.19
000507,日线,2026-06-17,4.86,40,C,4.17,5.5,4.98,31.9,39.1,LEG1,否,否,39.4,0.42,4.88
000505,日线,2026-06-17,5.39,40,C,4.75,7.23,5.72,52.2,60.9,READY,否,否,23.5,0.78,5.61
301225,日线,2026-06-17,88.87,40,C,19.1,102.25,91.0,435.3,13.5,LEG1,否,否,34.1,0.56,89.18
301213,日线,2026-06-17,47.29,40,C,19.1,77.75,44.73,307.1,56.3,READY,否,否,20.4,0.77,43.84
301212,日线,2026-06-17,25.46,40,C,13.98,35.66,25.8,155.1,45.5,LEG1,否,否,25.5,0.79,25.28
301209,日线,2026-06-17,58.4,40,C,11.21,94.36,58.17,741.7,43.5,READY,否,否,19.1,0.82,57.01
301207,日线,2026-06-17,16.39,40,C,14.45,24.87,21.17,72.1,35.5,LEG1,否,否,33.7,0.49,20.75
301206,日线,2026-06-17,23.59,40,C,20.8,27.77,24.5,33.5,46.9,LEG1,否,否,33.7,0.86,24.01
000560,日线,2026-06-17,2.25,40,C,1.42,2.9,2.77,104.2,8.8,LEG1,否,否,15.9,0.9,2.71
000559,日线,2026-06-17,13.57,40,C,3.9,18.98,14.64,386.7,28.8,LEG1,否,否,31.5,0.52,14.35
000555,日线,2026-06-17,11.26,40,C,7.07,14.3,13.55,102.3,10.4,LEG1,否,否,33.4,0.48,13.28
000159,日线,2026-06-17,5.76,40,C,3.66,7.07,6.15,93.2,27.0,LEG1,否,否,24.8,0.6,6.03
688111,日线,2026-06-17,215.3,40,C,167.18,263.76,229.02,57.8,36.0,LEG1,否,否,34.6,0.59,224.44
000428,日线,2026-06-17,3.17,40,C,2.48,3.95,3.48,59.3,32.0,LEG1,否,否,19.8,0.91,3.41
000423,日线,2026-06-17,47.32,40,C,44.62,50.98,48.4,14.3,40.6,READY,否,否,29.7,0.61,47.43
301239,日线,2026-06-17,32.71,40,C,28.48,48.32,36.95,69.7,57.3,LEG1,否,否,33.4,0.7,36.21
600824,日线,2026-06-17,3.52,40,C,2.84,3.94,3.79,38.7,13.6,LEG1,否,否,26.8,0.94,3.71
600822,日线,2026-06-17,8.32,40,C,7.01,10.13,9.48,44.5,20.8,LEG1,否,否,31.5,0.87,9.29
600821,日线,2026-06-17,6.67,40,C,4.87,8.8,7.79,80.7,25.7,LEG1,否,否,32.6,0.63,7.63
600817,日线,2026-06-17,9.12,40,C,6.48,12.95,11.24,99.8,26.4,LEG1,否,否,16.9,0.77,11.02
600816,日线,2026-06-17,2.69,40,C,2.28,3.35,2.5,46.9,79.4,LEG1,否,否,34.1,0.94,2.45
600814,日线,2026-06-17,6.7,40,C,4.94,7.44,7.12,50.6,12.8,LEG1,否,否,29.4,0.72,6.98
600807,日线,2026-06-17,2.49,40,C,2.02,3.12,2.77,54.5,31.8,LEG1,否,否,23.8,0.48,2.71
600805,日线,2026-06-17,4.38,40,C,3.13,4.86,4.33,55.3,30.6,READY,否,否,28.5,0.82,4.24
301233,日线,2026-06-17,52.7,40,C,23.08,69.77,51.29,202.3,39.6,READY,否,否,29.0,0.58,50.26
000537,日线,2026-06-17,8.55,40,C,7.71,11.32,9.85,46.8,40.7,LEG1,否,否,23.5,0.63,9.65
000534,日线,2026-06-17,29.42,40,C,8.56,36.97,35.03,331.9,6.8,LEG1,否,否,35.2,0.78,34.33
000058,日线,2026-06-17,6.77,40,C,4.99,7.52,7.69,50.7,-6.7,LEG1,否,否,29.5,0.79,7.54
688139,日线,2026-06-17,27.0,40,C,23.96,38.0,29.8,58.6,58.4,LEG1,否,否,26.1,0.36,29.2
000089,日线,2026-06-17,6.39,40,C,5.82,6.91,6.49,18.7,38.5,LEG1,否,否,35.3,0.92,6.36
000069,日线,2026-06-17,1.8,40,C,1.77,2.09,2.14,18.1,-15.6,LEG1,否,否,24.6,0.78,2.1
600395,日线,2026-06-17,5.04,40,C,4.41,6.3,5.1,42.9,63.5,LEG1,否,否,24.1,0.72,5.0
301273,日线,2026-06-17,32.84,40,C,11.81,49.88,27.65,322.4,58.4,LEG1,否,否,28.1,0.92,27.1
301272,日线,2026-06-17,36.26,40,C,28.88,48.58,37.5,68.2,56.2,LEG1,否,否,25.9,0.86,36.75
301262,日线,2026-06-17,19.51,40,C,19.76,24.88,25.6,25.9,-14.1,LEG1,否,否,30.0,0.67,25.09
301258,日线,2026-06-17,24.1,40,C,19.63,31.2,27.82,58.9,29.2,LEG1,否,否,22.2,0.9,27.26
301255,日线,2026-06-17,23.83,40,C,22.8,25.78,27.9,13.1,-71.1,LEG1,否,否,34.6,0.41,27.34
000421,日线,2026-06-17,5.38,40,C,3.54,6.08,5.88,71.8,7.9,LEG1,否,否,24.6,0.83,5.76
000419,日线,2026-06-17,4.74,40,C,3.51,5.37,5.0,53.0,19.9,LEG1,否,否,22.8,0.82,4.9
000411,日线,2026-06-17,9.86,40,C,8.32,12.29,11.0,47.7,32.5,LEG1,否,否,37.3,0.48,10.78
000409,日线,2026-06-17,8.91,40,C,5.91,10.8,9.7,82.7,22.5,LEG1,否,否,32.5,0.52,9.51
000407,日线,2026-06-17,3.9,40,C,2.47,4.93,4.13,99.6,32.5,READY,否,否,23.8,0.91,4.05
000402,日线,2026-06-17,2.71,40,C,1.95,3.22,2.83,65.1,30.7,LEG1,否,否,29.4,0.52,2.77
600790,日线,2026-06-17,3.68,40,C,2.94,5.02,4.01,70.7,48.6,READY,否,否,25.6,0.83,3.93
600789,日线,2026-06-17,7.03,40,C,5.04,8.87,6.96,76.0,49.9,READY,否,否,26.9,0.65,6.82
600785,日线,2026-06-17,14.83,40,C,8.63,16.98,14.04,96.8,35.2,READY,否,否,35.3,0.8,13.76
600051,日线,2026-06-17,6.04,40,C,4.57,7.96,6.86,74.2,32.4,LEG1,否,否,18.4,0.75,6.72
600037,日线,2026-06-17,6.73,40,C,5.55,8.29,7.11,49.4,43.1,LEG1,否,否,36.2,0.82,6.97
301298,日线,2026-06-17,12.68,40,C,9.25,15.6,14.91,68.6,10.9,LEG1,否,否,25.3,0.79,14.61
301296,日线,2026-06-17,6.38,40,C,6.51,7.91,7.42,21.5,35.0,LEG1,否,否,22.5,0.86,7.27
301293,日线,2026-06-17,53.95,40,C,29.61,74.59,65.0,151.9,21.3,LEG1,否,否,36.9,0.64,63.7
301291,日线,2026-06-17,42.45,40,C,22.8,64.15,50.01,181.4,34.2,LEG1,否,否,28.4,0.85,49.01
301290,日线,2026-06-17,29.25,40,C,16.6,32.8,28.38,97.6,27.3,LEG1,否,否,38.1,0.68,27.81
301287,日线,2026-06-17,34.66,40,C,21.21,37.88,34.31,78.6,21.4,LEG1,否,否,29.6,0.68,33.62
301278,日线,2026-06-17,32.65,40,C,26.81,42.48,37.53,58.4,31.6,LEG1,否,否,36.1,0.69,36.78
688162,日线,2026-06-17,25.88,40,C,15.29,36.59,28.42,139.3,38.4,LEG1,否,否,30.5,0.53,27.85
688161,日线,2026-06-17,21.42,40,C,18.54,27.43,25.9,48.0,17.2,LEG1,否,否,19.4,0.91,25.38
688152,日线,2026-06-17,30.48,40,C,30.05,43.11,33.34,43.5,74.8,LEG1,否,否,39.1,0.69,32.67
600386,日线,2026-06-17,3.34,40,C,2.36,4.36,3.72,84.7,32.0,LEG1,否,否,22.6,0.82,3.65
000006,日线,2026-06-17,7.74,40,C,3.29,11.25,7.59,241.9,46.0,READY,否,否,21.4,0.64,7.44
688186,日线,2026-06-17,16.8,40,C,8.49,21.28,19.53,150.6,13.7,LEG1,否,否,26.9,0.86,19.14
688185,日线,2026-06-17,49.76,40,C,37.12,68.48,59.21,84.5,29.6,LEG1,否,否,27.4,0.52,58.03
688184,日线,2026-06-17,11.58,40,C,8.6,13.37,9.95,55.5,71.7,LEG1,否,否,38.5,0.75,9.75
688180,日线,2026-06-17,29.39,40,C,23.08,37.46,39.09,62.3,-11.3,LEG1,否,否,29.3,0.58,38.31
688177,日线,2026-06-17,16.37,40,C,17.7,21.07,20.15,19.0,27.3,LEG1,否,否,22.6,0.97,19.75
688175,日线,2026-06-17,27.0,40,C,10.85,38.71,28.11,256.8,38.0,LEG1,否,否,32.0,0.81,27.55
000042,日线,2026-06-17,9.09,40,C,2.93,10.49,5.76,258.0,62.6,LEG1,否,否,35.1,0.93,5.64
000039,日线,2026-06-17,9.09,40,C,6.83,11.43,8.74,67.3,58.5,READY,否,否,30.6,0.66,8.57
000035,日线,2026-06-17,5.1,40,C,3.06,7.35,6.71,140.2,14.9,LEG1,否,否,26.3,0.96,6.58
600056,日线,2026-06-17,9.1,40,C,9.47,10.68,10.51,12.8,14.0,LEG1,否,否,33.4,0.62,10.3
600055,日线,2026-06-17,11.27,40,C,11.23,14.73,12.95,31.2,50.9,LEG1,否,否,27.7,0.65,12.69
600800,日线,2026-06-17,3.52,40,C,1.84,5.09,4.06,176.6,31.7,READY,否,否,22.3,0.67,3.98
600797,日线,2026-06-17,7.21,40,C,3.95,8.55,7.02,116.5,33.3,LEG1,否,否,36.1,0.6,6.88
600794,日线,2026-06-17,3.04,40,C,2.84,3.66,3.49,28.9,20.7,LEG1,否,否,29.7,0.88,3.42
600792,日线,2026-06-17,3.93,40,C,2.78,4.78,3.73,71.9,52.5,LEG1,否,否,38.4,0.99,3.66
688221,日线,2026-06-17,17.85,40,C,4.48,25.51,18.41,469.4,33.8,LEG1,否,否,30.8,0.69,18.04
688217,日线,2026-06-17,22.16,40,C,12.38,30.93,24.79,149.8,33.1,LEG1,否,否,24.3,0.92,24.29
688805,日线,2026-06-17,47.69,40,C,41.4,62.88,50.45,51.9,57.9,LEG1,否,否,37.2,0.47,49.44
688208,日线,2026-06-17,27.87,40,C,14.72,42.15,32.35,186.3,35.7,LEG1,否,否,31.9,0.47,31.7
688197,日线,2026-06-17,30.37,40,C,25.52,44.3,37.31,73.6,37.2,LEG1,否,否,28.4,0.72,36.56
688195,日线,2026-06-17,210.82,40,C,16.33,252.0,93.2,1443.2,67.4,LEG1,否,否,38.1,0.97,91.34
688192,日线,2026-06-17,36.6,40,C,24.82,60.74,49.9,144.7,30.2,LEG1,否,否,21.5,0.61,48.9
688796,日线,2026-06-17,88.27,40,C,48.06,122.99,80.99,155.9,56.1,READY,否,否,33.1,0.53,79.37
600783,日线,2026-06-17,19.93,40,C,8.65,24.76,20.52,186.2,26.3,LEG1,否,否,31.0,0.85,20.11
600780,日线,2026-06-17,6.55,40,C,4.84,7.89,6.77,63.0,36.7,LEG1,否,否,36.3,0.5,6.63
600778,日线,2026-06-17,5.46,40,C,3.11,7.04,6.62,126.4,10.7,LEG1,否,否,23.3,0.81,6.49
600774,日线,2026-06-17,6.71,40,C,5.15,8.93,8.0,73.4,24.6,LEG1,否,否,21.7,0.76,7.84
600768,日线,2026-06-17,15.53,40,C,5.6,19.5,7.58,248.2,85.8,LEG1,否,否,39.3,0.84,7.43
000031,日线,2026-06-17,2.37,40,C,2.21,2.95,2.77,33.5,24.3,LEG1,否,否,28.3,0.8,2.71
000030,日线,2026-06-17,4.29,40,C,3.8,4.92,5.02,29.5,-8.9,LEG1,否,否,33.5,0.72,4.92
000016,日线,2026-06-17,2.82,40,C,1.87,3.64,2.93,94.7,40.1,LEG1,否,否,25.8,0.57,2.87
301359,日线,2026-06-17,18.21,40,C,11.98,24.18,18.88,101.8,43.4,LEG1,否,否,24.0,1.0,18.5
301355,日线,2026-06-17,10.06,40,C,9.07,13.25,11.42,46.1,43.8,LEG1,否,否,23.2,0.92,11.19
301353,日线,2026-06-17,18.3,40,C,17.82,30.8,25.84,72.8,38.2,LEG1,否,否,16.8,0.95,25.32
301336,日线,2026-06-17,37.8,40,C,21.81,58.0,38.53,165.9,53.8,READY,否,否,29.1,0.96,37.76
301332,日线,2026-06-17,8.2,40,C,7.7,9.16,8.55,19.0,41.8,LEG1,否,否,27.8,0.77,8.38
301331,日线,2026-06-17,21.8,40,C,20.25,30.48,24.86,50.5,54.9,LEG1,否,否,31.9,0.91,24.36
301327,日线,2026-06-17,50.94,40,C,46.98,65.16,59.48,38.7,31.2,LEG1,否,否,27.0,0.71,58.29
301318,日线,2026-06-17,20.64,40,C,16.57,26.02,23.77,57.0,23.8,LEG1,否,否,27.2,0.79,23.29
301315,日线,2026-06-17,40.65,40,C,27.96,53.49,46.33,91.3,28.0,LEG1,否,否,36.4,0.89,45.4
600784,日线,2026-06-17,6.96,40,C,4.11,8.8,6.43,114.1,50.5,LEG1,否,否,35.2,0.39,6.3
688759,日线,2026-06-17,29.97,40,C,27.53,38.71,36.9,40.6,16.2,LEG1,否,否,35.4,0.52,36.16
688739,日线,2026-06-17,19.75,40,C,21.95,25.11,23.39,14.4,54.4,LEG1,否,否,22.2,0.74,22.92
600496,日线,2026-06-17,3.45,40,C,2.29,4.28,3.79,86.9,24.6,LEG1,否,否,19.0,0.69,3.71
600495,日线,2026-06-17,3.75,40,C,2.98,4.41,4.32,48.0,6.3,LEG1,否,否,32.1,0.92,4.23
688225,日线,2026-06-17,13.05,40,C,10.1,18.24,15.72,80.6,31.0,LEG1,否,否,24.0,0.69,15.41
688223,日线,2026-06-17,5.17,40,C,4.85,7.83,6.07,61.4,59.1,LEG1,否,否,34.0,0.88,5.95
301380,日线,2026-06-17,29.0,40,C,25.77,39.48,30.04,53.2,68.9,LEG1,否,否,31.3,0.68,29.44
688212,日线,2026-06-17,27.67,40,C,31.51,38.08,36.01,20.9,31.5,LEG1,否,否,21.7,0.94,35.29
688726,日线,2026-06-17,57.29,40,C,34.1,63.18,55.55,85.3,26.2,LEG1,否,否,33.4,0.71,54.44
688717,日线,2026-06-17,91.04,40,C,40.0,134.58,88.26,236.5,49.0,READY,否,否,33.9,0.6,86.49
688701,日线,2026-06-17,8.01,40,C,3.88,11.88,8.31,206.2,44.6,LEG1,否,否,11.6,0.78,8.14
688698,日线,2026-06-17,58.3,40,C,19.74,87.25,62.62,342.0,36.5,LEG1,否,否,25.9,0.57,61.37
688697,日线,2026-06-17,15.07,40,C,11.81,21.6,14.03,82.9,77.3,LEG1,否,否,20.4,0.76,13.75
600433,日线,2026-06-17,3.4,40,C,2.3,4.62,3.18,100.9,62.1,LEG1,否,否,24.0,0.76,3.12
600429,日线,2026-06-17,4.29,40,C,3.41,6.26,5.46,83.6,28.1,LEG1,否,否,25.0,0.9,5.35
301378,日线,2026-06-17,27.0,40,C,17.5,38.8,29.88,121.7,41.9,LEG1,否,否,34.7,0.81,29.28
301376,日线,2026-06-17,15.65,40,C,14.81,18.6,17.9,25.6,18.5,LEG1,否,否,25.5,0.37,17.54
301371,日线,2026-06-17,27.14,40,C,21.48,33.35,26.01,55.3,61.8,READY,否,否,36.8,0.76,25.49
301370,日线,2026-06-17,8.65,40,C,8.52,9.66,10.05,13.4,-34.2,LEG1,否,否,27.0,0.65,9.85
301368,日线,2026-06-17,44.11,40,C,23.57,57.93,41.33,145.8,48.3,READY,否,否,36.7,0.63,40.5
301363,日线,2026-06-17,18.61,40,C,16.5,28.96,24.23,75.5,38.0,LEG1,否,否,24.2,0.99,23.75
301361,日线,2026-06-17,32.85,40,C,12.55,46.66,34.33,271.8,36.1,LEG1,否,否,35.3,0.47,33.64
688670,日线,2026-06-17,14.37,40,C,9.36,21.2,16.11,126.5,43.0,LEG1,否,否,25.8,0.82,15.79
688658,日线,2026-06-17,13.32,40,C,11.9,22.56,16.24,89.6,59.3,LEG1,否,否,15.4,0.7,15.92
600420,日线,2026-06-17,8.37,40,C,7.61,9.39,8.93,23.4,25.8,LEG1,否,否,23.2,0.9,8.75
600419,日线,2026-06-17,7.87,40,C,6.74,9.74,7.81,44.5,64.3,READY,否,否,27.7,0.83,7.65
688235,日线,2026-06-17,211.72,40,C,98.5,248.88,228.28,152.7,13.7,LEG1,否,否,34.3,0.83,223.71
688232,日线,2026-06-17,18.75,40,C,18.02,23.66,23.8,31.3,-2.5,LEG1,否,否,34.3,0.72,23.32
600512,日线,2026-06-17,2.03,40,C,1.81,2.25,2.24,24.3,2.3,LEG1,否,否,24.6,0.78,2.2
600508,日线,2026-06-17,8.58,40,C,10.6,14.9,12.7,40.6,51.2,LEG1,否,否,12.9,0.8,12.45
600507,日线,2026-06-17,4.11,40,C,3.5,6.5,5.5,85.7,33.3,LEG1,否,否,17.2,0.71,5.39
600506,日线,2026-06-17,15.7,40,C,6.95,19.2,17.26,176.3,15.8,LEG1,否,否,18.3,0.53,16.91
600503,日线,2026-06-17,2.25,40,C,1.64,3.07,2.27,87.2,55.9,LEG1,否,否,20.8,0.63,2.22
600758,日线,2026-06-17,3.79,40,C,2.44,5.68,4.09,132.8,49.1,LEG1,否,否,23.9,0.62,4.01
600755,日线,2026-06-17,5.64,40,C,5.46,6.07,5.98,11.2,14.8,LEG1,否,否,39.6,0.69,5.86
600748,日线,2026-06-17,3.97,40,C,2.34,6.27,4.87,167.9,35.6,LEG1,否,否,24.9,0.62,4.77
600744,日线,2026-06-17,7.44,40,C,2.3,9.3,7.01,304.3,32.7,LEG1,否,否,38.3,0.56,6.87
600743,日线,2026-06-17,2.1,40,C,1.0,2.83,2.28,183.0,30.1,LEG1,否,否,18.8,0.56,2.23
688244,日线,2026-06-17,15.61,40,C,17.63,20.91,18.45,18.6,75.0,LEG1,否,否,35.3,0.99,18.08
688238,日线,2026-06-17,5.34,40,C,3.86,6.45,5.78,67.1,25.9,LEG1,否,否,27.7,0.66,5.66
688626,日线,2026-06-17,48.54,40,C,21.58,66.01,53.2,205.9,28.8,LEG1,否,否,36.4,0.83,52.14
688285,日线,2026-06-17,7.64,40,C,5.4,9.75,8.01,80.6,40.0,LEG1,否,否,32.9,0.81,7.85
301456,日线,2026-06-17,25.05,40,C,17.35,32.82,24.87,89.2,51.4,READY,否,否,26.7,0.87,24.37
301429,日线,2026-06-17,17.55,40,C,10.01,23.75,17.6,137.3,44.8,LEG1,否,否,20.1,0.82,17.25
301413,日线,2026-06-17,80.89,40,C,31.51,143.68,81.31,356.0,55.6,READY,否,否,21.9,0.87,79.68
301408,日线,2026-06-17,15.32,40,C,9.3,18.5,16.37,98.9,23.2,LEG1,否,否,28.3,0.67,16.04
301390,日线,2026-06-17,29.37,40,C,23.67,39.13,29.2,65.3,64.2,READY,否,否,21.6,0.69,28.62
301388,日线,2026-06-17,25.99,40,C,11.73,34.78,25.11,196.5,42.0,READY,否,否,33.4,0.78,24.61
301386,日线,2026-06-17,20.86,40,C,14.6,26.66,23.55,82.6,25.8,LEG1,否,否,24.9,0.68,23.08
600418,日线,2026-06-17,31.68,40,C,10.28,52.75,43.69,413.1,21.3,LEG1,否,否,27.4,0.95,42.82
600408,日线,2026-06-17,2.66,40,C,1.38,3.82,3.02,176.8,32.8,LEG1,否,否,25.6,0.6,2.96
600406,日线,2026-06-17,23.32,40,C,20.2,28.48,25.45,41.0,36.6,LEG1,否,否,38.4,0.81,24.94
688681,日线,2026-06-17,14.95,40,C,7.25,20.95,17.3,189.0,26.6,LEG1,否,否,20.4,0.9,16.95
688679,日线,2026-06-17,49.9,40,C,5.92,75.5,21.62,1175.3,77.4,LEG1,否,否,29.4,0.8,21.19
688292,日线,2026-06-17,20.38,40,C,12.2,28.3,22.7,132.0,34.8,LEG1,否,否,33.7,0.46,22.25
688289,日线,2026-06-17,14.19,40,C,16.08,17.87,17.07,11.1,44.7,LEG1,否,否,15.5,0.66,16.73
688581,日线,2026-06-17,53.47,40,C,46.83,74.36,52.4,58.8,79.8,LEG1,否,否,34.1,0.65,51.35
688577,日线,2026-06-17,49.03,40,C,26.77,96.13,58.75,259.1,53.9,LEG1,否,否,26.4,0.69,57.57
301505,日线,2026-06-17,17.71,40,C,17.68,22.75,21.82,28.7,18.3,LEG1,否,否,24.6,0.89,21.38
600740,日线,2026-06-17,3.54,40,C,3.36,4.22,4.05,25.6,19.8,LEG1,否,否,30.4,0.75,3.97
600738,日线,2026-06-17,3.91,40,C,3.25,4.51,4.24,38.8,21.4,LEG1,否,否,21.1,0.87,4.16
600727,日线,2026-06-17,7.42,40,C,4.02,9.18,7.41,128.4,34.3,READY,否,否,33.1,0.72,7.26
600724,日线,2026-06-17,6.36,40,C,3.24,8.61,6.25,165.7,43.9,READY,否,否,27.3,0.8,6.12
301503,日线,2026-06-17,29.48,40,C,18.17,35.75,29.2,96.8,37.3,READY,否,否,31.8,0.78,28.62
688271,日线,2026-06-17,110.07,40,C,92.0,130.76,109.14,42.1,55.8,LEG1,否,否,36.7,0.54,106.96
688266,日线,2026-06-17,87.0,40,C,33.2,105.59,77.87,218.0,38.3,LEG1,否,否,32.3,0.99,76.31
688616,日线,2026-06-17,10.95,40,C,6.62,14.79,12.72,123.4,25.3,LEG1,否,否,16.7,0.93,12.47
688613,日线,2026-06-17,15.09,40,C,11.58,21.7,20.47,87.4,12.2,LEG1,否,否,20.0,0.6,20.06
688597,日线,2026-06-17,7.96,40,C,4.95,9.98,7.7,101.6,45.3,LEG1,否,否,37.6,0.56,7.55
688265,日线,2026-06-17,31.14,40,C,19.42,42.62,37.8,119.5,20.8,LEG1,否,否,19.4,0.87,37.04
688317,日线,2026-06-17,16.34,40,C,12.58,24.5,19.4,94.8,42.8,LEG1,否,否,21.8,0.44,19.01
688315,日线,2026-06-17,12.37,40,C,9.03,15.72,13.7,74.1,30.2,LEG1,否,否,24.7,0.68,13.43
688570,日线,2026-06-17,15.1,40,C,14.4,16.39,16.56,13.8,-8.5,LEG1,否,否,27.3,0.53,16.23
688567,日线,2026-06-17,11.41,40,C,8.28,15.5,12.4,87.2,42.9,LEG1,否,否,39.2,0.63,12.15
688565,日线,2026-06-17,9.94,40,C,3.82,13.58,11.8,255.5,18.2,LEG1,否,否,26.5,0.97,11.56
688561,日线,2026-06-17,24.12,40,C,20.15,31.2,28.52,54.8,24.3,LEG1,否,否,22.0,0.8,27.95
600035,日线,2026-06-17,3.74,40,C,3.4,3.94,3.73,15.9,38.9,READY,否,否,34.1,0.66,3.66
600032,日线,2026-06-17,8.18,40,C,6.0,11.45,9.05,90.8,44.0,LEG1,否,否,23.7,0.67,8.87
600027,日线,2026-06-17,4.96,40,C,4.5,6.08,5.08,35.1,63.3,LEG1,否,否,32.9,0.56,4.98
600025,日线,2026-06-17,9.44,40,C,8.18,10.25,9.2,25.3,50.7,LEG1,否,否,35.7,0.75,9.02
600021,日线,2026-06-17,17.2,40,C,7.21,22.35,17.08,210.0,34.8,LEG1,否,否,36.1,0.49,16.74
600020,日线,2026-06-17,3.85,40,C,3.14,4.14,3.7,31.8,44.0,LEG1,否,否,36.9,0.72,3.63
600017,日线,2026-06-17,2.65,40,C,2.49,2.85,2.72,14.5,36.1,LEG1,否,否,33.5,0.83,2.67
301516,日线,2026-06-17,16.06,40,C,12.53,23.84,17.0,90.3,60.5,LEG1,否,否,39.3,0.71,16.66
301515,日线,2026-06-17,19.44,40,C,15.37,22.8,19.5,48.3,44.4,LEG1,否,否,29.4,0.77,19.11
688296,日线,2026-06-17,12.76,40,C,7.09,16.98,12.93,139.5,41.0,LEG1,否,否,19.6,0.93,12.67
688528,日线,2026-06-17,10.13,40,C,4.81,14.58,9.83,203.1,48.6,LEG1,否,否,26.6,0.6,9.63
688523,日线,2026-06-17,53.2,40,C,14.2,62.39,54.8,339.4,15.8,LEG1,否,否,31.8,0.83,53.7
688522,日线,2026-06-17,20.49,40,C,29.55,35.34,33.08,19.6,39.0,LEG1,否,否,31.3,0.85,32.42
688520,日线,2026-06-17,33.18,40,C,31.07,45.35,40.33,46.0,35.2,LEG1,否,否,26.9,0.68,39.52
600718,日线,2026-06-17,7.81,40,C,6.28,9.44,9.22,50.3,7.0,LEG1,否,否,33.8,0.71,9.04
600708,日线,2026-06-17,2.94,40,C,1.7,4.16,3.2,144.7,39.0,LEG1,否,否,31.1,0.97,3.14
600706,日线,2026-06-17,7.31,40,C,7.74,9.58,9.08,23.8,27.2,LEG1,否,否,18.3,0.86,8.9
301529,日线,2026-06-17,104.55,40,C,20.68,125.6,107.15,507.4,17.6,LEG1,否,否,31.6,0.88,105.01
301525,日线,2026-06-17,49.77,40,C,41.0,77.88,66.74,90.0,30.2,LEG1,否,否,19.1,0.94,65.41
301519,日线,2026-06-17,11.87,40,C,10.47,16.0,13.04,52.8,53.5,LEG1,否,否,22.4,0.8,12.78
688553,日线,2026-06-17,10.91,40,C,9.45,22.09,18.61,133.8,27.5,LEG1,否,否,12.2,0.92,18.24
688339,日线,2026-06-17,20.06,40,C,18.54,28.94,23.42,56.1,53.1,LEG1,否,否,36.8,0.75,22.95
600468,日线,2026-06-17,5.87,40,C,3.62,8.07,7.37,122.9,15.7,LEG1,否,否,35.8,0.94,7.22
600467,日线,2026-06-17,2.17,40,C,1.37,2.38,2.25,73.7,12.9,LEG1,否,否,36.7,0.63,2.21
600463,日线,2026-06-17,8.49,40,C,5.09,11.64,9.3,128.7,35.7,LEG1,否,否,21.8,0.99,9.11
688318,日线,2026-06-17,74.77,40,C,72.13,129.0,101.01,78.8,49.2,LEG1,否,否,30.5,0.8,98.99
600679,日线,2026-06-17,9.21,40,C,7.6,11.48,9.59,51.1,48.7,LEG1,否,否,27.9,0.52,9.4
301600,日线,2026-06-17,92.95,40,C,46.53,120.77,95.68,159.6,33.8,LEG1,否,否,36.0,0.79,93.77
301596,日线,2026-06-17,56.38,40,C,55.5,83.8,71.2,51.0,44.5,LEG1,否,否,25.8,0.95,69.78
301584,日线,2026-06-17,20.83,40,C,24.99,29.03,26.77,16.2,55.9,LEG1,否,否,27.6,0.75,26.23
301578,日线,2026-06-17,21.83,40,C,30.21,36.48,32.24,20.8,67.6,LEG1,否,否,12.6,0.84,31.6
301567,日线,2026-06-17,39.56,40,C,29.77,49.3,39.63,65.6,49.5,LEG1,否,否,36.5,0.73,38.84
301559,日线,2026-06-17,13.3,40,C,13.57,17.21,16.18,26.8,28.3,LEG1,否,否,29.0,0.78,15.86
301550,日线,2026-06-17,99.85,40,C,24.44,128.58,107.07,426.1,20.7,LEG1,否,否,30.6,0.72,104.93
600461,日线,2026-06-17,9.35,40,C,8.31,10.58,9.86,27.3,31.7,LEG1,否,否,34.4,0.89,9.66
600455,日线,2026-06-17,23.39,40,C,12.55,30.18,24.43,140.5,32.6,LEG1,否,否,19.7,0.79,23.94
600452,日线,2026-06-17,10.34,40,C,8.33,14.08,11.11,69.0,51.7,LEG1,否,否,27.7,0.46,10.89
600449,日线,2026-06-17,12.92,40,C,8.93,15.36,12.16,72.0,49.8,LEG1,否,否,39.4,0.43,11.92
600448,日线,2026-06-17,2.75,40,C,1.82,3.7,2.97,103.3,38.8,LEG1,否,否,21.9,0.69,2.91
600446,日线,2026-06-17,11.44,40,C,8.85,14.68,11.88,65.9,48.0,LEG1,否,否,30.6,0.7,11.64
600444,日线,2026-06-17,13.92,40,C,8.31,17.59,15.98,111.7,17.3,LEG1,否,否,24.6,0.98,15.66
600439,日线,2026-06-17,2.2,40,C,1.79,2.88,2.28,60.9,55.0,LEG1,否,否,30.7,0.47,2.23
600702,日线,2026-06-17,38.08,40,C,39.56,45.4,43.68,14.8,29.5,LEG1,否,否,32.3,0.61,42.81
688365,日线,2026-06-17,17.89,40,C,5.23,21.75,17.7,315.9,24.5,LEG1,否,否,37.2,0.62,17.35
688360,日线,2026-06-17,20.77,40,C,10.3,28.0,16.72,171.8,63.7,LEG1,否,否,38.4,0.65,16.39
688355,日线,2026-06-17,18.52,40,C,10.51,24.74,18.55,135.4,43.5,LEG1,否,否,38.9,0.92,18.18
688351,日线,2026-06-17,23.02,40,C,16.14,28.26,21.58,75.1,55.1,READY,否,否,38.5,0.52,21.15
688505,日线,2026-06-17,6.76,40,C,6.11,8.05,7.61,31.8,22.7,LEG1,否,否,31.9,0.79,7.46
688489,日线,2026-06-17,23.5,40,C,20.55,45.36,36.6,120.7,35.3,LEG1,否,否,25.0,0.97,35.87
688488,日线,2026-06-17,12.61,40,C,6.58,20.58,12.19,212.8,59.9,READY,否,否,25.9,0.81,11.95
600699,日线,2026-06-17,24.84,40,C,12.64,33.13,22.68,162.1,51.0,LEG1,否,否,39.5,0.62,22.23
600697,日线,2026-06-17,10.4,40,C,8.9,12.09,11.18,35.8,28.5,LEG1,否,否,25.8,1.0,10.96
600694,日线,2026-06-17,14.28,40,C,13.6,18.73,16.2,37.7,49.3,LEG1,否,否,31.0,0.65,15.88
600693,日线,2026-06-17,8.57,40,C,2.71,11.1,8.86,309.6,26.7,LEG1,否,否,32.1,0.63,8.68
600692,日线,2026-06-17,6.08,40,C,4.34,8.47,7.2,95.2,30.8,LEG1,否,否,22.8,0.92,7.06
600689,日线,2026-06-17,10.87,40,C,6.25,13.78,11.59,120.5,29.1,LEG1,否,否,29.3,0.74,11.36
600683,日线,2026-06-17,12.69,40,C,3.28,21.83,13.88,565.5,42.9,READY,否,否,32.0,0.56,13.6
600681,日线,2026-06-17,3.41,40,C,3.11,3.94,3.64,26.7,36.1,LEG1,否,否,21.9,0.69,3.57
399438,日线,2026-06-17,2225.65,40,C,1690.92,2453.92,2123.37,45.1,43.3,LEG1,否,否,35.4,0.86,2080.9
399373,日线,2026-06-17,7798.23,40,C,6188.53,8113.77,7325.13,31.1,41.0,LEG1,否,否,27.6,0.99,7178.63
399371,日线,2026-06-17,6924.53,40,C,5220.67,7154.98,5919.19,37.1,63.9,LEG1,否,否,34.6,0.91,5800.81
399320,日线,2026-06-17,2103.85,40,C,1830.57,2232.64,2103.32,22.0,32.2,LEG1,否,否,33.7,0.84,2061.25
600650,日线,2026-06-17,10.09,40,C,6.41,13.84,16.16,115.9,-31.2,LEG1,否,否,27.4,0.58,15.84
600644,日线,2026-06-17,9.77,40,C,4.37,12.25,10.58,180.3,21.2,LEG1,否,否,25.9,0.61,10.37
600671,日线,2026-06-17,16.33,40,C,5.85,20.6,12.14,252.1,57.4,LEG1,否,否,36.4,0.99,11.9
600488,日线,2026-06-17,4.6,40,C,3.1,5.81,4.85,87.4,35.4,LEG1,否,否,29.3,0.6,4.75
600482,日线,2026-06-17,31.86,40,C,15.2,41.04,33.8,170.0,28.0,LEG1,否,否,34.9,0.86,33.12
600481,日线,2026-06-17,5.04,40,C,3.46,7.86,6.24,127.2,36.8,LEG1,否,否,38.7,0.65,6.12
600480,日线,2026-06-17,9.84,40,C,7.04,12.4,10.0,76.1,44.8,LEG1,否,否,35.8,0.67,9.8
600479,日线,2026-06-17,9.53,40,C,8.59,10.4,10.09,21.1,17.1,LEG1,否,否,17.1,0.9,9.89
688435,日线,2026-06-17,35.75,40,C,18.64,45.59,37.31,144.6,30.7,READY,否,否,30.7,0.74,36.56
688426,日线,2026-06-17,16.19,40,C,14.02,22.66,19.18,61.6,40.3,LEG1,否,否,23.9,0.67,18.8
688420,日线,2026-06-17,22.2,40,C,17.65,29.87,22.53,69.2,60.1,LEG1,否,否,22.8,0.69,22.08
688395,日线,2026-06-17,24.32,40,C,11.31,33.39,23.23,195.2,46.0,LEG1,否,否,26.9,0.68,22.77
600236,日线,2026-06-17,9.81,40,C,5.21,12.3,10.2,136.1,29.6,LEG1,否,否,36.2,0.84,10.0
600235,日线,2026-06-17,5.37,40,C,3.67,7.29,6.2,98.6,30.1,LEG1,否,否,19.7,0.82,6.08
603331,日线,2026-06-17,11.58,40,C,7.37,13.09,14.13,77.6,-18.2,LEG1,否,否,22.3,0.7,13.85
603329,日线,2026-06-17,9.61,40,C,9.62,11.8,10.1,22.7,78.0,LEG1,否,否,24.4,0.72,9.9
603326,日线,2026-06-17,6.61,40,C,4.9,8.15,8.17,66.3,-0.6,LEG1,否,否,20.7,0.7,8.01
603322,日线,2026-06-17,28.79,40,C,22.0,40.16,30.84,82.5,51.3,LEG1,否,否,34.9,0.56,30.22
603321,日线,2026-06-17,6.18,40,C,4.6,7.87,6.64,71.1,37.6,LEG1,否,否,25.8,0.82,6.51
603317,日线,2026-06-17,13.61,40,C,8.5,17.3,12.98,103.5,49.1,READY,否,否,37.6,0.64,12.72
600233,日线,2026-06-17,16.64,40,C,10.72,22.86,16.45,113.2,52.8,LEG1,否,否,22.9,0.71,16.12
600232,日线,2026-06-17,6.76,40,C,3.21,9.15,6.06,185.0,52.0,LEG1,否,否,25.6,0.72,5.94
600231,日线,2026-06-17,1.83,40,C,1.21,2.07,1.9,71.1,19.8,LEG1,否,否,24.5,0.97,1.86
000016,日线,2026-06-17,2.82,40,C,1.87,3.64,2.93,94.7,40.1,LEG1,否,否,25.8,0.57,2.87
000993,日线,2026-06-17,11.4,40,C,6.89,15.45,12.0,124.2,40.3,LEG1,否,否,28.2,0.59,11.76
000906,日线,2026-06-17,5.43,40,C,4.25,6.6,6.12,55.3,20.4,LEG1,否,否,23.2,0.7,6.0
399322,日线,2026-06-17,9966.48,40,C,7222.25,10539.1,8004.35,45.9,76.4,LEG1,否,否,33.7,0.82,7844.26
600006,日线,2026-06-17,5.66,40,C,4.83,7.04,6.25,45.8,35.7,LEG1,否,否,28.7,0.77,6.12
