代码,周期,最新日期,收盘价,评分,等级,L1,H1,L2,首波涨幅%,回调幅度%,阶段,突破前高,均线多头,RSI,量比,止损价
300145,周线,2026-06-19,5.55,95,S,2.02,5.68,4.16,181.2,41.5,READY,否,是,66.4,1.52,4.08
600578,周线,2026-06-19,8.02,95,S,2.61,5.96,4.78,128.4,35.2,BREAKOUT,是,是,62.5,1.35,4.68
603995,周线,2026-06-19,21.38,95,S,13.46,20.57,16.26,52.8,60.6,BREAKOUT,是,是,66.5,1.48,15.93
000969,周线,2026-06-19,24.65,95,S,6.14,31.12,19.08,406.8,48.2,READY,否,是,66.5,1.63,18.7
301566,周线,2026-06-19,39.86,95,S,11.7,27.25,18.73,132.9,54.8,BREAKOUT,是,是,73.1,1.4,18.36
300252,周线,2026-06-19,18.05,95,S,4.82,18.18,12.22,277.2,44.6,READY,否,是,70.8,1.36,11.98
002057,周线,2026-06-19,11.88,95,S,5.57,11.85,8.66,112.7,50.8,BREAKOUT,是,是,73.8,1.83,8.49
301565,周线,2026-06-19,27.22,95,S,16.24,27.0,22.84,66.3,38.7,LEG1,是,是,63.4,1.67,22.38
688625,周线,2026-06-19,93.65,95,S,26.2,75.88,50.47,189.6,51.1,BREAKOUT,是,是,62.0,1.63,49.46
600403,周线,2026-06-19,6.22,95,S,2.29,7.88,5.43,244.1,43.8,BREAKOUT,否,是,49.3,1.43,5.32
300853,周线,2026-06-19,29.31,95,S,11.09,24.66,17.5,122.4,52.8,BREAKOUT,是,是,46.7,1.87,17.15
002962,周线,2026-06-19,18.5,95,S,8.86,15.95,13.2,80.0,38.8,BREAKOUT,是,是,54.7,1.34,12.94
300976,周线,2026-06-19,89.06,95,S,27.11,68.68,52.6,153.3,38.7,BREAKOUT,是,是,67.9,2.18,51.55
000920,周线,2026-06-19,15.04,95,S,6.33,14.93,10.8,135.9,48.0,BREAKOUT,是,是,73.5,1.98,10.58
600596,周线,2026-06-19,15.99,95,S,6.5,14.04,10.4,116.0,48.3,BREAKOUT,是,是,74.0,1.8,10.19
002167,周线,2026-06-19,14.66,95,S,3.85,16.6,11.53,331.2,39.8,READY,否,是,66.1,1.36,11.3
300321,周线,2026-06-19,45.0,95,S,8.33,47.5,29.0,470.2,47.2,LEG1,否,是,62.6,1.4,28.42
301046,周线,2026-06-19,28.98,95,S,15.95,31.58,23.87,98.0,49.3,READY,否,是,61.9,1.6,23.39
002137,周线,2026-06-19,10.16,95,S,3.78,10.5,7.72,177.8,41.4,READY,否,是,65.0,1.61,7.57
603859,周线,2026-06-19,50.77,95,S,13.28,59.86,35.42,350.8,52.5,READY,否,是,67.1,1.51,34.71
000733,周线,2026-06-19,58.13,95,S,32.18,59.87,41.88,86.0,65.0,READY,否,是,63.9,1.79,41.04
688010,周线,2026-06-19,47.88,95,S,12.85,37.45,26.3,191.4,45.3,BREAKOUT,是,是,69.1,2.29,25.77
603020,周线,2026-06-19,13.89,95,S,5.43,11.88,9.33,118.8,39.5,BREAKOUT,是,是,74.2,2.31,9.14
600459,周线,2026-06-19,26.52,95,S,11.42,28.19,18.04,146.8,60.5,READY,否,是,73.7,1.46,17.68
002072,周线,2026-06-19,9.18,95,S,2.68,8.4,3.72,213.4,81.8,LEG1,是,是,71.7,1.4,3.65
300305,周线,2026-06-19,8.16,95,S,4.36,7.0,5.77,60.6,46.6,BREAKOUT,是,是,74.7,1.56,5.65
603060,周线,2026-06-19,7.28,95,S,5.35,7.29,5.93,36.3,70.1,LEG1,否,是,58.7,1.62,5.81
002106,周线,2026-06-19,14.78,95,S,6.55,12.93,10.03,97.4,45.5,BREAKOUT,是,是,72.6,1.34,9.83
688665,周线,2026-06-19,59.56,95,S,21.91,55.89,41.91,155.1,41.1,BREAKOUT,是,是,73.7,1.32,41.07
301591,周线,2026-06-19,50.87,95,S,27.5,54.78,38.18,99.2,60.9,READY,否,是,73.7,1.48,37.42
301458,周线,2026-06-19,57.79,95,S,24.44,40.1,31.6,64.1,54.3,BREAKOUT,是,是,66.2,1.61,30.97
301418,周线,2026-06-19,50.55,95,S,27.07,41.59,34.37,53.6,49.7,BREAKOUT,是,是,70.6,2.26,33.68
300334,周线,2026-06-19,12.26,95,S,3.91,8.38,6.71,114.3,37.4,BREAKOUT,是,是,72.5,2.92,6.58
301029,周线,2026-06-19,32.43,95,S,16.01,30.8,22.35,92.4,57.1,BREAKOUT,是,是,68.4,1.52,21.9
601609,周线,2026-06-19,12.17,95,S,4.57,12.93,9.01,182.9,46.9,BREAKOUT,否,是,55.1,1.31,8.83
600063,周线,2026-06-19,8.48,95,S,3.07,8.15,6.33,165.5,35.8,BREAKOUT,是,是,66.4,1.49,6.2
688596,周线,2026-06-19,46.8,95,S,23.72,37.34,32.21,57.4,37.7,LEG1,是,是,70.4,1.31,31.57
300031,周线,2026-06-19,28.16,95,S,11.37,26.48,19.21,132.9,48.1,BREAKOUT,是,是,71.1,1.46,18.83
300041,周线,2026-06-19,14.57,95,S,6.77,13.49,9.95,99.3,52.7,BREAKOUT,是,是,69.1,1.37,9.75
688571,周线,2026-06-19,9.19,95,S,4.22,8.32,6.96,97.2,33.2,BREAKOUT,是,是,56.9,1.55,6.82
002421,周线,2026-06-19,3.83,95,S,2.09,3.23,3.03,54.5,17.5,BREAKOUT,是,是,53.2,2.01,2.97
603500,周线,2026-06-19,13.6,95,S,5.2,14.1,10.09,171.2,45.1,READY,否,是,73.9,2.54,9.89
300093,周线,2026-06-19,24.15,95,S,6.22,24.33,15.65,291.2,47.9,LEG1,否,是,68.2,2.18,15.34
301161,周线,2026-06-19,36.5,95,S,11.77,40.98,27.96,248.2,44.6,READY,否,是,64.0,2.09,27.4
603527,周线,2026-06-19,14.73,95,S,6.23,13.12,9.41,110.6,53.8,BREAKOUT,是,是,72.9,1.36,9.22
000151,周线,2026-06-19,13.94,95,S,8.21,13.98,10.5,70.3,60.3,READY,否,是,70.1,1.98,10.29
688207,周线,2026-06-19,21.73,95,S,9.7,19.53,13.35,101.3,62.9,BREAKOUT,是,是,73.1,2.26,13.08
600255,周线,2026-06-19,4.37,95,S,1.35,4.39,3.04,225.2,44.4,BREAKOUT,否,是,64.8,1.54,2.98
600293,周线,2026-06-19,3.88,95,S,2.3,3.99,2.97,73.5,60.4,READY,否,是,63.1,1.44,2.91
002529,周线,2026-06-19,8.24,95,S,4.46,9.15,6.45,105.2,57.6,LEG1,否,是,60.5,1.8,6.32
688257,周线,2026-06-19,101.86,95,S,12.8,84.79,17.83,562.4,93.0,LEG1,是,是,64.7,1.33,17.47
002613,周线,2026-06-19,5.1,95,S,2.8,4.28,3.42,52.9,58.1,BREAKOUT,是,是,65.9,1.99,3.35
603283,周线,2026-06-19,63.06,95,S,30.0,57.69,40.56,92.3,61.9,BREAKOUT,是,是,62.2,1.46,39.75
603203,周线,2026-06-19,62.4,95,S,16.22,41.99,33.9,158.9,31.4,BREAKOUT,是,是,61.6,1.69,33.22
300410,周线,2026-06-19,13.26,95,S,3.78,9.88,7.59,161.4,37.5,BREAKOUT,是,是,74.3,1.42,7.44
301297,周线,2026-06-19,49.2,95,S,14.59,57.54,32.07,294.4,59.3,LEG1,否,是,63.5,1.39,31.43
301303,周线,2026-06-19,18.3,95,S,10.16,17.15,14.03,68.8,44.6,BREAKOUT,是,是,66.5,1.73,13.75
603261,周线,2026-06-19,40.7,95,S,14.57,39.38,21.11,170.3,73.6,LEG1,是,是,72.5,1.33,20.69
002354,周线,2026-06-19,7.03,95,S,2.41,8.51,5.36,253.1,51.6,READY,否,是,57.8,1.9,5.25
603225,周线,2026-06-19,20.6,95,S,9.53,22.77,15.0,138.9,58.7,READY,否,是,66.6,1.36,14.7
002745,周线,2026-06-19,11.43,95,S,5.77,11.05,7.81,91.5,61.4,BREAKOUT,是,是,70.9,1.47,7.65
300481,周线,2026-06-19,19.36,95,S,10.32,19.65,14.93,90.4,50.6,LEG1,否,是,73.0,2.28,14.63
300488,周线,2026-06-19,47.99,95,S,15.7,41.56,25.79,164.7,61.0,BREAKOUT,是,是,74.4,1.45,25.27
603206,周线,2026-06-19,18.12,95,S,10.82,19.16,14.73,77.1,53.1,READY,否,是,57.0,1.42,14.44
002669,周线,2026-06-19,17.38,95,S,6.73,16.35,11.65,142.9,48.9,BREAKOUT,是,是,69.4,1.6,11.42
603681,周线,2026-06-19,26.2,95,S,9.38,24.83,16.42,164.7,54.4,BREAKOUT,是,是,74.7,2.03,16.09
603661,周线,2026-06-19,33.64,95,S,22.9,35.8,28.4,56.3,57.4,READY,否,是,55.6,1.79,27.83
300726,周线,2026-06-19,85.13,95,S,17.75,60.98,40.72,243.5,46.9,BREAKOUT,是,是,73.9,1.83,39.91
600665,周线,2026-06-19,3.62,95,S,2.0,3.72,3.01,86.0,41.3,BREAKOUT,否,是,54.8,1.94,2.95
688720,周线,2026-06-19,84.0,95,S,23.52,91.29,59.35,288.1,47.1,BREAKOUT,否,是,51.0,1.31,58.16
300709,周线,2026-06-19,61.01,95,S,17.53,50.21,35.96,186.4,43.6,BREAKOUT,是,是,73.6,1.71,35.24
301314,周线,2026-06-19,54.33,95,S,22.77,52.68,40.7,131.4,40.1,BREAKOUT,是,是,61.7,1.35,39.89
300737,周线,2026-06-19,8.16,95,S,3.73,8.45,5.61,126.5,60.2,BREAKOUT,否,是,58.4,1.35,5.5
603662,周线,2026-06-19,70.32,95,S,19.38,73.3,52.44,278.2,38.7,READY,否,是,65.1,1.4,51.39
002203,周线,2026-06-19,23.2,95,S,7.42,16.49,12.3,122.2,46.2,BREAKOUT,是,是,71.8,1.79,12.05
300397,周线,2026-06-19,16.09,95,S,5.17,16.0,11.01,209.5,46.1,BREAKOUT,是,是,70.5,1.86,10.79
688301,周线,2026-06-19,120.85,95,S,82.51,131.88,102.2,59.8,60.1,BREAKOUT,否,是,44.4,1.45,100.16
600601,周线,2026-06-19,14.35,95,S,1.93,13.86,9.26,618.1,38.6,BREAKOUT,是,是,74.7,1.32,9.07
603135,周线,2026-06-19,12.74,95,S,7.7,12.39,9.67,60.9,58.0,BREAKOUT,是,是,56.3,1.93,9.48
300538,周线,2026-06-19,18.4,95,S,9.42,17.7,13.57,87.9,49.9,BREAKOUT,是,是,64.4,1.39,13.3
300537,周线,2026-06-19,29.57,95,S,10.21,26.87,20.35,163.2,39.1,BREAKOUT,是,是,66.9,1.47,19.94
000100,周线,2026-06-19,5.12,95,S,3.56,5.23,4.04,46.9,71.3,LEG1,否,是,67.4,1.34,3.96
603488,周线,2026-06-19,13.18,95,S,5.98,13.18,9.0,120.4,58.1,LEG1,否,是,69.7,1.34,8.82
603458,周线,2026-06-19,14.72,95,S,4.36,13.67,9.27,213.5,47.3,BREAKOUT,是,是,69.5,1.52,9.08
603330,周线,2026-06-19,8.05,95,S,4.26,8.53,6.34,100.2,51.3,BREAKOUT,否,是,59.1,1.74,6.21
603399,周线,2026-06-19,19.87,95,S,5.22,25.52,9.55,388.9,78.7,LEG1,否,是,62.5,1.46,9.36
301238,周线,2026-06-19,26.45,95,S,11.43,22.97,18.3,101.0,40.5,BREAKOUT,是,是,66.7,1.64,17.93
605018,周线,2026-06-19,15.48,95,S,6.31,12.9,10.03,104.4,43.6,BREAKOUT,是,是,63.4,1.32,9.83
001259,周线,2026-06-19,68.95,95,S,18.03,37.97,29.64,110.6,41.8,BREAKOUT,是,是,69.9,1.49,29.05
688200,周线,2026-06-19,363.82,95,S,66.28,319.66,162.92,382.3,61.9,LEG1,是,是,53.4,1.41,159.66
688237,周线,2026-06-19,57.53,90,S,15.02,58.25,45.65,287.8,29.1,LEG1,否,是,65.0,1.81,44.74
688388,周线,2026-06-19,47.45,90,S,8.15,49.7,35.05,509.8,35.3,BREAKOUT,否,是,50.4,1.55,34.35
002976,周线,2026-06-19,28.67,90,S,15.65,31.34,24.24,100.3,45.3,BREAKOUT,否,是,42.5,2.22,23.76
000727,周线,2026-06-19,2.95,90,S,1.84,2.92,2.48,58.7,40.7,BREAKOUT,是,是,56.7,1.48,2.43
688659,周线,2026-06-19,10.76,90,S,4.86,12.59,8.74,159.1,49.8,LEG1,否,是,52.3,1.35,8.57
300005,周线,2026-06-19,17.39,90,S,3.54,12.01,8.11,239.3,46.0,LEG1,是,是,66.1,1.62,7.95
603519,周线,2026-06-19,14.88,90,S,8.71,14.85,11.38,70.5,56.5,LEG1,是,是,66.5,1.9,11.15
301276,周线,2026-06-19,26.06,90,S,15.88,30.98,19.85,95.1,73.7,LEG1,否,是,53.3,3.17,19.45
688120,周线,2026-06-19,222.31,90,S,104.4,202.0,159.69,93.5,43.4,BREAKOUT,是,是,52.8,1.55,156.5
600392,周线,2026-06-19,28.78,90,S,6.92,27.96,20.9,304.0,33.6,BREAKOUT,是,是,65.0,1.47,20.48
300727,周线,2026-06-19,38.13,90,S,14.5,39.2,29.1,170.3,40.9,READY,否,是,63.1,1.4,28.52
301328,周线,2026-06-19,63.22,90,S,26.41,57.0,44.18,115.8,41.9,BREAKOUT,是,是,53.0,1.36,43.3
603159,周线,2026-06-12,26.0,90,S,8.73,29.8,22.88,241.4,32.8,READY,否,是,48.6,1.95,22.42
688478,周线,2026-06-19,67.03,87,S,21.02,79.9,32.12,280.1,81.1,LEG1,否,是,68.2,1.11,31.48
300373,周线,2026-06-19,114.1,87,S,33.2,93.68,66.2,182.2,45.4,BREAKOUT,是,是,74.8,1.02,64.88
301020,周线,2026-06-19,25.65,87,S,11.09,24.11,19.2,117.4,37.7,BREAKOUT,是,是,55.5,1.2,18.82
301041,周线,2026-06-19,36.06,87,S,12.34,36.86,24.6,198.7,50.0,LEG1,否,是,72.7,1.01,24.11
600962,周线,2026-06-19,25.51,87,S,7.52,25.89,17.96,244.3,43.2,BREAKOUT,否,是,63.0,1.19,17.6
600961,周线,2026-06-19,26.7,87,S,6.61,32.32,15.96,389.0,63.6,LEG1,否,是,58.3,1.17,15.64
603813,周线,2026-06-19,38.25,87,S,7.5,40.48,21.72,439.7,56.9,LEG1,否,是,60.4,1.01,21.29
002927,周线,2026-06-19,21.82,87,S,7.67,25.71,16.24,235.2,52.5,READY,否,是,58.0,1.19,15.92
002056,周线,2026-06-19,26.32,87,S,10.81,25.84,17.77,139.0,53.7,BREAKOUT,是,是,62.7,1.14,17.41
300863,周线,2026-06-19,68.85,87,S,28.91,63.57,47.32,119.9,46.9,BREAKOUT,是,是,57.1,1.2,46.37
300292,周线,2026-06-19,6.47,87,S,2.21,7.34,4.42,232.1,56.9,LEG1,否,是,63.1,1.26,4.33
300931,周线,2026-06-19,16.77,87,S,3.79,17.94,9.06,373.4,62.8,LEG1,否,是,65.9,1.1,8.88
300930,周线,2026-06-19,33.35,87,S,12.09,34.91,26.4,188.8,37.3,BREAKOUT,否,是,51.5,1.06,25.87
601137,周线,2026-06-19,26.01,87,S,11.65,23.88,17.33,105.0,53.6,BREAKOUT,是,是,71.3,1.16,16.98
688502,周线,2026-06-19,518.94,87,S,70.1,451.0,286.1,543.4,43.3,BREAKOUT,是,是,65.1,1.23,280.38
300225,周线,2026-06-19,9.21,87,S,3.0,6.47,4.85,115.7,46.7,BREAKOUT,是,是,68.1,1.15,4.75
300162,周线,2026-06-19,11.56,87,S,3.6,10.44,7.72,190.0,39.8,BREAKOUT,是,是,74.3,1.1,7.57
301439,周线,2026-06-19,17.22,87,S,9.46,18.48,15.02,95.3,38.4,BREAKOUT,否,是,49.8,1.26,14.72
301387,周线,2026-06-19,108.51,87,S,25.6,69.0,47.65,169.5,49.2,BREAKOUT,是,是,71.1,1.2,46.7
301392,周线,2026-06-19,202.0,87,S,38.31,158.86,102.44,314.7,46.8,BREAKOUT,是,是,69.0,1.05,100.39
688396,周线,2026-06-19,73.78,87,S,33.06,70.9,45.36,114.5,67.5,LEG1,是,是,74.4,1.06,44.45
688378,周线,2026-06-19,55.33,87,S,13.16,42.4,31.8,222.2,36.3,BREAKOUT,是,是,65.1,1.2,31.16
688419,周线,2026-06-19,67.6,87,S,15.91,52.98,39.08,233.0,37.5,BREAKOUT,是,是,70.6,1.29,38.3
603070,周线,2026-06-19,18.15,87,S,9.7,18.71,13.6,92.9,56.7,LEG1,否,是,64.2,1.01,13.33
002935,周线,2026-06-19,22.15,87,S,10.27,23.5,17.17,128.8,47.8,LEG1,否,是,60.4,1.03,16.83
002965,周线,2026-06-19,42.5,87,S,22.91,43.58,35.43,90.2,39.4,LEG1,否,否,70.1,1.5,34.72
603032,周线,2026-06-19,25.72,87,S,10.32,21.1,16.65,104.5,41.3,BREAKOUT,是,是,63.2,1.08,16.32
603931,周线,2026-06-19,57.39,87,S,16.72,40.0,25.94,139.2,60.4,BREAKOUT,是,是,69.9,1.12,25.42
300959,周线,2026-06-19,156.85,87,S,18.67,159.0,71.11,751.6,62.6,BREAKOUT,否,是,58.8,1.06,69.69
000831,周线,2026-06-19,59.09,87,S,20.26,65.94,44.98,225.5,45.9,READY,否,是,64.2,1.26,44.08
002051,周线,2026-06-19,12.5,87,S,6.25,12.68,8.01,102.9,72.6,LEG1,否,是,65.0,1.3,7.85
000887,周线,2026-06-19,22.1,87,S,8.57,24.25,17.19,183.0,45.0,READY,否,是,63.5,1.17,16.85
300222,周线,2026-06-19,14.12,87,S,3.92,13.71,10.2,249.7,35.9,BREAKOUT,是,是,55.8,1.12,10.0
600584,周线,2026-06-19,81.76,87,S,19.95,54.63,38.02,173.8,47.9,BREAKOUT,是,是,73.8,1.03,37.26
688633,周线,2026-06-19,31.2,87,S,16.78,39.73,21.65,136.8,78.8,LEG1,否,是,52.7,1.19,21.22
688469,周线,2026-06-19,8.6,87,S,3.33,8.55,6.15,156.8,46.0,BREAKOUT,是,是,71.0,1.03,6.03
688006,周线,2026-06-19,37.78,87,S,13.72,35.02,24.11,155.2,51.2,BREAKOUT,是,是,62.9,1.19,23.63
605588,周线,2026-06-19,63.05,87,S,29.39,62.6,47.8,113.0,44.6,BREAKOUT,是,是,64.5,1.28,46.84
000783,周线,2026-06-19,8.05,87,S,4.47,9.24,6.75,106.7,52.2,LEG1,否,是,55.4,1.17,6.62
300307,周线,2026-06-19,7.94,87,S,3.79,7.99,6.18,110.8,43.1,BREAKOUT,否,否,64.0,3.02,6.06
300346,周线,2026-06-19,65.33,87,S,16.96,65.04,43.58,283.5,44.6,BREAKOUT,是,是,73.8,1.04,42.71
603267,周线,2026-06-19,75.0,87,S,28.31,68.58,46.71,142.2,54.3,BREAKOUT,是,是,66.7,1.22,45.78
002579,周线,2026-06-19,18.47,87,S,4.89,13.45,10.62,175.1,33.1,BREAKOUT,是,是,67.7,1.14,10.41
300508,周线,2026-06-19,56.57,87,S,13.73,49.28,31.9,258.9,48.9,BREAKOUT,是,是,72.0,1.02,31.26
300599,周线,2026-06-19,12.58,87,S,4.26,11.7,8.64,174.6,41.1,BREAKOUT,是,是,56.6,1.07,8.47
300607,周线,2026-06-19,37.56,87,S,8.73,34.81,24.02,298.7,41.4,BREAKOUT,是,是,74.3,1.28,23.54
301132,周线,2026-06-19,44.48,87,S,14.1,43.63,31.8,209.4,40.1,BREAKOUT,是,是,63.5,1.22,31.16
002348,周线,2026-06-19,12.58,87,S,2.15,7.27,3.61,238.1,71.5,LEG1,是,是,58.2,1.12,3.54
002301,周线,2026-06-19,7.9,87,S,4.33,8.86,6.49,104.6,52.3,READY,否,是,58.2,1.17,6.36
002297,周线,2026-06-19,25.78,87,S,4.5,14.66,10.09,225.8,45.0,BREAKOUT,是,是,69.8,1.08,9.89
600360,周线,2026-06-19,12.18,87,S,2.33,9.75,7.85,318.5,25.6,BREAKOUT,是,是,63.1,1.29,7.69
600707,周线,2026-06-19,12.66,87,S,5.05,7.2,6.05,42.6,53.5,LEG1,是,是,70.1,1.18,5.93
002805,周线,2026-06-19,24.44,87,S,8.6,27.3,15.6,217.4,62.6,LEG1,否,是,68.3,1.04,15.29
300522,周线,2026-06-19,16.01,87,S,6.7,14.28,10.5,113.1,49.9,BREAKOUT,是,否,72.3,2.59,10.29
600237,周线,2026-06-19,12.56,87,S,3.98,11.25,7.97,182.7,45.1,BREAKOUT,是,是,66.3,1.11,7.81
000630,周线,2026-06-19,7.56,87,S,2.81,9.19,5.54,227.0,57.2,READY,否,是,66.3,1.25,5.43
002806,周线,2026-06-19,20.78,87,S,5.51,17.37,12.35,215.2,42.3,BREAKOUT,是,是,71.1,1.25,12.1
300429,周线,2026-06-19,16.05,87,S,6.24,17.98,11.96,188.1,51.3,READY,否,是,65.7,1.05,11.72
600114,周线,2026-06-19,43.24,87,S,10.4,37.22,25.66,257.9,43.1,BREAKOUT,是,是,73.7,1.1,25.15
688689,周线,2026-06-12,46.82,87,S,13.21,39.97,30.47,202.6,35.5,BREAKOUT,是,是,73.6,1.0,29.86
301369,周线,2026-06-19,208.78,87,S,29.21,148.0,41.21,406.7,89.9,LEG1,是,是,58.2,1.03,40.39
688686,周线,2026-06-19,157.49,87,S,42.76,138.38,85.89,223.6,54.9,BREAKOUT,是,是,68.2,1.27,84.17
688671,周线,2026-06-19,25.65,87,S,13.81,30.96,20.22,124.2,62.6,READY,否,是,58.5,1.16,19.82
002845,周线,2026-06-19,16.15,87,S,10.09,16.07,12.88,59.3,53.3,BREAKOUT,是,是,60.6,1.11,12.62
300769,周线,2026-06-19,68.58,87,S,22.23,88.3,38.97,297.2,74.7,LEG1,否,是,62.5,1.05,38.19
301349,周线,2026-06-19,63.96,87,S,21.33,67.8,43.08,217.9,53.2,READY,否,是,60.3,1.05,42.22
603726,周线,2026-06-19,29.08,87,S,7.97,28.49,21.6,257.5,33.6,BREAKOUT,是,是,64.9,1.06,21.17
300715,周线,2026-06-19,19.91,87,S,5.67,15.25,10.16,169.0,53.1,BREAKOUT,是,是,59.6,1.29,9.96
688079,周线,2026-06-19,31.94,87,S,5.66,14.23,11.48,151.4,32.1,BREAKOUT,是,是,69.9,1.2,11.25
603650,周线,2026-06-19,67.82,87,S,20.4,64.77,47.08,217.5,39.9,BREAKOUT,是,是,73.9,1.16,46.14
688721,周线,2026-06-19,54.28,87,S,24.72,52.47,36.56,112.3,57.3,BREAKOUT,是,否,70.7,1.74,35.83
688069,周线,2026-06-19,40.65,87,S,12.36,25.29,20.63,104.6,36.0,BREAKOUT,是,是,44.0,1.04,20.22
603270,周线,2026-06-19,30.2,87,S,15.51,28.66,22.87,84.8,44.0,BREAKOUT,是,是,60.8,1.14,22.41
688183,周线,2026-06-19,141.07,87,S,5.58,122.0,73.99,2086.4,41.2,BREAKOUT,是,是,70.4,1.2,72.51
300568,周线,2026-06-19,20.3,87,S,6.73,18.72,13.15,178.2,46.5,BREAKOUT,是,是,70.7,1.08,12.89
688187,周线,2026-06-19,58.62,87,S,30.25,62.14,47.51,105.4,45.9,READY,否,是,59.5,1.03,46.56
688199,周线,2026-06-19,30.44,87,S,11.05,32.97,22.16,198.4,49.3,READY,否,是,64.8,1.06,21.72
688234,周线,2026-06-19,149.66,87,S,40.88,116.36,71.8,184.6,59.0,BREAKOUT,是,是,66.5,1.09,70.36
600301,周线,2026-06-19,66.41,87,S,8.67,77.77,44.78,797.0,47.7,READY,否,是,70.6,1.11,43.88
600322,周线,2026-06-19,2.42,87,S,1.16,2.93,2.18,152.6,42.4,LEG1,否,是,44.3,1.05,2.14
002522,周线,2026-06-19,7.22,87,S,2.86,7.82,5.04,173.4,56.0,LEG1,否,是,62.6,1.12,4.94
300554,周线,2026-06-19,30.48,87,S,12.3,27.68,20.86,125.0,44.3,BREAKOUT,是,是,72.7,1.27,20.44
600265,周线,2026-06-19,22.1,87,S,12.34,21.79,18.61,76.6,33.7,BREAKOUT,是,是,49.1,1.29,18.24
688261,周线,2026-06-19,95.5,87,S,28.0,114.5,66.87,308.9,55.1,READY,否,是,62.4,1.16,65.53
002608,周线,2026-06-19,8.75,87,S,6.44,8.91,7.51,38.4,56.7,BREAKOUT,否,是,55.1,1.02,7.36
002617,周线,2026-06-19,9.13,87,S,4.31,9.99,7.06,131.8,51.6,READY,否,是,60.6,1.03,6.92
002446,周线,2026-06-19,11.7,87,S,4.49,14.67,9.06,226.7,55.1,READY,否,是,67.4,1.04,8.88
603328,周线,2026-06-19,15.12,87,S,5.13,14.72,10.72,186.9,41.7,BREAKOUT,是,是,71.9,1.23,10.51
688550,周线,2026-06-19,48.53,87,S,18.23,53.0,37.01,190.7,46.0,READY,否,是,59.8,1.08,36.27
688551,周线,2026-06-19,77.2,87,S,23.08,49.95,34.75,116.4,56.6,BREAKOUT,是,是,72.6,1.01,34.05
688511,周线,2026-06-19,29.3,87,S,9.4,32.87,19.72,249.7,56.0,READY,否,是,63.5,1.22,19.33
300593,周线,2026-06-19,37.66,87,S,7.7,37.99,22.35,393.4,51.6,READY,否,是,73.5,1.0,21.9
688182,周线,2026-06-19,41.31,87,S,8.51,36.99,25.05,334.7,41.9,BREAKOUT,是,是,72.5,1.14,24.55
002457,周线,2026-06-19,13.48,87,S,5.81,15.04,10.44,158.9,49.8,READY,否,是,65.1,1.18,10.23
688216,周线,2026-06-19,38.37,87,S,11.03,35.6,25.77,222.8,40.0,BREAKOUT,是,是,69.2,1.08,25.25
000519,周线,2026-06-19,19.98,87,S,9.7,21.8,15.58,124.7,51.4,READY,否,是,66.3,1.14,15.27
002407,周线,2026-06-19,38.47,87,S,9.3,41.99,24.73,351.5,52.8,BREAKOUT,否,是,58.9,1.2,24.24
003013,周线,2026-06-19,16.06,87,S,11.68,15.24,13.85,30.5,39.0,BREAKOUT,是,否,74.0,1.3,13.57
003019,周线,2026-06-19,35.02,87,S,14.63,35.69,28.55,144.0,33.9,BREAKOUT,否,是,50.0,1.05,27.98
688559,周线,2026-06-19,73.0,87,S,21.5,68.94,47.5,220.7,45.2,BREAKOUT,是,是,65.0,1.15,46.55
002989,周线,2026-06-19,33.97,87,S,9.14,33.6,23.2,267.6,42.5,BREAKOUT,是,是,63.7,1.25,22.74
300197,周线,2026-06-19,2.31,87,S,1.09,2.08,1.54,90.8,54.5,BREAKOUT,是,否,68.3,1.67,1.51
601678,周线,2026-06-19,6.13,87,S,3.04,5.95,4.6,95.7,46.4,BREAKOUT,是,是,64.4,1.08,4.51
600060,周线,2026-06-19,25.66,87,S,14.28,26.68,20.8,86.8,47.4,BREAKOUT,否,是,55.0,1.2,20.38
688598,周线,2026-06-19,49.79,85,S,14.64,33.6,27.35,129.5,33.0,BREAKOUT,是,是,84.6,2.17,26.8
001211,周线,2026-06-19,32.49,85,S,11.44,30.86,24.99,169.8,30.2,BREAKOUT,是,是,42.6,1.41,24.49
300196,周线,2026-06-19,31.9,85,S,7.49,23.1,15.96,208.4,45.7,BREAKOUT,是,是,85.5,1.37,15.64
688545,周线,2026-06-19,114.0,85,S,24.2,63.64,43.24,163.0,51.7,BREAKOUT,是,是,81.2,1.45,42.38
605020,周线,2026-06-19,37.1,85,S,14.43,30.96,23.27,114.6,46.5,BREAKOUT,是,是,79.8,1.49,22.8
300174,周线,2026-06-19,27.97,85,S,10.89,18.0,15.43,65.3,36.1,BREAKOUT,是,是,75.2,1.58,15.12
603976,周线,2026-06-19,27.7,85,S,11.31,21.4,17.46,89.2,39.0,BREAKOUT,是,是,78.1,2.04,17.11
300088,周线,2026-06-19,10.57,85,S,3.9,8.17,5.79,109.5,55.7,BREAKOUT,是,是,76.5,1.47,5.67
688549,周线,2026-06-19,33.96,85,S,4.96,11.18,8.35,125.4,45.5,BREAKOUT,是,是,91.4,1.42,8.18
688584,周线,2026-06-19,30.42,85,S,12.63,26.77,18.14,112.0,61.0,BREAKOUT,是,是,80.6,1.45,17.78
300586,周线,2026-06-19,14.72,85,S,4.37,12.23,8.55,179.9,46.8,BREAKOUT,是,是,78.2,1.64,8.38
301150,周线,2026-06-19,61.01,85,S,15.61,83.94,38.4,437.7,66.6,LEG1,否,是,50.0,1.84,37.63
603379,周线,2026-06-19,68.95,85,S,25.8,66.57,60.0,158.0,16.1,BREAKOUT,是,是,65.9,1.32,58.8
603335,周线,2026-06-19,8.49,85,S,3.11,6.75,5.18,117.0,43.1,BREAKOUT,是,是,75.4,2.04,5.08
300566,周线,2026-06-19,35.1,85,S,9.63,21.1,17.25,119.1,33.6,BREAKOUT,是,是,92.8,2.1,16.91
688126,周线,2026-06-19,32.4,85,S,12.22,25.0,20.0,104.6,39.1,BREAKOUT,是,是,88.5,1.7,19.6
002409,周线,2026-06-19,147.92,85,S,33.24,100.94,76.25,203.7,36.5,BREAKOUT,是,是,83.5,1.32,74.72
688163,周线,2026-06-19,47.68,85,S,10.98,27.77,21.88,152.9,35.1,BREAKOUT,是,是,80.4,1.5,21.44
002515,周线,2026-06-19,9.47,85,S,3.65,7.46,5.37,104.4,54.9,BREAKOUT,是,是,78.5,1.7,5.26
688786,周线,2026-06-19,47.09,85,S,18.35,39.1,28.52,113.1,51.0,BREAKOUT,是,是,75.9,1.97,27.95
603324,周线,2026-06-19,39.18,85,S,18.3,28.31,22.61,54.7,56.9,BREAKOUT,是,是,78.3,1.82,22.16
002674,周线,2026-06-19,16.27,85,S,7.72,15.88,11.78,105.7,50.2,BREAKOUT,是,是,76.2,1.74,11.54
002747,周线,2026-06-19,33.18,85,S,11.32,26.47,19.21,133.8,47.9,BREAKOUT,是,是,81.9,1.62,18.83
300506,周线,2026-06-19,4.86,85,S,1.18,5.58,3.79,372.9,40.7,LEG1,否,是,51.8,2.0,3.71
603303,周线,2026-06-19,30.97,85,S,8.33,15.88,13.03,90.6,37.7,BREAKOUT,是,是,80.3,1.58,12.77
300666,周线,2026-06-19,301.57,85,S,33.44,167.81,124.71,401.8,32.1,BREAKOUT,是,是,90.9,1.4,122.22
688138,周线,2026-06-19,40.93,85,S,11.91,33.3,25.3,179.6,37.4,BREAKOUT,是,是,80.7,2.08,24.79
002735,周线,2026-06-19,20.58,85,S,6.69,24.0,13.91,258.7,58.3,READY,否,是,75.5,1.5,13.63
603608,周线,2026-06-19,26.08,85,S,2.15,12.85,9.21,497.7,34.0,BREAKOUT,是,是,91.6,1.37,9.03
002768,周线,2026-06-19,78.36,85,S,15.85,60.98,44.22,284.7,37.1,BREAKOUT,是,是,87.0,1.84,43.34
301323,周线,2026-06-19,103.08,85,S,20.7,62.6,46.6,202.4,38.2,BREAKOUT,是,是,85.7,1.65,45.67
301313,周线,2026-06-19,62.11,85,S,15.71,37.2,28.05,136.8,42.6,BREAKOUT,是,是,93.8,1.87,27.49
688719,周线,2026-06-19,92.16,85,S,20.04,59.8,36.18,198.4,59.4,BREAKOUT,是,是,87.9,1.34,35.46
688711,周线,2026-06-19,39.34,85,S,11.72,36.68,25.37,213.0,45.3,BREAKOUT,是,是,80.3,1.36,24.86
603155,周线,2026-06-19,24.86,85,S,10.0,22.16,14.74,121.6,61.0,BREAKOUT,是,是,78.8,1.75,14.45
300420,周线,2026-06-19,6.47,85,S,1.87,4.55,3.42,143.3,42.2,BREAKOUT,是,是,90.5,1.63,3.35
300408,周线,2026-06-19,155.46,85,S,24.0,68.86,50.7,186.9,40.5,BREAKOUT,是,是,88.7,1.37,49.69
301072,周线,2026-06-19,37.99,85,S,11.71,25.56,20.07,118.3,39.6,BREAKOUT,是,是,82.5,1.77,19.67
600226,周线,2026-06-19,8.87,85,S,1.82,6.58,4.44,261.5,45.0,BREAKOUT,是,是,89.9,1.84,4.35
300802,周线,2026-06-19,27.03,85,S,12.41,23.33,17.31,88.0,55.1,BREAKOUT,是,是,77.2,1.64,16.96
000608,周线,2026-06-19,6.9,85,S,1.29,4.4,3.46,241.1,30.2,BREAKOUT,是,是,87.9,1.34,3.39
002815,周线,2026-06-19,20.14,85,S,6.33,16.54,13.35,161.3,31.2,BREAKOUT,是,是,76.9,1.38,13.08
688371,周线,2026-06-19,42.88,85,S,8.44,22.22,17.8,163.3,32.1,BREAKOUT,是,是,78.1,1.67,17.44
600206,周线,2026-06-19,39.79,85,S,8.07,26.58,18.81,229.4,42.0,BREAKOUT,是,是,86.4,1.38,18.43
688733,周线,2026-06-19,42.67,85,S,12.0,34.51,24.91,187.6,42.6,BREAKOUT,是,是,82.2,1.6,24.41
600378,周线,2026-06-19,63.8,85,S,23.51,40.33,29.7,71.5,63.2,BREAKOUT,是,是,90.9,2.93,29.11
688056,周线,2026-06-19,66.57,85,S,17.71,40.5,31.01,128.7,41.6,BREAKOUT,是,是,86.6,2.42,30.39
300706,周线,2026-06-19,76.87,85,S,13.75,47.99,30.55,249.0,50.9,BREAKOUT,是,是,89.2,1.54,29.94
603730,周线,2026-06-19,13.0,85,S,5.45,11.69,8.13,114.5,57.1,BREAKOUT,是,是,77.4,1.62,7.97
603733,周线,2026-06-19,29.12,85,S,11.31,25.49,21.55,125.4,27.8,BREAKOUT,是,是,80.3,2.46,21.12
002254,周线,2026-06-19,18.58,85,S,7.72,14.11,9.2,82.8,76.8,LEG1,是,是,75.7,1.61,9.02
002171,周线,2026-06-19,15.0,85,S,5.26,15.9,10.36,202.3,52.1,READY,否,是,77.7,2.16,10.15
000725,周线,2026-06-19,6.71,85,S,3.59,4.73,3.79,31.8,82.5,LEG1,是,是,75.4,1.67,3.71
600888,周线,2026-06-19,12.3,85,S,6.06,10.15,7.73,67.5,59.2,BREAKOUT,是,是,77.2,1.38,7.58
002849,周线,2026-06-19,17.74,85,S,8.78,19.78,14.59,125.3,47.2,LEG1,否,是,55.8,1.4,14.3
002859,周线,2026-06-19,90.66,85,S,15.45,33.86,27.45,119.2,34.8,BREAKOUT,是,是,78.4,1.33,26.9
600228,周线,2026-06-19,8.92,85,S,2.95,6.4,4.91,116.9,43.2,BREAKOUT,是,是,83.4,2.04,4.81
002937,周线,2026-06-19,40.71,85,S,13.88,20.19,17.62,45.5,40.7,BREAKOUT,是,是,79.8,1.45,17.27
603065,周线,2026-06-19,14.81,85,S,6.53,10.0,7.97,53.1,58.5,BREAKOUT,是,是,88.6,4.85,7.81
300825,周线,2026-06-19,16.81,85,S,6.8,11.55,9.0,69.9,53.7,BREAKOUT,是,是,91.9,1.86,8.82
600160,周线,2026-06-19,47.7,85,S,14.25,43.92,32.57,208.2,38.3,BREAKOUT,是,是,78.0,1.89,31.92
688323,周线,2026-06-19,60.3,85,S,9.06,31.09,19.09,243.2,54.5,BREAKOUT,是,是,81.6,1.3,18.71
688019,周线,2026-06-19,245.62,85,S,96.28,308.0,218.7,219.9,42.2,BREAKOUT,否,是,45.3,1.36,214.33
000691,周线,2026-06-19,11.58,85,S,2.21,13.03,7.11,489.6,54.7,READY,否,是,82.5,1.91,6.97
603823,周线,2026-06-19,46.88,85,S,5.86,20.18,14.66,244.4,38.5,BREAKOUT,是,是,96.5,1.51,14.37
688386,周线,2026-06-19,95.4,85,S,22.8,103.18,71.8,352.5,39.0,READY,否,是,61.9,1.39,70.36
600909,周线,2026-06-19,8.79,85,S,3.93,7.85,5.42,99.7,62.0,BREAKOUT,是,是,87.1,1.91,5.31
301366,周线,2026-06-19,58.2,85,S,17.2,40.0,29.83,132.6,44.6,BREAKOUT,是,是,82.1,2.01,29.23
688669,周线,2026-06-19,62.46,85,S,9.17,30.79,24.3,235.8,30.0,BREAKOUT,是,是,94.9,1.35,23.81
601958,周线,2026-06-19,28.47,85,S,8.1,27.65,17.47,241.4,52.1,BREAKOUT,是,是,78.1,2.53,17.12
002955,周线,2026-06-19,33.84,85,S,17.8,31.39,23.65,76.3,57.0,BREAKOUT,是,是,79.7,2.11,23.18
001359,周线,2026-06-19,129.15,85,S,18.35,85.44,46.3,365.6,58.3,LEG1,是,是,82.6,1.56,45.37
002058,周线,2026-06-19,23.54,85,S,6.6,25.47,19.07,285.9,33.9,BREAKOUT,否,是,46.8,1.57,18.69
605198,周线,2026-06-19,86.1,85,S,14.98,47.9,35.4,219.8,38.0,BREAKOUT,是,是,83.8,2.56,34.69
605186,周线,2026-06-19,32.85,85,S,16.34,24.34,18.93,49.0,67.6,BREAKOUT,是,是,80.4,1.77,18.55
000823,周线,2026-06-19,22.11,85,S,5.69,16.8,12.6,195.3,37.8,BREAKOUT,是,是,80.8,1.39,12.35
600500,周线,2026-06-19,9.2,85,S,3.32,5.03,4.13,51.5,52.6,BREAKOUT,是,是,84.5,3.07,4.05
688484,周线,2026-06-19,53.9,85,S,22.1,48.21,33.63,118.1,55.8,BREAKOUT,是,是,76.5,1.95,32.96
600573,周线,2026-06-19,11.68,85,S,7.49,14.5,10.83,93.6,52.4,LEG1,否,是,40.3,1.34,10.61
003026,周线,2026-06-19,36.52,85,S,19.2,54.06,28.87,181.6,72.3,LEG1,否,是,45.5,1.81,28.29
003025,周线,2026-06-19,16.6,85,S,8.47,15.6,12.81,84.2,39.1,BREAKOUT,是,是,75.2,2.37,12.55
688398,周线,2026-06-19,25.43,85,S,11.32,35.44,16.66,213.1,77.9,LEG1,否,是,40.2,1.37,16.33
688662,周线,2026-06-19,136.0,85,S,15.25,73.8,51.33,383.9,38.4,BREAKOUT,是,是,75.5,1.75,50.3
301536,周线,2026-06-19,110.06,85,S,27.65,86.66,66.88,213.4,33.5,BREAKOUT,是,是,78.4,1.35,65.54
600162,周线,2026-06-19,3.25,85,S,1.27,1.98,1.67,55.9,43.7,BREAKOUT,是,是,76.5,2.16,1.64
688456,周线,2026-06-19,159.62,85,S,16.33,81.82,49.45,401.0,49.4,BREAKOUT,是,是,90.5,1.55,48.46
301013,周线,2026-06-19,65.32,85,S,6.85,32.32,20.35,371.8,47.0,BREAKOUT,是,是,85.2,1.58,19.94
600458,周线,2026-06-19,17.08,85,S,6.91,15.5,11.18,124.3,50.3,BREAKOUT,是,是,81.0,2.61,10.96
600460,周线,2026-06-19,40.83,85,S,15.74,34.98,24.7,122.2,53.4,BREAKOUT,是,是,79.6,1.6,24.21
688432,周线,2026-06-19,26.26,85,S,7.45,18.13,13.25,143.4,45.7,BREAKOUT,是,是,90.5,1.97,12.98
605589,周线,2026-06-19,66.4,85,S,15.48,34.94,28.83,125.7,31.4,BREAKOUT,是,是,95.7,1.37,28.25
300319,周线,2026-06-19,23.13,85,S,5.69,15.47,10.88,171.9,46.9,BREAKOUT,是,是,78.0,1.69,10.66
300221,周线,2026-06-19,17.51,85,S,3.28,13.09,9.17,299.1,40.0,BREAKOUT,是,是,90.1,1.45,8.99
605358,周线,2026-06-19,70.95,85,S,17.22,46.96,32.0,172.7,50.3,BREAKOUT,是,是,90.2,1.62,31.36
002125,周线,2026-06-19,19.11,85,S,6.3,15.75,12.35,150.0,36.0,BREAKOUT,是,是,80.8,1.93,12.1
002972,周线,2026-06-19,16.56,85,S,5.77,13.69,10.55,137.3,39.6,LEG1,是,是,79.3,2.63,10.34
002119,周线,2026-06-19,33.17,85,S,7.58,27.88,19.1,267.8,43.3,BREAKOUT,是,是,83.7,1.3,18.72
002971,周线,2026-06-19,61.25,85,S,14.15,34.68,27.2,145.1,36.4,BREAKOUT,是,是,82.4,2.59,26.66
300285,周线,2026-06-19,78.5,85,S,14.07,41.73,29.65,196.6,43.7,BREAKOUT,是,是,81.7,1.59,29.06
300263,周线,2026-06-19,16.63,85,S,4.5,12.56,9.19,179.1,41.8,BREAKOUT,是,是,78.5,1.7,9.01
301528,周线,2026-06-19,92.88,85,S,33.15,76.05,54.32,129.4,50.7,BREAKOUT,是,是,75.1,1.5,53.23
688507,周线,2026-06-19,243.99,85,S,38.21,133.0,80.41,248.1,55.5,BREAKOUT,是,是,91.2,1.45,78.8
601233,周线,2026-06-19,21.63,82,S,9.63,24.45,16.36,153.9,54.6,LEG1,否,是,56.0,1.14,16.03
688600,周线,2026-06-19,29.77,82,S,10.7,31.0,22.47,189.7,42.0,LEG1,否,是,64.2,1.08,22.02
300811,周线,2026-06-19,97.65,82,S,36.2,93.4,72.0,158.0,37.4,BREAKOUT,是,是,55.3,1.15,70.56
002842,周线,2026-06-19,43.38,82,S,3.86,48.5,5.72,1156.5,95.8,LEG1,否,是,72.1,1.11,5.61
301086,周线,2026-06-19,206.99,82,S,23.29,152.86,111.0,556.3,32.3,BREAKOUT,是,是,60.8,1.29,108.78
301067,周线,2026-06-19,36.4,82,S,16.91,37.98,27.34,124.6,50.5,READY,否,是,61.6,1.21,26.79
002643,周线,2026-06-19,17.64,82,S,7.7,18.5,14.67,140.3,35.5,READY,否,是,60.8,1.25,14.38
002426,周线,2026-06-19,4.09,82,S,1.31,4.69,3.3,258.0,41.1,READY,否,是,58.3,1.27,3.23
000929,周线,2026-06-19,9.93,82,S,4.82,12.02,8.75,149.4,45.4,LEG1,否,是,46.2,1.3,8.57
688535,周线,2026-06-19,133.97,82,S,46.68,144.44,86.68,209.4,59.1,READY,否,是,59.6,1.13,84.95
600259,周线,2026-06-19,105.71,82,S,22.88,112.29,73.75,390.8,43.1,READY,否,是,68.2,1.1,72.28
600397,周线,2026-06-19,18.36,82,S,1.71,16.03,6.19,837.4,68.7,LEG1,是,是,71.6,1.03,6.07
002378,周线,2026-06-19,34.88,82,S,3.8,48.42,11.5,1174.2,82.7,LEG1,否,是,63.9,1.13,11.27
301288,周线,2026-06-19,18.69,82,S,9.27,21.43,16.13,131.2,43.6,LEG1,否,是,51.2,1.14,15.81
002871,周线,2026-06-19,19.79,82,S,5.92,22.7,15.85,283.4,40.8,READY,否,是,52.7,1.25,15.53
300854,周线,2026-06-19,26.2,82,S,7.63,24.14,15.11,216.4,54.7,BREAKOUT,是,是,40.4,1.02,14.81
300857,周线,2026-06-19,266.99,82,S,32.02,322.0,200.55,905.6,41.9,LEG1,否,是,57.5,1.02,196.54
605580,周线,2026-06-19,24.23,82,S,6.37,45.0,22.26,606.4,58.9,READY,否,是,49.6,1.24,21.81
603085,周线,2026-06-19,12.47,82,S,5.55,12.9,10.02,132.4,39.2,BREAKOUT,否,是,50.7,1.04,9.82
688353,周线,2026-06-19,116.8,82,S,14.45,140.0,97.0,868.9,34.2,LEG1,否,是,60.5,1.26,95.06
300351,周线,2026-06-19,20.53,82,S,11.4,28.4,14.74,149.1,80.4,LEG1,否,是,53.3,1.07,14.45
300343,周线,2026-06-19,6.3,82,S,3.35,7.44,5.93,122.1,36.9,LEG1,否,是,41.1,1.23,5.81
688012,周线,2026-06-19,351.0,82,S,104.92,397.3,292.33,278.7,35.9,BREAKOUT,否,是,52.2,1.04,286.48
603929,周线,2026-06-19,232.18,82,S,13.91,215.65,26.38,1450.3,93.8,LEG1,是,是,69.8,1.0,25.85
600497,周线,2026-06-19,10.1,82,S,4.26,11.38,7.41,167.1,55.8,LEG1,否,是,61.4,1.1,7.26
301512,周线,2026-06-19,56.45,82,S,30.0,53.84,39.94,79.5,58.3,LEG1,是,是,67.9,1.02,39.14
601066,周线,2026-06-19,25.92,82,S,17.74,27.64,24.55,55.8,31.2,LEG1,否,否,74.2,1.49,24.06
002066,周线,2026-06-19,23.08,82,S,6.5,28.23,8.5,334.3,90.8,LEG1,否,是,51.9,1.15,8.33
000960,周线,2026-06-19,41.43,82,S,10.73,48.8,30.07,354.8,49.2,READY,否,是,62.9,1.03,29.47
001210,周线,2026-06-19,24.2,82,S,10.51,25.28,19.0,140.5,42.5,BREAKOUT,否,是,49.1,1.17,18.62
300120,周线,2026-06-19,9.35,82,S,3.49,9.11,8.15,161.0,17.1,BREAKOUT,是,否,69.4,1.77,7.99
399612,周线,2026-06-19,3368.05,80,S,1436.98,2912.0,1670.9,102.6,84.1,LEG1,是,是,71.7,0.71,1637.48
399362,周线,2026-06-19,9900.41,80,S,4578.28,9069.81,5511.3,98.1,79.2,LEG1,是,是,69.6,0.77,5401.07
000690,周线,2026-06-19,5.44,80,S,3.77,6.16,4.18,63.4,82.8,LEG1,否,是,54.5,0.58,4.1
300184,周线,2026-06-19,16.91,80,S,3.24,13.08,10.08,303.7,30.5,BREAKOUT,是,是,66.3,0.88,9.88
300179,周线,2026-06-19,45.38,80,S,4.9,29.5,13.81,502.0,63.8,LEG1,是,是,72.2,0.8,13.53
300163,周线,2026-06-19,6.35,80,S,1.02,5.99,4.15,487.3,37.0,BREAKOUT,是,是,71.4,0.54,4.07
300159,周线,2026-06-19,4.12,80,S,1.47,3.39,2.48,130.6,47.4,BREAKOUT,是,是,65.3,0.54,2.43
300151,周线,2026-06-19,23.58,80,S,10.24,19.77,14.61,93.1,54.1,BREAKOUT,是,是,66.0,0.78,14.32
601588,周线,2026-06-19,1.8,80,S,1.25,2.28,1.65,82.4,61.2,LEG1,否,是,43.7,0.65,1.62
601518,周线,2026-06-19,2.94,80,S,1.95,3.14,2.75,61.0,32.8,BREAKOUT,否,是,47.5,0.44,2.69
300083,周线,2026-06-19,11.24,80,S,3.57,12.47,7.18,249.3,59.4,LEG1,否,是,64.0,0.81,7.04
300077,周线,2026-06-19,23.15,80,S,6.45,27.8,18.66,331.0,42.8,READY,否,是,50.6,0.5,18.29
300136,周线,2026-06-19,105.56,80,S,14.45,94.58,57.87,554.5,45.8,BREAKOUT,是,是,61.9,0.82,56.71
300131,周线,2026-06-19,18.79,80,S,3.38,17.0,10.62,403.0,46.8,BREAKOUT,是,是,60.5,0.8,10.41
399300,周线,2026-06-19,4931.39,80,S,3145.79,5030.52,3514.12,59.9,80.5,LEG1,否,是,66.9,0.74,3443.84
688512,周线,2026-06-19,14.46,80,S,6.16,13.45,10.79,118.3,36.5,BREAKOUT,是,是,58.0,0.81,10.57
688515,周线,2026-06-19,199.0,80,S,46.58,140.97,111.6,202.6,31.1,BREAKOUT,是,是,61.4,0.78,109.37
301626,周线,2026-06-19,322.64,80,S,62.22,201.88,116.7,224.5,61.0,BREAKOUT,是,是,65.1,0.53,114.37
301628,周线,2026-06-19,121.24,80,S,65.2,130.51,96.03,100.2,52.8,BREAKOUT,否,是,56.2,0.73,94.11
399001,周线,2026-06-19,15880.95,80,S,7683.63,16207.75,9119.6,110.9,83.2,LEG1,否,是,69.1,0.64,8937.21
399002,周线,2026-06-19,21440.96,80,S,9908.08,21815.98,12031.08,120.2,82.2,LEG1,否,是,70.0,0.64,11790.46
399006,周线,2026-06-19,4167.05,80,S,1482.99,3416.84,1953.82,130.4,75.7,LEG1,是,是,74.4,0.65,1914.74
399012,周线,2026-06-19,5693.9,80,S,2079.7,4901.41,2609.77,135.7,81.2,LEG1,是,是,73.4,0.66,2557.57
601665,周线,2026-06-19,6.34,80,S,4.07,6.5,5.3,59.7,49.4,LEG1,否,是,61.8,0.49,5.19
300069,周线,2026-06-19,35.94,80,S,6.0,20.54,16.1,242.3,30.5,BREAKOUT,是,是,55.7,0.72,15.78
300001,周线,2026-06-19,38.82,80,S,15.1,33.75,26.49,123.5,38.9,BREAKOUT,是,是,64.6,0.65,25.96
300199,周线,2026-06-19,22.13,80,S,8.83,21.95,16.23,148.6,43.6,BREAKOUT,是,是,55.4,0.59,15.91
601187,周线,2026-06-19,7.84,80,S,4.44,8.16,6.23,83.8,51.9,LEG1,否,是,60.6,0.85,6.11
601699,周线,2026-06-19,16.99,80,S,10.31,15.65,12.81,51.8,53.2,BREAKOUT,是,是,58.9,0.55,12.55
300042,周线,2026-06-19,67.47,80,S,15.15,61.08,24.68,303.2,79.3,LEG1,是,是,63.6,0.54,24.19
000962,周线,2026-06-19,62.36,80,S,7.77,59.95,40.11,671.6,38.0,BREAKOUT,是,是,68.9,0.88,39.31
000966,周线,2026-06-19,4.83,80,S,3.61,5.95,4.21,64.8,74.4,LEG1,否,是,49.9,0.59,4.13
605133,周线,2026-06-19,36.05,80,S,15.23,37.5,25.03,146.2,56.0,BREAKOUT,否,是,55.3,0.9,24.53
605168,周线,2026-06-19,50.33,80,S,22.0,47.19,27.6,114.5,77.8,LEG1,是,是,56.4,0.8,27.05
000809,周线,2026-06-19,3.73,80,S,1.45,4.46,3.19,207.6,42.2,LEG1,否,是,46.5,0.88,3.13
603989,周线,2026-06-19,37.73,80,S,11.16,20.08,15.5,79.9,51.3,BREAKOUT,是,是,74.0,0.96,15.19
603997,周线,2026-06-19,13.69,80,S,9.41,15.95,12.9,69.5,46.6,LEG1,否,是,52.6,0.83,12.64
001326,周线,2026-06-19,74.03,80,S,25.39,68.68,48.39,170.5,46.9,BREAKOUT,是,是,68.7,0.69,47.42
300880,周线,2026-06-19,25.49,80,S,10.04,28.88,17.0,187.6,63.1,LEG1,否,是,64.6,0.79,16.66
600545,周线,2026-06-19,6.59,80,S,1.25,3.35,2.44,168.0,43.3,BREAKOUT,是,是,61.6,0.62,2.39
600546,周线,2026-06-19,12.55,80,S,8.49,12.89,10.89,51.8,45.5,BREAKOUT,否,是,46.7,0.53,10.67
001339,周线,2026-06-19,115.39,80,S,19.18,80.0,57.0,317.1,37.8,BREAKOUT,是,是,73.8,0.55,55.86
603950,周线,2026-06-19,62.61,80,S,10.87,77.92,27.55,616.8,75.1,LEG1,否,是,55.4,0.51,27.0
603979,周线,2026-06-19,77.3,80,S,31.2,89.77,52.2,187.7,64.1,READY,否,是,68.5,0.9,51.16
002008,周线,2026-06-19,135.84,80,S,14.45,156.5,21.51,983.0,95.0,LEG1,否,是,69.9,0.98,21.08
001226,周线,2026-06-19,49.72,80,S,19.43,54.76,40.13,181.8,41.4,READY,否,是,57.3,0.64,39.33
300975,周线,2026-06-19,41.25,80,S,4.84,15.93,11.67,229.1,38.4,BREAKOUT,是,是,72.6,0.78,11.44
600483,周线,2026-06-19,11.6,80,S,8.78,11.3,9.37,28.7,76.6,LEG1,是,是,74.8,0.7,9.18
000859,周线,2026-06-19,11.84,80,S,2.98,14.08,8.75,372.5,48.0,READY,否,是,70.7,0.89,8.57
301055,周线,2026-06-19,39.89,80,S,7.7,26.48,17.92,243.9,45.6,BREAKOUT,是,是,67.9,0.99,17.56
000767,周线,2026-06-19,5.0,80,S,2.13,5.12,2.76,140.4,78.9,LEG1,否,是,59.5,0.63,2.7
002039,周线,2026-06-19,20.41,80,S,12.76,22.82,17.0,78.8,57.9,LEG1,否,是,50.5,0.43,16.66
603890,周线,2026-06-19,25.09,80,S,5.8,18.04,12.71,211.0,43.5,BREAKOUT,是,是,60.6,1.0,12.46
603916,周线,2026-06-19,13.29,80,S,6.1,14.31,9.95,134.6,53.1,BREAKOUT,否,是,53.3,0.98,9.75
002049,周线,2026-06-19,80.0,80,S,43.81,91.99,64.8,110.0,56.4,READY,否,是,59.1,0.83,63.5
600563,周线,2026-06-19,170.05,80,S,71.22,143.03,112.78,100.8,42.1,BREAKOUT,是,是,64.6,0.8,110.52
600575,周线,2026-06-19,3.72,80,S,2.13,4.29,3.55,101.4,34.3,READY,否,是,43.5,0.64,3.48
001314,周线,2026-06-19,57.52,80,S,31.07,51.14,38.32,64.6,63.9,BREAKOUT,是,是,62.1,0.8,37.55
603985,周线,2026-06-19,25.25,80,S,8.74,29.6,13.68,238.7,76.3,LEG1,否,是,62.1,0.35,13.41
605208,周线,2026-06-19,15.76,80,S,4.81,16.62,12.25,245.5,37.0,LEG1,否,是,62.9,0.68,12.0
300939,周线,2026-06-19,71.54,80,S,19.21,49.77,32.8,159.1,55.5,LEG1,是,是,69.3,0.86,32.14
600505,周线,2026-06-19,13.99,80,S,5.07,15.91,12.08,213.8,35.3,READY,否,是,53.6,0.98,11.84
688001,周线,2026-06-19,73.69,80,S,19.74,34.33,26.3,73.9,55.0,BREAKOUT,是,是,70.1,0.89,25.77
300983,周线,2026-06-19,36.66,80,S,14.21,52.66,20.9,270.6,82.6,LEG1,否,是,54.8,0.59,20.48
688008,周线,2026-06-19,262.5,80,S,42.2,188.88,125.0,347.6,43.6,BREAKOUT,是,是,70.5,0.72,122.5
000791,周线,2026-06-19,9.22,80,S,4.55,9.33,7.11,105.1,46.4,BREAKOUT,否,是,57.8,0.53,6.97
688048,周线,2026-06-19,371.5,80,S,23.37,463.37,114.5,1882.8,79.3,LEG1,否,是,60.3,0.6,112.21
002077,周线,2026-06-19,17.74,80,S,10.31,20.39,14.68,97.8,56.6,READY,否,是,59.4,0.67,14.39
002079,周线,2026-06-19,13.52,80,S,6.8,12.3,9.2,80.9,56.4,BREAKOUT,是,是,72.4,0.86,9.02
002081,周线,2026-06-19,4.77,80,S,2.81,8.6,3.17,206.0,93.8,LEG1,否,是,45.1,0.61,3.11
603867,周线,2026-06-19,40.0,80,S,18.63,39.6,27.6,112.6,57.2,BREAKOUT,是,是,65.2,0.67,27.05
300845,周线,2026-06-19,13.04,80,S,8.08,16.87,10.3,108.8,74.7,LEG1,否,是,43.0,0.68,10.09
603880,周线,2026-06-19,8.06,80,S,3.08,7.75,6.24,151.6,32.3,BREAKOUT,是,是,59.4,0.48,6.12
002126,周线,2026-06-19,53.44,80,S,13.78,55.83,40.06,305.2,37.5,BREAKOUT,否,是,59.4,0.49,39.26
300948,周线,2026-06-19,25.88,80,S,7.08,27.85,18.31,293.4,45.9,BREAKOUT,否,是,56.6,0.93,17.94
300955,周线,2026-06-19,41.74,80,S,10.02,49.81,30.0,397.1,49.8,BREAKOUT,否,是,53.1,0.71,29.4
300964,周线,2026-06-19,113.92,80,S,18.25,68.79,39.6,276.9,57.8,LEG1,是,是,68.2,0.81,38.81
300966,周线,2026-06-19,26.27,80,S,12.03,29.5,18.44,145.2,63.3,LEG1,否,是,62.4,0.48,18.07
688025,周线,2026-06-19,445.0,80,S,30.0,289.2,128.06,864.0,62.2,LEG1,是,是,73.8,0.6,125.5
301024,周线,2026-06-19,43.22,80,S,13.27,52.23,30.81,293.6,55.0,LEG1,否,是,51.0,0.39,30.19
301028,周线,2026-06-19,17.88,80,S,6.09,16.87,12.94,177.0,36.5,BREAKOUT,是,是,56.3,0.68,12.68
301045,周线,2026-06-19,61.1,80,S,13.1,53.49,37.14,308.3,40.5,BREAKOUT,是,是,74.9,0.78,36.4
000697,周线,2026-06-19,11.84,80,S,4.63,11.22,8.03,142.3,48.4,LEG1,是,是,60.5,0.96,7.87
002134,周线,2026-06-19,29.78,80,S,5.46,28.57,19.4,423.3,39.7,BREAKOUT,是,是,66.8,0.83,19.01
002156,周线,2026-06-19,67.22,80,S,17.2,59.2,40.4,244.2,44.8,BREAKOUT,是,是,67.7,0.82,39.59
002158,周线,2026-06-19,31.23,80,S,15.31,28.28,21.46,84.7,52.6,BREAKOUT,是,是,59.0,0.95,21.03
300816,周线,2026-06-19,82.19,80,S,12.63,82.8,35.2,555.6,67.8,LEG1,否,是,54.4,0.33,34.5
300819,周线,2026-06-19,71.11,80,S,8.38,92.0,38.07,997.9,64.5,LEG1,否,是,60.7,0.65,37.31
300834,周线,2026-06-19,50.15,80,S,13.21,52.19,21.61,295.1,78.5,LEG1,否,是,67.5,0.38,21.18
300835,周线,2026-06-19,193.2,80,S,19.41,99.5,69.89,412.6,37.0,BREAKOUT,是,是,74.7,0.59,68.49
300836,周线,2026-06-19,75.03,80,S,12.73,71.68,51.5,463.1,34.2,BREAKOUT,是,是,62.1,0.78,50.47
300840,周线,2026-06-19,21.3,80,S,7.57,24.49,16.28,223.5,48.5,BREAKOUT,否,是,49.8,0.32,15.95
002076,周线,2026-06-19,2.65,80,S,1.16,2.5,1.9,115.5,44.8,BREAKOUT,是,是,69.5,0.59,1.86
000782,周线,2026-06-19,7.53,80,S,3.8,9.05,4.91,138.2,78.9,LEG1,否,是,63.2,0.68,4.81
301071,周线,2026-06-19,74.07,80,S,21.6,55.9,38.3,158.8,51.3,BREAKOUT,是,是,70.7,0.81,37.53
600396,周线,2026-06-19,17.8,80,S,2.06,3.4,2.83,65.0,42.5,BREAKOUT,是,是,68.5,0.71,2.77
600400,周线,2026-06-19,2.67,80,S,1.93,4.03,2.14,108.8,90.0,LEG1,否,是,52.3,0.49,2.1
000600,周线,2026-06-19,10.66,80,S,3.79,10.99,8.59,190.0,33.3,BREAKOUT,否,是,55.0,0.74,8.42
002185,周线,2026-06-19,19.05,80,S,5.65,16.0,11.3,183.2,45.4,BREAKOUT,是,是,68.4,0.99,11.07
603777,周线,2026-06-19,18.63,80,S,7.8,21.68,11.96,177.9,70.0,LEG1,否,是,60.5,0.71,11.72
603790,周线,2026-06-19,26.02,80,S,7.04,26.8,19.41,280.7,37.4,BREAKOUT,否,是,52.3,0.58,19.02
300757,周线,2026-06-19,660.21,80,S,39.63,306.68,189.21,673.9,44.0,BREAKOUT,是,是,71.8,0.55,185.43
300776,周线,2026-06-19,173.0,80,S,36.71,99.51,70.7,171.1,45.9,BREAKOUT,是,是,68.6,0.81,69.29
300780,周线,2026-06-19,31.9,80,S,9.5,32.99,19.06,247.3,59.3,BREAKOUT,否,是,64.2,0.58,18.68
300806,周线,2026-06-19,98.4,80,S,6.9,32.0,12.98,363.8,75.8,LEG1,是,是,74.7,0.96,12.72
002199,周线,2026-06-19,13.37,80,S,4.04,10.55,6.95,161.1,55.3,BREAKOUT,是,是,65.0,0.47,6.81
002208,周线,2026-06-19,17.58,80,S,3.99,17.08,11.11,328.1,45.6,BREAKOUT,是,是,57.9,0.99,10.89
002213,周线,2026-06-19,40.69,80,S,6.8,46.3,24.18,580.9,56.0,LEG1,否,是,63.0,0.77,23.7
002132,周线,2026-06-19,5.18,80,S,2.0,6.37,3.51,218.5,65.4,LEG1,否,是,54.7,0.42,3.44
688017,周线,2026-06-19,381.6,80,S,58.22,248.42,176.1,326.7,38.0,BREAKOUT,是,是,70.9,0.95,172.58
300721,周线,2026-06-19,30.12,80,S,6.7,18.68,12.84,178.8,48.7,BREAKOUT,是,是,67.7,0.97,12.58
603725,周线,2026-06-19,10.43,80,S,5.32,10.75,8.29,102.1,45.3,BREAKOUT,否,是,48.9,0.78,8.12
300736,周线,2026-06-19,34.58,80,S,6.9,48.48,14.48,602.6,81.8,LEG1,否,是,62.8,0.6,14.19
300745,周线,2026-06-19,44.12,80,S,12.3,52.97,22.6,330.7,74.7,LEG1,否,是,64.4,0.53,22.15
600642,周线,2026-06-19,9.54,80,S,7.1,8.53,7.76,20.1,53.8,BREAKOUT,是,是,55.1,0.59,7.6
002222,周线,2026-06-19,104.47,80,S,18.33,124.6,58.31,579.8,62.4,LEG1,否,是,66.2,0.84,57.14
603679,周线,2026-06-19,19.48,80,S,6.92,17.1,12.66,147.1,43.6,BREAKOUT,是,是,70.5,0.7,12.41
603682,周线,2026-06-19,8.04,80,S,3.43,9.73,6.06,183.7,58.3,LEG1,否,是,50.4,0.42,5.94
603683,周线,2026-06-19,31.86,80,S,6.01,29.55,24.34,391.7,22.1,BREAKOUT,是,是,62.0,0.7,23.85
603687,周线,2026-06-19,18.45,80,S,5.56,20.8,8.42,274.1,81.2,LEG1,否,是,66.0,0.54,8.25
002272,周线,2026-06-19,21.09,80,S,3.32,22.6,15.7,580.7,35.8,BREAKOUT,否,是,55.8,0.44,15.39
000700,周线,2026-06-19,15.96,80,S,4.1,16.2,10.53,295.1,46.9,BREAKOUT,否,是,59.4,0.73,10.32
000711,周线,2026-06-19,5.42,80,S,1.36,6.89,1.66,406.6,94.6,LEG1,否,是,59.9,0.46,1.63
000722,周线,2026-06-19,15.85,80,S,6.55,19.69,12.5,200.6,54.7,READY,否,是,66.3,0.72,12.25
688037,周线,2026-06-19,287.3,80,S,56.18,238.08,154.0,323.8,46.2,BREAKOUT,是,是,71.2,0.76,150.92
688041,周线,2026-06-19,308.22,80,S,67.3,358.8,202.98,433.1,53.5,LEG1,否,是,62.8,0.76,198.92
603637,周线,2026-06-19,18.27,80,S,5.04,13.63,10.6,170.4,35.3,BREAKOUT,是,是,61.3,0.7,10.39
000615,周线,2026-06-19,3.39,80,S,1.64,3.6,3.04,119.5,28.6,BREAKOUT,否,是,45.3,0.4,2.98
301093,周线,2026-06-19,129.32,80,S,17.12,46.0,33.9,168.7,41.9,BREAKOUT,是,是,74.7,0.35,33.22
301095,周线,2026-06-19,98.65,80,S,34.34,117.88,63.8,243.3,64.7,LEG1,否,是,58.3,0.71,62.52
600381,周线,2026-06-19,4.8,80,S,1.84,5.84,3.98,217.4,46.5,LEG1,否,是,56.1,0.48,3.9
000670,周线,2026-06-19,9.21,80,S,3.81,9.69,7.02,154.3,45.4,READY,否,是,59.8,0.89,6.88
000672,周线,2026-06-19,19.03,80,S,5.94,16.11,12.18,171.2,38.6,BREAKOUT,是,是,73.4,0.95,11.94
688055,周线,2026-06-19,5.47,80,S,2.45,4.72,3.54,92.7,52.0,LEG1,是,是,60.6,0.85,3.47
688057,周线,2026-06-19,13.53,80,S,8.9,13.87,11.47,55.8,48.3,BREAKOUT,否,是,57.1,0.6,11.24
000690,周线,2026-06-19,5.44,80,S,3.77,6.16,4.18,63.4,82.8,LEG1,否,是,54.5,0.58,4.1
688130,周线,2026-06-19,27.37,80,S,16.18,25.68,19.75,58.7,62.4,BREAKOUT,是,是,60.2,0.79,19.36
688135,周线,2026-06-19,38.15,80,S,12.2,40.66,24.86,233.3,55.5,READY,否,是,59.2,0.54,24.36
603638,周线,2026-06-19,24.13,80,S,13.73,26.86,18.96,95.6,60.2,LEG1,否,是,57.5,0.93,18.58
603660,周线,2026-06-19,12.17,80,S,4.51,12.48,8.68,176.7,47.7,BREAKOUT,否,是,60.0,0.75,8.51
300710,周线,2026-06-19,36.36,80,S,9.58,37.0,26.45,286.2,38.5,BREAKOUT,否,是,54.3,0.63,25.92
300720,周线,2026-06-19,84.5,80,S,8.31,28.22,19.86,239.6,42.0,BREAKOUT,是,是,71.5,0.83,19.46
300665,周线,2026-06-19,9.8,80,S,4.36,10.26,6.86,135.3,57.6,BREAKOUT,否,是,56.1,0.85,6.72
002364,周线,2026-06-19,51.99,80,S,4.1,36.39,25.53,787.6,33.6,BREAKOUT,是,是,64.9,0.52,25.02
002289,周线,2026-06-19,41.36,80,S,2.47,49.17,24.42,1890.7,53.0,LEG1,否,是,65.2,0.43,23.93
002317,周线,2026-06-19,20.82,80,S,9.85,23.6,16.6,139.6,50.9,BREAKOUT,否,是,48.8,0.53,16.27
603610,周线,2026-06-19,18.5,80,S,7.54,20.92,14.81,177.5,45.7,READY,否,是,55.3,0.77,14.51
300667,周线,2026-06-19,19.37,80,S,9.23,21.68,14.15,134.9,60.5,LEG1,否,是,55.6,0.59,13.87
300668,周线,2026-06-19,63.3,80,S,13.9,69.5,16.59,400.0,95.2,LEG1,否,是,66.4,0.67,16.26
300671,周线,2026-06-19,54.45,80,S,16.67,55.34,35.85,232.0,50.4,LEG1,否,是,66.3,0.71,35.13
300672,周线,2026-06-19,325.3,80,S,36.24,205.5,82.69,467.1,72.6,LEG1,是,是,71.7,0.66,81.04
300681,周线,2026-06-19,32.26,80,S,9.69,28.0,20.25,189.0,42.3,BREAKOUT,是,是,61.2,0.55,19.84
300686,周线,2026-06-19,19.25,80,S,4.13,21.28,13.13,415.3,47.5,LEG1,否,是,63.2,0.95,12.87
300687,周线,2026-06-19,26.99,80,S,11.47,30.44,21.41,165.4,47.6,BREAKOUT,否,是,55.0,0.91,20.98
300689,周线,2026-06-19,60.27,80,S,8.61,61.6,43.28,615.4,34.6,READY,否,是,65.5,0.78,42.41
600688,周线,2026-06-19,3.06,80,S,2.38,3.89,2.61,63.4,84.8,LEG1,否,是,51.9,0.94,2.56
600703,周线,2026-06-19,17.16,80,S,9.45,18.04,12.65,90.9,62.7,LEG1,否,是,58.9,0.95,12.4
002273,周线,2026-06-19,35.73,80,S,8.61,29.08,21.88,237.7,35.2,BREAKOUT,是,是,57.5,0.6,21.44
301115,周线,2026-06-19,33.1,80,S,11.67,23.75,18.84,103.5,40.6,BREAKOUT,是,是,74.9,0.64,18.46
301118,周线,2026-06-19,29.78,80,S,11.06,38.96,22.21,252.3,60.0,LEG1,否,是,53.8,0.63,21.77
600345,周线,2026-06-19,60.53,80,S,14.45,32.68,23.01,126.2,53.0,BREAKOUT,是,是,69.6,0.73,22.55
600350,周线,2026-06-19,11.34,80,S,8.37,9.74,8.97,16.4,56.2,BREAKOUT,是,是,56.9,0.93,8.79
000593,周线,2026-06-19,25.15,80,S,3.55,27.99,13.03,688.5,61.2,LEG1,否,是,69.5,0.68,12.77
688097,周线,2026-06-19,69.84,80,S,17.5,69.26,30.71,295.8,74.5,LEG1,是,是,65.9,0.63,30.1
688170,周线,2026-06-19,85.79,80,S,17.73,59.33,29.5,234.6,71.7,LEG1,是,是,71.1,0.8,28.91
688172,周线,2026-06-19,66.66,80,S,11.86,48.35,22.54,307.7,70.7,LEG1,是,是,71.9,0.83,22.09
002353,周线,2026-06-19,157.65,80,S,23.99,129.99,89.36,441.9,38.3,BREAKOUT,是,是,73.2,0.54,87.57
603580,周线,2026-06-19,26.05,80,S,6.72,28.09,13.48,318.0,68.4,LEG1,否,是,70.1,0.43,13.21
300626,周线,2026-06-19,39.81,80,S,4.39,22.5,7.11,412.5,85.0,LEG1,是,是,74.4,0.97,6.97
300632,周线,2026-06-19,29.43,80,S,6.56,18.28,13.2,178.7,43.3,BREAKOUT,是,是,61.8,0.88,12.94
300649,周线,2026-06-19,27.46,80,S,7.63,15.81,12.8,107.2,36.8,BREAKOUT,是,是,73.0,0.68,12.54
300657,周线,2026-06-19,47.82,80,S,10.98,38.19,27.59,247.8,39.0,BREAKOUT,是,是,66.8,0.98,27.04
600714,周线,2026-06-19,27.11,80,S,4.89,27.18,11.24,455.8,71.5,LEG1,否,是,58.7,0.51,11.02
600719,周线,2026-06-19,8.74,80,S,4.72,11.68,5.51,147.5,88.6,LEG1,否,是,60.0,0.5,5.4
688179,周线,2026-06-19,21.24,80,S,8.61,20.17,15.28,134.3,42.3,BREAKOUT,是,是,56.4,0.54,14.97
688156,周线,2026-06-19,29.19,80,S,9.97,24.55,18.4,146.2,42.2,BREAKOUT,是,是,74.8,0.83,18.03
000509,周线,2026-06-19,4.18,80,S,2.13,4.84,3.4,127.2,53.1,BREAKOUT,否,是,52.1,0.72,3.33
000518,周线,2026-06-19,3.14,80,S,1.72,2.67,2.33,55.2,35.8,BREAKOUT,是,是,49.0,0.63,2.28
688127,周线,2026-06-19,87.25,80,S,14.41,35.1,28.39,143.6,32.4,BREAKOUT,是,是,61.9,0.7,27.82
301246,周线,2026-06-19,27.86,80,S,10.58,35.58,19.4,236.3,64.7,LEG1,否,是,51.6,0.49,19.01
300623,周线,2026-06-19,36.87,80,S,10.21,38.65,26.38,278.6,43.1,READY,否,是,73.4,0.86,25.85
600726,周线,2026-06-19,8.3,80,S,1.77,2.89,2.35,63.3,48.2,BREAKOUT,是,是,60.6,0.53,2.3
600730,周线,2026-06-19,12.09,80,S,3.67,15.91,7.78,333.5,66.4,LEG1,否,是,53.6,0.71,7.62
600735,周线,2026-06-19,6.36,80,S,3.44,8.18,7.24,137.8,19.8,LEG1,否,是,47.9,0.19,7.1
002443,周线,2026-06-19,11.67,80,S,4.61,10.18,8.01,120.8,39.0,BREAKOUT,是,是,61.5,0.85,7.85
603629,周线,2026-06-19,165.03,80,S,13.55,30.58,22.6,125.7,46.9,BREAKOUT,是,是,57.8,0.62,22.15
000543,周线,2026-06-19,8.57,80,S,6.65,9.43,7.91,41.8,54.7,BREAKOUT,否,是,49.3,0.53,7.75
688107,周线,2026-06-19,43.31,80,S,17.16,36.34,26.19,111.8,52.9,BREAKOUT,是,是,62.9,0.69,25.67
688115,周线,2026-06-19,58.45,80,S,16.91,73.3,37.24,333.5,63.9,READY,否,是,60.9,0.67,36.5
301111,周线,2026-06-19,30.31,80,S,11.2,31.36,15.08,180.0,80.8,LEG1,否,是,69.5,0.95,14.78
000417,周线,2026-06-19,7.77,80,S,3.82,9.49,6.24,148.4,57.3,BREAKOUT,否,是,53.1,0.92,6.12
000430,周线,2026-06-19,7.43,80,S,4.24,10.09,7.0,138.0,52.8,READY,否,是,44.1,0.93,6.86
688231,周线,2026-06-19,44.37,80,S,11.09,39.7,28.4,258.0,39.5,BREAKOUT,是,是,59.3,0.52,27.83
603466,周线,2026-06-19,10.3,80,S,6.49,14.0,8.85,115.7,68.6,LEG1,否,是,48.2,1.0,8.67
300590,周线,2026-06-19,15.77,80,S,6.45,14.4,10.51,123.3,48.9,BREAKOUT,是,是,71.9,0.83,10.3
002475,周线,2026-06-19,67.32,80,S,25.92,81.78,44.57,215.5,66.6,LEG1,否,是,56.3,0.61,43.68
603375,周线,2026-06-19,49.76,80,S,28.33,40.98,33.61,44.7,58.3,BREAKOUT,是,是,65.3,0.78,32.94
603386,周线,2026-06-19,18.16,80,S,8.01,16.79,12.4,109.6,50.0,BREAKOUT,是,是,69.2,0.89,12.15
603389,周线,2026-06-19,58.35,80,S,3.13,51.8,30.04,1555.0,44.7,BREAKOUT,是,是,55.2,0.35,29.44
002496,周线,2026-06-19,2.36,80,S,1.16,2.21,1.61,90.5,57.1,BREAKOUT,是,是,58.1,0.3,1.58
603557,周线,2026-06-19,4.15,80,S,1.26,5.28,2.47,319.0,69.9,LEG1,否,是,48.4,0.27,2.42
603559,周线,2026-06-19,8.71,80,S,3.36,7.89,5.84,134.8,45.3,BREAKOUT,是,是,57.4,0.41,5.72
688173,周线,2026-06-19,16.93,80,S,7.81,17.95,13.09,129.8,47.9,BREAKOUT,否,是,55.3,0.7,12.83
688178,周线,2026-06-19,38.65,80,S,8.21,29.24,11.56,256.2,84.1,LEG1,是,是,66.4,0.83,11.33
600330,周线,2026-06-19,33.41,80,S,5.56,35.55,8.81,539.4,89.2,LEG1,否,是,74.7,0.56,8.63
301169,周线,2026-06-19,79.15,80,S,25.55,66.15,48.09,158.9,44.5,BREAKOUT,是,是,59.6,0.74,47.13
300550,周线,2026-06-19,14.75,80,S,7.03,16.95,10.76,141.1,62.4,READY,否,是,60.8,0.83,10.54
300553,周线,2026-06-19,70.11,80,S,16.95,58.18,33.9,243.2,58.9,BREAKOUT,是,是,73.6,0.92,33.22
002528,周线,2026-06-19,4.67,80,S,1.62,5.65,2.61,248.8,75.4,LEG1,否,是,54.7,0.27,2.56
002534,周线,2026-06-19,21.4,80,S,7.12,21.32,15.71,199.4,39.5,BREAKOUT,是,是,70.0,0.63,15.4
002536,周线,2026-06-19,44.73,80,S,8.0,41.67,26.89,420.9,43.9,BREAKOUT,是,是,64.6,0.5,26.35
603319,周线,2026-06-19,35.73,80,S,10.8,41.41,29.88,283.4,37.7,BREAKOUT,否,是,48.5,0.9,29.28
300571,周线,2026-06-19,43.73,80,S,17.62,37.98,26.02,115.6,58.7,BREAKOUT,是,是,50.2,0.53,25.5
600769,周线,2026-06-19,17.42,80,S,5.28,13.98,11.63,164.8,27.0,BREAKOUT,是,是,56.2,0.86,11.4
002569,周线,2026-06-19,16.01,80,S,4.2,18.12,12.3,331.4,41.8,LEG1,否,是,60.4,0.44,12.05
603398,周线,2026-06-19,14.14,80,S,4.25,10.22,7.01,140.5,53.8,BREAKOUT,是,是,65.7,0.42,6.87
000333,周线,2026-06-19,79.22,80,S,58.9,81.16,71.77,37.8,42.2,BREAKOUT,否,是,46.4,0.83,70.33
000404,周线,2026-06-19,7.95,80,S,4.31,7.58,6.43,75.9,35.2,BREAKOUT,是,是,48.9,0.58,6.3
688190,周线,2026-06-19,111.64,80,S,50.5,124.63,79.1,146.8,61.4,READY,否,是,60.3,0.73,77.52
301182,周线,2026-06-19,98.3,80,S,9.06,46.17,31.6,409.6,39.3,BREAKOUT,是,是,73.3,0.66,30.97
301183,周线,2026-06-19,256.0,80,S,18.7,288.88,139.22,1444.8,55.4,LEG1,否,是,65.7,0.7,136.44
301197,周线,2026-06-19,32.11,80,S,8.7,41.65,18.3,378.7,70.9,LEG1,否,是,59.5,0.48,17.93
000060,周线,2026-06-19,7.97,80,S,3.57,8.75,5.71,145.1,58.7,LEG1,否,是,64.8,0.82,5.6
000062,周线,2026-06-19,31.75,80,S,7.78,40.13,23.63,415.8,51.0,LEG1,否,是,52.5,0.63,23.16
688206,周线,2026-06-19,39.0,80,S,12.1,44.0,29.13,263.6,46.6,READY,否,是,64.9,0.89,28.55
688209,周线,2026-06-19,25.16,80,S,9.65,27.74,19.01,187.5,48.3,LEG1,否,是,60.6,0.91,18.63
688213,周线,2026-06-19,101.93,80,S,32.98,106.35,74.02,222.5,44.1,BREAKOUT,否,是,55.9,0.69,72.54
301205,周线,2026-06-19,336.19,80,S,47.54,127.97,86.2,169.2,51.9,BREAKOUT,是,是,66.5,0.52,84.48
301218,周线,2026-06-19,46.0,80,S,15.8,41.47,19.3,162.5,86.4,LEG1,是,是,67.5,0.91,18.91
301235,周线,2026-06-19,66.77,80,S,14.03,57.36,42.52,308.8,34.2,BREAKOUT,是,是,63.1,0.6,41.67
301305,周线,2026-06-19,30.73,80,S,11.75,30.19,22.7,156.9,40.6,BREAKOUT,是,是,63.8,0.55,22.25
688279,周线,2026-06-19,210.37,80,S,72.6,234.97,144.0,223.7,56.0,BREAKOUT,否,是,53.1,0.77,141.12
603316,周线,2026-06-19,20.73,80,S,3.12,17.3,13.35,454.5,27.9,LEG1,是,是,57.7,0.57,13.08
002600,周线,2026-06-19,15.85,80,S,4.26,17.88,12.29,319.7,41.0,LEG1,否,是,57.6,0.91,12.04
603285,周线,2026-06-19,50.58,80,S,18.02,39.47,28.29,119.0,52.1,BREAKOUT,是,是,66.4,0.6,27.72
300536,周线,2026-06-19,9.58,80,S,4.13,10.52,7.52,154.7,46.9,BREAKOUT,否,是,46.0,0.7,7.37
300545,周线,2026-06-19,38.19,80,S,18.84,38.5,29.01,104.4,48.3,READY,否,是,63.0,0.98,28.43
300548,周线,2026-06-19,269.88,80,S,16.37,290.0,90.59,1671.5,72.9,LEG1,否,是,67.6,0.74,88.78
688253,周线,2026-06-19,57.82,80,S,27.56,38.51,33.0,39.7,50.3,BREAKOUT,是,是,65.1,0.66,32.34
688256,周线,2026-06-19,1320.0,80,S,95.85,1966.0,968.0,1951.1,53.4,LEG1,否,是,53.7,0.8,948.64
000029,周线,2026-06-19,28.57,80,S,9.51,23.97,17.7,152.1,43.4,BREAKOUT,是,是,68.4,0.83,17.35
301265,周线,2026-06-19,27.0,80,S,6.71,13.97,11.38,108.2,35.7,BREAKOUT,是,是,69.4,0.46,11.15
000037,周线,2026-06-19,11.52,80,S,6.1,13.19,9.21,116.2,56.1,READY,否,是,59.5,0.79,9.03
688220,周线,2026-06-19,99.75,80,S,28.7,100.8,65.93,251.2,48.4,BREAKOUT,否,是,54.2,0.57,64.61
688768,周线,2026-06-19,54.8,80,S,17.41,69.97,40.1,301.9,56.8,READY,否,是,62.9,0.47,39.3
603297,周线,2026-06-19,126.26,80,S,49.62,129.8,98.54,161.6,39.0,BREAKOUT,否,是,53.5,0.59,96.57
603255,周线,2026-06-19,32.93,80,S,20.65,36.47,28.55,76.6,50.1,LEG1,否,是,58.7,0.76,27.98
603272,周线,2026-06-19,32.67,80,S,7.6,37.02,20.08,387.1,57.6,BREAKOUT,否,是,51.1,0.45,19.68
002631,周线,2026-06-19,8.2,80,S,3.17,9.2,4.96,190.2,70.3,LEG1,否,是,62.5,0.8,4.86
002635,周线,2026-06-19,18.37,80,S,10.5,15.88,12.8,51.2,57.2,BREAKOUT,是,是,61.8,1.0,12.54
300491,周线,2026-06-19,35.3,80,S,12.48,32.64,22.6,161.5,49.8,BREAKOUT,是,是,67.3,0.93,22.15
300502,周线,2026-06-19,557.88,80,S,59.5,468.81,287.31,687.9,44.3,LEG1,是,是,50.1,0.72,281.56
300503,周线,2026-06-19,80.99,80,S,10.22,74.65,45.03,630.4,46.0,BREAKOUT,是,是,64.4,0.62,44.13
300504,周线,2026-06-19,18.58,80,S,10.24,19.32,14.1,88.7,57.5,BREAKOUT,否,是,58.3,0.69,13.82
002733,周线,2026-06-19,35.88,80,S,9.63,26.23,19.13,172.4,42.8,BREAKOUT,是,是,75.0,0.93,18.75
300438,周线,2026-06-19,78.79,80,S,16.33,60.55,42.84,270.8,40.0,BREAKOUT,是,是,62.5,0.61,41.98
300445,周线,2026-06-19,23.84,80,S,12.88,29.69,17.2,130.5,74.3,LEG1,否,是,55.4,0.78,16.86
300449,周线,2026-06-19,8.42,80,S,2.62,12.83,6.77,389.7,59.4,LEG1,否,是,55.1,0.73,6.63
600863,周线,2026-06-19,5.68,80,S,3.7,5.51,4.5,48.9,55.8,BREAKOUT,是,是,53.9,0.98,4.41
002762,周线,2026-06-19,8.82,80,S,4.24,7.75,6.41,82.8,38.2,BREAKOUT,是,是,60.8,0.47,6.28
300518,周线,2026-06-19,30.44,80,S,6.74,24.78,17.0,267.7,43.1,BREAKOUT,是,是,63.8,0.83,16.66
002654,周线,2026-06-19,17.06,80,S,7.07,16.71,12.41,136.4,44.6,BREAKOUT,是,是,61.2,0.75,12.16
002655,周线,2026-06-19,38.74,80,S,7.25,13.56,11.63,87.0,30.6,BREAKOUT,是,是,67.3,0.5,11.4
300464,周线,2026-06-19,8.54,80,S,2.99,8.74,6.1,192.3,45.9,BREAKOUT,否,是,54.6,0.68,5.98
300476,周线,2026-06-19,361.7,80,S,13.86,323.83,246.06,2236.4,25.1,BREAKOUT,是,是,61.7,0.68,241.14
300478,周线,2026-06-19,38.9,80,S,6.53,34.2,21.4,423.7,46.3,BREAKOUT,是,是,66.1,0.71,20.97
603228,周线,2026-06-19,80.76,80,S,15.02,81.56,53.68,443.0,41.9,BREAKOUT,否,是,64.4,0.88,52.61
002693,周线,2026-06-19,8.82,80,S,3.67,8.35,6.36,127.5,42.5,BREAKOUT,是,是,45.9,0.58,6.23
603290,周线,2026-06-19,130.98,80,S,66.66,114.67,96.0,72.0,38.9,BREAKOUT,是,是,64.1,0.94,94.08
688249,周线,2026-06-19,46.43,80,S,11.73,40.09,26.35,241.8,48.4,BREAKOUT,是,是,72.3,0.73,25.82
688787,周线,2026-06-19,157.38,80,S,37.23,166.88,119.0,348.2,36.9,READY,否,是,63.4,0.61,116.62
688981,周线,2026-06-19,134.7,80,S,40.01,134.68,91.2,236.6,45.9,BREAKOUT,是,是,64.6,0.81,89.38
000026,周线,2026-06-19,21.32,80,S,7.8,17.77,13.03,127.8,47.5,BREAKOUT,是,是,57.9,0.57,12.77
000027,周线,2026-06-19,7.37,80,S,5.34,8.48,6.56,58.8,61.1,READY,否,是,54.0,0.61,6.43
688268,周线,2026-06-19,187.35,80,S,37.51,213.07,56.31,468.0,89.3,LEG1,否,是,64.1,0.81,55.18
301285,周线,2026-06-19,124.92,80,S,13.89,91.5,23.55,558.7,87.6,LEG1,是,是,71.4,0.85,23.08
301286,周线,2026-06-19,60.55,80,S,22.7,68.3,41.64,200.9,58.5,LEG1,否,是,60.1,0.61,40.81
600234,周线,2026-06-19,27.3,80,S,1.83,32.02,5.18,1649.7,88.9,LEG1,否,是,71.2,0.48,5.08
301295,周线,2026-06-19,46.53,80,S,16.58,55.88,28.68,237.0,69.2,LEG1,否,是,60.6,0.37,28.11
301302,周线,2026-06-19,30.38,80,S,13.01,39.29,20.95,202.0,69.8,LEG1,否,是,61.1,0.8,20.53
688312,周线,2026-06-19,94.3,80,S,11.5,37.0,26.56,221.7,40.9,BREAKOUT,是,是,69.8,0.65,26.03
688313,周线,2026-06-19,169.52,80,S,6.8,193.56,53.88,2746.5,74.8,LEG1,否,是,68.3,0.6,52.8
603212,周线,2026-06-19,15.86,80,S,8.45,19.05,10.95,125.4,76.4,LEG1,否,是,62.1,0.7,10.73
603213,周线,2026-06-19,14.2,80,S,6.62,14.5,8.49,119.0,76.3,LEG1,否,是,53.7,0.93,8.32
002706,周线,2026-06-19,11.99,80,S,5.49,13.31,9.2,142.4,52.6,BREAKOUT,否,是,51.3,0.47,9.02
002708,周线,2026-06-19,14.13,80,S,5.32,14.91,11.21,180.3,38.6,BREAKOUT,否,是,50.7,0.95,10.99
603156,周线,2026-06-19,43.89,80,S,17.61,35.88,28.5,103.7,40.4,BREAKOUT,是,是,68.9,0.73,27.93
603158,周线,2026-06-19,13.73,80,S,5.8,11.88,9.66,104.8,36.5,BREAKOUT,是,是,51.0,0.55,9.47
002787,周线,2026-06-19,29.5,80,S,4.18,14.5,11.02,246.9,33.7,BREAKOUT,是,是,72.7,0.64,10.8
002789,周线,2026-06-19,14.16,80,S,5.92,15.06,8.11,154.4,76.0,LEG1,否,是,70.4,0.51,7.95
600903,周线,2026-06-19,8.04,80,S,5.9,7.7,6.58,30.5,62.2,BREAKOUT,是,是,52.5,0.84,6.45
300424,周线,2026-06-19,18.75,80,S,6.9,21.6,15.78,213.0,39.6,READY,否,是,49.5,0.68,15.46
002803,周线,2026-06-19,22.67,80,S,9.36,23.72,15.55,153.4,56.9,LEG1,否,是,69.3,0.52,15.24
603211,周线,2026-06-19,33.13,80,S,11.3,25.22,20.52,123.2,33.8,BREAKOUT,是,是,73.7,0.78,20.11
301308,周线,2026-06-19,571.68,80,S,60.59,638.5,262.9,953.8,65.0,LEG1,否,是,73.5,0.73,257.64
301322,周线,2026-06-19,57.11,80,S,16.77,38.0,27.32,126.6,50.3,BREAKOUT,是,是,74.3,0.68,26.77
600207,周线,2026-06-19,6.83,80,S,2.9,7.7,5.23,165.5,51.5,READY,否,是,56.7,0.6,5.13
600222,周线,2026-06-19,7.88,80,S,3.75,7.69,6.35,105.1,34.0,BREAKOUT,是,是,55.5,0.51,6.22
688290,周线,2026-06-19,66.08,80,S,24.57,68.71,44.16,179.6,55.6,BREAKOUT,否,是,62.0,0.69,43.28
688291,周线,2026-06-19,50.66,80,S,14.0,56.25,35.0,301.8,50.3,READY,否,是,57.7,0.6,34.3
688690,周线,2026-06-19,40.41,80,S,13.23,31.01,22.61,134.4,47.2,BREAKOUT,是,是,67.7,0.94,22.16
688693,周线,2026-06-19,103.49,80,S,20.5,148.5,37.77,624.4,86.5,LEG1,否,是,57.9,0.36,37.01
603116,周线,2026-06-19,6.7,80,S,3.88,8.52,5.19,119.6,71.8,LEG1,否,是,48.4,0.52,5.09
688699,周线,2026-06-19,65.35,80,S,20.18,76.2,41.23,277.6,62.4,READY,否,是,67.5,0.57,40.41
688702,周线,2026-06-19,303.0,80,S,27.04,368.88,108.9,1264.2,76.1,LEG1,否,是,65.1,0.7,106.72
688319,周线,2026-06-19,36.75,80,S,7.06,32.29,22.93,357.4,37.1,BREAKOUT,是,是,65.5,0.54,22.47
688325,周线,2026-06-19,141.96,80,S,18.38,140.0,80.21,661.7,49.2,LEG1,是,是,69.4,0.66,78.61
688328,周线,2026-06-19,75.38,80,S,11.33,50.15,23.96,342.6,67.5,LEG1,是,是,73.6,0.47,23.48
301329,周线,2026-06-19,26.39,80,S,12.19,28.2,20.33,131.3,49.2,BREAKOUT,否,是,53.9,0.98,19.92
600184,周线,2026-06-19,26.67,80,S,7.11,30.89,14.32,334.5,69.7,LEG1,否,是,64.2,0.76,14.03
688368,周线,2026-06-19,205.1,80,S,47.5,183.87,111.0,287.1,53.4,BREAKOUT,是,是,65.6,0.85,108.78
002816,周线,2026-06-19,27.1,80,S,7.2,28.67,20.22,298.2,39.4,READY,否,是,64.3,0.63,19.82
300390,周线,2026-06-19,91.75,80,S,15.62,119.06,42.89,662.2,73.6,LEG1,否,是,59.0,0.82,42.03
300395,周线,2026-06-19,134.88,80,S,21.73,135.88,90.1,525.3,40.1,BREAKOUT,否,是,63.4,0.86,88.3
600885,周线,2026-06-19,33.94,80,S,20.9,33.54,28.48,60.5,40.0,BREAKOUT,是,是,62.1,0.48,27.91
002823,周线,2026-06-19,17.15,80,S,6.79,17.38,14.76,156.0,24.7,BREAKOUT,否,是,51.1,0.94,14.46
002838,周线,2026-06-19,34.8,80,S,7.98,30.79,23.02,285.8,34.1,BREAKOUT,是,是,66.8,0.92,22.56
002856,周线,2026-06-19,20.84,80,S,5.41,16.55,10.41,205.9,55.1,BREAKOUT,是,是,61.2,0.45,10.2
688376,周线,2026-06-19,83.74,80,S,24.25,82.68,53.81,240.9,49.4,BREAKOUT,是,是,67.8,1.0,52.73
301362,周线,2026-06-19,233.99,80,S,25.53,54.58,39.23,113.8,52.8,BREAKOUT,是,是,69.9,0.71,38.45
301372,周线,2026-06-19,35.25,80,S,14.61,41.5,24.06,184.1,64.9,LEG1,否,是,60.0,0.45,23.58
600172,周线,2026-06-19,13.3,80,S,1.8,11.59,7.53,543.9,41.5,BREAKOUT,是,是,68.4,0.74,7.38
688677,周线,2026-06-19,118.15,80,S,25.48,51.19,36.01,100.9,59.0,BREAKOUT,是,是,58.3,0.7,35.29
688350,周线,2026-06-19,34.59,80,S,9.23,34.69,24.48,275.8,40.1,BREAKOUT,否,是,59.0,0.67,23.99
688352,周线,2026-06-19,18.81,80,S,8.23,17.07,11.82,107.4,59.4,BREAKOUT,是,是,67.2,1.0,11.58
301486,周线,2026-06-19,260.12,80,S,25.07,253.33,139.55,910.5,49.8,BREAKOUT,是,是,66.3,0.76,136.76
002870,周线,2026-06-19,40.85,80,S,21.49,44.92,34.51,109.0,44.4,LEG1,否,是,58.8,0.62,33.82
300382,周线,2026-06-19,15.36,80,S,4.88,17.38,10.43,256.1,55.6,READY,否,是,54.0,0.73,10.22
600919,周线,2026-06-19,11.53,80,S,7.17,10.68,9.86,49.0,23.4,BREAKOUT,是,是,63.2,0.73,9.66
600936,周线,2026-06-19,4.95,80,S,1.92,5.06,3.64,163.5,45.2,BREAKOUT,否,是,51.7,0.72,3.57
002876,周线,2026-06-19,32.55,80,S,17.52,29.38,23.92,67.7,46.0,BREAKOUT,是,是,61.1,0.88,23.44
002885,周线,2026-06-19,42.32,80,S,9.24,33.77,22.72,265.5,45.0,BREAKOUT,是,是,58.9,0.58,22.27
603052,周线,2026-06-19,91.84,80,S,22.66,120.47,54.04,431.6,67.9,LEG1,否,是,57.9,0.41,52.96
603110,周线,2026-06-19,22.66,80,S,8.31,27.58,14.56,231.9,67.6,LEG1,否,是,63.8,0.73,14.27
002951,周线,2026-06-19,16.17,80,S,3.89,19.48,13.9,400.8,35.8,BREAKOUT,否,是,48.6,0.86,13.62
603061,周线,2026-06-19,340.24,80,S,53.8,318.88,220.1,492.7,37.3,BREAKOUT,是,是,72.2,0.62,215.7
603063,周线,2026-06-19,52.48,80,S,11.08,35.47,27.98,220.1,30.7,BREAKOUT,是,是,61.6,0.53,27.42
300323,周线,2026-06-19,16.8,80,S,3.79,13.68,7.95,260.9,57.9,LEG1,是,是,61.2,0.59,7.79
300327,周线,2026-06-19,28.24,80,S,13.65,35.75,22.65,161.9,59.3,READY,否,是,53.1,0.75,22.2
300328,周线,2026-06-19,19.28,80,S,3.85,20.82,15.6,440.8,30.8,BREAKOUT,否,是,53.3,0.8,15.29
002888,周线,2026-06-19,20.35,80,S,9.87,22.05,17.28,123.4,39.2,BREAKOUT,否,是,52.0,0.72,16.93
002897,周线,2026-06-19,88.0,80,S,25.42,76.2,56.64,199.8,38.5,BREAKOUT,是,是,67.3,0.57,55.51
002902,周线,2026-06-19,35.15,80,S,14.25,43.03,19.42,202.0,82.0,LEG1,否,是,61.8,0.85,19.03
002903,周线,2026-06-19,53.32,80,S,12.56,33.41,20.02,166.0,64.2,BREAKOUT,是,是,74.1,0.66,19.62
603083,周线,2026-06-19,203.29,80,S,24.76,144.7,98.84,484.4,38.2,BREAKOUT,是,是,71.1,0.59,96.86
688390,周线,2026-06-19,115.55,80,S,35.8,108.55,80.0,203.2,39.2,BREAKOUT,是,是,55.8,0.53,78.4
688391,周线,2026-06-19,33.49,80,S,23.8,35.79,28.44,50.4,61.3,READY,否,是,61.5,0.87,27.87
688392,周线,2026-06-19,174.15,80,S,27.78,160.0,93.7,476.0,50.1,BREAKOUT,是,是,72.7,0.97,91.83
688360,周线,2026-06-19,20.77,80,S,10.3,23.09,16.72,124.2,49.8,BREAKOUT,否,是,49.5,0.87,16.39
688361,周线,2026-06-19,251.71,80,S,46.12,220.88,147.98,378.9,41.7,BREAKOUT,是,是,68.7,0.82,145.02
002913,周线,2026-06-19,67.68,80,S,18.59,54.5,32.55,193.2,61.1,LEG1,是,是,74.4,0.91,31.9
688646,周线,2026-06-19,66.35,80,S,21.2,54.23,29.94,155.8,73.5,LEG1,是,是,66.1,0.45,29.34
688652,周线,2026-06-19,157.68,80,S,34.01,142.43,93.31,318.8,45.3,BREAKOUT,是,是,68.6,0.96,91.44
688653,周线,2026-06-19,15.19,80,S,9.58,15.88,11.99,65.8,61.7,BREAKOUT,否,是,59.5,0.78,11.75
688655,周线,2026-06-19,52.55,80,S,6.28,70.2,16.49,1017.8,84.0,LEG1,否,是,59.2,0.68,16.16
688663,周线,2026-06-19,88.7,80,S,15.9,66.5,20.46,318.2,91.0,LEG1,是,是,68.9,0.41,20.05
688400,周线,2026-06-19,60.55,80,S,13.51,49.55,37.57,266.8,33.2,BREAKOUT,是,是,60.4,0.62,36.82
688411,周线,2026-06-19,276.77,80,S,62.26,299.85,212.77,381.6,36.7,READY,否,是,61.4,0.59,208.51
301603,周线,2026-06-19,146.5,80,S,33.53,82.4,62.31,145.8,41.1,BREAKOUT,是,是,71.0,0.63,61.06
002925,周线,2026-06-19,21.85,80,S,10.42,24.3,18.54,133.2,41.5,READY,否,是,57.6,0.91,18.17
603010,周线,2026-06-19,14.24,80,S,7.72,12.68,9.98,64.2,54.4,BREAKOUT,是,是,58.7,0.66,9.78
300302,周线,2026-06-19,51.03,80,S,6.51,28.39,17.18,336.1,51.2,BREAKOUT,是,是,67.3,0.84,16.84
601001,周线,2026-06-19,19.1,80,S,10.89,16.95,13.1,55.6,63.5,BREAKOUT,是,是,54.4,0.65,12.84
300313,周线,2026-06-19,8.69,80,S,4.34,9.85,6.89,127.0,53.7,BREAKOUT,否,是,50.2,0.43,6.75
300316,周线,2026-06-19,51.87,80,S,21.39,65.9,39.82,208.1,58.6,READY,否,是,58.7,0.62,39.02
002948,周线,2026-06-19,5.77,80,S,3.01,6.22,4.85,106.6,42.7,LEG1,否,是,57.4,0.4,4.75
688620,周线,2026-06-19,12.94,80,S,6.3,13.14,10.0,108.6,45.9,BREAKOUT,否,是,56.9,0.8,9.8
688622,周线,2026-06-19,140.66,80,S,13.39,100.5,70.0,650.6,35.0,BREAKOUT,是,是,69.6,0.33,68.6
688628,周线,2026-06-19,102.01,80,S,26.1,38.05,30.41,45.8,63.9,BREAKOUT,是,是,69.9,0.93,29.8
688629,周线,2026-06-19,157.05,80,S,14.7,137.36,69.8,834.4,55.1,LEG1,是,是,72.5,0.56,68.4
688433,周线,2026-06-19,114.38,80,S,14.14,107.0,71.0,656.7,38.8,BREAKOUT,是,是,72.4,0.91,69.58
688450,周线,2026-06-19,47.5,80,S,16.68,30.71,26.02,84.1,33.4,BREAKOUT,是,是,64.8,0.83,25.5
301488,周线,2026-06-19,145.13,80,S,30.58,183.88,121.58,501.3,40.6,READY,否,是,52.4,0.87,119.15
399016,周线,2026-06-19,6889.24,80,S,2767.17,6478.13,3637.74,134.1,76.5,LEG1,是,是,63.5,0.72,3564.99
399018,周线,2026-06-19,7320.55,80,S,2773.97,6831.21,3610.41,146.3,79.4,LEG1,是,是,68.7,0.86,3538.2
601988,周线,2026-06-19,5.94,80,S,4.38,5.97,5.23,36.3,46.5,BREAKOUT,否,是,55.4,0.7,5.13
603001,周线,2026-06-19,10.81,80,S,3.73,10.6,8.12,184.2,36.1,BREAKOUT,是,是,62.8,0.92,7.96
300265,周线,2026-06-19,23.72,80,S,4.68,26.71,9.05,470.7,80.2,LEG1,否,是,62.4,0.55,8.87
300286,周线,2026-06-19,28.83,80,S,14.3,35.34,23.25,147.1,57.5,READY,否,是,53.3,0.66,22.79
603005,周线,2026-06-19,46.12,80,S,13.44,35.84,25.92,166.7,44.3,BREAKOUT,是,是,74.3,0.75,25.4
002963,周线,2026-06-19,18.23,80,S,7.77,17.16,13.12,120.8,43.0,BREAKOUT,是,是,57.0,0.93,12.86
002975,周线,2026-06-19,142.57,80,S,19.42,91.0,65.6,368.6,35.5,BREAKOUT,是,是,68.1,0.81,64.29
301555,周线,2026-06-19,44.36,80,S,19.1,43.68,31.2,128.7,50.8,BREAKOUT,是,是,71.6,0.97,30.58
301577,周线,2026-06-19,94.92,80,S,39.5,77.08,57.41,95.1,52.3,BREAKOUT,是,是,69.1,0.76,56.26
301588,周线,2026-06-19,41.32,80,S,13.66,28.05,20.23,105.3,54.3,BREAKOUT,是,是,74.5,0.77,19.83
399276,周线,2026-06-19,10257.03,80,S,3454.15,8894.57,4499.45,157.5,80.8,LEG1,是,是,68.8,0.69,4409.46
399293,周线,2026-06-19,8469.89,80,S,2771.86,6798.1,3713.98,145.3,76.6,LEG1,是,是,73.7,0.88,3639.7
601939,周线,2026-06-19,10.13,80,S,6.97,9.97,8.52,43.0,48.3,BREAKOUT,是,是,57.6,0.86,8.35
601963,周线,2026-06-19,11.26,80,S,6.53,11.79,9.65,80.6,40.7,BREAKOUT,否,是,52.6,0.68,9.46
002979,周线,2026-06-19,55.96,80,S,11.73,46.44,34.32,295.9,34.9,BREAKOUT,是,是,63.2,0.75,33.63
601133,周线,2026-06-19,33.12,80,S,8.19,20.3,15.02,147.9,43.6,BREAKOUT,是,是,71.5,0.73,14.72
601138,周线,2026-06-19,72.64,80,S,14.58,83.88,47.35,475.3,52.7,READY,否,是,69.0,0.56,46.4
300243,周线,2026-06-19,20.85,80,S,5.12,18.2,9.75,255.5,64.6,LEG1,是,是,71.4,0.86,9.55
601100,周线,2026-06-19,118.0,80,S,41.55,125.98,89.1,203.2,43.7,READY,否,是,60.3,0.52,87.32
601101,周线,2026-06-19,11.37,80,S,6.6,9.44,8.08,43.0,47.9,BREAKOUT,是,是,55.9,0.63,7.92
300259,周线,2026-06-19,5.71,80,S,2.32,5.34,4.3,130.2,34.4,BREAKOUT,是,是,54.0,0.67,4.21
002980,周线,2026-06-19,125.55,80,S,14.97,26.66,20.16,78.1,55.6,BREAKOUT,是,是,74.7,0.66,19.76
002957,周线,2026-06-19,57.36,80,S,9.97,31.97,23.76,220.7,37.3,BREAKOUT,是,是,67.0,0.61,23.28
300057,周线,2026-06-19,9.22,80,S,3.5,10.26,5.23,193.1,74.4,LEG1,否,是,63.0,0.76,5.13
002983,周线,2026-06-19,26.04,80,S,13.99,27.97,21.6,99.9,45.6,READY,否,是,61.7,0.65,21.17
002990,周线,2026-06-19,53.84,80,S,16.75,70.8,25.22,322.7,84.3,LEG1,否,是,58.6,0.7,24.72
003018,周线,2026-06-19,61.9,80,S,5.73,27.31,8.35,376.6,87.9,LEG1,是,是,64.8,0.62,8.18
601838,周线,2026-06-19,19.23,80,S,12.83,18.83,15.37,46.8,57.7,BREAKOUT,是,是,62.6,0.59,15.06
300210,周线,2026-06-19,9.65,80,S,5.98,11.82,8.39,97.7,58.7,BREAKOUT,否,是,43.8,0.52,8.22
300214,周线,2026-06-19,8.55,80,S,4.01,9.97,6.69,148.6,55.0,LEG1,否,是,59.9,0.82,6.56
300219,周线,2026-06-19,9.24,80,S,4.7,9.02,6.93,91.9,48.4,BREAKOUT,是,是,65.1,0.94,6.79
300223,周线,2026-06-19,171.7,80,S,41.38,151.98,103.76,267.3,43.6,BREAKOUT,是,是,74.6,0.92,101.68
601918,周线,2026-06-19,9.39,80,S,6.18,8.53,7.26,38.0,54.0,BREAKOUT,是,是,56.8,0.68,7.11
688609,周线,2026-06-19,11.74,80,S,5.8,10.67,7.72,84.0,60.6,BREAKOUT,是,是,60.8,0.91,7.57
688611,周线,2026-06-19,77.2,80,S,17.05,66.96,49.21,292.7,35.6,BREAKOUT,是,是,71.5,0.76,48.23
688612,周线,2026-06-19,33.45,80,S,17.68,35.48,27.03,100.7,47.5,BREAKOUT,否,是,52.1,0.71,26.49
688485,周线,2026-06-19,56.58,80,S,6.87,67.0,12.35,875.3,90.9,LEG1,否,是,67.7,0.5,12.1
688498,周线,2026-06-19,1612.0,80,S,78.3,1766.88,123.09,2156.6,97.3,LEG1,否,是,68.6,0.88,120.63
688619,周线,2026-06-19,17.32,80,S,5.51,17.58,13.7,219.1,32.1,BREAKOUT,否,是,54.5,0.66,13.43
399102,周线,2026-06-19,4773.93,80,S,1787.87,4827.74,2336.28,170.0,82.0,LEG1,否,是,69.2,0.65,2289.55
399673,周线,2026-06-19,4478.69,80,S,1411.72,3587.94,1956.26,154.2,75.0,LEG1,是,是,73.5,0.64,1917.13
300137,周线,2026-06-19,16.92,80,S,3.36,11.6,5.43,245.2,74.9,LEG1,是,是,54.5,0.55,5.32
399678,周线,2026-06-19,745.96,80,S,353.24,755.04,590.29,113.7,41.0,LEG1,否,是,68.0,0.62,578.48
399850,周线,2026-06-19,10570.72,80,S,5739.3,9434.15,6844.03,64.4,70.1,LEG1,是,是,71.9,0.98,6707.15
688585,周线,2026-06-19,174.54,80,S,4.2,170.9,104.6,3969.0,39.8,BREAKOUT,是,是,64.8,0.77,102.51
399330,周线,2026-06-19,6839.0,80,S,3579.57,6054.98,4063.56,69.2,80.4,LEG1,是,是,71.1,0.99,3982.29
399346,周线,2026-06-19,5460.22,80,S,2211.16,4693.24,2637.9,112.3,82.8,LEG1,是,是,71.5,0.81,2585.14
399355,周线,2026-06-19,3825.42,80,S,2403.14,3872.6,3376.81,61.1,33.7,LEG1,否,是,68.5,0.78,3309.27
600008,周线,2026-06-19,3.14,80,S,2.65,3.29,3.01,24.2,43.8,READY,否,是,55.1,0.59,2.95
600011,周线,2026-06-19,7.92,80,S,6.15,8.0,7.0,30.1,54.1,BREAKOUT,否,是,55.0,0.8,6.86
399356,周线,2026-06-19,10326.63,80,S,7439.4,10563.5,9218.5,42.0,43.1,LEG1,否,是,62.1,0.86,9034.13
399360,周线,2026-06-19,8540.67,80,S,3095.01,8645.09,4934.84,179.3,66.9,LEG1,否,是,55.9,0.78,4836.14
399608,周线,2026-06-19,5327.02,80,S,1969.99,4492.86,2547.65,128.1,77.1,LEG1,是,是,72.3,0.73,2496.7
300236,周线,2026-06-19,106.56,80,S,25.2,89.37,69.16,254.6,31.5,BREAKOUT,是,是,73.2,0.8,67.78
601126,周线,2026-06-19,70.87,80,S,11.88,55.66,39.7,368.5,36.5,BREAKOUT,是,是,63.1,0.83,38.91
001266,周线,2026-06-19,50.82,80,S,17.53,38.05,29.82,117.1,40.1,BREAKOUT,是,是,65.4,0.64,29.22
001268,周线,2026-06-19,41.74,80,S,12.66,39.39,28.31,211.1,41.5,BREAKOUT,是,是,66.2,0.7,27.74
001286,周线,2026-06-19,11.89,80,S,7.35,10.38,9.27,41.2,36.6,BREAKOUT,是,是,56.4,0.5,9.08
001289,周线,2026-06-19,17.37,80,S,13.39,19.5,15.73,45.6,61.7,LEG1,否,是,51.6,0.49,15.42
300905,周线,2026-06-19,59.25,80,S,9.54,83.0,29.18,770.0,73.3,LEG1,否,是,54.1,0.44,28.6
300907,周线,2026-06-19,46.01,80,S,10.82,31.88,27.55,194.6,20.6,BREAKOUT,是,是,68.7,0.86,27.0
300909,周线,2026-06-19,51.14,80,S,14.25,57.0,36.07,300.0,49.0,READY,否,是,66.7,0.97,35.35
600520,周线,2026-06-19,30.84,80,S,12.11,31.72,22.6,161.9,46.5,READY,否,是,60.2,0.97,22.15
605058,周线,2026-06-19,41.5,80,S,12.04,35.29,26.33,193.1,38.5,BREAKOUT,是,是,68.2,0.84,25.8
001301,周线,2026-06-19,92.8,80,S,22.71,89.0,77.89,291.9,16.8,BREAKOUT,是,是,67.9,0.48,76.33
605303,周线,2026-06-19,31.49,80,S,5.68,19.4,17.1,241.5,16.8,BREAKOUT,是,是,67.0,0.72,16.76
399372,周线,2026-06-19,5869.27,80,S,3179.79,6013.69,3630.21,89.1,84.1,LEG1,否,是,66.8,0.8,3557.61
688531,周线,2026-06-19,181.3,80,S,35.74,80.0,62.8,123.8,38.9,BREAKOUT,是,是,73.7,0.88,61.54
688548,周线,2026-06-19,33.5,80,S,7.0,30.0,21.28,328.6,37.9,BREAKOUT,是,是,71.8,0.82,20.85
688508,周线,2026-06-19,92.22,80,S,26.32,77.38,54.87,194.0,44.1,BREAKOUT,是,是,65.9,0.8,53.77
688509,周线,2026-06-19,4.8,80,S,2.65,6.4,4.15,141.5,60.0,READY,否,是,51.3,0.8,4.07
001269,周线,2026-06-19,26.35,79,A,18.01,26.6,22.83,47.7,43.9,BREAKOUT,否,否,63.3,1.07,22.37
300558,周线,2026-06-19,50.75,79,A,30.43,52.83,40.1,73.6,56.8,BREAKOUT,否,否,53.5,1.08,39.3
300556,周线,2026-06-19,19.48,79,A,14.49,22.36,17.68,54.3,59.5,LEG1,否,否,49.7,1.24,17.33
603990,周线,2026-06-19,22.52,77,A,6.93,15.75,13.74,127.3,22.8,BREAKOUT,是,是,85.3,1.12,13.47
003022,周线,2026-06-19,28.3,77,A,11.94,22.54,18.47,88.8,38.4,BREAKOUT,是,是,79.9,1.03,18.1
301092,周线,2026-06-19,51.3,77,A,15.53,43.17,31.3,178.0,42.9,BREAKOUT,是,是,82.4,1.25,30.67
003004,周线,2026-06-19,66.27,77,A,13.02,33.68,18.7,158.7,72.5,LEG1,是,是,95.6,1.16,18.33
003043,周线,2026-06-19,80.99,77,A,26.66,57.67,44.35,116.3,43.0,BREAKOUT,是,是,82.4,1.16,43.46
300234,周线,2026-06-19,11.33,77,A,2.91,6.95,5.67,138.8,31.7,BREAKOUT,是,是,93.9,1.2,5.56
002851,周线,2026-06-19,178.9,77,A,18.0,140.39,93.63,679.9,38.2,BREAKOUT,是,是,78.7,1.05,91.76
688020,周线,2026-06-19,232.31,77,A,20.44,107.05,76.68,423.7,35.1,BREAKOUT,是,是,80.2,1.18,75.15
000668,周线,2026-06-19,21.24,77,A,4.09,16.06,8.59,292.7,62.4,LEG1,是,是,81.4,1.22,8.42
002886,周线,2026-06-19,31.09,77,A,10.03,26.56,19.53,164.8,42.5,BREAKOUT,是,是,78.7,1.18,19.14
603011,周线,2026-06-19,35.95,77,A,4.41,28.46,19.22,545.4,38.4,BREAKOUT,是,是,77.6,1.24,18.84
688362,周线,2026-06-19,69.4,77,A,14.88,54.36,34.3,265.3,50.8,BREAKOUT,是,是,76.7,1.22,33.61
002436,周线,2026-06-19,47.8,77,A,8.05,27.34,19.51,239.6,40.6,BREAKOUT,是,是,88.2,1.08,19.12
300998,周线,2026-06-19,31.69,77,A,12.11,25.3,21.24,108.9,30.8,BREAKOUT,是,是,76.7,1.14,20.82
002848,周线,2026-06-19,13.94,77,A,4.4,13.38,7.32,204.1,67.5,LEG1,是,是,46.1,1.08,7.17
300283,周线,2026-06-19,22.15,77,A,3.36,9.48,6.96,182.1,41.2,BREAKOUT,是,是,80.1,1.19,6.82
603125,周线,2026-06-19,28.4,77,A,14.33,20.91,16.76,45.9,63.1,LEG1,是,是,79.7,1.11,16.42
300304,周线,2026-06-19,17.86,77,A,4.35,15.65,11.03,259.8,40.9,BREAKOUT,是,是,78.1,1.13,10.81
688603,周线,2026-06-19,196.12,77,A,31.15,105.3,65.88,238.0,53.2,BREAKOUT,是,是,76.9,1.25,64.56
601991,周线,2026-06-19,9.13,77,A,2.4,4.99,3.68,107.9,50.6,BREAKOUT,是,是,76.1,1.16,3.61
688403,周线,2026-06-19,28.82,77,A,6.37,23.89,13.44,275.0,59.6,BREAKOUT,是,是,87.4,1.01,13.17
688401,周线,2026-06-19,83.05,77,A,18.19,63.7,44.2,250.2,42.8,BREAKOUT,是,是,77.8,1.07,43.32
300037,周线,2026-06-19,86.02,77,A,26.46,68.05,47.66,157.2,49.0,BREAKOUT,是,是,78.6,1.07,46.71
002047,周线,2026-06-19,4.73,77,A,1.32,6.11,4.5,362.9,33.6,READY,否,是,47.2,1.18,4.41
688082,周线,2026-06-19,361.2,77,A,68.8,218.49,138.56,217.6,53.4,BREAKOUT,是,是,94.2,1.15,135.79
605006,周线,2026-06-19,26.0,77,A,3.91,11.4,8.02,191.6,45.1,BREAKOUT,是,是,96.5,1.06,7.86
605566,周线,2026-06-19,51.44,77,A,12.58,34.9,24.16,177.4,48.1,BREAKOUT,是,是,94.8,1.27,23.68
301070,周线,2026-06-19,82.45,77,A,18.09,116.97,49.0,546.6,68.7,LEG1,否,是,43.2,1.02,48.02
301389,周线,2026-06-19,103.0,77,A,9.05,58.94,48.46,551.3,21.0,BREAKOUT,是,是,85.0,1.15,47.49
002824,周线,2026-06-19,35.94,77,A,10.73,31.83,16.57,196.6,72.3,BREAKOUT,是,是,79.9,1.03,16.24
601636,周线,2026-06-19,8.67,77,A,4.6,7.7,5.68,67.4,65.2,BREAKOUT,是,是,77.0,1.02,5.57
300054,周线,2026-06-19,91.13,77,A,15.36,49.2,24.48,220.3,73.0,LEG1,是,是,86.3,1.1,23.99
002700,周线,2026-06-19,9.53,77,A,4.28,8.18,6.34,91.1,47.2,BREAKOUT,是,否,88.2,1.37,6.21
688379,周线,2026-06-19,89.5,77,A,10.6,61.48,43.0,480.0,36.3,BREAKOUT,是,是,80.6,1.27,42.14
002138,周线,2026-06-19,66.52,77,A,21.06,44.44,32.01,111.0,53.2,BREAKOUT,是,是,89.4,1.24,31.37
300852,周线,2026-06-19,60.02,77,A,19.92,56.5,37.7,183.6,51.4,BREAKOUT,是,是,76.0,1.0,36.95
688381,周线,2026-06-19,50.38,77,A,13.22,26.8,20.2,102.7,48.6,BREAKOUT,是,是,79.3,1.19,19.8
600999,周线,2026-06-19,19.1,77,A,13.45,17.84,16.18,32.6,37.8,BREAKOUT,是,否,80.6,1.51,15.86
688003,周线,2026-06-19,116.2,77,A,21.12,84.99,53.47,302.4,49.4,BREAKOUT,是,是,85.5,1.26,52.4
688061,周线,2026-06-19,48.51,77,A,20.0,38.53,28.73,92.7,52.9,BREAKOUT,是,是,76.2,1.3,28.16
603078,周线,2026-06-19,47.28,77,A,9.11,31.78,21.02,248.8,47.5,BREAKOUT,是,是,94.0,1.06,20.6
301099,周线,2026-06-19,92.87,77,A,24.5,54.18,41.78,121.1,41.8,BREAKOUT,是,是,76.8,1.2,40.94
603938,周线,2026-06-19,55.44,77,A,9.4,32.06,21.4,241.1,47.0,BREAKOUT,是,是,82.4,1.07,20.97
300331,周线,2026-06-19,71.13,77,A,11.63,55.2,37.89,374.6,39.7,BREAKOUT,是,是,86.8,1.2,37.13
600906,周线,2026-06-19,7.41,77,A,5.49,7.44,6.65,35.5,40.5,READY,否,否,77.9,3.19,6.52
603139,周线,2026-06-19,44.13,77,A,8.81,24.37,12.82,176.6,74.2,LEG1,是,是,78.8,1.15,12.56
000636,周线,2026-06-19,74.06,77,A,8.72,27.5,18.41,215.4,48.4,BREAKOUT,是,是,95.9,1.06,18.04
300821,周线,2026-06-19,20.45,77,A,5.72,14.89,10.91,160.3,43.4,BREAKOUT,是,是,82.8,1.3,10.69
300433,周线,2026-06-19,51.21,77,A,9.77,43.44,24.94,344.6,54.9,BREAKOUT,是,是,76.9,1.25,24.44
300400,周线,2026-06-19,43.61,77,A,7.36,23.6,17.76,220.7,36.0,BREAKOUT,是,是,83.5,1.05,17.4
300398,周线,2026-06-19,46.93,77,A,9.01,34.1,23.61,278.5,41.8,BREAKOUT,是,是,83.8,1.04,23.14
688090,周线,2026-06-19,122.38,77,A,17.41,61.1,46.23,250.9,34.0,BREAKOUT,是,是,83.1,1.23,45.31
600641,周线,2026-06-19,33.0,77,A,9.14,21.29,16.75,132.9,37.4,BREAKOUT,是,是,79.6,1.12,16.41
300747,周线,2026-06-19,54.93,77,A,13.28,36.91,26.01,177.9,46.1,BREAKOUT,是,是,92.7,1.13,25.49
300786,周线,2026-06-19,21.65,77,A,7.52,17.95,13.7,138.7,40.7,BREAKOUT,是,是,77.7,1.09,13.43
688322,周线,2026-06-19,130.68,77,A,18.83,108.88,72.45,478.2,40.5,BREAKOUT,是,是,76.7,1.25,71.0
600857,周线,2026-06-19,16.12,77,A,5.06,18.68,11.11,269.2,55.6,READY,否,是,81.5,1.21,10.89
688112,周线,2026-06-19,77.32,77,A,20.36,47.48,35.77,133.2,43.2,BREAKOUT,是,是,82.0,1.12,35.05
002645,周线,2026-06-19,34.22,77,A,5.65,18.6,14.2,229.2,34.0,BREAKOUT,是,是,83.2,1.03,13.92
603688,周线,2026-06-19,79.34,77,A,21.58,55.75,40.39,158.3,45.0,BREAKOUT,是,是,79.2,1.01,39.58
603738,周线,2026-06-19,59.0,77,A,9.0,18.26,14.77,102.9,37.7,BREAKOUT,是,是,77.0,1.09,14.47
603269,周线,2026-06-19,23.53,77,A,6.94,19.24,11.91,177.2,59.6,LEG1,是,是,76.5,1.04,11.67
603993,周线,2026-06-19,20.17,77,A,5.91,21.45,16.32,262.9,33.0,LEG1,否,是,57.8,1.17,15.99
688337,周线,2026-06-19,78.57,77,A,22.04,50.0,36.4,126.9,48.6,BREAKOUT,是,是,79.6,1.02,35.67
688167,周线,2026-06-19,399.23,77,A,39.91,549.0,118.61,1275.6,84.5,LEG1,否,是,51.9,1.04,116.24
603678,周线,2026-06-19,69.71,77,A,16.3,44.2,30.91,171.2,47.6,BREAKOUT,是,是,81.6,1.27,30.29
603663,周线,2026-06-19,79.54,77,A,7.66,56.9,39.14,642.8,36.1,BREAKOUT,是,是,87.4,1.1,38.36
002585,周线,2026-06-19,14.86,77,A,4.11,8.33,6.45,102.7,44.5,BREAKOUT,是,是,90.8,1.28,6.32
688233,周线,2026-06-19,121.71,77,A,13.64,108.97,66.7,698.9,44.3,BREAKOUT,是,是,76.2,1.25,65.37
688147,周线,2026-06-19,116.07,77,A,18.35,98.0,60.6,434.1,47.0,BREAKOUT,是,是,78.0,1.15,59.39
301176,周线,2026-06-19,79.89,77,A,7.4,41.6,23.14,462.2,54.0,BREAKOUT,是,是,87.5,1.26,22.68
300679,周线,2026-06-19,66.31,77,A,27.42,51.95,44.9,89.5,28.7,BREAKOUT,是,是,77.2,1.12,44.0
603311,周线,2026-06-19,40.39,77,A,6.4,13.45,9.06,110.2,62.3,LEG1,是,是,83.2,1.04,8.88
605318,周线,2026-06-19,131.1,77,A,12.56,82.37,49.81,555.8,46.6,LEG1,是,是,79.8,1.15,48.81
300576,周线,2026-06-19,51.22,77,A,25.5,47.5,34.35,86.3,59.8,LEG1,是,是,76.3,1.28,33.66
600078,周线,2026-06-19,13.41,75,A,4.46,14.95,10.47,235.2,42.7,BREAKOUT,否,是,51.8,0.82,10.26
600076,周线,2026-06-19,3.34,75,A,1.24,4.66,3.24,275.8,41.5,LEG1,否,是,42.1,0.39,3.18
301571,周线,2026-06-19,70.3,75,A,33.5,78.0,53.83,132.8,54.3,LEG1,否,是,62.2,0.97,52.75
601179,周线,2026-06-19,15.79,75,A,4.45,19.89,14.82,347.0,32.8,LEG1,否,是,51.2,0.68,14.52
601168,周线,2026-06-19,31.48,75,A,13.8,34.79,24.51,152.1,49.0,LEG1,否,是,59.0,0.8,24.02
688002,周线,2026-06-19,145.8,75,A,23.56,158.0,96.5,570.6,45.7,LEG1,否,是,67.8,0.77,94.57
000833,周线,2026-06-19,22.13,75,A,3.94,31.72,17.72,705.1,50.4,LEG1,否,是,42.9,0.66,17.37
600482,周线,2026-06-19,31.86,75,A,18.01,43.35,22.0,140.7,84.3,LEG1,否,是,40.4,0.49,21.56
605389,周线,2026-06-19,87.99,75,A,16.1,132.58,24.94,723.5,92.4,LEG1,否,是,47.3,0.8,24.44
300943,周线,2026-06-19,34.5,75,A,6.55,39.98,25.9,510.4,42.1,BREAKOUT,否,是,53.0,0.36,25.38
300084,周线,2026-06-19,11.78,75,A,4.16,13.95,9.88,235.3,41.6,LEG1,否,是,49.8,0.49,9.68
601231,周线,2026-06-19,37.08,75,A,10.81,49.38,32.2,356.8,44.5,READY,否,是,47.5,0.58,31.56
601698,周线,2026-06-19,31.26,75,A,12.75,41.0,30.73,221.6,36.4,LEG1,否,是,42.5,0.5,30.12
003030,周线,2026-06-19,22.92,75,A,12.42,22.7,18.0,82.8,45.7,BREAKOUT,是,是,51.4,0.79,17.64
601868,周线,2026-06-19,2.89,75,A,2.01,3.58,2.78,78.1,51.0,LEG1,否,是,50.2,0.44,2.72
301018,周线,2026-06-19,112.77,75,A,14.45,84.98,49.66,488.1,50.1,BREAKOUT,是,是,49.5,0.79,48.67
000951,周线,2026-06-19,22.0,75,A,13.39,26.85,16.3,100.5,78.4,LEG1,否,是,52.1,0.43,15.97
000949,周线,2026-06-19,6.85,75,A,2.17,8.91,6.11,310.6,41.5,LEG1,否,是,45.8,0.56,5.99
301003,周线,2026-06-19,56.68,75,A,14.4,72.48,34.5,403.3,65.4,LEG1,否,是,58.0,0.66,33.81
301002,周线,2026-06-19,43.89,75,A,10.18,65.1,31.82,539.5,60.6,LEG1,否,是,45.7,0.4,31.18
300990,周线,2026-06-19,93.59,75,A,22.05,97.7,64.55,343.1,43.8,BREAKOUT,否,是,59.2,0.94,63.26
300205,周线,2026-06-19,5.59,75,A,2.5,6.84,3.56,173.6,75.6,LEG1,否,是,49.3,0.37,3.49
601975,周线,2026-06-19,4.66,75,A,2.61,5.4,4.18,106.9,43.7,BREAKOUT,否,是,52.1,0.67,4.1
002970,周线,2026-06-19,68.32,75,A,18.7,80.3,58.6,329.4,35.2,LEG1,否,是,53.8,0.5,57.43
600163,周线,2026-06-19,5.85,75,A,3.33,7.56,5.86,127.0,40.2,LEG1,否,是,40.4,0.5,5.74
600107,周线,2026-06-19,6.31,75,A,2.71,7.06,5.05,160.5,46.2,LEG1,否,是,51.4,0.21,4.95
301548,周线,2026-06-19,74.35,75,A,33.94,93.28,63.6,174.8,50.0,LEG1,否,是,45.5,0.42,62.33
600525,周线,2026-06-19,5.09,75,A,3.01,6.11,4.7,103.0,45.5,READY,否,是,49.2,0.51,4.61
000973,周线,2026-06-19,15.83,75,A,3.03,22.25,11.59,634.3,55.5,LEG1,否,是,48.5,0.82,11.36
000970,周线,2026-06-19,14.27,75,A,7.15,15.55,11.05,117.5,53.6,READY,否,否,69.0,2.08,10.83
000967,周线,2026-06-19,10.25,75,A,3.71,17.09,6.3,360.6,80.6,LEG1,否,是,44.7,0.55,6.17
600509,周线,2026-06-19,8.61,75,A,4.26,11.36,7.57,166.7,53.4,LEG1,否,是,47.8,0.5,7.42
000766,周线,2026-06-19,24.51,75,A,12.12,27.14,21.35,123.9,38.5,LEG1,否,是,56.3,0.57,20.92
000759,周线,2026-06-19,6.05,75,A,2.71,9.5,7.33,250.6,32.0,LEG1,否,否,55.1,1.91,7.18
301446,周线,2026-06-19,42.3,75,A,16.31,52.48,34.98,221.8,48.4,READY,否,是,50.1,0.43,34.28
301421,周线,2026-06-19,100.72,75,A,29.74,122.99,80.88,313.6,45.2,BREAKOUT,否,是,50.3,0.84,79.26
301419,周线,2026-06-19,43.4,75,A,18.8,48.5,29.79,158.0,63.0,LEG1,否,是,53.3,0.87,29.19
301396,周线,2026-06-19,215.61,75,A,13.8,372.6,57.9,2600.0,87.7,LEG1,否,是,50.2,0.92,56.74
300257,周线,2026-06-19,29.14,75,A,7.31,38.43,13.67,425.7,79.6,LEG1,否,是,52.5,0.5,13.4
600539,周线,2026-06-19,16.04,75,A,3.37,21.4,9.99,535.0,63.3,LEG1,否,是,55.5,0.63,9.79
300890,周线,2026-06-19,34.83,75,A,18.01,44.78,28.3,148.6,61.6,LEG1,否,是,49.1,0.53,27.73
001270,周线,2026-06-19,127.78,75,A,25.83,167.37,97.54,548.0,49.3,READY,否,是,46.3,0.75,95.59
001267,周线,2026-06-19,54.96,75,A,3.34,69.78,7.1,1989.2,94.3,LEG1,否,是,59.7,0.6,6.96
001256,周线,2026-06-19,25.61,75,A,11.25,28.55,20.62,153.8,45.8,READY,否,是,57.4,1.0,20.21
001218,周线,2026-06-19,27.24,75,A,12.7,29.29,14.97,130.6,86.3,LEG1,否,是,61.8,0.91,14.67
001203,周线,2026-06-19,34.36,75,A,7.11,54.65,11.16,668.6,91.5,LEG1,否,是,40.1,0.83,10.94
605055,周线,2026-06-19,11.52,75,A,3.4,10.58,7.91,211.2,37.2,BREAKOUT,是,是,49.1,0.6,7.75
300913,周线,2026-06-19,56.98,75,A,17.48,57.83,44.5,230.8,33.0,BREAKOUT,否,是,53.9,0.92,43.61
300912,周线,2026-06-19,27.64,75,A,8.29,37.82,23.8,356.2,47.5,LEG1,否,是,50.9,0.5,23.32
601016,周线,2026-06-19,3.99,75,A,2.53,5.89,2.95,132.8,87.5,LEG1,否,是,43.9,0.28,2.89
601009,周线,2026-06-19,11.14,75,A,9.53,11.95,10.29,25.4,68.6,LEG1,否,是,47.9,0.76,10.08
300274,周线,2026-06-19,149.15,75,A,52.98,181.99,121.74,243.5,46.7,READY,否,是,47.6,0.54,119.31
300264,周线,2026-06-19,8.81,75,A,3.49,11.42,8.05,227.2,42.5,READY,否,是,49.9,0.73,7.89
002952,周线,2026-06-19,24.55,75,A,14.14,28.5,19.27,101.6,64.3,LEG1,否,是,44.1,0.37,18.88
300895,周线,2026-06-19,56.09,75,A,17.02,82.79,55.75,386.4,41.1,READY,否,是,42.8,0.27,54.63
301059,周线,2026-06-19,12.81,75,A,5.85,16.77,12.43,186.7,39.7,LEG1,否,是,34.2,1.43,12.18
688038,周线,2026-06-19,20.67,75,A,5.66,24.3,17.78,329.3,35.0,LEG1,否,是,51.4,0.78,17.42
301499,周线,2026-06-19,35.97,75,A,15.7,40.12,28.4,155.5,48.0,LEG1,否,是,56.2,0.55,27.83
600130,周线,2026-06-19,4.89,75,A,2.4,4.84,3.99,101.7,34.8,BREAKOUT,是,是,50.0,0.52,3.91
603026,周线,2026-06-19,96.48,75,A,25.89,122.16,60.08,371.8,64.5,LEG1,否,是,56.9,0.86,58.88
300317,周线,2026-06-19,4.8,75,A,2.87,6.3,4.61,119.5,49.3,LEG1,否,是,43.3,0.33,4.52
600982,周线,2026-06-19,5.58,75,A,3.17,7.67,4.28,142.0,75.3,LEG1,否,是,45.0,0.33,4.19
603895,周线,2026-06-19,30.16,75,A,12.1,37.8,24.8,212.4,50.6,BREAKOUT,否,是,43.7,0.39,24.3
002034,周线,2026-06-19,17.45,75,A,11.83,23.8,15.64,101.2,68.2,LEG1,否,是,43.1,0.52,15.33
300889,周线,2026-06-19,24.21,75,A,7.34,29.57,19.75,302.9,44.2,LEG1,否,是,49.8,0.63,19.36
300878,周线,2026-06-19,31.21,75,A,13.08,37.11,21.61,183.7,64.5,READY,否,是,54.1,0.82,21.18
603991,周线,2026-06-19,117.9,75,A,24.5,77.88,59.45,217.9,34.5,BREAKOUT,是,是,58.5,0.96,58.26
001696,周线,2026-06-19,24.22,75,A,4.45,25.86,20.05,481.1,27.1,LEG1,否,否,70.6,2.62,19.65
603958,周线,2026-06-19,20.45,75,A,7.5,27.49,12.33,266.5,75.8,LEG1,否,是,45.3,0.35,12.08
300249,周线,2026-06-19,17.41,75,A,4.19,20.98,15.11,400.7,35.0,LEG1,否,是,54.7,0.62,14.81
300246,周线,2026-06-19,18.52,75,A,5.07,14.98,7.67,195.5,73.8,LEG1,是,是,61.0,0.61,7.52
300241,周线,2026-06-19,7.03,75,A,2.59,8.28,5.39,219.7,50.8,LEG1,否,是,51.4,0.65,5.28
000679,周线,2026-06-19,7.35,75,A,2.2,7.3,6.17,231.8,22.2,BREAKOUT,是,否,60.5,1.45,6.05
000669,周线,2026-06-19,4.15,75,A,1.22,5.56,3.95,355.7,37.1,READY,否,是,47.8,0.25,3.87
300303,周线,2026-06-19,9.87,75,A,3.51,12.53,6.2,257.0,70.2,LEG1,否,是,56.3,0.48,6.08
600141,周线,2026-06-19,37.6,75,A,14.31,45.49,30.26,217.9,48.8,READY,否,否,63.9,1.66,29.65
301382,周线,2026-06-19,40.74,75,A,15.77,53.98,31.29,242.3,59.4,LEG1,否,是,50.3,0.72,30.66
688387,周线,2026-06-19,17.37,75,A,4.76,24.3,13.35,410.5,56.0,LEG1,否,是,52.0,0.63,13.08
002931,周线,2026-06-19,76.02,75,A,7.6,118.1,14.41,1453.9,93.8,LEG1,否,是,62.1,0.76,14.12
002929,周线,2026-06-19,61.6,75,A,23.47,58.55,45.02,149.5,38.6,BREAKOUT,是,是,47.4,0.5,44.12
688380,周线,2026-06-19,48.81,75,A,12.72,60.99,40.42,379.5,42.6,READY,否,是,57.1,0.56,39.61
603031,周线,2026-06-19,52.85,75,A,20.85,62.26,39.53,198.6,54.9,READY,否,是,50.6,0.74,38.74
002922,周线,2026-06-19,36.9,75,A,9.81,49.38,34.06,403.4,38.7,READY,否,是,44.8,0.7,33.38
002915,周线,2026-06-19,20.7,75,A,8.55,26.1,18.13,205.3,45.4,READY,否,否,47.6,1.64,17.77
002887,周线,2026-06-19,11.51,75,A,5.23,12.45,10.17,138.0,31.6,BREAKOUT,否,是,40.8,0.33,9.97
600979,周线,2026-06-19,4.69,75,A,2.47,5.74,4.31,132.4,43.7,LEG1,否,是,43.8,0.36,4.22
600956,周线,2026-06-19,8.09,75,A,6.51,11.24,7.4,72.7,81.2,LEG1,否,是,42.8,0.29,7.25
603067,周线,2026-06-19,36.18,75,A,6.83,48.35,30.34,607.9,43.4,READY,否,是,49.6,0.54,29.73
603050,周线,2026-06-19,19.55,75,A,12.5,25.66,18.58,105.3,53.8,READY,否,是,41.7,0.8,18.21
300866,周线,2026-06-19,113.63,75,A,50.21,137.49,91.21,173.8,53.0,LEG1,否,是,45.9,0.51,89.39
300864,周线,2026-06-19,22.06,75,A,13.4,25.88,19.37,93.1,52.2,LEG1,否,是,47.9,0.89,18.98
688028,周线,2026-06-19,113.88,75,A,11.8,141.0,82.8,1094.9,45.0,LEG1,否,是,54.1,0.45,81.14
000720,周线,2026-06-19,4.29,75,A,2.2,7.18,3.25,226.4,78.9,LEG1,否,是,41.9,0.37,3.19
000692,周线,2026-06-19,4.36,75,A,1.88,5.39,3.41,186.7,56.4,LEG1,否,是,43.8,0.43,3.34
000688,周线,2026-06-19,40.8,75,A,6.91,52.73,9.45,663.1,94.5,LEG1,否,是,49.6,0.79,9.26
000682,周线,2026-06-19,12.9,75,A,6.2,15.48,11.58,149.7,42.0,READY,否,是,48.0,0.62,11.35
688081,周线,2026-06-19,47.6,75,A,6.81,48.1,35.44,606.3,30.7,BREAKOUT,否,是,47.4,0.37,34.73
603920,周线,2026-06-19,60.21,75,A,11.25,72.68,48.7,546.0,39.0,READY,否,是,53.4,0.57,47.73
002015,周线,2026-06-19,18.95,75,A,6.3,25.63,9.67,306.8,82.6,LEG1,否,是,49.8,0.38,9.48
002012,周线,2026-06-19,7.12,75,A,2.88,7.67,6.16,166.3,31.5,BREAKOUT,否,是,49.8,0.46,6.04
300870,周线,2026-06-19,374.01,75,A,26.35,450.0,171.17,1607.8,65.8,LEG1,否,是,60.3,0.91,167.75
600156,周线,2026-06-19,9.17,75,A,2.72,15.61,7.01,473.9,66.7,LEG1,否,是,43.4,0.36,6.87
600166,周线,2026-06-19,3.22,75,A,2.2,3.86,2.66,75.5,72.3,LEG1,否,是,51.8,0.56,2.61
301365,周线,2026-06-19,33.87,75,A,8.08,39.27,21.38,386.0,57.4,LEG1,否,是,58.0,0.45,20.95
688676,周线,2026-06-19,92.75,75,A,27.0,107.6,70.58,298.5,45.9,READY,否,是,53.4,0.79,69.17
688372,周线,2026-06-19,164.34,75,A,33.97,106.68,64.99,214.0,57.3,BREAKOUT,是,是,66.0,0.59,63.69
688367,周线,2026-06-19,36.88,75,A,9.09,43.34,13.02,376.8,88.5,LEG1,否,是,49.7,0.51,12.76
603040,周线,2026-06-19,96.42,75,A,16.0,124.58,74.0,678.6,46.6,READY,否,是,62.3,0.76,72.52
002861,周线,2026-06-19,18.2,75,A,6.03,21.49,14.38,256.4,46.0,READY,否,是,56.7,0.51,14.09
002810,周线,2026-06-19,24.62,75,A,10.0,29.63,12.37,196.3,87.9,LEG1,否,是,55.7,0.62,12.12
603093,周线,2026-06-19,20.77,75,A,8.24,25.98,17.12,215.3,49.9,LEG1,否,是,52.1,0.95,16.78
002850,周线,2026-06-19,203.88,75,A,56.0,187.43,143.5,234.7,33.4,BREAKOUT,是,是,60.0,0.82,140.63
002135,周线,2026-06-19,7.81,75,A,3.45,9.66,4.33,180.0,85.8,LEG1,否,是,54.2,0.63,4.24
603861,周线,2026-06-19,15.89,75,A,6.16,22.63,15.02,267.4,46.2,READY,否,是,47.1,0.64,14.72
603906,周线,2026-06-19,24.97,75,A,6.32,34.52,17.04,446.2,62.0,LEG1,否,是,49.5,0.82,16.7
600382,周线,2026-06-19,8.17,75,A,3.24,10.33,7.32,218.8,42.5,LEG1,否,是,44.9,0.78,7.17
600379,周线,2026-06-19,12.29,75,A,6.1,20.8,10.7,241.0,68.7,LEG1,否,是,42.9,0.43,10.49
301096,周线,2026-06-19,55.14,75,A,30.6,63.23,43.0,106.6,62.0,BREAKOUT,否,是,44.9,0.6,42.14
688087,周线,2026-06-19,38.77,75,A,18.21,47.29,25.65,159.7,74.4,LEG1,否,是,48.9,0.69,25.14
600901,周线,2026-06-19,6.44,75,A,4.2,7.23,5.88,72.1,44.6,LEG1,否,是,45.6,0.61,5.76
688345,周线,2026-06-19,52.59,75,A,12.8,41.6,30.16,225.0,39.7,BREAKOUT,是,是,62.9,0.36,29.56
688683,周线,2026-06-19,41.73,75,A,11.2,40.56,30.35,262.1,34.8,BREAKOUT,是,是,58.1,0.77,29.74
688679,周线,2026-06-19,49.9,75,A,5.92,60.8,38.16,927.0,41.3,BREAKOUT,否,是,43.7,0.58,37.4
600179,周线,2026-06-19,4.72,75,A,1.92,4.66,4.14,142.7,19.0,BREAKOUT,是,是,60.8,0.62,4.06
600889,周线,2026-06-19,15.85,75,A,2.75,18.84,13.22,585.1,34.9,READY,否,是,52.7,0.37,12.96
300401,周线,2026-06-19,17.25,75,A,7.58,19.67,13.16,159.5,53.8,LEG1,否,否,69.9,2.34,12.9
300849,周线,2026-06-19,22.34,75,A,7.56,23.5,18.2,210.8,33.2,BREAKOUT,否,是,51.1,0.53,17.84
002149,周线,2026-06-19,60.05,75,A,9.98,78.87,39.92,690.3,56.5,LEG1,否,是,52.0,0.52,39.12
002142,周线,2026-06-19,31.44,75,A,18.35,33.88,25.91,84.6,51.3,LEG1,否,是,51.2,0.62,25.39
000703,周线,2026-06-19,12.65,75,A,5.36,18.35,5.8,242.4,96.6,LEG1,否,是,42.6,0.67,5.68
002774,周线,2026-06-19,12.34,75,A,4.57,13.69,9.76,199.6,43.1,LEG1,否,是,57.4,0.94,9.56
002756,周线,2026-06-19,61.92,75,A,28.7,89.88,45.69,213.2,72.2,LEG1,否,是,42.9,0.78,44.78
300419,周线,2026-06-19,7.08,75,A,2.61,8.05,6.21,208.4,33.8,LEG1,否,是,51.3,0.42,6.09
300416,周线,2026-06-19,19.43,75,A,9.24,21.98,15.66,137.9,49.6,READY,否,是,61.8,0.94,15.35
301195,周线,2026-06-19,34.55,75,A,24.01,37.9,29.85,57.9,58.0,READY,否,否,58.5,1.46,29.25
301179,周线,2026-06-19,21.06,75,A,13.04,29.5,15.04,126.2,87.8,LEG1,否,是,42.1,0.21,14.74
688184,周线,2026-06-19,11.58,75,A,8.6,14.92,9.62,73.5,83.9,LEG1,否,是,47.9,0.35,9.43
000620,周线,2026-06-19,3.01,75,A,1.26,3.51,2.62,178.6,39.6,READY,否,是,53.2,0.63,2.57
603843,周线,2026-06-19,8.38,75,A,1.59,9.85,4.24,519.5,67.9,LEG1,否,是,51.8,0.51,4.16
603838,周线,2026-06-19,9.6,75,A,3.29,10.47,7.04,218.2,47.8,LEG1,否,是,59.4,0.55,6.9
603886,周线,2026-06-19,13.59,75,A,11.03,13.82,12.45,25.3,49.1,LEG1,否,否,62.8,1.71,12.2
603876,周线,2026-06-19,26.04,75,A,7.2,33.5,11.96,365.3,81.9,LEG1,否,是,54.7,0.55,11.72
002169,周线,2026-06-19,14.97,75,A,4.03,16.65,12.54,313.2,32.6,BREAKOUT,否,是,51.5,0.64,12.29
300839,周线,2026-06-19,14.08,75,A,4.9,17.2,12.0,251.0,42.3,BREAKOUT,否,是,40.6,0.39,11.76
300831,周线,2026-06-19,19.41,75,A,6.5,21.88,10.88,236.6,71.5,BREAKOUT,否,是,50.8,0.42,10.66
300617,周线,2026-06-19,58.7,75,A,20.11,76.84,30.0,282.1,82.6,LEG1,否,是,49.4,0.41,29.4
300782,周线,2026-06-19,99.8,75,A,58.61,144.9,73.18,147.2,83.1,LEG1,否,是,49.2,0.64,71.72
300767,周线,2026-06-19,22.1,75,A,7.29,26.74,17.99,266.8,45.0,LEG1,否,是,56.1,0.96,17.63
603776,周线,2026-06-19,21.35,75,A,7.68,23.38,17.48,204.4,37.6,LEG1,否,是,58.6,0.77,17.13
002194,周线,2026-06-19,12.48,75,A,6.01,15.16,9.79,152.2,58.7,READY,否,否,56.4,1.39,9.59
002192,周线,2026-06-19,89.17,75,A,24.77,115.0,48.88,364.3,73.3,LEG1,否,是,58.3,0.88,47.9
688707,周线,2026-06-19,14.26,75,A,7.85,18.85,12.39,140.1,58.7,LEG1,否,是,44.8,0.52,12.14
300440,周线,2026-06-19,18.94,75,A,3.88,18.4,12.96,374.2,37.5,BREAKOUT,是,是,64.5,0.53,12.7
300616,周线,2026-06-19,12.76,75,A,9.27,15.97,12.87,72.3,46.3,BREAKOUT,否,是,40.3,0.77,12.61
688307,周线,2026-06-19,73.0,75,A,14.31,135.0,30.55,843.4,86.5,LEG1,否,是,47.2,0.82,29.94
600189,周线,2026-06-19,7.75,75,A,6.05,9.19,7.2,51.9,63.4,LEG1,否,是,42.8,0.45,7.06
600188,周线,2026-06-19,20.05,75,A,11.9,22.84,18.21,91.9,42.3,BREAKOUT,否,是,46.6,0.65,17.85
300608,周线,2026-06-19,11.92,75,A,7.93,13.39,10.28,68.9,57.0,BREAKOUT,否,是,43.5,0.57,10.07
603507,周线,2026-06-19,37.5,75,A,17.51,49.77,22.27,184.2,85.2,LEG1,否,是,43.4,0.42,21.82
300394,周线,2026-06-19,329.33,75,A,57.11,388.94,182.37,581.0,62.3,LEG1,否,是,47.4,0.77,178.72
603166,周线,2026-06-19,15.81,75,A,4.12,18.51,12.48,349.3,41.9,READY,否,否,62.9,1.89,12.23
603163,周线,2026-06-19,120.16,75,A,20.57,149.85,96.07,628.5,41.6,READY,否,是,62.6,0.79,94.15
603693,周线,2026-06-19,14.58,75,A,8.21,20.37,11.62,148.1,72.0,LEG1,否,是,45.9,0.38,11.39
002245,周线,2026-06-19,20.67,75,A,5.4,19.98,15.35,270.0,31.8,BREAKOUT,是,是,52.8,0.82,15.04
002240,周线,2026-06-19,48.3,75,A,10.5,63.13,33.58,501.2,56.1,LEG1,否,是,52.7,0.92,32.91
000609,周线,2026-06-19,11.52,75,A,1.15,16.86,8.04,1366.1,56.1,LEG1,否,是,46.6,0.4,7.88
000601,周线,2026-06-19,7.08,75,A,2.77,9.0,4.88,224.9,66.1,LEG1,否,是,50.3,0.37,4.78
688106,周线,2026-06-19,31.17,75,A,14.58,43.34,18.27,197.3,87.2,LEG1,否,是,58.9,0.69,17.9
688103,周线,2026-06-19,64.03,75,A,25.33,72.81,51.67,187.4,44.5,READY,否,是,56.0,0.87,50.64
688102,周线,2026-06-19,41.82,75,A,6.72,48.0,32.9,614.3,36.6,LEG1,否,是,56.6,0.91,32.24
688101,周线,2026-06-19,17.32,75,A,8.7,22.5,15.15,158.6,53.3,LEG1,否,是,43.7,0.9,14.85
688099,周线,2026-06-19,96.67,75,A,39.9,98.26,75.7,146.3,38.7,BREAKOUT,否,是,50.0,0.68,74.19
600750,周线,2026-06-19,24.26,75,A,18.17,27.83,22.5,53.2,55.2,LEG1,否,是,46.2,0.51,22.05
600744,周线,2026-06-19,7.44,75,A,2.3,9.63,7.01,318.7,35.7,LEG1,否,是,44.9,0.32,6.87
603356,周线,2026-06-19,18.52,75,A,8.2,21.91,15.3,167.2,48.2,READY,否,是,53.7,0.49,14.99
300739,周线,2026-06-19,32.37,75,A,7.79,35.16,14.6,351.3,75.1,LEG1,否,是,59.9,0.6,14.31
600630,周线,2026-06-19,8.86,75,A,6.6,9.67,8.77,46.5,29.3,LEG1,否,否,63.1,2.12,8.59
603353,周线,2026-06-19,41.1,75,A,10.52,54.0,31.89,413.3,50.9,READY,否,是,48.0,0.52,31.25
002730,周线,2026-06-19,29.57,75,A,5.27,36.0,15.4,583.1,67.0,LEG1,否,是,59.7,0.41,15.09
002729,周线,2026-06-19,19.99,75,A,8.25,22.63,13.43,174.3,64.0,LEG1,否,是,55.4,0.59,13.16
002709,周线,2026-06-19,52.85,75,A,12.86,64.98,36.55,405.3,54.5,LEG1,否,是,54.8,0.8,35.82
603112,周线,2026-06-19,18.48,75,A,7.82,20.1,15.9,157.0,34.2,BREAKOUT,否,是,40.8,0.54,15.58
002695,周线,2026-06-19,11.32,75,A,5.88,13.4,9.51,127.9,51.7,LEG1,否,是,43.9,0.84,9.32
002520,周线,2026-06-19,6.89,75,A,3.36,7.15,5.18,112.8,52.0,LEG1,否,是,61.9,0.92,5.08
002782,周线,2026-06-19,24.69,75,A,7.99,28.78,18.48,260.2,49.5,BREAKOUT,否,是,53.0,0.66,18.11
301317,周线,2026-06-19,64.07,75,A,10.29,66.88,29.0,550.0,66.9,LEG1,否,是,54.3,0.38,28.42
301312,周线,2026-06-19,111.0,75,A,30.41,65.5,43.0,115.4,64.1,BREAKOUT,是,是,53.8,0.86,42.14
301309,周线,2026-06-19,32.0,75,A,18.0,43.9,26.66,143.9,66.6,LEG1,否,是,43.9,0.41,26.13
301306,周线,2026-06-19,164.9,75,A,17.56,188.5,96.16,973.5,54.0,LEG1,否,是,64.5,0.71,94.24
688718,周线,2026-06-19,17.64,75,A,7.42,20.15,13.25,171.6,54.2,LEG1,否,是,60.8,0.82,12.98
688310,周线,2026-06-19,16.9,75,A,9.17,18.2,14.22,98.5,44.1,BREAKOUT,否,是,50.1,0.68,13.94
688309,周线,2026-06-19,63.41,75,A,9.9,88.59,21.79,794.8,84.9,LEG1,否,是,50.7,0.64,21.35
600780,周线,2026-06-19,6.55,75,A,4.84,7.92,6.29,63.6,52.9,LEG1,否,是,43.5,0.34,6.16
600847,周线,2026-06-19,13.69,75,A,5.05,15.6,12.01,208.9,34.0,BREAKOUT,否,是,43.1,0.69,11.77
000582,周线,2026-06-19,12.0,75,A,6.72,11.75,10.11,74.9,32.6,BREAKOUT,是,是,52.6,0.55,9.91
301128,周线,2026-06-19,177.5,75,A,22.01,215.49,79.68,879.1,70.2,LEG1,否,是,59.3,0.88,78.09
002445,周线,2026-06-19,3.19,75,A,1.58,4.27,2.47,170.3,66.9,LEG1,否,是,41.8,0.32,2.42
688110,周线,2026-06-19,152.91,75,A,14.0,170.7,104.01,1119.3,42.6,LEG1,否,是,62.3,0.83,101.93
300486,周线,2026-06-19,23.11,75,A,3.1,27.21,17.5,777.7,40.3,BREAKOUT,否,是,45.9,0.67,17.15
301326,周线,2026-06-19,148.91,75,A,15.24,199.86,97.01,1211.4,55.7,LEG1,否,是,47.9,0.55,95.07
000007,周线,2026-06-19,13.64,75,A,3.43,17.79,6.81,418.7,76.5,LEG1,否,是,52.8,0.62,6.67
688772,周线,2026-06-19,20.71,75,A,11.13,18.35,13.21,64.9,71.2,LEG1,是,否,68.8,1.86,12.95
688295,周线,2026-06-19,52.39,75,A,16.11,66.88,29.09,315.1,74.4,LEG1,否,是,56.8,0.47,28.51
688282,周线,2026-06-19,69.22,75,A,15.18,102.88,60.06,577.7,48.8,LEG1,否,是,40.2,0.74,58.86
688726,周线,2026-06-19,57.29,75,A,34.1,81.58,54.5,139.2,57.0,LEG1,否,是,41.1,0.44,53.41
300442,周线,2026-06-19,81.17,75,A,20.67,110.98,78.5,436.9,36.0,LEG1,否,是,46.3,0.38,76.93
300472,周线,2026-06-19,7.98,75,A,2.57,9.79,7.18,280.9,36.1,LEG1,否,是,44.1,0.4,7.04
300467,周线,2026-06-19,33.75,75,A,9.09,43.39,26.79,377.3,48.4,LEG1,否,是,49.6,0.62,26.25
002656,周线,2026-06-19,3.26,75,A,0.85,3.3,1.91,288.2,56.7,LEG1,否,是,55.3,0.56,1.87
002650,周线,2026-06-19,7.06,75,A,1.58,8.61,5.8,444.9,40.0,LEG1,否,是,44.0,0.42,5.68
688275,周线,2026-06-19,136.14,75,A,24.33,180.0,69.5,639.8,71.0,LEG1,否,是,58.0,0.52,68.11
301292,周线,2026-06-19,78.9,75,A,10.83,106.86,49.55,886.7,59.7,LEG1,否,是,55.9,0.83,48.56
600236,周线,2026-06-19,9.81,75,A,5.9,12.65,6.71,114.4,88.0,LEG1,否,是,46.1,0.44,6.58
301290,周线,2026-06-19,29.25,75,A,16.6,37.08,24.31,123.4,62.4,LEG1,否,是,48.3,0.66,23.82
688272,周线,2026-06-19,35.26,75,A,10.61,56.5,23.2,432.5,72.6,LEG1,否,是,42.6,0.41,22.74
688262,周线,2026-06-19,38.3,75,A,13.63,46.49,31.02,241.1,47.1,READY,否,是,55.0,0.56,30.4
002647,周线,2026-06-19,11.46,75,A,3.02,14.0,6.26,363.6,70.5,LEG1,否,是,52.9,0.39,6.13
603416,周线,2026-06-19,55.25,75,A,20.44,67.7,46.1,231.2,45.7,READY,否,是,48.6,0.58,45.18
002638,周线,2026-06-19,3.98,75,A,1.33,5.17,2.2,288.7,77.3,LEG1,否,是,43.3,0.47,2.16
688480,周线,2026-06-19,99.02,75,A,21.9,114.88,76.33,424.6,41.5,LEG1,否,是,55.1,0.55,74.8
603685,周线,2026-06-19,31.8,75,A,9.96,23.23,17.9,133.2,40.2,BREAKOUT,是,是,57.2,0.34,17.54
600683,周线,2026-06-19,12.69,75,A,3.28,21.83,3.9,565.5,96.7,LEG1,否,是,49.3,0.3,3.82
688479,周线,2026-06-19,38.3,75,A,13.5,37.55,17.77,178.1,82.2,LEG1,是,是,57.1,0.62,17.41
002211,周线,2026-06-19,3.7,75,A,1.95,4.15,3.31,112.8,38.2,LEG1,否,是,49.1,0.48,3.24
002201,周线,2026-06-19,12.76,75,A,3.82,16.85,10.25,341.1,50.7,LEG1,否,是,55.9,0.61,10.04
603798,周线,2026-06-19,16.08,75,A,6.06,20.4,12.02,236.6,58.4,LEG1,否,是,47.5,0.4,11.78
688607,周线,2026-06-19,57.53,75,A,9.71,73.0,48.64,651.8,38.5,LEG1,否,是,45.6,0.4,47.67
603268,周线,2026-06-19,151.34,75,A,11.16,168.53,30.01,1410.1,88.0,LEG1,否,是,69.7,0.61,29.41
600783,周线,2026-06-19,19.93,75,A,8.65,26.3,12.07,204.0,80.6,LEG1,否,是,43.2,0.73,11.83
399020,周线,2026-06-19,2035.97,75,A,804.74,2037.82,1135.88,153.2,73.1,LEG1,否,是,58.7,0.93,1113.16
301611,周线,2026-06-19,124.67,75,A,26.8,134.56,88.91,402.1,42.4,LEG1,否,是,61.5,0.96,87.13
300540,周线,2026-06-19,25.49,75,A,14.3,36.12,18.64,152.6,80.1,LEG1,否,是,47.9,0.68,18.27
603757,周线,2026-06-19,53.09,75,A,16.38,52.86,38.77,222.7,38.6,BREAKOUT,是,是,51.4,0.6,37.99
688601,周线,2026-06-19,59.65,75,A,29.18,69.32,47.16,137.6,55.2,LEG1,否,是,58.0,0.63,46.22
000531,周线,2026-06-19,6.86,75,A,4.33,8.56,6.38,97.7,51.5,READY,否,是,46.4,0.36,6.25
688131,周线,2026-06-19,75.05,75,A,17.86,89.09,66.88,398.8,31.2,READY,否,是,54.2,0.52,65.54
688129,周线,2026-06-19,25.54,75,A,9.38,25.91,18.7,176.2,43.6,BREAKOUT,否,是,45.0,0.45,18.33
688125,周线,2026-06-19,201.53,75,A,24.1,288.88,34.56,1098.7,96.0,LEG1,否,是,51.0,0.85,33.87
002263,周线,2026-06-19,4.37,75,A,1.73,5.35,3.11,209.2,61.9,LEG1,否,是,60.3,0.96,3.05
002256,周线,2026-06-19,4.16,75,A,1.31,5.75,2.91,338.9,64.0,LEG1,否,是,46.0,0.3,2.85
300480,周线,2026-06-19,37.58,75,A,10.41,19.26,15.09,85.0,47.1,BREAKOUT,是,是,65.7,0.62,14.79
688248,周线,2026-06-19,55.0,75,A,17.0,65.95,42.05,287.9,48.8,LEG1,否,是,48.8,0.66,41.21
300693,周线,2026-06-19,48.2,75,A,17.96,71.2,36.75,296.4,64.7,LEG1,否,是,48.5,0.61,36.02
605298,周线,2026-06-19,53.84,75,A,7.23,65.0,36.37,799.0,49.6,LEG1,否,是,50.1,0.89,35.64
002290,周线,2026-06-19,83.38,75,A,6.85,108.91,18.85,1489.9,88.2,LEG1,否,是,55.4,0.5,18.47
605289,周线,2026-06-19,133.2,75,A,18.05,175.0,60.87,869.5,72.7,LEG1,否,是,56.8,0.81,59.65
600673,周线,2026-06-19,35.89,75,A,6.2,42.83,19.49,590.8,63.7,LEG1,否,是,55.8,0.74,19.1
300697,周线,2026-06-19,17.13,75,A,6.6,17.68,13.62,167.9,36.6,LEG1,否,是,57.9,0.73,13.35
603281,周线,2026-06-19,37.3,75,A,19.71,34.73,29.2,76.2,36.8,BREAKOUT,是,是,60.3,0.76,28.62
603278,周线,2026-06-19,12.57,75,A,4.95,18.17,10.2,267.1,60.3,READY,否,是,49.4,0.65,10.0
688258,周线,2026-06-19,128.1,75,A,19.81,157.0,98.0,692.5,43.0,LEG1,否,是,52.9,0.51,96.04
300560,周线,2026-06-19,16.97,75,A,8.79,24.76,14.69,181.7,63.1,READY,否,是,52.0,0.85,14.4
002606,周线,2026-06-19,13.92,75,A,5.53,18.13,10.69,227.8,59.0,LEG1,否,是,51.1,0.41,10.48
300499,周线,2026-06-19,38.58,75,A,7.05,36.19,27.0,413.3,31.5,BREAKOUT,是,是,51.0,0.44,26.46
300497,周线,2026-06-19,18.22,75,A,5.62,20.55,13.99,265.7,43.9,LEG1,否,是,60.1,0.71,13.71
300024,周线,2026-06-19,17.17,75,A,7.95,20.08,14.13,152.6,49.1,READY,否,否,62.2,2.36,13.85
002584,周线,2026-06-19,8.44,75,A,5.35,10.48,7.4,95.9,60.0,READY,否,否,59.1,1.58,7.25
002580,周线,2026-06-19,21.3,75,A,4.97,36.5,13.1,634.4,74.2,LEG1,否,是,46.4,0.61,12.84
002498,周线,2026-06-19,7.57,75,A,2.78,11.7,3.51,320.9,91.8,LEG1,否,是,44.1,0.27,3.44
688205,周线,2026-06-19,237.03,75,A,24.1,310.88,130.6,1190.0,62.9,LEG1,否,是,56.1,0.56,127.99
000070,周线,2026-06-19,20.66,75,A,3.87,22.5,11.0,481.4,61.7,LEG1,否,是,59.8,0.74,10.78
000066,周线,2026-06-19,17.81,75,A,7.25,25.74,14.16,255.0,62.6,LEG1,否,是,51.0,0.62,13.88
300103,周线,2026-06-19,8.24,75,A,2.73,8.78,6.42,221.6,39.0,BREAKOUT,否,是,51.4,0.66,6.29
688229,周线,2026-06-19,89.01,75,A,20.18,117.0,77.53,479.8,40.8,LEG1,否,是,50.7,0.4,75.98
688227,周线,2026-06-19,85.25,75,A,9.15,147.0,56.3,1506.6,65.8,LEG1,否,是,47.9,0.78,55.17
688222,周线,2026-06-19,26.44,75,A,8.35,42.98,22.42,414.7,59.4,READY,否,是,43.9,0.37,21.97
000032,周线,2026-06-19,23.22,75,A,11.93,24.18,16.66,102.7,61.4,READY,否,否,70.6,2.58,16.33
600310,周线,2026-06-19,4.67,75,A,2.65,7.26,3.69,174.0,77.4,LEG1,否,是,45.0,0.52,3.62
002361,周线,2026-06-19,15.62,75,A,2.35,23.95,10.73,919.1,61.2,LEG1,否,是,45.7,0.6,10.52
002266,周线,2026-06-19,4.9,75,A,2.67,5.87,4.06,119.9,56.6,LEG1,否,是,49.6,0.42,3.98
688150,周线,2026-06-19,55.38,75,A,13.62,28.42,21.1,108.7,49.5,BREAKOUT,是,是,58.1,0.71,20.68
300097,周线,2026-06-19,9.79,75,A,3.67,12.45,5.39,239.2,80.4,LEG1,否,是,54.8,0.72,5.28
601222,周线,2026-06-19,5.94,75,A,4.91,6.88,5.77,40.1,56.3,READY,否,是,40.9,0.55,5.65
300696,周线,2026-06-19,33.47,75,A,9.35,44.58,25.7,376.8,53.6,LEG1,否,是,51.3,0.7,25.19
002472,周线,2026-06-19,41.76,75,A,18.09,49.47,34.73,173.5,47.0,READY,否,是,53.0,0.8,34.04
603333,周线,2026-06-19,8.1,75,A,2.82,9.22,7.23,227.0,31.1,BREAKOUT,否,是,41.7,0.7,7.09
603318,周线,2026-06-19,9.9,75,A,5.29,15.1,7.32,185.4,79.3,LEG1,否,是,53.4,0.89,7.17
002380,周线,2026-06-19,37.55,75,A,9.85,43.0,30.06,336.5,39.0,BREAKOUT,否,是,50.5,0.43,29.46
300166,周线,2026-06-19,15.58,75,A,5.67,12.0,9.39,111.6,41.2,BREAKOUT,是,是,48.7,0.29,9.2
603616,周线,2026-06-19,5.87,75,A,2.61,9.26,4.97,254.8,64.5,LEG1,否,是,42.6,0.98,4.87
002303,周线,2026-06-19,3.83,75,A,2.26,4.94,3.24,118.6,63.4,READY,否,否,63.9,1.97,3.18
002293,周线,2026-06-19,10.08,75,A,6.12,11.66,9.22,90.5,44.0,LEG1,否,是,46.3,0.51,9.04
600337,周线,2026-06-19,2.96,75,A,1.19,3.6,2.3,202.5,53.9,LEG1,否,是,50.2,0.23,2.25
301157,周线,2026-06-19,70.44,75,A,23.52,94.48,45.12,301.7,69.6,LEG1,否,是,52.1,0.33,44.22
301151,周线,2026-06-19,19.95,75,A,11.21,20.78,18.02,85.4,28.8,LEG1,否,否,64.7,1.71,17.66
000551,周线,2026-06-19,15.21,75,A,6.41,18.35,12.51,186.3,48.9,READY,否,是,49.3,0.78,12.26
000429,周线,2026-06-19,13.38,75,A,9.95,13.18,11.21,32.5,61.0,LEG1,是,是,57.1,0.71,10.99
300165,周线,2026-06-19,6.3,75,A,1.9,9.11,4.49,379.5,64.1,LEG1,否,是,51.8,0.71,4.4
603306,周线,2026-06-19,107.96,75,A,14.47,59.18,44.68,309.0,32.4,BREAKOUT,是,是,63.6,0.5,43.79
002518,周线,2026-06-19,52.18,75,A,14.84,60.2,43.15,305.7,37.6,BREAKOUT,否,是,51.9,0.97,42.29
000301,周线,2026-06-19,12.27,75,A,6.93,13.48,10.07,94.5,52.1,LEG1,否,是,53.5,0.54,9.87
688219,周线,2026-06-19,12.57,75,A,6.26,13.43,9.88,114.5,49.5,READY,否,否,65.9,1.66,9.68
301248,周线,2026-06-19,73.29,75,A,8.31,98.47,43.4,1085.0,61.1,LEG1,否,是,55.4,0.43,42.53
301237,周线,2026-06-19,72.24,75,A,14.4,80.9,49.89,461.8,46.6,LEG1,否,是,60.0,0.93,48.89
002432,周线,2026-06-19,66.83,75,A,32.56,94.94,37.69,191.6,91.8,LEG1,否,是,47.6,0.54,36.94
002429,周线,2026-06-19,11.86,75,A,4.07,13.88,9.05,241.0,49.2,LEG1,否,是,56.4,0.45,8.87
600736,周线,2026-06-19,7.57,75,A,3.71,10.61,5.77,186.0,70.1,LEG1,否,是,51.5,0.63,5.65
603601,周线,2026-06-19,15.77,75,A,2.37,14.64,10.53,517.7,33.5,BREAKOUT,是,是,51.3,0.5,10.32
603588,周线,2026-06-19,15.51,75,A,4.21,18.66,6.61,343.2,83.4,LEG1,否,是,64.9,0.68,6.48
002350,周线,2026-06-19,15.23,75,A,3.56,16.21,5.14,355.3,87.5,LEG1,否,是,56.0,0.47,5.04
002422,周线,2026-06-19,35.62,75,A,21.6,36.9,29.12,70.8,50.8,LEG1,否,是,54.4,0.51,28.54
002415,周线,2026-06-19,32.36,75,A,24.71,37.09,29.56,50.1,60.8,LEG1,否,是,52.1,0.92,28.97
603578,周线,2026-06-19,13.64,75,A,9.5,17.86,11.4,88.0,77.3,LEG1,否,是,46.7,0.49,11.17
002392,周线,2026-06-19,8.01,75,A,2.67,11.33,6.46,324.3,56.2,LEG1,否,是,46.4,0.65,6.33
301273,周线,2026-06-19,32.84,75,A,11.81,38.74,26.8,228.0,44.3,BREAKOUT,否,是,42.4,0.68,26.26
301261,周线,2026-06-19,88.15,75,A,29.71,113.87,72.38,283.3,49.3,READY,否,是,50.5,0.6,70.93
399370,周线,2026-06-19,5830.88,75,A,3000.15,5949.7,3463.45,98.3,84.3,LEG1,否,是,69.0,0.71,3394.18
399374,周线,2026-06-19,5595.21,75,A,2800.38,5637.73,4647.89,101.3,34.9,LEG1,否,是,68.9,0.83,4554.93
399550,周线,2026-06-19,8384.58,75,A,5931.29,8674.07,6784.91,46.2,68.9,LEG1,否,是,56.9,0.73,6649.21
399438,周线,2026-06-19,2225.65,75,A,1803.72,2457.5,2123.37,36.2,51.1,LEG1,否,是,46.8,0.58,2080.9
399376,周线,2026-06-19,7628.24,75,A,3384.67,7369.77,4438.56,117.7,73.6,LEG1,是,是,65.1,0.56,4349.79
399974,周线,2026-06-19,2021.19,75,A,1382.09,2049.3,1839.54,48.3,31.4,LEG1,否,是,63.7,0.76,1802.75
000688,周线,2026-06-19,40.8,75,A,6.91,52.73,9.45,663.1,94.5,LEG1,否,是,49.6,0.79,9.26
000925,周线,2026-06-19,8.28,75,A,5.23,11.84,7.3,126.4,68.7,LEG1,否,是,48.8,0.59,7.15
300058,周线,2026-06-19,14.95,75,A,4.83,20.69,13.31,328.4,46.5,LEG1,否,是,42.2,0.32,13.04
688558,周线,2026-06-19,33.74,75,A,15.09,46.01,26.32,204.9,63.7,LEG1,否,是,47.7,0.54,25.79
688521,周线,2026-06-19,257.46,75,A,24.45,288.0,187.41,1077.9,38.2,READY,否,是,56.6,0.63,183.66
688518,周线,2026-06-19,29.22,75,A,11.07,33.63,21.95,203.8,51.8,READY,否,是,56.7,0.97,21.51
399295,周线,2026-06-19,5759.02,75,A,3321.98,5920.64,5080.15,78.2,32.3,READY,否,是,56.7,0.86,4978.55
000682,周线,2026-06-19,12.9,75,A,6.2,15.48,11.58,149.7,42.0,READY,否,是,48.0,0.62,11.35
300585,周线,2026-06-19,17.9,75,A,7.85,23.6,14.11,200.6,60.3,READY,否,是,44.7,0.34,13.83
688623,周线,2026-06-19,95.62,75,A,45.17,115.0,84.5,154.6,43.7,READY,否,是,49.6,0.38,82.81
300161,周线,2026-06-19,30.86,75,A,18.11,42.5,26.71,134.7,64.7,LEG1,否,是,44.4,0.44,26.18
300154,周线,2026-06-19,9.23,75,A,3.99,12.28,7.45,207.8,58.3,LEG1,否,是,48.4,0.74,7.3
300096,周线,2026-06-19,9.8,75,A,1.92,10.15,3.45,428.6,81.4,LEG1,否,是,63.0,0.89,3.38
300935,周线,2026-06-19,32.19,75,A,11.52,42.66,27.18,270.3,49.7,READY,否,是,46.8,0.71,26.64
399903,周线,2026-06-19,4780.38,75,A,3034.71,4968.89,3362.07,63.7,83.1,LEG1,否,是,61.3,0.71,3294.83
399852,周线,2026-06-19,8704.47,75,A,4177.94,8991.85,5224.97,115.2,78.2,LEG1,否,是,63.0,0.62,5120.47
601339,周线,2026-06-19,7.18,75,A,4.09,9.5,5.13,132.3,80.8,LEG1,否,是,41.4,0.54,5.03
601330,周线,2026-06-19,8.05,75,A,5.24,12.2,6.67,132.8,79.5,LEG1,否,是,43.9,0.3,6.54
300125,周线,2026-06-19,9.6,75,A,1.5,11.37,6.86,658.0,45.7,LEG1,否,是,51.5,0.61,6.72
300106,周线,2026-06-19,11.44,75,A,4.99,11.86,9.23,137.7,38.3,BREAKOUT,否,是,43.1,0.5,9.05
399107,周线,2026-06-19,2970.33,75,A,1455.02,3102.89,1791.43,113.3,79.6,LEG1,否,是,60.4,0.64,1755.6
399106,周线,2026-06-19,2838.35,75,A,1391.32,2964.93,1712.8,113.1,79.6,LEG1,否,是,60.4,0.64,1678.54
399100,周线,2026-06-19,13363.24,75,A,6540.32,13958.28,8077.24,113.4,79.3,LEG1,否,是,60.8,0.64,7915.7
399303,周线,2026-06-19,11254.67,75,A,5133.36,11852.15,6562.31,130.9,78.7,LEG1,否,是,58.6,0.62,6431.06
399905,周线,2026-06-19,8627.09,75,A,4281.24,8956.66,5135.97,109.2,81.7,LEG1,否,是,61.8,0.63,5033.25
399306,周线,2026-06-19,1892.39,75,A,1068.09,1973.76,1300.26,84.8,74.4,LEG1,否,是,56.6,0.59,1274.25
603201,周线,2026-06-19,17.53,74,A,12.55,18.69,15.13,48.9,58.0,READY,否,否,57.6,1.06,14.83
301269,周线,2026-06-19,105.01,74,A,69.52,120.82,101.21,73.8,38.2,LEG1,否,否,57.8,1.02,99.19
300922,周线,2026-06-19,22.04,74,A,8.29,26.45,17.41,219.1,49.8,READY,否,否,53.1,1.02,17.06
002179,周线,2026-06-19,38.82,72,A,29.66,42.8,37.5,44.3,40.3,LEG1,否,否,57.3,0.75,36.75
688595,周线,2026-06-19,39.44,72,A,19.8,44.46,28.71,124.5,63.9,READY,否,否,58.4,0.94,28.14
688692,周线,2026-06-19,266.86,72,A,198.33,335.01,241.9,68.9,68.1,LEG1,否,否,55.6,0.64,237.06
605319,周线,2026-06-19,25.72,72,A,14.46,30.3,30.06,109.5,1.5,LEG1,否,否,48.8,0.34,29.46
688697,周线,2026-06-19,15.07,72,A,11.81,17.45,13.99,47.8,61.3,BREAKOUT,否,是,34.3,1.05,13.71
688320,周线,2026-06-19,37.67,72,A,19.11,43.7,28.7,128.7,61.0,LEG1,否,否,54.7,0.7,28.13
002154,周线,2026-06-19,3.86,72,A,3.12,4.7,3.5,50.6,75.9,LEG1,否,否,42.2,0.47,3.43
002068,周线,2026-06-19,9.5,72,A,5.14,11.03,8.13,114.6,49.2,READY,否,否,48.5,0.68,7.97
600605,周线,2026-06-19,31.17,72,A,13.06,35.31,25.65,170.4,43.4,LEG1,否,否,54.0,0.94,25.14
688503,周线,2026-06-19,96.0,70,A,24.15,107.3,75.47,344.3,38.3,BREAKOUT,否,是,52.6,0.83,73.96
399375,周线,2026-06-19,6343.61,70,A,4235.46,6852.41,6183.91,61.8,25.5,LEG1,否,是,42.7,0.68,6060.23
300018,周线,2026-06-19,12.3,70,A,3.43,16.36,5.38,377.0,84.9,LEG1,否,是,42.4,0.44,5.27
601677,周线,2026-06-19,16.66,70,A,8.33,18.5,13.97,122.1,44.5,BREAKOUT,否,是,44.2,0.75,13.69
300067,周线,2026-06-19,5.56,70,A,1.76,8.18,4.07,364.8,64.0,LEG1,否,是,47.4,0.38,3.99
000811,周线,2026-06-19,36.52,70,A,7.73,22.08,16.24,185.6,40.7,BREAKOUT,是,是,78.9,0.62,15.92
000815,周线,2026-06-19,17.28,70,A,5.66,23.45,10.71,314.3,71.6,LEG1,否,是,48.4,0.41,10.5
605366,周线,2026-06-19,10.77,70,A,4.72,14.57,5.8,208.7,89.0,LEG1,否,是,46.8,0.43,5.68
605376,周线,2026-06-19,210.28,70,A,14.54,120.3,84.3,727.4,34.0,BREAKOUT,是,是,89.6,0.79,82.61
300951,周线,2026-06-19,45.05,70,A,23.5,39.7,31.9,68.9,48.1,BREAKOUT,是,是,79.3,0.74,31.26
600487,周线,2026-06-19,111.0,70,A,10.11,24.48,18.91,142.1,38.8,BREAKOUT,是,是,87.6,0.82,18.53
600498,周线,2026-06-19,76.68,70,A,11.88,61.78,21.58,420.0,80.6,LEG1,是,是,80.4,0.88,21.15
000889,周线,2026-06-19,3.65,70,A,1.2,5.89,3.02,390.8,61.2,LEG1,否,是,41.7,0.35,2.96
000922,周线,2026-06-19,13.96,70,A,7.31,17.46,12.95,138.9,44.4,LEG1,否,否,50.7,1.68,12.69
688005,周线,2026-06-19,33.79,70,A,17.34,40.8,26.88,135.3,59.3,LEG1,否,是,53.5,0.56,26.34
399364,周线,2026-06-19,13816.62,70,A,6237.58,11441.67,7440.34,83.4,76.9,LEG1,是,是,80.2,0.91,7291.53
600753,周线,2026-06-19,12.08,70,A,4.31,13.42,6.68,211.4,74.0,LEG1,否,是,49.9,0.01,6.55
300602,周线,2026-06-19,49.15,70,A,9.05,41.87,28.99,362.7,39.2,BREAKOUT,是,是,75.6,0.73,28.41
300604,周线,2026-06-19,264.01,70,A,19.88,151.1,72.93,660.1,59.6,LEG1,是,是,81.1,0.67,71.47
300606,周线,2026-06-19,46.79,70,A,13.77,43.94,20.07,219.1,79.1,LEG1,是,是,76.2,0.58,19.67
300613,周线,2026-06-19,68.42,70,A,24.5,54.16,39.05,121.1,50.9,BREAKOUT,是,是,77.1,0.87,38.27
300620,周线,2026-06-19,395.2,70,A,30.0,185.0,96.2,516.7,57.3,LEG1,是,是,82.3,0.73,94.28
688211,周线,2026-06-19,32.96,70,A,23.08,34.16,29.24,48.0,44.4,BREAKOUT,否,是,45.1,0.8,28.66
301216,周线,2026-06-19,24.81,70,A,8.98,31.44,15.72,250.1,70.0,LEG1,否,是,42.1,0.61,15.41
301217,周线,2026-06-19,181.69,70,A,7.38,51.5,26.88,597.8,55.8,LEG1,是,是,93.7,0.82,26.34
000408,周线,2026-06-19,77.18,70,A,21.4,92.88,70.0,334.0,32.0,LEG1,否,是,40.5,0.68,68.6
688191,周线,2026-06-19,37.03,70,A,9.11,55.18,38.0,505.7,37.3,BREAKOUT,否,是,40.1,0.98,37.24
688193,周线,2026-06-19,52.29,70,A,22.5,63.56,43.28,182.5,49.4,LEG1,否,是,48.6,0.65,42.41
301186,周线,2026-06-19,60.2,70,A,21.89,81.0,43.63,270.0,63.2,LEG1,否,是,44.8,0.5,42.76
301188,周线,2026-06-19,71.65,70,A,10.78,19.78,15.07,83.5,52.3,BREAKOUT,是,是,85.4,0.92,14.77
301189,周线,2026-06-19,65.5,70,A,14.9,48.17,30.95,223.3,51.8,LEG1,是,是,41.1,0.76,30.33
301193,周线,2026-06-19,23.04,70,A,11.8,27.7,20.51,134.7,45.2,LEG1,否,是,48.9,0.53,20.1
002484,周线,2026-06-19,104.93,70,A,10.98,35.83,25.88,226.3,40.0,BREAKOUT,是,是,87.2,0.83,25.36
002485,周线,2026-06-19,4.68,70,A,2.16,5.09,3.67,135.6,48.5,LEG1,否,是,46.8,0.45,3.6
002491,周线,2026-06-19,28.71,70,A,2.97,6.89,4.96,132.0,49.2,BREAKOUT,是,是,85.5,0.69,4.86
002384,周线,2026-06-19,256.92,70,A,11.01,91.04,59.0,726.9,40.0,BREAKOUT,是,是,85.1,0.76,57.82
002397,周线,2026-06-19,4.28,70,A,1.74,5.91,3.58,239.7,55.9,LEG1,否,是,42.5,0.4,3.51
603489,周线,2026-06-19,32.45,70,A,15.83,40.56,28.61,156.2,48.3,LEG1,否,是,42.2,0.35,28.04
002338,周线,2026-06-19,54.64,70,A,18.0,69.0,46.08,283.3,44.9,READY,否,是,45.1,0.88,45.16
603595,周线,2026-06-19,27.59,70,A,14.36,17.58,18.38,22.4,-24.8,LEG1,是,是,85.4,0.86,18.01
002428,周线,2026-06-19,99.26,70,A,7.46,30.7,17.58,311.5,56.5,LEG1,是,是,78.2,0.89,17.23
301226,周线,2026-06-19,34.75,70,A,10.0,50.0,29.36,400.0,51.6,LEG1,否,是,40.6,0.21,28.77
301228,周线,2026-06-19,84.24,70,A,6.92,46.8,23.2,576.3,59.2,LEG1,是,是,82.6,0.65,22.74
301233,周线,2026-06-19,52.7,70,A,23.08,57.97,42.04,151.2,45.7,BREAKOUT,否,是,40.2,0.6,41.2
688218,周线,2026-06-19,54.8,70,A,12.4,24.49,20.2,97.5,35.5,BREAKOUT,是,是,92.1,0.69,19.8
000338,周线,2026-06-19,29.28,70,A,11.64,30.19,21.4,159.4,47.4,BREAKOUT,否,是,49.3,0.58,20.97
300588,周线,2026-06-19,22.22,70,A,5.96,27.8,22.43,366.4,24.6,LEG1,否,否,50.8,1.35,21.98
000042,周线,2026-06-19,9.09,70,A,2.93,9.61,7.34,228.0,34.0,BREAKOUT,否,是,44.4,0.48,7.19
688226,周线,2026-06-19,47.55,70,A,9.19,59.27,29.98,544.9,58.5,BREAKOUT,否,是,44.3,0.46,29.38
603308,周线,2026-06-19,63.97,70,A,8.55,84.66,14.71,890.2,91.9,LEG1,否,是,46.1,0.7,14.42
301149,周线,2026-06-19,11.86,70,A,7.52,14.04,11.17,86.7,44.0,BREAKOUT,否,是,43.1,0.5,10.95
600338,周线,2026-06-19,17.91,70,A,7.21,28.28,14.59,292.2,65.0,LEG1,否,是,43.8,0.87,14.3
603618,周线,2026-06-19,51.73,70,A,3.63,9.3,7.58,156.2,30.3,BREAKOUT,是,是,81.9,0.38,7.43
300684,周线,2026-06-19,59.41,70,A,10.1,60.7,45.46,501.0,30.1,BREAKOUT,否,是,56.1,0.71,44.55
002362,周线,2026-06-19,18.51,70,A,13.44,25.26,17.7,87.9,64.0,READY,否,否,49.6,1.37,17.35
002371,周线,2026-06-19,704.22,70,A,278.13,534.0,422.25,92.0,43.7,BREAKOUT,是,是,76.6,0.68,413.81
002552,周线,2026-06-19,72.16,70,A,10.1,22.87,15.19,126.4,60.1,BREAKOUT,是,是,97.3,0.41,14.89
603320,周线,2026-06-19,20.49,70,A,7.44,26.75,18.8,259.5,41.2,LEG1,否,是,40.2,0.5,18.42
300592,周线,2026-06-19,12.6,70,A,9.27,16.3,12.25,75.8,57.6,LEG1,否,是,47.6,0.75,12.0
002452,周线,2026-06-19,11.22,70,A,4.01,13.09,9.85,226.4,35.7,READY,否,是,54.4,0.32,9.65
002460,周线,2026-06-19,71.32,70,A,24.9,91.67,57.73,268.2,50.8,LEG1,否,是,43.8,0.7,56.58
002463,周线,2026-06-19,146.55,70,A,23.58,84.45,64.98,258.1,32.0,BREAKOUT,是,是,80.1,0.82,63.68
002466,周线,2026-06-19,64.04,70,A,24.44,82.49,48.28,237.5,58.9,LEG1,否,是,50.9,0.85,47.31
603698,周线,2026-06-19,31.72,70,A,9.8,48.0,28.16,389.8,51.9,LEG1,否,是,41.1,0.42,27.6
603699,周线,2026-06-19,55.99,70,A,11.25,67.17,47.9,497.1,34.5,LEG1,否,是,48.1,0.57,46.94
603701,周线,2026-06-19,23.8,70,A,7.75,23.6,16.46,204.5,45.0,BREAKOUT,是,是,51.0,0.63,16.13
603667,周线,2026-06-19,66.52,70,A,10.53,96.69,62.1,818.2,40.1,READY,否,是,43.1,0.42,60.86
603626,周线,2026-06-19,21.41,70,A,4.2,29.2,19.48,595.2,38.9,READY,否,是,41.7,0.46,19.09
002328,周线,2026-06-19,8.05,70,A,4.0,13.58,6.24,239.5,76.6,LEG1,否,是,40.6,0.29,6.12
301168,周线,2026-06-19,44.03,70,A,22.16,50.79,38.83,129.2,41.8,READY,否,是,51.9,0.54,38.05
688181,周线,2026-06-19,45.73,70,A,14.05,38.76,29.17,175.9,38.8,BREAKOUT,是,是,78.6,1.0,28.59
688143,周线,2026-06-19,218.0,70,A,14.54,68.41,46.02,370.5,41.6,BREAKOUT,是,是,95.8,0.35,45.1
688146,周线,2026-06-19,339.7,70,A,22.58,51.18,40.08,126.7,38.8,BREAKOUT,是,是,95.4,0.88,39.28
688148,周线,2026-06-19,9.06,70,A,3.45,11.59,7.55,235.9,49.6,LEG1,否,是,48.5,0.87,7.4
688155,周线,2026-06-19,83.77,70,A,30.68,107.77,68.85,251.3,50.5,LEG1,否,是,46.8,0.77,67.47
688158,周线,2026-06-19,37.2,70,A,8.6,52.94,22.31,515.6,69.1,LEG1,否,是,41.5,0.34,21.86
688160,周线,2026-06-19,109.3,70,A,28.4,172.0,98.28,505.6,51.3,READY,否,是,44.8,0.61,96.31
300661,周线,2026-06-19,131.55,70,A,58.42,84.2,85.46,44.1,-4.9,LEG1,是,是,80.8,0.68,83.75
301281,周线,2026-06-19,50.18,70,A,18.52,53.99,33.64,191.5,57.4,READY,否,是,76.2,0.63,32.97
002637,周线,2026-06-19,11.88,70,A,6.74,13.51,11.01,100.4,36.9,LEG1,否,是,47.5,0.75,10.79
603315,周线,2026-06-19,16.75,70,A,7.35,20.6,13.16,180.3,56.2,LEG1,否,是,50.7,0.55,12.9
603317,周线,2026-06-19,13.61,70,A,8.5,17.3,11.8,103.5,62.5,LEG1,否,是,43.1,0.46,11.56
002611,周线,2026-06-19,18.18,70,A,3.59,20.31,8.66,465.7,69.7,LEG1,否,是,51.5,0.87,8.49
300567,周线,2026-06-19,215.76,70,A,44.3,159.5,114.33,260.0,39.2,BREAKOUT,是,是,83.9,0.61,112.04
300570,周线,2026-06-19,265.99,70,A,26.41,158.1,106.03,498.6,39.5,BREAKOUT,是,是,93.0,0.79,103.91
600770,周线,2026-06-19,6.02,70,A,2.11,8.78,5.18,316.1,54.0,LEG1,否,是,43.9,0.35,5.08
002571,周线,2026-06-19,11.25,70,A,3.14,13.54,5.51,331.2,77.2,LEG1,否,是,42.6,0.9,5.4
688260,周线,2026-06-19,123.61,70,A,9.75,39.57,24.61,305.8,50.2,BREAKOUT,是,是,89.8,0.77,24.12
600280,周线,2026-06-19,2.97,70,A,2.16,5.39,3.2,149.5,67.8,LEG1,否,否,41.7,1.59,3.14
600292,周线,2026-06-19,13.94,70,A,4.09,16.66,12.25,307.3,35.1,LEG1,否,是,43.9,0.84,12.0
603286,周线,2026-06-19,56.62,70,A,11.3,84.79,51.88,650.4,44.8,READY,否,是,42.2,0.7,50.84
300700,周线,2026-06-19,22.68,70,A,5.41,15.2,12.18,181.0,30.8,BREAKOUT,是,是,79.7,0.87,11.94
300716,周线,2026-06-19,19.84,70,A,4.5,15.59,9.22,246.4,57.4,BREAKOUT,是,是,75.3,0.49,9.04
600666,周线,2026-06-19,4.67,70,A,1.09,7.57,3.21,594.5,67.3,LEG1,否,是,44.6,0.29,3.15
600667,周线,2026-06-19,19.02,70,A,4.7,12.12,8.52,157.9,48.5,BREAKOUT,是,是,90.1,1.0,8.35
688267,周线,2026-06-19,30.33,70,A,12.42,35.76,25.91,187.9,42.2,LEG1,否,是,47.3,0.46,25.39
600246,周线,2026-06-19,17.61,70,A,3.91,14.9,8.91,281.1,54.5,BREAKOUT,是,是,75.8,0.93,8.73
300475,周线,2026-06-19,245.29,70,A,19.8,172.95,121.95,773.5,33.3,BREAKOUT,是,是,79.9,0.81,119.51
300483,周线,2026-06-19,19.38,70,A,6.43,25.26,13.91,292.8,60.3,LEG1,否,是,47.1,0.28,13.63
000510,周线,2026-06-19,22.02,70,A,2.63,23.5,12.71,793.5,51.7,READY,否,是,75.8,0.81,12.46
688123,周线,2026-06-19,139.11,70,A,33.75,181.81,101.25,438.7,54.4,LEG1,否,是,53.9,0.69,99.22
688141,周线,2026-06-19,135.4,70,A,12.67,60.95,42.51,381.1,38.2,BREAKOUT,是,是,90.8,0.69,41.66
300750,周线,2026-06-19,399.0,70,A,166.8,468.75,333.01,181.0,45.0,LEG1,否,是,44.7,0.58,326.35
300751,周线,2026-06-19,225.0,70,A,64.6,373.0,196.88,477.4,57.1,READY,否,是,44.0,0.62,192.94
002281,周线,2026-06-19,242.0,70,A,19.58,80.99,54.0,313.6,44.0,BREAKOUT,是,是,79.0,0.58,52.92
002283,周线,2026-06-19,10.06,70,A,3.89,13.24,5.84,240.4,79.1,LEG1,否,是,46.8,0.42,5.72
603659,周线,2026-06-19,29.51,70,A,10.4,37.66,25.35,262.1,45.2,LEG1,否,是,43.3,0.47,24.84
603256,周线,2026-06-19,258.9,70,A,4.51,85.83,28.0,1803.1,71.1,LEG1,是,是,90.4,0.46,27.44
603259,周线,2026-06-19,98.2,70,A,36.36,114.5,87.18,214.9,35.0,LEG1,否,是,45.4,0.49,85.44
002587,周线,2026-06-19,6.91,70,A,4.15,7.42,6.12,78.8,39.8,LEG1,否,是,51.9,0.8,6.0
603301,周线,2026-06-19,88.15,70,A,15.68,103.0,62.14,556.9,46.8,LEG1,否,是,52.2,0.53,60.9
300453,周线,2026-06-19,9.75,70,A,4.88,10.71,8.6,119.5,36.2,LEG1,否,是,52.6,0.54,8.43
688737,周线,2026-06-19,26.12,70,A,11.77,28.2,23.11,139.6,31.0,BREAKOUT,否,是,46.1,0.6,22.65
688758,周线,2026-06-19,20.04,70,A,14.21,21.99,17.5,54.8,57.7,LEG1,否,是,55.6,0.98,17.15
688766,周线,2026-06-19,580.2,70,A,55.88,305.99,218.78,447.6,34.9,BREAKOUT,是,是,88.5,0.89,214.4
688767,周线,2026-06-19,37.45,70,A,22.23,44.18,36.71,98.7,34.0,LEG1,否,是,49.0,0.62,35.98
688777,周线,2026-06-19,117.2,70,A,34.2,93.32,62.3,172.9,52.5,BREAKOUT,是,是,89.0,0.64,61.05
688800,周线,2026-06-19,93.4,70,A,19.2,109.5,79.41,470.3,33.3,BREAKOUT,否,是,40.6,0.72,77.82
002636,周线,2026-06-19,95.71,70,A,4.63,19.44,11.25,319.9,55.3,LEG1,是,是,93.9,0.79,11.03
300489,周线,2026-06-19,214.0,70,A,10.39,58.02,40.0,458.4,37.8,BREAKOUT,是,是,86.4,0.85,39.2
301321,周线,2026-06-19,38.16,70,A,8.58,25.8,17.73,200.7,46.9,BREAKOUT,是,是,81.7,0.76,17.38
301120,周线,2026-06-19,19.83,70,A,6.34,29.92,19.51,371.9,44.1,READY,否,是,45.1,0.44,19.12
301123,周线,2026-06-19,114.87,70,A,11.1,82.0,48.88,638.7,46.7,BREAKOUT,是,是,75.6,0.93,47.9
301133,周线,2026-06-19,40.63,70,A,16.01,50.79,35.3,217.2,44.5,LEG1,否,是,42.1,0.44,34.59
600353,周线,2026-06-19,38.19,70,A,4.95,19.96,13.6,303.2,42.4,BREAKOUT,是,是,91.4,0.29,13.33
002253,周线,2026-06-19,11.1,70,A,7.51,12.38,10.1,64.8,46.8,LEG1,否,是,44.6,0.38,9.9
000021,周线,2026-06-19,42.91,70,A,10.18,35.97,25.48,253.3,40.7,BREAKOUT,是,是,76.7,0.78,24.97
603800,周线,2026-06-19,81.33,70,A,15.72,58.71,34.21,273.5,57.0,BREAKOUT,是,是,78.2,0.93,33.53
300731,周线,2026-06-19,60.08,70,A,8.41,83.32,58.76,890.7,32.8,BREAKOUT,否,是,40.2,0.54,57.58
300740,周线,2026-06-19,22.03,70,A,9.6,28.33,19.36,195.1,47.9,LEG1,否,是,41.5,0.68,18.97
000586,周线,2026-06-19,15.49,70,A,5.57,25.12,12.5,351.0,64.6,LEG1,否,是,42.6,0.36,12.25
000595,周线,2026-06-19,6.54,70,A,3.12,6.91,4.67,121.5,59.1,LEG1,否,是,45.0,0.77,4.58
688096,周线,2026-06-19,13.41,70,A,4.28,10.1,7.6,136.0,43.0,BREAKOUT,是,是,76.7,0.99,7.45
688308,周线,2026-06-19,174.47,70,A,14.07,34.98,17.0,148.6,86.0,LEG1,是,是,81.1,0.7,16.66
688314,周线,2026-06-19,40.5,70,A,16.88,58.6,30.16,247.2,68.2,LEG1,否,是,41.3,0.51,29.56
301307,周线,2026-06-19,68.85,70,A,15.91,45.88,32.0,188.4,46.3,BREAKOUT,是,是,87.7,0.62,31.36
301319,周线,2026-06-19,164.5,70,A,23.15,61.0,38.28,163.5,60.0,BREAKOUT,是,是,85.8,0.93,37.51
603226,周线,2026-06-19,55.8,70,A,2.88,44.3,27.33,1438.2,41.0,BREAKOUT,是,是,83.2,0.65,26.78
002718,周线,2026-06-19,111.4,70,A,8.36,82.57,53.06,887.7,39.8,BREAKOUT,是,是,87.7,0.71,52.0
002652,周线,2026-06-19,4.67,70,A,1.58,6.77,4.17,328.5,50.1,LEG1,否,是,40.3,0.57,4.09
300444,周线,2026-06-19,13.21,70,A,4.44,18.69,12.78,320.9,41.5,LEG1,否,是,41.7,0.3,12.52
603165,周线,2026-06-19,15.7,70,A,8.28,20.36,13.0,145.9,60.9,LEG1,否,是,44.8,0.32,12.74
688331,周线,2026-06-19,109.19,70,A,22.37,156.79,75.03,600.9,60.8,LEG1,否,是,43.7,0.59,73.53
301338,周线,2026-06-19,162.71,70,A,18.43,210.99,152.02,1044.8,30.6,BREAKOUT,否,是,44.1,0.97,148.98
600186,周线,2026-06-19,14.66,70,A,2.92,6.82,5.53,133.6,33.1,BREAKOUT,是,是,82.8,0.77,5.42
688332,周线,2026-06-19,127.54,70,A,44.02,135.78,124.51,208.5,12.3,LEG1,否,否,58.5,1.94,122.02
688300,周线,2026-06-19,235.24,70,A,28.88,103.68,52.75,259.0,68.1,LEG1,是,是,90.6,0.76,51.7
603186,周线,2026-06-19,226.67,70,A,13.91,88.15,56.95,533.7,42.0,BREAKOUT,是,是,93.1,0.43,55.81
603190,周线,2026-06-19,25.58,70,A,17.32,29.5,23.03,70.3,53.1,READY,否,是,41.2,0.5,22.57
300432,周线,2026-06-19,23.3,70,A,5.53,28.85,15.96,421.7,55.3,LEG1,否,是,49.4,0.49,15.64
002795,周线,2026-06-19,7.5,70,A,3.08,8.83,6.6,186.7,38.8,BREAKOUT,否,是,40.0,0.66,6.47
603132,周线,2026-06-19,17.42,70,A,9.16,20.7,14.35,126.0,55.0,LEG1,否,是,47.4,0.46,14.06
002183,周线,2026-06-19,5.67,70,A,2.67,7.93,4.8,197.0,59.5,LEG1,否,是,46.0,0.5,4.7
603773,周线,2026-06-19,166.13,70,A,15.33,42.55,32.22,177.6,38.0,BREAKOUT,是,是,95.4,0.77,31.58
300762,周线,2026-06-19,38.86,70,A,7.3,49.44,32.66,577.3,39.8,LEG1,否,是,50.8,0.73,32.01
300763,周线,2026-06-19,93.31,70,A,41.58,124.0,83.39,198.2,49.3,READY,否,是,46.0,0.54,81.72
300790,周线,2026-06-19,29.08,70,A,7.86,33.0,22.42,319.8,42.1,BREAKOUT,否,否,50.5,1.79,21.97
688347,周线,2026-06-19,260.7,70,A,26.6,166.5,105.55,525.9,43.6,BREAKOUT,是,是,82.2,0.72,103.44
688351,周线,2026-06-19,23.02,70,A,16.14,27.87,20.27,72.7,64.8,LEG1,否,是,42.2,0.63,19.86
688700,周线,2026-06-19,99.77,70,A,16.95,51.0,36.87,200.9,41.5,BREAKOUT,是,是,84.6,0.78,36.13
002821,周线,2026-06-19,115.0,70,A,59.55,132.98,91.33,123.3,56.7,LEG1,否,是,49.5,0.4,89.5
300820,周线,2026-06-19,73.16,70,A,30.66,67.9,46.3,121.5,58.0,BREAKOUT,是,是,80.2,0.75,45.37
300828,周线,2026-06-19,19.85,70,A,7.16,28.2,18.63,293.9,45.5,LEG1,否,是,46.0,0.61,18.26
002176,周线,2026-06-19,11.49,70,A,6.2,16.97,8.7,173.7,76.8,LEG1,否,是,46.8,0.86,8.53
002181,周线,2026-06-19,11.4,70,A,2.92,13.23,9.58,353.1,35.4,BREAKOUT,否,是,40.4,0.69,9.39
000628,周线,2026-06-19,53.59,70,A,32.07,68.11,47.45,112.4,57.3,LEG1,否,是,41.7,0.52,46.5
600869,周线,2026-06-19,33.26,70,A,2.66,8.87,6.62,233.5,36.2,BREAKOUT,是,是,93.9,0.89,6.49
600879,周线,2026-06-19,20.2,70,A,5.48,27.35,20.2,399.1,32.7,LEG1,否,是,42.0,0.52,19.8
002741,周线,2026-06-19,39.44,70,A,8.62,23.74,16.41,175.4,48.5,BREAKOUT,是,是,89.6,0.49,16.08
002757,周线,2026-06-19,21.07,70,A,9.95,32.8,18.98,229.6,60.5,LEG1,否,是,43.0,0.53,18.6
603118,周线,2026-06-19,13.32,70,A,5.21,17.7,10.76,239.7,55.6,LEG1,否,是,48.0,0.42,10.54
300376,周线,2026-06-19,6.3,70,A,2.07,8.24,2.76,298.1,88.8,LEG1,否,否,56.4,1.58,2.7
300385,周线,2026-06-19,13.36,70,A,3.0,22.1,5.68,636.7,86.0,LEG1,否,是,42.6,0.24,5.57
600926,周线,2026-06-19,16.0,70,A,11.72,17.59,15.02,50.1,43.8,LEG1,否,是,42.3,0.64,14.72
002141,周线,2026-06-19,4.28,70,A,0.78,3.92,3.64,402.6,8.9,BREAKOUT,是,否,67.8,2.3,3.57
605336,周线,2026-06-19,15.05,70,A,9.29,19.09,13.1,105.5,61.1,LEG1,否,是,40.9,0.28,12.84
300201,周线,2026-06-19,18.6,70,A,2.84,6.0,5.03,111.3,30.7,BREAKOUT,是,是,79.8,0.57,4.93
002080,周线,2026-06-19,82.41,70,A,9.28,53.57,29.12,477.3,55.2,LEG1,是,是,78.7,0.81,28.54
002085,周线,2026-06-19,13.07,70,A,11.08,18.17,14.7,64.0,48.9,LEG1,否,否,44.5,1.49,14.41
301196,周线,2026-06-19,194.86,70,A,22.5,122.33,72.5,443.7,49.9,BREAKOUT,是,是,78.8,0.99,71.05
300843,周线,2026-06-19,120.6,70,A,10.76,66.66,47.89,519.5,33.6,BREAKOUT,是,是,85.5,0.74,46.93
600589,周线,2026-06-19,10.24,70,A,2.07,14.58,9.42,604.3,41.2,LEG1,否,是,45.5,0.33,9.23
603803,周线,2026-06-19,12.89,70,A,3.89,17.71,9.51,355.3,59.3,LEG1,否,是,46.2,0.41,9.32
603806,周线,2026-06-19,17.34,70,A,11.74,19.7,16.42,67.8,41.2,LEG1,否,是,50.7,0.61,16.09
300814,周线,2026-06-19,180.25,70,A,21.99,116.0,67.7,427.5,51.4,LEG1,是,是,89.8,0.75,66.35
600884,周线,2026-06-19,14.2,70,A,5.67,18.07,12.72,218.7,43.1,LEG1,否,是,46.4,0.44,12.47
603933,周线,2026-06-19,23.65,70,A,7.58,27.42,19.35,261.7,40.7,LEG1,否,是,48.8,0.38,18.96
603936,周线,2026-06-19,26.76,70,A,5.29,16.29,10.08,207.9,56.5,LEG1,是,是,79.7,0.73,9.88
603937,周线,2026-06-19,13.62,70,A,6.44,18.88,11.1,193.2,62.5,LEG1,否,是,43.7,0.36,10.88
002025,周线,2026-06-19,63.4,70,A,31.98,83.63,48.95,161.5,67.1,LEG1,否,是,44.1,0.43,47.97
688072,周线,2026-06-19,740.0,70,A,101.4,407.7,138.63,302.1,87.8,LEG1,是,是,84.6,0.91,135.86
000657,周线,2026-06-19,89.53,70,A,7.3,71.5,45.55,879.5,40.4,BREAKOUT,是,是,86.3,0.83,44.64
301098,周线,2026-06-19,8.6,70,A,5.81,9.96,7.68,71.4,54.9,BREAKOUT,否,否,40.3,1.32,7.53
600366,周线,2026-06-19,14.08,70,A,4.55,16.2,11.09,256.0,43.9,READY,否,否,63.4,1.78,10.87
600367,周线,2026-06-19,57.1,70,A,7.47,29.0,19.44,288.2,44.4,BREAKOUT,是,是,95.8,0.89,19.05
002046,周线,2026-06-19,62.01,70,A,7.19,55.52,24.74,672.2,63.7,LEG1,是,是,75.4,0.66,24.25
002136,周线,2026-06-19,13.48,70,A,6.79,15.86,11.74,133.6,45.4,LEG1,否,是,49.5,0.68,11.51
002831,周线,2026-06-19,30.9,70,A,19.74,30.99,26.78,57.0,37.4,BREAKOUT,否,是,40.5,0.8,26.24
002843,周线,2026-06-19,22.14,70,A,10.9,29.93,17.6,174.6,64.8,LEG1,否,是,42.6,0.36,17.25
603150,周线,2026-06-19,78.36,70,A,20.0,65.97,43.35,229.8,49.2,BREAKOUT,是,是,79.4,0.63,42.48
002796,周线,2026-06-19,42.63,70,A,5.4,62.78,8.7,1062.6,94.2,LEG1,否,是,42.3,0.38,8.53
603115,周线,2026-06-19,119.94,70,A,8.83,21.36,17.56,141.9,30.3,BREAKOUT,是,是,76.6,0.26,17.21
603042,周线,2026-06-19,20.41,70,A,6.85,24.2,14.31,253.3,57.0,LEG1,否,是,52.2,0.51,14.02
603045,周线,2026-06-19,84.49,70,A,8.13,23.85,18.31,193.4,35.2,BREAKOUT,是,是,75.2,0.85,17.94
688667,周线,2026-06-19,120.03,70,A,29.81,172.7,55.75,479.3,81.8,LEG1,否,是,49.9,0.71,54.63
688668,周线,2026-06-19,408.3,70,A,27.62,182.54,124.11,560.9,37.7,BREAKOUT,是,是,85.3,0.65,121.63
301356,周线,2026-06-19,23.48,70,A,11.2,26.95,19.68,140.6,46.2,READY,否,是,51.3,0.49,19.29
301358,周线,2026-06-19,75.65,70,A,22.28,110.0,59.4,393.7,57.7,LEG1,否,是,43.0,0.65,58.21
301360,周线,2026-06-19,77.06,70,A,36.0,91.92,60.68,155.3,55.9,BREAKOUT,否,是,46.2,0.92,59.47
301373,周线,2026-06-19,195.17,70,A,17.7,34.32,24.36,93.9,59.9,BREAKOUT,是,是,88.5,0.94,23.87
600176,周线,2026-06-19,54.6,70,A,8.5,17.58,14.78,106.8,30.8,BREAKOUT,是,是,80.3,0.91,14.48
600892,周线,2026-06-19,3.6,70,A,2.33,4.04,3.42,73.4,36.3,READY,否,是,40.1,0.59,3.35
600157,周线,2026-06-19,1.67,70,A,1.01,2.1,1.66,107.9,40.4,READY,否,是,40.7,0.3,1.63
688359,周线,2026-06-19,176.0,70,A,24.72,85.11,64.39,244.3,34.3,BREAKOUT,是,是,91.3,1.0,63.1
300867,周线,2026-06-19,19.83,70,A,9.1,24.56,18.72,169.9,37.8,LEG1,否,是,45.2,0.49,18.35
300868,周线,2026-06-19,139.1,70,A,8.88,36.5,26.8,311.0,35.1,LEG1,是,是,86.4,0.66,26.26
600576,周线,2026-06-19,5.75,70,A,3.59,7.02,7.03,95.5,-0.3,LEG1,否,否,41.1,1.72,6.89
603926,周线,2026-06-19,19.58,70,A,6.55,26.18,17.14,299.7,46.1,LEG1,否,是,43.5,0.42,16.8
002938,周线,2026-06-19,119.01,70,A,15.92,63.98,48.0,301.9,33.3,BREAKOUT,是,是,87.8,0.94,47.04
600183,周线,2026-06-19,180.15,70,A,13.1,75.8,51.2,478.6,39.2,BREAKOUT,是,是,93.4,0.94,50.18
301377,周线,2026-06-19,590.0,70,A,11.81,219.95,64.5,1762.4,74.7,LEG1,是,是,97.8,0.83,63.21
301379,周线,2026-06-19,25.92,70,A,14.8,31.0,22.82,109.5,50.5,BREAKOUT,否,否,46.1,1.36,22.36
301393,周线,2026-06-19,51.68,70,A,33.26,62.4,46.69,87.6,53.9,BREAKOUT,否,是,41.4,0.36,45.76
600150,周线,2026-06-19,37.15,70,A,26.93,43.42,33.05,61.2,62.9,LEG1,否,是,52.1,0.66,32.39
600152,周线,2026-06-19,11.07,70,A,3.9,16.62,6.41,326.2,80.3,LEG1,否,是,46.7,0.31,6.28
300301,周线,2026-06-19,3.26,70,A,0.99,4.1,2.07,314.1,65.3,LEG1,否,是,47.8,0.3,2.03
688052,周线,2026-06-19,264.8,70,A,78.09,204.6,145.87,162.0,46.4,BREAKOUT,是,是,77.5,0.64,142.95
688059,周线,2026-06-19,196.15,70,A,38.4,140.52,77.11,265.9,62.1,LEG1,是,是,82.1,0.86,75.57
000695,周线,2026-06-19,14.47,70,A,6.29,15.5,11.61,146.4,42.2,BREAKOUT,否,是,51.2,0.63,11.38
600552,周线,2026-06-19,24.13,70,A,8.28,16.77,11.4,102.5,63.3,BREAKOUT,是,是,76.2,0.93,11.17
300322,周线,2026-06-19,30.14,70,A,5.39,34.0,22.83,530.8,39.0,READY,否,是,51.0,0.89,22.37
300326,周线,2026-06-19,6.3,70,A,3.48,7.33,5.37,110.6,50.9,LEG1,否,是,43.0,0.45,5.26
600973,周线,2026-06-19,6.66,70,A,3.12,8.06,6.07,158.3,40.3,LEG1,否,是,43.2,0.82,5.95
603075,周线,2026-06-19,22.74,70,A,15.72,27.71,20.81,76.3,57.5,LEG1,否,是,43.1,0.5,20.39
603002,周线,2026-06-19,23.2,70,A,3.57,12.34,9.07,245.7,37.3,BREAKOUT,是,是,93.1,0.67,8.89
300260,周线,2026-06-19,78.3,70,A,15.9,65.2,45.24,310.1,40.5,BREAKOUT,是,是,75.2,0.95,44.34
300270,周线,2026-06-19,12.05,70,A,3.3,15.62,9.78,373.3,47.4,LEG1,否,是,47.2,0.5,9.58
603978,周线,2026-06-19,27.04,70,A,7.7,34.68,21.37,350.4,49.3,LEG1,否,是,48.6,0.72,20.94
001389,周线,2026-06-19,205.8,70,A,32.77,88.49,64.05,170.0,43.9,BREAKOUT,是,是,75.3,0.61,62.77
001896,周线,2026-06-19,21.76,70,A,2.93,6.56,5.16,123.9,38.6,BREAKOUT,是,是,78.1,0.84,5.06
001309,周线,2026-06-19,709.62,70,A,54.16,759.99,227.0,1303.2,75.5,LEG1,否,是,76.1,0.59,222.46
603986,周线,2026-06-19,586.04,70,A,55.2,331.16,236.86,499.9,34.2,BREAKOUT,是,是,91.3,0.8,232.12
300885,周线,2026-06-19,25.57,70,A,4.26,36.38,20.66,754.0,48.9,READY,否,是,44.7,0.35,20.25
002028,周线,2026-06-19,186.93,70,A,59.66,232.28,69.92,289.3,94.1,LEG1,否,是,46.0,0.72,68.52
600984,周线,2026-06-19,4.21,70,A,1.93,5.38,3.67,178.8,49.6,LEG1,否,是,44.2,0.6,3.6
300311,周线,2026-06-19,5.26,70,A,2.84,5.85,4.84,106.0,33.6,READY,否,是,49.1,0.49,4.74
002916,周线,2026-06-19,444.27,70,A,46.78,295.66,211.0,532.0,34.0,BREAKOUT,是,是,79.2,0.76,206.78
002921,周线,2026-06-19,23.81,70,A,7.81,33.26,21.66,325.9,45.6,LEG1,否,是,40.3,0.43,21.23
603039,周线,2026-06-19,41.18,70,A,26.36,49.99,48.31,89.6,7.1,LEG1,否,否,44.2,1.6,47.34
688383,周线,2026-06-19,184.0,70,A,36.29,85.98,59.0,136.9,54.3,BREAKOUT,是,是,96.3,0.78,57.82
688418,周线,2026-06-19,45.72,70,A,8.9,54.69,37.31,514.5,38.0,LEG1,否,是,49.5,0.36,36.56
301502,周线,2026-06-19,84.66,70,A,29.31,48.9,39.42,66.8,48.4,BREAKOUT,是,是,78.3,0.51,38.63
301510,周线,2026-06-19,35.41,70,A,19.0,41.55,29.4,118.7,53.9,READY,否,是,49.8,0.96,28.81
688035,周线,2026-06-19,97.33,70,A,23.23,79.97,52.9,244.3,47.7,BREAKOUT,是,是,78.3,0.69,51.84
688045,周线,2026-06-19,78.55,70,A,20.66,60.6,39.53,193.3,52.8,BREAKOUT,是,是,77.9,0.96,38.74
301075,周线,2026-06-19,67.32,70,A,12.6,98.29,60.77,680.1,43.8,READY,否,是,40.1,0.37,59.55
301081,周线,2026-06-19,14.84,70,A,5.45,11.87,9.62,117.8,35.0,BREAKOUT,是,是,41.0,0.47,9.43
301085,周线,2026-06-19,63.85,70,A,31.31,78.25,54.3,149.9,51.0,BREAKOUT,否,是,45.3,0.28,53.21
688046,周线,2026-06-19,17.79,70,A,9.08,21.99,12.89,142.2,70.5,LEG1,否,是,43.3,0.34,12.63
000751,周线,2026-06-19,5.11,70,A,2.26,6.84,4.92,202.7,41.9,LEG1,否,是,41.5,0.61,4.82
605016,周线,2026-06-19,25.24,70,A,14.54,29.1,22.46,100.1,45.6,LEG1,否,是,48.7,0.33,22.01
300903,周线,2026-06-19,98.16,70,A,4.51,45.0,10.3,897.8,85.7,LEG1,是,是,84.6,0.59,10.09
001337,周线,2026-06-19,43.44,70,A,19.03,61.04,43.72,220.8,41.2,LEG1,否,是,40.3,0.44,42.85
001373,周线,2026-06-19,36.13,70,A,22.2,46.5,32.26,109.5,58.6,READY,否,是,47.3,0.82,31.61
002947,周线,2026-06-19,90.95,70,A,18.88,57.18,43.81,202.9,34.9,BREAKOUT,是,是,76.2,0.47,42.93
601996,周线,2026-06-19,2.53,70,A,1.59,3.2,2.21,101.3,61.5,LEG1,否,是,42.9,0.79,2.17
600098,周线,2026-06-19,6.91,70,A,4.91,8.5,6.86,73.1,45.7,READY,否,是,41.1,0.57,6.72
688661,周线,2026-06-19,152.15,70,A,20.1,108.5,72.34,439.8,40.9,BREAKOUT,是,是,81.4,0.91,70.89
688409,周线,2026-06-19,200.8,70,A,31.14,112.86,79.11,262.4,41.3,BREAKOUT,是,是,80.0,0.98,77.53
300239,周线,2026-06-19,5.35,70,A,3.63,6.82,5.12,87.9,53.3,READY,否,否,49.7,1.97,5.02
688627,周线,2026-06-19,542.28,70,A,36.7,319.71,225.68,771.1,33.2,BREAKOUT,是,是,84.3,1.0,221.17
688630,周线,2026-06-19,475.77,70,A,45.0,169.9,105.99,277.6,51.2,BREAKOUT,是,是,96.5,0.63,103.87
605060,周线,2026-06-19,50.52,70,A,11.44,67.92,48.06,493.7,35.2,LEG1,否,是,44.9,0.44,47.1
001215,周线,2026-06-19,40.28,70,A,21.14,48.98,37.07,131.7,42.8,READY,否,是,47.7,0.82,36.33
605111,周线,2026-06-19,71.15,70,A,25.7,50.88,36.15,98.0,58.5,BREAKOUT,是,是,79.4,0.76,35.43
001287,周线,2026-06-19,27.4,70,A,14.47,32.0,21.66,121.1,59.0,LEG1,否,是,54.8,0.57,21.23
600549,周线,2026-06-19,80.84,70,A,13.5,66.77,51.0,394.6,29.6,BREAKOUT,是,是,77.4,0.99,49.98
002992,周线,2026-06-19,46.75,70,A,34.0,56.98,47.15,67.6,42.8,LEG1,否,否,46.0,1.58,46.21
002993,周线,2026-06-19,72.6,70,A,23.07,55.68,43.5,141.4,37.4,BREAKOUT,是,是,77.2,0.97,42.63
301448,周线,2026-06-19,39.78,70,A,16.19,69.99,35.44,332.3,64.2,READY,否,否,53.5,1.38,34.73
600118,周线,2026-06-19,75.79,70,A,18.88,119.5,74.66,532.9,44.6,LEG1,否,是,40.4,0.55,73.17
688416,周线,2026-06-19,138.72,70,A,20.57,121.0,69.4,488.2,51.4,BREAKOUT,是,是,75.4,0.71,68.01
300013,周线,2026-06-19,3.91,70,A,1.36,4.32,3.17,217.6,38.9,BREAKOUT,否,是,38.0,0.58,3.11
003009,周线,2026-06-19,62.1,70,A,33.18,69.38,47.0,109.1,61.8,LEG1,否,否,54.6,1.55,46.06
601869,周线,2026-06-19,460.5,70,A,20.61,120.62,72.28,485.2,48.3,BREAKOUT,是,是,80.8,0.52,70.83
601886,周线,2026-06-19,9.43,70,A,4.27,10.2,7.5,138.9,45.5,LEG1,否,是,57.7,0.65,7.35
003031,周线,2026-06-19,160.26,70,A,34.57,88.5,71.88,156.0,30.8,BREAKOUT,是,是,76.5,0.81,70.44
601696,周线,2026-06-19,13.15,70,A,8.4,16.28,11.96,93.8,54.8,READY,否,否,61.1,2.56,11.72
301053,周线,2026-06-19,41.42,70,A,14.14,69.97,26.0,394.8,78.8,LEG1,否,是,40.7,0.4,25.48
000762,周线,2026-06-19,30.18,70,A,16.89,41.43,25.28,145.3,65.8,LEG1,否,是,44.9,0.5,24.77
000777,周线,2026-06-19,21.86,70,A,10.58,27.19,19.9,157.0,43.9,LEG1,否,否,57.4,1.62,19.5
605123,周线,2026-06-19,103.21,70,A,43.2,130.91,89.39,203.0,47.3,READY,否,是,49.0,0.63,87.6
605178,周线,2026-06-19,63.2,70,A,10.0,89.39,49.9,793.9,49.7,LEG1,否,是,43.6,0.34,48.9
000988,周线,2026-06-19,170.51,70,A,22.96,141.41,72.92,515.9,57.8,LEG1,是,是,79.6,0.56,71.46
600522,周线,2026-06-19,54.91,70,A,10.42,20.23,15.38,94.1,49.4,BREAKOUT,是,是,88.3,0.86,15.07
600527,周线,2026-06-19,2.41,70,A,1.33,3.5,2.09,163.2,65.0,LEG1,否,是,43.0,0.39,2.05
301511,周线,2026-06-19,162.8,70,A,9.86,40.8,27.86,313.8,41.8,BREAKOUT,是,是,91.6,0.74,27.3
301526,周线,2026-06-19,40.23,70,A,2.91,16.16,5.42,455.3,81.1,LEG1,是,是,93.4,0.73,5.31
688618,周线,2026-06-19,33.4,70,A,16.93,48.45,26.86,186.2,68.5,LEG1,否,是,45.2,0.45,26.32
600110,周线,2026-06-19,17.22,70,A,2.56,8.85,6.5,245.7,37.4,BREAKOUT,是,是,82.0,0.13,6.37
600111,周线,2026-06-19,50.32,70,A,15.08,57.96,44.02,284.4,32.5,LEG1,否,是,49.5,0.78,43.14
301568,周线,2026-06-19,114.67,70,A,24.02,63.7,46.72,165.2,42.8,BREAKOUT,是,是,93.2,1.0,45.79
301587,周线,2026-06-19,25.14,70,A,17.04,30.59,21.93,79.5,63.9,LEG1,否,是,42.8,0.65,21.49
600067,周线,2026-06-19,3.38,70,A,1.55,4.75,2.81,206.5,60.6,LEG1,否,否,43.2,2.33,2.75
300985,周线,2026-06-19,33.3,70,A,12.83,28.5,19.67,122.1,56.3,BREAKOUT,是,是,85.2,0.86,19.28
000935,周线,2026-06-19,26.25,70,A,10.09,34.13,22.9,238.3,46.7,LEG1,否,是,43.0,0.67,22.44
000938,周线,2026-06-19,27.21,70,A,14.22,34.49,23.23,142.5,55.6,LEG1,否,是,45.6,0.6,22.77
605258,周线,2026-06-19,37.24,70,A,13.4,39.55,30.44,195.1,34.8,LEG1,否,是,57.5,0.88,29.83
300919,周线,2026-06-19,49.27,70,A,26.61,66.15,44.88,148.6,53.8,LEG1,否,是,40.6,0.6,43.98
300920,周线,2026-06-19,38.25,70,A,9.81,48.3,35.22,392.4,34.0,BREAKOUT,否,是,40.1,0.85,34.52
688610,周线,2026-06-19,239.7,70,A,23.49,100.0,71.0,325.7,37.9,BREAKOUT,是,是,86.8,0.45,69.58
301021,周线,2026-06-19,115.6,70,A,11.8,64.6,46.7,447.5,33.9,BREAKOUT,是,是,84.7,0.89,45.77
300209,周线,2026-06-19,28.38,70,A,1.15,6.48,5.27,463.5,22.7,BREAKOUT,是,是,75.1,0.6,5.16
003036,周线,2026-06-19,104.79,70,A,6.1,21.5,14.88,252.5,43.0,BREAKOUT,是,是,98.5,0.56,14.58
399319,周线,2026-06-19,3462.21,70,A,2004.59,3815.75,3330.38,90.4,26.8,LEG1,否,是,40.7,0.7,3263.77
000510,周线,2026-06-19,22.02,70,A,2.63,23.5,12.71,793.5,51.7,READY,否,是,75.8,0.81,12.46
399366,周线,2026-06-19,3113.79,70,A,1112.36,3420.09,2572.7,207.5,36.7,LEG1,否,是,56.2,0.77,2521.25
300105,周线,2026-06-19,7.17,70,A,3.99,8.25,6.97,106.8,30.0,LEG1,否,否,58.3,1.78,6.83
300121,周线,2026-06-19,12.55,70,A,6.6,15.5,11.32,134.8,47.0,READY,否,否,48.7,1.66,11.09
399750,周线,2026-06-19,8970.13,70,A,6748.41,9528.54,8485.93,41.2,37.5,LEG1,否,是,42.3,0.93,8316.21
399328,周线,2026-06-19,11550.92,70,A,7510.73,12206.05,10382.02,62.5,38.8,LEG1,否,是,53.8,0.77,10174.38
300936,周线,2026-06-19,124.1,70,A,21.86,44.27,34.54,102.5,43.4,BREAKOUT,是,是,91.0,0.82,33.85
300938,周线,2026-06-19,44.52,70,A,15.95,68.77,29.25,331.2,74.8,LEG1,否,是,44.6,0.9,28.66
601208,周线,2026-06-19,73.2,70,A,6.12,36.49,16.58,496.2,65.6,LEG1,是,是,89.0,0.81,16.25
601778,周线,2026-06-19,5.02,70,A,2.1,7.88,3.24,275.2,80.3,LEG1,否,是,40.6,0.26,3.18
300050,周线,2026-06-19,6.9,70,A,2.06,6.29,5.56,205.3,17.3,BREAKOUT,是,是,49.6,0.58,5.45
605287,周线,2026-06-19,42.18,70,A,9.98,66.21,38.41,563.4,49.4,LEG1,否,是,45.8,0.31,37.64
301607,周线,2026-06-19,42.86,70,A,32.25,53.43,41.51,65.7,56.3,BREAKOUT,否,否,41.8,1.33,40.68
399019,周线,2026-06-19,5126.49,70,A,2078.97,5289.88,4259.09,154.4,32.1,LEG1,否,是,62.1,0.6,4173.91
399357,周线,2026-06-19,4250.3,70,A,2530.91,3754.09,2823.68,48.3,76.1,LEG1,是,是,91.4,0.77,2767.21
399363,周线,2026-06-19,15403.68,70,A,2671.25,10344.2,4474.18,287.2,76.5,LEG1,是,是,85.3,0.61,4384.7
301200,周线,2026-06-19,328.08,70,A,26.76,183.89,34.83,587.2,94.9,LEG1,是,是,89.4,0.75,34.13
301203,周线,2026-06-19,43.59,70,A,23.31,52.97,38.36,127.2,49.3,LEG1,否,是,48.8,0.41,37.59
300581,周线,2026-06-19,12.34,70,A,5.58,13.89,15.11,148.9,-14.7,LEG1,否,否,46.1,2.04,14.81
688593,周线,2026-06-19,32.59,70,A,7.74,38.89,18.21,402.5,66.4,LEG1,否,是,48.6,0.78,17.85
688590,周线,2026-06-19,14.9,70,A,9.48,27.11,17.22,186.0,56.1,LEG1,否,否,47.4,1.32,16.88
399262,周线,2026-06-19,4327.66,70,A,1219.83,3108.32,1562.49,154.8,81.9,LEG1,是,是,81.7,0.75,1531.24
399269,周线,2026-06-19,11520.34,70,A,3084.07,8801.08,3954.9,185.4,84.8,LEG1,是,是,77.6,0.71,3875.8
600026,周线,2026-06-19,19.69,70,A,9.74,27.17,11.19,179.0,91.7,LEG1,否,是,47.8,0.71,10.97
399296,周线,2026-06-19,9896.57,70,A,3242.38,6466.71,5261.04,99.4,37.4,BREAKOUT,是,是,84.7,0.72,5155.82
688517,周线,2026-06-19,19.21,70,A,8.03,25.8,15.11,221.3,60.2,LEG1,否,是,42.7,0.56,14.81
688519,周线,2026-06-19,395.01,70,A,11.41,88.6,59.7,676.5,37.4,BREAKOUT,是,是,95.8,0.7,58.51
688525,周线,2026-06-19,370.0,70,A,26.52,151.0,55.72,469.4,76.5,LEG1,是,是,83.9,0.73,54.61
688530,周线,2026-06-19,64.33,70,A,13.67,42.9,25.81,213.8,58.5,BREAKOUT,是,是,80.3,0.86,25.29
688536,周线,2026-06-19,340.58,70,A,66.8,219.45,155.0,228.5,42.2,BREAKOUT,是,是,80.5,0.75,151.9
688583,周线,2026-06-19,131.07,70,A,74.72,173.0,110.7,131.5,63.4,READY,否,是,57.8,0.84,108.49
601211,周线,2026-06-19,17.77,67,A,12.93,22.35,18.41,72.9,41.8,LEG1,否,否,62.1,1.06,18.04
601916,周线,2026-06-19,3.04,67,A,2.45,3.15,2.93,28.6,31.4,READY,否,否,53.4,0.68,2.87
688458,周线,2026-06-19,40.96,67,A,20.0,47.99,31.41,140.0,59.2,READY,否,否,54.3,0.63,30.78
600516,周线,2026-06-19,6.08,67,A,3.76,7.29,5.41,93.9,53.3,LEG1,否,否,61.0,1.05,5.3
000776,周线,2026-06-19,21.42,67,A,11.13,21.73,17.66,95.2,38.4,LEG1,否,否,64.2,1.21,17.31
601088,周线,2026-06-19,41.86,67,A,34.78,50.38,39.52,44.9,69.6,LEG1,否,是,34.9,1.09,38.73
600377,周线,2026-06-19,12.15,67,A,11.0,12.56,13.96,14.2,-89.7,LEG1,否,否,45.0,0.98,13.68
300872,周线,2026-06-19,19.58,67,A,8.67,23.22,15.45,167.8,53.4,LEG1,否,否,56.6,0.67,15.14
002174,周线,2026-06-19,11.62,67,A,6.85,13.99,11.08,104.2,40.8,LEG1,否,否,57.3,1.06,10.86
300735,周线,2026-06-19,24.85,67,A,13.81,27.09,20.3,96.2,51.1,READY,否,否,60.3,1.2,19.89
300333,周线,2026-06-19,9.41,67,A,3.08,12.65,8.48,310.7,43.6,READY,否,否,41.6,1.06,8.31
002055,周线,2026-06-19,6.5,67,A,4.27,6.65,5.22,55.7,60.1,BREAKOUT,否,否,52.7,0.5,5.12
603690,周线,2026-06-19,28.93,67,A,17.12,35.26,27.65,106.0,42.0,LEG1,否,否,59.0,1.04,27.1
300353,周线,2026-06-19,22.32,67,A,6.47,27.1,17.72,318.9,45.5,READY,否,否,63.0,1.2,17.37
002577,周线,2026-06-19,18.1,67,A,9.46,19.28,14.71,103.8,46.5,READY,否,否,57.2,0.89,14.42
603327,周线,2026-06-19,10.8,67,A,7.62,11.33,10.92,48.7,11.1,LEG1,否,否,55.0,0.91,10.7
002387,周线,2026-06-19,8.81,67,A,5.61,9.39,7.52,67.4,49.5,READY,否,否,55.1,1.18,7.37
000402,周线,2026-06-19,2.71,67,A,1.95,3.49,2.45,79.0,67.5,LEG1,否,否,41.4,0.51,2.4
002786,周线,2026-06-19,8.44,67,A,6.34,11.08,8.25,74.8,59.7,READY,否,否,55.1,0.84,8.08
600198,周线,2026-06-19,9.26,67,A,4.22,10.69,7.77,153.3,45.1,LEG1,否,否,57.3,1.18,7.61
000506,周线,2026-06-19,15.46,67,A,0.89,28.52,15.14,3104.5,48.4,READY,否,否,49.9,1.01,14.84
603722,周线,2026-06-19,37.45,67,A,28.32,42.19,36.66,49.0,39.9,LEG1,否,否,48.3,1.26,35.93
000520,周线,2026-06-19,4.53,67,A,1.86,5.2,4.2,179.6,29.9,LEG1,否,否,58.0,1.21,4.12
600881,周线,2026-06-19,1.59,67,A,0.77,2.25,1.3,192.2,64.2,READY,否,否,46.8,1.22,1.27
688286,周线,2026-06-19,80.31,67,A,28.06,88.2,63.02,214.3,41.9,READY,否,否,65.0,1.21,61.76
300465,周线,2026-06-19,15.92,67,A,5.78,22.98,13.11,297.6,57.4,LEG1,否,否,54.0,1.3,12.85
000068,周线,2026-06-19,3.43,67,A,2.4,3.7,3.13,54.2,43.8,READY,否,否,54.9,1.1,3.07
300460,周线,2026-06-19,9.39,67,A,5.51,11.15,8.11,102.4,53.9,LEG1,否,否,50.5,0.62,7.95
000050,周线,2026-06-19,9.14,67,A,6.06,10.65,8.64,75.7,43.8,LEG1,否,否,59.5,1.06,8.47
002568,周线,2026-06-19,18.38,67,A,15.0,27.49,20.95,83.3,52.4,READY,否,否,47.4,1.24,20.53
601298,周线,2026-06-19,8.54,67,A,7.91,9.96,8.65,25.9,63.9,LEG1,否,是,36.6,1.29,8.48
001317,周线,2026-06-19,45.48,65,A,21.18,61.98,42.66,192.6,47.4,LEG1,否,是,34.4,0.88,41.81
300377,周线,2026-06-19,16.34,65,A,4.37,26.96,15.51,516.9,50.7,LEG1,否,否,47.8,1.74,15.2
002246,周线,2026-06-19,20.32,65,A,5.47,27.8,15.98,408.2,52.9,LEG1,否,是,34.6,0.36,15.66
301148,周线,2026-06-19,54.09,65,A,11.88,61.68,43.0,419.2,37.5,BREAKOUT,否,是,37.8,0.59,42.14
300386,周线,2026-06-19,12.37,65,A,5.32,18.9,15.6,255.3,24.3,LEG1,否,否,46.9,1.48,15.29
000591,周线,2026-06-19,5.04,65,A,3.97,6.8,4.38,71.3,85.5,LEG1,否,是,39.9,0.26,4.29
603276,周线,2026-06-19,16.75,65,A,10.99,18.68,15.16,70.0,45.8,LEG1,否,否,44.9,1.38,14.86
600727,周线,2026-06-19,7.42,65,A,4.02,8.89,6.64,121.1,46.2,READY,否,是,39.6,0.51,6.51
600615,周线,2026-06-19,11.04,65,A,7.17,13.39,10.58,86.8,45.2,READY,否,否,49.5,1.36,10.37
001387,周线,2026-06-19,13.07,65,A,10.48,14.85,12.87,41.7,45.3,LEG1,否,否,47.3,2.07,12.61
001331,周线,2026-05-29,69.78,65,A,8.74,65.0,13.03,643.7,92.4,LEG1,是,是,75.0,0.92,12.77
603015,周线,2026-06-19,12.27,65,A,5.17,18.82,10.8,264.0,58.8,LEG1,否,否,46.5,1.51,10.58
600995,周线,2026-06-19,13.47,65,A,7.76,17.0,13.1,119.1,42.2,READY,否,是,39.9,0.38,12.84
301107,周线,2026-06-19,24.91,65,A,15.47,33.26,25.61,115.0,43.0,READY,否,否,44.0,1.95,25.1
002910,周线,2026-06-19,11.16,65,A,5.61,11.63,10.0,107.3,27.1,LEG1,否,否,55.9,1.63,9.8
600579,周线,2026-06-19,7.5,65,A,4.69,9.66,7.35,106.0,46.5,READY,否,否,50.1,1.36,7.2
300902,周线,2026-06-19,17.08,65,A,14.16,27.11,20.55,91.5,50.7,READY,否,否,47.5,1.73,20.14
001258,周线,2026-06-19,7.68,65,A,5.5,12.33,7.03,124.2,77.6,LEG1,否,是,33.3,0.38,6.89
001223,周线,2026-06-19,49.83,65,A,29.29,73.49,45.5,150.9,63.3,LEG1,否,否,43.8,1.33,44.59
601858,周线,2026-06-19,21.22,65,A,15.67,31.3,17.33,99.7,89.4,LEG1,否,是,38.7,0.31,16.98
688523,周线,2026-06-19,53.2,65,A,14.2,90.45,56.41,537.0,44.6,LEG1,否,是,39.5,0.52,55.28
605151,周线,2026-06-19,18.97,65,A,12.11,26.63,17.99,119.9,59.5,LEG1,否,是,36.0,0.35,17.63
003816,周线,2026-06-19,4.19,65,A,3.33,4.2,3.74,26.1,52.9,BREAKOUT,否,是,39.9,0.44,3.67
600032,周线,2026-06-19,8.18,65,A,6.0,14.1,7.22,135.0,84.9,LEG1,否,是,35.0,0.46,7.08
605288,周线,2026-06-19,78.99,65,A,26.86,148.0,80.6,451.0,55.6,LEG1,否,否,44.0,1.34,78.99
000533,周线,2026-06-19,10.75,65,A,2.59,21.84,4.59,743.2,89.6,LEG1,否,是,34.7,0.21,4.5
300411,周线,2026-06-12,11.02,65,A,3.68,13.2,9.69,258.7,36.9,READY,否,否,58.2,3.06,9.5
688168,周线,2026-06-19,63.59,65,A,18.83,93.6,71.19,397.1,30.0,LEG1,否,否,40.3,1.86,69.77
002657,周线,2026-06-19,20.82,65,A,10.04,33.83,25.18,237.0,36.4,LEG1,否,否,45.7,1.55,24.68
603530,周线,2026-06-19,52.9,65,A,13.16,72.06,23.65,447.6,82.2,LEG1,否,是,39.7,0.38,23.18
301310,周线,2026-06-19,38.96,65,A,18.8,67.3,33.81,258.0,69.1,LEG1,否,否,46.9,1.97,33.13
603126,周线,2026-06-19,7.34,65,A,4.81,9.91,6.92,106.0,58.6,LEG1,否,是,34.3,0.44,6.78
002225,周线,2026-06-19,4.42,65,A,2.58,7.0,5.33,171.3,37.8,LEG1,否,否,43.5,1.4,5.22
301280,周线,2026-06-19,48.05,65,A,23.7,64.05,46.01,170.3,44.7,LEG1,否,否,49.2,1.32,45.09
600743,周线,2026-06-19,2.1,65,A,1.0,3.53,1.87,253.0,65.6,LEG1,否,是,37.8,0.48,1.83
002628,周线,2026-06-19,4.83,65,A,1.75,6.47,3.95,269.7,53.4,LEG1,否,是,38.2,0.4,3.87
000899,周线,2026-06-19,11.79,65,A,6.22,16.15,12.12,159.6,40.6,READY,否,是,38.6,0.4,11.88
600758,周线,2026-06-19,3.79,65,A,2.44,6.29,3.79,157.8,64.9,READY,否,是,38.7,0.46,3.71
600488,周线,2026-06-19,4.6,65,A,3.1,8.44,3.68,172.3,89.1,LEG1,否,是,38.9,0.49,3.61
300066,周线,2026-06-19,6.38,65,A,2.76,8.65,5.97,213.4,45.5,READY,否,否,52.4,1.52,5.85
603373,周线,2026-06-19,39.95,65,A,23.49,47.46,37.6,102.0,41.1,BREAKOUT,否,否,46.6,1.38,36.85
600784,周线,2026-06-19,6.96,65,A,4.11,7.68,6.43,86.9,35.0,BREAKOUT,否,是,38.0,0.32,6.3
600030,周线,2026-06-19,27.37,62,B,17.26,27.84,23.77,61.3,38.5,LEG1,否,否,62.1,1.05,23.29
600826,周线,2026-06-19,10.26,62,B,4.91,10.63,9.22,116.5,24.7,LEG1,否,否,56.5,1.11,9.04
300521,周线,2026-06-19,30.55,62,B,5.8,39.49,24.84,580.9,43.5,READY,否,否,59.3,1.07,24.34
600449,周线,2026-06-19,12.92,62,B,8.93,15.39,12.16,72.3,50.0,LEG1,否,否,42.4,0.44,11.92
000795,周线,2026-06-19,9.34,62,B,3.94,11.21,8.18,184.5,41.7,READY,否,否,50.3,1.22,8.02
300688,周线,2026-06-19,30.08,62,B,16.43,35.53,27.55,116.3,41.8,LEG1,否,否,64.5,1.19,27.0
300641,周线,2026-06-19,19.39,62,B,2.83,25.84,17.2,813.1,37.5,LEG1,否,否,60.9,1.13,16.86
600203,周线,2026-06-19,12.63,62,B,3.57,16.2,10.28,353.8,46.9,READY,否,否,53.8,1.22,10.07
603181,周线,2026-06-19,15.72,62,B,8.0,16.2,13.65,102.5,31.1,LEG1,否,否,57.4,1.28,13.38
300655,周线,2026-06-19,16.62,62,B,5.39,21.16,13.78,292.6,46.8,READY,否,否,58.2,1.05,13.5
600362,周线,2026-06-19,48.46,62,B,18.37,51.88,42.2,182.4,28.9,LEG1,否,否,56.7,1.01,41.36
688602,周线,2026-06-19,7.96,62,B,5.52,9.82,7.1,77.9,63.3,READY,否,否,54.8,1.08,6.96
600566,周线,2026-06-19,26.25,62,B,23.85,29.6,25.47,24.1,71.8,LEG1,否,否,41.3,0.67,24.96
600900,周线,2026-06-19,27.0,62,B,24.26,27.65,26.24,14.0,41.6,BREAKOUT,否,否,47.1,0.85,25.72
002191,周线,2026-06-19,4.0,62,B,3.24,4.1,4.01,26.5,10.5,LEG1,否,否,58.5,1.13,3.93
300235,周线,2026-06-19,13.82,62,B,6.08,14.95,11.88,145.9,34.6,LEG1,否,否,49.5,1.0,11.64
605218,周线,2026-06-19,18.22,62,B,12.72,20.8,16.24,63.5,56.4,READY,否,否,52.0,1.09,15.92
601375,周线,2026-06-19,4.08,62,B,3.25,4.15,3.87,27.7,31.1,LEG1,否,否,52.9,1.07,3.79
688582,周线,2026-06-19,60.76,62,B,21.61,80.58,53.85,272.9,45.3,LEG1,否,否,59.6,1.23,52.77
002083,周线,2026-06-19,10.81,62,B,3.43,14.53,9.87,323.6,42.0,LEG1,否,否,52.2,1.06,9.67
600611,周线,2026-06-19,4.49,62,B,2.27,6.6,5.31,190.7,29.8,LEG1,否,否,44.4,1.08,5.2
301428,周线,2026-06-19,38.19,62,B,20.25,50.09,31.6,147.4,62.0,LEG1,否,否,60.4,0.86,30.97
603072,周线,2026-06-19,37.33,62,B,32.31,39.54,46.0,22.4,-89.3,LEG1,否,否,45.6,1.1,45.08
601898,周线,2026-06-19,14.0,60,B,9.42,19.77,12.33,109.9,71.9,LEG1,否,是,34.0,0.65,12.08
601818,周线,2026-06-19,3.15,60,B,2.98,3.72,3.51,24.8,28.4,LEG1,否,否,43.5,0.53,3.44
688011,周线,2026-06-19,60.45,60,B,10.8,79.09,33.7,632.3,66.5,LEG1,否,否,42.4,0.59,33.03
688021,周线,2026-06-19,21.52,60,B,7.15,30.5,23.11,326.6,31.6,LEG1,否,是,33.9,0.45,22.65
003035,周线,2026-06-19,6.22,60,B,3.87,11.0,7.16,184.2,53.9,READY,否,是,37.8,0.21,7.02
688448,周线,2026-06-19,54.5,60,B,15.04,77.49,48.8,415.2,45.9,LEG1,否,是,38.7,0.57,47.82
301580,周线,2026-06-19,52.64,60,B,36.6,81.5,41.68,122.7,88.7,LEG1,否,否,38.0,2.16,40.85
002969,周线,2026-06-19,15.5,60,B,2.58,33.54,3.35,1200.0,97.5,LEG1,否,是,30.0,0.52,3.28
301042,周线,2026-06-19,76.49,60,B,19.17,110.9,37.36,478.5,80.2,LEG1,否,是,32.5,0.76,36.61
301027,周线,2026-06-19,19.22,60,B,5.77,27.32,15.71,373.5,53.9,LEG1,否,是,37.2,0.4,15.4
301529,周线,2026-06-19,104.55,60,B,20.68,166.09,93.64,703.1,49.8,BREAKOUT,否,是,39.2,0.66,91.77
301538,周线,2026-06-19,66.42,60,B,50.12,120.8,69.26,141.0,72.9,LEG1,否,是,34.7,0.84,67.87
600433,周线,2026-06-19,3.4,60,B,2.3,5.36,3.06,133.0,75.2,LEG1,否,是,34.6,0.38,3.0
600388,周线,2026-06-19,16.85,60,B,10.1,19.98,17.0,97.8,30.2,LEG1,否,是,36.2,0.64,16.66
300881,周线,2026-06-19,42.01,60,B,13.92,57.5,40.07,313.1,40.0,READY,否,是,38.3,0.47,39.27
300877,周线,2026-06-19,26.36,60,B,9.52,35.29,23.57,270.7,45.5,READY,否,是,37.0,0.29,23.1
600530,周线,2026-06-19,5.92,60,B,1.84,8.38,4.9,355.4,53.2,LEG1,否,否,43.0,0.62,4.8
300900,周线,2026-06-19,33.85,60,B,14.0,52.0,30.85,271.4,55.7,LEG1,否,是,39.7,0.36,30.23
000958,周线,2026-06-19,5.93,60,B,3.2,6.99,5.81,118.4,31.1,READY,否,否,38.5,1.7,5.69
605167,周线,2026-06-19,14.14,60,B,6.1,20.26,9.89,232.1,73.2,LEG1,否,否,35.1,1.44,9.69
300187,周线,2026-06-19,5.03,60,B,3.43,6.16,4.85,79.6,48.0,LEG1,否,是,35.8,0.46,4.75
300191,周线,2026-06-19,29.5,60,B,8.39,47.06,34.35,460.9,32.9,LEG1,否,是,34.4,0.21,33.66
605299,周线,2026-06-19,14.76,60,B,5.97,27.66,10.85,363.3,77.5,LEG1,否,是,36.8,0.26,10.63
000926,周线,2026-06-19,2.01,60,B,1.78,2.45,2.42,37.6,4.5,BREAKOUT,否,否,42.3,0.65,2.37
600178,周线,2026-06-19,9.52,60,B,7.12,13.54,11.39,90.2,33.5,LEG1,否,否,37.6,1.99,11.16
002150,周线,2026-06-19,25.55,60,B,9.94,39.51,26.7,297.5,43.3,READY,否,是,39.8,0.33,26.17
603095,周线,2026-06-19,16.98,60,B,10.02,27.77,16.31,177.1,64.6,LEG1,否,是,37.1,0.42,15.98
002833,周线,2026-06-19,17.59,60,B,14.0,22.52,16.52,60.9,70.4,LEG1,否,是,38.2,0.49,16.19
600348,周线,2026-06-19,8.46,60,B,6.17,10.59,8.72,71.6,42.3,LEG1,否,是,37.2,0.43,8.55
300393,周线,2026-06-19,8.2,60,B,4.62,13.65,9.02,195.5,51.3,LEG1,否,是,33.5,0.24,8.84
688358,周线,2026-06-19,32.95,60,B,18.82,44.78,29.1,137.9,60.4,LEG1,否,否,55.6,0.56,28.52
688116,周线,2026-06-19,42.15,60,B,15.45,51.7,36.82,234.6,41.0,READY,否,否,50.7,0.72,36.08
300873,周线,2026-06-19,24.82,60,B,12.97,27.44,20.13,111.6,50.5,READY,否,否,64.5,0.98,19.73
002865,周线,2026-06-19,66.83,60,B,34.0,110.63,68.48,225.4,55.0,LEG1,否,是,37.1,0.56,67.11
002860,周线,2026-06-19,13.99,60,B,6.85,16.4,11.82,139.4,48.0,READY,否,否,58.8,0.72,11.58
002853,周线,2026-06-19,22.98,60,B,6.31,30.49,22.88,383.2,31.5,LEG1,否,是,37.1,0.25,22.42
002881,周线,2026-06-19,41.6,60,B,15.95,50.2,35.62,214.7,42.6,READY,否,否,47.3,0.66,34.91
002875,周线,2026-06-19,16.57,60,B,7.11,26.8,15.26,276.9,58.6,LEG1,否,是,29.9,0.77,14.95
002872,周线,2026-06-19,5.03,60,B,3.17,5.65,4.88,78.2,31.0,LEG1,否,是,38.6,0.51,4.78
600153,周线,2026-06-19,9.09,60,B,7.0,10.68,8.61,52.6,56.3,LEG1,否,否,40.3,0.7,8.44
300838,周线,2026-06-19,14.66,60,B,8.85,17.3,13.42,95.5,45.9,BREAKOUT,否,是,38.2,0.86,13.15
300749,周线,2026-06-19,21.13,60,B,4.23,38.88,6.44,819.1,93.6,LEG1,否,是,39.3,0.38,6.31
603919,周线,2026-06-19,18.49,60,B,15.47,26.08,19.43,68.6,62.7,LEG1,否,否,44.7,0.41,19.04
002005,周线,2026-06-19,2.72,60,B,0.82,3.11,2.43,279.3,29.7,LEG1,否,是,37.3,0.69,2.38
603893,周线,2026-06-19,175.95,60,B,39.89,209.81,145.45,426.0,37.9,READY,否,否,51.4,0.72,142.54
603897,周线,2026-06-19,37.2,60,B,12.88,27.46,22.01,113.2,37.4,BREAKOUT,是,是,39.1,0.42,21.57
003007,周线,2026-06-19,40.29,60,B,20.54,59.77,38.38,191.0,54.5,READY,否,是,39.1,0.31,37.61
688030,周线,2026-06-19,17.02,60,B,9.21,21.66,14.08,135.2,60.9,READY,否,否,54.4,0.85,13.8
600590,周线,2026-06-19,11.84,60,B,3.2,18.56,8.62,480.0,64.7,LEG1,否,是,36.3,0.24,8.45
300276,周线,2026-06-19,7.75,60,B,2.89,10.17,6.66,251.9,48.2,READY,否,否,47.5,0.85,6.53
002943,周线,2026-06-19,51.58,60,B,14.85,88.95,44.22,499.0,60.4,READY,否,是,37.2,0.58,43.34
002981,周线,2026-06-19,21.86,60,B,16.0,31.18,22.3,94.9,58.5,READY,否,否,29.0,1.83,21.85
002001,周线,2026-06-19,28.5,60,B,15.38,40.19,19.52,161.3,83.3,LEG1,否,是,34.9,0.69,19.13
001872,周线,2026-06-19,19.96,60,B,16.47,24.09,21.2,46.3,37.9,LEG1,否,是,27.4,0.57,20.78
002108,周线,2026-06-19,4.73,60,B,2.87,6.44,4.32,124.4,59.4,LEG1,否,是,37.3,0.3,4.23
600593,周线,2026-06-19,38.18,60,B,13.23,52.4,32.33,296.1,51.2,READY,否,否,52.6,0.94,31.68
002896,周线,2026-06-19,79.69,60,B,21.74,92.2,67.41,324.1,35.2,READY,否,否,51.8,0.9,66.06
603021,周线,2026-06-19,5.94,60,B,2.32,8.82,4.35,280.2,68.8,LEG1,否,是,33.0,0.6,4.26
603016,周线,2026-06-19,36.35,60,B,13.83,61.36,24.2,343.7,78.2,LEG1,否,是,35.1,0.5,23.72
603012,周线,2026-06-19,7.39,60,B,4.01,9.0,7.02,124.4,39.7,BREAKOUT,否,是,33.0,0.41,6.88
600499,周线,2026-06-19,15.62,60,B,6.47,20.78,7.75,221.2,91.1,LEG1,否,是,39.9,0.46,7.59
605177,周线,2026-06-19,17.87,60,B,14.8,23.52,18.85,58.9,53.6,BREAKOUT,否,否,30.0,1.39,18.47
301012,周线,2026-06-19,27.88,60,B,10.23,32.49,20.5,217.6,53.9,LEG1,否,是,38.6,0.37,20.09
600461,周线,2026-06-19,9.35,60,B,8.42,10.11,9.45,20.1,39.1,BREAKOUT,否,是,30.9,0.79,9.26
688538,周线,2026-06-19,2.44,60,B,1.93,2.83,2.59,46.6,26.7,LEG1,否,否,55.4,0.89,2.54
300004,周线,2026-06-19,12.1,60,B,3.47,17.88,11.2,415.3,46.4,READY,否,是,39.5,0.38,10.98
300099,周线,2026-06-19,8.18,60,B,3.52,10.29,6.51,192.3,55.8,LEG1,否,否,47.6,0.89,6.38
601398,周线,2026-06-19,7.36,60,B,5.45,7.71,6.85,41.5,38.1,BREAKOUT,否,否,48.2,0.76,6.71
000990,周线,2026-06-19,8.94,60,B,5.96,13.42,7.13,125.2,84.3,LEG1,否,是,37.2,0.31,6.99
301031,周线,2026-06-19,124.92,60,B,65.01,156.56,97.48,140.8,64.5,BREAKOUT,否,是,38.9,0.98,95.53
688710,周线,2026-06-19,53.64,60,B,29.1,75.86,47.34,160.7,61.0,LEG1,否,是,31.0,0.67,46.39
603706,周线,2026-06-19,19.78,60,B,10.51,23.96,18.51,128.0,40.5,READY,否,是,36.5,0.52,18.14
603223,周线,2026-06-19,9.24,60,B,5.97,10.99,8.13,84.1,57.0,READY,否,否,47.0,0.71,7.97
002785,周线,2026-06-19,39.12,60,B,21.9,51.0,36.91,132.9,48.4,BREAKOUT,否,是,37.6,0.45,36.17
688329,周线,2026-06-19,23.3,60,B,11.3,27.75,20.42,145.6,44.6,READY,否,否,46.6,0.61,20.01
002216,周线,2026-06-19,11.73,60,B,8.91,15.06,11.4,69.0,59.5,LEG1,否,是,34.9,0.41,11.17
600676,周线,2026-06-19,7.03,60,B,2.65,8.99,6.98,239.2,31.7,LEG1,否,否,46.0,0.46,6.84
002277,周线,2026-06-19,6.18,60,B,2.04,8.64,5.49,323.5,47.7,READY,否,否,41.0,0.71,5.38
688159,周线,2026-06-19,48.0,60,B,21.81,73.58,38.12,237.4,68.5,LEG1,否,否,49.6,0.65,37.36
300691,周线,2026-06-19,16.87,60,B,12.4,18.66,14.95,50.5,59.3,READY,否,否,50.8,0.95,14.65
002792,周线,2026-06-19,37.1,60,B,9.48,55.0,37.4,480.2,38.7,LEG1,否,是,36.3,0.37,36.65
600905,周线,2026-06-19,4.13,60,B,4.01,4.67,4.21,16.5,69.7,LEG1,否,否,45.3,0.52,4.13
600875,周线,2026-06-19,31.71,60,B,12.26,45.25,18.29,269.1,81.7,LEG1,否,是,38.7,0.4,17.92
300422,周线,2026-06-19,4.82,60,B,3.24,6.15,4.45,89.8,58.4,LEG1,否,是,37.3,0.44,4.36
000534,周线,2026-06-19,29.42,60,B,8.56,49.14,14.9,474.1,84.4,LEG1,否,是,29.2,0.46,14.6
000537,周线,2026-06-19,8.55,60,B,7.71,11.72,8.17,52.0,88.5,LEG1,否,是,35.7,0.37,8.01
603194,周线,2026-06-19,37.04,60,B,28.57,42.8,35.75,49.8,49.5,LEG1,否,否,54.5,0.79,35.03
300342,周线,2026-06-19,44.59,60,B,8.1,75.5,40.2,832.1,52.4,LEG1,否,是,36.9,0.63,39.4
002440,周线,2026-06-19,10.44,60,B,4.98,16.45,10.6,230.3,51.0,READY,否,否,50.9,0.95,10.39
603515,周线,2026-06-19,18.33,60,B,13.43,21.82,17.8,62.5,47.9,LEG1,否,是,36.0,0.32,17.44
301198,周线,2026-06-19,14.39,60,B,5.85,17.85,13.23,205.1,38.5,BREAKOUT,否,是,36.5,0.77,12.97
301191,周线,2026-06-19,105.3,60,B,56.19,125.99,100.66,124.2,36.3,BREAKOUT,否,是,36.6,0.8,98.65
600821,周线,2026-06-19,6.67,60,B,4.87,9.98,5.5,104.9,87.7,LEG1,否,是,35.3,0.21,5.39
002641,周线,2026-06-19,4.3,60,B,3.63,4.63,4.12,27.5,51.0,LEG1,否,否,57.5,0.98,4.04
603538,周线,2026-06-19,37.8,60,B,9.96,70.39,18.97,606.7,85.1,LEG1,否,是,39.4,0.29,18.59
002388,周线,2026-06-19,5.45,60,B,2.63,6.96,4.57,164.6,55.2,READY,否,否,53.1,0.8,4.48
688717,周线,2026-06-19,91.04,60,B,40.0,157.13,59.17,292.8,83.6,LEG1,否,是,37.5,0.41,57.99
600724,周线,2026-06-19,6.36,60,B,3.24,8.61,5.44,165.7,59.0,LEG1,否,是,40.0,0.35,5.33
002360,周线,2026-06-19,5.31,60,B,3.95,6.99,4.92,77.0,68.1,LEG1,否,是,30.7,0.22,4.82
603669,周线,2026-06-19,4.82,60,B,2.94,5.12,4.02,74.1,50.5,LEG1,否,否,62.2,0.78,3.94
002713,周线,2026-06-19,10.35,60,B,1.96,15.67,8.18,699.5,54.6,LEG1,否,是,34.9,0.32,8.02
603196,周线,2026-06-19,25.79,60,B,6.25,35.35,11.16,465.6,83.1,LEG1,否,否,47.4,0.77,10.94
002678,周线,2026-06-19,4.88,60,B,3.32,6.39,4.81,92.5,51.5,READY,否,是,33.7,0.59,4.71
002668,周线,2026-06-19,10.06,60,B,5.03,10.17,8.55,102.2,31.5,LEG1,否,否,62.2,0.98,8.38
688165,周线,2026-06-19,19.93,60,B,6.24,25.81,15.75,313.6,51.4,READY,否,否,52.1,0.94,15.44
600323,周线,2026-06-19,28.85,60,B,14.15,32.99,19.35,133.1,72.4,LEG1,否,是,39.1,0.92,18.96
688195,周线,2026-06-19,210.82,60,B,16.33,429.09,29.11,2527.6,96.9,LEG1,否,是,36.3,0.83,28.53
600722,周线,2026-06-19,8.87,60,B,3.02,20.02,5.7,562.9,84.2,LEG1,否,是,30.1,0.53,5.59
300755,周线,2026-06-19,15.03,60,B,10.98,23.85,16.91,117.2,53.9,LEG1,否,否,51.7,0.56,16.57
000552,周线,2026-06-19,2.48,60,B,2.22,3.03,2.51,36.5,64.2,READY,否,是,37.1,0.44,2.46
603586,周线,2026-06-19,15.75,60,B,11.0,20.57,15.72,87.0,50.7,READY,否,否,35.0,3.04,15.41
301222,周线,2026-06-19,32.85,60,B,15.26,52.98,30.0,247.2,60.9,LEG1,否,是,34.4,0.81,29.4
300461,周线,2026-06-19,42.29,60,B,10.33,77.55,18.58,650.7,87.7,LEG1,否,是,37.9,0.33,18.21
688798,周线,2026-06-19,71.46,60,B,38.94,85.87,63.55,120.5,47.6,READY,否,否,51.4,0.64,62.28
300490,周线,2026-06-19,14.79,60,B,6.05,21.88,8.7,261.7,83.3,LEG1,否,是,38.2,0.38,8.53
002630,周线,2026-06-19,2.02,60,B,1.58,2.83,2.45,79.1,30.4,LEG1,否,否,50.3,0.46,2.4
300596,周线,2026-06-19,46.01,60,B,18.07,56.48,39.1,212.6,45.2,READY,否,否,55.0,0.73,38.32
002487,周线,2026-06-19,60.57,60,B,16.32,94.18,20.55,477.1,94.6,LEG1,否,是,31.8,0.77,20.14
000155,周线,2026-06-19,13.34,60,B,8.46,19.34,11.1,128.6,75.7,LEG1,否,是,32.8,0.31,10.88
301231,周线,2026-06-19,32.9,60,B,11.5,60.83,27.91,429.0,66.7,LEG1,否,否,52.8,0.64,27.35
600777,周线,2026-06-19,4.74,60,B,1.43,6.41,3.47,348.3,59.0,LEG1,否,是,35.8,0.55,3.4
002565,周线,2026-06-19,13.59,60,B,2.16,22.99,13.12,964.4,47.4,LEG1,否,是,36.3,0.3,12.86
000055,周线,2026-06-19,3.82,60,B,3.15,4.44,4.02,41.0,32.6,LEG1,否,否,58.4,0.97,3.94
000036,周线,2026-06-19,5.14,60,B,2.63,6.43,4.47,144.5,51.6,LEG1,否,否,44.1,0.33,4.38
000056,周线,2026-06-19,1.68,60,B,1.61,2.43,2.48,50.9,-6.1,LEG1,否,否,46.3,0.43,2.43
603344,周线,2026-06-19,27.43,60,B,18.08,39.36,24.28,117.7,70.9,LEG1,否,否,40.8,0.83,23.79
000065,周线,2026-06-19,12.76,60,B,8.07,16.37,11.75,102.9,55.7,LEG1,否,否,50.7,0.65,11.52
000063,周线,2026-06-19,37.64,60,B,20.89,55.85,35.61,167.4,57.9,READY,否,否,53.3,0.93,34.9
002591,周线,2026-06-19,7.04,60,B,2.99,9.44,6.25,215.7,49.5,READY,否,是,39.1,0.44,6.12
002456,周线,2026-06-19,9.62,60,B,5.91,11.46,8.36,93.9,55.9,READY,否,否,55.1,0.95,8.19
002527,周线,2026-06-19,13.83,60,B,5.25,18.58,12.41,253.9,46.3,READY,否,否,46.1,0.83,12.16
603296,周线,2026-06-19,79.46,60,B,42.84,111.03,79.75,159.2,45.9,BREAKOUT,否,是,28.9,0.71,78.16
600791,周线,2026-06-19,10.35,60,B,2.72,6.05,4.53,122.4,45.6,BREAKOUT,是,是,35.5,0.47,4.44
600795,周线,2026-06-19,4.94,60,B,4.07,5.28,4.7,29.7,47.9,READY,否,否,48.5,0.45,4.61
600768,周线,2026-06-19,15.53,60,B,5.6,19.78,14.88,253.2,34.6,LEG1,否,是,37.6,0.35,14.58
600773,周线,2026-06-19,15.37,60,B,7.43,28.88,11.28,288.7,82.1,LEG1,否,是,37.3,0.62,11.05
000890,周线,2026-06-19,9.12,60,B,2.28,17.61,4.22,672.4,87.3,LEG1,否,是,36.1,0.26,4.14
600268,周线,2026-06-19,12.53,60,B,4.85,17.22,10.1,255.1,57.6,LEG1,否,是,35.2,0.26,9.9
688246,周线,2026-06-19,25.35,60,B,15.01,39.0,25.49,159.8,56.3,LEG1,否,否,67.8,0.8,24.98
002648,周线,2026-06-19,22.4,60,B,12.74,30.36,16.2,138.3,80.4,LEG1,否,是,37.4,0.62,15.88
600790,周线,2026-06-19,3.68,60,B,2.94,5.02,3.48,70.7,74.0,LEG1,否,是,37.8,0.69,3.41
300967,周线,2026-06-19,17.72,60,B,6.62,25.28,15.66,281.9,51.6,READY,否,否,47.5,0.68,15.35
300970,周线,2026-06-19,20.83,60,B,9.27,50.4,13.25,443.7,90.3,LEG1,否,是,31.6,0.5,12.98
000837,周线,2026-06-19,12.03,60,B,5.88,13.7,10.11,133.0,45.9,READY,否,否,53.4,0.94,9.91
605222,周线,2026-06-19,25.35,60,B,13.66,43.99,19.13,222.0,82.0,LEG1,否,是,39.4,0.38,18.75
600502,周线,2026-06-19,4.79,60,B,3.82,6.19,4.43,62.0,74.3,LEG1,否,是,39.4,0.53,4.34
000826,周线,2026-06-19,2.17,60,B,1.35,3.05,1.91,125.9,67.1,LEG1,否,否,49.5,0.23,1.87
300051,周线,2026-06-19,9.81,60,B,5.81,18.78,9.21,223.2,73.8,LEG1,否,是,33.4,0.4,9.03
300017,周线,2026-06-19,14.38,60,B,6.37,20.15,9.66,216.3,76.1,LEG1,否,是,38.2,0.23,9.47
601688,周线,2026-06-19,20.4,60,B,11.83,25.75,17.54,117.7,59.0,READY,否,否,63.9,0.99,17.19
601658,周线,2026-06-19,4.98,60,B,4.45,5.27,5.53,18.4,-31.7,LEG1,否,否,43.9,0.72,5.42
601328,周线,2026-06-19,6.9,60,B,6.42,7.13,7.06,11.1,9.9,LEG1,否,否,52.3,0.76,6.92
601628,周线,2026-06-19,35.81,57,B,26.5,51.92,37.5,95.9,56.7,LEG1,否,否,43.1,1.01,36.75
300059,周线,2026-06-19,19.04,57,B,9.87,21.6,18.35,118.8,27.7,LEG1,否,否,41.2,1.05,17.98
300014,周线,2026-06-19,67.54,57,B,30.53,76.18,58.36,149.5,39.0,LEG1,否,否,54.4,1.1,57.19
000810,周线,2026-06-19,12.15,57,B,7.37,13.22,10.11,79.4,53.2,LEG1,否,否,54.4,1.29,9.91
300562,周线,2026-06-19,12.5,57,B,5.94,14.76,11.99,148.5,31.4,LEG1,否,否,41.3,1.23,11.75
002559,周线,2026-06-19,10.55,57,B,6.53,12.6,8.92,93.0,60.6,LEG1,否,否,53.5,1.01,8.74
000025,周线,2026-06-19,15.87,57,B,12.27,16.73,15.2,36.3,34.3,LEG1,否,否,48.7,1.08,14.9
600798,周线,2026-06-19,3.53,57,B,2.49,4.64,3.5,86.3,53.0,READY,否,否,45.0,1.01,3.43
002306,周线,2026-06-19,2.09,57,B,1.55,2.62,2.06,69.0,52.3,LEG1,否,否,39.6,0.5,2.02
300450,周线,2026-06-19,48.13,57,B,12.88,59.51,45.41,362.0,30.2,LEG1,否,否,45.1,1.09,44.5
603713,周线,2026-06-19,60.89,57,B,34.82,72.13,55.6,107.2,44.3,READY,否,否,59.6,1.16,54.49
002251,周线,2026-06-19,3.9,57,B,2.42,6.4,4.92,164.5,37.2,READY,否,否,39.6,1.12,4.82
603617,周线,2026-06-19,7.55,57,B,4.53,8.25,6.78,82.1,39.5,LEG1,否,否,52.3,1.11,6.64
002345,周线,2026-06-19,9.83,57,B,4.02,11.66,9.4,190.0,29.6,LEG1,否,否,42.4,1.14,9.21
000099,周线,2026-06-19,16.56,57,B,7.25,21.75,16.39,200.0,37.0,READY,否,否,43.2,1.19,16.06
603004,周线,2026-06-19,21.3,57,B,14.89,26.06,20.0,75.0,54.3,READY,否,否,51.1,1.05,19.6
300883,周线,2026-06-19,6.45,57,B,3.75,8.0,6.0,113.3,47.1,LEG1,否,否,41.5,1.11,5.88
601788,周线,2026-06-19,14.6,57,B,13.49,21.65,17.02,60.5,56.7,READY,否,否,41.7,1.07,16.68
301108,周线,2026-06-19,25.85,57,B,20.81,37.8,29.44,81.6,49.2,LEG1,否,否,45.9,1.15,28.85
600109,周线,2026-06-19,8.67,57,B,6.95,9.34,8.2,34.4,47.7,LEG1,否,否,50.0,1.06,8.04
300193,周线,2026-06-19,8.41,57,B,5.11,8.96,8.11,75.3,22.1,LEG1,否,否,49.3,1.05,7.95
000955,周线,2026-06-19,4.63,57,B,2.65,5.28,5.45,99.2,-6.5,LEG1,否,否,45.6,1.15,5.34
001239,周线,2026-06-19,15.43,57,B,12.28,17.38,15.34,41.5,40.0,LEG1,否,否,57.9,1.1,15.03
002215,周线,2026-06-19,9.44,57,B,5.65,11.04,9.49,95.4,28.8,LEG1,否,否,40.1,1.13,9.3
603066,周线,2026-06-19,10.55,57,B,8.27,12.37,10.26,49.6,51.5,LEG1,否,否,43.2,1.04,10.05
300803,周线,2026-06-19,97.79,57,B,33.14,109.87,94.28,231.5,20.3,LEG1,否,否,49.2,1.27,92.39
688708,周线,2026-06-19,51.5,57,B,44.81,70.4,66.66,57.1,14.6,LEG1,否,否,43.9,1.2,65.33
603636,周线,2026-06-19,9.33,57,B,7.1,15.02,11.1,111.5,49.5,LEG1,否,否,43.3,1.05,10.88
300435,周线,2026-06-19,21.2,57,B,9.33,36.5,18.55,291.2,66.1,LEG1,否,否,43.9,1.02,18.18
002775,周线,2026-06-19,4.02,57,B,1.7,5.28,3.57,210.6,47.8,READY,否,否,49.9,1.05,3.5
301337,周线,2026-06-19,28.59,57,B,22.26,35.27,26.2,58.4,69.7,LEG1,否,否,55.0,1.1,25.68
600416,周线,2026-06-19,11.17,57,B,8.85,17.69,12.13,99.9,62.9,READY,否,否,41.2,1.06,11.89
605166,周线,2026-06-19,10.8,57,B,6.42,11.95,9.41,86.1,45.9,LEG1,否,否,50.5,1.15,9.22
300582,周线,2026-06-19,14.95,55,B,5.65,20.0,12.45,254.0,52.6,READY,否,否,49.0,0.61,12.2
002448,周线,2026-06-19,13.16,55,B,4.41,17.52,13.14,297.3,33.4,LEG1,否,否,40.7,0.4,12.88
300565,周线,2026-06-19,12.4,55,B,7.71,16.29,11.01,111.3,61.5,LEG1,否,否,42.4,0.52,10.79
600792,周线,2026-06-19,3.93,55,B,2.78,5.44,3.84,95.7,60.2,READY,否,否,42.5,0.46,3.76
688259,周线,2026-06-19,38.83,55,B,25.28,46.4,34.0,83.5,58.7,READY,否,否,52.4,0.57,33.32
688255,周线,2026-06-19,30.8,55,B,12.18,40.5,25.5,232.5,53.0,READY,否,否,48.5,0.76,24.99
688788,周线,2026-06-19,45.1,55,B,20.51,61.33,51.51,199.0,24.1,LEG1,否,否,37.4,1.56,50.48
000001,周线,2026-06-19,10.78,55,B,9.61,11.6,10.43,20.7,58.8,LEG1,否,否,41.8,0.79,10.22
600843,周线,2026-06-19,7.89,55,B,3.47,13.21,10.61,280.7,26.7,LEG1,否,否,36.4,1.55,10.4
301282,周线,2026-06-19,29.41,55,B,11.41,50.95,23.5,346.5,69.4,LEG1,否,否,46.2,0.81,23.03
603337,周线,2026-06-19,41.3,55,B,17.43,50.5,36.99,189.7,40.9,READY,否,否,52.2,0.88,36.25
300473,周线,2026-06-19,31.04,55,B,11.08,38.37,29.5,246.3,32.5,READY,否,否,43.5,0.61,28.91
300555,周线,2026-06-19,13.87,55,B,5.12,15.19,11.7,196.7,34.7,LEG1,否,否,55.1,0.7,11.47
002497,周线,2026-06-19,22.93,55,B,7.98,32.0,21.15,301.0,45.2,LEG1,否,否,42.6,0.58,20.73
301260,周线,2026-06-19,15.33,55,B,9.12,18.0,14.21,97.4,42.7,READY,否,否,40.9,0.58,13.93
605488,周线,2026-06-19,33.59,55,B,8.18,48.68,31.13,495.1,43.3,READY,否,否,44.7,0.4,30.51
300925,周线,2026-06-19,17.96,55,B,6.92,21.33,16.98,208.2,30.2,LEG1,否,否,45.9,0.89,16.64
300052,周线,2026-06-19,12.37,55,B,7.8,16.85,10.95,116.0,65.2,LEG1,否,否,45.6,0.73,10.73
688273,周线,2026-06-19,42.0,55,B,17.64,50.94,37.04,188.8,41.7,READY,否,否,46.5,0.41,36.3
688252,周线,2026-06-19,22.89,55,B,9.43,26.5,19.1,181.0,43.4,READY,否,否,56.0,0.97,18.72
600243,周线,2026-06-19,3.84,55,B,2.14,4.59,4.72,114.5,-5.3,LEG1,否,否,48.0,0.65,4.63
600229,周线,2026-06-19,5.32,55,B,5.04,6.42,6.25,27.4,12.3,LEG1,否,否,34.7,2.63,6.12
603323,周线,2026-06-19,4.8,55,B,4.04,5.05,4.7,25.0,34.7,LEG1,否,否,43.5,0.65,4.61
301606,周线,2026-06-19,63.98,55,B,25.34,93.0,57.8,267.0,52.0,LEG1,否,否,40.4,0.36,56.64
300040,周线,2026-06-19,6.89,55,B,3.21,8.23,6.6,156.4,32.5,LEG1,否,否,45.0,0.43,6.47
688500,周线,2026-06-19,49.97,55,B,20.52,83.66,46.2,307.7,59.3,READY,否,否,43.4,0.68,45.28
600066,周线,2026-06-19,27.14,55,B,19.87,38.5,29.2,93.8,49.9,LEG1,否,否,24.4,1.31,28.62
688597,周线,2026-06-19,7.96,55,B,4.95,10.44,8.06,110.9,43.4,LEG1,否,否,41.9,0.6,7.9
601369,周线,2026-06-19,9.18,55,B,6.19,12.55,8.16,102.7,69.0,LEG1,否,否,43.5,0.55,8.0
000001,周线,2026-06-19,10.78,55,B,9.61,11.6,10.43,20.7,58.8,LEG1,否,否,41.8,0.79,10.22
000426,周线,2026-06-19,40.61,55,B,7.31,52.69,35.85,620.8,37.1,LEG1,否,否,47.6,0.64,35.13
000415,周线,2026-06-19,4.38,55,B,1.8,4.91,3.87,172.8,33.4,LEG1,否,否,52.0,0.64,3.79
600711,周线,2026-06-19,13.08,55,B,3.08,14.97,10.64,386.0,36.4,LEG1,否,否,47.9,0.74,10.43
002696,周线,2026-06-19,5.51,55,B,3.34,7.94,6.2,137.7,37.8,READY,否,否,16.0,1.46,6.08
688716,周线,2026-06-19,34.72,55,B,15.5,39.92,34.75,157.5,21.2,LEG1,否,否,49.0,0.88,34.05
002672,周线,2026-06-19,3.65,55,B,3.18,5.22,4.4,64.2,40.2,LEG1,否,否,28.8,1.57,4.31
002406,周线,2026-06-19,7.31,55,B,4.11,8.68,6.83,111.2,40.5,BREAKOUT,否,否,40.0,0.54,6.69
300455,周线,2026-06-19,22.8,55,B,7.25,29.25,22.5,303.4,30.7,LEG1,否,否,41.1,0.45,22.05
603528,周线,2026-06-19,6.65,55,B,3.99,11.57,8.37,190.0,42.2,LEG1,否,否,25.9,1.31,8.2
300611,周线,2026-06-19,25.88,55,B,5.77,30.66,24.82,431.4,23.5,LEG1,否,否,45.1,0.44,24.32
002404,周线,2026-06-19,6.84,55,B,4.07,7.67,6.21,88.5,40.6,READY,否,否,50.7,0.93,6.09
300496,周线,2026-06-19,61.81,55,B,31.74,89.47,56.59,181.9,57.0,READY,否,否,44.1,0.52,55.46
603380,周线,2026-06-19,37.3,55,B,13.64,43.57,31.97,219.4,38.8,READY,否,否,50.9,0.81,31.33
002493,周线,2026-06-19,11.9,55,B,7.71,14.11,10.95,83.0,49.4,LEG1,否,否,47.6,0.67,10.73
301236,周线,2026-06-19,38.48,55,B,28.65,55.2,44.33,92.7,40.9,LEG1,否,否,45.2,0.89,43.44
002438,周线,2026-06-19,15.81,55,B,7.93,20.27,15.46,155.6,39.0,READY,否,否,43.8,0.48,15.15
002516,周线,2026-06-19,6.1,55,B,3.2,7.38,5.36,130.6,48.3,READY,否,否,52.4,0.94,5.25
688728,周线,2026-06-19,14.52,55,B,10.11,17.56,13.95,73.7,48.5,LEG1,否,否,54.0,0.89,13.67
301178,周线,2026-06-19,43.87,55,B,14.2,62.79,43.54,342.2,39.6,LEG1,否,否,28.2,1.75,42.67
600340,周线,2026-06-19,1.28,55,B,0.95,3.64,2.07,283.2,58.4,LEG1,否,否,44.1,0.35,2.03
603191,周线,2026-06-19,17.93,55,B,9.89,27.69,14.3,180.0,75.2,LEG1,否,否,41.7,0.49,14.01
300399,周线,2026-06-19,19.57,55,B,6.82,24.01,19.45,252.1,26.5,LEG1,否,否,37.5,1.61,19.06
002326,周线,2026-06-19,22.39,55,B,7.21,27.7,20.71,284.2,34.1,LEG1,否,否,46.1,0.47,20.3
603657,周线,2026-06-19,24.5,55,B,7.72,36.58,23.81,373.8,44.2,LEG1,否,否,39.2,1.36,23.33
600191,周线,2026-06-19,11.33,55,B,3.56,13.44,10.31,277.5,31.7,LEG1,否,否,45.1,0.52,10.1
600192,周线,2026-06-19,8.35,55,B,3.02,9.88,8.0,227.2,27.4,LEG1,否,否,51.9,0.77,7.84
603180,周线,2026-06-19,14.8,55,B,15.34,21.64,17.7,41.1,62.5,READY,否,否,24.5,1.69,17.35
002217,周线,2026-06-19,2.66,55,B,0.99,3.76,2.19,279.8,56.7,LEG1,否,否,48.0,0.81,2.15
603633,周线,2026-06-19,8.02,55,B,5.16,11.87,7.58,130.0,63.9,LEG1,否,否,44.7,0.9,7.43
002742,周线,2026-06-19,3.61,55,B,1.24,5.26,4.17,324.2,27.1,LEG1,否,否,24.3,2.87,4.09
600333,周线,2026-06-19,5.57,55,B,3.3,6.7,5.0,103.0,50.0,READY,否,否,46.8,0.42,4.9
002658,周线,2026-06-19,8.0,55,B,4.67,11.8,8.0,152.7,53.3,READY,否,否,41.2,0.36,7.84
000517,周线,2026-06-19,1.89,55,B,1.67,2.41,1.95,44.3,62.2,LEG1,否,否,44.8,0.96,1.91
002258,周线,2026-06-19,13.58,55,B,6.64,18.05,7.72,171.8,90.5,LEG1,否,否,51.0,0.67,7.57
002252,周线,2026-06-19,4.69,55,B,5.93,6.97,6.62,17.5,33.7,LEG1,否,否,11.5,1.42,6.49
688133,周线,2026-06-19,20.04,55,B,14.47,30.8,20.85,112.9,60.9,LEG1,否,否,42.8,0.66,20.43
300456,周线,2026-06-19,42.68,55,B,13.42,58.93,42.07,339.1,37.0,LEG1,否,否,42.7,0.4,41.23
688365,周线,2026-06-19,17.89,55,B,5.23,23.98,17.11,358.5,36.6,LEG1,否,否,41.4,0.43,16.77
000541,周线,2026-06-19,5.12,55,B,4.31,5.85,5.42,35.7,27.9,LEG1,否,否,38.8,1.66,5.31
300756,周线,2026-06-19,33.59,55,B,8.54,56.98,37.74,567.2,39.7,LEG1,否,否,33.7,1.36,36.99
002830,周线,2026-06-19,14.71,55,B,7.22,24.5,19.9,239.3,26.6,LEG1,否,否,27.6,1.38,19.5
603090,周线,2026-06-19,62.4,55,B,12.16,99.01,56.59,714.2,48.8,READY,否,否,47.7,0.46,55.46
002164,周线,2026-06-19,12.83,55,B,3.27,18.58,11.37,468.2,47.1,READY,否,否,44.5,0.73,11.14
002241,周线,2026-06-19,23.68,55,B,13.83,31.86,21.85,130.4,55.5,READY,否,否,40.6,0.5,21.41
603697,周线,2026-06-19,11.02,55,B,5.33,14.27,9.7,167.7,51.1,READY,否,否,49.3,0.7,9.51
000567,周线,2026-06-19,5.8,55,B,4.46,7.05,6.12,58.1,35.9,LEG1,否,否,46.6,0.59,6.0
688375,周线,2026-06-19,98.23,55,B,32.13,147.87,100.0,360.2,41.4,LEG1,否,否,41.6,0.81,98.0
600171,周线,2026-06-19,27.97,55,B,9.86,35.49,26.02,259.9,36.9,READY,否,否,44.9,0.64,25.5
301121,周线,2026-06-19,37.36,55,B,19.83,42.85,33.28,116.1,41.6,READY,否,否,46.3,0.59,32.61
688113,周线,2026-06-19,38.9,55,B,22.08,49.8,34.8,125.5,54.1,READY,否,否,42.8,0.59,34.1
002200,周线,2026-06-19,6.5,55,B,4.67,8.13,6.65,74.1,42.8,LEG1,否,否,26.2,1.89,6.52
301139,周线,2026-06-19,4.45,55,B,15.25,21.65,25.08,42.0,-53.6,LEG1,否,否,16.8,1.35,24.58
603099,周线,2026-06-19,36.83,55,B,19.06,52.2,33.02,173.9,57.9,READY,否,否,45.2,0.59,32.36
002808,周线,2026-05-01,2.83,55,B,1.42,6.13,4.07,331.7,43.7,READY,否,否,20.2,1.79,3.99
600182,周线,2026-06-19,14.21,55,B,11.36,15.08,13.33,32.7,47.0,LEG1,否,否,50.3,0.58,13.06
000504,周线,2026-06-19,7.88,55,B,5.26,10.52,8.24,100.0,43.3,LEG1,否,否,25.2,1.4,8.08
688335,周线,2026-06-19,33.32,55,B,7.21,44.74,19.0,520.5,68.6,LEG1,否,否,58.3,0.74,18.62
688318,周线,2026-06-19,74.77,55,B,72.13,163.63,123.12,126.9,44.3,LEG1,否,否,22.1,1.31,120.66
603130,周线,2026-06-19,44.29,55,B,14.74,51.84,35.8,251.7,43.2,LEG1,否,否,48.2,0.48,35.08
603727,周线,2026-06-19,15.64,55,B,8.47,21.79,13.4,157.3,63.0,LEG1,否,否,43.3,0.38,13.13
603728,周线,2026-06-19,61.33,55,B,30.4,77.9,54.76,156.3,48.7,READY,否,否,46.6,0.68,53.66
603220,周线,2026-06-19,24.27,55,B,16.82,26.94,23.48,60.2,34.2,BREAKOUT,否,否,41.8,0.49,23.01
603161,周线,2026-06-19,14.74,55,B,8.03,17.12,13.44,113.2,40.5,READY,否,否,53.3,0.9,13.17
002779,周线,2026-06-19,84.44,55,B,19.45,100.77,106.66,418.1,-7.2,LEG1,否,否,51.4,0.76,104.53
002064,周线,2026-06-19,10.54,55,B,5.58,12.15,9.4,117.7,41.9,LEG1,否,否,46.6,0.77,9.21
300826,周线,2026-06-19,14.71,55,B,8.61,17.62,16.18,104.6,16.0,BREAKOUT,否,否,35.4,1.57,15.86
300812,周线,2026-06-19,30.51,55,B,14.31,43.98,21.99,207.3,74.1,LEG1,否,否,40.7,0.75,21.55
002189,周线,2026-06-19,20.8,55,B,10.9,24.58,18.11,125.5,47.3,LEG1,否,否,44.6,0.76,17.75
600567,周线,2026-06-19,1.35,55,B,1.33,1.77,1.6,33.1,38.6,LEG1,否,否,33.9,1.33,1.57
000598,周线,2026-06-19,6.91,55,B,5.95,7.43,6.47,24.9,64.9,READY,否,否,51.5,0.53,6.34
600958,周线,2026-06-19,9.47,55,B,7.19,10.14,8.85,41.0,43.7,LEG1,否,否,49.1,0.68,8.67
603068,周线,2026-06-19,34.7,55,B,15.79,41.41,30.15,162.3,44.0,READY,否,否,49.4,0.69,29.55
688121,周线,2026-05-01,6.48,55,B,8.96,13.26,12.12,48.0,26.5,LEG1,否,否,15.5,2.68,11.88
002918,周线,2026-06-19,12.53,55,B,6.73,18.63,13.55,176.8,42.7,LEG1,否,否,47.2,0.93,13.28
301468,周线,2026-06-19,48.63,55,B,18.31,63.89,45.3,248.9,40.8,LEG1,否,否,43.6,0.76,44.39
600121,周线,2026-06-19,4.23,55,B,2.92,5.85,4.1,100.3,59.7,LEG1,否,否,45.0,0.53,4.02
300341,周线,2026-06-19,15.23,55,B,6.68,16.55,13.75,147.8,28.4,LEG1,否,否,50.1,0.87,13.47
300844,周线,2026-06-19,24.83,55,B,12.7,49.66,31.33,291.0,49.6,READY,否,否,17.9,1.39,30.7
301106,周线,2026-06-19,24.11,55,B,22.14,38.42,27.21,73.5,68.9,LEG1,否,否,37.3,1.58,26.67
300848,周线,2026-06-19,14.6,55,B,11.27,18.93,16.34,68.0,33.8,LEG1,否,否,40.4,0.83,16.01
300910,周线,2026-06-19,29.3,55,B,35.0,66.3,51.81,89.4,46.3,LEG1,否,否,15.0,1.99,50.77
600536,周线,2026-06-19,29.11,55,B,23.1,43.7,35.24,89.2,41.1,LEG1,否,否,22.7,1.47,34.54
600531,周线,2026-06-19,13.43,55,B,4.37,17.5,12.21,300.5,40.3,LEG1,否,否,45.2,0.71,11.97
600996,周线,2026-06-19,9.65,55,B,5.61,11.1,8.15,97.9,53.7,READY,否,否,58.8,0.92,7.99
603960,周线,2026-06-19,21.63,55,B,14.87,29.1,18.18,95.7,76.7,LEG1,否,否,48.5,0.53,17.82
001378,周线,2026-06-19,19.9,55,B,18.9,26.8,21.91,41.8,61.9,BREAKOUT,否,否,33.2,1.76,21.47
001360,周线,2026-06-19,21.19,55,B,9.93,30.98,19.44,212.0,54.8,READY,否,否,52.0,0.89,19.05
688053,周线,2026-06-19,37.1,55,B,16.26,44.82,34.31,175.6,36.8,LEG1,否,否,45.4,0.41,33.62
601881,周线,2026-06-19,12.7,55,B,9.7,16.55,15.56,70.6,14.5,LEG1,否,否,44.7,0.84,15.25
002997,周线,2026-06-19,31.11,55,B,17.36,35.86,28.66,106.6,38.9,LEG1,否,否,46.1,0.96,28.09
300295,周线,2026-06-19,10.85,55,B,6.29,13.56,12.13,115.6,19.7,LEG1,否,否,43.6,0.24,11.89
601995,周线,2026-06-19,34.19,55,B,26.33,39.04,31.92,48.3,56.0,READY,否,否,55.9,0.78,31.28
002050,周线,2026-06-19,44.6,55,B,15.66,60.77,41.14,288.1,43.5,READY,否,否,40.5,0.47,40.32
300860,周线,2026-06-19,25.42,55,B,19.43,27.38,25.31,40.9,26.0,LEG1,否,否,48.7,0.54,24.8
603082,周线,2026-06-19,37.3,55,B,26.08,41.18,32.76,57.9,55.8,BREAKOUT,否,否,50.8,0.87,32.1
603903,周线,2026-06-19,11.73,55,B,5.26,17.74,10.6,237.3,57.2,READY,否,否,45.5,0.75,10.39
688047,周线,2026-06-19,143.5,55,B,67.89,194.7,126.97,186.8,53.4,LEG1,否,否,45.3,0.57,124.43
301069,周线,2026-06-19,22.79,55,B,10.69,30.88,19.38,188.9,57.0,READY,否,否,53.1,0.99,18.99
688031,周线,2026-06-19,124.48,55,B,24.75,160.0,125.89,546.5,25.2,LEG1,否,否,43.3,0.6,123.37
300296,周线,2026-06-19,6.91,55,B,3.82,9.7,6.29,153.9,58.0,READY,否,否,50.1,0.44,6.16
300293,周线,2026-06-19,17.7,55,B,8.1,24.45,16.31,201.9,49.8,READY,否,否,40.9,0.56,15.98
000736,周线,2026-06-19,4.39,55,B,3.72,5.73,4.53,54.0,59.7,LEG1,否,否,28.0,1.56,4.44
601156,周线,2026-06-19,16.78,55,B,11.61,19.63,12.74,69.1,85.9,LEG1,否,否,50.3,0.91,12.49
300255,周线,2026-06-19,24.92,55,B,7.56,47.0,35.13,521.7,30.1,LEG1,否,否,20.1,1.48,34.43
300206,周线,2026-06-19,13.56,55,B,7.13,15.79,12.9,121.5,33.4,LEG1,否,否,43.1,0.5,12.64
300227,周线,2026-06-19,11.35,55,B,4.21,13.75,9.95,226.6,39.8,READY,否,否,52.5,0.73,9.75
000793,周线,2026-06-19,2.63,55,B,0.7,3.27,2.51,367.1,29.6,LEG1,否,否,44.3,0.77,2.46
301017,周线,2026-06-19,13.4,55,B,8.87,16.78,11.5,89.2,66.8,LEG1,否,否,41.6,0.5,11.27
601860,周线,2026-06-19,2.61,55,B,2.36,2.89,2.63,22.5,49.1,READY,否,否,41.2,0.47,2.58
003032,周线,2026-06-19,6.23,55,B,4.92,7.0,5.9,42.3,52.9,BREAKOUT,否,否,37.2,1.55,5.78
300203,周线,2026-06-19,13.37,55,B,9.19,17.22,12.66,87.4,56.8,READY,否,否,46.3,0.99,12.41
301487,周线,2026-06-19,22.39,55,B,13.79,25.43,19.36,84.4,52.1,BREAKOUT,否,否,44.1,0.58,18.97
000758,周线,2026-06-19,6.96,55,B,3.88,7.79,6.09,100.8,43.5,LEG1,否,否,49.5,0.8,5.97
001288,周线,2026-06-19,26.39,55,B,11.0,30.73,25.55,179.4,26.3,LEG1,否,否,40.9,0.92,25.04
001229,周线,2026-06-19,27.43,55,B,19.42,41.94,34.76,116.0,31.9,LEG1,否,否,24.8,1.41,34.06
001206,周线,2026-06-19,17.29,55,B,9.39,36.04,12.2,283.8,89.5,LEG1,否,否,30.3,1.4,11.96
605128,周线,2026-06-19,25.23,55,B,21.8,42.08,31.38,93.0,52.8,READY,否,否,30.2,1.36,30.75
000977,周线,2026-06-19,64.5,55,B,26.62,79.49,55.36,198.6,45.6,LEG1,否,否,48.9,0.74,54.25
301000,周线,2026-06-19,34.26,55,B,11.0,44.0,26.74,300.0,52.3,READY,否,否,53.0,0.99,26.21
002995,周线,2026-06-19,20.49,55,B,11.16,38.56,15.83,245.5,83.0,LEG1,否,否,41.2,0.37,15.51
600021,周线,2026-06-19,17.2,55,B,7.21,24.85,18.96,244.7,33.4,LEG1,否,否,42.4,0.59,18.58
600036,周线,2026-06-19,38.23,55,B,29.93,40.36,37.31,34.8,29.2,LEG1,否,否,44.6,0.62,36.56
300082,周线,2026-06-19,9.76,55,B,3.69,13.53,8.89,266.7,47.2,LEG1,否,否,44.4,0.53,8.71
300182,周线,2026-06-19,5.52,55,B,3.18,9.46,5.38,197.5,65.0,READY,否,否,43.3,0.48,5.27
601198,周线,2026-06-19,13.07,55,B,7.14,14.65,12.23,105.2,32.2,READY,否,否,51.3,0.57,11.99
688576,周线,2026-06-19,69.65,55,B,48.6,87.66,65.69,80.4,56.2,READY,否,否,44.7,0.33,64.38
688580,周线,2026-06-19,53.56,55,B,20.26,68.0,49.19,235.6,39.4,LEG1,否,否,44.6,0.55,48.21
688591,周线,2026-06-19,33.52,55,B,15.12,51.37,39.93,239.7,31.6,LEG1,否,否,43.0,0.79,39.13
605100,周线,2026-06-19,37.26,52,B,9.41,50.57,37.3,437.4,32.2,BREAKOUT,否,否,38.4,1.22,36.55
688303,周线,2026-06-19,19.97,52,B,16.68,24.83,25.88,48.9,-12.9,LEG1,否,否,36.7,1.12,25.36
002545,周线,2026-06-19,18.55,52,B,5.62,26.75,20.69,376.0,28.7,LEG1,否,否,29.5,1.21,20.28
300128,周线,2026-06-19,6.13,52,B,2.74,8.35,5.69,204.7,47.4,READY,否,否,39.7,1.11,5.58
600279,周线,2026-06-19,4.05,52,B,3.32,5.78,4.99,74.1,32.1,BREAKOUT,否,否,34.3,1.14,4.89
002128,周线,2026-06-19,24.36,52,B,15.08,35.08,26.62,132.6,42.3,LEG1,否,否,24.7,1.01,26.09
301489,周线,2026-06-19,159.0,52,B,32.85,210.78,150.32,541.6,34.0,BREAKOUT,否,否,38.5,1.16,147.31
605069,周线,2026-06-19,10.78,52,B,4.57,16.98,10.95,271.6,48.6,LEG1,否,否,32.7,1.18,10.73
002403,周线,2026-06-19,9.95,52,B,4.96,18.36,9.82,270.2,63.7,READY,否,否,32.5,1.08,9.62
300779,周线,2026-06-19,61.38,52,B,28.34,231.51,118.0,716.9,55.9,READY,否,否,34.5,1.11,115.64
001230,周线,2026-06-19,18.83,52,B,13.22,29.5,21.7,123.1,47.9,LEG1,否,否,23.8,1.0,21.27
003001,周线,2026-06-19,14.31,52,B,9.26,23.25,15.95,151.1,52.2,READY,否,否,31.4,1.17,15.63
000807,周线,2026-06-19,25.0,52,B,9.73,36.83,26.63,278.5,37.6,LEG1,否,否,29.7,1.0,26.1
603097,周线,2026-06-19,26.86,50,B,14.61,42.61,21.03,191.6,77.1,LEG1,否,否,41.4,0.33,20.61
600029,周线,2026-06-19,5.45,50,B,5.18,8.46,5.64,63.3,86.0,LEG1,否,否,41.6,0.83,5.53
301177,周线,2026-06-19,27.2,50,B,17.2,32.7,28.11,90.1,29.6,LEG1,否,否,45.1,0.62,27.55
603275,周线,2026-06-19,41.86,50,B,24.36,55.6,41.17,128.2,46.2,LEG1,否,否,41.0,0.46,40.35
688108,周线,2026-06-19,19.95,50,B,7.27,26.26,19.01,261.2,38.2,READY,否,否,42.8,0.62,18.63
002867,周线,2026-06-19,11.97,50,B,9.97,13.97,11.76,40.1,55.3,LEG1,否,否,38.4,0.37,11.52
603949,周线,2026-06-19,16.12,50,B,9.21,24.32,16.61,164.1,51.0,READY,否,否,41.3,0.62,16.28
605180,周线,2026-06-19,14.28,50,B,6.83,16.95,13.4,148.2,35.1,READY,否,否,44.1,0.71,13.13
600015,周线,2026-06-19,6.82,50,B,6.02,7.52,7.17,24.9,23.3,LEG1,否,否,47.0,0.55,7.03
002036,周线,2026-06-19,8.7,50,B,5.41,12.98,9.49,139.9,46.1,LEG1,否,否,45.9,0.66,9.3
002286,周线,2026-06-19,9.12,50,B,4.63,11.61,9.01,150.8,37.2,READY,否,否,41.0,0.55,8.83
603928,周线,2026-06-19,15.24,50,B,6.93,17.12,13.63,147.0,34.2,LEG1,否,否,44.5,0.65,13.36
002926,周线,2026-06-19,8.18,50,B,6.12,8.85,8.12,44.6,26.7,LEG1,否,否,41.0,0.76,7.96
601998,周线,2026-06-19,7.56,50,B,5.66,8.6,7.1,51.9,51.0,LEG1,否,否,40.8,0.63,6.96
000993,周线,2026-06-19,11.4,50,B,6.89,17.27,12.0,150.7,50.8,READY,否,否,37.3,0.31,11.76
603025,周线,2026-06-19,14.92,50,B,8.0,17.88,13.5,123.5,44.3,LEG1,否,否,43.0,0.59,13.23
601919,周线,2026-06-19,14.04,50,B,10.07,16.98,13.93,68.6,44.1,READY,否,否,40.1,0.66,13.65
603499,周线,2026-06-19,20.41,50,B,7.62,23.76,15.8,211.8,49.3,LEG1,否,否,49.8,0.79,15.48
002977,周线,2026-06-19,25.53,50,B,18.46,31.35,32.61,69.8,-9.8,LEG1,否,否,40.5,0.28,31.96
601878,周线,2026-06-19,9.39,50,B,8.91,10.1,10.76,13.4,-55.5,LEG1,否,否,40.1,0.87,10.54
003021,周线,2026-06-19,96.75,50,B,34.21,137.2,92.0,301.1,43.9,READY,否,否,41.5,0.46,90.16
000571,周线,2026-06-19,5.47,50,B,1.7,7.95,4.81,367.6,50.2,READY,否,否,43.8,0.56,4.71
002048,周线,2026-06-19,27.8,50,B,10.04,36.49,24.34,263.4,45.9,READY,否,否,49.6,0.75,23.85
601901,周线,2026-06-19,6.82,50,B,6.18,7.33,7.61,18.6,-24.3,LEG1,否,否,40.7,0.78,7.46
601689,周线,2026-06-19,60.11,50,B,30.69,85.5,55.3,178.6,55.1,READY,否,否,42.5,0.61,54.19
603341,周线,2026-06-19,37.89,50,B,32.34,40.96,37.21,26.7,43.5,LEG1,否,否,48.1,0.66,36.47
300019,周线,2026-06-19,18.86,50,B,10.06,23.84,19.82,137.0,29.2,LEG1,否,否,51.4,0.96,19.42
603915,周线,2026-06-19,15.83,50,B,7.74,19.4,14.08,150.6,45.6,READY,否,否,45.3,0.63,13.8
000623,周线,2026-06-19,17.65,50,B,12.49,19.2,16.84,53.7,35.2,LEG1,否,否,44.9,0.64,16.5
002319,周线,2026-06-19,11.29,50,B,7.57,16.18,9.81,113.7,74.0,LEG1,否,否,43.8,0.89,9.61
603339,周线,2026-06-19,12.81,50,B,7.61,14.61,11.78,92.0,40.4,LEG1,否,否,41.0,0.49,11.54
300034,周线,2026-06-19,18.09,50,B,12.32,21.26,17.3,72.6,44.3,LEG1,否,否,41.0,0.44,16.95
002675,周线,2026-06-19,12.68,50,B,11.33,15.48,13.05,36.6,58.6,LEG1,否,否,40.8,0.32,12.79
688586,周线,2026-06-19,12.6,50,B,7.35,18.17,12.66,147.2,50.9,READY,否,否,40.5,0.55,12.41
300053,周线,2026-06-19,16.65,50,B,6.78,20.85,16.0,207.5,34.5,LEG1,否,否,40.0,0.47,15.68
300046,周线,2026-06-19,31.0,50,B,8.54,41.53,29.41,386.3,36.7,READY,否,否,44.5,0.73,28.82
300076,周线,2026-06-19,4.82,50,B,2.7,8.8,6.05,225.9,45.1,LEG1,否,否,40.2,0.56,5.93
300073,周线,2026-06-19,52.45,50,B,26.86,65.7,49.19,144.6,42.5,LEG1,否,否,40.9,0.6,48.21
601669,周线,2026-06-19,5.17,50,B,4.33,6.15,5.14,42.0,55.5,LEG1,否,否,41.3,0.42,5.04
601577,周线,2026-06-19,9.39,50,B,6.52,10.0,8.74,53.4,36.2,LEG1,否,否,43.7,0.71,8.57
603898,周线,2026-06-19,12.56,50,B,6.73,18.36,9.25,172.8,78.3,LEG1,否,否,40.2,0.45,9.06
300109,周线,2026-06-19,17.43,50,B,9.76,20.58,16.02,110.9,42.1,LEG1,否,否,43.8,0.33,15.7
002414,周线,2026-06-19,13.65,50,B,4.65,15.52,12.5,233.8,27.8,LEG1,否,否,48.9,0.57,12.25
688098,周线,2026-06-19,8.6,50,B,3.63,11.04,7.93,204.1,42.0,LEG1,否,否,51.2,0.53,7.77
300134,周线,2026-06-19,10.07,50,B,5.57,11.98,9.7,115.1,35.6,LEG1,否,否,41.3,0.71,9.51
688093,周线,2026-06-19,29.97,50,B,9.84,40.28,29.1,309.3,36.7,READY,否,否,41.7,0.75,28.52
300130,周线,2026-06-19,21.7,50,B,14.27,31.11,21.51,118.0,57.0,READY,否,否,41.4,0.94,21.08
300127,周线,2026-06-19,29.23,50,B,11.32,33.33,27.9,194.4,24.7,LEG1,否,否,42.8,0.63,27.34
688071,周线,2026-06-19,32.1,50,B,15.26,46.7,29.28,206.0,55.4,READY,否,否,43.0,0.36,28.69
688573,周线,2026-06-19,19.76,50,B,12.69,25.44,18.1,100.5,57.6,LEG1,否,否,41.0,0.75,17.74
300124,周线,2026-06-19,69.75,50,B,39.17,82.59,60.13,110.9,51.7,READY,否,否,45.0,0.6,58.93
605228,周线,2026-06-19,13.1,50,B,6.18,15.75,12.25,154.9,36.6,LEG1,否,否,41.9,0.39,12.0
601377,周线,2026-06-19,6.08,50,B,4.82,6.21,6.18,28.8,2.2,LEG1,否,否,51.1,0.85,6.06
601336,周线,2026-06-19,61.75,50,B,27.68,85.85,58.95,210.2,46.2,READY,否,否,46.4,0.89,57.77
601326,周线,2026-06-19,3.39,50,B,2.63,3.92,3.37,49.0,42.6,LEG1,否,否,40.9,0.38,3.3
300152,周线,2026-06-19,1.77,50,B,1.35,3.08,2.04,128.1,60.1,LEG1,否,否,40.9,0.37,2.0
000993,周线,2026-06-19,11.4,50,B,6.89,17.27,12.0,150.7,50.8,READY,否,否,37.3,0.31,11.76
601288,周线,2026-06-19,6.53,50,B,4.08,7.29,6.33,78.7,29.9,LEG1,否,否,44.5,0.58,6.2
002334,周线,2026-06-19,8.49,50,B,5.23,10.44,7.66,99.6,53.4,READY,否,否,47.8,0.52,7.51
300200,周线,2026-06-19,9.81,50,B,4.8,11.68,8.97,143.3,39.4,LEG1,否,否,45.6,0.42,8.79
300190,周线,2026-06-19,4.33,50,B,2.44,4.85,3.81,98.8,43.2,LEG1,否,否,53.2,0.52,3.73
300224,周线,2026-06-19,13.08,50,B,7.92,19.8,14.33,150.0,46.0,LEG1,否,否,41.7,0.85,14.04
601199,周线,2026-06-19,5.84,50,B,3.89,6.6,5.17,69.7,52.8,LEG1,否,否,52.5,0.56,5.07
688499,周线,2026-06-19,48.71,50,B,16.85,71.85,44.19,326.4,50.3,READY,否,否,43.5,0.89,43.31
002634,周线,2026-06-19,5.21,50,B,2.64,9.67,4.97,266.3,66.9,LEG1,否,否,45.9,0.39,4.87
000681,周线,2026-06-19,20.66,50,B,9.86,35.11,19.05,256.1,63.6,READY,否,否,43.9,0.67,18.67
002062,周线,2026-06-19,7.98,50,B,3.12,10.58,6.89,239.1,49.5,LEG1,否,否,40.4,0.36,6.75
603390,周线,2026-06-19,12.08,50,B,5.15,13.88,10.82,169.5,35.1,BREAKOUT,否,否,43.4,0.47,10.6
601117,周线,2026-06-19,8.22,50,B,6.16,10.48,7.27,70.1,74.3,LEG1,否,否,51.3,0.65,7.12
601108,周线,2026-06-19,7.88,50,B,6.24,9.01,8.01,44.4,36.1,LEG1,否,否,42.3,0.75,7.85
605162,周线,2026-06-19,8.87,50,B,4.73,15.48,8.5,227.3,64.9,LEG1,否,否,38.1,0.6,8.33
603888,周线,2026-06-19,18.69,50,B,16.52,21.18,18.6,28.2,55.4,LEG1,否,否,40.6,0.42,18.23
002324,周线,2026-06-19,13.18,50,B,6.99,17.7,14.12,153.2,33.4,LEG1,否,否,41.5,0.7,13.84
300232,周线,2026-06-19,6.16,50,B,4.66,8.83,6.7,89.5,51.1,LEG1,否,否,40.7,0.45,6.57
603885,周线,2026-06-19,11.36,50,B,9.92,15.97,12.4,61.0,59.0,LEG1,否,否,41.5,0.7,12.15
300244,周线,2026-06-19,18.17,50,B,8.9,22.4,14.48,151.7,58.7,LEG1,否,否,45.5,0.91,14.19
300242,周线,2026-06-19,4.7,50,B,1.6,6.85,4.37,328.1,47.2,READY,否,否,41.0,0.53,4.28
300258,周线,2026-06-19,12.56,50,B,6.71,17.3,10.88,157.8,60.6,READY,否,否,47.1,0.47,10.66
688077,周线,2026-06-19,29.66,50,B,11.75,32.88,26.9,179.8,28.3,LEG1,否,否,48.7,0.87,26.36
601083,周线,2026-06-19,11.39,50,B,8.2,13.81,11.31,68.4,44.6,READY,否,否,40.6,0.5,11.08
002664,周线,2026-06-19,19.38,50,B,9.5,24.28,18.9,155.6,36.4,LEG1,否,否,42.2,0.61,18.52
300279,周线,2026-06-19,7.34,50,B,3.22,11.6,5.31,260.2,75.1,LEG1,否,否,42.0,0.44,5.2
601020,周线,2026-06-19,24.85,50,B,6.03,42.3,25.81,601.5,45.5,READY,否,否,42.1,0.77,25.29
688682,周线,2026-06-19,43.19,50,B,21.68,73.0,39.93,236.7,64.4,READY,否,否,45.4,0.8,39.13
002430,周线,2026-06-19,26.46,50,B,16.51,33.43,26.9,102.5,38.6,LEG1,否,否,41.3,0.94,26.36
688680,周线,2026-06-19,45.26,50,B,23.12,74.96,45.5,224.2,56.8,READY,否,否,43.7,0.4,44.59
688678,周线,2026-06-19,22.71,50,B,8.5,27.95,21.21,228.8,34.7,READY,否,否,45.9,0.51,20.79
300320,周线,2026-06-19,8.8,50,B,4.52,11.95,8.9,164.4,41.0,LEG1,否,否,40.4,0.8,8.72
000686,周线,2026-06-19,8.07,50,B,5.21,8.84,7.79,69.7,28.9,LEG1,否,否,44.4,0.91,7.63
000685,周线,2026-06-19,11.19,50,B,6.62,12.79,10.38,93.2,39.1,READY,否,否,47.6,0.63,10.17
688370,周线,2026-06-19,22.75,50,B,15.1,31.79,21.7,110.5,60.5,READY,否,否,43.0,0.86,21.27
688369,周线,2026-06-19,21.8,50,B,12.09,26.47,20.52,118.9,41.4,LEG1,否,否,40.0,0.43,20.11
300338,周线,2026-06-19,3.25,50,B,1.02,4.28,3.34,319.6,28.8,LEG1,否,否,41.4,0.45,3.27
300337,周线,2026-06-19,12.43,50,B,4.51,15.49,11.4,243.5,37.2,LEG1,否,否,42.6,0.4,11.17
002906,周线,2026-06-19,28.9,50,B,18.45,33.22,26.65,80.1,44.5,LEG1,否,否,46.7,0.64,26.12
002662,周线,2026-06-19,3.65,50,B,2.27,4.3,3.51,89.4,38.9,LEG1,否,否,46.2,0.65,3.44
300354,周线,2026-06-19,35.08,50,B,27.6,50.07,41.14,81.4,39.7,LEG1,否,否,45.9,0.88,40.32
688327,周线,2026-06-19,13.79,50,B,7.25,19.17,12.17,164.4,58.7,READY,否,否,50.0,0.71,11.93
603516,周线,2026-06-19,135.63,50,B,10.79,167.48,153.62,1452.2,8.8,LEG1,否,否,49.8,0.73,150.55
300349,周线,2026-06-19,12.7,50,B,8.42,21.28,11.16,152.7,78.7,LEG1,否,否,43.0,0.62,10.94
603579,周线,2026-06-19,19.82,50,B,11.12,23.26,19.1,109.2,34.3,LEG1,否,否,41.2,0.6,18.72
300378,周线,2026-06-19,37.35,50,B,12.71,44.48,36.3,250.0,25.7,LEG1,否,否,42.5,0.57,35.57
688039,周线,2026-06-19,41.75,50,B,16.0,70.0,39.14,337.5,57.1,READY,否,否,42.8,0.48,38.36
300375,周线,2026-06-19,4.79,50,B,2.99,6.25,4.55,109.0,52.1,READY,否,否,49.9,0.84,4.46
688691,周线,2026-06-19,100.44,50,B,32.58,168.58,87.58,417.4,59.6,READY,否,否,43.8,0.55,85.83
600895,周线,2026-06-19,33.27,50,B,14.11,49.34,33.9,249.7,43.8,READY,否,否,40.1,0.78,33.22
600897,周线,2026-06-19,15.12,50,B,10.96,17.37,14.95,58.5,37.8,LEG1,否,否,42.7,0.57,14.65
300428,周线,2026-06-19,20.05,50,B,13.0,27.19,19.5,109.2,54.2,READY,否,否,42.0,0.47,19.11
002841,周线,2026-06-19,35.0,50,B,26.84,39.98,36.82,49.0,24.0,LEG1,否,否,42.1,0.74,36.08
688343,周线,2026-06-19,74.0,50,B,19.87,99.0,73.78,398.2,31.9,LEG1,否,否,46.1,0.76,72.3
600876,周线,2026-06-19,9.42,50,B,8.05,10.21,9.36,26.8,39.4,LEG1,否,否,50.9,0.52,9.17
600850,周线,2026-06-19,19.88,50,B,14.78,35.98,24.96,143.4,52.0,LEG1,否,否,42.8,0.59,24.46
300447,周线,2026-06-19,16.53,50,B,8.01,21.97,17.09,174.3,35.0,LEG1,否,否,40.1,0.37,16.75
300469,周线,2026-06-19,51.73,50,B,6.2,64.35,47.18,937.9,29.5,LEG1,否,否,41.3,0.48,46.24
300458,周线,2026-06-19,35.16,50,B,13.17,43.5,32.62,230.3,35.9,LEG1,否,否,47.3,0.87,31.97
300457,周线,2026-06-19,25.03,50,B,12.0,31.58,23.35,163.2,42.0,READY,否,否,41.4,0.66,22.88
603137,周线,2026-06-19,12.94,50,B,9.12,14.25,12.0,56.3,43.9,LEG1,否,否,46.4,0.29,11.76
688722,周线,2026-06-19,17.5,50,B,9.57,22.56,15.85,135.7,51.7,READY,否,否,47.6,0.64,15.53
600830,周线,2026-06-19,8.71,50,B,5.32,10.78,8.4,102.6,43.6,LEG1,否,否,45.8,0.75,8.23
603703,周线,2026-06-19,12.22,50,B,8.34,15.04,9.71,80.3,79.6,LEG1,否,否,43.0,1.0,9.52
605066,周线,2026-06-19,7.0,50,B,4.73,9.17,6.91,93.9,50.9,LEG1,否,否,40.4,0.62,6.77
688306,周线,2026-06-19,9.34,50,B,2.97,12.41,8.56,317.8,40.8,READY,否,否,46.1,0.94,8.39
300507,周线,2026-06-19,7.65,50,B,3.69,9.58,7.79,159.6,30.4,LEG1,否,否,40.7,0.58,7.63
600810,周线,2026-06-19,6.91,50,B,5.05,9.1,8.13,80.2,24.0,LEG1,否,否,43.6,0.83,7.97
688333,周线,2026-06-19,89.4,50,B,37.11,140.27,81.55,278.0,56.9,READY,否,否,48.8,0.76,79.92
600819,周线,2026-06-19,6.86,50,B,3.25,7.93,6.65,144.0,27.4,LEG1,否,否,45.1,0.85,6.52
002346,周线,2026-06-19,18.33,50,B,6.66,23.74,17.1,256.5,38.9,READY,否,否,47.1,0.77,16.76
300552,周线,2026-06-19,26.83,50,B,12.3,41.5,24.83,237.4,57.1,READY,否,否,43.3,0.65,24.33
002575,周线,2026-06-19,6.09,50,B,3.76,9.59,7.74,155.1,31.7,LEG1,否,否,42.0,0.39,7.59
300547,周线,2026-06-19,35.49,50,B,11.03,44.8,27.87,306.2,50.1,LEG1,否,否,46.6,0.63,27.31
300563,周线,2026-06-19,29.14,50,B,7.8,34.34,28.85,340.3,20.7,LEG1,否,否,41.4,0.75,28.27
002374,周线,2026-06-19,3.13,50,B,1.59,3.98,3.02,150.3,40.2,READY,否,否,40.1,0.35,2.96
300584,周线,2026-06-19,38.22,50,B,12.68,57.67,37.71,354.8,44.4,READY,否,否,47.3,0.9,36.96
300578,周线,2026-06-19,19.53,50,B,7.4,23.7,18.99,220.3,28.9,LEG1,否,否,44.4,0.43,18.61
000750,周线,2026-06-19,3.72,50,B,2.75,4.0,3.72,45.5,22.4,LEG1,否,否,41.2,0.87,3.65
688299,周线,2026-06-19,17.96,50,B,7.3,21.45,15.46,193.8,42.3,READY,否,否,51.3,0.74,15.15
600749,周线,2026-06-19,14.95,50,B,7.8,22.0,14.65,182.1,51.8,LEG1,否,否,40.3,0.65,14.36
688297,周线,2026-06-19,45.73,50,B,26.46,65.41,43.89,147.2,55.3,LEG1,否,否,46.0,0.46,43.01
600732,周线,2026-06-19,12.65,50,B,7.36,16.54,12.47,124.7,44.3,LEG1,否,否,41.2,0.56,12.22
000737,周线,2026-06-19,14.68,50,B,3.98,16.5,12.4,314.6,32.7,LEG1,否,否,54.0,0.81,12.15
002449,周线,2026-06-19,8.08,50,B,5.19,9.58,7.45,84.6,48.5,READY,否,否,48.6,0.83,7.3
002901,周线,2026-06-19,41.64,50,B,21.78,45.9,40.2,110.7,23.6,LEG1,否,否,42.4,0.49,39.4
002237,周线,2026-06-19,14.51,50,B,8.05,18.74,13.56,132.8,48.5,LEG1,否,否,46.9,0.48,13.29
300619,周线,2026-06-19,39.66,50,B,16.65,50.38,37.43,202.6,38.4,LEG1,否,否,42.2,0.4,36.68
688277,周线,2026-06-19,19.97,50,B,6.11,29.05,14.14,375.5,65.0,LEG1,否,否,51.7,0.79,13.86
688271,周线,2026-06-19,110.07,50,B,92.0,150.99,124.61,64.1,44.7,LEG1,否,否,38.3,0.57,122.12
000728,周线,2026-06-19,7.25,50,B,5.74,8.78,8.15,53.0,20.7,LEG1,否,否,44.4,0.97,7.99
688049,周线,2026-06-19,45.93,50,B,18.66,60.11,43.0,222.1,41.3,READY,否,否,47.1,0.8,42.14
002368,周线,2026-06-19,16.96,50,B,13.85,27.61,22.68,99.4,35.8,LEG1,否,否,40.8,0.86,22.23
300637,周线,2026-06-19,10.45,50,B,4.01,14.23,10.2,254.9,39.4,READY,否,否,41.1,0.68,10.0
603358,周线,2026-06-19,35.82,50,B,16.95,57.18,37.09,237.3,49.9,LEG1,否,否,40.7,0.68,36.35
605555,周线,2026-06-19,15.23,50,B,13.31,17.0,16.68,27.7,8.7,LEG1,否,否,42.1,0.72,16.35
300635,周线,2026-06-19,13.77,50,B,6.3,16.49,12.02,161.7,43.9,LEG1,否,否,45.2,0.9,11.78
300631,周线,2026-06-19,25.89,50,B,14.5,32.58,24.18,124.7,46.5,LEG1,否,否,43.2,0.68,23.7
300648,周线,2026-06-19,48.95,50,B,13.21,65.0,37.91,392.1,52.3,LEG1,否,否,44.4,0.44,37.15
300647,周线,2026-06-19,6.1,50,B,2.78,7.79,5.75,180.2,40.7,READY,否,否,41.3,0.61,5.63
300643,周线,2026-06-19,18.19,50,B,6.78,19.33,16.03,185.1,26.3,LEG1,否,否,50.8,0.67,15.71
002801,周线,2026-06-19,30.81,50,B,15.87,36.53,29.5,130.2,34.0,READY,否,否,40.4,0.45,28.91
603355,周线,2026-06-19,28.81,50,B,16.21,35.66,26.6,120.0,46.6,LEG1,否,否,47.9,0.85,26.07
300669,周线,2026-06-19,29.54,50,B,8.9,39.18,29.11,340.2,33.3,READY,否,否,43.6,0.72,28.53
603429,周线,2026-06-19,10.23,50,B,3.42,12.2,7.7,256.7,51.3,READY,否,否,57.6,0.43,7.55
301102,周线,2026-06-19,10.11,50,B,7.26,11.26,10.25,55.1,25.2,LEG1,否,否,40.6,0.34,10.04
300708,周线,2026-06-19,8.62,50,B,7.5,12.52,10.92,66.9,31.9,LEG1,否,否,40.9,0.3,10.7
300748,周线,2026-06-19,32.29,50,B,9.99,38.0,29.02,280.4,32.1,LEG1,否,否,46.8,0.74,28.44
603119,周线,2026-06-19,71.4,50,B,12.77,94.56,69.18,640.5,31.0,LEG1,否,否,41.9,0.75,67.8
300758,周线,2026-06-19,13.25,50,B,5.37,16.28,12.89,203.2,31.1,LEG1,否,否,46.4,0.5,12.63
300773,周线,2026-06-19,24.7,50,B,11.03,28.75,22.42,160.7,35.7,LEG1,否,否,47.0,0.47,21.97
300801,周线,2026-06-19,28.03,50,B,10.31,32.57,23.96,215.9,38.7,LEG1,否,否,49.5,0.56,23.48
600586,周线,2026-06-19,5.03,50,B,4.31,6.09,4.81,41.3,71.9,LEG1,否,否,40.8,0.46,4.71
300871,周线,2026-06-19,22.82,50,B,7.6,28.77,22.3,278.6,30.6,LEG1,否,否,45.0,0.42,21.85
300862,周线,2026-06-19,21.98,50,B,18.28,28.98,23.76,58.5,48.8,LEG1,否,否,41.1,0.51,23.28
300901,周线,2026-06-19,14.85,50,B,5.03,19.88,13.84,295.2,40.7,LEG1,否,否,42.2,0.4,13.56
600558,周线,2026-06-19,5.53,50,B,2.9,5.93,5.16,104.5,25.4,LEG1,否,否,44.4,0.62,5.06
300921,周线,2026-06-19,21.47,50,B,12.09,34.5,23.78,185.4,47.8,READY,否,否,42.8,0.99,23.3
688210,周线,2026-06-19,46.16,50,B,14.39,62.87,35.36,336.9,56.7,READY,否,否,48.7,0.62,34.65
600537,周线,2026-06-19,2.99,50,B,2.12,4.39,3.6,107.1,34.8,LEG1,否,否,43.5,0.09,3.53
600511,周线,2026-06-19,27.94,50,B,27.12,30.75,28.58,13.4,59.8,LEG1,否,否,46.9,0.53,28.01
002145,周线,2026-06-19,4.46,50,B,3.1,4.82,4.38,55.5,25.6,LEG1,否,否,44.0,0.8,4.29
603602,周线,2026-06-19,12.89,50,B,8.63,14.41,12.28,67.0,36.9,LEG1,否,否,40.6,0.5,12.03
300946,周线,2026-06-19,46.91,50,B,17.46,56.5,41.19,223.6,39.2,LEG1,否,否,43.9,0.59,40.37
600490,周线,2026-06-19,7.39,50,B,1.94,9.46,6.78,387.6,35.6,LEG1,否,否,41.8,0.43,6.64
002554,周线,2026-06-19,3.24,50,B,2.05,5.13,2.92,150.2,71.8,LEG1,否,否,40.7,0.26,2.86
300968,周线,2026-06-19,11.07,50,B,6.08,13.29,13.23,118.6,0.8,LEG1,否,否,41.1,0.74,12.97
300984,周线,2026-06-19,59.43,50,B,10.93,89.96,51.1,723.1,49.2,READY,否,否,44.6,0.63,50.08
001366,周线,2026-06-19,12.14,50,B,8.32,17.34,12.34,108.4,55.4,READY,否,否,30.9,0.44,12.09
605399,周线,2026-06-19,13.7,50,B,8.87,17.06,13.19,92.3,47.3,READY,否,否,43.3,0.61,12.93
301007,周线,2026-06-19,34.22,50,B,8.25,45.99,30.55,457.5,40.9,LEG1,否,否,43.3,0.72,29.94
688230,周线,2026-06-19,70.21,50,B,21.55,82.8,58.36,284.2,39.9,READY,否,否,54.9,0.62,57.19
002597,周线,2026-06-19,21.01,50,B,15.33,29.23,21.0,90.7,59.2,READY,否,否,44.0,0.72,20.58
301040,周线,2026-06-19,28.72,50,B,8.5,43.88,27.0,416.2,47.7,READY,否,否,37.4,0.24,26.46
301079,周线,2026-06-19,34.97,50,B,7.67,52.87,34.35,589.3,41.0,LEG1,否,否,39.8,0.31,33.66
600370,周线,2026-06-19,1.66,50,B,1.14,3.86,2.12,238.6,64.0,LEG1,否,否,40.7,0.35,2.08
600369,周线,2026-06-19,4.07,50,B,3.35,4.34,3.99,29.6,35.4,LEG1,否,否,43.3,0.75,3.91
600352,周线,2026-06-19,11.96,50,B,7.18,17.11,12.43,138.3,47.1,READY,否,否,45.1,0.96,12.18
002549,周线,2026-06-19,17.12,50,B,4.64,21.23,17.02,357.5,25.4,LEG1,否,否,41.1,0.74,16.68
301171,周线,2026-06-19,37.09,50,B,12.37,52.6,32.01,325.2,51.2,READY,否,否,40.4,0.51,31.37
600302,周线,2026-06-19,9.6,50,B,2.81,14.65,7.77,421.4,58.1,READY,否,否,43.5,0.36,7.61
000166,周线,2026-06-19,4.57,50,B,4.16,4.82,5.05,15.9,-34.8,LEG1,否,否,44.8,0.86,4.95
301202,周线,2026-06-19,37.02,50,B,16.12,45.48,34.59,182.1,37.1,LEG1,否,否,40.8,0.48,33.9
301201,周线,2026-06-19,35.42,50,B,14.6,65.03,37.42,345.4,54.7,LEG1,否,否,42.4,0.47,36.67
000157,周线,2026-06-19,7.63,50,B,5.72,10.16,7.17,77.6,67.3,LEG1,否,否,42.3,0.53,7.03
603856,周线,2026-06-19,12.5,50,B,8.89,13.39,12.33,50.6,23.6,LEG1,否,否,47.3,0.77,12.08
301220,周线,2026-06-19,36.65,50,B,22.47,43.59,35.22,94.0,39.6,LEG1,否,否,40.7,0.31,34.52
603992,周线,2026-06-19,32.22,50,B,12.3,48.18,28.33,291.7,55.3,READY,否,否,47.5,0.71,27.76
301234,周线,2026-06-19,39.04,50,B,17.01,48.08,34.06,182.7,45.1,READY,否,否,47.5,0.97,33.38
301251,周线,2026-06-19,54.36,50,B,22.31,76.18,54.3,241.5,40.6,READY,否,否,44.4,0.69,53.21
301279,周线,2026-06-19,24.54,50,B,11.89,30.17,25.1,153.7,27.7,LEG1,否,否,42.7,0.97,24.6
000878,周线,2026-06-19,17.93,50,B,9.2,21.15,17.36,129.9,31.7,LEG1,否,否,42.7,0.66,17.01
600261,周线,2026-06-19,3.29,50,B,2.32,4.23,3.38,82.3,44.5,LEG1,否,否,40.8,0.4,3.31
600221,周线,2026-06-19,1.48,50,B,1.0,1.65,1.38,65.0,41.5,LEG1,否,否,44.0,0.74,1.35
301325,周线,2026-06-19,40.48,50,B,29.75,57.84,39.6,94.4,64.9,READY,否,否,40.5,0.76,38.81
301316,周线,2026-06-19,41.03,50,B,12.78,61.47,39.25,381.0,45.6,LEG1,否,否,42.5,0.71,38.46
301361,周线,2026-06-19,32.85,50,B,12.55,52.28,34.33,316.6,45.2,READY,否,否,39.0,0.31,33.64
600143,周线,2026-06-19,16.6,50,B,5.63,22.01,15.71,290.9,38.5,READY,否,否,43.3,0.56,15.4
301383,周线,2026-06-19,27.25,50,B,23.35,39.99,30.6,71.3,56.4,LEG1,否,否,40.5,0.67,29.99
301381,周线,2026-06-19,19.09,50,B,16.49,24.2,20.33,46.8,50.2,LEG1,否,否,42.0,0.85,19.92
600177,周线,2026-06-19,7.39,50,B,6.45,8.08,7.25,25.3,50.9,LEG1,否,否,45.6,0.52,7.1
301459,周线,2026-06-19,35.24,50,B,29.41,54.99,38.02,87.0,66.3,LEG1,否,否,40.9,0.43,37.26
301397,周线,2026-06-19,33.36,50,B,19.5,45.29,26.76,132.3,71.8,LEG1,否,否,45.9,0.62,26.22
688128,周线,2026-06-19,26.61,50,B,14.02,33.1,24.2,136.1,46.6,READY,否,否,49.5,0.9,23.72
603980,周线,2026-06-19,5.85,50,B,2.79,8.96,4.88,221.1,66.1,LEG1,否,否,43.1,0.34,4.78
603977,周线,2026-06-19,13.26,50,B,7.46,17.56,11.84,135.4,56.6,LEG1,否,否,41.7,0.5,11.6
002734,周线,2026-06-19,16.47,50,B,5.04,18.74,16.59,271.8,15.7,LEG1,否,否,44.2,0.52,16.26
600052,周线,2026-06-19,3.94,50,B,2.55,4.9,4.49,92.2,17.4,LEG1,否,否,42.9,0.69,4.4
399003,周线,2026-06-19,7621.13,50,B,6479.53,9153.62,7709.65,41.3,54.0,READY,否,否,44.0,0.69,7555.46
603019,周线,2026-06-19,86.51,50,B,28.72,105.0,76.78,265.6,37.0,LEG1,否,否,46.1,0.56,75.24
002161,周线,2026-06-19,6.26,50,B,3.29,9.36,6.84,184.5,41.5,LEG1,否,否,40.2,0.69,6.7
002160,周线,2026-06-19,4.78,50,B,2.58,7.45,4.42,188.8,62.2,READY,否,否,49.5,0.67,4.33
603312,周线,2026-06-19,37.87,50,B,23.97,53.34,36.6,122.5,57.0,READY,否,否,43.2,0.6,35.87
603959,周线,2026-06-19,4.49,50,B,1.33,7.24,5.52,444.4,29.1,LEG1,否,否,41.3,0.21,5.41
600061,周线,2026-06-19,6.56,50,B,5.32,8.01,7.26,50.6,27.9,LEG1,否,否,42.4,0.78,7.11
688153,周线,2026-06-19,31.6,50,B,25.88,46.21,31.21,78.6,73.8,LEG1,否,否,44.3,0.93,30.59
002155,周线,2026-06-19,26.5,50,B,9.77,43.67,27.1,347.0,48.9,READY,否,否,46.9,0.61,26.56
603169,周线,2026-06-19,8.46,50,B,3.91,13.5,10.2,245.3,34.4,LEG1,否,否,45.4,0.64,10.0
600058,周线,2026-06-19,10.33,50,B,5.87,12.15,10.59,107.0,24.8,LEG1,否,否,42.0,0.78,10.38
002023,周线,2026-06-19,12.4,50,B,5.65,14.24,9.8,152.0,51.7,LEG1,否,否,53.0,0.96,9.6
000685,周线,2026-06-19,11.19,50,B,6.62,12.79,10.38,93.2,39.1,READY,否,否,47.6,0.63,10.17
002310,周线,2026-06-19,2.42,50,B,0.77,3.7,2.21,380.5,50.9,LEG1,否,否,34.5,0.27,2.17
600039,周线,2026-06-19,8.35,50,B,5.19,10.28,7.9,98.1,46.8,LEG1,否,否,40.4,0.42,7.74
603038,周线,2026-06-19,16.11,50,B,6.41,19.67,13.6,206.9,45.8,READY,否,否,49.6,0.61,13.33
002305,周线,2026-06-19,2.17,50,B,1.16,2.38,1.98,105.2,32.8,READY,否,否,40.8,0.5,1.94
603565,周线,2026-06-19,10.38,50,B,6.54,12.4,9.84,89.6,43.7,LEG1,否,否,45.5,0.74,9.64
000536,周线,2026-06-19,3.85,50,B,1.75,5.16,4.47,194.9,20.2,LEG1,否,否,43.6,0.8,4.38
002490,周线,2026-06-19,7.42,50,B,1.38,14.52,6.12,952.2,63.9,LEG1,否,否,38.8,0.55,6.0
002009,周线,2026-06-19,20.61,50,B,7.45,29.96,15.04,302.1,66.3,LEG1,否,否,36.8,0.23,14.74
002168,周线,2026-06-19,3.79,50,B,1.96,4.52,3.4,130.6,43.7,LEG1,否,否,40.2,0.7,3.33
001238,周线,2026-06-19,28.86,47,C,13.5,58.49,24.9,333.3,74.7,LEG1,否,否,18.8,1.01,24.4
000558,周线,2026-06-19,3.66,47,C,2.05,5.61,5.01,173.7,16.9,LEG1,否,否,31.4,1.08,4.91
002270,周线,2026-06-19,21.92,47,C,13.17,38.01,23.97,188.6,56.5,LEG1,否,否,36.3,1.09,23.49
603237,周线,2026-06-19,13.82,47,C,14.35,17.77,15.63,23.8,62.6,LEG1,否,否,16.5,1.08,15.32
603766,周线,2026-06-19,11.42,47,C,3.86,16.26,12.9,321.2,27.1,LEG1,否,否,15.6,1.16,12.64
603236,周线,2026-06-19,55.08,47,C,29.78,85.81,71.05,188.1,26.3,LEG1,否,否,17.0,1.01,69.63
603409,周线,2026-06-19,31.7,47,C,30.68,45.97,34.9,49.8,72.4,LEG1,否,否,29.7,1.24,34.2
688189,周线,2026-06-19,6.55,47,C,5.22,11.39,6.86,118.2,73.4,LEG1,否,否,37.6,1.21,6.72
000932,周线,2026-06-19,3.68,47,C,3.32,6.86,5.22,106.6,46.3,LEG1,否,否,15.4,1.06,5.12
605339,周线,2026-06-19,12.75,47,C,12.64,23.26,16.7,84.0,61.8,LEG1,否,否,19.1,1.08,16.37
002096,周线,2026-06-19,9.6,47,C,8.63,14.64,11.0,69.6,60.6,LEG1,否,否,35.9,1.0,10.78
603866,周线,2026-06-19,4.08,47,C,4.83,5.62,5.33,16.4,36.7,LEG1,否,否,9.8,1.08,5.22
688278,周线,2026-06-19,54.56,47,C,46.3,85.57,70.5,84.8,38.4,LEG1,否,否,30.4,1.19,69.09
002882,周线,2026-06-19,21.68,47,C,10.18,37.62,25.29,269.5,44.9,READY,否,否,26.2,1.08,24.78
002190,周线,2026-06-19,27.31,47,C,11.77,36.38,34.82,209.1,6.3,LEG1,否,否,33.0,1.0,34.12
002602,周线,2026-06-19,13.08,47,C,2.99,20.88,15.42,598.3,30.5,READY,否,否,19.6,1.01,15.11
688486,周线,2026-06-19,53.65,47,C,39.43,85.58,63.58,117.0,47.7,BREAKOUT,否,否,26.2,1.28,62.31
603518,周线,2026-06-19,8.06,47,C,6.01,10.18,8.17,69.4,48.2,LEG1,否,否,26.8,1.02,8.01
001395,周线,2026-06-19,25.5,47,C,33.77,46.39,44.8,37.4,12.6,LEG1,否,否,12.8,1.29,43.9
001300,周线,2026-06-19,13.07,47,C,8.94,19.19,15.08,114.7,40.1,LEG1,否,否,28.3,1.12,14.78
000893,周线,2026-06-19,41.77,47,C,13.65,71.58,18.29,424.4,92.0,LEG1,否,否,29.3,1.11,17.92
000603,周线,2026-06-19,26.52,47,C,7.11,73.59,35.09,935.0,57.9,READY,否,否,26.2,1.05,34.39
605499,周线,2026-06-19,125.39,47,C,200.62,281.51,254.53,40.3,33.4,LEG1,否,否,7.1,1.2,249.44
603816,周线,2026-06-19,24.78,47,C,21.44,37.59,28.9,75.3,53.8,LEG1,否,否,21.6,1.1,28.32
603955,周线,2026-06-19,22.91,47,C,6.76,28.15,23.51,316.4,21.7,LEG1,否,否,36.9,1.08,23.04
002532,周线,2026-06-19,12.55,47,C,4.68,21.88,14.66,367.5,42.0,READY,否,否,25.9,1.08,14.37
002907,周线,2026-06-19,12.09,47,C,9.82,15.1,12.84,53.8,42.8,LEG1,否,否,22.4,1.03,12.58
688026,周线,2026-06-19,13.0,47,C,8.1,16.99,14.71,109.8,25.6,LEG1,否,否,23.4,1.13,14.42
002595,周线,2026-06-19,49.5,47,C,26.27,98.5,75.61,275.0,31.7,LEG1,否,否,20.4,1.1,74.1
002075,周线,2026-06-19,3.76,47,C,2.84,6.49,5.39,128.5,30.1,LEG1,否,否,29.2,1.17,5.28
002670,周线,2026-06-19,11.91,47,C,7.93,24.34,10.88,206.9,82.0,LEG1,否,否,35.5,1.16,10.66
300256,周线,2026-06-19,2.97,47,C,1.58,4.74,3.22,200.0,48.1,READY,否,否,33.3,1.03,3.16
000564,周线,2026-06-19,1.52,47,C,1.57,2.97,2.41,89.2,40.0,READY,否,否,27.8,1.14,2.36
002462,周线,2026-06-19,13.41,47,C,9.78,19.69,13.53,101.3,62.2,READY,否,否,28.3,1.12,13.26
688283,周线,2026-06-19,35.81,47,C,16.69,49.97,37.22,199.4,38.3,LEG1,否,否,34.8,1.12,36.48
000712,周线,2026-06-19,9.35,47,C,7.3,12.26,11.6,67.9,13.3,LEG1,否,否,39.9,1.13,11.37
000034,周线,2026-06-19,26.69,47,C,20.15,43.75,31.79,117.1,50.7,LEG1,否,否,36.8,1.11,31.15
605378,周线,2026-06-19,16.58,47,C,13.76,20.74,18.93,50.7,25.9,LEG1,否,否,28.5,1.11,18.55
300289,周线,2026-06-19,5.86,47,C,3.45,7.04,6.05,104.1,27.6,LEG1,否,否,33.0,1.17,5.93
300281,周线,2026-06-19,6.86,47,C,2.77,8.97,6.31,223.8,42.9,READY,否,否,39.6,1.02,6.18
601058,周线,2026-06-19,11.8,47,C,11.37,14.7,15.29,29.3,-17.7,LEG1,否,否,17.5,1.24,14.98
300752,周线,2026-06-19,14.36,47,C,7.28,20.22,15.56,177.7,36.0,BREAKOUT,否,否,33.9,1.28,15.25
300784,周线,2026-06-19,46.45,47,C,41.0,55.45,48.0,35.2,51.6,LEG1,否,否,39.5,1.0,47.04
600608,周线,2026-06-19,0.18,47,C,1.8,4.01,3.26,122.8,33.9,LEG1,否,否,7.3,1.25,3.19
600600,周线,2026-06-19,56.1,47,C,53.2,64.56,60.2,21.4,38.4,LEG1,否,否,22.6,1.03,59.0
002725,周线,2026-06-19,13.7,47,C,5.8,18.15,14.16,212.9,32.3,LEG1,否,否,33.5,1.01,13.88
603036,周线,2026-06-19,14.56,47,C,7.98,23.06,18.24,189.0,32.0,LEG1,否,否,32.5,1.13,17.88
600918,周线,2026-06-19,5.31,47,C,5.3,7.44,6.51,40.4,43.5,READY,否,否,17.0,1.06,6.38
300956,周线,2026-06-19,12.3,47,C,6.98,18.86,13.89,170.2,41.8,READY,否,否,31.0,1.21,13.61
603825,周线,2026-06-19,6.99,47,C,6.23,8.94,7.83,43.5,41.0,LEG1,否,否,17.5,1.09,7.67
300374,周线,2026-06-19,12.66,47,C,12.36,17.62,15.36,42.6,43.0,LEG1,否,否,39.1,1.2,15.05
301061,周线,2026-06-19,36.53,47,C,38.56,114.8,85.0,197.7,39.1,LEG1,否,否,9.9,1.14,83.3
301119,周线,2026-06-19,36.11,47,C,12.32,61.98,39.01,403.1,46.3,READY,否,否,38.8,1.07,38.23
600375,周线,2026-06-19,4.09,47,C,2.76,5.42,4.81,96.4,22.9,LEG1,否,否,24.3,1.16,4.71
002564,周线,2026-06-19,4.85,47,C,2.62,8.27,5.72,215.6,45.1,READY,否,否,17.7,1.18,5.61
301160,周线,2026-06-19,44.2,47,C,26.39,80.55,50.47,205.2,55.5,READY,否,否,28.7,1.17,49.46
600846,周线,2026-06-19,9.79,47,C,6.15,13.34,11.64,116.9,23.6,LEG1,否,否,22.6,1.21,11.41
601236,周线,2026-06-19,6.93,47,C,5.99,9.71,7.45,62.1,60.8,READY,否,否,27.7,1.1,7.3
301210,周线,2026-06-19,31.28,47,C,24.24,41.89,34.5,72.8,41.9,BREAKOUT,否,否,38.0,1.11,33.81
601162,周线,2026-06-19,3.31,47,C,2.1,3.9,3.55,85.7,19.4,LEG1,否,否,33.7,1.03,3.48
301263,周线,2026-06-19,19.38,47,C,11.65,30.1,24.6,158.4,29.8,LEG1,否,否,18.1,1.1,24.11
301259,周线,2026-06-19,25.37,47,C,13.88,45.2,29.28,225.6,50.8,LEG1,否,否,32.2,1.26,28.69
600861,周线,2026-06-19,13.03,47,C,12.92,20.15,17.62,56.0,35.0,LEG1,否,否,16.0,1.03,17.27
601968,周线,2026-06-19,4.14,47,C,3.86,6.47,4.88,67.6,60.9,READY,否,否,15.8,1.1,4.78
601800,周线,2026-06-19,6.39,47,C,7.07,8.55,8.57,20.9,-1.4,LEG1,否,否,25.4,1.22,8.4
600193,周线,2026-06-19,0.16,47,C,2.03,4.98,3.58,145.3,47.5,LEG1,否,否,7.3,1.11,3.51
301339,周线,2026-06-19,11.21,47,C,11.16,15.93,13.8,42.7,44.7,LEG1,否,否,24.2,1.05,13.52
300557,周线,2026-06-19,31.05,47,C,19.06,48.68,31.37,155.4,58.4,READY,否,否,39.8,1.14,30.74
600180,周线,2026-06-19,1.29,47,C,3.38,3.91,4.35,15.7,-83.0,LEG1,否,否,15.8,1.14,4.26
300068,周线,2026-06-19,4.39,47,C,7.2,21.3,14.5,195.8,48.2,READY,否,否,20.6,1.13,14.21
301508,周线,2026-06-19,26.44,47,C,26.33,30.22,29.85,14.8,9.5,LEG1,否,否,36.0,1.11,29.25
600104,周线,2026-06-19,10.56,47,C,11.49,14.84,14.7,29.2,4.2,LEG1,否,否,6.9,1.02,14.41
301596,周线,2026-06-19,56.38,47,C,55.5,83.35,82.65,50.2,2.5,BREAKOUT,否,否,34.2,1.16,81.0
301617,周线,2026-06-19,54.88,47,C,34.87,70.66,70.87,102.6,-0.6,LEG1,否,否,39.3,1.25,69.45
301608,周线,2026-06-19,53.89,47,C,45.76,106.4,76.21,132.5,49.8,LEG1,否,否,27.5,1.03,74.69
601061,周线,2026-06-19,11.91,47,C,6.56,14.85,11.22,126.4,43.8,LEG1,否,否,38.9,1.15,11.0
399324,周线,2026-06-19,8492.39,47,C,7125.34,9439.65,8664.22,32.5,33.5,LEG1,否,否,19.5,1.05,8490.94
002112,周线,2026-06-19,17.18,45,C,6.09,23.25,12.73,281.8,61.3,LEG1,否,否,33.8,0.32,12.48
688027,周线,2026-06-19,507.84,45,C,71.69,760.88,515.18,961.3,35.7,READY,否,否,38.8,0.48,504.88
688355,周线,2026-06-19,18.52,45,C,10.51,25.15,18.55,139.3,45.1,LEG1,否,否,31.7,0.4,18.18
000719,周线,2026-06-19,11.95,45,C,7.69,14.59,12.01,89.7,37.4,LEG1,否,否,27.4,0.48,11.77
000718,周线,2026-06-19,1.88,45,C,1.56,2.47,1.99,58.3,52.7,READY,否,否,36.8,0.79,1.95
603711,周线,2026-06-19,12.41,45,C,10.13,17.3,12.71,70.8,64.0,LEG1,否,否,34.2,0.58,12.46
603217,周线,2026-06-19,23.92,45,C,11.34,33.24,21.19,193.1,55.0,LEG1,否,否,37.3,0.36,20.77
688334,周线,2026-06-19,19.2,45,C,13.02,26.14,20.42,100.8,43.6,READY,否,否,36.5,0.95,20.01
002202,周线,2026-06-19,21.98,45,C,6.37,28.99,22.8,355.1,27.4,LEG1,否,否,36.9,0.37,22.34
688799,周线,2026-06-19,47.11,45,C,30.02,65.2,40.51,117.2,70.2,LEG1,否,否,35.8,0.73,39.7
688779,周线,2026-06-19,8.96,45,C,4.18,11.54,9.85,176.1,23.0,LEG1,否,否,38.8,0.54,9.65
603017,周线,2026-06-19,11.07,45,C,6.12,17.95,9.66,193.3,70.1,LEG1,否,否,33.0,0.3,9.47
605007,周线,2026-06-19,13.05,45,C,9.5,17.98,13.13,89.3,57.2,READY,否,否,33.9,0.22,12.87
002235,周线,2026-06-19,8.69,45,C,3.72,12.68,9.1,240.9,40.0,LEG1,否,否,34.8,0.61,8.92
000016,周线,2026-06-19,2.82,45,C,1.87,5.4,4.96,188.8,12.5,LEG1,否,否,27.2,0.29,4.86
605118,周线,2026-06-19,33.2,45,C,10.93,49.89,25.73,356.5,62.0,LEG1,否,否,30.1,0.5,25.22
002127,周线,2026-06-19,2.68,45,C,2.48,3.8,3.12,53.2,51.5,LEG1,否,否,30.3,0.42,3.06
002265,周线,2026-06-19,19.35,45,C,7.62,26.3,20.07,245.1,33.4,LEG1,否,否,27.9,0.43,19.67
000008,周线,2026-06-19,2.5,45,C,1.81,3.6,2.54,98.9,59.2,LEG1,否,否,33.6,0.28,2.49
688221,周线,2026-06-19,17.85,45,C,4.48,25.51,17.36,469.4,38.8,LEG1,否,否,34.0,0.41,17.01
002259,周线,2026-06-19,4.39,45,C,2.04,6.26,4.91,206.9,32.0,LEG1,否,否,32.1,0.26,4.81
000039,周线,2026-06-19,9.09,45,C,6.83,13.65,10.28,99.9,49.4,LEG1,否,否,34.8,0.42,10.07
002250,周线,2026-06-19,13.84,45,C,4.41,17.66,14.35,300.5,25.0,LEG1,否,否,31.2,0.46,14.06
002115,周线,2026-06-19,11.79,45,C,3.89,15.98,11.37,310.8,38.1,LEG1,否,否,39.3,0.28,11.14
000813,周线,2026-06-19,3.0,45,C,2.06,4.52,3.14,119.4,56.1,READY,否,否,27.6,0.37,3.08
688239,周线,2026-06-19,56.55,45,C,26.06,76.68,53.8,194.2,45.2,LEG1,否,否,37.8,0.66,52.72
001313,周线,2026-06-19,7.16,45,C,5.27,9.96,7.16,89.0,59.7,LEG1,否,否,34.9,0.47,7.02
603127,周线,2026-06-19,32.42,45,C,12.32,45.95,26.25,273.0,58.6,READY,否,否,36.8,0.39,25.72
001299,周线,2026-06-19,10.82,45,C,8.32,19.1,11.12,129.6,74.0,LEG1,否,否,34.1,0.45,10.9
000792,周线,2026-06-19,30.87,45,C,13.1,41.6,15.72,217.6,90.8,LEG1,否,否,39.3,0.67,15.41
605056,周线,2026-06-19,17.59,45,C,9.12,30.65,16.1,236.1,67.6,LEG1,否,否,26.2,0.36,15.78
002890,周线,2026-06-19,14.94,45,C,7.01,18.0,13.76,156.8,38.6,LEG1,否,否,36.0,0.51,13.48
001336,周线,2026-06-19,23.91,45,C,14.61,30.78,23.86,110.7,42.8,LEG1,否,否,32.4,0.62,23.38
001330,周线,2026-06-19,6.91,45,C,3.68,13.72,5.3,272.8,83.9,LEG1,否,否,35.8,0.53,5.19
603077,周线,2026-06-19,2.38,45,C,1.61,3.54,1.71,119.9,94.8,LEG1,否,否,34.9,0.31,1.68
000159,周线,2026-06-19,5.76,45,C,3.66,8.26,6.13,125.7,46.3,READY,否,否,36.9,0.43,6.01
002547,周线,2026-06-19,3.08,45,C,2.2,4.87,4.38,121.4,18.4,LEG1,否,否,37.0,0.51,4.29
000820,周线,2026-06-19,3.05,45,C,1.86,4.06,3.27,118.3,35.9,LEG1,否,否,29.5,0.51,3.2
688175,周线,2026-06-19,27.0,45,C,10.85,39.47,30.23,263.8,32.3,READY,否,否,32.7,0.79,29.63
688171,周线,2026-06-19,47.08,45,C,10.26,61.4,43.99,498.4,34.0,READY,否,否,38.2,0.71,43.11
002386,周线,2026-06-19,5.64,45,C,3.5,7.44,5.36,112.6,52.8,LEG1,否,否,37.8,0.33,5.25
000875,周线,2026-06-19,5.86,45,C,3.46,8.37,6.01,141.9,48.1,READY,否,否,37.7,0.33,5.89
603815,周线,2026-06-19,5.93,45,C,5.0,7.77,6.64,55.4,40.8,LEG1,否,否,34.7,0.74,6.51
002471,周线,2026-06-19,6.87,45,C,1.87,10.3,7.6,450.8,32.0,LEG1,否,否,37.4,0.22,7.45
000420,周线,2026-06-19,4.31,45,C,2.18,5.87,4.2,169.3,45.3,LEG1,否,否,38.2,0.3,4.12
000862,周线,2026-06-19,5.53,45,C,3.98,7.72,6.12,94.0,42.8,LEG1,否,否,33.5,0.3,6.0
002470,周线,2026-06-19,2.13,45,C,1.22,3.17,1.71,159.8,74.9,LEG1,否,否,31.0,0.29,1.68
603221,周线,2026-06-19,11.53,45,C,6.1,15.3,10.69,150.8,50.1,READY,否,否,36.8,0.61,10.48
002468,周线,2026-06-19,13.59,45,C,6.15,18.08,12.5,194.0,46.8,LEG1,否,否,32.7,0.58,12.25
605500,周线,2026-06-19,6.65,45,C,5.07,10.1,8.35,99.2,34.8,BREAKOUT,否,否,27.0,0.62,8.18
603057,周线,2026-06-19,23.44,45,C,13.33,35.99,23.26,170.0,56.2,READY,否,否,33.7,0.51,22.79
000547,周线,2026-06-19,20.05,45,C,5.48,29.97,7.37,446.9,92.3,LEG1,否,否,30.9,0.45,7.22
300102,周线,2026-06-19,24.81,45,C,4.73,36.9,11.32,680.1,79.5,LEG1,否,否,35.6,0.38,11.09
000559,周线,2026-06-19,13.57,45,C,3.9,21.8,14.64,459.0,40.0,READY,否,否,34.7,0.25,14.35
300628,周线,2026-06-19,33.78,45,C,22.45,39.46,31.41,75.8,47.3,READY,否,否,39.7,0.65,30.78
600710,周线,2026-06-19,11.05,45,C,7.1,13.58,10.21,91.3,52.0,LEG1,否,否,33.9,0.32,10.01
300100,周线,2026-06-19,28.33,45,C,5.37,41.57,27.0,674.1,40.2,READY,否,否,36.6,0.58,26.46
601077,周线,2026-06-19,6.55,45,C,4.43,7.55,6.02,70.4,49.0,LEG1,否,否,38.6,0.66,5.9
002716,周线,2026-06-19,9.24,45,C,2.05,13.3,5.71,548.8,67.5,LEG1,否,否,35.8,0.4,5.6
002866,周线,2026-06-19,18.18,45,C,10.3,30.0,16.42,191.3,68.9,LEG1,否,否,36.9,0.22,16.09
300139,周线,2026-06-19,43.86,45,C,5.51,91.78,22.85,1565.7,79.9,LEG1,否,否,39.0,0.6,22.39
300677,周线,2026-06-19,41.32,45,C,17.2,68.44,36.98,297.9,61.4,LEG1,否,否,33.6,0.74,36.24
002892,周线,2026-06-19,10.21,45,C,7.61,13.77,12.08,80.9,27.4,LEG1,否,否,34.1,0.79,11.84
600664,周线,2026-06-19,3.07,45,C,2.41,4.88,3.2,102.5,68.0,LEG1,否,否,30.1,0.24,3.14
300718,周线,2026-06-19,66.66,45,C,11.24,90.0,65.66,700.7,30.9,READY,否,否,36.1,0.58,64.35
300006,周线,2026-06-19,4.97,45,C,2.03,6.86,4.37,237.9,51.6,LEG1,否,否,34.3,0.38,4.28
300738,周线,2026-06-19,20.08,45,C,6.66,29.49,20.16,342.8,40.9,LEG1,否,否,37.5,0.33,19.76
601011,周线,2026-06-19,2.71,45,C,1.41,4.11,3.23,191.5,32.6,LEG1,否,否,36.1,0.4,3.17
600000,周线,2026-06-19,9.24,45,C,8.19,10.46,11.14,27.7,-30.0,LEG1,否,否,39.1,0.58,10.92
000933,周线,2026-06-19,24.55,45,C,13.04,39.48,27.65,202.8,44.7,READY,否,否,24.6,0.98,27.1
002570,周线,2026-06-19,4.67,45,C,2.28,6.85,4.74,200.4,46.2,READY,否,否,36.5,0.58,4.65
300133,周线,2026-06-19,7.23,45,C,3.88,10.92,6.9,181.4,57.1,LEG1,否,否,35.8,0.35,6.76
600623,周线,2026-06-19,8.4,45,C,5.01,11.07,8.87,121.0,36.3,LEG1,否,否,36.8,0.31,8.69
600989,周线,2026-06-19,22.12,45,C,12.84,36.49,17.42,184.2,80.6,LEG1,否,否,32.0,0.48,17.07
300823,周线,2026-06-19,15.68,45,C,9.98,19.97,14.5,100.1,54.8,LEG1,否,否,35.0,0.78,14.21
688570,周线,2026-06-19,15.1,45,C,14.4,19.62,16.56,36.3,58.6,READY,否,否,13.8,0.57,16.23
000573,周线,2026-06-19,4.03,45,C,2.0,5.1,3.73,155.0,44.2,LEG1,否,否,34.6,0.5,3.66
300345,周线,2026-06-19,6.01,45,C,4.08,7.44,5.92,82.4,45.2,LEG1,否,否,36.7,0.37,5.8
600581,周线,2026-06-19,2.53,45,C,2.45,3.62,2.91,47.8,60.7,LEG1,否,否,33.2,0.16,2.85
600580,周线,2026-06-19,34.9,45,C,8.31,51.4,34.9,518.5,38.3,READY,否,否,33.7,0.49,34.2
300855,周线,2026-06-19,32.3,45,C,17.19,49.8,34.0,189.7,48.5,READY,否,否,33.6,0.42,33.32
300851,周线,2026-06-19,23.84,45,C,16.31,32.57,27.0,99.7,34.3,READY,否,否,26.3,0.59,26.46
300842,周线,2026-06-19,78.06,45,C,30.46,128.2,77.88,320.9,51.5,READY,否,否,38.4,0.42,76.32
600617,周线,2026-06-19,3.0,45,C,2.11,4.62,3.15,119.0,58.6,READY,否,否,35.8,0.27,3.09
600568,周线,2026-06-19,2.42,45,C,1.13,3.27,2.29,189.4,45.8,READY,否,否,38.1,0.45,2.24
003041,周线,2026-06-19,45.45,45,C,9.64,71.0,48.05,636.5,37.4,LEG1,否,否,37.1,0.29,47.09
002620,周线,2026-06-19,5.88,45,C,2.22,10.97,4.82,394.1,70.3,LEG1,否,否,32.1,0.66,4.72
600550,周线,2026-06-19,12.8,45,C,3.2,17.32,14.38,441.2,20.8,LEG1,否,否,37.5,0.45,14.09
600577,周线,2026-06-19,11.84,45,C,3.03,16.41,11.35,441.6,37.8,READY,否,否,39.2,0.57,11.12
600969,周线,2026-06-19,8.78,45,C,4.2,12.58,8.93,199.5,43.6,READY,否,否,37.5,0.45,8.75
601857,周线,2026-06-19,9.77,45,C,7.33,13.69,9.33,86.8,68.6,LEG1,否,否,27.7,0.42,9.14
002196,周线,2026-06-19,12.32,45,C,3.73,19.6,12.99,425.5,41.7,READY,否,否,34.7,0.35,12.73
000612,周线,2026-06-19,10.97,45,C,3.91,15.6,10.63,299.0,42.5,READY,否,否,36.6,0.58,10.42
600535,周线,2026-06-19,14.1,45,C,12.24,15.45,13.45,26.2,62.3,LEG1,否,否,39.5,0.54,13.18
601388,周线,2026-06-19,3.16,45,C,1.74,4.4,3.28,152.9,42.1,LEG1,否,否,29.3,0.31,3.21
600510,周线,2026-06-19,8.14,45,C,3.31,11.69,7.49,253.2,50.1,LEG1,否,否,39.4,0.51,7.34
600503,周线,2026-06-19,2.25,45,C,1.64,3.99,2.63,143.3,57.9,READY,否,否,34.8,0.76,2.58
300929,周线,2026-06-19,10.6,45,C,5.82,14.85,10.16,155.2,51.9,LEG1,否,否,30.5,0.54,9.96
002418,周线,2026-06-19,4.23,45,C,1.53,7.12,3.95,365.4,56.7,LEG1,否,否,33.9,0.34,3.87
300953,周线,2026-06-19,143.36,45,C,29.83,186.48,138.77,525.1,30.5,BREAKOUT,否,否,36.0,0.74,135.99
688608,周线,2026-06-19,156.48,45,C,98.38,257.19,156.36,161.4,63.5,READY,否,否,35.4,0.52,153.23
002314,周线,2026-06-19,2.14,45,C,1.83,2.87,2.33,56.8,51.9,LEG1,否,否,33.6,0.61,2.28
300972,周线,2026-06-19,178.35,45,C,17.69,241.86,141.0,1267.2,45.0,LEG1,否,否,35.7,0.7,138.18
300012,周线,2026-06-19,13.9,45,C,9.48,17.97,13.62,89.6,51.2,LEG1,否,否,32.1,0.6,13.35
600938,周线,2026-06-19,31.4,45,C,23.11,44.54,27.35,92.7,80.2,LEG1,否,否,28.6,0.56,26.8
300044,周线,2026-06-19,5.48,45,C,2.83,8.45,3.75,198.6,83.6,LEG1,否,否,33.0,0.28,3.67
301005,周线,2026-06-19,97.47,45,C,20.79,205.0,134.58,886.1,38.2,LEG1,否,否,26.4,0.7,131.89
300147,周线,2026-06-19,9.08,45,C,3.0,11.23,8.68,274.3,31.0,LEG1,否,否,32.6,0.43,8.51
688528,周线,2026-06-19,10.13,45,C,4.81,12.62,9.83,162.4,35.7,BREAKOUT,否,否,32.2,0.65,9.63
600439,周线,2026-06-19,2.2,45,C,1.79,3.04,2.42,69.8,49.6,READY,否,否,32.5,0.78,2.37
600882,周线,2026-06-19,18.34,45,C,11.0,21.09,23.35,91.7,-22.4,LEG1,否,否,39.7,0.51,22.88
300164,周线,2026-06-19,8.94,45,C,2.93,25.96,5.16,786.0,90.3,LEG1,否,否,26.7,0.31,5.06
600851,周线,2026-06-19,7.31,45,C,4.2,9.18,7.13,118.6,41.2,READY,否,否,39.8,0.3,6.99
301105,周线,2026-06-19,48.31,45,C,18.13,64.09,35.89,253.5,61.4,LEG1,否,否,30.1,0.33,35.17
603336,周线,2026-06-19,8.09,45,C,2.78,13.26,8.09,377.0,49.3,LEG1,否,否,29.7,0.74,7.93
000950,周线,2026-06-19,5.19,45,C,4.49,7.41,5.14,65.0,77.7,LEG1,否,否,35.9,0.28,5.04
002413,周线,2026-06-19,10.28,45,C,2.96,15.5,12.15,423.6,26.7,LEG1,否,否,31.6,0.25,11.91
002342,周线,2026-06-19,10.26,45,C,2.75,24.0,11.34,772.7,59.6,LEG1,否,否,33.3,0.23,11.11
688114,周线,2026-06-19,49.04,45,C,34.68,82.88,58.78,139.0,50.0,LEG1,否,否,37.8,0.83,57.6
605196,周线,2026-06-19,32.65,45,C,6.0,59.59,39.77,893.2,37.0,READY,否,否,26.1,0.95,38.97
600336,周线,2026-06-19,6.97,45,C,3.58,9.63,6.56,169.0,50.7,READY,否,否,38.0,0.64,6.43
600331,周线,2026-06-19,13.04,45,C,5.23,18.84,13.74,260.2,37.5,LEG1,否,否,29.5,0.42,13.47
600312,周线,2026-06-19,19.01,45,C,10.8,23.6,19.0,118.5,35.9,LEG1,否,否,36.6,0.47,18.62
300055,周线,2026-06-19,7.57,45,C,3.71,13.12,7.27,253.6,62.2,LEG1,否,否,27.5,0.4,7.12
002752,周线,2026-06-19,6.19,45,C,3.57,7.85,5.77,119.9,48.6,LEG1,否,否,37.0,0.35,5.65
300462,周线,2026-06-19,11.18,45,C,5.1,14.39,10.59,182.2,40.9,LEG1,否,否,33.9,0.25,10.38
601166,周线,2026-06-19,17.84,45,C,15.31,19.09,18.02,24.7,28.3,LEG1,否,否,37.2,0.66,17.66
002640,周线,2026-06-19,3.43,45,C,1.21,4.66,3.21,285.1,42.0,LEG1,否,否,36.6,0.89,3.15
600299,周线,2026-06-19,9.82,45,C,6.45,16.48,8.66,155.5,78.0,LEG1,否,否,23.2,0.38,8.49
600295,周线,2026-06-19,12.74,45,C,7.97,16.22,10.64,103.5,67.6,LEG1,否,否,30.2,0.76,10.43
603558,周线,2026-06-19,11.51,45,C,7.61,15.64,10.85,105.5,59.7,LEG1,否,否,34.6,0.29,10.63
301239,周线,2026-06-19,32.71,45,C,28.48,48.32,36.73,69.7,58.4,LEG1,否,否,33.1,0.51,36.0
002667,周线,2026-06-19,15.4,45,C,4.35,34.38,12.85,690.3,71.7,LEG1,否,否,34.3,0.01,12.59
301232,周线,2026-06-19,129.9,45,C,20.01,262.0,150.0,1209.3,46.3,LEG1,否,否,37.0,0.64,147.0
000631,周线,2026-06-19,3.11,45,C,2.15,4.54,3.14,111.2,58.6,READY,否,否,38.3,0.58,3.08
000629,周线,2026-06-19,3.2,45,C,2.21,4.0,3.19,81.0,45.3,LEG1,否,否,39.8,0.53,3.13
002442,周线,2026-06-19,4.98,45,C,3.36,6.93,5.42,106.2,42.3,BREAKOUT,否,否,37.5,0.55,5.31
301291,周线,2026-06-19,42.45,45,C,22.8,68.26,47.9,199.4,44.8,LEG1,否,否,33.2,0.44,46.94
002633,周线,2026-06-19,16.19,45,C,4.85,21.0,12.58,333.0,52.1,LEG1,否,否,28.6,0.49,12.33
300198,周线,2026-06-19,2.35,45,C,1.01,3.03,2.13,200.0,44.6,LEG1,否,否,37.7,0.4,2.09
600251,周线,2026-06-19,9.51,45,C,6.13,13.21,9.78,115.5,48.4,LEG1,否,否,33.5,0.34,9.58
600233,周线,2026-06-19,16.64,45,C,10.72,22.86,15.85,113.2,57.7,LEG1,否,否,25.2,0.63,15.53
600816,周线,2026-06-19,2.69,45,C,2.28,3.21,2.81,40.8,43.0,LEG1,否,否,39.6,0.66,2.75
603819,周线,2026-06-19,11.62,45,C,7.59,15.62,10.83,105.8,59.7,LEG1,否,否,30.0,0.51,10.61
000659,周线,2026-06-19,3.56,45,C,1.28,4.78,3.55,273.4,35.1,LEG1,否,否,34.1,0.44,3.48
002763,周线,2026-06-19,7.41,45,C,5.76,10.3,6.88,78.8,75.3,LEG1,否,否,34.8,0.39,6.74
301345,周线,2026-06-19,209.5,45,C,42.61,291.28,189.0,583.6,41.1,LEG1,否,否,39.5,0.63,185.22
002506,周线,2026-06-19,3.21,45,C,1.73,6.36,2.4,267.6,85.5,LEG1,否,否,30.3,0.27,2.35
600227,周线,2026-06-19,2.69,45,C,1.04,5.4,2.37,419.2,69.5,LEG1,否,否,31.5,0.31,2.32
001225,周线,2026-06-19,41.69,45,C,25.12,89.05,37.34,254.5,80.9,LEG1,否,否,34.4,0.46,36.59
600151,周线,2026-06-19,12.24,45,C,3.9,22.8,12.39,484.6,55.1,READY,否,否,38.8,0.36,12.14
002798,周线,2026-06-19,5.79,45,C,2.87,8.77,5.73,205.6,51.5,LEG1,否,否,33.4,0.8,5.62
003027,周线,2026-06-19,19.69,45,C,11.33,27.85,19.14,145.8,52.7,LEG1,否,否,33.2,0.33,18.76
300572,周线,2026-06-19,26.99,45,C,8.16,36.45,23.1,346.7,47.2,LEG1,否,否,39.9,0.53,22.64
603881,周线,2026-06-19,31.76,45,C,11.75,44.96,28.91,282.6,48.3,LEG1,否,否,34.4,0.23,28.33
601118,周线,2026-06-19,5.9,45,C,3.75,7.95,6.25,112.0,40.5,LEG1,否,否,38.4,0.48,6.12
300591,周线,2026-06-19,7.21,45,C,2.67,8.75,6.62,227.7,35.0,LEG1,否,否,38.3,0.51,6.49
002539,周线,2026-06-19,11.9,45,C,6.15,15.85,13.06,157.7,28.8,LEG1,否,否,31.9,0.4,12.8
600158,周线,2026-06-19,7.79,45,C,6.25,14.89,8.38,138.2,75.3,LEG1,否,否,29.6,0.61,8.21
301516,周线,2026-06-19,16.06,45,C,12.53,18.18,15.2,45.1,52.7,BREAKOUT,否,否,34.5,0.39,14.9
688685,周线,2026-06-19,43.32,45,C,19.1,57.57,38.3,201.4,50.1,READY,否,否,39.4,0.73,37.53
002309,周线,2026-06-19,3.19,45,C,1.34,5.43,2.88,305.2,62.3,LEG1,否,否,34.4,0.26,2.82
301469,周线,2026-06-19,30.11,45,C,19.18,43.31,29.41,125.8,57.6,READY,否,否,30.6,0.36,28.82
600135,周线,2026-06-19,8.83,45,C,4.28,12.8,8.63,199.1,48.9,LEG1,否,否,34.3,0.55,8.46
603598,周线,2026-06-19,19.06,45,C,10.25,26.42,15.86,157.8,65.3,LEG1,否,否,37.3,0.36,15.54
600103,周线,2026-06-19,3.59,45,C,1.65,5.72,3.28,246.7,60.0,LEG1,否,否,40.0,0.46,3.21
688395,周线,2026-06-19,24.32,45,C,11.31,33.39,23.23,195.2,46.0,LEG1,否,否,34.9,0.62,22.77
300580,周线,2026-06-19,22.94,45,C,12.35,31.44,20.66,154.6,56.5,LEG1,否,否,36.2,0.64,20.25
600050,周线,2026-06-19,4.35,45,C,4.37,5.53,5.07,26.5,39.7,LEG1,否,否,32.7,0.43,4.97
003023,周线,2026-06-19,21.8,45,C,11.98,34.3,20.3,186.3,62.7,LEG1,否,否,30.1,0.44,19.89
001212,周线,2026-06-19,46.3,45,C,17.61,58.25,41.77,230.8,40.6,LEG1,否,否,35.2,0.74,40.93
688063,周线,2026-06-19,58.47,45,C,32.53,88.5,54.62,172.1,60.5,LEG1,否,否,35.7,0.53,53.53
600089,周线,2026-06-19,23.44,45,C,10.85,29.67,25.22,173.5,23.6,LEG1,否,否,32.1,0.44,24.72
600020,周线,2026-06-19,3.85,45,C,3.14,4.24,3.7,35.0,49.1,READY,否,否,38.0,0.61,3.63
002919,周线,2026-06-19,19.91,45,C,10.17,27.37,18.9,169.1,49.2,LEG1,否,否,36.5,0.43,18.52
605099,周线,2026-06-19,33.21,45,C,15.3,47.02,37.06,207.3,31.4,BREAKOUT,否,否,32.8,0.44,36.32
399377,周线,2026-06-19,7736.76,45,C,5265.21,8465.68,7541.7,60.8,28.9,LEG1,否,否,36.3,0.63,7390.87
601512,周线,2026-06-19,8.22,45,C,6.29,11.41,8.25,81.4,61.7,LEG1,否,否,33.8,0.39,8.08
000159,周线,2026-06-19,5.76,45,C,3.66,8.26,6.13,125.7,46.3,READY,否,否,36.9,0.43,6.01
000016,周线,2026-06-19,2.82,45,C,1.87,5.4,4.96,188.8,12.5,LEG1,否,否,27.2,0.29,4.86
399348,周线,2026-06-19,6503.98,45,C,4733.1,6916.45,5432.83,46.1,68.0,LEG1,否,否,38.5,0.89,5324.17
002356,周线,2026-06-19,3.13,45,C,2.37,3.66,3.26,54.4,31.0,LEG1,否,否,39.0,0.4,3.19
399322,周线,2026-06-19,9966.48,45,C,7401.74,10724.24,8004.35,44.9,81.9,LEG1,否,否,29.3,0.66,7844.26
300215,周线,2026-06-19,7.05,45,C,2.96,10.07,7.65,240.2,34.0,LEG1,否,否,32.5,0.3,7.5
000633,周线,2026-06-19,5.16,40,C,3.53,8.31,6.06,135.4,47.1,READY,否,否,20.2,0.77,5.94
000632,周线,2026-06-19,3.5,40,C,2.28,8.75,3.62,283.8,79.3,LEG1,否,否,30.4,0.4,3.55
688051,周线,2026-06-19,26.77,40,C,14.0,57.76,35.35,312.6,51.2,READY,否,否,32.7,0.74,34.64
000680,周线,2026-06-19,10.41,40,C,6.31,12.85,10.57,103.6,34.9,LEG1,否,否,30.8,0.46,10.36
000678,周线,2026-06-19,9.64,40,C,3.45,14.44,11.22,318.6,29.3,LEG1,否,否,27.5,0.53,11.0
000677,周线,2026-06-19,1.8,40,C,1.81,5.51,3.76,204.4,47.3,LEG1,否,否,10.7,0.52,3.68
000676,周线,2026-06-19,5.5,40,C,5.25,11.0,8.07,109.5,51.0,LEG1,否,否,12.9,0.54,7.91
000665,周线,2026-06-19,3.93,40,C,3.05,5.18,5.23,69.8,-2.3,LEG1,否,否,17.9,0.43,5.13
000663,周线,2026-06-19,5.43,40,C,3.9,7.03,7.23,80.3,-6.4,LEG1,否,否,22.4,0.43,7.09
000661,周线,2026-06-19,63.79,40,C,77.5,90.0,99.69,16.1,-77.5,LEG1,否,否,11.7,0.72,97.7
688088,周线,2026-06-19,37.84,40,C,21.0,61.5,37.85,192.9,58.4,READY,否,否,38.4,0.64,37.09
688085,周线,2026-06-19,12.09,40,C,11.97,19.89,17.51,66.2,30.1,LEG1,否,否,17.3,0.39,17.16
688084,周线,2026-06-19,51.17,40,C,32.02,105.98,72.13,231.0,45.8,LEG1,否,否,22.6,0.53,70.69
688080,周线,2026-06-19,41.77,40,C,21.44,58.49,46.5,172.8,32.4,LEG1,否,否,33.8,0.42,45.57
688078,周线,2026-06-19,21.75,40,C,19.61,31.49,25.75,60.6,48.3,LEG1,否,否,25.6,0.56,25.23
000707,周线,2026-06-19,4.64,40,C,5.51,7.0,6.17,27.0,55.7,LEG1,否,否,21.4,0.35,6.05
000705,周线,2026-06-19,6.38,40,C,6.08,9.81,8.99,61.3,22.0,LEG1,否,否,9.2,0.58,8.81
000702,周线,2026-06-19,5.34,40,C,2.94,7.3,5.9,148.3,32.1,LEG1,否,否,20.8,0.54,5.78
000701,周线,2026-06-19,4.83,40,C,2.68,6.35,5.28,136.9,29.2,LEG1,否,否,22.2,0.6,5.17
000698,周线,2026-06-19,3.12,40,C,2.51,4.29,3.65,70.9,36.0,READY,否,否,20.0,0.47,3.58
000683,周线,2026-06-19,6.57,40,C,4.62,9.29,7.81,101.1,31.7,LEG1,否,否,25.5,0.65,7.65
688068,周线,2026-06-19,76.1,40,C,22.94,140.98,105.67,514.6,29.9,LEG1,否,否,21.8,0.52,103.56
688067,周线,2026-06-19,21.43,40,C,10.91,29.46,23.15,170.0,34.0,LEG1,否,否,21.3,0.5,22.69
688066,周线,2026-06-19,12.72,40,C,11.83,49.8,22.49,321.0,71.9,LEG1,否,否,29.1,0.38,22.04
688065,周线,2026-06-19,43.05,40,C,32.48,59.27,45.0,82.5,53.3,LEG1,否,否,37.5,0.54,44.1
688062,周线,2026-06-19,27.11,40,C,15.36,41.0,30.7,166.9,40.2,LEG1,否,否,26.2,0.65,30.09
688060,周线,2026-06-19,35.5,40,C,23.2,48.8,40.41,110.3,32.8,LEG1,否,否,21.7,0.54,39.6
688058,周线,2026-06-19,23.38,40,C,15.86,30.88,26.06,94.7,32.1,LEG1,否,否,24.9,0.46,25.54
688033,周线,2026-06-19,6.68,40,C,4.51,12.3,6.03,172.7,80.5,LEG1,否,否,32.8,0.22,5.91
688029,周线,2026-06-19,69.96,40,C,53.5,86.38,66.86,61.5,59.4,LEG1,否,否,33.5,0.54,65.52
000726,周线,2026-06-19,5.78,40,C,5.12,8.03,6.82,56.8,41.6,LEG1,否,否,19.2,0.33,6.68
000721,周线,2026-06-19,5.86,40,C,6.17,10.54,8.38,70.8,49.4,LEG1,否,否,15.6,0.49,8.21
000717,周线,2026-06-19,2.09,40,C,1.6,2.96,2.37,85.0,43.4,READY,否,否,20.6,0.32,2.32
000716,周线,2026-06-19,4.43,40,C,3.39,6.99,5.98,106.2,28.1,LEG1,否,否,25.8,0.57,5.86
000715,周线,2026-06-19,4.72,40,C,4.51,6.68,5.36,48.1,60.8,LEG1,否,否,20.1,0.35,5.25
000713,周线,2026-06-19,5.7,40,C,5.03,7.7,6.13,53.1,58.8,READY,否,否,23.9,0.22,6.01
000710,周线,2026-06-19,7.84,40,C,5.4,12.09,11.0,123.9,16.3,LEG1,否,否,21.2,0.42,10.78
000709,周线,2026-06-19,2.08,40,C,1.64,2.49,2.24,51.8,29.4,LEG1,否,否,29.5,0.47,2.2
000708,周线,2026-06-19,13.61,40,C,10.31,18.34,12.4,77.9,74.0,LEG1,否,否,31.4,0.71,12.15
688015,周线,2026-06-19,16.64,40,C,10.52,23.28,20.5,121.3,21.8,LEG1,否,否,16.3,0.5,20.09
688013,周线,2026-06-19,26.94,40,C,11.56,56.99,34.33,393.0,49.9,READY,否,否,10.6,0.44,33.64
688009,周线,2026-06-19,4.98,40,C,4.67,6.37,5.15,36.4,71.8,LEG1,否,否,39.9,0.59,5.05
000756,周线,2026-06-19,12.01,40,C,12.51,15.45,15.36,23.5,3.1,LEG1,否,否,11.7,0.37,15.05
000755,周线,2026-06-19,4.64,40,C,3.95,5.49,4.86,39.0,40.9,LEG1,否,否,29.9,0.31,4.76
000753,周线,2026-06-19,4.89,40,C,2.56,7.75,6.05,202.7,32.8,LEG1,否,否,21.3,0.42,5.93
000752,周线,2026-06-19,8.61,40,C,5.24,11.13,8.36,112.4,47.0,LEG1,否,否,30.0,0.5,8.19
000739,周线,2026-06-19,16.29,40,C,10.66,19.48,16.03,82.7,39.1,LEG1,否,否,37.0,0.39,15.71
000738,周线,2026-06-19,18.91,40,C,13.13,23.46,18.66,78.7,46.5,LEG1,否,否,35.5,0.37,18.29
000735,周线,2026-06-19,5.07,40,C,3.95,12.15,6.09,207.6,73.9,LEG1,否,否,16.3,0.55,5.97
000731,周线,2026-06-19,5.62,40,C,5.69,8.68,6.8,52.5,62.9,READY,否,否,20.0,0.16,6.66
000729,周线,2026-06-19,10.46,40,C,8.1,14.56,11.16,79.8,52.6,LEG1,否,否,27.2,0.96,10.94
605598,周线,2026-06-19,36.12,40,C,13.82,62.5,18.05,352.2,91.3,LEG1,否,否,29.6,0.56,17.69
605577,周线,2026-06-19,9.48,40,C,10.95,14.97,12.37,36.7,64.7,LEG1,否,否,13.2,0.43,12.12
605567,周线,2026-06-19,8.59,40,C,7.15,11.48,9.85,60.6,37.6,LEG1,否,否,19.0,0.67,9.65
000786,周线,2026-06-19,20.58,40,C,23.03,27.06,27.36,17.5,-7.4,LEG1,否,否,18.1,0.52,26.81
000785,周线,2026-06-19,2.19,40,C,2.2,3.77,2.75,71.4,65.0,LEG1,否,否,27.5,0.73,2.69
000779,周线,2026-06-19,7.75,40,C,5.81,10.96,8.12,88.6,55.1,LEG1,否,否,37.8,0.51,7.96
000778,周线,2026-06-19,4.04,40,C,2.96,5.32,4.2,79.7,47.5,READY,否,否,32.8,0.46,4.12
000768,周线,2026-06-19,21.29,40,C,17.34,25.79,23.55,48.7,26.5,LEG1,否,否,34.4,0.86,23.08
000761,周线,2026-06-19,2.26,40,C,2.18,3.93,3.12,80.3,46.3,LEG1,否,否,11.9,0.65,3.06
000757,周线,2026-06-19,3.71,40,C,2.29,5.0,4.43,118.3,21.0,LEG1,否,否,16.1,0.85,4.34
688023,周线,2026-06-19,37.77,40,C,26.38,66.58,48.95,152.4,43.9,LEG1,否,否,24.8,0.34,47.97
688022,周线,2026-06-19,7.99,40,C,8.17,17.35,13.45,112.4,42.5,LEG1,否,否,17.4,0.58,13.18
688018,周线,2026-06-19,122.4,40,C,70.3,191.0,135.12,171.7,46.3,READY,否,否,32.1,0.81,132.42
688016,周线,2026-06-19,89.37,40,C,78.62,107.27,96.61,36.4,37.2,LEG1,否,否,28.1,0.57,94.68
000816,周线,2026-06-19,2.42,40,C,1.39,4.42,2.98,218.0,47.5,LEG1,否,否,15.9,0.26,2.92
000812,周线,2026-06-19,3.32,40,C,3.37,5.71,4.41,69.4,55.6,LEG1,否,否,15.8,0.58,4.32
000803,周线,2026-06-19,7.1,40,C,3.05,11.27,6.5,269.5,58.0,LEG1,否,否,28.1,0.34,6.37
000801,周线,2026-06-19,11.58,40,C,6.3,14.64,15.05,132.4,-4.9,LEG1,否,否,26.6,0.71,14.75
000799,周线,2026-06-19,38.23,40,C,33.5,61.5,53.6,83.6,28.2,LEG1,否,否,32.9,0.59,52.53
000798,周线,2026-06-19,7.58,40,C,5.32,12.88,10.25,142.1,34.8,LEG1,否,否,19.9,0.25,10.04
000797,周线,2026-06-19,2.33,40,C,2.17,2.92,2.65,34.6,36.0,LEG1,否,否,21.5,0.52,2.6
000796,周线,2026-06-19,4.25,40,C,2.7,5.63,4.95,108.5,23.2,LEG1,否,否,22.4,0.49,4.85
000790,周线,2026-06-19,3.7,40,C,3.02,4.65,3.78,54.0,53.4,LEG1,否,否,33.8,0.53,3.7
000789,周线,2026-06-19,4.16,40,C,4.12,5.89,5.2,43.0,39.0,LEG1,否,否,11.1,0.35,5.1
000788,周线,2026-06-19,5.38,40,C,4.04,7.85,5.64,94.3,58.0,LEG1,否,否,37.5,0.41,5.53
688004,周线,2026-06-19,19.74,40,C,9.48,24.9,20.0,162.7,31.8,LEG1,否,否,29.1,0.51,19.6
605599,周线,2026-06-19,14.76,40,C,9.58,28.35,13.76,195.9,77.7,LEG1,否,否,18.6,0.48,13.48
605398,周线,2026-06-19,22.4,40,C,13.63,33.56,24.89,146.2,43.5,READY,否,否,33.0,0.54,24.39
605388,周线,2026-06-19,5.17,40,C,4.26,9.1,5.99,113.6,64.3,LEG1,否,否,30.0,0.35,5.87
605365,周线,2026-06-19,15.24,40,C,11.86,33.46,14.67,182.1,87.0,LEG1,否,否,29.4,0.33,14.38
605338,周线,2026-06-19,19.14,40,C,12.43,34.1,18.4,174.3,72.5,LEG1,否,否,18.3,0.42,18.03
605337,周线,2026-06-19,8.87,40,C,7.84,14.95,11.56,90.7,47.7,LEG1,否,否,15.4,0.38,11.33
000830,周线,2026-06-19,12.97,40,C,8.69,17.35,14.86,99.7,28.8,LEG1,否,否,32.8,0.53,14.56
000829,周线,2026-06-19,8.5,40,C,5.96,12.69,9.33,112.9,49.9,LEG1,否,否,31.2,0.48,9.14
000828,周线,2026-06-19,9.72,40,C,8.12,10.82,9.79,33.3,38.1,LEG1,否,否,27.8,0.48,9.59
000825,周线,2026-06-19,3.76,40,C,2.86,5.76,3.93,101.4,63.1,LEG1,否,否,25.3,0.43,3.85
000822,周线,2026-06-19,4.43,40,C,4.58,7.51,5.46,64.0,70.0,LEG1,否,否,21.1,0.19,5.35
000821,周线,2026-06-19,8.99,40,C,9.28,16.59,11.96,78.8,63.3,LEG1,否,否,30.2,0.2,11.72
000819,周线,2026-06-19,13.16,40,C,12.01,17.32,15.2,44.2,39.9,LEG1,否,否,24.4,0.38,14.9
000877,周线,2026-06-19,4.04,40,C,4.16,5.8,4.95,39.4,51.8,READY,否,否,12.8,0.47,4.85
000876,周线,2026-06-19,6.32,40,C,7.75,9.04,9.21,16.6,-13.2,LEG1,否,否,11.9,0.94,9.03
000868,周线,2026-06-19,3.63,40,C,3.14,6.07,4.21,93.3,63.5,READY,否,否,18.1,0.87,4.13
000863,周线,2026-06-19,4.42,40,C,2.48,6.95,4.35,180.2,58.2,READY,否,否,31.0,0.59,4.26
000860,周线,2026-06-19,10.15,40,C,13.9,15.9,15.36,14.4,27.0,LEG1,否,否,11.3,0.43,15.05
000856,周线,2026-06-19,7.85,40,C,5.23,12.71,9.42,143.0,44.0,LEG1,否,否,26.2,0.37,9.23
000852,周线,2026-06-19,5.6,40,C,4.94,7.55,6.84,52.8,27.2,LEG1,否,否,22.2,0.31,6.7
000850,周线,2026-06-19,3.74,40,C,2.71,6.66,4.2,145.8,62.3,LEG1,否,否,17.8,0.43,4.12
000848,周线,2026-06-19,7.66,40,C,6.73,9.15,7.6,36.0,64.0,LEG1,否,否,28.4,0.68,7.45
000839,周线,2026-06-19,2.59,40,C,1.72,4.26,2.55,147.7,67.3,LEG1,否,否,30.4,0.25,2.5
605507,周线,2026-06-19,15.31,40,C,13.01,29.98,18.53,130.4,67.5,LEG1,否,否,17.4,0.67,18.16
000905,周线,2026-06-19,8.61,40,C,5.34,14.68,10.35,174.9,46.4,READY,否,否,21.8,0.39,10.14
000903,周线,2026-06-19,1.97,40,C,1.57,2.86,2.56,82.2,23.3,LEG1,否,否,29.6,0.86,2.51
000902,周线,2026-06-19,12.42,40,C,9.2,19.45,13.21,111.4,60.9,LEG1,否,否,24.5,0.7,12.95
000901,周线,2026-06-19,18.26,40,C,6.22,25.09,20.84,303.4,22.5,LEG1,否,否,27.6,0.38,20.42
000900,周线,2026-06-19,3.61,40,C,3.29,4.26,3.9,29.5,37.1,LEG1,否,否,19.2,0.37,3.82
000898,周线,2026-06-19,1.99,40,C,1.76,2.79,2.26,58.5,51.5,READY,否,否,20.5,0.5,2.21
000897,周线,2026-06-19,1.77,40,C,1.83,2.37,2.24,29.5,24.1,LEG1,否,否,20.1,0.36,2.2
000895,周线,2026-06-19,23.05,40,C,22.29,29.61,25.21,32.8,60.1,LEG1,否,否,16.3,0.76,24.71
000892,周线,2026-06-19,3.6,40,C,2.06,9.87,6.62,379.1,41.6,LEG1,否,否,19.0,0.41,6.49
000888,周线,2026-06-19,9.53,40,C,7.47,14.47,12.13,93.7,33.4,LEG1,否,否,9.0,0.41,11.89
000886,周线,2026-06-19,4.26,40,C,3.49,8.28,6.25,137.2,42.4,READY,否,否,9.5,0.46,6.12
000885,周线,2026-06-19,12.67,40,C,9.49,14.51,12.96,52.9,30.9,LEG1,否,否,26.2,0.35,12.7
000882,周线,2026-06-19,1.38,40,C,0.79,2.29,1.92,189.9,24.7,LEG1,否,否,23.8,0.7,1.88
000881,周线,2026-06-19,6.95,40,C,4.61,9.69,7.14,110.2,50.2,READY,否,否,34.5,0.64,7.0
000880,周线,2026-06-19,25.6,40,C,6.12,40.38,25.48,559.8,43.5,READY,否,否,37.9,0.37,24.97
605305,周线,2026-06-19,37.08,40,C,20.39,48.9,36.45,139.8,43.7,LEG1,否,否,32.8,0.41,35.72
605300,周线,2026-06-19,8.7,40,C,10.17,12.35,11.54,21.4,37.2,LEG1,否,否,19.7,0.63,11.31
605296,周线,2026-06-19,26.42,40,C,24.54,31.57,27.02,28.6,64.7,LEG1,否,否,38.1,0.36,26.48
605286,周线,2026-06-19,29.32,40,C,16.6,55.87,35.76,236.6,51.2,LEG1,否,否,24.0,0.46,35.04
605277,周线,2026-06-19,18.15,40,C,9.79,26.75,21.1,173.2,33.3,READY,否,否,26.0,0.9,20.68
605268,周线,2026-06-19,9.73,40,C,6.15,14.23,9.65,131.4,56.7,LEG1,否,否,27.3,0.26,9.46
000919,周线,2026-06-19,6.07,40,C,5.38,9.8,6.53,82.2,74.0,LEG1,否,否,20.7,0.2,6.4
000917,周线,2026-06-19,6.9,40,C,3.8,10.16,6.21,167.4,62.1,LEG1,否,否,22.9,0.39,6.09
000915,周线,2026-06-19,27.24,40,C,23.61,33.8,31.08,43.2,26.7,LEG1,否,否,22.5,0.35,30.46
000913,周线,2026-06-19,12.14,40,C,8.45,16.67,15.01,97.3,20.2,LEG1,否,否,36.5,0.72,14.71
000912,周线,2026-06-19,3.47,40,C,3.04,6.7,4.06,120.4,72.1,LEG1,否,否,27.3,0.25,3.98
000911,周线,2026-06-19,4.5,40,C,5.47,8.77,7.08,60.3,51.2,LEG1,否,否,17.9,0.44,6.94
000910,周线,2026-06-19,5.72,40,C,5.65,8.02,7.23,41.9,33.3,LEG1,否,否,17.4,0.31,7.09
000909,周线,2026-06-19,4.03,40,C,2.7,6.98,5.03,158.5,45.6,LEG1,否,否,26.5,0.37,4.93
000908,周线,2026-06-19,5.99,40,C,0.72,7.99,4.58,1009.7,46.9,LEG1,否,否,31.7,0.92,4.49
000906,周线,2026-06-19,5.43,40,C,4.25,6.95,5.31,63.5,60.7,LEG1,否,否,29.0,0.5,5.2
605189,周线,2026-06-19,13.42,40,C,9.8,20.81,12.49,112.3,75.6,LEG1,否,否,32.7,0.46,12.24
605188,周线,2026-06-19,12.92,40,C,4.55,18.72,15.05,311.4,25.9,LEG1,否,否,19.2,0.54,14.75
605183,周线,2026-06-19,14.98,40,C,9.81,23.92,13.25,143.8,75.6,LEG1,否,否,26.1,0.44,12.98
605179,周线,2026-06-19,13.62,40,C,8.14,18.66,19.92,129.2,-12.0,LEG1,否,否,15.1,0.47,19.52
000948,周线,2026-06-19,12.54,40,C,10.13,19.42,16.57,91.7,30.7,LEG1,否,否,21.9,0.58,16.24
000937,周线,2026-06-19,4.63,40,C,5.05,6.11,5.8,21.0,29.2,LEG1,否,否,27.4,0.63,5.68
000936,周线,2026-06-19,5.79,40,C,5.08,8.52,6.87,67.7,48.0,LEG1,否,否,27.1,0.36,6.73
000931,周线,2026-06-19,4.01,40,C,3.27,5.51,4.52,68.5,44.2,LEG1,否,否,13.3,0.32,4.43
000930,周线,2026-06-19,4.73,40,C,4.42,8.14,5.61,84.2,68.0,LEG1,否,否,20.4,0.22,5.5
000928,周线,2026-06-19,5.85,40,C,5.03,7.48,6.2,48.7,52.2,LEG1,否,否,32.6,0.35,6.08
000927,周线,2026-06-19,2.51,40,C,2.25,2.85,2.63,26.7,36.7,BREAKOUT,否,否,29.5,0.27,2.58
000923,周线,2026-06-19,13.91,40,C,11.91,26.98,17.03,126.5,66.0,LEG1,否,否,22.1,0.57,16.69
605333,周线,2026-06-19,18.79,40,C,14.37,32.81,28.25,128.3,24.7,LEG1,否,否,18.8,0.51,27.68
605138,周线,2026-06-19,6.13,40,C,4.4,8.1,6.21,84.1,51.1,LEG1,否,否,28.2,0.7,6.09
605136,周线,2026-06-19,7.95,40,C,5.1,11.19,9.0,119.4,36.0,LEG1,否,否,19.6,0.4,8.82
605122,周线,2026-06-19,11.58,40,C,8.06,15.19,11.89,88.5,46.3,LEG1,否,否,26.9,0.55,11.65
000968,周线,2026-06-19,6.74,40,C,5.3,12.18,6.43,129.8,83.6,LEG1,否,否,25.8,0.2,6.3
000965,周线,2026-06-19,3.21,40,C,2.12,3.8,3.45,79.2,20.8,LEG1,否,否,29.5,0.4,3.38
000963,周线,2026-06-19,27.7,40,C,25.96,37.16,33.1,43.1,36.2,LEG1,否,否,17.4,0.62,32.44
000959,周线,2026-06-19,3.28,40,C,2.49,5.85,4.05,134.9,53.6,LEG1,否,否,16.3,0.85,3.97
000957,周线,2026-06-19,10.12,40,C,5.5,12.78,10.6,132.4,29.9,LEG1,否,否,33.3,0.43,10.39
000953,周线,2026-06-19,5.63,40,C,2.23,7.96,4.41,257.0,62.0,LEG1,否,否,20.9,0.46,4.32
000952,周线,2026-06-19,5.96,40,C,4.11,7.98,6.51,94.2,38.0,LEG1,否,否,25.2,0.41,6.38
605266,周线,2026-06-19,15.75,40,C,17.18,20.5,19.02,19.3,44.6,LEG1,否,否,18.6,0.71,18.64
605259,周线,2026-06-19,18.35,40,C,11.57,24.16,20.59,108.8,28.4,LEG1,否,否,34.8,0.52,20.18
605255,周线,2026-06-19,77.6,40,C,9.5,218.02,90.06,2194.9,61.4,READY,否,否,29.4,0.52,88.26
000998,周线,2026-06-19,8.11,40,C,8.96,11.16,9.61,24.6,70.5,LEG1,否,否,22.4,0.25,9.42
000997,周线,2026-06-19,17.62,40,C,11.85,31.6,19.48,166.7,61.4,READY,否,否,30.8,0.66,19.09
000995,周线,2026-06-19,10.29,40,C,7.22,15.5,12.33,114.7,38.3,LEG1,否,否,24.7,0.41,12.08
000989,周线,2026-06-19,7.86,40,C,6.1,10.1,8.3,65.6,45.0,LEG1,否,否,22.9,0.34,8.13
000987,周线,2026-06-19,7.71,40,C,4.74,9.31,7.96,96.4,29.5,LEG1,否,否,35.2,0.46,7.8
000985,周线,2026-06-19,15.51,40,C,10.2,20.55,18.08,101.5,23.9,LEG1,否,否,21.2,0.31,17.72
000981,周线,2026-06-19,3.35,40,C,0.77,4.58,2.98,494.8,42.0,LEG1,否,否,35.1,0.34,2.92
000980,周线,2026-06-19,2.26,40,C,1.31,4.22,1.93,222.1,78.7,LEG1,否,否,37.7,0.57,1.89
000978,周线,2026-06-19,5.66,40,C,5.18,8.68,6.31,67.6,67.7,LEG1,否,否,27.6,0.34,6.18
000975,周线,2026-06-19,21.88,40,C,15.07,42.29,19.9,180.6,82.3,LEG1,否,否,33.6,0.72,19.5
000972,周线,2026-06-19,3.49,40,C,2.1,4.08,3.47,94.3,30.8,LEG1,否,否,31.1,0.32,3.4
605169,周线,2026-06-19,9.83,40,C,6.27,13.81,11.41,120.3,31.8,LEG1,否,否,25.2,0.51,11.18
605158,周线,2026-06-19,6.39,40,C,5.18,9.04,7.59,74.5,37.6,LEG1,否,否,27.1,0.56,7.44
605155,周线,2026-06-19,13.48,40,C,7.73,17.71,14.35,129.1,33.7,LEG1,否,否,25.5,0.55,14.06
001231,周线,2026-06-19,19.66,40,C,10.86,25.85,21.52,138.0,28.9,LEG1,否,否,24.6,0.37,21.09
001228,周线,2026-06-19,26.8,40,C,16.27,34.98,29.08,115.0,31.5,LEG1,否,否,29.3,0.39,28.5
001227,周线,2026-06-19,2.13,40,C,2.07,2.39,2.19,15.5,62.5,READY,否,否,31.3,0.49,2.15
001222,周线,2026-06-19,14.27,40,C,8.87,27.54,22.12,210.5,29.0,LEG1,否,否,12.1,0.73,21.68
001219,周线,2026-06-19,12.39,40,C,10.16,16.14,13.11,58.9,50.7,LEG1,否,否,20.3,0.45,12.85
001217,周线,2026-06-19,9.18,40,C,8.06,16.65,11.27,106.6,62.6,READY,否,否,16.2,0.28,11.04
001216,周线,2026-06-19,16.21,40,C,9.84,22.59,16.29,129.6,49.4,READY,否,否,35.2,0.37,15.96
001213,周线,2026-06-19,3.56,40,C,3.55,4.35,3.9,22.5,56.2,READY,否,否,10.7,0.45,3.82
001209,周线,2026-06-19,17.85,40,C,10.31,23.16,19.92,124.6,25.2,LEG1,否,否,30.4,0.26,19.52
001208,周线,2026-06-19,15.63,40,C,6.28,23.0,18.1,266.2,29.3,LEG1,否,否,32.8,0.38,17.74
001207,周线,2026-06-19,17.35,40,C,10.12,34.33,22.03,239.2,50.8,LEG1,否,否,32.7,0.39,21.59
001205,周线,2026-06-19,14.17,40,C,10.35,15.72,13.81,51.9,35.6,LEG1,否,否,39.9,0.94,13.53
001202,周线,2026-06-19,14.23,40,C,9.2,17.55,15.61,90.8,23.2,LEG1,否,否,24.3,0.32,15.3
605090,周线,2026-06-19,34.43,40,C,22.0,49.84,37.5,126.5,44.3,LEG1,否,否,31.3,0.41,36.75
605089,周线,2026-06-19,21.25,40,C,16.38,31.08,22.44,89.7,58.8,LEG1,否,否,29.3,0.77,21.99
605088,周线,2026-06-19,31.53,40,C,14.42,39.32,32.07,172.7,29.1,LEG1,否,否,30.5,0.75,31.43
605086,周线,2026-06-19,27.43,40,C,13.79,49.5,23.76,259.0,72.1,LEG1,否,否,26.9,0.51,23.28
605081,周线,2026-06-19,0.37,40,C,7.96,12.23,12.0,53.6,5.4,LEG1,否,否,14.6,0.59,11.76
605080,周线,2026-06-19,21.46,40,C,13.18,28.07,21.44,113.0,44.5,LEG1,否,否,29.1,0.69,21.01
605077,周线,2026-06-19,11.83,40,C,11.85,17.38,13.9,46.7,62.9,BREAKOUT,否,否,22.8,0.6,13.62
605068,周线,2026-06-19,19.27,40,C,11.02,30.47,25.2,176.5,27.1,LEG1,否,否,23.1,0.58,24.7
001255,周线,2026-06-19,28.24,40,C,18.71,58.97,29.88,215.2,72.3,LEG1,否,否,24.4,0.37,29.28
001236,周线,2026-06-19,7.63,40,C,6.22,10.15,8.8,63.2,34.4,LEG1,否,否,21.8,0.76,8.62
001234,周线,2026-06-19,23.48,40,C,11.8,38.3,23.98,224.6,54.0,LEG1,否,否,37.6,0.41,23.5
605050,周线,2026-06-19,10.09,40,C,7.62,15.05,9.14,97.5,79.5,LEG1,否,否,21.1,0.2,8.96
605033,周线,2026-06-19,18.22,40,C,9.73,24.24,21.05,149.1,22.0,LEG1,否,否,24.0,0.32,20.63
605028,周线,2026-06-19,21.39,40,C,11.5,31.24,25.27,171.7,30.2,LEG1,否,否,26.4,0.43,24.76
605011,周线,2026-06-19,17.94,40,C,17.82,22.44,21.27,25.9,25.3,LEG1,否,否,29.5,0.58,20.84
605008,周线,2026-06-19,11.16,40,C,10.69,12.78,13.46,19.6,-32.5,LEG1,否,否,31.3,0.7,13.19
605005,周线,2026-06-19,16.04,40,C,11.3,21.78,17.88,92.7,37.2,LEG1,否,否,22.1,0.26,17.52
605003,周线,2026-06-19,22.55,40,C,12.65,31.19,22.37,146.6,47.6,LEG1,否,否,25.1,0.37,21.92
001283,周线,2026-06-19,52.84,40,C,26.66,74.4,60.01,179.1,30.1,BREAKOUT,否,否,36.2,0.75,58.81
001279,周线,2026-06-19,27.6,40,C,31.0,35.2,38.26,13.5,-72.9,LEG1,否,否,33.1,0.77,37.49
001278,周线,2026-06-19,16.6,40,C,12.8,24.15,18.95,88.7,45.8,LEG1,否,否,24.9,0.38,18.57
001277,周线,2026-06-19,29.66,40,C,30.3,38.4,41.21,26.7,-34.7,LEG1,否,否,20.1,0.39,40.39
001260,周线,2026-06-19,17.25,40,C,12.21,23.0,19.28,88.4,34.5,LEG1,否,否,23.1,0.37,18.89
605116,周线,2026-06-19,19.41,40,C,17.33,32.1,21.51,85.2,71.7,LEG1,否,否,29.7,0.38,21.08
605108,周线,2026-06-19,12.4,40,C,15.32,20.7,18.63,35.1,38.5,LEG1,否,否,13.1,0.47,18.26
603987,周线,2026-06-19,7.15,40,C,5.72,9.55,8.04,67.0,39.4,READY,否,否,14.0,0.33,7.88
603983,周线,2026-06-19,21.76,40,C,20.17,26.64,38.28,32.1,-179.9,LEG1,否,否,14.7,0.53,37.51
603982,周线,2026-06-19,6.14,40,C,6.22,8.08,8.05,29.9,1.6,LEG1,否,否,16.8,0.51,7.89
001324,周线,2026-06-19,18.33,40,C,13.68,21.85,17.3,59.7,55.7,LEG1,否,否,36.2,0.56,16.95
001322,周线,2026-06-19,5.88,40,C,6.37,9.77,8.0,53.4,52.1,LEG1,否,否,17.9,0.75,7.84
001319,周线,2026-06-19,23.02,40,C,13.0,31.71,23.92,143.9,41.6,LEG1,否,否,38.8,0.5,23.44
001318,周线,2026-06-19,10.6,40,C,9.28,17.83,12.72,92.1,59.8,READY,否,否,11.8,0.39,12.47
001316,周线,2026-06-19,37.13,40,C,20.74,63.57,41.45,206.5,51.6,LEG1,否,否,35.6,0.58,40.62
001311,周线,2026-06-19,18.11,40,C,19.17,46.97,22.98,145.0,86.3,LEG1,否,否,18.7,0.62,22.52
001306,周线,2026-06-19,60.41,40,C,39.76,93.48,63.66,135.1,55.5,READY,否,否,29.6,0.47,62.39
001298,周线,2026-06-19,20.6,40,C,14.5,35.4,28.51,144.1,33.0,LEG1,否,否,30.4,0.56,27.94
001296,周线,2026-06-19,18.69,40,C,13.46,26.76,21.6,98.8,38.8,LEG1,否,否,18.8,0.4,21.17
603956,周线,2026-06-19,4.53,40,C,4.23,7.21,5.31,70.4,63.8,READY,否,否,18.7,0.86,5.2
001368,周线,2026-06-19,22.13,40,C,16.02,30.97,23.48,93.3,50.1,LEG1,否,否,27.3,0.37,23.01
001358,周线,2026-06-19,25.41,40,C,18.06,31.1,25.16,72.2,45.6,LEG1,否,否,37.4,0.69,24.66
001338,周线,2026-06-19,9.32,40,C,8.11,14.37,11.67,77.2,43.1,READY,否,否,18.3,0.55,11.44
001333,周线,2026-06-19,20.05,40,C,13.68,27.75,20.92,102.9,48.5,LEG1,否,否,22.7,0.48,20.5
001332,周线,2026-06-19,46.29,40,C,20.31,68.18,49.66,235.7,38.7,READY,否,否,32.9,0.79,48.67
001328,周线,2026-06-19,28.29,40,C,17.52,44.35,34.44,153.1,36.9,LEG1,否,否,33.0,0.67,33.75
605001,周线,2026-06-19,5.82,40,C,3.71,8.42,6.72,127.0,36.1,READY,否,否,16.7,0.61,6.59
603999,周线,2026-06-19,5.41,40,C,4.08,8.89,6.75,117.9,44.5,LEG1,否,否,24.2,0.3,6.62
603998,周线,2026-06-19,9.32,40,C,7.12,11.33,10.94,59.1,9.3,LEG1,否,否,23.1,0.49,10.72
603988,周线,2026-06-19,19.14,40,C,5.92,39.97,22.86,575.2,50.2,READY,否,否,24.4,0.32,22.4
002004,周线,2026-06-19,4.2,40,C,3.68,6.08,4.78,65.2,54.2,READY,否,否,23.9,0.42,4.68
002003,周线,2026-06-19,8.63,40,C,9.33,11.99,10.52,28.5,55.3,LEG1,否,否,15.1,0.62,10.31
001979,周线,2026-06-19,7.53,40,C,7.45,10.03,8.43,34.6,62.0,LEG1,否,否,31.4,0.71,8.26
001914,周线,2026-06-19,9.03,40,C,8.16,10.84,10.58,32.8,9.7,LEG1,否,否,26.4,0.57,10.37
001380,周线,2026-06-19,16.44,40,C,14.08,25.4,21.38,80.4,35.5,LEG1,否,否,19.4,0.49,20.95
001379,周线,2026-06-19,16.88,40,C,12.2,23.09,20.1,89.3,27.5,LEG1,否,否,21.7,0.35,19.7
001376,周线,2026-06-19,11.93,40,C,11.11,25.22,11.89,127.0,94.5,LEG1,否,否,28.0,0.54,11.65
603970,周线,2026-06-19,10.34,40,C,11.49,13.45,12.58,17.1,44.4,LEG1,否,否,18.0,0.45,12.33
603969,周线,2026-06-19,7.37,40,C,3.72,10.23,8.48,175.0,26.9,LEG1,否,否,31.2,0.61,8.31
603968,周线,2026-06-19,10.15,40,C,8.24,17.75,10.52,115.4,76.0,LEG1,否,否,29.9,0.34,10.31
603967,周线,2026-06-19,11.4,40,C,6.4,14.73,11.89,130.2,34.1,LEG1,否,否,32.7,0.47,11.65
603966,周线,2026-06-19,9.27,40,C,5.5,14.9,10.91,170.9,42.4,LEG1,否,否,25.8,0.52,10.69
603927,周线,2026-06-19,14.13,40,C,14.9,17.5,18.3,17.4,-30.8,LEG1,否,否,18.3,0.81,17.93
603922,周线,2026-06-19,15.29,40,C,13.6,24.0,18.5,76.5,52.9,LEG1,否,否,39.3,0.12,18.13
603918,周线,2026-06-19,10.48,40,C,8.32,14.13,14.71,69.8,-10.0,LEG1,否,否,16.1,0.46,14.42
002022,周线,2026-06-19,4.91,40,C,4.88,6.26,5.88,28.3,27.5,LEG1,否,否,17.4,0.36,5.76
002021,周线,2026-06-19,2.49,40,C,1.47,3.4,2.36,131.3,53.9,LEG1,否,否,31.4,0.59,2.31
002020,周线,2026-06-19,12.05,40,C,8.28,17.18,14.3,107.5,32.4,LEG1,否,否,16.4,0.44,14.01
002019,周线,2026-06-19,9.81,40,C,9.11,14.73,10.74,61.7,71.0,LEG1,否,否,20.7,0.26,10.53
002017,周线,2026-06-19,16.13,40,C,6.41,29.99,18.1,367.9,50.4,READY,否,否,26.7,0.7,17.74
002016,周线,2026-06-19,4.38,40,C,3.93,6.61,5.66,68.2,35.4,LEG1,否,否,18.0,0.47,5.55
002014,周线,2026-06-19,10.59,40,C,7.63,12.88,10.58,68.8,43.8,LEG1,否,否,36.1,0.54,10.37
002011,周线,2026-06-19,10.79,40,C,9.55,13.23,11.39,38.5,50.0,LEG1,否,否,29.2,0.61,11.16
002010,周线,2026-06-19,4.92,40,C,3.41,7.39,5.44,116.7,49.0,READY,否,否,23.1,0.43,5.33
002007,周线,2026-06-19,12.83,40,C,13.72,16.98,15.03,23.8,59.8,LEG1,否,否,12.9,0.49,14.73
002006,周线,2026-06-19,14.84,40,C,8.48,24.69,16.7,191.2,49.3,READY,否,否,23.3,0.46,16.37
002042,周线,2026-06-19,3.7,40,C,2.48,5.6,3.99,125.8,51.6,LEG1,否,否,31.2,0.35,3.91
002041,周线,2026-06-19,8.47,40,C,7.55,12.6,9.05,66.9,70.3,LEG1,否,否,29.1,0.31,8.87
002040,周线,2026-06-19,8.58,40,C,4.88,11.0,9.58,125.4,23.2,LEG1,否,否,29.0,0.54,9.39
002037,周线,2026-06-19,6.59,40,C,4.68,16.68,9.22,256.4,62.2,READY,否,否,19.1,0.45,9.04
002035,周线,2026-06-19,4.86,40,C,4.68,6.94,5.71,48.3,54.4,LEG1,否,否,15.9,0.26,5.6
002031,周线,2026-06-19,5.71,40,C,2.08,8.82,5.41,324.0,50.6,READY,否,否,39.2,0.57,5.3
002030,周线,2026-06-19,5.44,40,C,4.71,7.79,5.93,65.4,60.4,LEG1,否,否,38.4,0.36,5.81
002029,周线,2026-06-19,8.34,40,C,4.38,11.8,9.28,169.4,34.0,LEG1,否,否,32.8,0.6,9.09
002027,周线,2026-06-19,5.12,40,C,5.22,8.32,6.97,59.4,43.5,LEG1,否,否,17.6,0.81,6.83
002026,周线,2026-06-19,11.99,40,C,5.9,13.55,12.12,129.7,18.7,LEG1,否,否,30.8,0.46,11.88
002024,周线,2026-06-19,1.22,40,C,1.12,2.01,1.69,79.5,36.0,READY,否,否,28.7,0.59,1.66
603948,周线,2026-06-19,24.04,40,C,14.19,29.52,24.6,108.0,32.1,LEG1,否,否,35.1,0.57,24.11
603939,周线,2026-06-19,19.78,40,C,17.56,25.8,20.81,46.9,60.6,LEG1,否,否,35.9,0.69,20.39
002054,周线,2026-06-19,7.38,40,C,4.26,12.09,7.1,183.8,63.7,LEG1,否,否,30.6,0.2,6.96
002053,周线,2026-06-19,10.12,40,C,8.2,12.99,10.71,58.4,47.6,LEG1,否,否,29.1,0.38,10.5
002052,周线,2026-06-19,8.93,40,C,0.8,12.23,8.9,1428.8,29.1,LEG1,否,否,29.1,0.63,8.72
002045,周线,2026-06-19,8.64,40,C,9.56,12.1,13.58,26.6,-58.3,LEG1,否,否,17.2,0.73,13.31
002044,周线,2026-06-19,5.23,40,C,3.22,8.88,4.82,175.8,71.7,LEG1,否,否,40.0,0.43,4.72
002043,周线,2026-06-19,12.24,40,C,8.84,16.39,13.43,85.4,39.2,LEG1,否,否,30.5,0.59,13.16
603917,周线,2026-06-19,11.73,40,C,9.48,16.13,12.03,70.1,61.7,READY,否,否,32.4,0.67,11.79
603912,周线,2026-06-19,8.34,40,C,4.92,12.18,8.43,147.6,51.7,LEG1,否,否,32.8,0.26,8.26
603909,周线,2026-06-19,9.48,40,C,6.68,14.1,9.85,111.1,57.3,LEG1,否,否,29.1,0.33,9.65
603908,周线,2026-06-19,18.48,40,C,17.5,24.8,20.68,41.7,56.4,LEG1,否,否,19.4,0.57,20.27
603901,周线,2026-06-19,10.73,40,C,5.42,13.67,11.16,152.2,30.4,LEG1,否,否,27.6,0.46,10.94
603900,周线,2026-06-19,6.07,40,C,3.37,8.45,6.94,150.7,29.7,LEG1,否,否,19.2,0.43,6.8
603896,周线,2026-06-19,15.72,40,C,18.22,22.97,20.83,26.1,45.1,LEG1,否,否,25.5,0.5,20.41
002090,周线,2026-06-19,9.29,40,C,5.99,11.74,10.56,96.0,20.5,LEG1,否,否,21.6,0.42,10.35
002086,周线,2026-06-19,1.82,40,C,1.76,2.67,2.53,51.7,15.4,LEG1,否,否,27.8,0.4,2.48
002084,周线,2026-06-19,3.37,40,C,1.99,3.92,3.49,97.0,22.3,LEG1,否,否,35.2,0.68,3.42
002082,周线,2026-06-19,13.68,40,C,3.7,36.24,11.54,879.5,75.9,LEG1,否,否,34.8,0.14,11.31
002078,周线,2026-06-19,12.92,40,C,11.58,17.68,13.91,52.7,61.8,LEG1,否,否,33.8,0.69,13.63
002074,周线,2026-06-19,30.12,40,C,16.1,41.49,33.45,157.7,31.7,LEG1,否,否,30.2,0.52,32.78
002073,周线,2026-06-19,5.38,40,C,4.33,8.79,7.81,103.0,22.0,LEG1,否,否,14.2,0.41,7.65
002069,周线,2026-06-19,3.11,40,C,2.35,3.93,3.33,67.2,38.0,LEG1,否,否,20.0,0.38,3.26
002067,周线,2026-06-19,4.1,40,C,2.33,6.18,4.54,165.2,42.6,READY,否,否,27.5,0.33,4.45
002065,周线,2026-06-19,7.37,40,C,4.21,9.03,7.66,114.5,28.4,LEG1,否,否,34.9,0.62,7.51
002063,周线,2026-06-19,5.29,40,C,4.1,6.73,6.08,64.1,24.7,LEG1,否,否,21.5,0.27,5.96
002061,周线,2026-06-19,3.53,40,C,3.15,4.31,3.7,36.8,52.6,READY,否,否,30.1,0.43,3.63
002060,周线,2026-06-19,3.26,40,C,3.02,4.34,3.55,43.7,59.8,LEG1,否,否,21.7,0.24,3.48
002059,周线,2026-06-19,4.38,40,C,4.01,5.36,5.2,33.7,11.9,LEG1,否,否,27.5,0.44,5.1
603887,周线,2026-06-19,10.6,40,C,3.77,18.37,13.2,387.3,35.4,LEG1,否,否,17.0,0.29,12.94
603883,周线,2026-06-19,11.84,40,C,11.9,14.59,14.71,22.6,-4.5,LEG1,否,否,21.5,0.57,14.42
603882,周线,2026-06-19,24.5,40,C,24.35,28.98,27.3,19.0,36.3,LEG1,否,否,35.2,0.5,26.75
603879,周线,2026-06-19,4.59,40,C,1.86,6.13,5.1,229.6,24.1,LEG1,否,否,24.8,0.57,5.0
603878,周线,2026-06-19,5.93,40,C,4.68,9.78,7.16,109.0,51.4,READY,否,否,25.0,0.79,7.02
603877,周线,2026-06-19,13.03,40,C,10.89,17.77,14.3,63.2,50.4,LEG1,否,否,37.2,0.84,14.01
603871,周线,2026-06-19,11.64,40,C,9.66,16.55,12.99,71.3,51.7,LEG1,否,否,36.8,0.43,12.73
603869,周线,2026-06-19,8.91,40,C,4.2,11.33,8.89,169.8,34.2,LEG1,否,否,32.6,0.86,8.71
002095,周线,2026-06-19,13.41,40,C,10.71,21.64,16.94,102.1,43.0,LEG1,否,否,18.7,0.31,16.6
002094,周线,2026-06-19,4.8,40,C,1.74,8.99,5.09,416.7,53.8,LEG1,否,否,16.6,0.41,4.99
002093,周线,2026-06-19,6.95,40,C,4.98,14.31,10.84,187.3,37.2,LEG1,否,否,18.2,0.57,10.62
002092,周线,2026-06-19,4.21,40,C,3.31,8.98,4.44,171.3,80.1,LEG1,否,否,23.8,0.4,4.35
002091,周线,2026-06-19,7.82,40,C,5.75,9.99,8.49,73.7,35.4,LEG1,否,否,34.0,0.4,8.32
002111,周线,2026-06-19,9.6,40,C,5.81,11.69,9.04,101.2,45.1,LEG1,否,否,35.5,0.58,8.86
002110,周线,2026-06-19,2.96,40,C,2.51,4.79,4.09,90.8,30.7,LEG1,否,否,17.7,0.44,4.01
002109,周线,2026-06-19,2.61,40,C,2.32,5.5,3.46,137.1,64.2,LEG1,否,否,20.2,0.12,3.39
002107,周线,2026-06-19,5.91,40,C,3.2,8.47,5.94,164.7,48.0,LEG1,否,否,26.0,0.31,5.82
002105,周线,2026-06-19,5.24,40,C,3.09,6.86,5.98,122.0,23.3,LEG1,否,否,21.3,0.51,5.86
002104,周线,2026-06-19,11.34,40,C,4.88,23.18,17.55,375.0,30.8,LEG1,否,否,19.4,0.55,17.2
002103,周线,2026-06-19,6.24,40,C,4.55,11.32,8.78,148.8,37.5,READY,否,否,14.1,0.51,8.6
002102,周线,2026-06-19,2.19,40,C,1.88,3.85,3.22,104.8,32.0,LEG1,否,否,20.5,0.13,3.16
002101,周线,2026-06-19,8.37,40,C,9.2,13.0,11.74,41.3,33.2,LEG1,否,否,12.0,0.52,11.51
002100,周线,2026-06-19,6.16,40,C,5.67,8.46,6.79,49.2,59.9,LEG1,否,否,25.1,0.51,6.65
002099,周线,2026-06-19,5.14,40,C,4.26,7.65,5.66,79.6,58.7,LEG1,否,否,24.2,0.27,5.55
002098,周线,2026-06-19,6.83,40,C,3.95,12.07,8.21,205.6,47.5,LEG1,否,否,12.3,0.5,8.05
002097,周线,2026-06-19,8.13,40,C,4.74,10.46,9.39,120.7,18.7,LEG1,否,否,16.4,0.5,9.2
603889,周线,2026-06-19,5.73,40,C,5.09,9.5,7.2,86.6,52.2,LEG1,否,否,24.2,0.57,7.06
603836,周线,2026-06-19,11.48,40,C,9.33,14.39,12.06,54.2,46.0,LEG1,否,否,22.5,0.61,11.82
603833,周线,2026-06-19,34.06,40,C,40.03,62.93,49.3,57.2,59.5,LEG1,否,否,9.2,0.99,48.31
603829,周线,2026-06-19,19.3,40,C,8.82,31.0,22.0,251.5,40.6,LEG1,否,否,22.5,0.31,21.56
603828,周线,2026-06-19,4.51,40,C,1.32,9.7,4.33,634.8,64.1,READY,否,否,29.7,0.38,4.24
002130,周线,2026-06-19,20.63,40,C,4.97,29.3,23.91,489.5,22.2,LEG1,否,否,38.5,0.52,23.43
002124,周线,2026-06-19,2.25,40,C,1.96,3.28,2.69,67.3,44.7,LEG1,否,否,36.2,0.35,2.64
002123,周线,2026-06-19,7.69,40,C,5.43,14.66,11.02,170.0,39.4,LEG1,否,否,24.7,0.66,10.8
002122,周线,2026-06-19,2.57,40,C,1.8,3.27,2.73,81.7,36.7,READY,否,否,23.7,0.45,2.68
002121,周线,2026-06-19,5.97,40,C,3.12,10.24,7.29,228.2,41.4,LEG1,否,否,32.0,0.37,7.14
002120,周线,2026-06-19,6.41,40,C,5.66,8.34,6.32,47.3,75.4,LEG1,否,否,30.8,0.64,6.19
002117,周线,2026-06-19,8.61,40,C,5.41,10.78,9.42,99.3,25.3,LEG1,否,否,20.4,0.69,9.23
002116,周线,2026-06-19,9.23,40,C,8.17,11.45,10.03,40.1,43.3,LEG1,否,否,36.2,0.46,9.83
002114,周线,2026-06-19,7.69,40,C,3.69,10.16,7.93,175.3,34.5,LEG1,否,否,34.6,0.56,7.77
002148,周线,2026-06-19,6.16,40,C,3.12,8.35,7.07,167.6,24.5,LEG1,否,否,21.6,0.73,6.93
002146,周线,2026-06-19,1.23,40,C,1.13,1.97,1.47,74.3,59.5,LEG1,否,否,34.1,0.46,1.44
002144,周线,2026-06-19,10.74,40,C,6.96,17.78,13.2,155.5,42.3,READY,否,否,17.6,0.42,12.94
002140,周线,2026-06-19,10.04,40,C,5.73,15.52,10.69,170.9,49.3,LEG1,否,否,27.2,0.3,10.48
002139,周线,2026-06-19,9.74,40,C,6.26,14.65,12.57,134.0,24.8,LEG1,否,否,26.4,0.7,12.32
002133,周线,2026-06-19,2.58,40,C,1.95,3.99,3.15,104.6,41.2,READY,否,否,18.5,0.6,3.09
002131,周线,2026-06-19,5.36,40,C,1.31,8.45,4.76,545.0,51.7,LEG1,否,否,31.4,0.26,4.66
603863,周线,2026-06-19,14.51,40,C,10.25,21.88,15.38,113.5,55.9,READY,否,否,27.5,0.33,15.07
603860,周线,2026-06-19,25.89,40,C,20.46,33.38,27.53,63.1,45.3,LEG1,否,否,20.8,0.7,26.98
603858,周线,2026-06-19,15.39,40,C,13.83,17.98,15.61,30.0,57.1,LEG1,否,否,37.0,0.62,15.3
603855,周线,2026-06-19,17.61,40,C,14.78,21.22,18.74,43.6,38.5,LEG1,否,否,35.4,0.51,18.37
603848,周线,2026-06-19,13.69,40,C,10.82,18.25,14.8,68.7,46.4,LEG1,否,否,25.1,0.39,14.5
603839,周线,2026-06-19,6.2,40,C,3.91,8.4,6.72,114.8,37.4,LEG1,否,否,21.1,0.69,6.59
603811,周线,2026-06-19,10.66,40,C,5.78,12.42,10.53,114.9,28.5,LEG1,否,否,32.9,0.48,10.32
603810,周线,2026-06-19,11.89,40,C,7.4,18.07,14.6,144.2,32.5,READY,否,否,17.2,0.6,14.31
603809,周线,2026-06-19,9.61,40,C,6.73,11.77,10.17,74.9,31.7,LEG1,否,否,28.3,0.78,9.97
603808,周线,2026-06-19,8.43,40,C,5.72,11.36,8.53,98.6,50.2,LEG1,否,否,28.7,0.39,8.36
002163,周线,2026-06-19,9.24,40,C,5.12,25.03,9.02,388.9,80.4,LEG1,否,否,22.3,0.3,8.84
002162,周线,2026-06-19,3.57,40,C,2.55,6.45,4.3,152.9,55.1,READY,否,否,18.2,0.24,4.21
002159,周线,2026-06-19,13.06,40,C,10.82,21.62,14.35,99.8,67.3,LEG1,否,否,15.5,0.42,14.06
002157,周线,2026-06-19,3.03,40,C,2.23,3.68,2.96,65.0,49.7,LEG1,否,否,38.8,0.34,2.9
002153,周线,2026-06-19,7.74,40,C,4.81,10.75,9.18,123.5,26.4,LEG1,否,否,26.2,0.4,9.0
002152,周线,2026-06-19,10.1,40,C,8.38,14.4,11.14,71.8,54.2,READY,否,否,28.6,0.55,10.92
002151,周线,2026-06-19,33.45,40,C,21.01,44.85,28.41,113.5,69.0,LEG1,否,否,35.0,0.33,27.84
002184,周线,2026-06-19,10.54,40,C,7.75,14.35,10.83,85.2,53.3,READY,否,否,26.3,0.77,10.61
002182,周线,2026-06-19,13.72,40,C,8.54,23.14,14.75,171.0,57.5,READY,否,否,34.5,0.52,14.46
002178,周线,2026-06-19,5.11,40,C,2.99,7.34,5.8,145.5,35.4,READY,否,否,25.1,0.31,5.68
002177,周线,2026-06-19,6.52,40,C,2.63,9.82,7.16,273.4,37.0,READY,否,否,37.1,0.38,7.02
002175,周线,2026-06-19,2.07,40,C,1.57,3.89,4.27,147.8,-16.4,LEG1,否,否,29.8,0.34,4.18
002173,周线,2026-06-19,17.27,40,C,5.8,33.52,19.65,477.9,50.0,LEG1,否,否,23.0,0.26,19.26
002172,周线,2026-06-19,3.01,40,C,2.17,4.66,3.6,114.7,42.6,READY,否,否,15.0,0.55,3.53
002170,周线,2026-06-19,11.06,40,C,3.76,14.22,4.86,278.2,89.5,LEG1,否,否,26.5,0.36,4.76
002166,周线,2026-06-19,7.3,40,C,6.53,9.35,8.16,43.2,42.2,LEG1,否,否,21.9,0.36,8.0
002165,周线,2026-06-19,7.39,40,C,2.45,10.23,7.22,317.6,38.7,LEG1,否,否,39.0,0.61,7.08
603822,周线,2026-06-19,74.8,40,C,15.68,123.0,70.0,684.4,49.4,READY,否,否,36.9,0.41,68.6
603818,周线,2026-06-19,2.79,40,C,2.03,3.89,3.23,91.6,35.5,LEG1,否,否,22.6,0.61,3.17
603817,周线,2026-06-19,5.71,40,C,4.12,9.21,6.62,123.5,50.9,READY,否,否,26.4,0.26,6.49
603788,周线,2026-06-19,14.37,40,C,8.69,18.79,14.24,116.2,45.0,LEG1,否,否,31.9,0.4,13.96
603787,周线,2026-06-19,9.61,40,C,7.22,17.11,12.49,137.0,46.7,LEG1,否,否,17.5,0.27,12.24
603786,周线,2026-06-19,47.86,40,C,42.81,85.49,67.0,99.7,43.3,LEG1,否,否,30.3,0.51,65.66
603768,周线,2026-06-19,10.03,40,C,9.53,12.29,10.98,29.0,47.5,LEG1,否,否,24.8,0.88,10.76
603767,周线,2026-06-19,15.7,40,C,9.47,25.27,17.54,166.8,48.9,READY,否,否,32.0,0.46,17.19
603759,周线,2026-06-19,7.41,40,C,5.36,13.4,9.87,150.0,43.9,LEG1,否,否,17.7,0.29,9.67
603758,周线,2026-06-19,10.0,40,C,6.35,13.77,13.93,116.9,-2.2,LEG1,否,否,21.1,0.43,13.65
002197,周线,2026-06-19,6.21,40,C,2.93,8.76,7.31,199.0,24.9,LEG1,否,否,27.5,0.46,7.16
002195,周线,2026-06-19,7.18,40,C,2.12,13.19,8.51,522.2,42.3,READY,否,否,31.2,0.29,8.34
002193,周线,2026-06-19,4.94,40,C,2.63,7.19,5.06,173.4,46.7,LEG1,否,否,39.5,0.28,4.96
002188,周线,2026-06-19,5.34,40,C,3.01,7.35,5.87,144.2,34.1,LEG1,否,否,27.9,0.51,5.75
002187,周线,2026-06-19,5.04,40,C,4.01,9.87,6.13,146.1,63.8,LEG1,否,否,22.4,0.44,6.01
002186,周线,2026-06-19,8.81,40,C,7.83,11.23,9.7,43.4,45.0,LEG1,否,否,14.4,0.41,9.51
603729,周线,2026-06-19,11.79,40,C,11.1,23.76,15.08,114.1,68.6,LEG1,否,否,15.3,0.33,14.78
603719,周线,2026-06-19,8.97,40,C,9.46,11.49,11.55,21.5,-3.0,LEG1,否,否,21.8,0.76,11.32
603718,周线,2026-06-19,2.99,40,C,5.74,7.19,6.65,25.3,37.2,LEG1,否,否,20.3,0.36,6.52
603717,周线,2026-06-19,6.17,40,C,4.38,8.23,7.37,87.9,22.3,LEG1,否,否,31.0,0.72,7.22
002212,周线,2026-06-19,6.23,40,C,3.99,10.77,7.12,169.9,53.8,READY,否,否,23.4,0.57,6.98
002210,周线,2026-06-19,2.42,40,C,1.25,3.43,2.29,174.4,52.3,LEG1,否,否,33.2,0.46,2.24
002209,周线,2026-06-19,11.06,40,C,5.29,17.51,13.5,231.0,32.8,LEG1,否,否,24.0,0.42,13.23
002207,周线,2026-06-19,7.18,40,C,3.46,16.01,6.95,362.7,72.2,LEG1,否,否,38.5,0.32,6.81
002206,周线,2026-06-19,5.48,40,C,3.42,7.57,5.68,121.3,45.5,READY,否,否,37.5,0.55,5.57
002205,周线,2026-06-19,11.11,40,C,5.7,14.6,12.02,156.1,29.0,LEG1,否,否,23.7,0.58,11.78
002204,周线,2026-06-19,5.59,40,C,3.33,8.28,6.19,148.6,42.2,READY,否,否,16.8,0.34,6.07
002198,周线,2026-06-19,3.44,40,C,4.67,8.2,6.83,75.6,38.8,LEG1,否,否,15.6,0.38,6.69
603799,周线,2026-06-19,52.59,40,C,20.82,70.85,53.93,240.3,33.8,LEG1,否,否,34.8,0.73,52.85
603797,周线,2026-06-19,4.02,40,C,2.98,4.99,4.25,67.4,36.8,LEG1,否,否,21.9,0.46,4.17
603789,周线,2026-06-19,5.33,40,C,4.77,6.42,5.51,34.6,55.2,LEG1,否,否,38.8,0.48,5.4
002234,周线,2026-06-19,6.79,40,C,7.17,9.71,8.35,35.4,53.5,LEG1,否,否,17.0,0.61,8.18
002233,周线,2026-06-19,7.49,40,C,6.28,9.83,8.22,56.5,45.4,LEG1,否,否,22.9,0.56,8.06
002232,周线,2026-06-19,14.87,40,C,10.46,18.66,16.1,78.4,31.2,LEG1,否,否,22.5,0.5,15.78
002230,周线,2026-06-19,41.59,40,C,32.66,67.5,45.36,106.7,63.5,READY,否,否,29.9,0.54,44.45
002229,周线,2026-06-19,12.11,40,C,7.93,20.18,15.19,154.5,40.7,LEG1,否,否,30.2,0.47,14.89
002228,周线,2026-06-19,3.18,40,C,2.17,6.7,3.14,208.8,78.6,LEG1,否,否,23.0,0.49,3.08
002227,周线,2026-06-19,7.06,40,C,6.13,9.51,11.68,55.1,-64.2,LEG1,否,否,22.6,0.72,11.45
002226,周线,2026-06-19,5.05,40,C,3.56,6.55,5.26,84.0,43.1,READY,否,否,35.8,0.58,5.15
002224,周线,2026-06-19,3.52,40,C,3.49,5.17,4.2,48.1,57.7,READY,否,否,14.9,0.3,4.12
002223,周线,2026-06-19,25.24,40,C,30.05,46.31,34.8,54.1,70.8,LEG1,否,否,11.8,0.6,34.1
002219,周线,2026-06-19,1.91,40,C,1.66,2.97,2.15,78.9,62.6,READY,否,否,23.5,0.48,2.11
002218,周线,2026-06-19,4.26,40,C,2.63,6.46,3.4,145.6,79.9,LEG1,否,否,28.7,0.18,3.33
002214,周线,2026-06-19,15.7,40,C,7.62,20.14,17.02,164.3,24.9,LEG1,否,否,35.2,0.91,16.68
603755,周线,2026-06-19,25.24,40,C,14.17,29.55,26.38,108.5,20.6,LEG1,否,否,33.0,0.51,25.85
603739,周线,2026-06-19,12.07,40,C,7.7,15.64,13.27,103.1,29.8,LEG1,否,否,21.4,0.36,13.0
603737,周线,2026-06-19,26.53,40,C,26.3,58.37,42.01,121.9,51.0,LEG1,否,否,13.3,0.98,41.17
603709,周线,2026-06-19,14.73,40,C,7.74,20.19,15.41,160.9,38.4,LEG1,否,否,29.3,0.43,15.1
603708,周线,2026-06-19,9.21,40,C,7.4,12.03,10.16,62.6,40.4,LEG1,否,否,15.7,0.43,9.96
603700,周线,2026-06-19,10.75,40,C,8.36,15.0,12.06,79.4,44.3,READY,否,否,23.7,0.83,11.82
603696,周线,2026-06-19,12.52,40,C,5.91,29.57,11.32,400.3,77.1,LEG1,否,否,24.0,0.32,11.09
002249,周线,2026-06-19,8.14,40,C,3.71,12.16,8.82,227.8,39.5,READY,否,否,29.6,0.45,8.64
002248,周线,2026-06-19,9.52,40,C,4.6,14.05,11.5,205.4,27.0,LEG1,否,否,28.2,0.34,11.27
002247,周线,2026-06-19,2.26,40,C,1.09,2.97,2.46,172.5,27.1,LEG1,否,否,23.3,0.6,2.41
002244,周线,2026-06-19,8.56,40,C,5.67,12.04,9.09,112.3,46.3,LEG1,否,否,30.8,0.66,8.91
002243,周线,2026-06-19,7.23,40,C,4.99,12.25,8.21,145.5,55.6,READY,否,否,28.8,0.7,8.05
002239,周线,2026-06-19,2.44,40,C,2.02,3.46,2.8,71.3,45.8,READY,否,否,15.5,0.43,2.74
002238,周线,2026-06-19,5.76,40,C,6.65,7.64,7.73,14.9,-9.1,LEG1,否,否,17.3,0.36,7.58
002236,周线,2026-06-19,16.31,40,C,12.95,19.38,16.35,49.7,47.1,LEG1,否,否,36.7,0.62,16.02
002267,周线,2026-06-19,6.91,40,C,5.76,8.21,7.39,42.5,33.5,LEG1,否,否,18.8,0.32,7.24
002264,周线,2026-06-19,6.08,40,C,3.26,8.75,6.61,168.4,39.0,LEG1,否,否,22.1,0.27,6.48
002262,周线,2026-06-19,18.71,40,C,20.36,25.7,23.5,26.2,41.2,LEG1,否,否,15.6,0.61,23.03
002261,周线,2026-06-19,29.5,40,C,9.37,40.66,29.13,333.9,36.8,LEG1,否,否,35.3,0.36,28.55
002255,周线,2026-06-19,9.5,40,C,3.55,11.53,10.26,224.8,15.9,LEG1,否,否,33.2,0.77,10.05
603689,周线,2026-06-19,7.55,40,C,6.31,9.67,8.03,53.2,48.8,READY,否,否,22.1,0.21,7.87
603686,周线,2026-06-19,14.29,40,C,6.98,20.28,17.58,190.5,20.3,LEG1,否,否,20.7,0.32,17.23
603680,周线,2026-06-19,11.01,40,C,5.48,15.43,12.15,181.6,33.0,LEG1,否,否,26.7,0.46,11.91
603677,周线,2026-06-19,13.85,40,C,7.96,18.86,14.6,136.9,39.1,READY,否,否,26.4,0.56,14.31
603676,周线,2026-06-19,8.6,40,C,6.3,11.75,9.62,86.5,39.1,READY,否,否,13.9,0.56,9.43
603668,周线,2026-06-19,10.7,40,C,10.3,14.77,13.37,43.4,31.3,LEG1,否,否,25.7,0.31,13.1
603716,周线,2026-06-19,15.7,40,C,5.13,25.87,19.24,404.3,32.0,LEG1,否,否,21.5,0.23,18.86
603712,周线,2026-06-19,13.16,40,C,13.8,17.26,18.55,25.1,-37.3,LEG1,否,否,23.2,0.56,18.18
603665,周线,2026-06-19,26.25,40,C,12.55,40.78,25.0,224.9,55.9,READY,否,否,34.4,0.38,24.5
603656,周线,2026-06-19,18.2,40,C,8.74,25.79,16.3,195.1,55.7,LEG1,否,否,32.6,0.75,15.97
603655,周线,2026-06-19,31.83,40,C,10.0,51.9,35.51,419.0,39.1,LEG1,否,否,27.7,0.7,34.8
603648,周线,2026-06-19,8.42,40,C,7.06,10.3,9.18,45.9,34.6,LEG1,否,否,14.9,0.79,9.0
603639,周线,2026-06-19,10.5,40,C,10.25,14.95,12.24,45.9,57.7,READY,否,否,20.0,0.25,12.0
002285,周线,2026-06-19,2.33,40,C,1.49,3.67,2.6,146.3,49.1,LEG1,否,否,27.6,0.4,2.55
002284,周线,2026-06-19,10.77,40,C,5.09,18.66,11.54,266.6,52.5,LEG1,否,否,21.7,0.49,11.31
002282,周线,2026-06-19,5.91,40,C,4.68,8.06,6.58,72.2,43.8,READY,否,否,18.5,0.5,6.45
002279,周线,2026-06-19,6.48,40,C,3.94,8.47,6.48,115.0,43.9,LEG1,否,否,30.0,0.43,6.35
002278,周线,2026-06-19,8.28,40,C,3.23,16.5,9.0,410.8,56.5,LEG1,否,否,21.6,0.21,8.82
002276,周线,2026-06-19,10.92,40,C,6.13,18.73,15.25,205.5,27.6,LEG1,否,否,22.0,0.48,14.95
002275,周线,2026-06-19,12.26,40,C,11.28,14.72,13.13,30.5,46.2,LEG1,否,否,15.5,0.5,12.87
002271,周线,2026-06-19,12.57,40,C,9.75,17.48,13.95,79.3,45.7,LEG1,否,否,31.8,0.54,13.67
002269,周线,2026-06-19,1.41,40,C,0.94,2.07,1.5,120.2,50.4,READY,否,否,22.5,0.55,1.47
002268,周线,2026-06-19,13.22,40,C,11.43,23.78,16.52,108.0,58.8,LEG1,否,否,22.8,0.37,16.19
002307,周线,2026-06-19,3.77,40,C,2.61,6.05,4.24,131.8,52.6,READY,否,否,30.0,0.28,4.16
002302,周线,2026-06-19,4.74,40,C,4.66,6.77,5.44,45.3,63.0,READY,否,否,14.3,0.31,5.33
002300,周线,2026-06-19,7.45,40,C,4.4,11.73,8.85,166.6,39.3,LEG1,否,否,28.7,0.22,8.67
002299,周线,2026-06-19,16.22,40,C,10.49,19.4,16.33,84.9,34.5,LEG1,否,否,26.6,0.4,16.0
002298,周线,2026-06-19,8.32,40,C,3.02,13.6,9.37,350.3,40.0,READY,否,否,32.1,0.34,9.18
002296,周线,2026-06-19,9.48,40,C,4.82,12.38,10.55,156.8,24.2,LEG1,否,否,27.0,0.27,10.34
002295,周线,2026-06-19,9.78,40,C,3.85,12.24,9.55,217.9,32.1,LEG1,否,否,29.7,0.6,9.36
002294,周线,2026-06-19,30.16,40,C,23.5,70.99,44.95,202.1,54.8,LEG1,否,否,17.9,0.77,44.05
002292,周线,2026-06-19,6.47,40,C,5.03,8.39,7.35,66.8,31.0,LEG1,否,否,17.9,0.42,7.2
002291,周线,2026-06-19,5.23,40,C,3.87,7.05,6.09,82.2,30.2,LEG1,否,否,25.1,0.35,5.97
002287,周线,2026-06-19,19.8,40,C,16.27,25.99,21.96,59.7,41.5,READY,否,否,15.1,0.31,21.52
603666,周线,2026-06-19,26.95,40,C,12.86,34.2,24.66,165.9,44.7,READY,否,否,39.4,0.67,24.17
603628,周线,2026-06-19,10.02,40,C,9.99,17.47,13.26,74.9,56.3,LEG1,否,否,20.0,0.24,12.99
603619,周线,2026-06-19,22.6,40,C,14.32,48.18,21.0,236.5,80.3,LEG1,否,否,18.7,0.41,20.58
603615,周线,2026-06-19,17.91,40,C,9.61,23.77,16.85,147.3,48.9,LEG1,否,否,35.6,0.44,16.51
603613,周线,2026-06-19,19.97,40,C,14.8,29.65,24.03,100.3,37.8,LEG1,否,否,25.7,0.58,23.55
603612,周线,2026-06-19,20.54,40,C,8.77,36.35,22.55,314.5,50.0,LEG1,否,否,32.0,0.47,22.1
603611,周线,2026-06-19,17.25,40,C,12.97,25.27,22.12,94.8,25.6,LEG1,否,否,22.1,0.61,21.68
603609,周线,2026-06-19,6.0,40,C,5.96,7.62,8.16,27.9,-32.5,LEG1,否,否,19.2,0.59,8.0
002320,周线,2026-06-19,6.86,40,C,4.64,16.24,10.36,250.0,50.7,READY,否,否,15.8,0.61,10.15
002318,周线,2026-06-19,24.02,40,C,18.1,36.14,23.89,99.7,67.9,LEG1,否,否,31.3,0.92,23.41
002316,周线,2026-06-19,4.28,40,C,2.41,5.8,4.73,140.7,31.6,LEG1,否,否,25.5,0.57,4.64
002315,周线,2026-06-19,24.45,40,C,21.53,44.42,41.06,106.3,14.7,LEG1,否,否,19.7,0.4,40.24
002313,周线,2026-06-19,8.22,40,C,4.64,10.54,8.15,127.2,40.5,LEG1,否,否,31.9,0.55,7.99
002312,周线,2026-06-19,8.58,40,C,4.88,14.15,10.48,190.0,39.6,LEG1,否,否,24.6,0.45,10.27
002311,周线,2026-06-19,41.58,40,C,34.13,58.75,49.2,72.1,38.8,LEG1,否,否,28.2,0.73,48.22
002340,周线,2026-06-19,7.42,40,C,3.95,9.69,7.52,145.3,37.8,LEG1,否,否,36.4,0.49,7.37
002339,周线,2026-06-19,7.63,40,C,4.37,13.55,7.38,210.1,67.2,LEG1,否,否,22.5,0.22,7.23
002337,周线,2026-06-19,4.82,40,C,3.3,6.45,5.69,95.5,24.1,LEG1,否,否,18.1,0.51,5.58
002335,周线,2026-06-19,38.93,40,C,16.66,72.72,52.8,336.5,35.5,LEG1,否,否,30.1,0.63,51.74
002333,周线,2026-06-19,4.88,40,C,4.46,6.39,5.34,43.3,54.4,LEG1,否,否,29.3,0.27,5.23
002332,周线,2026-06-19,8.31,40,C,8.44,9.37,9.02,11.0,37.6,LEG1,否,否,30.9,0.62,8.84
002331,周线,2026-06-19,7.98,40,C,4.23,10.74,7.65,153.9,47.5,LEG1,否,否,36.5,0.42,7.5
002330,周线,2026-06-19,3.71,40,C,3.47,5.57,4.33,60.5,59.0,READY,否,否,19.2,0.56,4.24
002329,周线,2026-06-19,2.96,40,C,2.44,4.92,3.6,101.6,53.2,LEG1,否,否,27.3,0.66,3.53
002323,周线,2026-06-19,1.37,40,C,0.92,3.05,1.57,231.5,69.5,LEG1,否,否,35.4,0.29,1.54
002322,周线,2026-06-19,10.31,40,C,8.44,15.57,11.35,84.5,59.2,LEG1,否,否,21.3,0.24,11.12
002321,周线,2026-06-19,1.76,40,C,1.31,2.6,2.0,98.5,46.5,READY,否,否,18.4,0.42,1.96
603630,周线,2026-06-19,12.9,40,C,8.98,17.73,14.76,97.4,33.9,LEG1,否,否,16.2,0.59,14.46
603599,周线,2026-06-19,10.78,40,C,9.56,15.35,12.78,60.6,44.4,LEG1,否,否,28.9,0.38,12.52
603596,周线,2026-06-19,28.91,40,C,31.75,48.57,43.22,53.0,31.8,LEG1,否,否,25.9,0.75,42.36
603587,周线,2026-06-19,11.61,40,C,10.04,13.5,11.49,34.5,58.1,LEG1,否,否,24.7,0.62,11.26
603585,周线,2026-06-19,14.62,40,C,9.04,27.44,16.71,203.5,58.3,LEG1,否,否,26.7,0.31,16.38
603583,周线,2026-06-19,24.24,40,C,12.87,40.2,33.35,212.4,25.1,LEG1,否,否,21.1,0.47,32.68
002355,周线,2026-06-19,4.81,40,C,2.86,6.77,5.56,136.7,30.9,LEG1,否,否,24.9,0.39,5.45
002352,周线,2026-06-19,32.2,40,C,32.93,38.66,39.58,17.4,-16.1,LEG1,否,否,16.2,0.96,38.79
002351,周线,2026-06-19,10.04,40,C,9.07,11.57,12.93,27.6,-54.4,LEG1,否,否,23.6,0.69,12.67
002349,周线,2026-06-19,6.35,40,C,5.88,8.45,6.72,43.7,67.3,LEG1,否,否,19.6,0.21,6.59
002347,周线,2026-06-19,6.4,40,C,3.1,14.54,6.51,369.0,70.2,LEG1,否,否,23.6,0.41,6.38
002344,周线,2026-06-19,3.71,40,C,2.95,4.62,4.12,56.6,29.9,LEG1,否,否,17.0,0.55,4.04
002343,周线,2026-06-19,4.72,40,C,3.67,8.74,5.88,138.1,56.4,READY,否,否,12.6,0.46,5.76
002375,周线,2026-06-19,3.66,40,C,2.92,5.08,3.66,74.0,65.7,LEG1,否,否,30.6,0.5,3.59
002373,周线,2026-06-19,7.62,40,C,7.15,13.84,10.39,93.6,51.6,LEG1,否,否,23.7,0.45,10.18
002370,周线,2026-06-19,5.12,40,C,2.21,8.22,5.8,271.9,40.3,LEG1,否,否,21.9,0.27,5.68
002369,周线,2026-06-19,6.02,40,C,2.59,7.62,6.67,194.2,18.9,LEG1,否,否,24.3,0.75,6.54
002367,周线,2026-06-19,5.25,40,C,5.12,8.58,6.48,67.6,60.7,LEG1,否,否,11.9,0.46,6.35
002366,周线,2026-06-19,6.11,40,C,2.96,7.99,6.96,169.9,20.5,LEG1,否,否,28.8,0.36,6.82
002365,周线,2026-06-19,10.74,40,C,5.45,16.25,14.61,198.2,15.2,LEG1,否,否,19.9,0.68,14.32
002363,周线,2026-06-19,6.57,40,C,4.69,11.34,7.47,141.8,58.2,READY,否,否,23.9,0.39,7.32
002358,周线,2026-06-19,6.02,40,C,2.69,8.03,7.03,198.5,18.7,LEG1,否,否,30.8,0.26,6.89
002357,周线,2026-06-19,9.68,40,C,4.47,12.94,9.45,189.5,41.2,LEG1,否,否,30.8,0.37,9.26
603607,周线,2026-06-19,20.7,40,C,9.56,28.79,21.03,201.2,40.4,READY,否,否,35.3,0.44,20.61
603606,周线,2026-06-19,40.87,40,C,32.88,70.22,53.81,113.6,43.9,LEG1,否,否,22.6,0.84,52.73
603600,周线,2026-06-19,9.44,40,C,8.24,12.52,11.37,51.9,26.9,LEG1,否,否,25.3,0.61,11.14
002398,周线,2026-06-19,4.05,40,C,3.1,6.56,4.76,111.6,52.0,READY,否,否,16.8,0.46,4.66
002396,周线,2026-06-19,19.83,40,C,12.04,33.1,24.74,174.9,39.7,READY,否,否,33.6,0.83,24.25
002395,周线,2026-06-19,13.0,40,C,9.01,20.77,16.73,130.5,34.4,BREAKOUT,否,否,28.4,0.52,16.4
002394,周线,2026-06-19,9.18,40,C,5.41,17.34,7.63,220.5,81.4,LEG1,否,否,24.2,0.37,7.48
002393,周线,2026-06-19,14.18,40,C,14.1,24.42,19.68,73.2,45.9,LEG1,否,否,12.8,0.39,19.29
002391,周线,2026-06-19,5.15,40,C,4.21,6.88,5.68,63.4,44.9,READY,否,否,24.2,0.5,5.57
002390,周线,2026-06-19,2.8,40,C,2.86,3.44,3.36,20.3,13.8,LEG1,否,否,21.9,0.53,3.29
002389,周线,2026-06-19,19.03,40,C,11.52,23.16,20.69,101.0,21.2,LEG1,否,否,31.5,0.33,20.28
002385,周线,2026-06-19,2.95,40,C,3.7,4.76,3.96,28.6,75.5,LEG1,否,否,12.0,0.46,3.88
002383,周线,2026-06-19,7.18,40,C,4.78,13.39,8.48,180.1,57.0,LEG1,否,否,22.0,0.28,8.31
002382,周线,2026-06-19,5.46,40,C,4.11,8.91,5.18,116.8,77.7,LEG1,否,否,24.6,0.36,5.08
002381,周线,2026-06-19,5.38,40,C,5.5,6.84,6.3,24.4,40.3,LEG1,否,否,18.5,0.55,6.17
002379,周线,2026-06-19,17.01,40,C,3.61,33.44,8.22,826.3,84.5,LEG1,否,否,17.1,0.97,8.06
002377,周线,2026-06-19,2.64,40,C,1.31,3.77,3.05,187.8,29.3,LEG1,否,否,26.6,0.47,2.99
002376,周线,2026-06-19,6.07,40,C,4.3,7.47,6.57,73.7,28.4,LEG1,否,否,19.6,0.46,6.44
603569,周线,2026-06-19,5.32,40,C,5.96,8.24,7.5,38.3,32.5,LEG1,否,否,20.8,0.94,7.35
603568,周线,2026-06-19,16.95,40,C,14.02,29.37,18.52,109.5,70.7,LEG1,否,否,30.7,0.87,18.15
603566,周线,2026-06-19,9.78,40,C,10.8,14.37,12.39,33.1,55.5,LEG1,否,否,11.4,0.49,12.14
603556,周线,2026-06-19,23.06,40,C,24.41,43.28,26.18,77.3,90.6,LEG1,否,否,16.8,0.43,25.66
603551,周线,2026-06-19,9.32,40,C,7.68,13.33,11.2,73.6,37.7,READY,否,否,17.4,0.42,10.98
603535,周线,2026-06-19,6.54,40,C,6.98,8.84,10.19,26.6,-72.6,LEG1,否,否,14.4,0.46,9.99
603533,周线,2026-06-19,20.09,40,C,12.07,27.83,23.48,130.6,27.6,LEG1,否,否,30.3,0.38,23.01
603529,周线,2026-06-19,20.42,40,C,23.61,33.77,27.55,43.0,61.2,LEG1,否,否,18.8,0.35,27.0
002405,周线,2026-06-19,7.21,40,C,5.55,11.73,8.03,111.4,59.9,LEG1,否,否,23.0,0.39,7.87
002402,周线,2026-06-19,25.02,40,C,8.66,33.92,28.13,291.7,22.9,LEG1,否,否,26.7,0.58,27.57
002401,周线,2026-06-19,13.12,40,C,12.21,17.5,15.04,43.3,46.5,LEG1,否,否,32.8,0.72,14.74
002400,周线,2026-06-19,7.01,40,C,4.53,9.88,7.86,118.1,37.8,LEG1,否,否,26.6,0.26,7.7
002399,周线,2026-06-19,9.06,40,C,6.89,12.64,10.3,83.5,40.7,READY,否,否,8.4,0.6,10.09
603506,周线,2026-06-19,10.15,40,C,6.53,13.73,11.31,110.3,33.6,LEG1,否,否,21.1,0.7,11.08
603501,周线,2026-06-19,90.12,40,C,75.94,135.33,115.32,78.2,33.7,LEG1,否,否,35.6,0.56,113.01
603496,周线,2026-06-19,24.33,40,C,17.12,32.77,26.65,91.4,39.1,LEG1,否,否,38.3,0.47,26.12
002424,周线,2026-06-19,4.34,40,C,2.98,5.47,5.13,83.6,13.7,LEG1,否,否,27.8,0.28,5.03
002423,周线,2026-06-19,9.04,40,C,7.06,11.99,11.2,69.8,16.0,LEG1,否,否,23.7,0.55,10.98
002420,周线,2026-06-19,5.51,40,C,2.78,9.1,6.7,227.3,38.0,READY,否,否,17.2,0.63,6.57
002419,周线,2026-06-19,4.46,40,C,3.93,5.9,5.13,50.1,39.1,LEG1,否,否,16.0,0.39,5.03
002416,周线,2026-06-19,10.8,40,C,7.32,14.5,11.66,98.1,39.6,LEG1,否,否,31.8,0.76,11.43
002412,周线,2026-06-19,5.9,40,C,4.08,7.44,6.04,82.4,41.7,LEG1,否,否,26.3,0.54,5.92
002410,周线,2026-06-19,8.85,40,C,8.35,16.36,11.91,95.9,55.6,LEG1,否,否,18.8,0.5,11.67
002408,周线,2026-06-19,5.1,40,C,3.79,7.15,4.53,88.7,78.0,LEG1,否,否,37.8,0.39,4.44
603577,周线,2026-06-19,9.53,40,C,5.34,11.97,10.03,124.2,29.3,LEG1,否,否,32.8,0.35,9.83
603396,周线,2026-06-19,28.81,40,C,21.08,39.14,30.8,85.7,46.2,LEG1,否,否,27.3,0.27,30.18
603393,周线,2026-06-19,25.69,40,C,23.88,44.0,27.71,84.3,81.0,LEG1,否,否,27.1,0.41,27.16
002441,周线,2026-06-19,8.68,40,C,6.0,11.63,8.65,93.8,52.9,LEG1,否,否,32.8,0.35,8.48
002439,周线,2026-06-19,12.98,40,C,12.19,17.15,14.68,40.7,49.8,LEG1,否,否,36.9,0.73,14.39
002437,周线,2026-06-19,2.57,40,C,1.66,3.99,2.94,140.4,45.1,LEG1,否,否,18.5,0.39,2.88
002434,周线,2026-06-19,6.9,40,C,4.45,11.31,8.21,154.2,45.2,LEG1,否,否,31.3,0.8,8.05
002431,周线,2026-06-19,1.49,40,C,1.39,3.03,2.44,118.0,36.0,LEG1,否,否,19.1,0.25,2.39
002425,周线,2026-06-19,2.72,40,C,1.87,3.74,3.12,100.0,33.2,LEG1,否,否,23.9,0.5,3.06
603520,周线,2026-06-19,9.4,40,C,7.32,11.18,9.13,52.7,53.1,BREAKOUT,否,否,34.8,0.44,8.95
603511,周线,2026-06-19,12.31,40,C,10.0,14.9,13.07,49.0,37.3,LEG1,否,否,19.3,0.49,12.81
603508,周线,2026-06-19,21.59,40,C,10.6,27.29,25.92,157.5,8.2,LEG1,否,否,25.8,0.46,25.4
002461,周线,2026-06-19,8.62,40,C,6.6,10.58,9.22,60.3,34.2,LEG1,否,否,29.9,0.75,9.04
002458,周线,2026-06-19,8.15,40,C,7.48,12.11,8.2,61.9,84.4,LEG1,否,否,35.4,0.63,8.04
002455,周线,2026-06-19,8.04,40,C,3.68,17.15,6.51,366.0,79.0,LEG1,否,否,29.0,0.29,6.38
002454,周线,2026-06-19,5.43,40,C,4.39,11.08,7.52,152.4,53.2,LEG1,否,否,20.8,0.48,7.37
002453,周线,2026-06-19,5.07,40,C,3.22,6.77,4.7,110.2,58.3,LEG1,否,否,34.7,0.45,4.61
002451,周线,2026-06-19,7.7,40,C,4.07,10.48,6.3,157.5,65.2,LEG1,否,否,23.9,0.37,6.17
002444,周线,2026-06-19,30.16,40,C,18.29,36.85,28.69,101.5,44.0,LEG1,否,否,36.0,0.59,28.12
603486,周线,2026-06-19,53.32,40,C,27.76,86.49,58.5,211.6,47.7,READY,否,否,24.6,0.7,57.33
603456,周线,2026-06-19,12.97,40,C,11.83,20.2,17.5,70.8,32.3,LEG1,否,否,28.0,0.62,17.15
603444,周线,2026-06-19,324.88,40,C,153.23,423.21,352.64,176.2,26.1,LEG1,否,否,25.0,0.56,345.59
603421,周线,2026-06-19,6.57,40,C,3.87,9.07,6.94,134.4,41.0,LEG1,否,否,26.0,0.17,6.8
603408,周线,2026-06-19,10.17,40,C,9.1,15.37,11.16,68.9,67.1,LEG1,否,否,24.0,0.56,10.94
603367,周线,2026-06-19,12.99,40,C,11.34,17.85,15.11,57.4,42.1,LEG1,否,否,14.6,0.37,14.81
603366,周线,2026-06-19,6.9,40,C,3.33,11.13,8.24,234.2,37.1,READY,否,否,20.9,0.2,8.08
603365,周线,2026-06-19,17.48,40,C,10.73,25.13,19.54,134.2,38.8,LEG1,否,否,28.5,0.6,19.15
603363,周线,2026-06-19,2.88,40,C,2.38,4.66,4.01,95.8,28.5,LEG1,否,否,24.0,0.33,3.93
002481,周线,2026-06-19,3.87,40,C,3.22,6.64,4.99,106.2,48.2,LEG1,否,否,21.9,0.63,4.89
002480,周线,2026-06-19,5.52,40,C,2.74,6.9,5.77,151.8,27.2,LEG1,否,否,27.9,0.32,5.65
002479,周线,2026-06-19,4.74,40,C,3.28,6.39,4.7,94.8,54.3,LEG1,否,否,26.6,0.35,4.61
002478,周线,2026-06-19,7.04,40,C,4.33,13.87,5.1,220.3,91.9,LEG1,否,否,26.3,0.29,5.0
002476,周线,2026-06-19,5.41,40,C,3.35,7.99,5.42,138.5,55.4,READY,否,否,37.6,0.53,5.31
002474,周线,2026-06-19,6.7,40,C,3.65,8.55,6.23,134.2,47.3,LEG1,否,否,35.2,0.47,6.11
002469,周线,2026-06-19,6.85,40,C,4.0,10.75,7.88,168.8,42.5,LEG1,否,否,39.7,0.8,7.72
002467,周线,2026-06-19,5.18,40,C,2.57,8.09,5.98,214.8,38.2,LEG1,否,否,23.9,0.19,5.86
002465,周线,2026-06-19,13.85,40,C,8.06,26.62,11.23,230.3,82.9,LEG1,否,否,37.0,0.47,11.01
002500,周线,2026-06-19,5.23,40,C,4.45,5.78,5.33,29.9,33.8,LEG1,否,否,36.9,0.86,5.22
002495,周线,2026-06-19,2.19,40,C,1.25,2.77,2.38,121.6,25.7,LEG1,否,否,23.9,0.59,2.33
002494,周线,2026-06-19,4.72,40,C,2.53,6.39,4.72,152.6,43.3,LEG1,否,否,29.6,0.66,4.63
002492,周线,2026-06-19,5.63,40,C,3.56,8.53,6.98,139.6,31.2,LEG1,否,否,23.2,0.51,6.84
002489,周线,2026-06-19,3.2,40,C,2.18,4.14,3.16,89.9,50.0,READY,否,否,33.8,0.69,3.1
002488,周线,2026-06-19,9.63,40,C,4.12,13.25,10.51,221.6,30.0,LEG1,否,否,30.9,0.43,10.3
002486,周线,2026-06-19,2.24,40,C,1.31,3.31,2.59,152.7,36.0,READY,否,否,19.7,0.52,2.54
002483,周线,2026-06-19,5.3,40,C,3.37,8.32,5.29,146.9,61.2,LEG1,否,否,15.7,0.44,5.18
002482,周线,2026-06-19,1.37,40,C,1.47,1.75,1.72,19.0,10.7,LEG1,否,否,17.2,0.8,1.69
603387,周线,2026-06-19,8.12,40,C,6.93,11.42,8.08,64.8,74.4,LEG1,否,否,27.8,0.21,7.92
603385,周线,2026-06-19,5.17,40,C,4.25,7.57,6.05,78.1,45.8,READY,否,否,16.7,0.62,5.93
603383,周线,2026-06-19,28.5,40,C,23.25,42.5,35.6,82.8,35.8,LEG1,否,否,27.5,0.64,34.89
603381,周线,2026-06-19,16.96,40,C,18.0,27.34,20.7,51.9,71.1,LEG1,否,否,21.5,0.23,20.29
603377,周线,2026-06-19,3.43,40,C,0.89,3.9,2.47,338.2,47.5,LEG1,否,否,35.6,0.56,2.42
603368,周线,2026-06-19,15.56,40,C,14.53,19.01,16.18,30.8,63.2,READY,否,否,27.9,0.65,15.86
603350,周线,2026-06-19,30.32,40,C,24.6,38.68,32.8,57.2,41.8,LEG1,否,否,26.9,0.28,32.14
603348,周线,2026-06-19,14.69,40,C,18.28,22.0,20.6,20.4,37.6,LEG1,否,否,13.9,0.51,20.19
603338,周线,2026-06-19,47.95,40,C,39.03,59.28,48.07,51.9,55.4,LEG1,否,否,32.9,0.53,47.11
002519,周线,2026-06-19,6.34,40,C,3.46,9.11,7.13,163.3,35.0,LEG1,否,否,33.3,0.21,6.99
002517,周线,2026-06-19,14.58,40,C,8.33,28.18,20.48,238.3,38.8,LEG1,否,否,25.8,0.46,20.07
002513,周线,2026-06-19,5.2,40,C,3.02,6.75,5.71,123.5,27.9,LEG1,否,否,23.7,0.81,5.6
002512,周线,2026-06-19,4.1,40,C,2.74,8.38,3.86,205.8,80.1,LEG1,否,否,36.7,0.38,3.78
002511,周线,2026-06-19,6.87,40,C,5.93,9.04,7.8,52.4,39.9,LEG1,否,否,16.6,0.36,7.64
002510,周线,2026-06-19,6.11,40,C,2.96,9.09,6.38,207.1,44.2,LEG1,否,否,29.0,0.37,6.25
002508,周线,2026-06-19,15.62,40,C,17.47,22.5,19.05,28.8,68.6,LEG1,否,否,15.9,0.75,18.67
002507,周线,2026-06-19,11.55,40,C,11.47,12.77,12.78,11.3,-0.8,LEG1,否,否,27.6,0.36,12.52
002501,周线,2026-06-19,1.44,40,C,0.88,2.9,1.88,229.5,50.5,READY,否,否,37.5,0.24,1.84
002538,周线,2026-06-19,5.84,40,C,4.04,7.5,6.23,85.6,36.7,LEG1,否,否,33.0,0.31,6.11
002535,周线,2026-06-19,2.37,40,C,2.69,4.27,3.29,58.7,62.0,READY,否,否,16.5,0.89,3.22
002533,周线,2026-06-19,11.38,40,C,6.67,16.6,12.65,148.9,39.8,READY,否,否,30.4,0.33,12.4
002530,周线,2026-06-19,7.35,40,C,5.4,11.78,8.25,118.1,55.3,READY,否,否,24.1,0.58,8.08
002526,周线,2026-06-19,2.84,40,C,1.92,4.1,3.18,113.5,42.2,READY,否,否,22.9,0.3,3.12
002524,周线,2026-06-19,3.4,40,C,2.9,4.55,3.99,56.9,33.9,LEG1,否,否,21.0,0.47,3.91
002523,周线,2026-06-19,3.2,40,C,2.0,5.02,3.72,151.0,43.0,LEG1,否,否,19.4,0.46,3.65
002521,周线,2026-06-19,7.01,40,C,6.35,9.08,7.71,43.0,50.2,LEG1,否,否,19.5,0.53,7.56
603360,周线,2026-06-19,18.88,40,C,7.9,38.98,19.1,393.4,64.0,LEG1,否,否,28.0,0.53,18.72
603359,周线,2026-06-19,2.62,40,C,3.18,10.5,7.5,230.2,41.0,LEG1,否,否,10.8,0.41,7.35
603357,周线,2026-06-19,6.55,40,C,6.97,8.88,7.84,27.4,54.5,LEG1,否,否,11.1,0.34,7.68
603351,周线,2026-06-19,24.45,40,C,17.65,28.9,23.24,63.7,50.3,LEG1,否,否,28.6,0.54,22.78
603321,周线,2026-06-19,6.18,40,C,4.6,7.87,6.64,71.1,37.6,LEG1,否,否,23.3,0.44,6.51
002555,周线,2026-06-19,17.35,40,C,12.04,31.01,19.33,157.6,61.6,LEG1,否,否,23.9,0.48,18.94
002553,周线,2026-06-19,17.29,40,C,7.07,31.0,19.68,338.5,47.3,LEG1,否,否,20.9,0.56,19.29
002551,周线,2026-06-19,2.81,40,C,2.11,4.1,3.18,94.3,46.2,READY,否,否,18.7,0.63,3.12
002550,周线,2026-06-19,5.78,40,C,4.2,8.2,6.81,95.2,34.8,LEG1,否,否,14.4,0.38,6.67
002548,周线,2026-06-19,3.91,40,C,3.21,7.23,4.53,125.2,67.2,LEG1,否,否,23.2,0.62,4.44
002546,周线,2026-06-19,6.81,40,C,2.94,12.4,6.53,321.8,62.1,LEG1,否,否,28.0,0.28,6.4
002544,周线,2026-06-19,19.93,40,C,11.13,28.28,24.42,154.1,22.5,LEG1,否,否,22.6,0.65,23.93
002543,周线,2026-06-19,6.61,40,C,7.51,9.86,9.71,31.3,6.4,LEG1,否,否,13.2,0.35,9.52
002542,周线,2026-06-19,1.47,40,C,1.32,3.6,3.23,172.7,16.2,LEG1,否,否,10.9,0.32,3.17
002541,周线,2026-06-19,16.6,40,C,10.68,25.25,15.35,136.4,67.9,LEG1,否,否,28.7,0.78,15.04
002540,周线,2026-06-19,5.04,40,C,4.48,8.08,5.94,80.4,59.4,READY,否,否,18.1,0.39,5.82
002574,周线,2026-06-19,4.61,40,C,3.73,5.89,5.24,57.9,30.1,LEG1,否,否,23.2,0.32,5.14
002573,周线,2026-06-19,3.2,40,C,3.16,4.26,3.68,34.8,52.7,LEG1,否,否,24.1,0.38,3.61
002566,周线,2026-06-19,6.5,40,C,5.2,8.43,7.21,62.1,37.8,LEG1,否,否,21.7,0.52,7.07
002563,周线,2026-06-19,5.22,40,C,4.34,6.18,5.01,42.4,63.6,LEG1,否,否,35.6,0.62,4.91
002562,周线,2026-06-19,4.74,40,C,2.51,8.02,6.13,219.5,34.3,LEG1,否,否,21.3,0.26,6.01
002561,周线,2026-06-19,6.75,40,C,6.76,10.25,8.31,51.6,55.6,LEG1,否,否,12.6,0.53,8.14
002560,周线,2026-06-19,8.31,40,C,4.76,16.5,9.04,246.6,63.5,LEG1,否,否,30.7,0.3,8.86
002558,周线,2026-06-19,24.09,40,C,8.06,53.35,30.76,561.9,49.9,READY,否,否,23.1,0.6,30.14
002556,周线,2026-06-19,4.95,40,C,3.85,7.29,5.56,89.4,50.3,READY,否,否,26.9,0.29,5.45
603332,周线,2026-06-19,11.12,40,C,5.24,15.49,11.5,195.6,38.9,READY,否,否,24.8,0.34,11.27
603331,周线,2026-06-19,11.58,40,C,7.37,16.28,10.06,120.9,69.8,LEG1,否,否,28.9,0.2,9.86
603326,周线,2026-06-19,6.61,40,C,4.9,10.5,8.16,114.3,41.8,LEG1,否,否,12.2,0.46,8.0
603325,周线,2026-06-19,56.0,40,C,56.26,91.78,75.28,63.1,46.5,LEG1,否,否,27.5,0.44,73.77
603322,周线,2026-06-19,28.79,40,C,22.0,55.31,36.19,151.4,57.4,LEG1,否,否,34.9,0.36,35.47
603310,周线,2026-06-19,15.61,40,C,14.84,18.04,16.74,21.6,40.6,LEG1,否,否,33.0,0.63,16.41
603309,周线,2026-06-19,11.5,40,C,8.52,15.17,12.77,78.1,36.1,LEG1,否,否,24.2,0.32,12.51
603307,周线,2026-06-19,25.55,40,C,26.13,46.69,35.46,78.7,54.6,LEG1,否,否,17.2,0.9,34.75
603305,周线,2026-06-19,14.1,40,C,8.3,22.45,13.46,170.5,63.5,READY,否,否,37.6,0.42,13.19
603300,周线,2026-06-19,5.04,40,C,4.05,8.57,6.4,111.6,48.0,READY,否,否,19.4,0.35,6.27
603299,周线,2026-06-19,9.97,40,C,6.86,12.75,10.61,85.9,36.3,READY,否,否,29.9,0.31,10.4
002590,周线,2026-06-19,11.01,40,C,8.96,16.35,12.61,82.5,50.6,LEG1,否,否,32.8,0.46,12.36
002589,周线,2026-06-19,2.61,40,C,2.05,3.95,2.77,92.7,62.1,LEG1,否,否,20.2,0.26,2.71
002588,周线,2026-06-19,8.52,40,C,4.72,12.22,9.8,158.9,32.3,READY,否,否,27.5,0.43,9.6
002586,周线,2026-06-19,3.66,40,C,1.21,5.2,2.07,329.8,78.4,LEG1,否,否,25.4,0.4,2.03
002583,周线,2026-06-19,8.84,40,C,3.37,12.45,9.5,269.4,32.5,READY,否,否,37.2,0.91,9.31
002582,周线,2026-06-19,9.1,40,C,4.28,13.16,9.97,207.5,35.9,LEG1,否,否,26.1,0.37,9.77
002581,周线,2026-06-19,3.93,40,C,5.69,9.17,7.17,61.2,57.5,LEG1,否,否,21.1,0.95,7.03
002578,周线,2026-06-19,3.62,40,C,2.22,5.46,3.47,145.9,61.4,READY,否,否,35.9,0.49,3.4
002576,周线,2026-06-19,15.69,40,C,9.59,20.4,17.1,112.7,30.5,READY,否,否,30.1,0.43,16.76
002612,周线,2026-06-19,11.65,40,C,12.2,17.94,15.65,47.0,39.9,LEG1,否,否,11.2,0.41,15.34
002609,周线,2026-06-19,7.51,40,C,6.22,8.87,8.77,42.6,3.8,LEG1,否,否,26.0,0.42,8.59
002607,周线,2026-06-19,1.97,40,C,1.34,2.79,2.32,108.2,32.4,LEG1,否,否,19.2,0.73,2.27
002605,周线,2026-06-19,18.39,40,C,16.5,31.14,22.4,88.7,59.7,LEG1,否,否,29.0,0.59,21.95
002603,周线,2026-06-19,14.95,40,C,12.41,17.78,15.52,43.3,42.1,LEG1,否,否,29.9,0.41,15.21
002601,周线,2026-06-19,14.85,40,C,15.18,18.19,17.2,19.8,32.9,LEG1,否,否,35.4,0.83,16.86
002599,周线,2026-06-19,5.6,40,C,3.9,7.72,6.64,97.9,28.3,LEG1,否,否,18.0,0.52,6.51
002598,周线,2026-06-19,7.05,40,C,5.89,8.45,9.08,43.5,-24.6,LEG1,否,否,16.4,0.31,8.9
002596,周线,2026-06-19,3.4,40,C,1.25,4.18,3.44,234.4,25.3,LEG1,否,否,30.6,0.48,3.37
002593,周线,2026-06-19,4.39,40,C,2.51,6.18,4.98,146.2,32.7,READY,否,否,22.3,0.5,4.88
002592,周线,2026-06-19,6.35,40,C,3.71,11.48,6.64,209.4,62.3,LEG1,否,否,18.6,0.38,6.51
603313,周线,2026-06-19,5.05,40,C,5.26,10.77,8.69,104.8,37.7,LEG1,否,否,10.5,0.55,8.52
603291,周线,2026-06-19,8.77,40,C,8.96,12.92,10.96,44.2,49.5,LEG1,否,否,21.2,0.53,10.74
603289,周线,2026-06-19,9.06,40,C,5.9,12.97,9.72,119.8,46.0,LEG1,否,否,31.0,0.43,9.53
603288,周线,2026-06-19,33.32,40,C,33.08,42.45,37.9,28.3,48.6,LEG1,否,否,30.7,0.5,37.14
603282,周线,2026-06-19,14.69,40,C,12.08,22.14,18.23,83.3,38.9,LEG1,否,否,19.5,0.47,17.87
603280,周线,2026-06-19,27.38,40,C,15.21,41.71,32.64,174.2,34.2,READY,否,否,19.6,0.41,31.99
002627,周线,2026-06-19,6.33,40,C,3.86,10.29,5.68,166.6,71.7,LEG1,否,否,31.9,0.4,5.57
002626,周线,2026-06-19,13.95,40,C,10.71,20.27,18.19,89.3,21.8,LEG1,否,否,23.2,0.31,17.83
002625,周线,2026-06-19,37.91,40,C,10.14,57.98,37.12,471.8,43.6,READY,否,否,39.2,0.6,36.38
002624,周线,2026-06-19,12.71,40,C,6.79,21.35,13.89,214.4,51.2,LEG1,否,否,27.7,0.63,13.61
002623,周线,2026-06-19,17.93,40,C,12.03,25.99,17.28,116.0,62.4,LEG1,否,否,31.3,0.31,16.93
002622,周线,2026-06-19,2.25,40,C,1.15,2.9,2.36,152.2,30.9,LEG1,否,否,26.1,0.8,2.31
002616,周线,2026-06-19,4.82,40,C,3.3,7.1,5.42,115.2,44.2,READY,否,否,26.9,0.31,5.31
002615,周线,2026-06-19,7.39,40,C,4.89,9.05,7.2,85.1,44.5,LEG1,否,否,35.3,0.75,7.06
002614,周线,2026-06-19,4.72,40,C,5.08,7.98,6.85,57.1,39.0,LEG1,否,否,12.5,0.6,6.71
002644,周线,2026-06-19,7.51,40,C,5.84,9.43,7.85,61.5,44.0,LEG1,否,否,28.3,0.28,7.69
002642,周线,2026-06-19,7.01,40,C,4.26,9.59,7.24,125.1,44.1,LEG1,否,否,31.7,0.54,7.1
002639,周线,2026-06-19,14.51,40,C,4.6,29.21,16.44,535.0,51.9,READY,否,否,33.2,0.37,16.11
002632,周线,2026-06-19,9.97,40,C,4.8,14.48,11.91,201.7,26.5,LEG1,否,否,35.9,0.34,11.67
002629,周线,2026-06-19,4.65,40,C,1.43,8.11,5.91,467.1,32.9,READY,否,否,25.9,0.33,5.79
603273,周线,2026-06-19,14.23,40,C,13.38,20.35,16.88,52.1,49.8,READY,否,否,18.0,0.78,16.54
603266,周线,2026-06-19,17.23,40,C,13.55,24.71,19.67,82.4,45.2,LEG1,否,否,25.4,0.51,19.28
603258,周线,2026-06-19,12.53,40,C,13.71,20.7,17.68,51.0,43.2,LEG1,否,否,17.7,0.56,17.33
603239,周线,2026-06-19,16.47,40,C,9.64,26.54,20.3,175.3,36.9,LEG1,否,否,23.7,0.59,19.89
603238,周线,2026-06-19,12.04,40,C,8.17,16.85,14.55,106.2,26.5,LEG1,否,否,17.5,0.67,14.26
603298,周线,2026-06-19,24.85,40,C,15.05,30.18,23.25,100.5,45.8,LEG1,否,否,38.3,0.51,22.79
603233,周线,2026-06-19,16.07,40,C,11.92,19.44,16.78,63.1,35.4,LEG1,否,否,35.7,0.65,16.44
603232,周线,2026-06-19,16.05,40,C,8.06,28.4,17.71,252.4,52.6,READY,否,否,29.2,0.34,17.36
603231,周线,2026-06-19,14.73,40,C,13.87,20.3,16.13,46.4,64.9,READY,否,否,21.7,0.66,15.81
603230,周线,2026-06-19,9.36,40,C,9.73,13.4,11.87,37.7,41.7,LEG1,否,否,21.6,0.28,11.63
603229,周线,2026-06-19,8.3,40,C,6.52,10.81,8.63,65.8,50.8,READY,否,否,20.4,0.57,8.46
603227,周线,2026-06-19,7.84,40,C,5.39,10.75,8.43,99.4,43.3,LEG1,否,否,32.7,0.25,8.26
603222,周线,2026-06-19,7.99,40,C,4.7,11.52,8.27,145.1,47.7,LEG1,否,否,28.5,0.39,8.1
603219,周线,2026-06-19,15.27,40,C,7.95,20.11,15.21,153.0,40.3,READY,否,否,38.0,0.73,14.91
603218,周线,2026-06-19,10.99,40,C,8.24,17.09,12.4,107.4,53.0,LEG1,否,否,28.0,0.37,12.15
002661,周线,2026-06-19,7.25,40,C,6.36,9.75,8.34,53.3,41.6,READY,否,否,17.0,0.74,8.17
002660,周线,2026-06-19,7.08,40,C,5.68,9.1,7.98,60.2,32.7,LEG1,否,否,18.6,0.7,7.82
002659,周线,2026-06-19,4.02,40,C,2.73,7.41,4.84,171.4,54.9,READY,否,否,19.4,0.42,4.74
002653,周线,2026-06-19,47.8,40,C,18.59,61.7,42.38,231.9,44.8,LEG1,否,否,36.2,0.44,41.53
002651,周线,2026-06-19,7.98,40,C,4.17,10.31,8.8,147.2,24.6,LEG1,否,否,20.9,0.45,8.62
002649,周线,2026-06-19,8.8,40,C,7.2,16.15,10.3,124.3,65.4,LEG1,否,否,19.5,0.53,10.09
002683,周线,2026-06-19,30.13,40,C,13.68,55.0,32.42,302.0,54.6,LEG1,否,否,27.3,0.48,31.77
002682,周线,2026-06-19,4.73,40,C,2.92,6.33,5.49,116.8,24.6,LEG1,否,否,27.1,0.4,5.38
002681,周线,2026-06-19,4.87,40,C,3.24,7.68,6.51,137.0,26.4,LEG1,否,否,32.5,0.86,6.38
002679,周线,2026-06-19,8.43,40,C,6.18,16.92,10.0,173.8,64.4,READY,否,否,20.7,0.37,9.8
002677,周线,2026-06-19,6.28,40,C,6.21,8.51,7.16,37.0,58.7,LEG1,否,否,23.6,0.47,7.02
002676,周线,2026-06-19,5.4,40,C,2.85,8.23,6.3,188.8,35.9,LEG1,否,否,31.7,0.57,6.17
002673,周线,2026-06-19,6.57,40,C,5.44,8.32,7.78,52.9,18.8,LEG1,否,否,31.2,0.78,7.62
002671,周线,2026-06-19,3.96,40,C,2.9,6.11,4.49,110.7,50.5,READY,否,否,18.5,0.57,4.4
002666,周线,2026-06-19,4.26,40,C,3.19,6.3,4.8,97.5,48.2,LEG1,否,否,22.6,0.52,4.7
002663,周线,2026-06-19,1.61,40,C,1.13,2.48,1.97,119.5,37.8,LEG1,否,否,27.9,0.49,1.93
603235,周线,2026-06-19,23.24,40,C,19.13,28.75,25.63,50.3,32.4,READY,否,否,19.1,0.24,25.12
603215,周线,2026-06-19,15.48,40,C,11.45,22.22,18.0,94.1,39.2,LEG1,否,否,28.6,0.93,17.64
603214,周线,2026-06-19,13.04,40,C,9.41,16.98,14.56,80.4,32.0,LEG1,否,否,16.7,0.37,14.27
603209,周线,2026-06-19,13.18,40,C,10.53,18.12,13.89,72.1,55.7,READY,否,否,26.8,0.42,13.61
603207,周线,2026-06-19,22.17,40,C,22.66,31.83,27.18,40.5,50.7,LEG1,否,否,11.4,0.63,26.64
603200,周线,2026-06-19,47.57,40,C,13.18,74.86,55.09,468.0,32.1,LEG1,否,否,25.3,0.62,53.99
603199,周线,2026-06-19,31.64,40,C,27.92,45.68,34.64,63.6,62.2,LEG1,否,否,20.6,0.4,33.95
603197,周线,2026-06-19,29.3,40,C,26.82,41.18,34.1,53.5,49.3,LEG1,否,否,28.4,0.67,33.42
002694,周线,2026-06-19,2.32,40,C,3.12,4.88,3.99,56.4,50.6,LEG1,否,否,26.3,0.2,3.91
002692,周线,2026-06-19,4.14,40,C,2.63,7.26,4.59,176.0,57.7,LEG1,否,否,24.6,0.3,4.5
002691,周线,2026-06-19,4.67,40,C,3.76,10.8,7.62,187.2,45.2,LEG1,否,否,19.8,0.39,7.47
002690,周线,2026-06-19,14.97,40,C,12.1,18.53,19.19,53.1,-10.3,LEG1,否,否,29.2,0.84,18.81
002689,周线,2026-06-19,2.79,40,C,2.06,4.23,3.38,105.3,39.2,READY,否,否,16.3,0.26,3.31
002688,周线,2026-06-19,4.99,40,C,2.91,7.0,5.56,140.5,35.2,READY,否,否,20.2,0.27,5.45
002687,周线,2026-06-19,4.18,40,C,3.6,5.39,4.4,49.7,55.3,LEG1,否,否,27.8,0.89,4.31
002686,周线,2026-06-19,5.75,40,C,3.71,8.47,6.49,128.3,41.6,LEG1,否,否,25.9,0.3,6.36
002685,周线,2026-06-19,6.65,40,C,2.03,9.98,6.23,391.6,47.2,LEG1,否,否,35.3,0.42,6.11
002721,周线,2026-06-19,2.36,40,C,2.04,3.2,2.97,56.9,19.8,LEG1,否,否,23.5,0.49,2.91
002719,周线,2026-06-19,7.15,40,C,4.96,9.97,8.24,101.0,34.5,LEG1,否,否,30.4,0.22,8.08
002717,周线,2026-06-19,1.07,40,C,0.77,1.94,1.54,151.9,34.2,LEG1,否,否,34.7,0.81,1.51
002715,周线,2026-06-19,13.84,40,C,6.9,18.98,13.65,175.1,44.1,LEG1,否,否,29.8,0.47,13.38
002714,周线,2026-06-19,34.66,40,C,34.24,51.48,41.23,50.4,59.5,READY,否,否,19.0,0.54,40.41
002712,周线,2026-06-19,4.52,40,C,2.91,5.91,4.84,103.1,35.7,LEG1,否,否,24.2,0.43,4.74
002707,周线,2026-06-19,5.28,40,C,4.9,9.09,7.26,85.5,43.7,LEG1,否,否,15.2,0.42,7.11
002705,周线,2026-06-19,11.94,40,C,10.8,19.68,12.54,82.2,80.4,LEG1,否,否,31.0,0.31,12.29
002703,周线,2026-06-19,16.01,40,C,9.02,28.75,11.85,218.7,85.7,LEG1,否,否,37.6,0.39,11.61
002702,周线,2026-06-19,4.83,40,C,2.84,6.2,4.14,118.3,61.3,LEG1,否,否,28.7,0.43,4.06
002701,周线,2026-06-19,4.36,40,C,3.57,5.6,4.85,56.9,36.9,LEG1,否,否,17.9,0.75,4.75
002698,周线,2026-06-19,11.16,40,C,10.36,15.4,14.8,48.6,11.9,LEG1,否,否,25.3,0.81,14.5
002697,周线,2026-06-19,4.42,40,C,4.03,7.54,5.44,87.1,59.8,LEG1,否,否,20.9,0.36,5.33
603216,周线,2026-06-19,21.95,40,C,7.7,58.84,9.57,664.2,96.3,LEG1,否,否,19.1,0.45,9.38
603188,周线,2026-06-19,4.2,40,C,1.84,5.41,4.43,194.0,27.5,LEG1,否,否,28.0,0.38,4.34
603187,周线,2026-06-19,12.2,40,C,9.05,17.26,13.76,90.7,42.6,READY,否,否,25.1,0.38,13.48
603183,周线,2026-06-19,3.67,40,C,2.66,4.97,4.12,86.8,36.8,LEG1,否,否,21.8,0.48,4.04
603182,周线,2026-06-19,12.1,40,C,8.41,17.86,13.78,112.4,43.2,LEG1,否,否,18.5,0.51,13.5
603179,周线,2026-06-19,50.36,40,C,32.54,108.41,58.51,233.2,65.8,LEG1,否,否,31.8,0.82,57.34
603177,周线,2026-06-19,9.89,40,C,6.06,12.94,10.04,113.5,42.2,LEG1,否,否,35.5,0.69,9.84
603176,周线,2026-06-19,4.6,40,C,3.31,5.82,4.96,75.8,34.3,LEG1,否,否,22.4,0.63,4.86
002732,周线,2026-06-19,13.28,40,C,13.01,18.16,16.77,39.6,27.0,LEG1,否,否,13.5,0.53,16.43
002731,周线,2026-05-01,4.35,40,C,7.13,16.2,12.39,127.2,42.0,LEG1,否,否,10.9,0.52,12.14
002728,周线,2026-06-19,8.12,40,C,6.79,14.47,10.83,113.1,47.4,LEG1,否,否,18.8,0.2,10.61
002727,周线,2026-06-19,10.76,40,C,10.84,13.14,12.43,21.2,30.9,LEG1,否,否,15.7,0.4,12.18
002724,周线,2026-06-19,5.14,40,C,3.95,7.32,6.5,85.3,24.3,LEG1,否,否,17.5,0.36,6.37
002723,周线,2026-06-19,8.12,40,C,4.64,11.26,8.56,142.7,40.8,LEG1,否,否,34.9,0.38,8.39
002722,周线,2026-06-19,12.59,40,C,9.05,16.06,13.34,77.5,38.8,LEG1,否,否,22.2,0.51,13.07
002760,周线,2026-06-19,17.41,40,C,10.81,25.98,19.52,140.3,42.6,READY,否,否,23.4,0.48,19.13
002759,周线,2026-06-19,27.53,40,C,5.45,41.9,30.99,668.8,29.9,LEG1,否,否,33.1,0.52,30.37
002758,周线,2026-06-19,8.04,40,C,6.81,11.14,9.41,63.6,40.0,LEG1,否,否,19.9,0.36,9.22
002755,周线,2026-06-19,12.72,40,C,6.5,18.1,13.38,178.5,40.7,LEG1,否,否,27.0,0.32,13.11
002753,周线,2026-06-19,6.2,40,C,4.53,8.32,6.93,83.7,36.7,READY,否,否,27.2,0.4,6.79
002749,周线,2026-06-19,8.25,40,C,11.05,14.55,13.11,31.7,41.1,LEG1,否,否,7.2,0.59,12.85
002748,周线,2026-06-19,10.78,40,C,4.7,13.3,10.74,183.0,29.8,LEG1,否,否,34.5,0.43,10.53
002746,周线,2026-06-19,5.3,40,C,5.1,6.52,5.66,27.8,60.6,LEG1,否,否,19.6,0.67,5.55
002743,周线,2026-06-19,4.14,40,C,3.32,6.61,5.02,99.1,48.3,READY,否,否,22.5,0.61,4.92
002739,周线,2026-06-19,8.04,40,C,8.9,10.46,10.91,17.5,-28.8,LEG1,否,否,16.6,0.44,10.69
002738,周线,2026-06-19,62.22,40,C,25.21,94.6,59.58,275.2,50.5,LEG1,否,否,35.9,0.87,58.39
002736,周线,2026-06-19,10.46,40,C,7.42,13.3,12.58,79.2,12.2,LEG1,否,否,38.5,0.75,12.33
603193,周线,2026-06-19,20.65,40,C,11.92,26.78,20.28,124.7,43.7,LEG1,否,否,28.2,0.4,19.87
603192,周线,2026-06-19,18.23,40,C,10.21,29.38,22.11,187.8,37.9,READY,否,否,18.9,0.52,21.67
603189,周线,2026-06-19,11.11,40,C,7.81,22.09,18.61,182.8,24.4,LEG1,否,否,25.6,0.31,18.24
603172,周线,2026-06-19,18.17,40,C,9.81,31.13,19.42,217.3,54.9,READY,否,否,28.8,0.35,19.03
603171,周线,2026-06-19,44.11,40,C,20.17,64.44,48.24,219.5,36.6,LEG1,否,否,28.9,0.46,47.28
603170,周线,2026-06-19,11.76,40,C,10.41,14.23,13.95,36.7,7.3,LEG1,否,否,30.3,0.55,13.67
603168,周线,2026-06-19,5.08,40,C,5.73,7.85,7.25,37.0,28.3,LEG1,否,否,11.7,0.62,7.1
603167,周线,2026-06-19,9.06,40,C,6.8,9.45,8.7,39.0,28.3,LEG1,否,否,35.2,0.37,8.53
603162,周线,2026-06-19,9.73,40,C,7.69,16.63,12.5,116.3,46.2,BREAKOUT,否,否,30.1,0.76,12.25
603160,周线,2026-06-19,59.74,40,C,46.08,86.24,63.1,87.2,57.6,READY,否,否,36.6,0.8,61.84
002773,周线,2026-06-19,19.81,40,C,13.15,30.6,29.29,132.7,7.5,LEG1,否,否,16.7,0.47,28.7
002772,周线,2026-06-19,12.69,40,C,5.47,19.73,7.8,260.7,83.7,LEG1,否,否,29.2,0.34,7.64
002769,周线,2026-06-19,7.56,40,C,3.97,15.13,9.73,281.1,48.4,READY,否,否,23.3,0.74,9.54
002767,周线,2026-06-19,17.23,40,C,8.52,25.42,17.81,198.4,45.0,LEG1,否,否,30.3,0.54,17.45
002766,周线,2026-06-19,3.9,40,C,2.83,8.06,4.78,184.8,62.7,LEG1,否,否,27.2,0.47,4.68
002765,周线,2026-06-19,8.11,40,C,3.39,13.66,11.17,302.9,24.2,LEG1,否,否,27.8,0.7,10.95
002761,周线,2026-06-19,7.18,40,C,7.1,9.28,8.26,30.7,46.8,LEG1,否,否,26.1,0.5,8.09
603138,周线,2026-06-19,15.93,40,C,9.04,22.0,13.43,143.4,66.1,LEG1,否,否,37.1,0.22,13.16
603136,周线,2026-06-19,8.64,40,C,9.11,12.65,11.05,38.9,45.2,LEG1,否,否,14.6,0.49,10.83
603131,周线,2026-06-19,18.29,40,C,9.25,25.48,19.53,175.5,36.7,LEG1,否,否,33.3,0.5,19.14
603129,周线,2026-06-19,223.97,40,C,78.47,285.0,220.01,263.2,31.5,LEG1,否,否,31.9,0.89,215.61
603128,周线,2026-06-19,5.16,40,C,4.99,6.19,5.44,24.0,62.5,READY,否,否,23.2,0.62,5.33
002793,周线,2026-06-19,3.98,40,C,3.22,5.75,4.2,78.6,61.3,LEG1,否,否,21.6,0.37,4.12
002791,周线,2026-06-19,14.1,40,C,20.0,26.84,21.26,34.2,81.6,LEG1,否,否,14.9,0.55,20.83
002790,周线,2026-06-19,5.83,40,C,6.14,13.22,6.93,115.3,88.8,LEG1,否,否,8.4,0.57,6.79
002788,周线,2026-06-19,10.95,40,C,6.1,20.29,7.9,232.6,87.3,LEG1,否,否,29.8,0.19,7.74
002783,周线,2026-06-19,7.29,40,C,6.14,11.38,8.6,85.3,53.1,READY,否,否,29.2,0.41,8.43
002780,周线,2026-06-19,13.13,40,C,8.2,17.47,13.31,113.0,44.9,LEG1,否,否,31.1,0.39,13.04
002778,周线,2026-06-19,16.36,40,C,7.36,23.45,18.08,218.6,33.4,READY,否,否,16.9,0.56,17.72
002777,周线,2026-06-19,13.12,40,C,11.84,17.6,17.1,48.6,8.7,LEG1,否,否,19.0,0.39,16.76
603173,周线,2026-06-19,33.79,40,C,14.77,52.0,36.85,252.1,40.7,LEG1,否,否,23.6,0.52,36.11
603111,周线,2026-06-19,6.16,40,C,3.83,7.3,6.19,90.6,32.0,LEG1,否,否,26.4,0.41,6.07
603109,周线,2026-06-19,17.64,40,C,10.35,26.2,20.0,153.1,39.1,LEG1,否,否,30.1,0.47,19.6
603108,周线,2026-06-19,10.16,40,C,11.77,20.77,14.6,76.5,68.6,LEG1,否,否,24.4,0.46,14.31
603107,周线,2026-06-19,12.13,40,C,13.47,15.73,14.53,16.8,53.1,LEG1,否,否,13.0,0.48,14.24
002813,周线,2026-06-19,20.42,40,C,17.39,27.96,23.1,60.8,46.0,LEG1,否,否,25.8,0.44,22.64
002811,周线,2026-06-19,11.77,40,C,4.46,14.25,12.41,219.5,18.8,LEG1,否,否,36.3,0.48,12.16
002809,周线,2026-06-19,8.2,40,C,6.16,11.99,10.01,94.6,34.0,LEG1,否,否,24.9,0.56,9.81
002807,周线,2026-06-19,3.95,40,C,3.37,4.82,4.3,43.0,35.9,LEG1,否,否,25.7,0.56,4.21
002802,周线,2026-06-19,11.79,40,C,6.26,17.02,11.44,171.9,51.9,LEG1,否,否,34.2,0.38,11.21
002800,周线,2026-06-19,14.42,40,C,7.77,25.75,16.1,231.4,53.7,READY,否,否,27.0,0.32,15.78
002799,周线,2026-06-19,6.63,40,C,5.55,9.0,7.79,62.2,35.1,LEG1,否,否,18.8,0.48,7.63
002797,周线,2026-06-19,6.51,40,C,4.75,8.68,6.92,82.7,44.8,READY,否,否,32.3,0.37,6.78
603153,周线,2026-06-19,13.55,40,C,13.95,18.03,16.67,29.2,33.3,LEG1,否,否,20.3,0.44,16.34
603151,周线,2026-06-19,11.88,40,C,8.31,20.4,17.53,145.5,23.7,LEG1,否,否,16.3,0.54,17.18
002835,周线,2026-06-19,12.4,40,C,9.8,18.29,15.41,86.6,33.9,LEG1,否,否,18.1,0.53,15.1
002829,周线,2026-06-19,19.11,40,C,11.85,35.69,20.55,201.2,63.5,READY,否,否,33.0,0.59,20.14
002828,周线,2026-06-19,9.77,40,C,6.18,17.9,10.18,189.6,65.9,LEG1,否,否,35.2,0.4,9.98
002827,周线,2026-06-19,25.31,40,C,10.05,42.18,34.34,319.7,24.4,LEG1,否,否,19.8,0.53,33.65
002826,周线,2026-06-19,16.51,40,C,5.57,23.19,17.89,316.3,30.1,READY,否,否,36.2,0.59,17.53
002825,周线,2026-06-19,9.33,40,C,4.81,12.75,9.51,165.1,40.8,READY,否,否,33.6,0.36,9.32
002822,周线,2026-06-19,2.52,40,C,0.93,3.54,2.93,280.6,23.4,LEG1,否,否,18.9,0.63,2.87
002820,周线,2026-06-19,8.93,40,C,6.69,11.88,9.67,77.6,42.6,LEG1,否,否,22.5,0.6,9.48
002819,周线,2026-06-19,21.36,40,C,18.19,29.06,23.47,59.8,51.4,LEG1,否,否,24.7,0.4,23.0
002817,周线,2026-06-19,6.2,40,C,4.94,8.45,7.06,71.1,39.6,LEG1,否,否,20.1,0.57,6.92
603123,周线,2026-06-19,9.78,40,C,5.49,14.48,10.6,163.8,43.2,READY,否,否,35.7,0.5,10.39
603122,周线,2026-06-19,11.82,40,C,4.71,22.15,14.81,370.3,42.1,LEG1,否,否,27.9,0.19,14.51
603121,周线,2026-06-19,14.85,40,C,5.26,26.45,16.26,402.9,48.1,READY,否,否,31.0,0.5,15.93
603117,周线,2026-06-19,3.69,40,C,2.36,5.27,4.34,123.3,32.0,LEG1,否,否,24.9,0.46,4.25
603113,周线,2026-06-19,4.68,40,C,4.27,8.7,5.85,103.7,64.3,LEG1,否,否,20.0,0.25,5.73
603103,周线,2026-06-19,16.0,40,C,9.62,24.99,15.3,159.8,63.0,LEG1,否,否,31.1,0.91,14.99
603102,周线,2026-06-19,33.57,40,C,28.06,47.4,37.33,68.9,52.1,READY,否,否,15.8,0.59,36.58
603101,周线,2026-06-19,6.74,40,C,4.26,11.38,9.24,167.1,30.1,LEG1,否,否,27.7,0.32,9.06
603100,周线,2026-06-19,17.4,40,C,15.61,26.9,21.72,72.3,45.9,LEG1,否,否,24.0,0.52,21.29
603098,周线,2026-06-19,11.66,40,C,6.77,18.66,12.21,175.6,54.2,LEG1,否,否,25.7,0.33,11.97
603096,周线,2026-06-19,14.42,40,C,12.14,19.17,16.3,57.9,40.8,LEG1,否,否,20.9,0.47,15.97
603091,周线,2026-06-19,67.42,40,C,35.53,88.87,69.1,150.1,37.1,LEG1,否,否,31.8,0.65,67.72
603089,周线,2026-06-19,9.28,40,C,6.22,14.85,12.19,138.7,30.8,LEG1,否,否,17.7,0.6,11.95
603088,周线,2026-06-19,10.37,40,C,5.2,14.27,9.54,174.4,52.1,LEG1,否,否,37.9,0.44,9.35
002847,周线,2026-06-19,49.27,40,C,35.53,76.38,53.63,115.0,55.7,READY,否,否,24.2,0.7,52.56
002846,周线,2026-06-19,12.58,40,C,5.25,17.8,13.26,239.0,36.2,LEG1,否,否,35.8,0.82,12.99
002839,周线,2026-06-19,4.22,40,C,3.56,4.78,4.25,34.3,43.4,LEG1,否,否,31.4,0.55,4.17
002837,周线,2026-06-19,74.62,40,C,17.11,121.74,82.5,611.5,37.5,LEG1,否,否,38.5,0.77,80.85
002836,周线,2026-06-19,10.2,40,C,4.01,18.2,8.58,353.9,67.8,LEG1,否,否,21.0,0.49,8.41
603076,周线,2026-06-19,21.7,40,C,16.33,33.47,22.66,105.0,63.1,LEG1,否,否,23.4,0.61,22.21
603073,周线,2026-06-19,16.14,40,C,12.09,21.38,17.89,76.8,37.6,LEG1,否,否,21.4,0.53,17.53
603071,周线,2026-06-19,12.07,40,C,10.35,15.46,12.89,49.4,50.3,READY,否,否,30.4,0.42,12.63
002869,周线,2026-06-19,18.69,40,C,11.01,26.79,20.6,143.3,39.2,LEG1,否,否,34.0,0.33,20.19
002868,周线,2026-06-19,25.5,40,C,11.0,44.62,32.5,305.6,36.0,LEG1,否,否,16.2,0.87,31.85
002864,周线,2026-06-19,26.81,40,C,22.0,40.11,30.47,82.3,53.2,LEG1,否,否,19.6,0.29,29.86
002863,周线,2026-06-19,4.67,40,C,3.33,5.77,4.97,73.3,32.8,LEG1,否,否,23.3,0.55,4.87
002862,周线,2026-06-19,14.12,40,C,7.7,19.67,15.15,155.5,37.8,LEG1,否,否,24.4,0.48,14.85
002858,周线,2026-06-19,12.4,40,C,8.45,17.45,13.36,106.5,45.4,LEG1,否,否,31.2,0.56,13.09
002857,周线,2026-06-19,17.27,40,C,7.33,23.48,18.7,220.3,29.6,LEG1,否,否,27.5,0.55,18.33
002852,周线,2026-06-19,7.49,40,C,6.03,12.19,10.16,102.2,33.0,LEG1,否,否,16.8,0.31,9.96
603106,周线,2026-06-19,7.21,40,C,3.45,13.88,10.15,302.3,35.8,READY,否,否,18.2,0.68,9.95
603105,周线,2026-06-19,7.61,40,C,6.82,14.42,8.86,111.4,73.2,LEG1,否,否,25.2,0.21,8.68
603055,周线,2026-06-19,7.86,40,C,7.78,11.29,8.75,45.1,72.4,LEG1,否,否,27.3,0.54,8.57
603053,周线,2026-06-19,8.82,40,C,7.9,11.33,9.55,43.4,51.9,LEG1,否,否,20.0,0.22,9.36
002884,周线,2026-06-19,15.8,40,C,14.1,19.29,16.55,36.8,52.8,LEG1,否,否,18.0,0.39,16.22
002883,周线,2026-06-19,8.6,40,C,7.81,12.37,9.83,58.4,55.7,READY,否,否,29.8,0.29,9.63
002880,周线,2026-06-19,22.14,40,C,22.05,33.79,25.03,53.2,74.6,LEG1,否,否,17.4,0.16,24.53
002879,周线,2026-06-19,14.47,40,C,9.68,24.91,15.43,157.3,62.2,LEG1,否,否,20.9,0.44,15.12
002878,周线,2026-06-19,12.8,40,C,9.12,20.5,15.61,124.8,43.0,LEG1,否,否,23.8,0.55,15.3
002877,周线,2026-06-19,7.69,40,C,5.63,11.6,8.17,106.0,57.5,READY,否,否,34.1,0.39,8.01
002873,周线,2026-06-19,7.77,40,C,7.41,13.09,8.84,76.7,74.8,LEG1,否,否,20.2,0.41,8.66
603087,周线,2026-06-19,54.08,40,C,32.1,66.57,55.8,107.4,31.2,LEG1,否,否,34.2,0.58,54.68
603086,周线,2026-06-19,5.59,40,C,3.18,9.1,6.9,186.2,37.2,READY,否,否,12.6,0.42,6.76
603081,周线,2026-06-19,9.39,40,C,7.62,13.33,11.11,74.9,38.9,LEG1,否,否,22.7,0.39,10.89
603080,周线,2026-06-19,19.55,40,C,10.39,27.57,20.41,165.4,41.7,READY,否,否,30.5,0.39,20.0
603079,周线,2026-06-19,12.6,40,C,7.01,22.0,15.17,213.8,45.6,READY,否,否,13.7,0.38,14.87
002905,周线,2026-06-19,7.22,40,C,5.39,15.04,9.76,179.0,54.7,LEG1,否,否,19.4,0.23,9.56
002900,周线,2026-06-19,10.05,40,C,6.74,12.93,12.43,91.8,8.1,LEG1,否,否,29.6,0.58,12.18
002899,周线,2026-06-19,23.33,40,C,8.85,36.3,25.52,310.2,39.3,LEG1,否,否,23.9,0.69,25.01
002898,周线,2026-05-01,8.3,40,C,5.77,14.82,10.5,156.8,47.7,READY,否,否,25.6,0.15,10.29
002895,周线,2026-06-19,30.22,40,C,13.14,46.02,34.5,250.2,35.0,READY,否,否,26.1,0.65,33.81
002893,周线,2026-06-19,10.05,40,C,6.9,13.37,10.2,93.8,49.0,READY,否,否,36.9,0.33,10.0
002891,周线,2026-06-19,28.2,40,C,17.92,61.1,53.01,241.0,18.7,LEG1,否,否,16.3,0.41,51.95
603069,周线,2026-06-19,13.71,40,C,12.77,31.58,21.5,147.3,53.6,LEG1,否,否,23.0,0.41,21.07
603062,周线,2026-06-19,41.4,40,C,27.28,58.5,45.57,114.4,41.4,LEG1,否,否,30.0,0.27,44.66
603059,周线,2026-06-19,25.75,40,C,16.42,35.85,30.07,118.3,29.7,LEG1,否,否,26.7,0.36,29.47
603058,周线,2026-06-19,9.76,40,C,5.45,14.27,8.61,161.8,64.2,LEG1,否,否,34.2,0.59,8.44
603043,周线,2026-06-19,13.39,40,C,12.81,18.88,15.68,47.4,52.7,LEG1,否,否,20.8,0.6,15.37
603041,周线,2026-06-19,11.38,40,C,7.56,13.99,11.35,85.1,41.1,BREAKOUT,否,否,28.6,0.54,11.12
603037,周线,2026-06-19,11.4,40,C,11.1,15.62,12.79,40.7,62.6,LEG1,否,否,28.6,0.38,12.53
603035,周线,2026-06-19,11.08,40,C,11.3,16.89,14.8,49.5,37.4,LEG1,否,否,14.2,0.75,14.5
603033,周线,2026-06-19,9.32,40,C,9.03,12.04,12.11,33.3,-2.3,LEG1,否,否,26.5,0.51,11.87
603030,周线,2026-06-19,2.27,40,C,1.33,3.15,2.2,136.8,52.2,LEG1,否,否,35.0,0.85,2.16
603029,周线,2026-06-19,14.99,40,C,12.66,20.41,16.98,61.2,44.3,LEG1,否,否,22.0,0.46,16.64
002920,周线,2026-06-19,88.2,40,C,76.44,142.79,101.03,86.8,62.9,READY,否,否,26.5,0.48,99.01
002917,周线,2026-06-19,11.36,40,C,5.75,14.55,11.87,153.0,30.5,BREAKOUT,否,否,28.3,0.79,11.63
002912,周线,2026-06-19,19.39,40,C,14.37,35.0,27.7,143.6,35.4,LEG1,否,否,21.1,0.45,27.15
002911,周线,2026-06-19,10.36,40,C,8.9,17.8,11.78,100.0,67.6,LEG1,否,否,11.7,0.29,11.54
002909,周线,2026-06-19,5.34,40,C,3.49,7.74,6.08,121.8,39.1,READY,否,否,24.9,0.61,5.96
002908,周线,2026-06-19,6.94,40,C,6.48,11.52,8.95,77.8,51.0,LEG1,否,否,16.5,0.46,8.77
603023,周线,2026-06-19,3.84,40,C,1.53,6.55,3.95,328.1,51.8,LEG1,否,否,28.2,0.28,3.87
603022,周线,2026-06-19,8.92,40,C,5.93,11.8,9.51,99.0,39.0,LEG1,否,否,25.2,0.56,9.32
603018,周线,2026-06-19,6.72,40,C,5.94,7.78,7.1,31.0,37.0,LEG1,否,否,24.9,0.26,6.96
603013,周线,2026-06-19,17.35,40,C,11.29,21.97,17.99,94.6,37.3,LEG1,否,否,29.5,0.47,17.63
002940,周线,2026-06-19,27.91,40,C,11.44,41.75,27.31,264.9,47.6,BREAKOUT,否,否,37.4,0.45,26.76
002939,周线,2026-06-19,8.41,40,C,6.34,10.09,8.66,59.1,38.1,LEG1,否,否,36.8,0.74,8.49
002936,周线,2026-06-19,1.75,40,C,1.59,1.97,1.8,23.9,44.7,READY,否,否,23.9,0.59,1.76
002933,周线,2026-06-19,28.7,40,C,19.5,38.38,31.49,96.8,36.5,LEG1,否,否,35.1,0.41,30.86
002932,周线,2026-06-19,14.87,40,C,14.81,20.72,17.31,39.9,57.7,LEG1,否,否,21.5,0.21,16.96
002930,周线,2026-06-19,9.43,40,C,9.0,16.88,10.45,87.6,81.6,LEG1,否,否,29.1,0.48,10.24
002928,周线,2026-06-19,7.4,40,C,4.58,11.96,7.5,161.1,60.4,READY,否,否,39.5,0.89,7.35
000010,周线,2026-06-19,2.0,40,C,1.38,4.94,3.37,258.0,44.1,LEG1,否,否,26.0,0.4,3.3
002923,周线,2026-06-19,9.8,40,C,6.81,18.96,11.96,178.4,57.6,LEG1,否,否,20.7,0.33,11.72
603048,周线,2026-06-19,19.65,40,C,10.42,23.98,18.41,130.1,41.1,LEG1,否,否,35.3,0.6,18.04
601999,周线,2026-06-19,5.64,40,C,4.43,8.75,6.67,97.5,48.1,LEG1,否,否,25.9,0.46,6.54
399373,周线,2026-06-19,7798.23,40,C,6624.4,8395.55,7956.75,26.7,24.8,LEG1,否,否,28.8,0.68,7797.61
601997,周线,2026-06-19,5.58,40,C,4.63,6.37,5.49,37.6,50.6,LEG1,否,否,28.1,0.7,5.38
601992,周线,2026-06-19,1.5,40,C,1.24,2.38,1.61,91.9,67.5,LEG1,否,否,28.8,0.29,1.58
601990,周线,2026-06-19,6.68,40,C,6.72,8.28,7.8,23.2,30.8,LEG1,否,否,27.9,0.85,7.64
002958,周线,2026-06-19,2.86,40,C,2.32,3.24,2.9,39.7,37.0,READY,否,否,31.5,0.74,2.84
002956,周线,2026-06-19,20.96,40,C,9.12,34.93,18.62,283.0,63.2,LEG1,否,否,31.8,0.67,18.25
002953,周线,2026-06-19,9.72,40,C,6.93,13.47,10.89,94.4,39.4,READY,否,否,24.4,0.33,10.67
002950,周线,2026-06-19,8.93,40,C,6.02,14.9,10.18,147.5,53.2,LEG1,否,否,25.0,0.31,9.98
002949,周线,2026-06-19,10.67,40,C,7.68,15.2,12.75,97.9,32.6,LEG1,否,否,18.1,0.57,12.49
002946,周线,2026-06-19,15.39,40,C,7.88,20.07,16.34,154.7,30.6,LEG1,否,否,33.6,0.53,16.01
002945,周线,2026-06-19,14.19,40,C,9.0,16.39,14.01,82.1,32.2,LEG1,否,否,33.6,0.37,13.73
002942,周线,2026-06-19,15.52,40,C,9.42,20.5,17.66,117.6,25.6,LEG1,否,否,17.8,0.44,17.31
002941,周线,2026-06-19,10.85,40,C,8.34,18.35,15.74,120.0,26.1,LEG1,否,否,17.5,0.49,15.43
603028,周线,2026-06-19,7.3,40,C,4.88,10.71,7.91,119.5,48.0,READY,否,否,28.6,0.37,7.75
399371,周线,2026-06-19,6924.53,40,C,5392.39,7428.45,5919.19,37.8,74.1,LEG1,否,否,28.8,0.66,5800.81
601949,周线,2026-06-19,5.08,40,C,5.33,8.08,6.36,51.6,62.5,LEG1,否,否,19.1,0.53,6.23
601933,周线,2026-06-19,3.17,40,C,2.08,4.32,3.62,107.7,31.3,LEG1,否,否,28.6,0.52,3.55
601929,周线,2026-06-19,2.43,40,C,0.86,4.75,2.8,452.3,50.1,READY,否,否,22.2,0.46,2.74
601928,周线,2026-06-19,9.17,40,C,9.61,10.75,10.33,11.9,36.8,LEG1,否,否,37.9,0.42,10.12
601921,周线,2026-06-19,7.33,40,C,6.55,8.39,7.67,28.1,39.1,LEG1,否,否,38.0,0.72,7.52
399365,周线,2026-06-19,11490.28,40,C,9346.4,16152.71,13501.34,72.8,39.0,READY,否,否,18.0,0.51,13231.31
399361,周线,2026-06-19,3147.69,40,C,2193.17,4014.0,3545.07,83.0,25.8,LEG1,否,否,23.2,0.46,3474.17
002973,周线,2026-06-19,12.27,40,C,7.01,16.0,12.28,128.2,41.4,READY,否,否,39.7,0.37,12.03
002968,周线,2026-06-19,8.96,40,C,7.05,12.43,10.7,76.3,32.2,LEG1,否,否,20.6,0.59,10.49
002967,周线,2026-06-19,18.48,40,C,9.48,23.19,19.74,144.6,25.2,LEG1,否,否,33.8,0.57,19.35
002966,周线,2026-06-19,8.0,40,C,6.6,8.89,7.88,34.7,44.1,LEG1,否,否,35.8,0.92,7.72
002961,周线,2026-06-19,20.82,40,C,9.93,27.21,21.04,174.0,35.7,LEG1,否,否,38.6,0.7,20.62
002959,周线,2026-06-19,33.18,40,C,34.8,47.25,40.72,35.8,52.4,LEG1,否,否,14.3,0.38,39.91
603009,周线,2026-06-19,42.87,40,C,7.47,56.68,39.27,658.8,35.4,BREAKOUT,否,否,38.6,0.53,38.48
603006,周线,2026-06-19,12.45,40,C,6.6,14.72,11.68,123.0,37.4,READY,否,否,32.2,0.91,11.45
603000,周线,2026-06-19,16.17,40,C,16.73,20.55,19.11,22.8,37.7,LEG1,否,否,24.8,0.25,18.73
399359,周线,2026-06-19,2539.67,40,C,2492.06,2797.75,2630.12,12.3,54.8,LEG1,否,否,37.2,0.59,2577.52
002999,周线,2026-06-19,5.69,40,C,4.76,8.23,6.43,72.9,51.9,READY,否,否,23.6,0.4,6.3
002998,周线,2026-06-19,7.2,40,C,4.56,10.45,7.32,129.2,53.1,LEG1,否,否,28.9,0.51,7.17
002996,周线,2026-06-19,6.35,40,C,4.75,7.67,6.5,61.5,40.1,LEG1,否,否,27.5,0.38,6.37
002991,周线,2026-06-19,40.99,40,C,47.54,54.6,55.04,14.9,-6.2,LEG1,否,否,15.7,0.71,53.94
002988,周线,2026-06-19,24.7,40,C,12.74,38.65,27.8,203.4,41.9,LEG1,否,否,24.9,0.58,27.24
002987,周线,2026-06-19,11.48,40,C,9.08,22.61,18.37,149.0,31.3,LEG1,否,否,22.5,0.87,18.0
002986,周线,2026-06-19,11.54,40,C,9.51,18.22,10.21,91.6,92.0,LEG1,否,否,25.9,0.4,10.01
002985,周线,2026-06-19,30.38,40,C,16.89,40.22,33.55,138.1,28.6,LEG1,否,否,34.7,0.6,32.88
002982,周线,2026-06-19,12.36,40,C,12.41,16.09,14.3,29.7,48.6,LEG1,否,否,35.1,0.98,14.01
002978,周线,2026-06-19,26.89,40,C,23.0,43.4,30.12,88.7,65.1,LEG1,否,否,25.3,0.49,29.52
601969,周线,2026-06-19,9.0,40,C,4.81,12.75,10.55,165.1,27.7,LEG1,否,否,28.3,0.26,10.34
600016,周线,2026-06-19,3.56,40,C,3.25,4.02,3.7,23.7,41.6,LEG1,否,否,34.0,0.63,3.63
601965,周线,2026-06-19,13.39,40,C,14.95,18.32,17.33,22.5,29.4,LEG1,否,否,20.9,0.54,16.98
601956,周线,2026-06-19,4.81,40,C,3.59,7.68,6.64,113.9,25.4,LEG1,否,否,14.6,0.56,6.51
601952,周线,2026-06-19,8.24,40,C,8.21,11.21,8.99,36.5,74.0,LEG1,否,否,24.7,0.28,8.81
601900,周线,2026-06-19,11.61,40,C,9.3,16.84,13.09,81.1,49.7,LEG1,否,否,22.0,0.33,12.83
601899,周线,2026-06-19,30.43,40,C,13.94,44.94,29.8,222.4,48.8,READY,否,否,39.8,0.72,29.2
601890,周线,2026-06-19,8.97,40,C,6.35,11.35,9.76,78.7,31.8,LEG1,否,否,32.8,0.27,9.56
601888,周线,2026-06-19,56.83,40,C,53.52,99.81,76.5,86.5,50.4,LEG1,否,否,26.7,0.79,74.97
601880,周线,2026-06-19,1.52,40,C,1.2,1.83,1.59,52.5,38.1,READY,否,否,28.8,0.46,1.56
600010,周线,2026-06-19,2.4,40,C,1.36,3.41,2.25,150.7,56.6,LEG1,否,否,37.3,0.45,2.21
601877,周线,2026-06-19,27.05,40,C,16.93,35.15,30.91,107.6,23.3,LEG1,否,否,27.5,0.36,30.29
601866,周线,2026-06-19,2.41,40,C,2.04,3.25,2.56,59.3,57.0,READY,否,否,29.1,0.36,2.51
003012,周线,2026-06-19,4.73,40,C,5.05,7.63,6.53,51.1,42.6,LEG1,否,否,12.8,0.68,6.4
003011,周线,2026-06-19,19.01,40,C,10.96,29.07,21.71,165.2,40.6,READY,否,否,29.0,0.5,21.28
003010,周线,2026-06-19,23.86,40,C,10.03,33.89,28.05,237.9,24.5,LEG1,否,否,21.0,0.55,27.49
003008,周线,2026-06-19,18.25,40,C,15.03,24.99,20.71,66.3,43.0,READY,否,否,21.9,0.63,20.3
003006,周线,2026-06-19,15.09,40,C,11.8,19.61,19.66,66.2,-0.6,LEG1,否,否,31.7,0.56,19.27
003005,周线,2026-06-19,14.22,40,C,17.14,23.3,20.37,35.9,47.6,LEG1,否,否,14.3,0.55,19.96
003003,周线,2026-06-19,10.82,40,C,6.05,14.2,11.7,134.7,30.7,LEG1,否,否,24.7,0.49,11.47
003002,周线,2026-06-19,20.93,40,C,9.13,29.88,23.8,227.3,29.3,LEG1,否,否,19.6,0.72,23.32
601811,周线,2026-06-19,11.72,40,C,10.75,16.16,13.22,50.3,54.3,LEG1,否,否,23.8,0.33,12.96
601808,周线,2026-06-19,12.0,40,C,12.41,21.85,13.44,76.1,89.1,LEG1,否,否,16.4,0.33,13.17
601801,周线,2026-06-19,5.2,40,C,5.17,7.29,6.39,41.0,42.5,LEG1,否,否,20.4,0.72,6.26
600009,周线,2026-06-19,23.6,40,C,29.68,34.16,31.2,15.1,66.1,LEG1,否,否,16.8,0.54,30.58
601798,周线,2026-06-19,7.17,40,C,4.37,10.35,8.14,136.8,37.0,READY,否,否,29.1,0.57,7.98
601789,周线,2026-06-19,4.49,40,C,3.11,6.5,4.87,109.0,48.1,LEG1,否,否,28.8,0.2,4.77
003029,周线,2026-06-19,17.4,40,C,11.76,29.56,23.52,151.4,33.9,LEG1,否,否,17.6,0.41,23.05
600006,周线,2026-06-19,5.66,40,C,4.83,7.04,6.17,45.8,39.4,LEG1,否,否,21.4,0.51,6.05
600004,周线,2026-06-19,8.16,40,C,8.34,10.41,9.33,24.8,52.2,READY,否,否,25.2,0.5,9.14
000989,周线,2026-06-19,7.86,40,C,6.1,10.1,8.3,65.6,45.0,LEG1,否,否,22.9,0.34,8.13
003020,周线,2026-06-19,15.12,40,C,15.6,29.2,21.86,87.2,54.0,READY,否,否,9.4,0.51,21.42
003017,周线,2026-06-19,26.31,40,C,11.91,34.98,28.68,193.7,27.3,LEG1,否,否,27.0,0.4,28.11
003016,周线,2026-06-19,6.65,40,C,5.25,8.64,7.38,64.6,37.2,LEG1,否,否,19.7,0.56,7.23
003015,周线,2026-06-19,12.98,40,C,6.58,17.87,13.84,171.6,35.7,READY,否,否,34.5,0.91,13.56
601908,周线,2026-06-19,3.36,40,C,2.07,5.35,3.77,158.5,48.2,LEG1,否,否,30.2,0.22,3.69
000987,周线,2026-06-19,7.71,40,C,4.74,9.31,7.96,96.4,29.5,LEG1,否,否,35.2,0.46,7.8
300007,周线,2026-06-19,39.05,40,C,11.52,67.88,45.07,489.2,40.5,LEG1,否,否,34.0,0.56,44.17
000906,周线,2026-06-19,5.43,40,C,4.25,6.95,5.31,63.5,60.7,LEG1,否,否,29.0,0.5,5.2
300003,周线,2026-06-19,11.7,40,C,9.01,18.52,15.24,105.5,34.5,LEG1,否,否,13.4,0.44,14.94
300002,周线,2026-06-19,7.33,40,C,7.73,10.23,10.89,32.3,-26.4,LEG1,否,否,19.6,0.63,10.67
003042,周线,2026-06-19,13.1,40,C,10.66,20.09,14.98,88.5,54.2,LEG1,否,否,22.7,0.32,14.68
688569,周线,2026-06-19,17.8,40,C,17.47,22.49,20.8,28.7,33.7,LEG1,否,否,20.9,0.35,20.38
003040,周线,2026-06-19,12.08,40,C,9.13,21.0,17.66,130.0,28.1,LEG1,否,否,17.2,0.73,17.31
003039,周线,2026-06-19,12.3,40,C,10.12,18.73,13.15,85.1,64.8,LEG1,否,否,22.5,0.38,12.89
003038,周线,2026-06-19,12.12,40,C,11.59,17.26,15.76,48.9,26.5,LEG1,否,否,26.0,0.33,15.44
003037,周线,2026-06-19,6.05,40,C,4.8,8.99,6.69,87.3,54.9,READY,否,否,24.8,0.47,6.56
003033,周线,2026-06-19,51.5,40,C,20.51,80.6,52.36,293.0,47.0,READY,否,否,38.3,0.62,51.31
601865,周线,2026-06-19,11.0,40,C,13.85,18.3,15.91,32.1,53.7,LEG1,否,否,23.1,0.49,15.59
688568,周线,2026-06-19,44.59,40,C,25.52,70.14,38.0,174.8,72.0,LEG1,否,否,30.8,0.57,37.24
601828,周线,2026-06-19,2.23,40,C,2.02,2.84,2.47,40.6,45.1,LEG1,否,否,28.7,0.51,2.42
601827,周线,2026-06-19,7.72,40,C,6.69,9.44,7.86,41.1,57.5,READY,否,否,39.4,0.39,7.7
601825,周线,2026-06-19,8.39,40,C,6.25,9.36,8.2,49.8,37.3,LEG1,否,否,35.0,0.77,8.04
601727,周线,2026-06-19,7.42,40,C,3.42,9.33,7.66,172.8,28.3,LEG1,否,否,34.8,0.41,7.51
601718,周线,2026-06-19,1.75,40,C,2.3,3.61,3.37,57.0,18.3,LEG1,否,否,9.6,0.47,3.3
601717,周线,2026-06-19,17.85,40,C,10.62,26.14,21.81,146.1,27.9,LEG1,否,否,24.0,0.65,21.37
601702,周线,2026-06-19,16.41,40,C,13.74,28.03,16.35,104.0,81.7,LEG1,否,否,32.6,0.74,16.02
601700,周线,2026-06-19,4.79,40,C,3.41,5.87,4.94,72.1,37.8,LEG1,否,否,30.4,0.34,4.84
688567,周线,2026-06-19,11.41,40,C,8.28,17.0,12.4,105.3,52.8,READY,否,否,33.6,0.63,12.15
601686,周线,2026-06-19,5.01,40,C,4.87,6.65,6.14,36.6,28.7,LEG1,否,否,18.7,0.4,6.02
300020,周线,2026-06-19,3.36,40,C,1.62,4.94,3.45,204.9,44.9,LEG1,否,否,38.9,0.36,3.38
688566,周线,2026-06-19,24.23,40,C,17.49,33.6,28.02,92.1,34.6,LEG1,否,否,24.3,0.24,27.46
300016,周线,2026-06-19,7.55,40,C,3.58,11.38,8.95,217.9,31.2,READY,否,否,18.8,0.24,8.77
300015,周线,2026-06-19,8.3,40,C,9.05,11.29,10.91,24.8,17.0,LEG1,否,否,22.6,0.5,10.69
688565,周线,2026-06-19,9.94,40,C,3.82,13.58,11.8,255.5,18.2,LEG1,否,否,24.4,0.78,11.56
300011,周线,2026-06-19,6.29,40,C,4.32,9.87,6.95,128.5,52.6,LEG1,否,否,28.6,0.57,6.81
300010,周线,2026-06-19,2.5,40,C,1.64,9.57,6.3,483.5,41.2,LEG1,否,否,15.9,0.55,6.17
300009,周线,2026-06-19,7.66,40,C,7.38,10.11,9.47,37.0,23.4,LEG1,否,否,17.9,0.41,9.28
300008,周线,2026-06-19,6.89,40,C,2.98,8.35,7.18,180.2,21.8,LEG1,否,否,39.1,0.35,7.04
300045,周线,2026-06-19,18.41,40,C,13.5,26.55,20.98,96.7,42.7,LEG1,否,否,29.2,0.44,20.56
688563,周线,2026-06-19,51.43,40,C,40.58,63.22,51.54,55.8,51.6,LEG1,否,否,32.4,0.42,50.51
300043,周线,2026-06-19,4.21,40,C,2.05,6.21,5.25,202.9,23.1,LEG1,否,否,18.4,0.43,5.14
300039,周线,2026-06-19,4.38,40,C,4.9,6.77,5.59,38.2,63.1,READY,否,否,9.0,0.62,5.48
300036,周线,2026-06-19,12.5,40,C,12.3,22.8,16.18,85.4,63.0,LEG1,否,否,26.4,0.89,15.86
300035,周线,2026-06-19,17.68,40,C,6.56,25.45,18.96,288.0,34.4,LEG1,否,否,38.9,0.45,18.58
688562,周线,2026-06-19,16.38,40,C,11.88,20.54,16.91,72.9,41.9,LEG1,否,否,29.7,0.46,16.57
300033,周线,2026-06-19,217.35,40,C,93.0,435.0,220.27,367.7,62.8,READY,否,否,30.4,0.96,215.86
300032,周线,2026-06-19,4.17,40,C,2.81,6.53,4.94,132.4,42.7,LEG1,否,否,31.4,0.39,4.84
300030,周线,2026-06-19,6.23,40,C,3.31,9.0,6.97,171.9,35.7,LEG1,否,否,21.1,0.48,6.83
300029,周线,2026-05-01,2.77,40,C,3.1,7.26,4.19,134.2,73.8,LEG1,否,否,15.0,0.52,4.11
300026,周线,2026-06-19,3.01,40,C,3.01,3.78,3.51,25.6,35.1,LEG1,否,否,18.3,0.34,3.44
300022,周线,2026-06-19,7.53,40,C,3.12,10.53,7.52,237.5,40.6,LEG1,否,否,22.6,0.38,7.37
300021,周线,2026-06-19,3.71,40,C,2.92,4.62,4.16,58.2,27.1,LEG1,否,否,20.2,0.29,4.08
601777,周线,2026-06-19,9.28,40,C,2.44,12.42,9.06,409.0,33.7,BREAKOUT,否,否,32.4,0.54,8.88
601766,周线,2026-06-19,5.73,40,C,6.26,8.23,7.23,31.5,50.8,LEG1,否,否,30.2,0.55,7.09
601633,周线,2026-06-19,16.82,40,C,19.11,21.55,22.15,12.8,-24.6,LEG1,否,否,24.6,0.83,21.71
601619,周线,2026-06-19,4.6,40,C,2.64,6.44,4.98,143.9,38.4,LEG1,否,否,32.7,0.21,4.88
601618,周线,2026-06-19,2.75,40,C,2.54,3.46,2.88,36.2,63.0,LEG1,否,否,36.4,0.45,2.82
601616,周线,2026-06-19,3.82,40,C,2.19,5.0,3.66,128.3,47.7,LEG1,否,否,29.1,0.27,3.59
601615,周线,2026-06-19,12.33,40,C,7.85,26.9,12.99,242.7,73.0,LEG1,否,否,28.8,0.47,12.73
601611,周线,2026-06-19,11.63,40,C,6.05,19.24,8.48,218.0,81.6,LEG1,否,否,37.6,0.57,8.31
601608,周线,2026-06-19,5.17,40,C,3.25,8.48,5.87,160.9,49.9,READY,否,否,22.1,0.47,5.75
601606,周线,2026-06-19,31.14,40,C,8.11,50.0,35.56,516.5,34.5,READY,否,否,19.8,0.43,34.85
601601,周线,2026-06-19,32.19,40,C,22.08,48.39,34.25,119.2,53.7,LEG1,否,否,31.4,0.83,33.56
300056,周线,2026-06-19,8.1,40,C,6.33,12.5,8.28,97.5,68.4,LEG1,否,否,33.4,0.7,8.11
688561,周线,2026-06-19,24.12,40,C,20.15,32.25,34.0,60.0,-14.5,LEG1,否,否,20.4,0.45,33.32
688560,周线,2026-06-19,13.63,40,C,9.42,18.48,13.18,96.2,58.5,LEG1,否,否,36.2,0.34,12.92
300049,周线,2026-06-19,41.07,40,C,26.61,61.24,64.48,130.1,-9.4,LEG1,否,否,25.6,0.49,63.19
300048,周线,2026-06-19,5.13,40,C,3.63,8.88,5.39,144.6,66.5,LEG1,否,否,19.6,0.31,5.28
300047,周线,2026-06-19,9.91,40,C,5.05,16.9,11.32,234.7,47.1,READY,否,否,24.2,0.43,11.09
688557,周线,2026-06-19,29.94,40,C,14.58,42.49,30.0,191.4,44.8,READY,否,否,34.2,0.49,29.4
300079,周线,2026-06-19,4.57,40,C,3.35,6.04,5.08,80.3,35.7,LEG1,否,否,21.8,0.42,4.98
300078,周线,2026-06-19,3.15,40,C,1.81,6.55,3.21,261.9,70.5,LEG1,否,否,22.0,0.37,3.15
688556,周线,2026-06-19,11.53,40,C,7.0,15.8,9.06,125.7,76.6,LEG1,否,否,39.9,0.49,8.88
300075,周线,2026-06-19,11.38,40,C,10.4,15.08,14.45,45.0,13.5,LEG1,否,否,27.2,0.63,14.16
300074,周线,2026-06-19,3.71,40,C,2.41,5.33,3.84,121.2,51.0,READY,否,否,27.4,0.76,3.76
688592,周线,2026-06-19,39.11,40,C,25.88,47.77,38.56,84.6,42.1,LEG1,否,否,36.9,0.45,37.79
300072,周线,2026-06-19,3.48,40,C,1.73,6.21,4.42,259.0,40.0,LEG1,否,否,23.0,0.27,4.33
300071,周线,2026-06-19,3.79,40,C,1.77,9.85,5.35,456.5,55.7,LEG1,否,否,23.0,0.31,5.24
300070,周线,2026-06-19,3.42,40,C,3.1,4.32,3.75,39.4,46.7,READY,否,否,24.7,0.65,3.67
688589,周线,2026-06-19,20.68,40,C,17.81,26.88,23.28,50.9,39.7,LEG1,否,否,39.4,0.55,22.81
300065,周线,2026-06-19,19.06,40,C,5.06,28.76,21.67,468.4,29.9,LEG1,否,否,32.7,0.24,21.24
300063,周线,2026-06-19,9.42,40,C,3.16,13.88,10.62,339.2,30.4,LEG1,否,否,33.3,0.23,10.41
300062,周线,2026-06-19,6.2,40,C,3.46,9.25,7.26,167.3,34.4,LEG1,否,否,27.6,0.32,7.11
300061,周线,2026-06-19,7.65,40,C,3.15,11.94,7.5,279.0,50.5,READY,否,否,30.4,0.79,7.35
688588,周线,2026-06-19,9.95,40,C,5.88,12.69,11.28,115.8,20.7,LEG1,否,否,20.4,0.59,11.05
601668,周线,2026-06-19,4.73,40,C,4.72,5.2,5.37,10.2,-35.4,LEG1,否,否,32.9,0.52,5.26
688613,周线,2026-06-19,15.09,40,C,11.58,26.09,18.96,125.3,49.1,LEG1,否,否,20.2,0.49,18.58
601568,周线,2026-06-19,3.7,40,C,3.51,4.89,3.92,39.3,70.3,LEG1,否,否,36.5,0.43,3.84
601566,周线,2026-06-19,9.24,40,C,6.45,18.68,8.26,189.6,85.2,LEG1,否,否,26.4,0.55,8.09
601555,周线,2026-06-19,7.83,40,C,5.57,8.73,7.61,56.7,35.4,LEG1,否,否,39.4,0.51,7.46
601528,周线,2026-06-19,4.74,40,C,4.33,5.77,5.32,33.3,31.2,LEG1,否,否,25.7,0.44,5.21
601519,周线,2026-06-19,8.89,40,C,5.17,11.54,9.7,123.2,28.9,LEG1,否,否,27.0,0.9,9.51
601515,周线,2026-06-19,3.95,40,C,2.17,5.2,3.76,139.6,47.5,LEG1,否,否,37.5,0.3,3.68
688606,周线,2026-06-19,45.2,40,C,45.17,72.88,61.38,61.3,41.5,LEG1,否,否,21.2,0.53,60.15
601500,周线,2026-06-19,3.89,40,C,3.8,4.79,4.73,26.1,6.1,LEG1,否,否,25.3,0.62,4.64
300094,周线,2026-06-19,2.73,40,C,2.38,5.8,3.43,143.7,69.3,LEG1,否,否,22.9,0.33,3.36
300092,周线,2026-06-19,12.77,40,C,7.38,17.28,14.12,134.1,31.9,LEG1,否,否,21.3,0.33,13.84
300091,周线,2026-06-19,2.65,40,C,1.08,3.53,2.77,226.9,31.0,LEG1,否,否,28.0,0.44,2.71
300087,周线,2026-06-19,6.86,40,C,5.83,8.66,8.64,48.5,0.7,LEG1,否,否,22.1,0.38,8.47
300086,周线,2026-06-19,6.08,40,C,3.35,10.09,6.39,201.2,54.9,LEG1,否,否,23.7,0.34,6.26
300085,周线,2026-06-19,27.88,40,C,7.74,49.38,33.4,538.0,38.4,READY,否,否,29.0,0.86,32.73
300080,周线,2026-06-19,3.88,40,C,2.5,5.25,4.72,110.0,19.3,LEG1,否,否,30.0,0.24,4.63
300113,周线,2026-06-19,19.9,40,C,8.78,30.66,18.46,249.2,55.8,LEG1,否,否,31.3,0.22,18.09
300112,周线,2026-06-19,6.63,40,C,6.1,8.69,7.99,42.5,27.0,LEG1,否,否,23.3,0.73,7.83
300111,周线,2026-06-19,3.08,40,C,1.83,4.16,3.99,127.3,7.3,LEG1,否,否,19.2,0.4,3.91
300110,周线,2026-06-19,2.57,40,C,2.71,3.5,3.11,29.2,49.4,LEG1,否,否,18.9,0.43,3.05
688526,周线,2026-06-19,12.28,40,C,11.0,17.81,14.17,61.9,53.5,READY,否,否,16.8,0.33,13.89
300107,周线,2026-06-19,6.16,40,C,2.99,7.83,6.69,161.9,23.6,LEG1,否,否,31.4,0.27,6.56
688522,周线,2026-06-19,20.49,40,C,29.55,48.05,48.2,62.6,-0.8,LEG1,否,否,20.6,0.64,47.24
300101,周线,2026-06-19,16.28,40,C,11.28,24.13,21.0,113.9,24.4,LEG1,否,否,25.8,0.33,20.58
688513,周线,2026-06-19,43.8,40,C,28.11,80.48,53.1,186.3,52.3,LEG1,否,否,22.9,0.37,52.04
300098,周线,2026-06-19,4.98,40,C,2.45,6.3,4.99,157.1,34.0,LEG1,否,否,32.5,0.45,4.89
300095,周线,2026-06-19,8.81,40,C,4.85,11.97,9.02,146.8,41.4,LEG1,否,否,34.7,0.43,8.84
601600,周线,2026-06-19,9.97,40,C,5.96,15.85,10.89,165.9,50.2,READY,否,否,30.8,0.67,10.67
601599,周线,2026-06-19,3.04,40,C,2.5,5.64,3.41,125.6,71.0,LEG1,否,否,18.2,0.16,3.34
601598,周线,2026-06-19,5.61,40,C,4.32,6.5,5.5,50.5,45.9,LEG1,否,否,29.3,0.46,5.39
601595,周线,2026-06-19,18.04,40,C,16.12,37.16,27.5,130.5,45.9,LEG1,否,否,13.4,0.36,26.95
601579,周线,2026-06-19,15.46,40,C,7.65,19.6,15.32,156.2,35.8,LEG1,否,否,23.1,0.31,15.01
300140,周线,2026-06-19,5.4,40,C,4.3,6.99,6.16,62.6,30.9,LEG1,否,否,19.6,0.26,6.04
688510,周线,2026-06-19,25.5,40,C,10.21,37.73,30.27,269.5,27.1,LEG1,否,否,33.2,0.59,29.66
300138,周线,2026-06-19,9.78,40,C,6.91,15.8,12.02,128.7,42.5,LEG1,否,否,16.5,0.33,11.78
300135,周线,2026-06-19,3.25,40,C,1.57,4.15,3.63,164.3,20.2,LEG1,否,否,24.4,0.41,3.56
688553,周线,2026-06-19,10.91,40,C,9.45,25.65,15.11,171.4,65.1,LEG1,否,否,15.8,0.56,14.81
688552,周线,2026-06-19,28.81,40,C,12.26,53.79,36.5,338.7,41.6,LEG1,否,否,28.4,0.36,35.77
300132,周线,2026-06-19,6.06,40,C,2.61,9.88,5.68,278.5,57.8,LEG1,否,否,19.6,0.53,5.57
688543,周线,2026-06-19,40.19,40,C,34.02,73.56,61.88,116.2,29.5,LEG1,否,否,20.7,0.55,60.64
300129,周线,2026-06-19,9.34,40,C,5.75,16.5,7.37,187.0,84.9,LEG1,否,否,32.9,0.21,7.22
688539,周线,2026-06-19,32.89,40,C,18.7,44.8,33.77,139.6,42.3,LEG1,否,否,37.9,0.63,33.09
688533,周线,2026-06-19,23.15,40,C,20.18,34.79,25.83,72.4,61.3,LEG1,否,否,24.3,0.36,25.31
300126,周线,2026-06-19,6.24,40,C,3.26,8.5,7.14,160.7,26.0,LEG1,否,否,21.2,0.75,7.0
688529,周线,2026-06-19,17.22,40,C,10.61,21.22,16.0,100.0,49.2,LEG1,否,否,34.5,0.76,15.68
300119,周线,2026-06-19,15.3,40,C,11.25,19.99,17.02,77.7,34.0,READY,否,否,18.3,0.31,16.68
300118,周线,2026-06-19,13.75,40,C,8.2,20.3,9.97,147.6,85.4,LEG1,否,否,33.6,0.46,9.77
300115,周线,2026-06-19,30.7,40,C,6.93,47.99,30.02,592.5,43.8,READY,否,否,37.4,0.41,29.42
688466,周线,2026-06-19,14.21,40,C,9.32,19.44,16.05,108.6,33.5,LEG1,否,否,21.6,0.59,15.73
688459,周线,2026-06-19,8.15,40,C,7.05,10.2,8.63,44.7,49.8,READY,否,否,26.1,0.55,8.46
601368,周线,2026-06-19,4.33,40,C,3.67,5.68,4.61,54.8,53.2,READY,否,否,22.8,0.3,4.52
601366,周线,2026-06-19,3.48,40,C,3.4,6.46,4.42,90.0,66.7,LEG1,否,否,22.7,0.34,4.33
601360,周线,2026-06-19,9.22,40,C,6.19,12.1,10.23,95.5,31.6,LEG1,否,否,26.7,0.29,10.03
688455,周线,2026-06-19,19.12,40,C,7.29,30.88,14.05,323.6,71.3,LEG1,否,否,35.9,0.33,13.77
601333,周线,2026-06-19,3.0,40,C,2.49,3.27,2.9,31.3,47.4,LEG1,否,否,38.3,0.98,2.84
688439,周线,2026-06-19,45.36,40,C,41.58,71.43,54.05,71.8,58.2,LEG1,否,否,32.5,0.6,52.97
300150,周线,2026-06-19,4.12,40,C,2.21,6.13,4.96,177.4,29.8,LEG1,否,否,19.5,0.44,4.86
300149,周线,2026-06-19,7.55,40,C,3.68,13.05,9.04,254.6,42.8,LEG1,否,否,20.0,0.27,8.86
300148,周线,2026-06-19,3.25,40,C,2.19,6.14,4.06,180.4,52.7,READY,否,否,17.4,0.32,3.98
688435,周线,2026-06-19,35.75,40,C,18.64,65.56,43.85,251.7,46.3,LEG1,否,否,28.4,0.34,42.97
300146,周线,2026-06-19,9.69,40,C,10.31,12.76,11.59,23.8,47.8,LEG1,否,否,25.5,0.55,11.36
300144,周线,2026-06-19,6.14,40,C,6.93,9.46,8.33,36.5,44.7,LEG1,否,否,8.0,0.51,8.16
300143,周线,2026-06-19,6.94,40,C,6.51,13.65,10.45,109.7,44.8,LEG1,否,否,13.9,0.3,10.24
300141,周线,2026-06-19,10.41,40,C,4.17,21.2,12.2,408.4,52.8,READY,否,否,26.1,0.37,11.96
300173,周线,2026-06-19,3.7,40,C,2.85,4.91,4.08,72.3,40.3,READY,否,否,32.8,0.55,4.0
300172,周线,2026-06-19,4.59,40,C,3.82,5.56,5.09,45.5,27.0,LEG1,否,否,23.2,0.37,4.99
300171,周线,2026-06-19,11.45,40,C,9.6,20.37,14.9,112.2,50.8,LEG1,否,否,25.2,0.69,14.6
300170,周线,2026-06-19,17.44,40,C,4.74,24.02,18.28,406.8,29.8,LEG1,否,否,34.9,0.29,17.91
300169,周线,2026-06-19,5.2,40,C,3.95,6.68,5.54,69.1,41.8,LEG1,否,否,27.4,0.78,5.43
300168,周线,2026-06-19,4.84,40,C,4.42,6.18,6.2,39.8,-1.1,LEG1,否,否,25.7,0.55,6.08
300167,周线,2026-06-19,4.67,40,C,1.15,6.73,4.6,485.2,38.2,LEG1,否,否,33.4,0.56,4.51
688636,周线,2026-06-19,37.89,40,C,16.84,48.58,38.43,188.5,32.0,LEG1,否,否,39.7,0.55,37.66
300160,周线,2026-06-19,4.68,40,C,3.69,6.17,5.28,67.2,35.9,LEG1,否,否,26.1,0.33,5.17
300158,周线,2026-06-19,4.79,40,C,3.13,6.55,5.48,109.3,31.3,LEG1,否,否,24.2,0.25,5.37
300157,周线,2026-06-19,4.06,40,C,1.46,10.07,4.3,589.7,67.0,LEG1,否,否,22.5,0.31,4.21
300155,周线,2026-06-19,4.19,40,C,2.39,5.46,4.41,128.5,34.2,LEG1,否,否,25.1,0.51,4.32
300153,周线,2026-06-19,25.29,40,C,4.1,41.4,23.69,909.8,47.5,READY,否,否,39.0,0.34,23.22
688631,周线,2026-06-19,49.35,40,C,20.88,60.29,49.61,188.7,27.1,LEG1,否,否,35.1,0.8,48.62
601399,周线,2026-06-19,3.71,40,C,2.31,6.65,3.21,187.9,79.3,LEG1,否,否,27.5,0.5,3.15
601390,周线,2026-06-19,4.68,40,C,4.95,6.47,5.43,30.7,68.4,LEG1,否,否,30.9,0.42,5.32
601318,周线,2026-06-19,52.76,40,C,37.67,61.11,55.84,62.2,22.5,LEG1,否,否,26.3,0.63,54.72
601311,周线,2026-06-19,8.25,40,C,6.06,11.28,8.89,86.1,45.8,LEG1,否,否,30.4,0.37,8.71
688626,周线,2026-06-19,48.54,40,C,21.58,76.99,53.2,256.8,42.9,READY,否,否,30.1,0.32,52.14
688621,周线,2026-06-19,51.38,40,C,28.9,69.77,55.6,141.4,34.7,LEG1,否,否,27.4,0.45,54.49
601229,周线,2026-06-19,9.01,40,C,6.75,10.45,9.11,54.8,36.2,READY,否,否,35.8,0.65,8.93
601228,周线,2026-06-19,2.99,40,C,2.95,3.78,3.2,28.1,69.9,LEG1,否,否,23.6,0.45,3.14
601226,周线,2026-06-19,6.98,40,C,4.44,12.73,8.65,186.7,49.2,READY,否,否,25.6,0.2,8.48
601218,周线,2026-06-19,4.75,40,C,2.28,8.21,4.8,260.1,57.5,LEG1,否,否,25.0,0.18,4.7
601216,周线,2026-06-19,5.07,40,C,3.26,5.75,5.09,76.4,26.5,LEG1,否,否,38.1,0.37,4.99
601212,周线,2026-06-19,5.91,40,C,2.18,15.19,4.56,596.8,81.7,LEG1,否,否,31.8,0.52,4.47
300183,周线,2026-06-19,11.08,40,C,8.43,17.12,14.16,103.1,34.1,LEG1,否,否,27.4,0.62,13.88
300181,周线,2026-06-19,13.04,40,C,8.36,18.38,14.81,119.9,35.6,READY,否,否,17.9,0.44,14.51
300180,周线,2026-06-19,4.78,40,C,2.63,7.32,6.16,178.3,24.7,LEG1,否,否,32.8,0.74,6.04
300177,周线,2026-06-19,7.04,40,C,3.4,9.35,8.88,175.0,7.9,LEG1,否,否,28.9,0.56,8.7
300176,周线,2026-06-19,5.19,40,C,3.16,8.35,6.65,164.2,32.8,READY,否,否,13.1,0.38,6.52
300175,周线,2026-06-19,5.09,40,C,3.44,6.85,5.71,99.1,33.4,READY,否,否,25.9,0.91,5.6
601177,周线,2026-06-19,13.7,40,C,6.28,18.03,13.78,187.1,36.2,READY,否,否,33.7,0.42,13.5
601169,周线,2026-06-19,5.14,40,C,4.84,5.55,5.25,14.7,42.3,READY,否,否,37.0,0.64,5.14
688616,周线,2026-06-19,10.95,40,C,6.62,14.79,12.3,123.4,30.5,LEG1,否,否,21.7,0.6,12.05
601163,周线,2026-06-19,13.19,40,C,12.24,15.12,14.08,23.5,36.1,LEG1,否,否,28.2,0.62,13.8
688506,周线,2026-06-19,230.0,40,C,96.21,330.55,241.23,243.6,38.1,LEG1,否,否,33.2,0.63,236.41
601158,周线,2026-06-19,4.08,40,C,4.18,4.7,4.61,12.4,17.3,LEG1,否,否,24.0,0.3,4.52
688505,周线,2026-06-19,6.76,40,C,6.11,8.25,7.29,35.0,44.9,LEG1,否,否,15.9,0.45,7.14
688501,周线,2026-06-19,21.95,40,C,9.9,30.5,22.92,208.1,36.8,READY,否,否,38.6,0.56,22.46
300195,周线,2026-06-19,5.42,40,C,3.6,9.7,7.3,169.4,39.3,LEG1,否,否,16.4,0.45,7.15
300194,周线,2026-06-19,3.53,40,C,2.92,4.75,3.78,62.7,53.0,READY,否,否,12.6,0.33,3.7
300192,周线,2026-06-19,17.02,40,C,5.64,20.73,16.86,267.6,25.6,LEG1,否,否,38.0,0.58,16.52
688489,周线,2026-06-19,23.5,40,C,20.55,50.84,36.15,147.4,48.5,READY,否,否,20.1,0.88,35.43
300189,周线,2026-06-19,4.76,40,C,1.68,9.93,4.21,491.1,69.3,LEG1,否,否,23.7,0.23,4.13
300188,周线,2026-06-19,10.26,40,C,9.21,13.38,13.7,45.3,-7.7,LEG1,否,否,23.6,0.28,13.43
300185,周线,2026-06-19,2.79,40,C,1.7,3.45,2.76,102.9,39.4,LEG1,否,否,36.8,0.32,2.7
601319,周线,2026-06-19,7.0,40,C,4.99,10.18,7.62,104.0,49.3,LEG1,否,否,38.5,0.88,7.47
300229,周线,2026-06-19,15.3,40,C,9.56,20.15,17.08,110.8,29.0,LEG1,否,否,28.1,0.35,16.74
300228,周线,2026-06-19,7.88,40,C,5.17,10.39,7.2,101.0,61.1,LEG1,否,否,34.4,0.35,7.06
300226,周线,2026-06-19,16.81,40,C,14.73,26.22,23.31,78.0,25.3,LEG1,否,否,17.3,0.46,22.84
688488,周线,2026-06-19,12.61,40,C,6.58,20.58,14.4,212.8,44.1,LEG1,否,否,24.4,0.37,14.11
300220,周线,2026-06-19,11.15,40,C,4.52,15.02,12.77,232.3,21.4,LEG1,否,否,18.2,0.61,12.51
300218,周线,2026-06-19,13.04,40,C,8.25,18.07,15.0,119.0,31.3,LEG1,否,否,29.0,0.45,14.7
300217,周线,2026-06-19,4.71,40,C,3.31,5.7,5.0,72.2,29.3,LEG1,否,否,36.4,0.42,4.9
688428,周线,2026-06-19,22.32,40,C,7.28,31.91,19.36,338.3,51.0,LEG1,否,否,37.9,0.43,18.97
300213,周线,2026-06-19,6.87,40,C,4.26,8.75,7.29,105.4,32.5,LEG1,否,否,26.2,0.53,7.14
300211,周线,2026-06-19,7.85,40,C,4.03,9.35,7.56,132.0,33.6,LEG1,否,否,36.7,0.66,7.41
300207,周线,2026-06-19,21.03,40,C,10.57,30.6,23.51,189.5,35.4,LEG1,否,否,31.6,0.53,23.04
300204,周线,2026-06-19,20.11,40,C,5.41,34.98,22.44,546.6,42.4,LEG1,否,否,22.5,0.39,21.99
601200,周线,2026-06-19,7.1,40,C,7.14,8.26,7.81,15.7,40.2,LEG1,否,否,19.4,0.44,7.65
688426,周线,2026-06-19,16.19,40,C,14.02,22.66,23.58,61.6,-10.6,LEG1,否,否,22.1,0.49,23.11
601188,周线,2026-06-19,2.95,40,C,2.77,3.47,3.17,25.3,42.9,LEG1,否,否,23.2,0.3,3.11
601186,周线,2026-06-19,6.48,40,C,6.72,7.59,7.72,12.9,-14.9,LEG1,否,否,31.4,0.47,7.57
601139,周线,2026-06-19,6.2,40,C,5.84,8.0,6.45,37.0,71.8,LEG1,否,否,28.2,0.28,6.32
601128,周线,2026-06-19,6.41,40,C,6.02,7.54,6.86,25.2,44.7,LEG1,否,否,17.9,0.55,6.72
601127,周线,2026-06-19,66.14,40,C,54.6,174.66,118.51,219.9,46.8,READY,否,否,10.7,0.73,116.14
601121,周线,2026-06-19,6.33,40,C,4.96,8.02,6.99,61.7,33.7,LEG1,否,否,27.4,0.34,6.85
688425,周线,2026-06-19,4.35,40,C,3.32,5.63,4.72,69.6,39.4,READY,否,否,29.7,0.45,4.63
688420,周线,2026-06-19,22.2,40,C,17.65,28.04,22.53,58.9,53.0,BREAKOUT,否,否,30.8,0.54,22.08
601116,周线,2026-06-19,11.11,40,C,7.07,14.65,13.62,107.2,13.6,LEG1,否,否,29.2,0.28,13.35
601113,周线,2026-06-19,3.75,40,C,2.72,4.88,4.11,79.4,35.6,LEG1,否,否,21.3,0.53,4.03
601111,周线,2026-06-19,6.47,40,C,6.17,7.38,7.17,19.6,17.4,LEG1,否,否,37.6,0.75,7.03
688410,周线,2026-06-19,14.74,40,C,7.71,17.83,13.44,131.3,43.4,READY,否,否,38.3,0.65,13.17
601107,周线,2026-06-19,5.42,40,C,3.97,6.65,5.46,67.5,44.4,READY,否,否,26.5,0.45,5.35
300237,周线,2026-06-19,2.05,40,C,0.85,2.53,2.35,197.6,10.7,LEG1,否,否,24.5,0.41,2.3
300233,周线,2026-06-19,12.65,40,C,10.65,16.5,13.45,54.9,52.1,LEG1,否,否,26.5,0.55,13.18
688399,周线,2026-06-19,50.46,40,C,45.66,69.4,58.52,52.0,45.8,LEG1,否,否,35.5,0.46,57.35
300231,周线,2026-06-19,8.6,40,C,5.94,12.85,10.01,116.3,41.1,READY,否,否,29.5,0.31,9.81
300230,周线,2026-06-19,4.64,40,C,2.79,5.49,4.44,96.8,38.9,READY,否,否,37.2,0.47,4.35
601069,周线,2026-06-19,27.1,40,C,8.88,50.5,28.67,468.7,52.5,READY,否,否,39.0,0.44,28.1
601068,周线,2026-06-19,4.95,40,C,3.57,7.11,5.27,99.2,52.0,READY,否,否,25.7,0.75,5.16
601065,周线,2026-06-19,7.23,40,C,7.86,9.28,8.24,18.1,73.2,LEG1,否,否,18.8,0.26,8.08
688660,周线,2026-06-19,9.52,40,C,2.77,18.18,11.66,556.3,42.3,READY,否,否,20.6,0.56,11.43
601059,周线,2026-06-19,15.56,40,C,11.91,20.84,16.15,75.0,52.5,READY,否,否,32.6,0.6,15.83
300253,周线,2026-06-19,6.99,40,C,5.11,10.13,7.88,98.2,44.8,LEG1,否,否,25.5,0.42,7.72
300251,周线,2026-06-19,11.34,40,C,6.43,17.22,15.55,167.8,15.5,LEG1,否,否,25.4,0.22,15.24
300250,周线,2026-06-19,15.46,40,C,9.79,23.1,22.43,136.0,5.0,LEG1,否,否,23.5,0.38,21.98
300248,周线,2026-06-19,8.42,40,C,5.25,15.98,11.28,204.4,43.8,LEG1,否,否,25.0,0.5,11.05
300247,周线,2026-06-19,4.04,40,C,2.24,5.15,4.22,129.9,32.0,LEG1,否,否,32.1,0.42,4.14
300245,周线,2026-06-19,5.9,40,C,4.34,14.94,11.3,244.2,34.3,LEG1,否,否,19.7,0.46,11.07
688657,周线,2026-06-19,35.76,40,C,27.65,54.88,42.51,98.5,45.4,LEG1,否,否,29.8,0.57,41.66
688656,周线,2026-06-19,104.58,40,C,17.93,147.77,116.33,724.1,24.2,LEG1,否,否,31.2,0.94,114.0
300240,周线,2026-06-19,5.39,40,C,3.88,8.45,7.16,117.8,28.2,LEG1,否,否,16.6,0.62,7.02
300238,周线,2026-06-19,10.86,40,C,7.48,16.88,14.01,125.7,30.5,READY,否,否,14.1,0.41,13.73
601155,周线,2026-06-19,11.1,40,C,7.95,16.65,13.59,109.4,35.2,LEG1,否,否,25.5,0.46,13.32
300271,周线,2026-06-19,5.26,40,C,4.16,8.96,6.93,115.4,42.3,LEG1,否,否,19.8,0.4,6.79
300269,周线,2026-06-19,5.12,40,C,2.18,9.84,4.51,351.4,69.6,LEG1,否,否,29.3,0.38,4.42
300268,周线,2026-06-19,11.2,40,C,5.76,15.27,11.9,165.1,35.4,LEG1,否,否,22.4,0.98,11.66
300267,周线,2026-06-19,3.42,40,C,2.03,5.11,3.44,151.7,54.2,LEG1,否,否,33.1,0.29,3.37
300266,周线,2026-06-19,2.0,40,C,1.03,2.95,2.42,186.4,27.6,LEG1,否,否,27.7,0.39,2.37
300261,周线,2026-06-19,4.69,40,C,4.59,7.77,6.45,69.3,41.5,LEG1,否,否,12.6,0.3,6.32
688651,周线,2026-06-19,35.38,40,C,22.14,44.5,35.59,101.0,39.8,LEG1,否,否,39.2,0.7,34.88
688648,周线,2026-06-19,36.82,40,C,17.34,68.25,48.28,293.6,39.2,LEG1,否,否,21.3,0.45,47.31
300254,周线,2026-06-19,9.0,40,C,4.98,15.2,10.41,205.2,46.9,LEG1,否,否,26.4,0.48,10.2
601106,周线,2026-06-19,3.52,40,C,2.19,4.74,2.95,116.4,70.2,LEG1,否,否,27.8,0.38,2.89
601099,周线,2026-06-19,3.34,40,C,2.89,4.66,4.02,61.2,36.2,LEG1,否,否,29.5,0.83,3.94
601096,周线,2026-06-19,4.67,40,C,3.5,6.07,4.07,73.4,77.8,LEG1,否,否,29.1,0.28,3.99
601089,周线,2026-06-19,16.73,40,C,12.13,30.8,21.09,153.9,52.0,LEG1,否,否,19.6,0.71,20.67
601086,周线,2026-06-19,7.05,40,C,3.23,9.44,9.99,192.3,-8.9,LEG1,否,否,27.6,0.52,9.79
688639,周线,2026-06-19,20.69,40,C,25.6,43.6,31.32,70.3,68.2,LEG1,否,否,16.4,0.47,30.69
688638,周线,2026-06-19,34.31,40,C,20.72,47.18,35.41,127.7,44.5,LEG1,否,否,31.9,0.54,34.7
601010,周线,2026-06-19,1.55,40,C,1.63,2.49,2.58,52.8,-10.5,LEG1,否,否,20.8,0.4,2.53
601008,周线,2026-06-19,4.4,40,C,3.19,6.24,4.62,95.6,53.1,READY,否,否,33.5,0.47,4.53
601007,周线,2026-06-19,6.47,40,C,5.33,9.08,7.18,70.4,50.7,LEG1,否,否,15.9,0.3,7.04
601005,周线,2026-06-19,1.22,40,C,1.0,1.68,1.37,68.0,45.6,READY,否,否,17.2,0.55,1.34
601003,周线,2026-06-19,3.61,40,C,2.43,4.86,4.28,100.0,23.9,LEG1,否,否,28.3,0.53,4.19
601002,周线,2026-06-19,4.74,40,C,2.72,6.81,4.81,150.4,48.9,LEG1,否,否,25.3,0.24,4.71
688475,周线,2026-06-19,27.27,40,C,24.18,32.5,32.6,34.4,-1.2,LEG1,否,否,38.7,0.61,31.95
300288,周线,2026-06-19,9.46,40,C,8.96,17.31,12.01,93.2,63.5,READY,否,否,14.1,0.46,11.77
300287,周线,2026-06-19,3.53,40,C,1.5,5.15,4.11,243.3,28.5,LEG1,否,否,21.9,0.61,4.03
300284,周线,2026-06-19,5.55,40,C,4.06,6.99,6.29,72.2,23.9,LEG1,否,否,20.4,0.86,6.16
688472,周线,2026-06-19,11.38,40,C,8.34,15.85,12.41,90.0,45.8,LEG1,否,否,29.5,0.47,12.16
688468,周线,2026-06-19,5.94,40,C,5.28,7.7,6.76,45.8,38.8,LEG1,否,否,18.4,0.54,6.62
300278,周线,2026-06-19,4.39,40,C,2.27,6.86,4.4,202.2,53.6,READY,否,否,35.3,0.69,4.31
300277,周线,2026-06-19,14.72,40,C,4.92,21.99,12.06,347.0,58.2,LEG1,否,否,37.7,0.59,11.82
300275,周线,2026-06-19,8.76,40,C,5.93,14.92,10.17,151.6,52.8,READY,否,否,14.8,0.71,9.97
300272,周线,2026-06-19,5.67,40,C,3.56,9.02,6.1,153.4,53.5,LEG1,否,否,16.5,0.24,5.98
600983,周线,2026-06-19,8.97,40,C,6.08,12.82,9.77,110.9,45.3,LEG1,否,否,37.7,0.57,9.57
600981,周线,2026-06-19,2.56,40,C,1.48,3.55,2.75,139.9,38.6,LEG1,否,否,36.1,0.93,2.69
300310,周线,2026-06-19,4.71,40,C,2.64,7.37,5.43,179.2,41.0,LEG1,否,否,27.8,0.39,5.32
300306,周线,2026-06-19,10.28,40,C,6.56,13.0,11.43,98.2,24.4,LEG1,否,否,22.4,0.48,11.2
300300,周线,2026-06-19,8.58,40,C,0.96,16.1,11.3,1577.1,31.7,READY,否,否,23.2,0.27,11.07
300299,周线,2026-06-19,5.08,40,C,3.21,6.44,5.7,100.6,22.9,LEG1,否,否,22.5,0.39,5.59
300291,周线,2026-06-19,5.09,40,C,3.56,11.36,5.32,219.1,77.4,LEG1,否,否,31.5,0.6,5.21
300290,周线,2026-06-19,9.61,40,C,3.5,17.1,21.5,388.6,-32.4,LEG1,否,否,19.3,0.64,21.07
688336,周线,2026-06-19,56.23,40,C,15.22,96.6,46.78,534.7,61.2,LEG1,否,否,35.3,0.44,45.84
601033,周线,2026-06-19,13.98,40,C,12.0,16.63,14.32,38.6,49.9,READY,否,否,33.9,0.37,14.03
601022,周线,2026-06-19,8.0,40,C,6.97,11.24,8.52,61.3,63.7,READY,否,否,33.5,0.96,8.35
688681,周线,2026-06-19,14.95,40,C,7.25,21.38,17.3,194.9,28.9,LEG1,否,否,25.0,0.51,16.95
601018,周线,2026-06-19,3.34,40,C,3.19,4.35,3.62,36.4,62.9,LEG1,否,否,17.0,0.57,3.55
601015,周线,2026-06-19,3.18,40,C,2.54,5.88,3.56,131.5,69.5,LEG1,否,否,31.8,0.27,3.49
601012,周线,2026-06-19,13.07,40,C,12.7,20.05,17.1,57.9,40.1,LEG1,否,否,19.1,0.43,16.76
688670,周线,2026-06-19,14.37,40,C,9.36,21.51,16.11,129.8,44.4,LEG1,否,否,25.1,0.41,15.79
600963,周线,2026-06-19,3.41,40,C,3.04,6.67,4.09,119.4,71.1,LEG1,否,否,17.8,0.43,4.01
600960,周线,2026-06-19,4.02,40,C,2.49,6.39,4.68,156.6,43.8,READY,否,否,20.5,0.3,4.59
600959,周线,2026-06-19,3.11,40,C,2.58,4.28,3.64,65.9,37.6,LEG1,否,否,21.5,0.32,3.57
300324,周线,2026-06-19,3.95,40,C,1.79,5.28,4.34,195.0,26.9,LEG1,否,否,28.8,0.49,4.25
688377,周线,2026-06-19,25.23,40,C,9.93,53.49,35.41,438.7,41.5,READY,否,否,28.3,0.6,34.7
300318,周线,2026-06-19,4.5,40,C,3.43,6.35,5.29,85.1,36.3,LEG1,否,否,14.4,0.36,5.18
300315,周线,2026-06-19,4.03,40,C,3.77,5.3,4.7,40.6,39.2,LEG1,否,否,25.8,0.34,4.61
300314,周线,2026-06-19,9.71,40,C,8.23,15.32,12.3,86.1,42.6,LEG1,否,否,14.1,0.63,12.05
600998,周线,2026-06-19,4.76,40,C,4.35,5.48,4.89,26.0,52.2,LEG1,否,否,34.3,0.47,4.79
600993,周线,2026-06-19,22.86,40,C,20.2,26.45,24.61,30.9,29.4,LEG1,否,否,21.6,0.7,24.12
600992,周线,2026-06-19,9.8,40,C,9.67,15.07,12.42,55.8,49.1,LEG1,否,否,29.1,0.5,12.17
600990,周线,2026-06-19,19.04,40,C,10.42,38.28,24.29,267.4,50.2,LEG1,否,否,25.1,0.51,23.8
688373,周线,2026-06-19,4.39,40,C,3.23,6.58,5.52,103.7,31.6,LEG1,否,否,12.8,0.57,5.41
600988,周线,2026-06-19,32.5,40,C,11.23,47.49,33.08,322.9,39.7,LEG1,否,否,39.0,0.54,32.42
600987,周线,2026-06-19,6.44,40,C,5.83,8.84,6.85,51.6,66.1,LEG1,否,否,22.3,0.21,6.71
600986,周线,2026-06-19,7.99,40,C,3.47,12.99,9.08,274.4,41.1,LEG1,否,否,34.9,0.18,8.9
300347,周线,2026-06-19,40.19,40,C,36.12,60.91,47.9,68.6,52.5,LEG1,否,否,23.8,0.97,46.94
688393,周线,2026-06-19,19.13,40,C,12.83,25.68,21.56,100.2,32.1,LEG1,否,否,21.6,0.51,21.13
300340,周线,2026-06-19,9.31,40,C,5.8,14.89,10.22,156.7,51.4,READY,否,否,24.4,0.65,10.02
300339,周线,2026-06-19,39.93,40,C,17.1,49.4,37.46,188.9,37.0,LEG1,否,否,37.4,0.55,36.71
688385,周线,2026-06-19,59.01,40,C,23.18,79.04,62.22,241.0,30.1,LEG1,否,否,39.1,0.66,60.98
688382,周线,2026-06-19,16.72,40,C,6.5,24.13,16.56,271.2,42.9,LEG1,否,否,27.7,0.53,16.23
300335,周线,2026-06-19,5.23,40,C,3.2,7.43,5.46,132.2,46.6,LEG1,否,否,28.0,0.24,5.35
300332,周线,2026-06-19,4.37,40,C,4.0,7.85,5.12,96.2,70.9,LEG1,否,否,18.8,0.25,5.02
300329,周线,2026-06-19,12.3,40,C,3.2,19.25,13.2,501.6,37.7,READY,否,否,32.3,0.45,12.94
600980,周线,2026-06-19,21.2,40,C,10.22,24.3,20.05,137.8,30.2,LEG1,否,否,38.0,0.66,19.65
600977,周线,2026-06-19,13.68,40,C,9.58,15.4,15.0,60.8,6.9,LEG1,否,否,39.4,0.47,14.7
600975,周线,2026-06-19,4.48,40,C,5.04,5.9,6.17,17.1,-31.4,LEG1,否,否,16.6,0.49,6.05
688429,周线,2026-06-19,10.62,40,C,11.49,19.01,14.38,65.4,61.6,LEG1,否,否,22.1,0.32,14.09
600967,周线,2026-06-19,11.89,40,C,6.33,21.4,13.62,238.1,51.6,READY,否,否,18.6,0.39,13.35
600966,周线,2026-06-19,5.18,40,C,3.61,8.98,4.72,148.8,79.3,LEG1,否,否,23.1,0.45,4.63
600965,周线,2026-06-19,2.67,40,C,3.08,6.7,5.25,117.5,40.1,LEG1,否,否,16.2,0.33,5.14
300370,周线,2026-06-19,2.17,40,C,1.52,2.69,2.41,77.0,23.9,LEG1,否,否,25.8,0.5,2.36
300369,周线,2026-06-19,5.84,40,C,4.57,11.9,7.04,160.4,66.3,LEG1,否,否,24.5,0.23,6.9
300368,周线,2026-06-19,8.92,40,C,1.97,13.1,9.9,565.0,28.8,LEG1,否,否,31.9,0.68,9.7
300365,周线,2026-06-19,4.84,40,C,3.72,7.37,6.0,98.1,37.5,LEG1,否,否,25.4,0.36,5.88
300364,周线,2026-06-19,23.4,40,C,15.45,33.36,22.85,115.9,58.7,LEG1,否,否,37.6,0.37,22.39
300363,周线,2026-06-19,14.16,40,C,10.91,23.0,18.7,110.8,35.6,LEG1,否,否,17.3,0.45,18.33
300360,周线,2026-06-19,12.31,40,C,12.27,19.37,15.13,57.9,59.7,LEG1,否,否,20.5,0.37,14.83
300359,周线,2026-06-19,3.73,40,C,3.3,6.45,4.68,95.5,56.2,READY,否,否,15.0,0.75,4.59
300358,周线,2026-06-19,8.1,40,C,5.77,11.37,8.84,97.1,45.2,LEG1,否,否,28.9,0.49,8.66
300357,周线,2026-06-19,20.93,40,C,16.32,27.95,23.28,71.3,40.2,LEG1,否,否,14.7,0.55,22.81
300355,周线,2026-06-19,2.92,40,C,2.15,4.56,3.92,112.1,26.6,LEG1,否,否,19.3,0.33,3.84
688326,周线,2026-06-19,75.77,40,C,54.73,163.68,89.0,199.1,68.5,LEG1,否,否,22.7,0.38,87.22
300352,周线,2026-06-19,2.86,40,C,3.07,8.28,5.94,169.7,44.9,READY,否,否,25.2,0.49,5.82
300350,周线,2026-06-19,4.24,40,C,3.62,5.51,5.05,52.2,24.3,LEG1,否,否,19.1,0.58,4.95
688321,周线,2026-06-19,24.91,40,C,12.47,32.63,27.83,161.7,23.8,LEG1,否,否,21.4,0.38,27.27
300348,周线,2026-06-19,9.75,40,C,5.95,14.95,13.01,151.3,21.6,LEG1,否,否,26.4,0.62,12.75
600933,周线,2026-06-19,15.44,40,C,11.59,18.25,18.2,57.5,0.8,LEG1,否,否,33.9,0.7,17.84
600929,周线,2026-06-19,5.04,40,C,4.53,7.33,5.48,61.8,66.1,LEG1,否,否,26.2,0.43,5.37
600928,周线,2026-06-19,3.51,40,C,2.89,3.9,3.43,34.9,46.5,LEG1,否,否,38.8,0.61,3.36
600927,周线,2026-06-19,12.77,40,C,10.5,16.3,13.4,55.2,50.0,LEG1,否,否,29.9,0.66,13.13
688709,周线,2026-06-19,36.08,40,C,13.36,55.8,35.73,317.7,47.3,LEG1,否,否,37.4,0.65,35.02
600917,周线,2026-06-19,4.99,40,C,5.07,6.43,5.61,26.8,60.3,LEG1,否,否,26.1,0.15,5.5
600916,周线,2026-06-19,7.69,40,C,7.55,14.85,8.07,96.7,92.9,LEG1,否,否,28.6,0.32,7.91
600908,周线,2026-06-19,5.46,40,C,4.75,6.09,5.55,28.2,40.3,READY,否,否,35.7,0.59,5.44
300384,周线,2026-06-19,12.12,40,C,9.24,19.7,15.43,113.2,40.8,LEG1,否,否,21.4,0.34,15.12
300383,周线,2026-06-19,12.55,40,C,6.74,19.16,14.25,184.3,39.5,LEG1,否,否,31.6,0.25,13.96
300381,周线,2026-06-19,5.78,40,C,3.53,7.69,5.92,117.8,42.5,LEG1,否,否,31.4,0.46,5.8
300380,周线,2026-06-19,30.88,40,C,11.1,40.95,38.21,268.9,9.2,LEG1,否,否,30.7,0.78,37.45
688701,周线,2026-06-19,8.01,40,C,3.88,12.23,8.31,215.2,46.9,LEG1,否,否,28.9,0.52,8.14
688698,周线,2026-06-19,58.3,40,C,19.74,113.58,62.62,475.4,54.3,READY,否,否,33.4,0.52,61.37
688696,周线,2026-06-19,68.95,40,C,50.71,97.17,82.34,91.6,31.9,LEG1,否,否,15.7,0.51,80.69
300371,周线,2026-06-19,10.48,40,C,6.49,13.88,11.4,113.9,33.6,LEG1,否,否,22.4,0.58,11.17
688695,周线,2026-06-19,19.88,40,C,22.88,26.2,28.01,14.5,-54.5,LEG1,否,否,20.8,0.81,27.45
600894,周线,2026-06-19,8.23,40,C,5.61,10.49,8.34,87.0,44.1,LEG1,否,否,32.3,0.37,8.17
600893,周线,2026-06-19,39.82,40,C,28.29,53.0,36.2,87.3,68.0,LEG1,否,否,33.9,0.56,35.48
600887,周线,2026-06-19,24.67,40,C,21.13,28.4,25.13,34.4,45.0,LEG1,否,否,32.0,0.76,24.63
600883,周线,2026-06-19,7.66,40,C,4.81,9.78,7.31,103.3,49.7,READY,否,否,31.6,0.53,7.16
300405,周线,2026-06-19,5.76,40,C,3.24,7.43,5.77,129.3,39.6,LEG1,否,否,32.5,0.7,5.65
300404,周线,2026-06-19,8.61,40,C,5.03,11.16,8.89,121.9,37.0,LEG1,否,否,25.9,0.51,8.71
300403,周线,2026-06-19,10.14,40,C,5.36,15.22,12.85,184.0,24.0,LEG1,否,否,33.1,0.55,12.59
300402,周线,2026-06-19,16.78,40,C,11.48,26.4,19.96,130.0,43.2,LEG1,否,否,38.7,0.57,19.56
300389,周线,2026-06-19,13.56,40,C,8.3,22.0,15.23,165.1,49.4,LEG1,否,否,29.8,0.31,14.93
300388,周线,2026-06-19,6.92,40,C,4.82,8.82,7.59,83.0,30.8,LEG1,否,否,21.8,0.48,7.44
300387,周线,2026-06-19,7.2,40,C,4.46,9.34,8.13,109.4,24.8,LEG1,否,否,24.1,0.34,7.97
600955,周线,2026-06-19,15.6,40,C,12.13,20.14,13.85,66.0,78.5,LEG1,否,否,32.9,0.32,13.57
600939,周线,2026-06-19,2.54,40,C,2.12,3.32,3.14,56.6,15.0,LEG1,否,否,28.0,0.63,3.08
688357,周线,2026-06-19,28.25,40,C,18.29,39.18,30.95,114.2,39.4,LEG1,否,否,25.8,0.4,30.33
600935,周线,2026-06-19,2.23,40,C,1.98,2.82,2.36,42.4,54.8,LEG1,否,否,25.4,0.32,2.31
600872,周线,2026-06-19,17.43,40,C,16.08,22.21,17.65,38.1,74.4,LEG1,否,否,23.9,0.5,17.3
600871,周线,2026-06-19,2.17,40,C,1.6,4.42,2.07,176.2,83.3,LEG1,否,否,25.0,0.27,2.03
600868,周线,2026-06-19,3.01,40,C,1.56,3.82,2.66,144.9,51.3,LEG1,否,否,34.3,0.29,2.61
600867,周线,2026-06-19,7.37,40,C,7.0,10.67,8.03,52.4,71.9,LEG1,否,否,19.9,0.23,7.87
600866,周线,2026-06-19,4.82,40,C,3.35,8.26,6.58,146.6,34.2,LEG1,否,否,18.2,0.43,6.45
600865,周线,2026-06-19,9.12,40,C,5.27,11.95,8.87,126.8,46.1,LEG1,否,否,27.1,0.48,8.69
300421,周线,2026-06-19,20.17,40,C,5.93,39.01,22.0,557.8,51.4,READY,否,否,31.0,0.32,21.56
300418,周线,2026-06-19,38.75,40,C,25.25,57.58,46.13,128.0,35.4,LEG1,否,否,32.0,0.41,45.21
300417,周线,2026-06-19,10.98,40,C,4.72,15.78,11.38,234.3,39.8,LEG1,否,否,28.0,0.81,11.15
300415,周线,2026-06-19,21.21,40,C,12.9,27.49,23.01,113.1,30.7,LEG1,否,否,31.6,0.39,22.55
300414,周线,2026-06-19,11.95,40,C,4.84,15.14,12.69,212.8,23.8,LEG1,否,否,33.4,0.36,12.44
300413,周线,2026-06-19,15.61,40,C,18.07,29.98,24.44,65.9,46.5,LEG1,否,否,14.7,0.52,23.95
300412,周线,2026-06-19,4.17,40,C,2.53,6.08,4.78,140.3,36.6,READY,否,否,15.5,0.55,4.68
300409,周线,2026-06-19,22.16,40,C,6.77,28.54,23.85,321.6,21.5,LEG1,否,否,37.6,0.49,23.37
300407,周线,2026-06-19,11.61,40,C,4.69,14.68,11.64,213.0,30.4,READY,否,否,32.0,0.4,11.41
688356,周线,2026-06-19,69.28,40,C,44.27,111.43,87.12,151.7,36.2,LEG1,否,否,20.1,0.44,85.38
300439,周线,2026-06-19,8.39,40,C,7.28,10.64,9.08,46.2,46.4,LEG1,否,否,20.8,0.42,8.9
300437,周线,2026-06-19,11.68,40,C,6.26,17.3,14.52,176.4,25.2,LEG1,否,否,26.3,0.47,14.23
300436,周线,2026-06-19,87.9,40,C,14.16,131.0,94.19,825.1,31.5,LEG1,否,否,32.3,0.47,92.31
300434,周线,2026-06-19,8.93,40,C,6.71,12.39,9.01,84.6,59.5,LEG1,否,否,25.0,0.42,8.83
300430,周线,2026-06-19,5.0,40,C,7.85,27.67,17.8,252.5,49.8,LEG1,否,否,13.2,0.84,17.44
688348,周线,2026-06-19,36.6,40,C,37.72,69.42,49.41,84.0,63.1,LEG1,否,否,20.8,0.36,48.42
300427,周线,2026-06-19,7.14,40,C,2.53,19.73,5.59,679.8,82.2,LEG1,否,否,22.2,0.31,5.48
300426,周线,2026-06-19,5.51,40,C,5.77,7.85,9.28,36.0,-68.7,LEG1,否,否,16.3,0.47,9.09
300425,周线,2026-06-19,4.05,40,C,3.71,5.07,4.54,36.7,39.0,LEG1,否,否,16.2,0.58,4.45
300423,周线,2026-06-19,5.87,40,C,4.14,12.04,8.01,190.8,51.0,LEG1,否,否,23.4,0.3,7.85
688339,周线,2026-06-19,20.06,40,C,18.54,28.94,26.82,56.1,20.4,LEG1,否,否,25.7,0.4,26.28
600880,周线,2026-06-19,4.01,40,C,3.3,5.52,4.81,67.3,32.0,LEG1,否,否,23.9,0.27,4.71
600877,周线,2026-06-19,14.2,40,C,8.94,18.14,15.14,102.9,32.6,LEG1,否,否,36.5,0.45,14.84
688338,周线,2026-06-19,23.93,40,C,18.49,32.99,26.9,78.4,42.0,LEG1,否,否,26.3,0.24,26.36
600874,周线,2026-06-19,5.76,40,C,4.6,6.37,5.86,38.5,28.8,LEG1,否,否,36.8,0.39,5.74
600873,周线,2026-06-19,8.53,40,C,8.72,13.24,9.9,51.8,73.9,LEG1,否,否,22.9,0.44,9.7
600858,周线,2026-06-19,4.68,40,C,3.48,8.21,5.43,135.9,58.8,READY,否,否,19.1,0.48,5.32
600855,周线,2026-06-19,14.89,40,C,6.41,22.0,15.96,243.2,38.7,LEG1,否,否,32.0,0.37,15.64
600854,周线,2026-06-19,4.3,40,C,3.18,6.5,4.61,104.4,56.9,LEG1,否,否,25.4,0.45,4.52
600853,周线,2026-06-19,3.25,40,C,2.91,4.24,3.66,45.7,43.6,LEG1,否,否,20.8,0.41,3.59
688288,周线,2026-06-19,20.08,40,C,9.7,31.58,22.36,225.6,42.1,LEG1,否,否,23.0,0.36,21.91
688287,周线,2026-05-29,0.37,40,C,3.48,7.22,4.5,107.5,72.7,LEG1,否,否,17.9,0.79,4.41
600848,周线,2026-06-19,8.01,40,C,8.17,12.6,10.98,54.2,36.6,LEG1,否,否,17.9,0.51,10.76
688285,周线,2026-06-19,7.64,40,C,5.4,9.81,7.7,81.7,47.8,LEG1,否,否,25.8,0.39,7.55
300454,周线,2026-06-19,101.31,40,C,42.7,134.8,95.43,215.7,42.7,LEG1,否,否,37.6,0.49,93.52
300452,周线,2026-06-19,11.81,40,C,9.92,17.14,13.66,72.8,48.2,READY,否,否,13.9,0.28,13.39
300451,周线,2026-06-19,3.47,40,C,3.06,6.99,4.67,128.4,59.0,LEG1,否,否,16.6,0.52,4.58
300448,周线,2026-06-19,6.91,40,C,2.69,11.46,6.48,326.0,56.8,READY,否,否,36.4,0.6,6.35
688739,周线,2026-06-19,19.75,40,C,21.95,25.11,25.72,14.4,-19.3,LEG1,否,否,12.5,0.58,25.21
300446,周线,2026-06-19,15.85,40,C,9.45,32.0,15.88,238.6,71.5,LEG1,否,否,23.2,0.47,15.56
300443,周线,2026-06-19,22.87,40,C,13.51,34.3,26.02,153.9,39.8,LEG1,否,否,30.4,0.32,25.5
300441,周线,2026-06-19,6.07,40,C,4.29,8.45,7.39,97.0,25.5,LEG1,否,否,20.1,0.66,7.24
300474,周线,2026-06-19,53.98,40,C,42.31,70.35,69.2,66.3,4.1,LEG1,否,否,33.5,0.57,67.82
300471,周线,2026-06-19,9.1,40,C,6.72,17.17,10.41,155.5,64.7,LEG1,否,否,16.9,0.2,10.2
300470,周线,2026-06-19,30.6,40,C,28.7,41.0,34.44,42.9,53.3,LEG1,否,否,22.4,0.43,33.75
688317,周线,2026-06-19,16.34,40,C,12.58,23.2,18.3,84.4,46.1,LEG1,否,否,31.8,0.4,17.93
300468,周线,2026-06-19,23.92,40,C,6.3,39.87,30.65,532.9,27.5,LEG1,否,否,30.6,0.76,30.04
300466,周线,2026-06-19,7.51,40,C,5.55,11.46,8.2,106.5,55.2,READY,否,否,24.2,0.52,8.04
300463,周线,2026-06-19,8.38,40,C,9.9,11.34,11.08,14.5,18.1,LEG1,否,否,12.4,0.43,10.86
688316,周线,2026-06-19,60.28,40,C,22.41,81.81,64.0,265.1,30.0,LEG1,否,否,38.6,0.3,62.72
300459,周线,2026-06-19,3.48,40,C,3.17,4.57,4.35,44.2,15.7,LEG1,否,否,24.7,0.5,4.26
688315,周线,2026-06-19,12.37,40,C,9.03,16.1,13.0,78.3,43.8,LEG1,否,否,24.7,0.41,12.74
688311,周线,2026-06-19,27.55,40,C,16.76,50.89,30.42,203.6,60.0,LEG1,否,否,29.9,0.52,29.81
600864,周线,2026-06-19,5.45,40,C,4.56,7.69,6.96,68.6,23.3,LEG1,否,否,33.3,0.46,6.82
600862,周线,2026-06-19,18.84,40,C,15.36,28.05,20.52,82.6,59.3,LEG1,否,否,36.8,0.84,20.11
688302,周线,2026-06-19,34.35,40,C,22.6,48.48,36.2,114.5,47.4,LEG1,否,否,22.8,0.68,35.48
600860,周线,2026-06-19,9.1,40,C,7.1,16.58,11.36,133.5,55.1,LEG1,否,否,29.5,0.27,11.13
600859,周线,2026-06-19,10.13,40,C,11.52,16.98,13.62,47.4,61.5,LEG1,否,否,18.6,0.53,13.35
600838,周线,2026-06-19,7.75,40,C,5.24,15.46,7.61,195.0,76.8,LEG1,否,否,18.6,0.34,7.46
600835,周线,2026-06-19,20.36,40,C,9.92,31.69,20.62,219.5,50.8,READY,否,否,32.7,0.31,20.21
600834,周线,2026-06-19,7.02,40,C,5.8,9.15,7.66,57.8,44.5,READY,否,否,11.0,0.36,7.51
600833,周线,2026-06-19,9.73,40,C,7.91,12.65,11.05,59.9,33.8,LEG1,否,否,17.8,0.56,10.83
600831,周线,2026-06-19,3.15,40,C,1.76,4.9,3.35,178.4,49.4,READY,否,否,27.1,0.49,3.28
688330,周线,2026-06-19,38.16,40,C,18.18,53.46,34.4,194.1,54.0,LEG1,否,否,37.9,0.3,33.71
600829,周线,2026-06-19,8.29,40,C,4.96,12.2,9.3,146.0,40.1,LEG1,否,否,25.5,0.23,9.11
600828,周线,2026-06-19,3.95,40,C,2.21,8.66,3.79,291.9,75.5,LEG1,否,否,30.7,0.86,3.71
600827,周线,2026-06-19,7.98,40,C,7.12,8.76,8.69,23.0,4.3,LEG1,否,否,36.6,0.56,8.52
600825,周线,2026-06-19,4.55,40,C,3.5,7.62,5.36,117.7,54.9,READY,否,否,13.7,0.53,5.25
600824,周线,2026-06-19,3.52,40,C,2.84,4.17,3.79,46.8,28.6,LEG1,否,否,22.0,0.35,3.71
300487,周线,2026-06-19,55.65,40,C,36.48,78.82,60.66,116.1,42.9,READY,否,否,35.0,0.81,59.45
300485,周线,2026-06-19,8.15,40,C,5.73,12.9,9.72,125.1,44.4,LEG1,否,否,16.6,0.33,9.53
300484,周线,2026-06-19,14.69,40,C,6.2,20.88,15.78,236.8,34.7,READY,否,否,32.4,0.54,15.46
300479,周线,2026-06-19,14.34,40,C,11.6,24.79,18.41,113.7,48.4,LEG1,否,否,23.7,0.37,18.04
300477,周线,2026-06-19,2.39,40,C,1.59,3.39,1.91,113.2,82.2,LEG1,否,否,39.8,0.29,1.87
300515,周线,2026-06-19,14.55,40,C,6.24,21.7,18.54,247.8,20.4,LEG1,否,否,22.6,0.53,18.17
300514,周线,2026-06-19,9.94,40,C,9.05,15.43,12.56,70.5,45.0,LEG1,否,否,18.3,0.46,12.31
300513,周线,2026-06-19,7.31,40,C,6.39,11.29,9.13,76.7,44.1,LEG1,否,否,23.9,0.5,8.95
300512,周线,2026-06-19,7.35,40,C,4.5,9.61,8.35,113.6,24.7,LEG1,否,否,20.5,0.47,8.18
300511,周线,2026-06-19,5.43,40,C,2.4,8.48,5.92,253.3,42.1,LEG1,否,否,23.8,0.45,5.8
300510,周线,2026-06-19,3.38,40,C,3.09,4.4,3.96,42.4,33.6,LEG1,否,否,22.0,0.35,3.88
300509,周线,2026-06-19,9.03,40,C,3.28,17.0,4.15,418.3,93.7,LEG1,否,否,24.0,0.38,4.07
000006,周线,2026-06-19,7.74,40,C,3.29,15.5,7.98,371.1,61.6,READY,否,否,33.3,0.49,7.82
300505,周线,2026-06-19,22.1,40,C,7.68,40.98,13.26,433.6,83.2,LEG1,否,否,39.1,0.91,12.99
300501,周线,2026-06-19,12.95,40,C,8.83,22.43,14.72,154.0,56.7,LEG1,否,否,34.5,0.41,14.43
300500,周线,2026-06-19,9.69,40,C,6.51,12.6,9.93,93.5,43.8,LEG1,否,否,25.1,0.55,9.73
300494,周线,2026-06-19,8.9,40,C,8.47,15.13,11.36,78.6,56.6,LEG1,否,否,20.9,0.39,11.13
300493,周线,2026-06-19,14.34,40,C,4.28,23.89,14.6,458.2,47.4,READY,否,否,36.7,0.52,14.31
600844,周线,2026-06-19,2.66,40,C,2.03,5.49,2.83,170.4,76.9,LEG1,否,否,30.2,0.25,2.77
600841,周线,2026-06-19,6.62,40,C,2.92,10.15,7.66,247.6,34.4,LEG1,否,否,30.0,0.27,7.51
600839,周线,2026-06-19,6.92,40,C,3.68,9.88,8.41,168.5,23.7,LEG1,否,否,23.4,0.51,8.24
600817,周线,2026-06-19,9.12,40,C,6.48,12.95,10.53,99.8,37.4,LEG1,否,否,19.8,0.41,10.32
000004,周线,2026-05-01,2.76,40,C,7.19,13.2,9.91,83.6,54.7,LEG1,否,否,21.4,0.1,9.71
600815,周线,2026-06-19,2.89,40,C,1.77,5.11,3.04,188.7,62.0,LEG1,否,否,33.6,0.43,2.98
600814,周线,2026-06-19,6.7,40,C,4.94,11.18,7.45,126.3,59.8,LEG1,否,否,25.6,0.19,7.3
600812,周线,2026-06-19,4.37,40,C,3.83,6.07,5.01,58.5,47.3,READY,否,否,16.7,0.32,4.91
689009,周线,2026-06-19,35.08,40,C,22.86,77.0,53.02,236.8,44.3,READY,否,否,11.1,0.6,51.96
600808,周线,2026-06-19,2.73,40,C,1.76,4.54,3.47,158.0,38.5,READY,否,否,16.8,0.5,3.4
600807,周线,2026-06-19,2.49,40,C,2.02,3.79,3.04,87.6,42.4,LEG1,否,否,22.1,0.48,2.98
600805,周线,2026-06-19,4.38,40,C,3.13,5.85,4.93,86.9,33.8,READY,否,否,18.3,0.27,4.83
600803,周线,2026-06-19,16.59,40,C,17.15,24.55,18.35,43.1,83.8,LEG1,否,否,19.4,0.74,17.98
600802,周线,2026-06-19,4.57,40,C,2.58,6.69,5.05,159.3,39.9,LEG1,否,否,21.2,0.46,4.95
300523,周线,2026-06-19,20.18,40,C,13.9,31.43,20.3,126.1,63.5,READY,否,否,39.6,0.42,19.89
300520,周线,2026-06-19,28.84,40,C,10.31,55.26,18.31,436.0,82.2,LEG1,否,否,27.7,0.35,17.94
300519,周线,2026-06-19,12.58,40,C,8.45,16.79,14.04,98.7,33.0,LEG1,否,否,21.4,0.45,13.76
300517,周线,2026-06-19,9.68,40,C,5.82,13.34,10.28,129.2,40.7,READY,否,否,31.1,0.75,10.07
300516,周线,2026-06-19,36.53,40,C,19.8,64.78,35.4,227.2,65.3,LEG1,否,否,33.5,0.8,34.69
300541,周线,2026-06-19,10.34,40,C,7.65,16.87,13.73,120.5,34.1,LEG1,否,否,24.7,0.29,13.46
300539,周线,2026-06-19,22.52,40,C,5.67,36.0,25.65,534.9,34.1,LEG1,否,否,27.4,0.44,25.14
300535,周线,2026-06-19,14.64,40,C,8.11,20.45,16.73,152.2,30.1,LEG1,否,否,17.1,0.5,16.4
300534,周线,2026-06-19,7.39,40,C,6.3,11.85,8.56,88.1,59.3,READY,否,否,12.3,0.35,8.39
300533,周线,2026-06-19,14.34,40,C,12.66,42.86,24.93,238.5,59.4,READY,否,否,20.8,0.52,24.43
300532,周线,2026-06-19,6.73,40,C,9.09,11.98,11.23,31.8,26.0,LEG1,否,否,16.4,0.55,11.01
300531,周线,2026-06-19,15.72,40,C,8.7,21.39,15.55,145.9,46.0,LEG1,否,否,36.4,0.34,15.24
300530,周线,2026-06-19,18.7,40,C,10.32,33.89,25.9,228.4,33.9,LEG1,否,否,19.9,0.73,25.38
300529,周线,2026-06-19,15.8,40,C,15.88,20.21,19.19,27.3,23.6,LEG1,否,否,20.8,0.87,18.81
300528,周线,2026-06-19,14.33,40,C,5.88,29.46,15.08,401.0,61.0,READY,否,否,33.4,0.32,14.78
300527,周线,2026-06-19,7.33,40,C,4.94,8.44,7.65,70.9,22.6,LEG1,否,否,26.8,0.26,7.5
300525,周线,2026-06-19,8.98,40,C,10.83,16.38,13.01,51.2,60.7,LEG1,否,否,30.1,0.81,12.75
600822,周线,2026-06-19,8.32,40,C,7.01,10.7,9.3,52.6,37.9,LEG1,否,否,15.6,0.45,9.11
600820,周线,2026-06-19,5.45,40,C,5.18,6.83,5.87,31.9,58.2,READY,否,否,25.2,0.51,5.75
688819,周线,2026-06-19,24.57,40,C,21.11,36.54,30.04,73.1,42.1,LEG1,否,否,27.6,0.44,29.44
600818,周线,2026-06-19,5.53,40,C,7.45,10.5,9.51,40.9,32.5,LEG1,否,否,13.3,0.51,9.32
600800,周线,2026-06-19,3.52,40,C,1.84,5.55,3.91,201.6,44.2,READY,否,否,29.4,0.25,3.83
600797,周线,2026-06-19,7.21,40,C,3.95,9.68,8.55,145.1,19.7,LEG1,否,否,28.9,0.28,8.38
600796,周线,2026-06-19,4.91,40,C,3.65,7.29,5.98,99.7,36.0,READY,否,否,16.7,0.27,5.86
600794,周线,2026-06-19,3.04,40,C,2.84,4.2,3.38,47.9,60.3,LEG1,否,否,18.1,0.29,3.31
600793,周线,2026-06-19,12.95,40,C,7.04,25.57,21.9,263.2,19.8,LEG1,否,否,14.0,0.66,21.46
600789,周线,2026-06-19,7.03,40,C,5.04,8.87,7.87,76.0,26.1,LEG1,否,否,13.8,0.24,7.71
600787,周线,2026-06-19,4.57,40,C,4.14,5.98,5.18,44.4,43.5,READY,否,否,13.0,0.47,5.08
600785,周线,2026-06-19,14.83,40,C,8.63,27.76,16.38,221.7,59.5,READY,否,否,30.7,0.36,16.05
688789,周线,2026-06-19,51.42,40,C,55.5,90.0,74.76,62.2,44.2,LEG1,否,否,19.9,0.59,73.26
688778,周线,2026-06-19,61.36,40,C,25.32,87.6,66.52,246.0,33.8,LEG1,否,否,33.6,0.85,65.19
300551,周线,2026-06-19,11.25,40,C,5.0,16.1,11.35,222.0,42.8,LEG1,否,否,30.0,0.47,11.12
300549,周线,2026-06-19,14.28,40,C,9.48,18.96,15.53,100.0,36.2,LEG1,否,否,22.0,0.62,15.22
688776,周线,2026-06-19,61.01,40,C,35.95,122.0,73.0,239.4,56.9,LEG1,否,否,22.4,0.44,71.54
300546,周线,2026-06-19,16.6,40,C,7.43,23.58,26.18,217.4,-16.1,LEG1,否,否,26.1,0.6,25.66
300543,周线,2026-06-19,7.95,40,C,5.0,9.97,10.03,99.4,-1.2,LEG1,否,否,26.7,0.51,9.83
300542,周线,2026-06-19,12.27,40,C,6.84,21.7,14.81,217.3,46.4,READY,否,否,20.3,0.61,14.51
600775,周线,2026-06-19,11.02,40,C,6.85,16.99,10.58,148.0,63.2,LEG1,否,否,38.8,0.39,10.37
600774,周线,2026-06-19,6.71,40,C,5.15,11.64,8.0,126.0,56.1,READY,否,否,15.2,0.4,7.84
600765,周线,2026-06-19,13.98,40,C,12.38,22.04,15.46,78.0,68.1,LEG1,否,否,28.2,0.34,15.15
600764,周线,2026-06-19,19.28,40,C,16.58,30.26,22.98,82.5,53.2,READY,否,否,18.1,0.43,22.52
600763,周线,2026-06-19,34.8,40,C,37.5,52.22,39.73,39.3,84.9,LEG1,否,否,25.3,0.38,38.94
600761,周线,2026-06-19,16.73,40,C,14.31,21.25,19.1,48.5,31.0,LEG1,否,否,32.7,0.28,18.72
600760,周线,2026-06-19,42.14,40,C,33.39,65.45,46.21,96.0,60.0,READY,否,否,35.0,0.6,45.29
300575,周线,2026-06-19,5.36,40,C,4.91,7.02,5.63,43.0,65.9,LEG1,否,否,28.6,0.43,5.52
300573,周线,2026-06-19,36.81,40,C,49.83,73.9,62.51,48.3,47.3,LEG1,否,否,13.9,0.65,61.26
688298,周线,2026-06-19,19.58,40,C,21.14,26.88,24.68,27.2,38.3,LEG1,否,否,30.3,0.32,24.19
300569,周线,2026-06-19,4.93,40,C,3.86,8.95,5.51,131.9,67.6,LEG1,否,否,26.5,0.28,5.4
300564,周线,2026-06-19,12.61,40,C,6.33,18.59,13.42,193.7,42.2,LEG1,否,否,28.7,0.95,13.15
688296,周线,2026-06-19,12.76,40,C,7.09,17.19,12.72,142.5,44.3,READY,否,否,31.5,0.66,12.47
300561,周线,2026-06-19,13.26,40,C,6.52,25.44,12.34,290.2,69.2,LEG1,否,否,38.0,0.97,12.09
300559,周线,2026-06-19,10.96,40,C,7.5,15.64,11.0,108.5,57.0,LEG1,否,否,33.4,0.28,10.78
600801,周线,2026-06-19,19.0,40,C,9.91,26.44,19.36,166.8,42.8,READY,否,否,33.4,0.7,18.97
600746,周线,2026-06-19,5.92,40,C,4.56,10.82,6.64,137.3,66.8,LEG1,否,否,22.6,0.35,6.51
600745,周线,2026-06-19,17.76,40,C,24.06,42.4,36.61,76.2,31.6,LEG1,否,否,28.2,0.91,35.88
600742,周线,2026-06-19,7.72,40,C,6.53,11.48,9.32,75.8,43.6,LEG1,否,否,21.7,0.38,9.13
600741,周线,2026-06-19,16.24,40,C,13.17,20.76,17.35,57.6,44.9,LEG1,否,否,22.7,0.73,17.0
688293,周线,2026-06-19,37.51,40,C,24.5,58.2,40.72,137.6,51.9,LEG1,否,否,31.3,0.6,39.91
300589,周线,2026-06-19,13.21,40,C,8.46,26.9,14.94,218.0,64.9,READY,否,否,28.6,0.37,14.64
300587,周线,2026-06-19,4.66,40,C,3.02,6.75,5.01,123.5,46.6,LEG1,否,否,28.8,0.64,4.91
688292,周线,2026-06-19,20.38,40,C,12.2,40.87,19.9,235.0,73.1,LEG1,否,否,36.3,0.29,19.5
300583,周线,2026-06-19,11.51,40,C,10.66,15.87,12.82,48.9,58.5,LEG1,否,否,23.0,0.67,12.56
688289,周线,2026-06-19,14.19,40,C,16.08,19.1,19.34,18.8,-7.9,LEG1,否,否,16.3,0.39,18.95
300579,周线,2026-06-19,22.01,40,C,15.87,28.44,25.8,79.2,21.0,LEG1,否,否,24.2,0.5,25.28
688280,周线,2026-06-19,6.35,40,C,3.52,11.54,7.48,227.8,50.6,LEG1,否,否,33.4,0.68,7.33
300577,周线,2026-06-19,15.45,40,C,9.18,22.36,17.4,143.6,37.6,LEG1,否,否,23.5,0.64,17.05
600782,周线,2026-06-19,2.59,40,C,2.59,4.37,3.7,68.7,37.6,LEG1,否,否,16.1,0.33,3.63
600779,周线,2026-06-19,28.81,40,C,30.31,45.85,35.75,51.3,65.0,LEG1,否,否,33.4,0.46,35.03
600778,周线,2026-06-19,5.46,40,C,3.11,7.04,5.95,126.4,27.7,LEG1,否,否,25.9,0.4,5.83
300609,周线,2026-06-19,31.64,40,C,12.1,43.99,31.86,263.6,38.0,LEG1,否,否,29.2,0.45,31.22
300605,周线,2026-06-19,10.14,40,C,6.92,20.38,15.01,194.5,39.9,READY,否,否,17.3,0.6,14.71
300603,周线,2026-06-19,8.37,40,C,6.11,12.5,9.59,104.6,45.5,LEG1,否,否,31.2,0.27,9.4
300601,周线,2026-06-19,11.54,40,C,12.93,15.89,14.7,22.9,40.2,LEG1,否,否,14.7,0.66,14.41
300600,周线,2026-06-19,10.47,40,C,4.84,15.28,11.55,215.7,35.7,LEG1,否,否,28.8,0.43,11.32
300598,周线,2026-06-19,30.81,40,C,26.3,40.7,35.54,54.8,35.8,LEG1,否,否,26.6,0.5,34.83
300597,周线,2026-06-19,7.9,40,C,5.19,12.1,8.25,133.1,55.7,READY,否,否,26.0,0.55,8.08
300595,周线,2026-06-19,11.19,40,C,13.03,15.18,14.61,16.5,26.5,LEG1,否,否,14.5,0.47,14.32
300594,周线,2026-06-19,15.64,40,C,10.39,33.7,15.8,224.4,76.8,LEG1,否,否,28.6,0.23,15.48
600759,周线,2026-06-19,2.42,40,C,1.92,9.09,2.41,373.4,93.2,LEG1,否,否,24.4,0.28,2.36
600757,周线,2026-06-19,7.55,40,C,6.03,9.32,8.38,54.6,28.6,LEG1,否,否,19.0,0.65,8.21
600756,周线,2026-06-19,13.85,40,C,8.53,19.24,15.5,125.6,34.9,LEG1,否,否,34.2,0.25,15.19
600755,周线,2026-06-19,5.64,40,C,5.46,8.72,6.2,59.7,77.3,LEG1,否,否,27.2,0.37,6.08
600751,周线,2026-06-19,3.16,40,C,1.99,4.43,3.57,122.6,35.2,READY,否,否,26.9,0.48,3.5
688270,周线,2026-06-19,81.82,40,C,19.04,182.21,55.84,857.0,77.4,LEG1,否,否,23.1,0.42,54.72
600748,周线,2026-06-19,3.97,40,C,2.34,6.27,4.54,167.9,44.0,LEG1,否,否,24.1,0.41,4.45
600737,周线,2026-06-19,13.27,40,C,7.93,16.6,13.86,109.3,31.6,LEG1,否,否,36.4,0.56,13.58
600734,周线,2026-06-19,2.01,40,C,2.21,7.25,3.35,228.1,77.4,LEG1,否,否,22.4,0.49,3.28
600733,周线,2026-06-19,5.78,40,C,3.56,7.53,7.03,111.5,12.6,LEG1,否,否,10.2,0.65,6.89
688269,周线,2026-06-19,35.33,40,C,20.86,54.43,36.71,160.9,52.8,READY,否,否,36.8,0.43,35.98
600731,周线,2026-06-19,5.41,40,C,4.17,8.06,6.54,93.3,39.1,READY,否,否,17.2,0.48,6.41
600729,周线,2026-06-19,19.97,40,C,16.91,30.1,24.8,78.0,40.2,LEG1,否,否,32.3,0.8,24.3
600728,周线,2026-06-19,4.58,40,C,3.54,7.51,6.07,112.1,36.3,LEG1,否,否,20.4,0.46,5.95
600725,周线,2026-06-19,3.51,40,C,1.89,5.55,2.62,193.7,80.1,LEG1,否,否,24.7,0.49,2.57
300622,周线,2026-06-19,15.74,40,C,11.29,38.89,22.53,244.5,59.3,READY,否,否,23.3,0.62,22.08
300621,周线,2026-06-19,6.85,40,C,5.22,9.3,7.47,78.2,44.9,LEG1,否,否,22.2,0.67,7.32
688266,周线,2026-06-19,87.0,40,C,33.2,115.6,75.1,248.2,49.2,LEG1,否,否,33.9,0.58,73.6
300618,周线,2026-06-19,38.19,40,C,17.74,50.11,39.3,182.5,33.4,LEG1,否,否,37.2,0.51,38.51
300615,周线,2026-06-19,10.79,40,C,8.06,17.44,12.42,116.4,53.5,LEG1,否,否,20.1,0.43,12.17
300614,周线,2026-06-19,11.0,40,C,7.72,14.24,12.33,84.5,29.3,LEG1,否,否,25.2,0.68,12.08
300612,周线,2026-06-19,11.85,40,C,9.62,16.16,13.0,68.0,48.3,LEG1,否,否,23.7,0.3,12.74
300610,周线,2026-06-19,10.58,40,C,6.15,12.97,10.49,110.9,36.4,LEG1,否,否,29.6,0.53,10.28
300640,周线,2026-06-19,5.79,40,C,3.18,8.3,6.45,161.0,36.1,LEG1,否,否,24.1,0.49,6.32
300639,周线,2026-06-19,5.23,40,C,4.32,7.55,5.33,74.8,68.7,LEG1,否,否,25.6,0.15,5.22
300638,周线,2026-06-19,20.08,40,C,10.03,36.37,23.26,262.6,49.8,LEG1,否,否,31.9,0.39,22.79
688265,周线,2026-06-19,31.14,40,C,19.42,58.78,37.8,202.7,53.3,READY,否,否,13.0,0.5,37.04
300636,周线,2026-06-19,6.51,40,C,5.76,8.9,7.17,54.5,55.1,READY,否,否,20.2,0.41,7.03
000020,周线,2026-06-19,11.87,40,C,9.0,25.66,13.72,185.1,71.7,LEG1,否,否,33.4,0.34,13.45
300634,周线,2026-06-19,21.7,40,C,12.7,36.5,22.54,187.4,58.7,READY,否,否,38.4,0.38,22.09
000019,周线,2026-06-19,6.22,40,C,5.51,8.58,6.84,55.7,56.7,LEG1,否,否,30.6,0.32,6.7
300629,周线,2026-06-19,21.4,40,C,12.85,28.91,21.37,125.0,46.9,READY,否,否,38.3,0.34,20.94
000017,周线,2026-06-19,5.16,40,C,4.96,8.74,6.16,76.2,68.3,LEG1,否,否,17.4,0.56,6.04
300627,周线,2026-06-19,29.7,40,C,21.45,48.0,31.08,123.8,63.7,READY,否,否,39.9,0.63,30.46
300625,周线,2026-06-19,9.71,40,C,8.88,13.24,10.91,49.1,53.4,READY,否,否,21.7,0.57,10.69
300624,周线,2026-06-19,53.29,40,C,37.92,122.8,64.06,223.8,69.2,LEG1,否,否,28.2,0.32,62.78
600740,周线,2026-06-19,3.54,40,C,3.36,5.46,3.82,62.5,78.1,LEG1,否,否,33.1,0.31,3.74
600739,周线,2026-06-19,10.24,40,C,7.13,12.2,10.76,71.1,28.4,LEG1,否,否,25.4,0.75,10.54
600738,周线,2026-06-19,3.91,40,C,3.25,5.59,4.46,72.0,48.3,READY,否,否,17.8,0.46,4.37
000011,周线,2026-06-19,7.44,40,C,7.16,8.65,8.61,20.8,2.7,LEG1,否,否,28.4,0.65,8.44
600708,周线,2026-06-19,2.94,40,C,1.7,4.16,3.11,144.7,42.7,LEG1,否,否,30.8,0.41,3.05
600706,周线,2026-06-19,7.31,40,C,7.74,13.5,10.28,74.4,55.9,READY,否,否,14.5,0.58,10.07
300660,周线,2026-06-19,30.04,40,C,18.3,59.2,40.51,223.5,45.7,READY,否,否,22.4,0.7,39.7
300659,周线,2026-06-19,10.19,40,C,11.1,13.77,13.63,24.1,5.2,LEG1,否,否,18.5,0.53,13.36
300658,周线,2026-06-19,12.58,40,C,3.6,31.0,6.36,761.1,89.9,LEG1,否,否,32.2,0.3,6.23
300654,周线,2026-06-19,9.32,40,C,6.38,12.19,9.92,91.1,39.1,LEG1,否,否,36.4,0.52,9.72
300652,周线,2026-06-19,39.4,40,C,12.79,74.21,37.49,480.2,59.8,READY,否,否,35.7,0.43,36.74
300651,周线,2026-06-19,20.39,40,C,10.1,38.2,19.88,278.2,65.2,LEG1,否,否,32.3,0.37,19.48
300650,周线,2026-06-19,13.0,40,C,6.47,17.39,13.95,168.8,31.5,LEG1,否,否,33.9,0.58,13.67
000010,周线,2026-06-19,2.0,40,C,1.38,4.94,3.37,258.0,44.1,LEG1,否,否,26.0,0.4,3.3
000009,周线,2026-06-19,6.99,40,C,7.1,9.32,8.4,31.3,41.4,LEG1,否,否,16.6,0.72,8.23
300645,周线,2026-06-19,12.86,40,C,9.06,21.68,15.76,139.3,46.9,READY,否,否,17.9,0.57,15.44
300644,周线,2026-06-19,25.71,40,C,8.98,39.48,17.18,339.6,73.1,LEG1,否,否,32.7,0.57,16.84
688228,周线,2026-06-19,86.98,40,C,26.98,279.81,142.1,937.1,54.5,LEG1,否,否,32.5,0.4,139.26
300642,周线,2026-06-19,12.52,40,C,9.94,22.87,15.26,130.1,58.9,READY,否,否,13.0,0.58,14.95
300676,周线,2026-06-19,34.18,40,C,33.0,45.86,43.83,39.0,15.8,LEG1,否,否,24.1,0.55,42.95
300675,周线,2026-06-19,12.93,40,C,7.6,16.8,13.78,121.1,32.8,LEG1,否,否,22.0,0.55,13.5
300674,周线,2026-06-19,16.15,40,C,9.68,27.38,18.77,182.9,48.6,READY,否,否,23.6,0.53,18.39
300673,周线,2026-06-19,13.32,40,C,8.82,19.79,14.17,124.4,51.2,READY,否,否,25.6,0.58,13.89
300670,周线,2026-06-19,5.98,40,C,3.17,7.57,5.85,138.8,39.1,LEG1,否,否,30.8,0.76,5.73
688225,周线,2026-06-19,13.05,40,C,10.1,23.2,17.38,129.7,44.4,LEG1,否,否,25.3,0.53,17.03
300664,周线,2026-06-19,4.68,40,C,3.88,6.52,5.22,68.0,49.2,READY,否,否,29.3,0.2,5.12
300663,周线,2026-06-19,7.24,40,C,7.8,20.71,16.75,165.5,30.7,LEG1,否,否,8.9,0.89,16.41
300662,周线,2026-06-19,18.6,40,C,12.54,25.58,22.7,104.0,22.1,LEG1,否,否,18.3,0.57,22.25
600721,周线,2026-06-19,7.15,40,C,4.31,11.23,8.66,160.6,37.1,LEG1,否,否,31.1,0.67,8.49
600718,周线,2026-06-19,7.81,40,C,6.28,9.44,8.62,50.3,25.9,LEG1,否,否,21.2,0.35,8.45
600717,周线,2026-06-12,4.31,40,C,4.08,4.83,4.41,18.4,56.0,LEG1,否,否,33.4,0.29,4.32
600716,周线,2026-06-19,3.68,40,C,2.46,4.56,3.57,85.4,47.1,LEG1,否,否,33.3,0.47,3.5
600715,周线,2026-06-19,1.65,40,C,1.04,2.22,1.9,113.5,27.1,LEG1,否,否,14.9,0.3,1.86
600713,周线,2026-06-19,4.97,40,C,3.85,6.65,4.81,72.7,65.7,LEG1,否,否,33.7,0.18,4.71
600712,周线,2026-06-19,5.05,40,C,2.87,6.61,5.64,130.3,25.9,LEG1,否,否,23.1,0.73,5.53
600694,周线,2026-06-19,14.28,40,C,13.6,18.73,16.08,37.7,51.7,LEG1,否,否,19.7,0.49,15.76
600693,周线,2026-06-19,8.57,40,C,2.71,12.64,10.39,366.4,22.7,LEG1,否,否,31.7,0.56,10.18
600692,周线,2026-06-19,6.08,40,C,4.34,8.47,7.16,95.2,31.7,LEG1,否,否,21.8,0.38,7.02
600691,周线,2026-06-19,2.47,40,C,1.39,4.87,3.03,250.4,52.9,READY,否,否,27.9,0.28,2.97
600690,周线,2026-06-19,20.49,40,C,23.1,26.49,24.81,14.7,49.6,LEG1,否,否,35.5,0.61,24.31
600689,周线,2026-06-19,10.87,40,C,6.25,14.26,11.59,128.2,33.3,LEG1,否,否,21.1,0.44,11.36
600686,周线,2026-06-19,12.67,40,C,4.9,22.2,15.31,353.1,39.8,READY,否,否,28.7,0.59,15.0
600685,周线,2026-06-19,27.15,40,C,20.59,33.53,27.2,62.8,48.9,LEG1,否,否,37.4,0.35,26.66
600684,周线,2026-06-19,3.2,40,C,2.39,5.49,4.19,129.7,41.9,LEG1,否,否,11.3,0.77,4.11
300692,周线,2026-06-19,7.53,40,C,4.12,10.01,7.43,143.0,43.8,LEG1,否,否,32.8,0.41,7.28
300690,周线,2026-06-19,24.42,40,C,9.94,42.54,28.89,328.0,41.9,LEG1,否,否,31.8,0.28,28.31
000058,周线,2026-06-19,6.77,40,C,4.99,8.58,7.69,71.9,24.8,LEG1,否,否,16.0,0.45,7.54
300682,周线,2026-06-19,11.26,40,C,7.52,19.9,14.74,164.6,41.7,LEG1,否,否,23.1,0.38,14.45
300680,周线,2026-06-19,25.91,40,C,11.24,63.49,36.28,464.9,52.1,READY,否,否,19.0,0.52,35.55
300678,周线,2026-06-19,23.54,40,C,19.8,30.19,27.46,52.5,26.3,LEG1,否,否,25.9,0.48,26.91
000049,周线,2026-06-19,24.38,40,C,17.21,31.5,24.45,83.0,49.3,LEG1,否,否,39.4,0.44,23.96
300712,周线,2026-06-19,22.57,40,C,14.75,32.88,26.3,122.9,36.3,LEG1,否,否,32.8,0.57,25.77
300711,周线,2026-06-19,17.61,40,C,7.53,35.14,19.61,366.7,56.2,LEG1,否,否,17.6,0.33,19.22
000045,周线,2026-06-19,11.2,40,C,6.82,14.91,11.44,118.6,42.9,LEG1,否,否,39.3,0.28,11.21
300707,周线,2026-06-19,12.1,40,C,9.02,23.98,13.77,165.9,68.2,LEG1,否,否,24.0,0.41,13.49
300703,周线,2026-06-19,14.35,40,C,6.18,23.32,22.4,277.3,5.4,LEG1,否,否,23.0,0.52,21.95
300702,周线,2026-06-19,19.39,40,C,13.16,27.14,20.2,106.2,49.6,READY,否,否,26.1,0.54,19.8
300701,周线,2026-06-19,10.24,40,C,5.13,14.38,10.61,180.3,40.8,READY,否,否,28.9,0.46,10.4
300699,周线,2026-06-19,29.36,40,C,24.2,47.2,27.84,95.0,84.2,LEG1,否,否,33.8,0.5,27.28
300698,周线,2026-06-19,31.9,40,C,20.13,43.58,32.68,116.5,46.5,LEG1,否,否,33.2,0.42,32.03
300695,周线,2026-06-19,54.85,40,C,31.72,106.55,58.01,235.9,64.9,READY,否,否,29.9,0.42,56.85
300694,周线,2026-06-19,10.15,40,C,6.8,13.47,10.88,98.1,38.8,LEG1,否,否,24.4,0.83,10.66
600704,周线,2026-06-19,4.75,40,C,3.97,6.03,4.86,51.9,56.8,READY,否,否,23.9,0.51,4.76
600702,周线,2026-06-19,38.08,40,C,39.56,61.07,57.5,54.4,16.6,LEG1,否,否,25.4,0.43,56.35
600699,周线,2026-06-19,24.84,40,C,12.64,33.59,22.68,165.7,52.1,READY,否,否,37.9,0.47,22.23
600698,周线,2026-06-19,6.44,40,C,3.01,8.25,6.73,174.1,29.0,LEG1,否,否,36.4,0.6,6.6
600697,周线,2026-06-19,10.4,40,C,8.9,12.86,11.18,44.5,42.4,LEG1,否,否,23.2,0.53,10.96
600678,周线,2026-06-19,6.39,40,C,3.51,12.59,9.92,258.7,29.4,LEG1,否,否,28.7,0.4,9.72
600675,周线,2026-06-19,2.26,40,C,2.38,3.04,2.78,27.7,39.4,LEG1,否,否,17.2,0.45,2.72
600671,周线,2026-06-19,16.33,40,C,5.85,23.44,12.14,300.7,64.2,LEG1,否,否,23.0,0.42,11.9
600668,周线,2026-06-19,7.29,40,C,7.47,12.01,9.75,60.8,49.8,LEG1,否,否,16.2,0.33,9.55
000035,周线,2026-06-19,5.1,40,C,3.06,8.6,5.45,181.0,56.9,LEG1,否,否,27.7,0.32,5.34
600662,周线,2026-06-19,4.24,40,C,3.63,6.88,4.86,89.5,62.2,READY,否,否,12.8,0.41,4.76
600661,周线,2026-06-19,7.55,40,C,5.99,10.37,8.96,73.1,32.2,LEG1,否,否,15.0,0.65,8.78
300730,周线,2026-06-19,12.65,40,C,6.21,15.4,12.21,148.0,34.7,BREAKOUT,否,否,38.5,0.52,11.97
300729,周线,2026-06-19,10.37,40,C,11.0,14.76,13.35,34.2,37.5,LEG1,否,否,17.8,0.38,13.08
300725,周线,2026-06-19,32.1,40,C,23.25,40.99,36.6,76.3,24.7,LEG1,否,否,21.0,0.37,35.87
300724,周线,2026-06-19,74.04,40,C,42.44,152.24,80.73,258.7,65.1,LEG1,否,否,28.8,0.38,79.12
300722,周线,2026-06-19,23.6,40,C,16.53,31.92,27.0,93.1,32.0,LEG1,否,否,29.7,0.84,26.46
300719,周线,2026-06-19,13.04,40,C,7.37,20.89,15.91,183.4,36.8,LEG1,否,否,35.7,0.6,15.59
000031,周线,2026-06-19,2.37,40,C,2.21,3.17,2.8,43.4,38.5,LEG1,否,否,23.8,0.66,2.74
300717,周线,2026-06-19,17.03,40,C,8.12,22.39,18.57,175.7,26.8,LEG1,否,否,21.9,0.66,18.2
300713,周线,2026-06-19,13.95,40,C,8.17,18.98,15.05,132.3,36.4,LEG1,否,否,28.0,0.59,14.75
600648,周线,2026-06-19,8.56,40,C,8.1,10.78,9.87,33.1,34.0,LEG1,否,否,13.1,0.58,9.67
600645,周线,2026-06-19,18.2,40,C,12.88,32.99,23.15,156.1,48.9,LEG1,否,否,16.9,0.39,22.69
600644,周线,2026-06-19,9.77,40,C,4.37,13.99,10.58,220.1,35.4,READY,否,否,30.2,0.19,10.37
600643,周线,2026-06-19,4.15,40,C,3.64,5.7,4.5,56.6,58.3,LEG1,否,否,26.9,0.32,4.41
600640,周线,2026-06-19,10.5,40,C,7.66,16.5,11.31,115.4,58.7,READY,否,否,24.8,0.32,11.08
600639,周线,2026-06-19,9.62,40,C,9.08,11.54,10.12,27.1,57.7,LEG1,否,否,28.9,0.24,9.92
000030,周线,2026-06-19,4.29,40,C,3.8,5.78,4.64,52.1,57.6,LEG1,否,否,22.3,0.47,4.55
300746,周线,2026-06-19,11.23,40,C,4.8,14.6,11.22,204.2,34.5,LEG1,否,否,37.2,0.55,11.0
300743,周线,2026-06-19,16.08,40,C,7.08,20.43,16.31,188.6,30.9,LEG1,否,否,28.5,0.56,15.98
300741,周线,2026-06-19,14.02,40,C,14.04,19.11,17.09,36.1,39.8,LEG1,否,否,24.5,0.33,16.75
688251,周线,2026-06-19,25.05,40,C,10.53,38.78,22.52,268.3,57.6,LEG1,否,否,30.6,0.6,22.07
300733,周线,2026-06-19,14.92,40,C,5.78,21.67,11.92,274.9,61.4,LEG1,否,否,38.5,0.93,11.68
300732,周线,2026-06-19,6.11,40,C,5.24,7.95,6.52,51.7,52.8,LEG1,否,否,24.9,0.53,6.39
600682,周线,2026-06-19,5.87,40,C,4.54,7.65,7.12,68.5,17.0,LEG1,否,否,28.4,0.56,6.98
600681,周线,2026-06-19,3.41,40,C,3.11,5.34,4.03,71.7,58.7,LEG1,否,否,23.0,0.18,3.95
600679,周线,2026-06-19,9.21,40,C,7.6,15.24,12.03,100.5,42.0,LEG1,否,否,23.9,0.51,11.79
300770,周线,2026-06-19,34.12,40,C,28.95,51.45,41.93,77.7,42.3,LEG1,否,否,23.6,0.36,41.09
300768,周线,2026-06-19,14.45,40,C,8.74,18.31,14.93,109.5,35.3,LEG1,否,否,29.5,0.51,14.63
300766,周线,2026-06-19,24.34,40,C,7.75,42.54,29.7,448.9,36.9,LEG1,否,否,29.7,0.38,29.11
300761,周线,2026-06-19,17.3,40,C,15.8,23.55,19.14,49.1,56.9,LEG1,否,否,24.1,0.48,18.76
300759,周线,2026-06-19,22.17,40,C,17.7,32.11,24.88,81.4,50.2,LEG1,否,否,19.5,0.7,24.38
688247,周线,2026-06-19,7.53,40,C,6.3,10.89,8.85,72.9,44.4,READY,否,否,13.3,0.88,8.67
300753,周线,2026-06-19,20.83,40,C,7.98,29.36,25.0,267.9,20.4,LEG1,否,否,24.6,0.34,24.5
688238,周线,2026-06-19,5.34,40,C,3.86,8.02,6.08,107.8,46.6,READY,否,否,16.9,0.4,5.96
600660,周线,2026-06-19,50.69,40,C,42.22,61.1,54.75,44.7,33.6,LEG1,否,否,21.9,0.54,53.66
600658,周线,2026-06-19,4.21,40,C,2.79,5.79,4.42,107.5,45.7,LEG1,否,否,24.5,0.53,4.33
600657,周线,2026-06-19,2.61,40,C,2.69,3.31,3.73,23.0,-67.7,LEG1,否,否,25.0,0.55,3.66
600654,周线,2026-06-19,2.9,40,C,1.93,4.84,3.13,150.8,58.8,LEG1,否,否,30.5,0.27,3.07
600653,周线,2026-06-19,1.62,40,C,1.09,1.88,1.67,72.5,26.6,LEG1,否,否,26.9,0.37,1.64
600651,周线,2026-06-19,6.08,40,C,2.32,7.58,7.12,226.7,8.7,LEG1,否,否,24.8,0.47,6.98
600650,周线,2026-06-19,10.09,40,C,6.41,18.05,13.88,181.6,35.8,LEG1,否,否,18.7,0.35,13.6
600649,周线,2026-06-19,3.58,40,C,3.03,4.49,4.24,48.2,17.1,LEG1,否,否,24.5,0.22,4.16
300792,周线,2026-06-19,29.33,40,C,14.1,51.6,32.06,266.0,52.1,READY,否,否,33.3,0.31,31.42
300789,周线,2026-06-19,19.01,40,C,11.1,24.3,19.42,118.9,37.0,LEG1,否,否,29.7,0.56,19.03
300788,周线,2026-06-19,24.7,40,C,21.48,40.7,27.05,89.5,71.0,LEG1,否,否,30.1,0.21,26.51
300787,周线,2026-06-19,9.67,40,C,8.58,13.44,10.9,56.6,52.3,LEG1,否,否,35.7,0.67,10.68
300785,周线,2026-06-19,39.94,40,C,12.6,57.05,45.01,352.8,27.1,LEG1,否,否,31.1,0.29,44.11
688281,周线,2026-06-19,51.85,40,C,53.66,97.0,63.03,80.8,78.4,LEG1,否,否,28.8,0.77,61.77
300783,周线,2026-06-19,16.59,40,C,14.68,25.88,22.11,76.3,33.7,LEG1,否,否,20.9,0.43,21.67
300781,周线,2026-06-19,28.33,40,C,21.12,38.35,31.34,81.6,40.7,LEG1,否,否,27.3,0.24,30.71
688215,周线,2026-06-19,42.71,40,C,14.67,80.88,60.3,451.3,31.1,LEG1,否,否,15.6,0.92,59.09
300778,周线,2026-06-19,10.05,40,C,7.01,16.66,11.37,137.7,54.8,READY,否,否,26.2,0.45,11.14
300777,周线,2026-06-19,28.96,40,C,17.2,41.97,30.83,144.0,45.0,LEG1,否,否,31.1,0.52,30.21
300775,周线,2026-06-19,23.04,40,C,18.8,40.25,23.23,114.1,79.3,LEG1,否,否,23.1,0.32,22.77
300774,周线,2026-06-19,13.11,40,C,5.95,28.88,7.94,385.4,91.3,LEG1,否,否,31.7,0.68,7.78
688212,周线,2026-06-19,27.67,40,C,31.51,49.15,44.85,56.0,24.4,LEG1,否,否,18.0,0.47,43.95
300772,周线,2026-06-19,12.37,40,C,6.88,21.99,17.19,219.6,31.8,READY,否,否,18.3,0.58,16.85
300771,周线,2026-06-19,11.54,40,C,5.95,14.53,12.7,144.2,21.3,LEG1,否,否,29.4,0.77,12.45
600628,周线,2026-06-19,6.01,40,C,5.3,9.34,6.88,76.2,60.9,READY,否,否,23.7,0.24,6.74
600626,周线,2026-06-19,3.4,40,C,2.16,5.45,3.76,152.3,51.4,READY,否,否,22.9,0.43,3.68
600624,周线,2026-06-19,3.94,40,C,2.76,4.8,4.14,73.9,32.4,LEG1,否,否,23.1,0.5,4.06
688208,周线,2026-06-19,27.87,40,C,14.72,41.12,31.0,179.3,38.3,READY,否,否,33.1,0.57,30.38
600622,周线,2026-06-19,2.13,40,C,1.58,3.03,2.45,91.8,40.0,READY,否,否,24.8,0.55,2.4
600621,周线,2026-06-19,13.14,40,C,11.3,15.1,14.87,33.6,6.1,LEG1,否,否,37.9,0.71,14.57
600620,周线,2026-06-19,4.26,40,C,3.79,7.44,5.88,96.3,42.7,LEG1,否,否,12.7,0.67,5.76
600619,周线,2026-06-19,14.89,40,C,4.26,22.39,15.78,425.6,36.5,READY,否,否,26.8,0.55,15.46
600618,周线,2026-06-19,10.67,40,C,6.52,18.19,11.92,179.0,53.7,READY,否,否,33.5,0.48,11.68
300805,周线,2026-06-19,7.9,40,C,5.1,16.1,9.48,215.7,60.2,READY,否,否,21.8,0.3,9.29
300804,周线,2026-06-19,36.91,40,C,16.99,56.39,32.77,231.9,59.9,LEG1,否,否,36.5,0.26,32.11
688203,周线,2026-06-19,11.46,40,C,7.38,14.96,10.92,102.7,53.3,LEG1,否,否,36.4,0.82,10.7
300800,周线,2026-06-19,9.87,40,C,7.17,13.06,10.81,82.1,38.2,LEG1,否,否,24.2,0.68,10.59
300798,周线,2026-06-19,7.28,40,C,4.68,13.42,6.86,186.8,75.1,LEG1,否,否,31.0,0.32,6.72
300797,周线,2026-06-19,14.1,40,C,7.78,16.36,13.98,110.3,27.7,LEG1,否,否,34.3,0.55,13.7
300793,周线,2026-06-19,12.35,40,C,10.27,18.86,13.41,83.6,63.4,READY,否,否,26.4,0.55,13.14
300824,周线,2026-06-19,7.87,40,C,5.5,12.27,9.6,123.1,39.4,READY,否,否,14.2,0.61,9.41
688202,周线,2026-06-19,53.55,40,C,23.3,73.32,51.6,214.7,43.4,READY,否,否,33.2,0.54,50.57
300822,周线,2026-06-19,13.1,40,C,6.22,16.0,13.25,157.2,28.1,LEG1,否,否,30.6,0.78,12.98
300817,周线,2026-06-19,17.75,40,C,7.85,21.79,17.0,177.6,34.4,LEG1,否,否,36.8,0.5,16.66
300815,周线,2026-06-19,18.59,40,C,9.93,27.55,19.74,177.4,44.3,READY,否,否,28.6,0.47,19.35
300813,周线,2026-06-19,19.56,40,C,11.01,31.49,23.99,186.0,36.6,LEG1,否,否,22.5,0.3,23.51
300810,周线,2026-06-19,26.52,40,C,11.31,45.47,30.4,302.0,44.1,READY,否,否,26.6,0.5,29.79
300809,周线,2026-06-19,30.91,40,C,17.66,42.97,30.3,143.3,50.1,READY,否,否,34.6,0.82,29.69
300808,周线,2026-06-19,23.7,40,C,9.06,29.22,22.48,222.5,33.4,LEG1,否,否,38.4,0.41,22.03
300807,周线,2026-06-19,39.52,40,C,12.98,67.22,45.6,417.9,39.9,LEG1,否,否,26.1,0.5,44.69
600638,周线,2026-06-19,5.31,40,C,3.55,6.72,5.67,89.3,33.1,LEG1,否,否,26.2,0.76,5.56
600637,周线,2026-06-19,8.81,40,C,5.78,16.12,9.0,178.9,68.9,LEG1,否,否,37.0,0.45,8.82
600636,周线,2026-06-19,1.85,40,C,6.01,9.68,7.87,61.1,49.3,LEG1,否,否,10.1,0.84,7.71
600635,周线,2026-06-19,4.66,40,C,2.54,7.38,5.23,190.6,44.4,READY,否,否,27.5,0.28,5.13
600633,周线,2026-06-19,10.75,40,C,7.77,15.09,11.87,94.2,44.0,LEG1,否,否,30.0,0.26,11.63
600629,周线,2026-06-19,16.92,40,C,4.01,22.64,19.04,464.6,19.3,LEG1,否,否,36.3,0.91,18.66
600616,周线,2026-06-19,4.14,40,C,4.15,6.0,5.17,44.6,44.9,LEG1,否,否,11.0,0.46,5.07
600613,周线,2026-06-19,4.74,40,C,4.65,6.95,5.37,49.5,68.7,LEG1,否,否,18.1,0.31,5.26
600610,周线,2026-06-19,7.43,40,C,3.21,11.35,8.47,253.6,35.4,LEG1,否,否,33.1,0.32,8.3
600609,周线,2026-06-19,3.3,40,C,2.88,4.23,4.55,46.9,-23.7,LEG1,否,否,18.0,0.65,4.46
000096,周线,2026-06-19,7.55,40,C,8.3,13.27,10.03,59.9,65.2,LEG1,否,否,13.1,0.29,9.83
600604,周线,2026-06-19,4.16,40,C,3.25,6.36,5.28,95.7,34.7,LEG1,否,否,31.1,0.32,5.17
600603,周线,2026-06-19,4.52,40,C,4.45,8.27,8.57,85.8,-7.9,LEG1,否,否,21.6,0.39,8.4
600602,周线,2026-06-19,17.77,40,C,7.56,25.8,18.66,241.3,39.1,LEG1,否,否,32.3,0.19,18.29
000089,周线,2026-06-19,6.39,40,C,5.82,7.23,6.49,24.2,52.5,LEG1,否,否,26.1,0.53,6.36
600599,周线,2026-06-19,0.4,40,C,7.14,11.0,8.11,54.1,74.9,LEG1,否,否,16.5,0.38,7.95
600598,周线,2026-06-19,13.94,40,C,11.92,17.1,14.37,43.5,52.7,LEG1,否,否,27.3,0.25,14.08
300837,周线,2026-06-19,26.41,40,C,16.46,68.42,23.0,315.7,87.4,LEG1,否,否,23.0,0.35,22.54
300833,周线,2026-06-19,32.84,40,C,28.35,39.53,37.4,39.4,19.1,LEG1,否,否,36.4,0.44,36.65
300830,周线,2026-06-19,8.83,40,C,4.02,15.87,10.17,294.8,48.1,LEG1,否,否,26.4,0.29,9.97
300829,周线,2026-06-19,15.1,40,C,11.3,22.0,16.19,94.7,54.3,LEG1,否,否,28.0,0.36,15.87
300827,周线,2026-06-19,30.33,40,C,18.6,40.97,34.56,120.3,28.7,LEG1,否,否,29.6,0.31,33.87
600592,周线,2026-06-19,15.38,40,C,6.66,30.44,18.25,357.1,51.3,READY,否,否,24.0,0.83,17.88
600588,周线,2026-06-19,9.78,40,C,8.03,12.88,12.24,60.4,13.2,LEG1,否,否,25.8,0.51,12.0
000078,周线,2026-06-19,1.55,40,C,2.01,4.03,2.42,100.5,79.7,LEG1,否,否,21.0,0.39,2.37
600585,周线,2026-06-19,18.24,40,C,19.53,26.93,21.73,37.9,70.3,LEG1,否,否,15.5,0.63,21.3
600583,周线,2026-06-19,5.41,40,C,4.75,8.72,6.33,83.6,60.2,READY,否,否,21.7,0.25,6.2
600582,周线,2026-06-19,5.01,40,C,5.16,6.33,5.66,22.7,57.3,LEG1,否,否,15.3,0.58,5.55
000069,周线,2026-06-19,1.8,40,C,1.77,2.31,2.43,30.5,-22.2,LEG1,否,否,16.9,0.52,2.38
000061,周线,2026-06-19,5.84,40,C,4.71,10.77,6.25,128.7,74.6,LEG1,否,否,12.2,0.57,6.12
000059,周线,2026-06-19,4.13,40,C,3.58,5.75,4.82,60.6,42.9,LEG1,否,否,25.0,0.57,4.72
688236,周线,2026-06-19,14.91,40,C,10.31,21.59,22.55,109.4,-8.5,LEG1,否,否,17.8,0.64,22.1
300850,周线,2026-06-19,28.87,40,C,13.68,55.84,40.7,308.2,35.9,LEG1,否,否,19.6,0.38,39.89
300847,周线,2026-06-19,14.43,40,C,12.3,16.58,14.87,34.8,40.0,LEG1,否,否,35.0,0.35,14.57
300846,周线,2026-06-19,22.39,40,C,7.57,34.97,17.94,362.0,62.2,LEG1,否,否,35.1,0.27,17.58
688235,周线,2026-06-19,211.72,40,C,98.5,276.01,213.33,180.2,35.3,LEG1,否,否,25.8,0.56,209.06
300841,周线,2026-06-19,46.08,40,C,44.01,62.69,70.7,42.4,-42.9,LEG1,否,否,19.9,0.58,69.29
688232,周线,2026-06-19,18.75,40,C,18.02,23.66,24.21,31.3,-9.8,LEG1,否,否,24.4,0.56,23.73
600571,周线,2026-06-19,10.55,40,C,7.78,18.88,14.59,142.7,38.6,LEG1,否,否,17.9,0.56,14.3
600570,周线,2026-06-19,22.5,40,C,15.23,28.08,24.56,84.4,27.4,LEG1,否,否,28.1,0.71,24.07
600569,周线,2026-06-19,1.77,40,C,1.29,2.85,2.14,120.9,45.5,LEG1,否,否,22.3,0.28,2.1
688197,周线,2026-06-19,30.37,40,C,25.52,46.25,33.63,81.2,60.9,LEG1,否,否,24.5,0.62,32.96
600562,周线,2026-06-19,21.84,40,C,9.68,30.78,23.8,218.0,33.1,LEG1,否,否,27.1,0.48,23.32
600561,周线,2026-06-19,5.43,40,C,3.12,7.29,5.81,133.7,35.5,LEG1,否,否,22.1,0.66,5.69
300875,周线,2026-06-19,30.89,40,C,16.2,58.0,37.46,258.0,49.1,LEG1,否,否,22.8,0.29,36.71
688196,周线,2026-06-19,39.42,40,C,18.22,95.0,42.79,421.4,68.0,LEG1,否,否,21.7,0.44,41.93
300869,周线,2026-06-19,10.8,40,C,11.58,16.73,14.88,44.5,35.9,LEG1,否,否,10.8,0.55,14.58
300865,周线,2026-06-19,24.65,40,C,8.9,33.5,23.93,276.4,38.9,LEG1,否,否,30.8,0.72,23.45
688192,周线,2026-06-19,36.6,40,C,24.82,61.89,46.66,149.4,41.1,LEG1,否,否,20.6,0.8,45.73
300859,周线,2026-06-19,28.33,40,C,18.64,41.33,34.29,121.7,31.0,LEG1,否,否,31.1,0.58,33.6
300858,周线,2026-06-19,15.06,40,C,11.03,27.08,16.11,145.5,68.3,LEG1,否,否,35.9,0.25,15.79
600597,周线,2026-06-19,6.58,40,C,7.23,8.87,8.01,22.7,52.4,READY,否,否,5.8,0.63,7.85
600595,周线,2026-06-19,6.24,40,C,2.24,10.83,6.71,383.5,48.0,READY,否,否,27.5,0.79,6.58
600594,周线,2026-06-19,3.15,40,C,2.76,5.27,3.44,90.9,72.9,LEG1,否,否,24.0,0.24,3.37
688186,周线,2026-06-19,16.8,40,C,8.49,30.95,21.81,264.5,40.7,LEG1,否,否,28.8,0.36,21.37
600548,周线,2026-06-19,8.53,40,C,8.36,9.61,9.61,15.0,0.0,LEG1,否,否,26.3,0.28,9.42
600547,周线,2026-06-19,28.26,40,C,22.62,65.55,33.55,189.8,74.5,LEG1,否,否,25.3,0.6,32.88
600543,周线,2026-06-19,4.12,40,C,3.76,5.18,5.5,37.8,-22.5,LEG1,否,否,18.3,0.26,5.39
600540,周线,2026-06-19,4.24,40,C,3.1,5.99,4.32,93.2,57.8,LEG1,否,否,33.2,0.53,4.23
600538,周线,2026-06-19,5.78,40,C,2.9,7.44,5.81,156.6,35.9,LEG1,否,否,28.0,0.69,5.69
300891,周线,2026-06-19,6.76,40,C,5.46,11.18,7.76,104.8,59.8,READY,否,否,21.4,0.54,7.6
300888,周线,2026-06-19,27.32,40,C,23.31,40.12,36.91,72.1,19.1,LEG1,否,否,15.7,0.54,36.17
300887,周线,2026-06-19,7.88,40,C,5.88,12.68,7.47,115.6,76.6,LEG1,否,否,23.8,0.28,7.32
300886,周线,2026-06-19,21.81,40,C,10.16,30.68,24.62,202.0,29.5,LEG1,否,否,20.1,0.59,24.13
300884,周线,2026-06-19,10.59,40,C,7.04,19.18,12.35,172.4,56.3,LEG1,否,否,24.0,0.51,12.1
300882,周线,2026-06-19,15.24,40,C,11.98,26.21,18.1,118.8,57.0,LEG1,否,否,22.6,0.29,17.74
300879,周线,2026-06-19,17.87,40,C,7.29,29.94,22.7,310.7,32.0,LEG1,否,否,21.3,0.4,22.25
300876,周线,2026-06-19,16.67,40,C,11.74,31.86,23.97,171.4,39.2,LEG1,否,否,17.8,0.89,23.49
688185,周线,2026-06-19,49.76,40,C,37.12,73.88,63.74,99.0,27.6,LEG1,否,否,22.6,0.33,62.47
600572,周线,2026-06-19,4.11,40,C,3.91,5.17,4.41,32.2,60.3,LEG1,否,否,30.3,0.31,4.32
600519,周线,2026-06-19,1240.0,40,C,1245.83,1568.0,1415.12,25.9,47.5,LEG1,否,否,29.8,0.57,1386.82
600518,周线,2026-06-19,1.36,40,C,1.68,2.03,1.9,20.8,37.1,LEG1,否,否,4.2,0.88,1.86
300908,周线,2026-06-19,22.77,40,C,21.64,29.57,25.08,36.6,56.6,LEG1,否,否,16.6,0.65,24.58
300906,周线,2026-06-19,27.33,40,C,13.02,37.98,28.85,191.7,36.6,LEG1,否,否,23.9,0.54,28.27
300904,周线,2026-06-19,45.34,40,C,33.82,63.5,54.9,87.8,29.0,LEG1,否,否,25.5,0.42,53.8
000407,周线,2026-06-19,3.9,40,C,2.47,5.07,4.4,105.3,25.8,LEG1,否,否,28.0,0.22,4.31
300899,周线,2026-06-19,29.82,40,C,16.12,40.88,21.22,153.6,79.4,LEG1,否,否,28.1,0.55,20.8
300898,周线,2026-06-19,19.88,40,C,14.79,31.02,22.05,109.7,55.3,READY,否,否,22.1,0.35,21.61
300897,周线,2026-06-19,15.7,40,C,15.68,29.49,23.72,88.1,41.8,LEG1,否,否,24.8,0.98,23.25
300893,周线,2026-06-19,19.2,40,C,19.44,24.75,26.42,27.3,-31.5,LEG1,否,否,27.7,0.52,25.89
300892,周线,2026-06-19,20.97,40,C,10.51,36.58,25.37,248.0,43.0,READY,否,否,16.2,0.51,24.86
600560,周线,2026-06-19,12.05,40,C,10.88,18.12,13.78,66.5,59.9,READY,否,否,15.9,0.85,13.5
000401,周线,2026-06-19,3.74,40,C,3.99,5.38,4.72,34.8,47.5,LEG1,否,否,13.9,0.21,4.63
600557,周线,2026-06-19,11.88,40,C,11.77,15.37,14.03,30.6,37.2,LEG1,否,否,28.6,0.36,13.75
600556,周线,2026-06-19,4.8,40,C,3.27,9.45,5.65,189.0,61.5,READY,否,否,23.0,0.36,5.54
600551,周线,2026-06-19,7.2,40,C,6.74,8.48,7.63,25.8,48.9,LEG1,否,否,29.0,0.32,7.48
300927,周线,2026-06-19,23.94,40,C,8.28,39.88,25.38,381.6,45.9,READY,否,否,35.4,0.48,24.87
300926,周线,2026-06-19,20.04,40,C,17.17,33.88,28.58,97.3,31.7,LEG1,否,否,27.7,0.55,28.01
300923,周线,2026-06-19,23.91,40,C,11.41,29.94,24.05,162.4,31.8,LEG1,否,否,32.5,0.96,23.57
000400,周线,2026-06-19,23.04,40,C,17.72,34.65,22.14,95.5,73.9,LEG1,否,否,33.6,0.35,21.7
300918,周线,2026-06-19,12.4,40,C,6.97,15.83,13.38,127.1,27.7,LEG1,否,否,34.5,0.51,13.11
300917,周线,2026-06-19,25.6,40,C,17.52,36.07,30.15,105.9,31.9,LEG1,否,否,24.5,0.52,29.55
300916,周线,2026-06-19,24.76,40,C,11.83,41.26,27.94,248.8,45.3,LEG1,否,否,27.7,0.75,27.38
300915,周线,2026-06-19,20.91,40,C,21.01,25.7,23.94,22.3,37.5,LEG1,否,否,25.0,0.41,23.46
300911,周线,2026-06-19,21.61,40,C,19.92,41.99,34.72,110.8,32.9,LEG1,否,否,26.7,0.45,34.03
000158,周线,2026-06-19,14.51,40,C,5.4,22.0,16.68,307.4,32.0,READY,否,否,29.5,0.67,16.35
000156,周线,2026-06-19,6.71,40,C,5.67,10.01,7.25,76.5,63.6,LEG1,否,否,32.4,0.44,7.1
600533,周线,2026-06-19,2.05,40,C,1.67,2.65,2.27,58.7,38.8,LEG1,否,否,21.8,0.56,2.22
600528,周线,2026-06-19,7.17,40,C,6.45,9.6,7.41,48.8,69.5,LEG1,否,否,26.5,0.42,7.26
600526,周线,2026-06-19,4.4,40,C,3.44,6.18,5.0,79.7,43.1,READY,否,否,20.8,0.43,4.9
600523,周线,2026-06-19,11.16,40,C,7.89,17.0,13.04,115.5,43.5,READY,否,否,17.0,0.52,12.78
600521,周线,2026-06-19,14.29,40,C,10.71,17.67,14.37,65.0,47.4,LEG1,否,否,26.0,0.32,14.08
000153,周线,2026-06-19,5.36,40,C,4.89,7.12,5.83,45.6,57.8,LEG1,否,否,17.3,0.36,5.71
688217,周线,2026-06-19,22.16,40,C,12.38,30.93,24.79,149.8,33.1,LEG1,否,否,21.6,0.7,24.29
600508,周线,2026-06-19,8.58,40,C,10.6,15.41,12.51,45.4,60.3,READY,否,否,22.0,0.56,12.26
600507,周线,2026-06-19,4.11,40,C,3.5,7.39,5.5,111.1,48.6,LEG1,否,否,21.1,0.57,5.39
600506,周线,2026-06-19,15.7,40,C,6.95,22.97,19.9,230.5,19.2,LEG1,否,否,24.4,0.35,19.5
688176,周线,2026-06-19,10.15,40,C,4.61,18.11,9.5,292.8,63.8,LEG1,否,否,23.7,0.31,9.31
600501,周线,2026-06-19,17.38,40,C,8.76,25.42,20.97,190.2,26.7,LEG1,否,否,25.1,0.41,20.55
300945,周线,2026-06-19,11.96,40,C,6.68,16.47,14.39,146.6,21.2,LEG1,否,否,19.6,0.33,14.1
300942,周线,2026-06-19,6.09,40,C,5.25,11.07,9.21,110.9,32.0,LEG1,否,否,10.2,0.67,9.03
300941,周线,2026-06-19,15.05,40,C,13.12,31.29,21.68,138.5,52.9,READY,否,否,20.9,0.58,21.25
300940,周线,2026-06-19,16.64,40,C,11.15,24.68,23.36,121.3,9.8,LEG1,否,否,29.0,0.55,22.89
300937,周线,2026-06-19,20.8,40,C,17.83,44.38,25.12,148.9,72.5,LEG1,否,否,11.1,0.43,24.62
300933,周线,2026-06-19,6.63,40,C,4.88,10.1,7.41,107.0,51.5,READY,否,否,25.6,0.48,7.26
300932,周线,2026-06-19,9.19,40,C,7.76,15.69,10.68,102.2,63.2,LEG1,否,否,31.3,0.44,10.47
688166,周线,2026-06-19,40.38,40,C,19.63,72.88,38.89,271.3,63.8,LEG1,否,否,26.7,0.64,38.11
300928,周线,2026-06-19,30.13,40,C,22.29,37.55,28.05,68.5,62.3,LEG1,否,否,38.9,0.68,27.49
300963,周线,2026-06-19,14.22,40,C,6.64,18.4,15.88,177.1,21.4,LEG1,否,否,31.2,0.58,15.56
300962,周线,2026-06-19,13.16,40,C,10.18,19.45,15.6,91.1,41.5,READY,否,否,18.1,0.4,15.29
300961,周线,2026-06-19,11.0,40,C,5.65,15.0,11.9,165.5,33.2,LEG1,否,否,24.1,0.38,11.66
300960,周线,2026-06-19,16.87,40,C,10.0,28.65,23.2,186.5,29.2,LEG1,否,否,16.7,0.49,22.74
300958,周线,2026-06-19,11.6,40,C,9.47,14.76,12.3,55.9,46.5,LEG1,否,否,26.5,0.59,12.05
000488,周线,2026-06-19,2.08,40,C,1.65,3.19,2.07,93.3,72.7,LEG1,否,否,26.4,0.21,2.03
000428,周线,2026-06-19,3.17,40,C,2.48,4.23,3.48,70.6,42.9,LEG1,否,否,19.0,0.42,3.41
300952,周线,2026-06-19,19.75,40,C,11.6,56.0,26.64,382.8,66.1,LEG1,否,否,22.0,0.66,26.11
300950,周线,2026-06-19,17.41,40,C,8.01,23.66,21.63,195.4,13.0,LEG1,否,否,21.4,0.7,21.2
300949,周线,2026-06-19,21.98,40,C,22.5,42.39,35.11,88.4,36.6,LEG1,否,否,15.0,0.74,34.41
300947,周线,2026-06-19,13.61,40,C,7.6,18.98,15.49,149.7,30.7,LEG1,否,否,20.4,0.53,15.18
000425,周线,2026-06-19,9.25,40,C,5.95,11.06,9.92,85.9,22.3,LEG1,否,否,31.9,0.58,9.72
600517,周线,2026-06-19,4.98,40,C,3.81,7.79,5.79,104.5,50.3,LEG1,否,否,22.5,0.44,5.67
600515,周线,2026-06-19,2.92,40,C,2.96,5.76,4.44,94.6,47.1,LEG1,否,否,17.3,0.67,4.35
600513,周线,2026-06-19,15.85,40,C,6.71,32.27,17.25,380.9,58.8,LEG1,否,否,29.5,0.26,16.91
600512,周线,2026-06-19,2.03,40,C,1.81,2.68,2.21,48.1,54.0,LEG1,否,否,24.1,0.3,2.17
600491,周线,2026-06-19,1.27,40,C,2.29,3.38,3.32,47.6,5.5,LEG1,否,否,17.9,0.44,3.25
000423,周线,2026-06-19,47.32,40,C,44.62,58.36,53.5,30.8,35.4,LEG1,否,否,30.0,0.51,52.43
600489,周线,2026-06-19,22.7,40,C,11.86,41.48,23.65,249.7,60.2,READY,否,否,39.3,0.55,23.18
600486,周线,2026-06-19,55.28,40,C,44.0,89.71,68.25,103.9,46.9,READY,否,否,26.9,0.63,66.89
600481,周线,2026-06-19,5.04,40,C,3.46,11.56,5.36,234.1,76.5,LEG1,否,否,33.4,0.43,5.25
600480,周线,2026-06-19,9.84,40,C,7.04,12.4,9.16,76.1,60.4,LEG1,否,否,37.7,0.44,8.98
300981,周线,2026-06-19,10.62,40,C,8.31,18.27,12.05,119.9,62.4,LEG1,否,否,26.8,0.33,11.81
300980,周线,2026-06-19,27.22,40,C,11.35,40.38,23.16,255.8,59.3,LEG1,否,否,34.3,0.59,22.7
300978,周线,2026-06-19,8.85,40,C,7.58,11.73,10.35,54.7,33.3,LEG1,否,否,20.9,0.4,10.14
300977,周线,2026-06-19,17.48,40,C,10.21,25.99,17.22,154.6,55.6,READY,否,否,35.3,0.74,16.88
300973,周线,2026-06-19,24.93,40,C,22.28,47.46,37.25,113.0,40.5,LEG1,否,否,18.5,0.57,36.51
000422,周线,2026-06-19,13.33,40,C,7.04,20.2,15.13,186.9,38.5,READY,否,否,33.5,0.38,14.83
300971,周线,2026-06-19,20.14,40,C,12.53,25.76,20.5,105.6,39.8,LEG1,否,否,28.7,0.49,20.09
300969,周线,2026-06-19,99.5,40,C,48.83,163.68,112.0,235.2,45.0,BREAKOUT,否,否,36.0,0.76,109.76
000421,周线,2026-06-19,5.38,40,C,3.54,7.73,6.62,118.4,26.5,LEG1,否,否,20.7,0.28,6.49
300965,周线,2026-06-19,46.56,40,C,21.59,95.04,48.18,340.2,63.8,LEG1,否,否,33.5,0.56,47.22
300997,周线,2026-06-19,16.02,40,C,9.25,34.57,18.6,273.7,63.1,READY,否,否,31.2,0.59,18.23
300996,周线,2026-06-19,11.08,40,C,10.69,18.5,15.81,73.1,34.4,LEG1,否,否,27.9,0.59,15.49
300995,周线,2026-06-19,30.82,40,C,8.8,40.1,31.12,355.7,28.7,LEG1,否,否,30.1,0.59,30.5
300994,周线,2026-06-19,11.52,40,C,7.11,17.38,14.83,144.4,24.8,LEG1,否,否,22.6,0.46,14.53
300993,周线,2026-06-19,10.87,40,C,7.79,12.76,14.39,63.8,-32.8,LEG1,否,否,32.6,0.99,14.1
300992,周线,2026-06-19,25.46,40,C,10.63,41.88,25.21,294.0,53.3,READY,否,否,21.9,0.37,24.71
300991,周线,2026-06-19,40.0,40,C,7.04,66.8,45.9,848.9,35.0,READY,否,否,38.7,0.66,44.98
300989,周线,2026-06-19,13.5,40,C,10.21,16.2,16.02,58.7,3.0,LEG1,否,否,29.0,0.54,15.7
300988,周线,2026-06-19,17.7,40,C,10.54,31.31,21.86,197.1,45.5,LEG1,否,否,29.1,0.74,21.42
300987,周线,2026-06-19,13.34,40,C,9.95,26.75,16.01,168.8,63.9,READY,否,否,19.8,0.38,15.69
300986,周线,2026-06-19,18.87,40,C,5.62,45.55,9.68,710.5,89.8,LEG1,否,否,34.6,0.26,9.49
000419,周线,2026-06-19,4.74,40,C,3.51,6.78,5.39,93.2,42.5,READY,否,否,17.4,0.5,5.28
300982,周线,2026-06-19,17.24,40,C,13.6,24.85,19.5,82.7,47.6,LEG1,否,否,24.9,0.33,19.11
600496,周线,2026-06-19,3.45,40,C,2.29,4.79,3.63,109.2,46.4,READY,否,否,24.9,0.5,3.56
600495,周线,2026-06-19,3.75,40,C,2.98,5.42,4.07,81.9,55.3,LEG1,否,否,17.5,0.33,3.99
600493,周线,2026-06-19,5.73,40,C,3.87,7.77,6.48,100.8,33.1,LEG1,否,否,21.0,0.5,6.35
600469,周线,2026-06-19,5.63,40,C,3.97,8.22,5.19,107.1,71.3,LEG1,否,否,25.7,0.35,5.09
600468,周线,2026-06-19,5.87,40,C,3.62,10.4,5.93,187.3,65.9,LEG1,否,否,27.7,0.27,5.81
600467,周线,2026-06-19,2.17,40,C,1.37,2.83,2.25,106.6,39.7,READY,否,否,25.8,0.27,2.21
600463,周线,2026-06-19,8.49,40,C,5.09,11.64,9.3,128.7,35.7,LEG1,否,否,23.8,0.61,9.11
600456,周线,2026-06-19,30.33,40,C,20.7,45.4,31.02,119.3,58.2,READY,否,否,33.3,0.52,30.4
600455,周线,2026-06-19,23.39,40,C,12.55,29.97,24.01,138.8,34.2,READY,否,否,28.4,0.64,23.53
301016,周线,2026-06-19,14.45,40,C,9.7,29.3,17.83,202.1,58.5,LEG1,否,否,28.7,0.52,17.47
301011,周线,2026-06-19,15.68,40,C,11.8,29.94,23.94,153.7,33.1,LEG1,否,否,11.2,0.52,23.46
301010,周线,2026-06-19,17.58,40,C,8.76,24.8,20.2,183.1,28.7,LEG1,否,否,25.9,0.45,19.8
301009,周线,2026-06-19,8.76,40,C,6.8,13.99,10.64,105.7,46.6,READY,否,否,13.6,0.71,10.43
301008,周线,2026-06-19,25.19,40,C,14.0,49.5,27.7,253.6,61.4,LEG1,否,否,33.2,0.41,27.15
000411,周线,2026-06-19,9.86,40,C,8.32,14.36,10.67,72.6,61.1,LEG1,否,否,33.3,0.78,10.46
301006,周线,2026-06-19,13.7,40,C,9.22,18.41,15.3,99.7,33.8,LEG1,否,否,17.7,0.52,14.99
000410,周线,2026-06-19,5.08,40,C,5.25,8.62,7.02,64.2,47.5,LEG1,否,否,17.9,0.61,6.88
301001,周线,2026-06-19,23.78,40,C,13.25,31.5,26.3,137.7,28.5,LEG1,否,否,23.1,0.31,25.77
300999,周线,2026-06-19,24.69,40,C,24.58,33.61,28.38,36.7,57.9,LEG1,否,否,24.2,0.42,27.81
301038,周线,2026-06-19,18.8,40,C,10.41,23.81,22.53,128.7,9.6,LEG1,否,否,29.9,0.68,22.08
301037,周线,2026-06-19,13.12,40,C,8.0,17.76,13.23,122.0,46.4,LEG1,否,否,27.0,0.65,12.97
301036,周线,2026-06-19,23.16,40,C,11.6,38.19,33.33,229.2,18.3,LEG1,否,否,20.1,0.52,32.66
301035,周线,2026-06-19,50.0,40,C,35.7,88.0,71.0,146.5,32.5,LEG1,否,否,21.5,0.73,69.58
301033,周线,2026-06-19,48.4,40,C,22.37,92.0,61.92,311.3,43.2,LEG1,否,否,21.5,0.45,60.68
301032,周线,2026-06-19,10.4,40,C,4.83,15.13,11.58,213.3,34.5,READY,否,否,23.8,0.42,11.35
301026,周线,2026-06-19,24.04,40,C,17.08,41.92,24.45,145.4,70.3,LEG1,否,否,39.6,0.83,23.96
301025,周线,2026-06-19,8.71,40,C,5.18,11.98,9.8,131.3,32.1,LEG1,否,否,25.4,0.33,9.6
301023,周线,2026-06-19,30.41,40,C,19.67,65.18,37.02,231.4,61.9,READY,否,否,32.1,0.63,36.28
301022,周线,2026-06-19,24.55,40,C,13.13,38.62,27.55,194.1,43.4,LEG1,否,否,30.2,0.25,27.0
301019,周线,2026-06-19,20.23,40,C,11.78,24.19,19.34,105.3,39.1,LEG1,否,否,33.3,0.46,18.95
600479,周线,2026-06-19,9.53,40,C,8.59,11.17,9.86,30.0,50.8,LEG1,否,否,26.0,0.41,9.66
600478,周线,2026-06-19,5.83,40,C,2.86,8.03,6.75,180.8,24.8,LEG1,否,否,31.7,0.68,6.62
600477,周线,2026-06-19,2.57,40,C,2.1,4.73,2.57,125.2,82.1,LEG1,否,否,24.3,0.19,2.52
600475,周线,2026-06-19,15.48,40,C,7.99,20.22,16.47,153.1,30.7,LEG1,否,否,37.9,0.43,16.14
600470,周线,2026-06-19,5.55,40,C,3.41,9.44,5.61,176.8,63.5,LEG1,否,否,37.5,0.56,5.5
600426,周线,2026-06-19,26.24,40,C,19.73,39.7,33.96,101.2,28.7,LEG1,否,否,26.6,0.98,33.28
600425,周线,2026-06-19,3.55,40,C,2.95,4.81,4.12,63.1,37.1,LEG1,否,否,18.4,0.29,4.04
600423,周线,2026-06-19,2.37,40,C,1.97,4.28,3.57,117.3,30.7,LEG1,否,否,25.1,0.2,3.5
600422,周线,2026-06-19,8.2,40,C,11.92,13.55,14.92,13.7,-84.0,LEG1,否,否,15.3,0.41,14.62
600421,周线,2026-06-19,0.26,40,C,4.38,8.57,6.38,95.7,52.3,LEG1,否,否,8.1,0.66,6.25
600420,周线,2026-06-19,8.37,40,C,7.61,11.09,10.09,45.7,28.7,LEG1,否,否,15.1,0.46,9.89
600419,周线,2026-06-19,7.87,40,C,6.74,9.8,8.56,45.4,40.5,LEG1,否,否,18.5,0.58,8.39
600418,周线,2026-06-19,31.68,40,C,10.28,52.75,43.69,413.1,21.3,LEG1,否,否,20.7,0.89,42.82
301052,周线,2026-06-19,24.85,40,C,17.2,48.31,31.0,180.9,55.6,READY,否,否,21.0,0.33,30.38
301050,周线,2026-06-19,35.18,40,C,29.97,51.28,42.92,71.1,39.2,LEG1,否,否,28.1,0.37,42.06
301049,周线,2026-06-19,19.37,40,C,9.0,27.96,20.5,210.7,39.3,LEG1,否,否,29.0,0.49,20.09
301048,周线,2026-06-19,9.04,40,C,6.99,13.57,9.55,94.1,61.1,LEG1,否,否,23.2,0.32,9.36
301047,周线,2026-06-19,59.54,40,C,53.51,75.75,65.66,41.6,45.4,LEG1,否,否,18.2,0.45,64.35
301043,周线,2026-06-19,45.21,40,C,18.01,59.6,49.0,230.9,25.5,LEG1,否,否,32.6,0.62,48.02
000409,周线,2026-06-19,8.91,40,C,5.91,14.38,9.7,143.3,55.3,READY,否,否,21.4,0.35,9.51
301039,周线,2026-06-19,7.33,40,C,7.61,10.48,9.13,37.7,47.0,LEG1,否,否,19.0,0.91,8.95
301068,周线,2026-06-19,27.31,40,C,15.58,40.28,25.0,158.5,61.9,LEG1,否,否,37.9,0.7,24.5
301066,周线,2026-06-19,13.19,40,C,6.78,17.38,14.4,156.3,28.1,LEG1,否,否,31.0,0.58,14.11
301065,周线,2026-06-19,18.73,40,C,11.81,24.59,20.95,108.2,28.5,LEG1,否,否,19.1,0.47,20.53
301063,周线,2026-06-19,18.13,40,C,10.71,32.88,22.67,207.0,46.1,READY,否,否,16.8,0.3,22.22
301062,周线,2026-06-19,6.21,40,C,6.55,10.59,7.66,61.7,72.5,LEG1,否,否,16.8,0.47,7.51
688201,周线,2026-06-19,7.15,40,C,6.01,17.75,12.54,195.3,44.4,LEG1,否,否,18.8,0.25,12.29
301060,周线,2026-06-19,8.48,40,C,7.34,11.26,9.03,53.4,56.9,LEG1,否,否,26.2,0.45,8.85
301058,周线,2026-06-19,8.58,40,C,7.59,10.3,9.38,35.7,33.9,LEG1,否,否,24.0,0.62,9.19
301057,周线,2026-06-19,26.62,40,C,8.13,47.43,30.41,483.4,43.3,READY,否,否,30.7,0.64,29.8
301056,周线,2026-06-19,11.95,40,C,5.35,17.24,13.04,222.2,35.3,LEG1,否,否,29.8,0.33,12.78
600448,周线,2026-06-19,2.75,40,C,1.82,3.7,2.9,103.3,42.6,LEG1,否,否,28.7,0.57,2.84
600446,周线,2026-06-19,11.44,40,C,8.85,18.28,14.96,106.6,35.2,LEG1,否,否,27.6,0.61,14.66
600444,周线,2026-06-19,13.92,40,C,8.31,18.38,15.98,121.2,23.8,LEG1,否,否,18.0,0.43,15.66
000524,周线,2026-06-19,9.04,40,C,5.89,13.68,11.64,132.3,26.2,LEG1,否,否,22.8,0.4,11.41
600435,周线,2026-06-19,11.88,40,C,7.08,19.22,13.66,171.5,45.8,READY,否,否,30.0,0.44,13.39
600429,周线,2026-06-19,4.29,40,C,3.41,6.34,4.93,85.9,48.1,LEG1,否,否,20.3,0.52,4.83
600406,周线,2026-06-19,23.32,40,C,21.08,28.48,25.45,35.1,40.9,LEG1,否,否,27.5,0.42,24.94
600405,周线,2026-06-19,4.04,40,C,3.2,6.24,4.93,95.0,43.1,LEG1,否,否,22.6,0.46,4.83
600398,周线,2026-06-19,5.67,40,C,5.15,6.83,5.98,32.6,50.6,LEG1,否,否,34.9,0.51,5.86
600391,周线,2026-06-19,34.53,40,C,12.9,58.31,25.08,352.0,73.2,LEG1,否,否,37.3,0.61,24.58
600390,周线,2026-06-19,4.77,40,C,3.9,6.4,5.31,64.1,43.6,LEG1,否,否,30.2,0.75,5.2
600389,周线,2026-06-19,22.71,40,C,11.13,33.3,21.17,199.2,54.7,LEG1,否,否,27.6,0.38,20.75
301088,周线,2026-06-19,12.96,40,C,9.24,19.66,13.14,112.8,62.6,READY,否,否,29.6,0.31,12.88
301087,周线,2026-06-19,44.64,40,C,25.5,62.26,37.7,144.2,66.8,LEG1,否,否,21.7,0.37,36.95
301083,周线,2026-06-19,14.05,40,C,8.5,18.18,16.2,113.9,20.5,LEG1,否,否,22.0,0.55,15.88
301082,周线,2026-06-19,9.82,40,C,7.79,20.52,16.71,163.4,29.9,LEG1,否,否,16.6,0.52,16.38
301080,周线,2026-06-19,38.54,40,C,31.3,51.68,50.81,65.1,4.3,LEG1,否,否,30.5,0.38,49.79
000523,周线,2026-06-19,2.83,40,C,2.35,4.41,3.07,87.7,65.0,LEG1,否,否,25.0,0.3,3.01
301078,周线,2026-06-19,7.65,40,C,4.85,12.02,7.86,147.8,58.0,READY,否,否,30.9,0.39,7.7
301077,周线,2026-06-19,23.55,40,C,11.09,38.59,25.23,248.0,48.6,LEG1,否,否,34.1,0.34,24.73
301076,周线,2026-06-19,28.95,40,C,14.89,45.03,34.3,202.4,35.6,LEG1,否,否,33.2,0.82,33.61
301073,周线,2026-06-19,19.8,40,C,13.9,35.0,20.42,151.8,69.1,LEG1,否,否,14.6,0.37,20.01
000514,周线,2026-06-19,3.99,40,C,2.5,5.34,4.39,113.6,33.5,LEG1,否,否,22.3,0.51,4.3
000507,周线,2026-06-19,4.86,40,C,4.17,5.93,5.08,42.2,48.3,LEG1,否,否,25.5,0.26,4.98
600368,周线,2026-06-19,3.65,40,C,3.19,4.16,3.75,30.4,42.3,LEG1,否,否,31.5,0.47,3.67
000505,周线,2026-06-19,5.39,40,C,4.75,7.23,6.0,52.2,49.6,LEG1,否,否,21.2,0.24,5.88
301103,周线,2026-06-19,15.81,40,C,16.24,20.24,18.94,24.6,32.5,LEG1,否,否,14.9,0.59,18.56
300685,周线,2026-06-19,16.73,40,C,14.6,23.88,19.4,63.6,48.3,LEG1,否,否,25.0,0.63,19.01
301101,周线,2026-06-19,30.1,40,C,19.84,38.79,31.71,95.5,37.4,LEG1,否,否,27.6,0.52,31.08
301100,周线,2026-06-19,15.08,40,C,10.61,20.28,17.61,91.1,27.6,LEG1,否,否,17.9,0.44,17.26
301097,周线,2026-06-19,36.38,40,C,28.5,63.42,48.23,122.5,43.5,READY,否,否,21.5,0.98,47.27
301091,周线,2026-06-19,17.85,40,C,14.5,30.28,20.38,108.8,62.7,READY,否,否,26.3,0.76,19.97
301090,周线,2026-06-19,6.88,40,C,5.24,9.43,7.28,80.0,51.3,LEG1,否,否,32.8,0.3,7.13
301089,周线,2026-06-19,21.77,40,C,23.2,31.91,25.6,37.5,72.4,LEG1,否,否,23.3,0.34,25.09
600415,周线,2026-06-19,11.35,40,C,7.17,19.01,12.05,165.1,58.8,READY,否,否,25.7,0.66,11.81
600410,周线,2026-06-19,17.74,40,C,3.44,34.31,16.4,897.4,58.0,LEG1,否,否,29.5,0.19,16.07
600409,周线,2026-06-19,6.31,40,C,4.36,8.03,6.62,84.2,38.4,LEG1,否,否,39.5,0.57,6.49
600408,周线,2026-06-19,2.66,40,C,1.38,4.56,2.12,230.4,76.7,LEG1,否,否,34.0,0.5,2.08
301126,周线,2026-06-19,9.27,40,C,6.61,12.32,10.31,86.4,35.2,LEG1,否,否,21.5,0.57,10.1
301125,周线,2026-06-19,15.77,40,C,7.9,26.41,18.36,234.3,43.5,READY,否,否,30.1,0.52,17.99
301122,周线,2026-06-19,24.77,40,C,14.61,34.67,27.62,137.3,35.1,LEG1,否,否,31.4,0.81,27.07
000503,周线,2026-06-19,7.02,40,C,6.24,8.34,8.85,33.7,-24.3,LEG1,否,否,27.2,0.8,8.67
301117,周线,2026-06-19,25.45,40,C,19.0,84.48,31.31,344.6,81.2,LEG1,否,否,22.1,0.51,30.68
301116,周线,2026-06-19,9.25,40,C,7.25,11.47,9.45,58.2,47.9,LEG1,否,否,31.2,0.92,9.26
301113,周线,2026-06-19,16.14,40,C,14.75,27.99,22.59,89.8,40.8,LEG1,否,否,18.8,0.71,22.14
301112,周线,2026-06-19,30.77,40,C,15.3,44.04,30.66,187.8,46.6,READY,否,否,33.8,0.72,30.05
301110,周线,2026-06-19,39.18,40,C,22.22,105.9,52.0,376.6,64.4,READY,否,否,24.6,0.5,50.96
301109,周线,2026-06-19,13.49,40,C,12.53,17.23,14.95,37.5,48.5,LEG1,否,否,30.1,0.35,14.65
600386,周线,2026-06-19,3.34,40,C,2.36,4.36,3.72,84.7,32.0,LEG1,否,否,22.1,0.54,3.65
600380,周线,2026-06-19,9.78,40,C,9.4,12.85,11.83,36.7,29.6,LEG1,否,否,21.9,0.51,11.59
600376,周线,2026-06-19,3.43,40,C,1.94,6.19,4.85,219.1,31.5,LEG1,否,否,22.2,0.39,4.75
000501,周线,2026-06-19,7.05,40,C,6.55,11.39,9.22,73.9,44.8,LEG1,否,否,22.3,0.54,9.04
600372,周线,2026-06-19,11.11,40,C,9.81,13.81,12.5,40.8,32.8,LEG1,否,否,26.7,0.36,12.25
600371,周线,2026-06-19,6.66,40,C,6.2,10.29,7.86,66.0,59.4,READY,否,否,16.9,0.3,7.7
600359,周线,2026-06-19,6.04,40,C,5.25,7.88,6.66,50.1,46.4,LEG1,否,否,29.1,0.31,6.53
600358,周线,2026-06-19,5.57,40,C,2.23,6.76,3.13,203.1,80.1,LEG1,否,否,35.9,0.41,3.07
600356,周线,2026-06-19,8.13,40,C,5.15,10.16,7.87,97.3,45.7,LEG1,否,否,27.4,0.41,7.71
600354,周线,2026-06-19,5.07,40,C,4.36,8.34,6.07,91.3,57.0,LEG1,否,否,20.4,0.2,5.95
000498,周线,2026-06-19,5.08,40,C,4.73,6.35,5.47,34.2,54.3,READY,否,否,23.7,0.34,5.36
600351,周线,2026-06-19,6.04,40,C,4.94,7.19,6.09,45.5,48.9,LEG1,否,否,31.6,0.33,5.97
600346,周线,2026-06-19,17.82,40,C,11.11,25.11,19.81,126.0,37.9,LEG1,否,否,31.3,0.86,19.41
301141,周线,2026-06-19,48.32,40,C,25.3,60.42,45.57,138.8,42.3,LEG1,否,否,37.1,0.62,44.66
301138,周线,2026-06-19,27.89,40,C,14.02,40.25,32.62,187.1,29.1,LEG1,否,否,26.5,0.51,31.97
301137,周线,2026-06-19,38.88,40,C,10.57,49.8,39.86,371.1,25.3,LEG1,否,否,38.8,0.47,39.06
301136,周线,2026-06-19,12.36,40,C,6.85,16.76,10.62,144.7,62.0,LEG1,否,否,25.7,0.36,10.41
301135,周线,2026-06-19,17.62,40,C,13.01,31.7,24.91,143.7,36.3,LEG1,否,否,18.3,0.9,24.41
301131,周线,2026-06-19,34.85,40,C,25.7,44.25,38.01,72.2,33.6,LEG1,否,否,18.7,0.64,37.25
301130,周线,2026-06-19,25.08,40,C,15.2,33.85,27.19,122.7,35.7,LEG1,否,否,22.0,0.42,26.65
301129,周线,2026-06-19,23.13,40,C,11.66,29.92,23.3,156.6,36.3,LEG1,否,否,33.2,0.41,22.83
301127,周线,2026-06-19,13.23,40,C,6.86,19.27,12.9,180.9,51.3,LEG1,否,否,39.7,0.7,12.64
600327,周线,2026-06-19,3.35,40,C,3.05,4.05,4.5,32.8,-45.0,LEG1,否,否,22.5,0.39,4.41
600326,周线,2026-06-19,7.15,40,C,2.65,9.79,8.77,269.4,14.3,LEG1,否,否,15.0,0.46,8.59
301166,周线,2026-06-19,25.88,40,C,22.81,32.69,29.01,43.3,37.2,LEG1,否,否,18.5,0.38,28.43
301165,周线,2026-06-19,65.39,40,C,24.9,110.33,76.09,343.1,40.1,LEG1,否,否,37.4,0.83,74.57
301163,周线,2026-06-19,23.77,40,C,12.62,33.99,26.71,169.3,34.1,LEG1,否,否,26.7,0.42,26.18
301162,周线,2026-06-19,41.72,40,C,28.8,84.9,58.6,194.8,46.9,READY,否,否,26.2,0.56,57.43
688162,周线,2026-06-19,25.88,40,C,15.29,36.7,28.42,140.0,38.7,LEG1,否,否,31.3,0.44,27.85
301159,周线,2026-06-19,31.99,40,C,22.05,61.79,34.36,180.2,69.0,LEG1,否,否,24.8,0.29,33.67
301158,周线,2026-06-19,14.64,40,C,9.16,27.8,22.03,203.5,31.0,LEG1,否,否,21.3,0.28,21.59
301156,周线,2026-06-19,11.99,40,C,9.44,21.4,17.5,126.7,32.6,LEG1,否,否,17.7,0.76,17.15
301155,周线,2026-06-19,45.72,40,C,33.77,72.0,71.02,113.2,2.6,LEG1,否,否,23.9,0.51,69.6
301153,周线,2026-06-19,18.55,40,C,16.75,25.32,27.22,51.2,-22.2,LEG1,否,否,33.8,0.83,26.68
301152,周线,2026-06-19,26.35,40,C,18.39,36.28,25.5,97.3,60.3,LEG1,否,否,37.8,0.72,24.99
600365,周线,2026-06-19,2.45,40,C,2.19,3.15,2.96,43.8,19.8,LEG1,否,否,11.7,0.59,2.9
600363,周线,2026-06-19,34.61,40,C,21.47,78.76,52.18,266.8,46.4,LEG1,否,否,22.8,0.85,51.14
600361,周线,2026-06-19,4.08,40,C,3.34,4.72,4.13,41.3,42.8,LEG1,否,否,36.1,0.72,4.05
301185,周线,2026-06-19,16.84,40,C,11.77,23.92,17.7,103.2,51.2,LEG1,否,否,39.3,0.52,17.35
301181,周线,2026-06-19,27.04,40,C,14.77,53.8,36.31,264.3,44.8,LEG1,否,否,24.3,0.43,35.58
301180,周线,2026-06-19,14.1,40,C,9.31,23.44,14.98,151.8,59.9,LEG1,否,否,29.5,0.46,14.68
688161,周线,2026-06-19,21.42,40,C,18.54,32.68,26.62,76.3,42.9,READY,否,否,21.2,0.51,26.09
301175,周线,2026-06-19,5.3,40,C,3.99,8.04,5.93,101.5,52.1,READY,否,否,28.2,0.29,5.81
688157,周线,2026-06-19,28.84,40,C,26.69,44.8,35.3,67.9,52.5,LEG1,否,否,29.3,0.62,34.59
301170,周线,2026-06-19,23.38,40,C,16.67,30.78,26.0,84.6,33.9,LEG1,否,否,24.6,0.6,25.48
301167,周线,2026-06-19,13.63,40,C,8.51,18.21,15.2,114.0,31.0,LEG1,否,否,21.3,0.65,14.9
600343,周线,2026-06-19,24.5,40,C,6.19,40.57,28.41,555.4,35.4,LEG1,否,否,29.4,0.45,27.84
600339,周线,2026-06-19,3.36,40,C,2.63,5.54,3.22,110.6,79.7,LEG1,否,否,34.6,0.28,3.16
688152,周线,2026-06-19,30.48,40,C,30.05,43.11,51.7,43.5,-65.8,LEG1,否,否,31.5,0.45,50.67
600335,周线,2026-06-19,5.22,40,C,5.11,7.25,5.89,41.9,63.6,LEG1,否,否,14.6,0.49,5.77
600332,周线,2026-06-19,21.11,40,C,24.3,27.5,25.68,13.2,56.9,LEG1,否,否,17.2,0.44,25.17
688151,周线,2026-06-19,16.04,40,C,11.11,24.14,18.82,117.3,40.8,READY,否,否,17.5,0.44,18.44
600329,周线,2026-06-19,37.73,40,C,23.4,44.24,41.5,89.1,13.1,LEG1,否,否,28.2,0.4,40.67
600328,周线,2026-06-19,6.72,40,C,6.42,10.64,7.71,65.7,69.4,LEG1,否,否,24.0,0.34,7.56
600316,周线,2026-06-19,26.72,40,C,13.2,47.66,35.22,261.1,36.1,READY,否,否,21.9,0.48,34.52
600315,周线,2026-06-19,18.13,40,C,13.67,24.11,19.27,76.4,46.4,READY,否,否,34.2,0.42,18.88
600313,周线,2026-06-19,5.71,40,C,5.12,9.8,6.24,91.4,76.1,LEG1,否,否,23.4,0.14,6.12
688180,周线,2026-06-19,29.39,40,C,23.08,46.55,33.99,101.7,53.5,LEG1,否,否,29.5,0.43,33.31
600309,周线,2026-06-19,70.79,40,C,52.1,97.0,73.36,86.2,52.7,READY,否,否,27.1,0.8,71.89
600308,周线,2026-06-19,3.25,40,C,2.76,4.38,3.55,58.7,51.2,READY,否,否,23.0,0.3,3.48
600307,周线,2026-06-19,1.51,40,C,1.11,2.51,1.58,126.1,66.4,LEG1,否,否,27.1,0.24,1.55
600305,周线,2026-06-19,6.67,40,C,6.59,8.36,7.23,26.9,63.8,READY,否,否,13.3,0.55,7.09
600303,周线,2026-06-19,2.77,40,C,2.25,3.57,2.89,58.7,51.5,BREAKOUT,否,否,37.0,0.97,2.83
000554,周线,2026-06-19,6.24,40,C,4.19,11.94,6.19,185.0,74.2,LEG1,否,否,22.3,0.21,6.07
000553,周线,2026-06-19,5.88,40,C,4.1,7.63,5.49,86.1,60.6,LEG1,否,否,38.4,0.31,5.38
000548,周线,2026-06-19,4.38,40,C,3.38,5.94,4.94,75.7,39.1,READY,否,否,20.0,0.45,4.84
301199,周线,2026-06-19,18.89,40,C,13.05,24.37,20.46,86.7,34.5,LEG1,否,否,30.9,0.57,20.05
301192,周线,2026-06-19,21.07,40,C,9.23,28.47,24.32,208.5,21.6,LEG1,否,否,20.0,0.53,23.83
301190,周线,2026-06-19,18.74,40,C,12.01,26.32,20.85,119.2,38.2,LEG1,否,否,27.5,0.49,20.43
301187,周线,2026-06-19,16.47,40,C,11.6,29.13,19.21,151.1,56.6,READY,否,否,19.4,0.81,18.83
301225,周线,2026-06-19,88.87,40,C,19.1,179.99,91.0,842.4,55.3,READY,否,否,34.7,0.53,89.18
301223,周线,2026-06-19,16.06,40,C,12.3,20.35,17.71,65.4,32.8,LEG1,否,否,19.5,0.54,17.36
301221,周线,2026-06-19,30.67,40,C,27.62,64.6,46.65,133.9,48.5,READY,否,否,24.1,0.53,45.72
000546,周线,2026-06-19,5.34,40,C,3.67,8.27,4.7,125.3,77.6,LEG1,否,否,35.9,0.34,4.61
301219,周线,2026-06-19,59.24,40,C,27.6,93.98,56.65,240.5,56.2,LEG1,否,否,33.9,0.77,55.52
301215,周线,2026-06-19,5.36,40,C,4.04,6.6,5.71,63.4,34.8,LEG1,否,否,27.6,0.67,5.6
301213,周线,2026-06-19,47.29,40,C,19.1,80.77,63.14,322.9,28.6,LEG1,否,否,25.8,0.5,61.88
301212,周线,2026-06-19,25.46,40,C,13.98,35.66,25.0,155.1,49.2,LEG1,否,否,34.9,0.5,24.5
000545,周线,2026-06-19,2.49,40,C,1.5,4.33,2.55,188.7,62.9,LEG1,否,否,36.0,0.56,2.5
301209,周线,2026-06-19,58.4,40,C,11.21,101.99,83.91,809.8,19.9,LEG1,否,否,16.6,0.76,82.23
301208,周线,2026-06-19,28.98,40,C,21.45,35.66,32.1,66.2,25.1,LEG1,否,否,32.4,0.68,31.46
301207,周线,2026-06-19,16.39,40,C,14.45,24.87,16.75,72.1,77.9,LEG1,否,否,29.6,0.26,16.41
301206,周线,2026-06-19,23.59,40,C,20.8,27.77,24.5,33.5,46.9,LEG1,否,否,24.4,0.44,24.01
600320,周线,2026-06-19,4.52,40,C,2.81,5.53,4.34,96.8,43.8,LEG1,否,否,35.5,0.47,4.25
600319,周线,2026-06-19,6.78,40,C,2.88,8.83,6.94,206.6,31.8,LEG1,否,否,30.5,0.33,6.8
600318,周线,2026-06-19,6.4,40,C,5.12,8.02,7.2,56.6,28.3,LEG1,否,否,24.8,0.45,7.06
000544,周线,2026-06-19,7.82,40,C,5.6,9.56,7.87,70.7,42.7,READY,否,否,28.1,0.32,7.71
600298,周线,2026-06-19,33.86,40,C,27.22,46.0,37.06,69.0,47.6,LEG1,否,否,27.2,0.9,36.32
000538,周线,2026-06-19,48.91,40,C,49.0,58.2,55.0,18.8,34.8,LEG1,否,否,29.2,0.6,53.9
600289,周线,2026-06-19,5.47,40,C,1.05,8.79,5.63,737.1,40.8,READY,否,否,26.2,0.26,5.52
600288,周线,2026-06-19,13.18,40,C,5.96,16.22,13.55,172.1,26.0,LEG1,否,否,39.2,0.61,13.28
600287,周线,2026-06-19,4.67,40,C,2.63,5.98,5.29,127.4,20.6,LEG1,否,否,20.2,0.37,5.18
600285,周线,2026-06-19,20.45,40,C,18.49,22.93,21.0,24.0,43.5,LEG1,否,否,32.0,0.5,20.58
600284,周线,2026-06-19,5.17,40,C,4.88,8.02,6.56,64.3,46.5,LEG1,否,否,21.8,0.46,6.43
600283,周线,2026-06-19,8.2,40,C,7.38,9.69,8.82,31.3,37.7,READY,否,否,22.0,0.29,8.64
600282,周线,2026-06-19,4.77,40,C,3.98,6.05,4.99,52.0,51.2,READY,否,否,34.5,0.68,4.89
600281,周线,2026-06-19,4.54,40,C,2.21,5.76,4.88,160.6,24.8,LEG1,否,否,26.6,0.71,4.78
000532,周线,2026-06-19,11.75,40,C,9.11,19.02,13.56,108.8,55.1,LEG1,否,否,37.9,0.63,13.29
000530,周线,2026-06-19,5.56,40,C,3.02,8.3,6.04,174.8,42.8,LEG1,否,否,37.1,0.89,5.92
000529,周线,2026-06-19,4.63,40,C,4.46,6.31,5.41,41.5,48.6,READY,否,否,11.1,0.44,5.3
688139,周线,2026-06-19,27.0,40,C,23.96,38.8,29.8,61.9,60.6,READY,否,否,31.3,0.54,29.2
301230,周线,2026-06-19,33.53,40,C,18.41,45.78,28.9,148.7,61.7,LEG1,否,否,33.6,0.33,28.32
600258,周线,2026-06-19,12.64,40,C,10.9,18.22,13.89,67.2,59.2,LEG1,否,否,20.5,0.52,13.61
600257,周线,2026-06-19,4.82,40,C,3.92,7.31,5.76,86.5,45.7,LEG1,否,否,16.8,0.43,5.64
600252,周线,2026-06-19,1.97,40,C,1.87,2.68,2.63,43.3,6.2,LEG1,否,否,16.2,0.91,2.58
301270,周线,2026-06-19,29.23,40,C,20.06,36.7,35.62,83.0,6.5,LEG1,否,否,37.4,0.44,34.91
301268,周线,2026-06-19,16.24,40,C,13.15,24.25,20.07,84.4,37.7,LEG1,否,否,29.7,0.41,19.67
301267,周线,2026-06-19,16.21,40,C,15.9,18.75,17.92,17.9,29.1,LEG1,否,否,31.9,0.45,17.56
301266,周线,2026-06-19,26.42,40,C,26.05,54.92,36.98,110.8,62.1,READY,否,否,28.3,0.72,36.24
688137,周线,2026-06-19,34.81,40,C,28.56,54.0,38.45,89.1,61.1,LEG1,否,否,23.7,0.69,37.68
301262,周线,2026-06-19,19.51,40,C,19.76,24.88,23.4,25.9,28.9,LEG1,否,否,19.7,0.25,22.93
688136,周线,2026-06-19,18.12,40,C,10.61,33.72,37.82,217.8,-17.7,LEG1,否,否,16.8,0.48,37.06
301258,周线,2026-06-19,24.1,40,C,19.63,38.31,30.5,95.2,41.8,LEG1,否,否,19.3,0.49,29.89
301257,周线,2026-06-19,39.91,40,C,23.07,85.0,49.2,268.4,57.8,READY,否,否,19.4,0.48,48.22
301256,周线,2026-06-19,11.6,40,C,5.16,15.11,12.29,192.8,28.3,LEG1,否,否,30.2,0.38,12.04
301255,周线,2026-06-19,23.83,40,C,22.8,31.27,29.99,37.1,15.1,LEG1,否,否,35.3,0.36,29.39
688132,周线,2026-06-19,14.3,40,C,11.27,18.78,15.51,66.6,43.5,LEG1,否,否,25.1,0.66,15.2
600300,周线,2026-06-19,3.0,40,C,2.26,3.8,3.2,68.1,39.0,LEG1,否,否,23.1,0.33,3.14
688117,周线,2026-06-19,23.12,40,C,16.46,39.33,31.55,138.9,34.0,LEG1,否,否,15.4,0.84,30.92
301289,周线,2026-06-19,49.92,40,C,32.23,58.03,49.48,80.0,33.1,LEG1,否,否,33.6,0.9,48.49
301287,周线,2026-06-19,34.66,40,C,21.21,46.0,37.61,116.9,33.8,LEG1,否,否,25.4,0.52,36.86
301283,周线,2026-06-19,26.69,40,C,20.8,50.69,41.02,143.7,32.4,LEG1,否,否,17.0,0.74,40.2
688111,周线,2026-06-19,215.3,40,C,167.18,282.18,294.54,68.8,-10.7,LEG1,否,否,25.5,0.49,288.65
301278,周线,2026-06-19,32.65,40,C,26.81,51.4,36.24,91.7,61.7,READY,否,否,30.1,0.21,35.52
301272,周线,2026-06-19,36.26,40,C,28.88,48.58,36.32,68.2,62.2,LEG1,否,否,29.1,0.54,35.59
600278,周线,2026-06-19,6.34,40,C,4.93,7.8,6.93,58.2,30.3,LEG1,否,否,25.1,0.67,6.79
600276,周线,2026-06-19,46.99,40,C,37.24,58.87,51.11,58.1,35.9,LEG1,否,否,23.7,0.55,50.09
600273,周线,2026-06-19,6.95,40,C,6.58,12.25,8.11,86.2,73.0,LEG1,否,否,14.8,0.53,7.95
600272,周线,2026-06-19,10.8,40,C,7.61,13.62,11.77,79.0,30.8,LEG1,否,否,20.8,0.53,11.53
600269,周线,2026-06-19,4.09,40,C,4.06,5.05,4.83,24.4,22.2,LEG1,否,否,14.7,0.67,4.73
600267,周线,2026-06-19,9.65,40,C,6.43,12.24,9.41,90.4,48.7,LEG1,否,否,31.8,0.43,9.22
600266,周线,2026-06-19,4.29,40,C,3.43,5.46,4.42,59.2,51.2,LEG1,否,否,28.4,0.36,4.33
600262,周线,2026-06-19,21.82,40,C,11.83,28.1,24.26,137.5,23.6,LEG1,否,否,34.8,0.31,23.77
688109,周线,2026-06-19,80.5,40,C,13.51,156.59,110.92,1059.1,31.9,LEG1,否,否,33.5,0.52,108.7
301301,周线,2026-06-19,8.35,40,C,6.94,11.82,9.71,70.3,43.2,LEG1,否,否,19.5,0.36,9.52
301300,周线,2026-06-19,33.95,40,C,14.86,49.74,41.67,234.7,23.1,LEG1,否,否,20.5,0.41,40.84
301299,周线,2026-06-19,50.42,40,C,28.25,73.88,60.12,161.5,30.2,READY,否,否,31.9,0.37,58.92
301298,周线,2026-06-19,12.68,40,C,9.25,17.05,14.28,84.3,35.5,LEG1,否,否,20.2,0.59,13.99
301296,周线,2026-06-19,6.38,40,C,6.51,9.15,8.12,40.6,39.0,LEG1,否,否,15.5,0.58,7.96
301293,周线,2026-06-19,53.95,40,C,29.61,95.45,51.99,222.4,66.0,LEG1,否,否,30.8,0.25,50.95
000568,周线,2026-06-19,82.94,40,C,98.92,127.91,126.7,29.3,4.2,LEG1,否,否,13.3,0.68,124.17
600250,周线,2026-06-19,8.42,40,C,5.51,14.7,10.62,166.8,44.4,LEG1,否,否,17.3,0.27,10.41
600249,周线,2026-06-19,5.1,40,C,3.5,7.71,5.29,120.3,57.5,LEG1,否,否,26.6,0.45,5.18
600241,周线,2026-06-19,7.09,40,C,4.09,10.45,8.0,155.5,38.5,LEG1,否,否,23.2,0.47,7.84
600239,周线,2026-06-19,1.39,40,C,1.81,2.46,2.32,35.9,21.5,LEG1,否,否,8.8,0.48,2.27
600235,周线,2026-06-19,5.37,40,C,3.67,7.29,6.0,98.6,35.6,LEG1,否,否,21.9,0.56,5.88
000566,周线,2026-06-19,3.78,40,C,2.83,9.24,5.18,226.5,63.3,LEG1,否,否,14.4,0.41,5.08
600232,周线,2026-06-19,6.76,40,C,3.21,9.42,7.12,193.5,37.0,LEG1,否,否,26.5,0.38,6.98
600231,周线,2026-06-19,1.83,40,C,1.21,2.26,1.9,86.8,34.3,LEG1,否,否,23.7,0.22,1.86
600230,周线,2026-06-19,14.68,40,C,8.22,27.24,16.49,231.4,56.5,READY,否,否,31.3,0.33,16.16
000565,周线,2026-06-19,6.2,40,C,3.44,8.78,6.8,155.2,37.1,LEG1,否,否,26.3,0.38,6.66
600219,周线,2026-06-19,4.63,40,C,2.69,8.45,4.54,214.1,67.9,LEG1,否,否,26.0,0.43,4.45
600218,周线,2026-06-19,7.91,40,C,5.45,12.56,8.62,130.5,55.4,READY,否,否,23.7,0.33,8.45
600217,周线,2026-06-19,3.07,40,C,3.31,4.47,3.99,35.0,41.4,LEG1,否,否,15.8,0.61,3.91
600216,周线,2026-06-19,11.77,40,C,7.97,18.58,13.87,133.1,44.4,LEG1,否,否,18.1,0.35,13.59
600215,周线,2026-06-19,6.31,40,C,5.13,7.23,6.3,40.9,44.3,LEG1,否,否,37.8,0.81,6.17
600212,周线,2026-06-19,5.83,40,C,4.34,8.25,6.85,90.1,35.8,LEG1,否,否,20.8,0.54,6.71
600211,周线,2026-06-19,36.45,40,C,31.23,44.5,39.0,42.5,41.4,LEG1,否,否,23.1,0.54,38.22
600210,周线,2026-06-19,6.67,40,C,3.83,7.34,6.47,91.6,24.8,LEG1,否,否,37.3,0.45,6.34
600208,周线,2026-06-19,3.09,40,C,1.55,5.51,3.07,255.5,61.6,LEG1,否,否,39.7,0.78,3.01
000563,周线,2026-06-19,2.92,40,C,2.63,3.68,3.22,39.9,43.8,READY,否,否,14.3,0.6,3.16
301320,周线,2026-06-19,14.48,40,C,11.3,18.1,15.47,60.2,38.7,LEG1,否,否,35.9,0.62,15.16
301318,周线,2026-06-19,20.64,40,C,16.57,31.66,26.43,91.1,34.7,LEG1,否,否,17.1,0.52,25.9
000561,周线,2026-06-19,7.82,40,C,5.04,14.53,9.03,188.3,58.0,READY,否,否,23.9,0.45,8.85
301315,周线,2026-06-19,40.65,40,C,27.96,53.5,46.33,91.3,28.1,LEG1,否,否,23.9,0.64,45.4
301311,周线,2026-06-19,14.24,40,C,14.3,17.3,17.75,21.0,-15.0,LEG1,否,否,21.3,0.32,17.39
000560,周线,2026-06-19,2.25,40,C,1.42,3.42,2.77,140.8,32.5,LEG1,否,否,20.7,0.33,2.71
600187,周线,2026-06-19,1.4,40,C,1.3,2.81,2.41,116.2,26.5,LEG1,否,否,34.3,0.85,2.36
600185,周线,2026-06-19,4.86,40,C,4.16,8.28,6.23,99.0,49.8,LEG1,否,否,18.2,0.3,6.11
301355,周线,2026-06-19,10.06,40,C,9.07,13.25,11.18,46.1,49.5,LEG1,否,否,22.8,0.54,10.96
301353,周线,2026-06-19,18.3,40,C,17.82,30.8,25.15,72.8,43.5,LEG1,否,否,15.0,0.76,24.65
000557,周线,2026-06-19,3.7,40,C,3.46,5.35,4.45,54.6,47.6,READY,否,否,13.3,0.71,4.36
000555,周线,2026-06-19,11.26,40,C,7.07,20.08,15.63,184.0,34.2,LEG1,否,否,26.2,0.25,15.32
301336,周线,2026-06-19,37.8,40,C,21.81,66.14,46.8,203.3,43.6,READY,否,否,21.6,0.74,45.86
301335,周线,2026-06-19,21.09,40,C,13.34,32.37,23.77,142.7,45.2,READY,否,否,22.6,0.65,23.29
301333,周线,2026-06-19,46.86,40,C,33.05,91.78,54.0,177.7,64.3,READY,否,否,23.0,0.53,52.92
301332,周线,2026-06-19,8.2,40,C,7.7,10.08,8.55,30.9,64.3,LEG1,否,否,27.6,0.5,8.38
301331,周线,2026-06-19,21.8,40,C,20.25,33.5,25.77,65.4,58.3,LEG1,否,否,16.1,0.76,25.25
301330,周线,2026-06-19,27.82,40,C,18.02,50.5,27.58,180.2,70.6,LEG1,否,否,35.5,0.59,27.03
301327,周线,2026-06-19,50.94,40,C,46.98,82.93,55.36,76.5,76.7,LEG1,否,否,26.2,0.25,54.25
688092,周线,2026-06-19,22.82,40,C,16.4,30.48,26.4,85.9,29.0,LEG1,否,否,23.4,0.65,25.87
600223,周线,2026-06-19,5.34,40,C,5.74,7.72,7.16,34.5,28.3,LEG1,否,否,13.2,0.71,7.02
600170,周线,2026-06-19,2.42,40,C,1.88,3.26,2.58,73.4,49.3,LEG1,否,否,23.6,0.41,2.53
600169,周线,2026-06-19,2.2,40,C,1.73,2.57,2.28,48.6,34.5,READY,否,否,16.2,0.37,2.23
600168,周线,2026-06-19,4.35,40,C,3.6,5.65,4.82,56.9,40.5,READY,否,否,25.0,0.36,4.72
600167,周线,2026-06-19,5.88,40,C,4.73,7.68,6.32,62.4,46.1,READY,否,否,26.3,0.48,6.19
600165,周线,2026-06-19,2.73,40,C,1.26,3.89,3.22,208.7,25.5,LEG1,否,否,21.7,0.53,3.16
301376,周线,2026-06-19,15.65,40,C,14.81,20.6,17.9,39.1,46.6,LEG1,否,否,32.5,0.5,17.54
301370,周线,2026-06-19,8.65,40,C,8.52,13.13,10.23,54.1,62.9,LEG1,否,否,23.0,0.48,10.03
301368,周线,2026-06-19,44.11,40,C,23.57,74.0,53.35,214.0,40.9,LEG1,否,否,32.2,0.63,52.28
301367,周线,2026-06-19,40.39,40,C,56.37,74.16,80.76,31.6,-37.1,LEG1,否,否,14.0,0.85,79.14
688091,周线,2026-06-19,39.3,40,C,20.27,66.2,45.75,226.6,44.5,LEG1,否,否,26.5,0.43,44.84
301359,周线,2026-06-19,18.21,40,C,11.98,24.57,18.62,105.1,47.3,LEG1,否,否,28.5,0.6,18.25
301357,周线,2026-06-19,86.23,40,C,22.41,155.0,100.0,591.7,41.5,READY,否,否,18.8,0.47,98.0
600202,周线,2026-06-19,4.82,40,C,3.15,6.57,5.37,108.6,35.1,LEG1,否,否,23.2,0.54,5.26
600201,周线,2026-06-19,11.9,40,C,5.62,15.61,13.14,177.8,24.7,LEG1,否,否,35.0,0.47,12.88
600196,周线,2026-06-19,21.58,40,C,20.38,27.35,22.88,34.2,64.1,LEG1,否,否,17.6,0.6,22.42
600195,周线,2026-06-19,6.43,40,C,5.47,8.72,6.97,59.4,53.8,LEG1,否,否,25.6,0.22,6.83
688089,周线,2026-06-19,11.48,40,C,9.98,20.47,22.29,105.1,-17.3,LEG1,否,否,14.7,0.64,21.84
600149,周线,2026-06-19,4.85,40,C,2.85,7.66,5.43,168.8,46.4,READY,否,否,30.1,0.27,5.32
600148,周线,2026-06-19,15.91,40,C,9.25,19.8,16.7,114.1,29.4,LEG1,否,否,23.9,0.64,16.37
000597,周线,2026-06-19,4.39,40,C,3.72,5.73,4.65,54.0,53.7,LEG1,否,否,24.2,0.42,4.56
301395,周线,2026-06-19,11.5,40,C,8.77,17.02,10.2,94.1,82.7,LEG1,否,否,35.8,0.48,10.0
301391,周线,2026-06-19,66.12,40,C,27.66,88.8,62.6,221.0,42.9,LEG1,否,否,39.8,0.52,61.35
301390,周线,2026-06-19,29.37,40,C,23.67,43.35,34.47,83.1,45.1,READY,否,否,23.0,0.48,33.78
301388,周线,2026-06-19,25.99,40,C,11.73,34.78,29.86,196.5,21.3,LEG1,否,否,23.9,0.25,29.26
301386,周线,2026-06-19,20.86,40,C,14.6,29.6,23.3,102.7,42.0,READY,否,否,25.1,0.32,22.83
000592,周线,2026-06-19,7.46,40,C,1.23,13.2,9.49,973.2,31.0,READY,否,否,23.6,0.24,9.3
000590,周线,2026-06-19,9.17,40,C,4.8,12.7,7.23,164.6,69.2,LEG1,否,否,12.9,0.38,7.09
301380,周线,2026-06-19,29.0,40,C,25.77,45.71,39.33,77.4,32.0,LEG1,否,否,28.4,0.38,38.54
301378,周线,2026-06-19,27.0,40,C,17.5,38.8,26.79,121.7,56.4,LEG1,否,否,29.4,0.34,26.25
000589,周线,2026-06-19,4.33,40,C,4.14,5.16,4.44,24.6,70.6,LEG1,否,否,26.8,0.66,4.35
000581,周线,2026-06-19,17.67,40,C,15.62,26.0,19.65,66.5,61.2,LEG1,否,否,26.2,0.32,19.26
600173,周线,2026-06-19,6.49,40,C,2.98,9.3,6.41,212.1,45.7,READY,否,否,35.4,0.28,6.28
600127,周线,2026-06-19,5.56,40,C,5.1,7.8,6.37,52.9,53.0,LEG1,否,否,18.3,0.21,6.24
600126,周线,2026-06-19,7.12,40,C,3.23,11.22,7.72,247.4,43.8,LEG1,否,否,35.3,0.27,7.57
600125,周线,2026-06-19,5.42,40,C,4.8,7.18,6.04,49.6,47.9,LEG1,否,否,20.9,0.29,5.92
600120,周线,2026-06-19,4.54,40,C,3.03,7.7,5.43,154.1,48.6,READY,否,否,21.4,0.44,5.32
600117,周线,2026-06-19,2.2,40,C,1.87,2.66,2.45,42.2,26.6,LEG1,否,否,20.3,0.45,2.4
600115,周线,2026-06-19,4.08,40,C,3.38,6.48,3.75,91.7,88.1,LEG1,否,否,39.9,0.87,3.67
000576,周线,2026-06-19,7.11,40,C,4.96,11.99,8.53,141.7,49.2,READY,否,否,19.1,0.39,8.36
301456,周线,2026-06-19,25.05,40,C,17.35,34.3,26.8,97.7,44.2,READY,否,否,26.1,0.45,26.26
301429,周线,2026-06-19,17.55,40,C,10.01,23.75,17.6,137.3,44.8,LEG1,否,否,28.5,0.58,17.25
301413,周线,2026-06-19,80.89,40,C,31.51,178.99,114.1,468.0,44.0,LEG1,否,否,31.2,0.7,111.82
301408,周线,2026-06-19,15.32,40,C,9.3,23.05,12.17,147.8,79.1,LEG1,否,否,30.8,0.32,11.93
301398,周线,2026-06-19,40.63,40,C,27.0,67.75,44.49,150.9,57.1,LEG1,否,否,37.2,0.66,43.6
000572,周线,2026-06-19,4.11,40,C,2.67,12.03,3.7,350.6,89.0,LEG1,否,否,16.8,0.58,3.63
600159,周线,2026-06-19,2.42,40,C,1.94,3.48,2.67,79.4,52.6,LEG1,否,否,25.1,0.62,2.62
000570,周线,2026-06-19,5.12,40,C,4.09,6.95,5.15,69.9,62.9,LEG1,否,否,29.9,0.33,5.05
600155,周线,2026-06-19,5.52,40,C,5.66,6.47,6.49,14.3,-2.5,LEG1,否,否,25.5,0.79,6.36
301517,周线,2026-06-19,53.75,40,C,30.12,75.7,43.65,151.3,70.3,LEG1,否,否,35.9,0.51,42.78
688122,周线,2026-06-19,58.6,40,C,31.35,110.0,60.21,250.9,63.3,READY,否,否,36.9,0.71,59.01
301515,周线,2026-06-19,19.44,40,C,15.37,24.88,20.0,61.9,51.3,LEG1,否,否,24.8,0.47,19.6
301509,周线,2026-06-19,26.98,40,C,22.1,48.6,34.62,119.9,52.8,LEG1,否,否,21.0,0.27,33.93
688119,周线,2026-06-19,4.61,40,C,2.91,5.56,4.05,91.1,57.0,LEG1,否,否,38.3,0.41,3.97
301507,周线,2026-06-19,12.13,40,C,10.28,15.05,13.13,46.4,40.3,LEG1,否,否,19.1,0.52,12.87
301503,周线,2026-06-19,29.48,40,C,18.17,36.87,32.33,102.9,24.3,LEG1,否,否,18.9,0.56,31.68
301498,周线,2026-06-19,41.0,40,C,30.16,74.25,89.51,146.2,-34.6,LEG1,否,否,13.6,0.45,87.72
688118,周线,2026-06-19,21.93,40,C,11.14,40.59,23.18,264.4,59.1,LEG1,否,否,29.6,0.31,22.72
000626,周线,2026-06-19,7.02,40,C,3.71,9.64,7.17,159.8,41.7,LEG1,否,否,36.0,0.31,7.03
600137,周线,2026-06-19,17.95,40,C,9.66,24.46,17.46,153.2,47.3,LEG1,否,否,24.9,0.39,17.11
600136,周线,2026-06-19,1.46,40,C,1.12,2.13,1.62,90.2,50.5,LEG1,否,否,23.3,0.32,1.59
000625,周线,2026-06-19,7.39,40,C,11.32,13.84,12.24,22.3,63.5,LEG1,否,否,5.7,0.61,12.0
600133,周线,2026-06-19,8.03,40,C,6.7,11.56,8.75,72.5,57.8,LEG1,否,否,28.2,0.35,8.57
600131,周线,2026-06-19,15.18,40,C,12.79,24.13,15.78,88.7,73.6,LEG1,否,否,24.9,0.2,15.46
600128,周线,2026-06-19,8.37,40,C,5.24,13.1,9.85,150.0,41.3,READY,否,否,15.3,0.45,9.65
600106,周线,2026-06-19,4.92,40,C,3.45,6.35,5.22,84.1,39.0,LEG1,否,否,22.2,0.46,5.12
000619,周线,2026-06-19,4.82,40,C,3.66,6.27,5.4,71.3,33.3,LEG1,否,否,19.1,0.91,5.29
000617,周线,2026-06-19,7.36,40,C,4.87,11.77,8.73,141.7,44.1,LEG1,否,否,23.4,0.3,8.56
600101,周线,2026-06-19,9.08,40,C,5.53,11.64,8.75,110.5,47.3,READY,否,否,36.8,0.39,8.57
600100,周线,2026-06-19,7.18,40,C,4.51,9.36,7.66,107.5,35.1,LEG1,否,否,30.5,0.38,7.51
600099,周线,2026-06-19,8.75,40,C,5.73,11.9,9.63,107.7,36.8,LEG1,否,否,17.8,0.48,9.44
600097,周线,2026-06-19,8.43,40,C,6.41,12.88,11.21,100.9,25.8,LEG1,否,否,13.1,0.42,10.99
600096,周线,2026-06-19,30.23,40,C,18.22,45.62,31.11,150.4,53.0,READY,否,否,35.7,0.57,30.49
600095,周线,2026-06-19,8.01,40,C,5.75,12.34,10.93,114.6,21.4,LEG1,否,否,27.0,0.74,10.71
301550,周线,2026-06-19,99.85,40,C,24.44,212.82,127.0,770.8,45.6,READY,否,否,32.6,0.9,124.46
301539,周线,2026-06-19,14.6,40,C,14.71,23.4,17.66,59.1,66.1,LEG1,否,否,16.8,0.5,17.31
301533,周线,2026-06-19,25.33,40,C,19.52,33.7,30.0,72.6,26.1,LEG1,否,否,15.2,0.53,29.4
301525,周线,2026-06-19,49.77,40,C,41.0,106.84,66.74,160.6,60.9,READY,否,否,26.5,0.74,65.41
301520,周线,2026-06-19,24.18,40,C,33.45,46.5,38.34,39.0,62.5,LEG1,否,否,10.0,0.57,37.57
301519,周线,2026-06-19,11.87,40,C,10.47,16.0,12.94,52.8,55.3,LEG1,否,否,24.0,0.64,12.68
301518,周线,2026-06-19,29.1,40,C,12.6,52.76,32.13,318.7,51.4,LEG1,否,否,24.1,0.4,31.49
600082,周线,2026-06-19,2.96,40,C,1.81,4.35,2.85,140.3,59.1,LEG1,否,否,32.6,0.28,2.79
600081,周线,2026-06-19,10.18,40,C,6.95,12.98,10.46,86.8,41.8,READY,否,否,33.8,0.48,10.25
600080,周线,2026-06-19,4.76,40,C,4.53,9.3,7.36,105.3,40.7,LEG1,否,否,13.5,0.37,7.21
600079,周线,2026-06-19,16.7,40,C,15.68,19.35,17.95,23.4,38.1,LEG1,否,否,16.6,0.55,17.59
600075,周线,2026-06-19,4.56,40,C,3.16,8.13,5.79,157.3,47.1,READY,否,否,26.6,0.28,5.67
600073,周线,2026-06-19,4.91,40,C,5.24,7.08,6.33,35.1,40.8,LEG1,否,否,10.6,0.37,6.2
600072,周线,2026-06-19,9.81,40,C,10.81,14.51,11.63,34.2,77.8,LEG1,否,否,25.4,0.34,11.4
600071,周线,2026-06-19,17.37,40,C,14.21,21.6,17.81,52.0,51.3,LEG1,否,否,36.4,0.67,17.45
301598,周线,2026-06-19,54.54,40,C,49.3,70.69,59.52,43.4,52.2,LEG1,否,否,34.5,0.79,58.33
000610,周线,2026-06-19,6.51,40,C,9.55,14.0,12.16,46.6,41.3,LEG1,否,否,19.0,0.3,11.92
301567,周线,2026-06-19,39.56,40,C,30.52,58.99,37.77,93.3,74.5,LEG1,否,否,36.8,0.59,37.01
301559,周线,2026-06-19,13.3,40,C,13.57,19.44,16.24,43.3,54.5,LEG1,否,否,20.6,0.42,15.92
301558,周线,2026-06-19,6.6,40,C,6.27,8.56,7.66,36.5,39.3,LEG1,否,否,16.8,0.41,7.51
301556,周线,2026-06-19,64.09,40,C,76.49,168.0,92.0,119.6,83.1,LEG1,否,否,24.5,0.35,90.16
600113,周线,2026-06-19,34.0,40,C,5.05,53.56,43.73,960.6,20.3,LEG1,否,否,15.5,0.61,42.86
600108,周线,2026-06-19,3.43,40,C,2.23,7.17,2.87,221.5,87.0,LEG1,否,否,36.1,0.87,2.81
600053,周线,2026-06-19,8.03,40,C,11.0,26.25,16.0,138.6,67.2,LEG1,否,否,15.4,0.33,15.68
000607,周线,2026-06-19,3.3,40,C,2.75,5.67,3.99,106.2,57.5,LEG1,否,否,20.4,0.27,3.91
600051,周线,2026-06-19,6.04,40,C,4.57,7.96,6.86,74.2,32.4,LEG1,否,否,18.9,0.5,6.72
000605,周线,2026-06-19,5.71,40,C,3.6,7.31,6.6,103.1,19.1,LEG1,否,否,21.9,0.54,6.47
000599,周线,2026-06-19,4.74,40,C,2.79,8.1,5.74,190.3,44.4,LEG1,否,否,26.1,0.34,5.63
302132,周线,2026-06-19,60.2,40,C,31.88,75.55,64.81,137.0,24.6,LEG1,否,否,34.3,0.78,63.51
688105,周线,2026-06-19,13.89,40,C,16.85,23.95,19.58,42.1,61.5,LEG1,否,否,22.2,0.75,19.19
301616,周线,2026-06-19,36.99,40,C,39.9,52.37,47.7,31.3,37.4,LEG1,否,否,24.3,0.42,46.75
688100,周线,2026-06-19,31.47,40,C,23.01,45.85,34.06,99.3,51.6,LEG1,否,否,27.7,0.68,33.38
301602,周线,2026-06-19,15.08,40,C,21.0,25.49,24.0,21.4,33.2,LEG1,否,否,13.4,0.83,23.52
301600,周线,2026-06-19,92.95,40,C,70.14,124.58,114.0,77.6,19.4,LEG1,否,否,32.1,0.58,111.72
600094,周线,2026-06-19,4.04,40,C,2.28,5.07,3.72,122.4,48.4,LEG1,否,否,35.5,0.8,3.65
688095,周线,2026-06-19,64.74,40,C,37.01,86.6,83.03,134.0,7.2,LEG1,否,否,30.0,0.44,81.37
600088,周线,2026-06-19,12.49,40,C,12.89,20.01,15.6,55.2,61.9,LEG1,否,否,31.3,0.9,15.29
600085,周线,2026-06-19,23.94,40,C,30.84,35.87,35.28,16.3,11.7,LEG1,否,否,11.4,0.53,34.57
600084,周线,2026-06-19,4.1,40,C,4.16,8.01,5.17,92.5,73.8,LEG1,否,否,17.3,0.29,5.07
600022,周线,2026-06-19,1.3,40,C,1.12,1.83,1.46,63.4,52.1,LEG1,否,否,24.5,0.36,1.43
688075,周线,2026-06-19,30.9,40,C,28.76,43.65,37.35,51.8,42.3,LEG1,否,否,10.6,0.64,36.6
600019,周线,2026-06-19,5.77,40,C,5.5,6.55,7.0,19.1,-42.9,LEG1,否,否,31.8,0.62,6.86
600017,周线,2026-06-19,2.65,40,C,2.49,3.35,2.93,34.5,48.8,LEG1,否,否,19.6,0.45,2.87
399286,周线,2026-06-19,3344.87,40,C,2207.41,3871.76,3577.07,75.4,17.7,LEG1,否,否,24.7,0.7,3505.53
399275,周线,2026-06-19,2035.28,40,C,2054.6,2563.83,2578.69,24.8,-2.9,LEG1,否,否,9.9,0.62,2527.12
399108,周线,2026-06-19,1142.87,40,C,970.27,1373.61,1151.44,41.6,55.1,LEG1,否,否,35.8,0.69,1128.41
600064,周线,2026-06-19,7.52,40,C,5.43,9.23,7.9,70.0,35.0,READY,否,否,37.9,0.5,7.74
600062,周线,2026-06-19,16.65,40,C,15.94,19.0,17.69,19.2,42.8,LEG1,否,否,26.3,0.49,17.34
688073,周线,2026-06-19,44.63,40,C,28.5,65.96,47.98,131.4,48.0,LEG1,否,否,26.0,0.44,47.02
600059,周线,2026-06-19,7.87,40,C,7.19,10.89,8.58,51.5,62.4,READY,否,否,15.5,0.36,8.41
688070,周线,2026-06-19,39.78,40,C,18.52,68.5,43.71,269.9,49.6,READY,否,否,30.2,0.46,42.84
600057,周线,2026-06-19,5.94,40,C,4.61,8.83,7.5,91.5,31.5,LEG1,否,否,25.8,0.49,7.35
600056,周线,2026-06-19,9.1,40,C,9.47,11.59,10.59,22.4,47.2,LEG1,否,否,22.8,0.24,10.38
600055,周线,2026-06-19,11.27,40,C,11.23,15.43,13.77,37.4,39.5,LEG1,否,否,13.1,0.75,13.49
600054,周线,2026-06-19,10.94,40,C,9.28,14.76,11.08,59.1,67.2,LEG1,否,否,29.9,0.36,10.86
688579,周线,2026-06-19,8.38,40,C,6.71,13.49,9.87,101.0,53.4,READY,否,否,25.1,0.37,9.67
688578,周线,2026-06-19,83.06,40,C,32.25,101.33,49.51,214.2,75.0,LEG1,否,否,22.7,0.51,48.52
688577,周线,2026-06-19,49.03,40,C,26.77,139.93,45.0,422.7,83.9,LEG1,否,否,31.4,0.66,44.1
399699,周线,2026-06-19,3522.41,40,C,2160.43,4214.4,3716.16,95.1,24.3,LEG1,否,否,31.6,0.62,3641.84
399391,周线,2026-06-19,2991.17,40,C,2606.63,3577.37,3182.18,37.2,40.7,READY,否,否,16.3,0.69,3118.54
000656,周线,2026-06-19,1.34,40,C,1.0,1.51,1.28,51.0,45.1,LEG1,否,否,34.0,0.39,1.25
000852,周线,2026-06-19,5.6,40,C,4.94,7.55,6.84,52.8,27.2,LEG1,否,否,22.2,0.31,6.7
000698,周线,2026-06-19,3.12,40,C,2.51,4.29,3.65,70.9,36.0,READY,否,否,20.0,0.47,3.58
000655,周线,2026-06-19,7.0,40,C,4.59,12.03,8.6,162.1,46.1,LEG1,否,否,21.5,0.36,8.43
000683,周线,2026-06-19,6.57,40,C,4.62,9.29,7.81,101.1,31.7,LEG1,否,否,25.5,0.65,7.65
000680,周线,2026-06-19,10.41,40,C,6.31,12.85,10.57,103.6,34.9,LEG1,否,否,30.8,0.46,10.36
000652,周线,2026-06-19,3.52,40,C,2.92,4.48,3.65,53.4,53.2,LEG1,否,否,25.8,0.35,3.58
000019,周线,2026-06-19,6.22,40,C,5.51,8.58,6.84,55.7,56.7,LEG1,否,否,30.6,0.32,6.7
000017,周线,2026-06-19,5.16,40,C,4.96,8.74,6.16,76.2,68.3,LEG1,否,否,17.4,0.56,6.04
000650,周线,2026-06-19,5.18,40,C,5.09,5.98,5.64,17.5,38.2,LEG1,否,否,23.4,0.42,5.53
000011,周线,2026-06-19,7.44,40,C,7.16,8.65,8.61,20.8,2.7,LEG1,否,否,28.4,0.65,8.44
000905,周线,2026-06-19,8.61,40,C,5.34,14.68,10.35,174.9,46.4,READY,否,否,21.8,0.39,10.14
000903,周线,2026-06-19,1.97,40,C,1.57,2.86,2.56,82.2,23.3,LEG1,否,否,29.6,0.86,2.51
000888,周线,2026-06-19,9.53,40,C,7.47,14.47,12.13,93.7,33.4,LEG1,否,否,9.0,0.41,11.89
399354,周线,2026-06-19,8094.17,40,C,5984.93,8584.63,6496.09,43.4,80.3,LEG1,否,否,37.8,0.69,6366.17
000639,周线,2026-06-19,1.36,40,C,2.17,3.23,3.14,48.8,8.5,LEG1,否,否,17.5,0.38,3.08
000638,周线,2026-04-17,0.89,40,C,2.96,7.92,3.93,167.6,80.4,LEG1,否,否,18.9,0.05,3.85
000637,周线,2026-06-19,3.77,40,C,2.61,4.87,4.19,86.6,30.1,LEG1,否,否,26.8,0.41,4.11
399321,周线,2026-06-19,7035.51,40,C,6143.32,7605.94,7298.61,23.8,21.0,LEG1,否,否,24.5,0.64,7152.64
399320,周线,2026-06-19,2103.85,40,C,1930.53,2253.13,2103.32,16.7,46.4,READY,否,否,37.7,0.64,2061.25
000635,周线,2026-06-19,6.74,40,C,4.8,10.93,7.83,127.7,50.6,READY,否,否,21.9,0.7,7.67
600038,周线,2026-06-19,27.15,40,C,30.24,39.3,34.43,30.0,53.8,LEG1,否,否,25.9,0.62,33.74
600037,周线,2026-06-19,6.73,40,C,5.55,8.29,6.95,49.4,48.9,LEG1,否,否,31.2,0.46,6.81
600035,周线,2026-06-19,3.74,40,C,3.4,4.05,3.7,19.1,53.8,READY,否,否,30.9,0.52,3.63
600033,周线,2026-06-19,3.53,40,C,2.92,3.9,3.34,33.6,57.1,LEG1,否,否,35.4,0.41,3.27
600031,周线,2026-06-19,18.91,40,C,14.85,22.48,18.45,51.4,52.8,LEG1,否,否,39.9,0.63,18.08
000009,周线,2026-06-19,6.99,40,C,7.1,9.32,8.4,31.3,41.4,LEG1,否,否,16.6,0.72,8.23
