symbol,entry_idx,exit_idx,entry_time,exit_time,direction,entry_price,exit_price,qty,multiplier,atr_entry,pnl,r_mult,risk_amt,bars_held,exit_reason,equity_at_entry
IF0,45,53,2022-05-20 02:00:00,2022-05-23 02:00:00,1,4037.0,4021.4720571691682,1,300.0,29.128970529663544,-4658.382849249529,-0.3553837193346478,13108.036738348594,8,stop,2000000.0
IH0,45,53,2022-05-20 02:00:00,2022-05-23 02:00:00,1,2786.2,2777.5425294566394,1,300.0,18.940953266432405,-2597.2411630081297,-0.30471787495171115,8523.428969894583,8,stop,2000000.0
IC0,45,61,2022-05-20 02:00:00,2022-05-24 02:00:00,1,5832.2,5849.00043434299,1,200.0,47.103241517274206,3360.086868598046,0.2377817152538429,14130.972455182262,16,stop,2000000.0
LH0,76,84,2022-05-26 01:30:00,2022-05-27 01:30:00,-1,18880.0,18764.03332439306,1,16.0,114.65187489126305,1855.4668097110116,0.6743118430868642,2751.644997390313,8,stop,1996104.4628563405
LH0,99,110,2022-05-31 01:00:00,2022-06-01 02:30:00,1,18880.0,18917.835973644356,1,16.0,139.38671746771584,605.3755783097004,0.18096403221069554,3345.2812192251804,11,stop,1997959.9296660514
LH0,116,121,2022-06-02 01:30:00,2022-06-02 06:00:00,-1,18820.0,18959.741361703753,1,16.0,111.56791081571173,-2235.8617872600444,-0.8350152577149659,2677.6298595770813,5,stop,1998565.305244361
IH0,125,126,2022-06-06 02:00:00,2022-06-06 02:30:00,-1,2761.6,2784.0356878120474,1,300.0,14.957125208031599,-6730.706343614247,-1.000000000000004,6730.70634361422,1,stop,1996329.443457101
LH0,122,136,2022-06-02 06:30:00,2022-06-07 05:30:00,1,18950.0,19093.222468442396,1,16.0,106.8156126800476,2291.5594950783416,0.8938922244847034,2563.5747043211422,14,stop,1996329.443457101
LH0,138,152,2022-06-07 06:30:00,2022-06-09 05:30:00,-1,18800.0,18823.26973713622,1,16.0,143.24067365710002,-372.31579417950707,-0.10830134831639598,3437.7761677704,14,stop,1991890.2966085651
LH0,164,183,2022-06-13 01:30:00,2022-06-15 03:00:00,1,19200.0,19275.75406660389,1,16.0,141.15874942132908,1212.0650656622602,0.3577724461026564,3387.809986111898,19,stop,1991517.9808143857
IC0,180,187,2022-06-15 01:30:00,2022-06-15 06:30:00,1,6288.2,6291.507836150067,1,200.0,57.63461620234567,661.5672300134975,0.03826214600445697,17290.3848607037,7,stop,1991517.9808143857
IF0,180,187,2022-06-15 01:30:00,2022-06-15 06:30:00,1,4239.4,4298.283773759255,1,300.0,31.70361213296133,17665.132127776724,1.2382137722415545,14266.625459832598,7,stop,1991517.9808143857
IH0,180,187,2022-06-15 01:30:00,2022-06-15 06:30:00,1,2886.0,2934.4348915369906,1,300.0,19.686576192281336,14530.467461097169,1.6402002753524603,8858.959286526602,7,stop,1991517.9808143857
IH0,197,198,2022-06-17 02:00:00,2022-06-17 02:30:00,1,2885.0,2852.171880076118,1,300.0,21.88541328258793,-9848.435977164536,-0.9999999999999967,9848.435977164569,1,stop,2025587.2126989353
IH0,234,248,2022-06-23 06:00:00,2022-06-27 05:00:00,1,2907.6,2977.513724107053,1,300.0,18.26351208787531,20974.117232115896,2.552036496619106,8218.580439543888,14,stop,2015738.7767217709
LH0,234,257,2022-06-23 06:30:00,2022-06-28 06:00:00,1,19645.0,20629.850684578276,1,16.0,159.28680242747137,15757.610953252413,4.121917905603893,3822.883258259313,23,stop,2015738.7767217709
IC0,396,403,2022-07-22 01:30:00,2022-07-22 06:30:00,-1,6327.2,6262.10327918734,1,200.0,33.90112525813409,13019.344162531888,1.2801290088355877,10170.337577440227,7,stop,2052470.504907139
IF0,430,432,2022-07-28 02:30:00,2022-07-28 05:00:00,1,4264.2,4234.594575414884,1,300.0,20.03220204608524,-8881.627375534663,-0.9852611149789908,9014.490920738357,2,stop,2065489.849069671
IH0,430,432,2022-07-28 02:30:00,2022-07-28 05:00:00,1,2863.0,2843.976652884402,1,300.0,12.79624921119863,-5707.004134679391,-0.9910897483381146,5758.312145039384,2,stop,2065489.849069671
IC0,453,457,2022-08-02 02:00:00,2022-08-02 05:30:00,-1,6215.6,6174.518145831286,1,200.0,48.065571889258145,8216.370833742803,0.5698029109534722,14419.671566777444,4,stop,2050901.2175594568
IM0,87,110,2022-08-05 06:30:00,2022-08-10 06:00:00,1,7053.4,7134.9482307337385,1,200.0,57.672730013837686,16309.646146747764,0.9426549973060354,17301.819004151308,23,stop,2059117.5883931997
IF0,502,508,2022-08-10 02:30:00,2022-08-11 01:30:00,-1,4116.0,4126.4,1,300.0,17.9861251054666,-3119.999999999891,-0.38548232555247897,8093.75629745997,6,stop,2059117.5883931997
IH0,502,508,2022-08-10 02:30:00,2022-08-11 01:30:00,-1,2736.4,2740.190470881822,1,300.0,11.509342956542195,-1137.1412645465625,-0.2195590658322378,5179.204330443988,6,stop,2059117.5883931997
IH0,512,524,2022-08-11 05:00:00,2022-08-15 01:30:00,1,2774.2,2785.8351992700013,1,300.0,12.31089973067323,3490.5597810004565,0.630075760751092,5539.904878802953,12,stop,2071170.0932754008
IF0,512,525,2022-08-11 05:00:00,2022-08-15 02:00:00,1,4174.8,4194.974213638381,1,300.0,19.07369575504952,6052.26409151428,0.7051321323168345,8583.163089772284,13,stop,2071170.0932754008
IF0,541,542,2022-08-17 02:00:00,2022-08-17 02:30:00,-1,4155.4,4182.080006413296,1,300.0,17.786670942197677,-8004.001923989017,-1.0000000000000078,8004.001923988955,1,stop,2080712.9171479156
IH0,543,548,2022-08-17 03:00:00,2022-08-18 01:30:00,1,2785.2,2773.055683461229,1,300.0,12.917303646077553,-3643.2949616312726,-0.6267725252634868,5812.786640734898,5,stop,2072708.9152239265
IC0,581,595,2022-08-24 02:00:00,2022-08-25 06:30:00,-1,6379.8,6262.458384412893,1,200.0,33.902833353741734,23468.32311742146,2.3074102069437945,10170.85000612252,14,stop,2069065.6202622952
LH0,619,624,2022-08-31 01:00:00,2022-08-31 05:30:00,1,23600.0,23405.73816161681,1,16.0,147.04055141226678,-3108.1894141310477,-0.8807631025019143,3528.9732338944027,5,stop,2092533.9433797167
IH0,621,628,2022-08-31 02:00:00,2022-09-01 01:30:00,1,2752.4,2754.7264494879137,1,300.0,13.064855715728939,697.9348463740735,0.11871285523716053,5879.185072078022,7,stop,2092533.9433797167
LH0,625,630,2022-08-31 06:00:00,2022-09-01 02:30:00,-1,23390.0,23430.84393744376,1,16.0,135.16241730190177,-653.5029991001356,-0.20145608648262311,3243.8980152456425,5,stop,2089425.7539655857
LH0,652,665,2022-09-06 01:30:00,2022-09-07 06:00:00,-1,23255.0,23245.096293091607,1,16.0,160.6323472670853,158.45931053429376,0.04110299939329302,3855.1763344100473,13,stop,2089470.1858128596
LH0,666,672,2022-09-07 06:30:00,2022-09-08 05:30:00,1,23270.0,23153.786844722516,1,16.0,145.429501811161,-1859.4104844397516,-0.5327353520900974,3490.308043467864,6,stop,2089628.6451233937
LH0,673,679,2022-09-08 06:00:00,2022-09-09 03:00:00,-1,23040.0,23134.08164736667,1,16.0,138.70756204726075,-1505.3063578667352,-0.4521822553775174,3328.981489134258,6,stop,2087769.234638954
LH0,700,704,2022-09-15 01:30:00,2022-09-15 05:30:00,-1,23265.0,23273.907306696437,1,16.0,123.42866016538417,-142.51690714299912,-0.04811041824755229,2962.2878439692204,4,stop,2086263.9282810874
LH0,724,739,2022-09-20 01:30:00,2022-09-22 01:00:00,-1,23110.0,22829.837175735796,1,16.0,133.82875157842233,4482.605188227259,1.3956284727552535,3211.890037882136,15,stop,2086121.4113739445
IM0,481,484,2022-10-24 02:00:00,2022-10-24 05:00:00,1,6437.2,6360.024243079092,1,200.0,64.06370160354254,-15435.151384181518,-0.8031147643066152,19219.110481062762,3,stop,2090604.0165621717
LH0,852,884,2022-10-19 01:30:00,2022-10-25 01:30:00,-1,23715.0,22771.28927509742,1,16.0,152.5995223170032,15099.37159844127,4.122820790758696,3662.3885356080764,32,stop,2090604.0165621717
IM0,497,511,2022-10-26 02:00:00,2022-10-27 06:30:00,1,6429.4,6453.152554182042,1,200.0,75.02391738412638,4750.510836408466,0.21106650616876405,22507.175215237912,14,stop,2090268.2367764316
IC0,909,918,2022-10-28 02:00:00,2022-10-31 02:30:00,-1,5890.8,5847.696167520687,1,200.0,50.31104547088729,8620.7664958627,0.5711646031321389,15093.313641266186,9,stop,2095018.74761284
IM0,513,522,2022-10-28 02:00:00,2022-10-31 02:30:00,-1,6378.8,6318.618949177415,1,200.0,61.443259670866766,12036.21016451707,0.6529715507169521,18432.977901260027,9,stop,2095018.74761284
LH0,948,952,2022-11-04 01:30:00,2022-11-04 05:30:00,1,22235.0,22141.67050142636,1,16.0,195.33439578924356,-1493.2719771782286,-0.3185289793144857,4688.025498941845,4,stop,2115675.7242732197
IC0,931,964,2022-11-01 06:30:00,2022-11-08 01:30:00,1,5932.2,6110.131342387714,1,200.0,55.53617355863244,35586.26847754276,2.1359212802068237,16660.85206758973,33,stop,2115675.7242732197
LH0,965,979,2022-11-08 02:00:00,2022-11-10 01:00:00,-1,21890.0,21495.0,1,16.0,167.75147181482885,6320.0,1.569782550844095,4026.0353235558923,14,stop,2149768.720773584
IH0,987,1003,2022-11-10 06:30:00,2022-11-14 06:30:00,1,2449.8,2539.085796294842,1,300.0,15.01874156891043,26785.73888845258,3.9633057086339876,6758.433706009694,16,stop,2156088.720773584
IM0,605,608,2022-11-14 05:30:00,2022-11-15 01:30:00,-1,6599.2,6652.035815728455,1,200.0,53.8702953955713,-10567.16314569112,-0.6538645629034272,16161.088618671389,3,stop,2156088.720773584
IM0,609,620,2022-11-15 02:00:00,2022-11-16 05:00:00,1,6657.0,6703.716694287696,1,200.0,52.43691448336406,9343.33885753913,0.5939415613087711,15731.07434500922,11,stop,2172307.296516346
IM0,625,631,2022-11-17 02:00:00,2022-11-17 06:30:00,-1,6633.2,6684.828109181033,1,200.0,39.532461335354455,-10325.621836206665,-0.8706449912654701,11859.738400606337,6,stop,2181650.635373885
IM0,632,638,2022-11-18 01:30:00,2022-11-18 06:00:00,1,6709.4,6672.414012032956,1,200.0,39.95353641174222,-7397.197593408782,-0.6171500078805514,11986.060923522666,6,stop,2171325.013537678
IH0,1037,1042,2022-11-21 02:00:00,2022-11-21 06:00:00,-1,2494.8,2518.8092444105946,1,300.0,18.383168846676572,-7202.773323178326,-0.8706966178624843,8272.425981004459,5,stop,2163927.8159442693
IH0,1053,1062,2022-11-23 02:00:00,2022-11-24 02:30:00,1,2545.8,2527.9905423729965,1,300.0,17.994723333372594,-5342.8372881011,-0.6598029617558188,8097.625500017668,9,stop,2156725.042621091
IH0,1077,1082,2022-11-28 02:00:00,2022-11-28 06:00:00,-1,2474.6,2496.184455819072,1,300.0,18.645636934875586,-6475.336745721597,-0.7717428620418794,8390.536620694014,5,stop,2151382.20533299
LH0,1087,1090,2022-11-29 03:00:00,2022-11-29 06:30:00,-1,20400.0,20580.929025492118,1,16.0,124.00523318172333,-2894.864407873887,-0.972695645443585,2976.12559636136,3,stop,2144906.868587268
IH0,1085,1107,2022-11-29 02:00:00,2022-12-01 06:30:00,1,2553.8,2631.230775649171,1,300.0,20.724410708186088,23229.232694751227,2.490807474639421,9325.98481868374,22,stop,2144906.868587268
LH0,1100,1115,2022-12-01 01:30:00,2022-12-05 01:00:00,1,20660.0,21045.0,1,16.0,116.34668356828121,6160.0,2.206050561948634,2792.320405638749,15,stop,2142012.0041793943
IC0,1157,1161,2022-12-12 02:00:00,2022-12-12 05:30:00,-1,6150.2,6191.3000928494785,1,200.0,31.244689539478063,-8220.018569895728,-0.8769510052270515,9373.40686184342,4,stop,2171401.2368741455
IF0,1197,1213,2022-12-19 02:00:00,2022-12-21 02:00:00,-1,3955.2,3864.3382277604733,1,300.0,17.27932053304538,27258.531671857963,3.5056074520121845,7775.6942398704205,16,stop,2163181.21830425
IF0,1261,1262,2022-12-29 02:00:00,2022-12-29 02:30:00,-1,3847.2,3870.8774735005886,1,300.0,15.784982333725939,-7103.242050176641,-0.9999999999999956,7103.242050176673,1,stop,2190439.749976108
IH0,1261,1262,2022-12-29 02:00:00,2022-12-29 02:30:00,-1,2609.6,2628.5355262316357,1,300.0,12.671659858610221,-5680.657869490733,-0.996213936870017,5702.2469363745995,1,stop,2190439.749976108
IH0,1277,1279,2023-01-03 02:00:00,2023-01-03 03:00:00,-1,2614.4,2633.119862790788,1,300.0,12.962978413899068,-5615.958837236349,-0.9627346531573925,5833.340286254581,2,stop,2177655.8500564406
IM0,953,958,2023-01-16 02:00:00,2023-01-16 06:00:00,1,6588.8,6609.455417666685,1,200.0,28.151171803818094,4131.083533337005,0.48915471584699877,8445.351541145428,5,stop,2172039.8912192043
LH0,1380,1387,2023-01-20 01:30:00,2023-01-30 01:00:00,1,15250.0,14545.0,1,16.0,120.02559656758172,-11280.0,-3.9158314013074818,2880.614317621961,7,stop,2176170.974752541
IM0,1041,1047,2023-02-07 02:00:00,2023-02-07 06:30:00,-1,6864.8,6908.205672179062,1,200.0,37.83840198585991,-8681.134435812419,-0.7647552028453819,11351.520595757973,6,stop,2164890.974752541
IC0,1453,1463,2023-02-09 02:00:00,2023-02-10 03:00:00,1,6305.0,6325.0389309281645,1,200.0,30.38503425868863,4007.7861856329037,0.43966668497742145,9115.510277606589,10,stop,2156209.8403167287
IM0,1057,1067,2023-02-09 02:00:00,2023-02-10 03:00:00,1,6896.0,6975.751377912877,1,200.0,34.45115743071062,15950.275582575341,1.5432742827924912,10335.347229213186,10,stop,2156209.8403167287
LH0,1457,1463,2023-02-09 06:00:00,2023-02-10 03:00:00,1,14465.0,14365.431540071257,1,16.0,88.34642562654044,-1593.0953588598932,-0.7513487140546834,2120.3142150369704,6,stop,2156209.8403167287
IH0,1469,1484,2023-02-13 02:00:00,2023-02-15 01:30:00,1,2755.0,2763.864162396673,1,300.0,12.753279432696761,2659.2487190018346,0.4633664328432475,5738.9757447135435,15,stop,2174574.806726077
IF0,1469,1485,2023-02-13 02:00:00,2023-02-15 02:00:00,1,4124.8,4127.609972989444,1,300.0,17.859752999871326,842.9918968331549,0.10489032666405837,8036.888849942096,16,stop,2174574.806726077
IH0,1493,1497,2023-02-16 02:00:00,2023-02-16 05:30:00,1,2782.6,2780.537557079676,1,300.0,11.917931534932105,-618.7328760971923,-0.11536917650957815,5363.069190719447,4,stop,2178077.047341912
IF0,1499,1509,2023-02-16 06:30:00,2023-02-20 02:00:00,-1,4104.0,4065.323946987155,1,300.0,19.504033847888348,11602.81590385348,1.3219847516152765,8776.815231549755,10,stop,2177458.3144658147
IH0,1499,1510,2023-02-16 06:30:00,2023-02-20 02:30:00,-1,2752.2,2740.7191481135983,1,300.0,13.635419605430439,3444.2555659204572,0.5613249521527578,6135.938822443697,11,stop,2177458.3144658147
IC0,1517,1519,2023-02-21 02:00:00,2023-02-21 03:00:00,1,6373.2,6329.185356469468,1,200.0,30.615641509099923,-8802.928706106286,-0.9584347817209472,9184.692452729976,2,stop,2192505.3859355887
IH0,1515,1524,2023-02-20 06:30:00,2023-02-22 01:30:00,1,2797.2,2792.528455067802,1,300.0,14.732482696374406,-1401.4634796593327,-0.21139432859461496,6629.617213368483,9,stop,2192505.3859355887
IF0,1589,1592,2023-03-06 02:00:00,2023-03-06 05:00:00,-1,4108.4,4117.928997160486,1,300.0,16.88061544784479,-2858.6991481458426,-0.3763289788387719,7596.276951530155,3,stop,2182300.993749823
IH0,1589,1597,2023-03-06 02:00:00,2023-03-07 02:00:00,-1,2751.8,2758.6593860165194,1,300.0,12.845856693215032,-2057.8158049557715,-0.3559843551289318,5780.635511946764,8,stop,2182300.993749823
IH0,1667,1668,2023-03-17 06:30:00,2023-03-20 01:30:00,-1,2629.0,2652.731150935727,1,300.0,15.82076729048456,-7119.345280718062,-1.0000000000000013,7119.345280718052,1,stop,2177384.4787967214
LH0,1671,1680,2023-03-20 03:00:00,2023-03-21 05:30:00,-1,15920.0,15830.733252276968,1,16.0,113.52480664290616,1428.2679635685054,0.5242128738953145,2724.595359429748,9,stop,2170265.1335160034
IH0,1681,1687,2023-03-21 05:30:00,2023-03-22 03:00:00,1,2650.6,2651.704058602991,1,300.0,13.066407546789247,331.2175808973734,0.05633063763128173,5879.88339605516,6,stop,2170265.1335160034
LH0,1684,1689,2023-03-22 01:30:00,2023-03-22 06:00:00,1,15975.0,15833.12896648725,1,16.0,117.84300287027332,-2269.9365362040116,-0.8025991081763166,2828.23206888656,5,stop,2171693.401479572
IH0,1709,1716,2023-03-27 02:00:00,2023-03-28 01:30:00,-1,2634.4,2651.8,1,300.0,10.357879207972196,-5220.000000000027,-1.119920378205592,4661.0456435874885,7,stop,2169754.6825242653
IH0,1738,1744,2023-03-30 06:00:00,2023-03-31 05:00:00,1,2667.4,2668.0349560076643,1,300.0,10.467284118330998,190.48680229925594,0.0404406721288992,4710.277853248949,6,stop,2164534.6825242653
IC0,1738,1758,2023-03-30 06:00:00,2023-04-04 02:30:00,1,6294.8,6390.951290848654,1,200.0,21.509855266587863,19230.25816973077,2.980069357572095,6452.956579976359,20,stop,2164534.6825242653
IF0,1738,1767,2023-03-30 06:00:00,2023-04-06 03:00:00,1,4049.4,4091.1541952284288,1,300.0,15.638056886565884,12526.258568528601,1.7800248684476163,7037.125598954648,29,stop,2164534.6825242653
IM0,1413,1416,2023-04-13 05:30:00,2023-04-14 01:30:00,-1,6972.0,7003.778201890453,1,200.0,23.390528292338406,-6355.640378090538,-0.9057284924132212,7017.158487701522,3,stop,2196481.6860648235
IF0,1821,1837,2023-04-17 02:00:00,2023-04-19 02:00:00,1,4119.0,4146.450930982503,1,300.0,12.918519863220013,8235.279294751035,1.4166189972819974,5813.3339384490055,16,stop,2190126.045686733
IM0,1513,1520,2023-05-05 02:00:00,2023-05-08 01:30:00,-1,6674.0,6660.6,1,200.0,28.867370667240582,2679.9999999999272,0.30946127502602316,8660.211200172174,7,stop,2198361.324981484
IC0,1930,1936,2023-05-09 06:00:00,2023-05-10 05:00:00,-1,6204.6,6187.050706067929,1,200.0,23.643561356804437,3509.8587864142246,0.49482940033821854,7093.068407041331,6,stop,2201041.324981484
IM0,1534,1540,2023-05-09 06:00:00,2023-05-10 05:00:00,-1,6637.0,6637.073544285501,1,200.0,27.947417774830914,-14.708857100231398,-0.0017543489728626504,8384.225332449274,6,stop,2201041.324981484
LH0,1969,1985,2023-05-16 06:00:00,2023-05-18 06:00:00,-1,15830.0,15726.622872046866,1,16.0,112.79824536231482,1654.0340472501412,0.6109854375900984,2707.157888695556,16,stop,2204536.474910798
IM0,1637,1644,2023-05-26 05:30:00,2023-05-29 05:00:00,1,6533.4,6508.573366337029,1,200.0,38.74444079917636,-4965.326732594076,-0.42718616573758283,11623.332239752908,7,stop,2206190.508958048
IC0,2051,2055,2023-05-30 06:30:00,2023-05-31 03:00:00,1,6051.6,6009.17788656993,1,200.0,29.822415403979875,-8484.422686014113,-0.9483272421188982,8946.724621193962,4,stop,2201225.182225454
IM0,1655,1660,2023-05-30 06:30:00,2023-05-31 05:00:00,1,6563.0,6514.283414459957,1,200.0,34.809017858291625,-9743.317108008523,-0.9330261435579528,10442.705357487488,5,stop,2201225.182225454
LH0,2116,2131,2023-06-12 01:30:00,2023-06-14 01:00:00,1,16085.0,16180.266428322991,1,16.0,103.25085724113224,1524.2628531678638,0.6151130742382512,2478.020573787174,15,stop,2182997.4424314313
LH0,2244,2248,2023-07-06 01:30:00,2023-07-06 05:30:00,-1,15555.0,15656.989757834124,1,16.0,73.24454422601572,-1631.836125345988,-0.9283035700188803,1757.8690614243774,4,stop,2184521.705284599
IF0,2271,2281,2023-07-11 03:00:00,2023-07-12 05:30:00,1,3852.0,3838.4612095622033,1,300.0,14.480762234099592,-4061.637131339012,-0.6233000822712352,6516.3430053448155,10,stop,2182889.8691592533
IH0,2349,2370,2023-07-25 02:00:00,2023-07-27 06:00:00,1,2564.2,2582.310896188835,1,300.0,12.659385487421629,5433.268856650602,0.9537533085277764,5696.723469339732,21,stop,2178828.2320279144
IC0,2376,2384,2023-07-28 05:00:00,2023-07-31 05:00:00,1,6042.4,6096.556138784303,1,200.0,21.826295216255648,10831.227756860608,1.6541557861812168,6547.8885648766945,8,stop,2184261.500884565
IM0,1980,1988,2023-07-28 05:00:00,2023-07-31 05:00:00,1,6481.6,6516.584747828985,1,200.0,25.675844901006652,6996.949565796967,0.9083699215837221,7702.753470301996,8,stop,2184261.500884565
IF0,2409,2414,2023-08-03 05:30:00,2023-08-04 02:30:00,1,4002.8,4019.6984285468907,1,300.0,17.701940150149827,5069.52856406715,0.6364058931226803,7965.873067567422,5,stop,2202089.678207223
IH0,2409,2414,2023-08-03 05:30:00,2023-08-04 02:30:00,1,2647.4,2652.3759880787793,1,300.0,13.112641760106543,1492.796423633763,0.25298680819187214,5900.688792047945,5,stop,2202089.678207223
LC0,80,84,2023-08-04 01:00:00,2023-08-04 03:00:00,1,231250.0,228981.97377055994,1,1.0,1779.8471255714617,-2268.02622944006,-0.849520986701543,2669.7706883571927,4,stop,2202089.678207223
IC0,2429,2432,2023-08-08 02:00:00,2023-08-08 05:00:00,-1,6058.0,6092.361936220709,1,200.0,23.32588468809757,-6872.387244141828,-0.9820831143935962,6997.765406429271,3,stop,2206383.9769654833
LH0,2480,2499,2023-08-16 05:30:00,2023-08-21 01:00:00,-1,17115.0,16805.0,1,16.0,85.51266694993306,4960.0,2.4167959442507887,2052.3040067983934,19,stop,2199511.5897213416
LH0,2503,2510,2023-08-21 03:00:00,2023-08-22 02:30:00,1,17025.0,16911.18200371751,1,16.0,99.98961328376356,-1821.0879405198502,-0.7588654630855379,2399.7507188103255,7,stop,2204471.5897213416
LH0,2511,2513,2023-08-22 03:00:00,2023-08-22 06:00:00,-1,16830.0,16963.297279566435,1,16.0,93.80184140047967,-2132.7564730629674,-0.9473678951022798,2251.244193611512,2,stop,2202650.501780822
IC0,2545,2550,2023-08-28 05:30:00,2023-08-29 02:30:00,-1,5668.0,5723.006484279689,1,200.0,53.015694884704374,-11001.296855937835,-0.6917006293993286,15904.708465411311,5,stop,2200517.745307759
LH0,2540,2555,2023-08-28 01:30:00,2023-08-30 01:00:00,-1,17070.0,16887.63708668126,1,16.0,146.71357879709632,2917.8066130998195,0.8286572827315692,3521.1258911303116,15,stop,2200517.745307759
LC0,273,294,2023-09-07 01:30:00,2023-09-11 06:00:00,-1,187500.0,179345.41032170964,1,1.0,1947.103798163041,8154.589678290358,2.792040734545895,2920.6556972445615,21,stop,2192434.255064921
IC0,2625,2627,2023-09-11 05:30:00,2023-09-11 06:30:00,1,5797.6,5757.7048808741,1,200.0,27.344155221603078,-7979.023825180047,-0.9726665851765242,8203.246566480924,2,stop,2192434.255064921
LH0,2628,2635,2023-09-12 01:30:00,2023-09-13 01:00:00,1,16970.0,16940.62424099547,1,16.0,97.93520211136574,-470.0121440725052,-0.19996731424605502,2350.4448506727776,7,stop,2192609.820918031
IM0,2229,2240,2023-09-11 05:30:00,2023-09-13 01:30:00,1,6187.0,6156.663512992673,1,200.0,31.830076927307985,-6067.297401465476,-0.6353840965492775,9549.023078192395,11,stop,2192434.255064921
BU0,32,33,2023-09-13 01:30:00,2023-09-13 02:00:00,1,3890.0,3866.562199081404,2,10.0,15.878421172325435,-468.75601837192335,-0.9840525353761664,476.35263516976306,1,stop,2192609.820918031
Y0,32,33,2023-09-13 01:30:00,2023-09-13 02:00:00,1,8344.0,8273.932003078833,1,10.0,46.92061317417172,-700.6799692116692,-0.9955538682763433,703.8091976125759,1,stop,2192139.8087739586
CF0,32,39,2023-09-13 01:30:00,2023-09-13 13:00:00,-1,17135.0,17075.0,1,5.0,75.36131833949796,300.0,0.5307762772912562,565.2098875462347,7,stop,2192609.820918031
Y0,35,43,2023-09-13 03:00:00,2023-09-14 01:00:00,-1,8206.0,8218.453757453575,1,10.0,48.57310027101139,-124.53757453575236,-0.17092804294407213,728.5965040651708,8,stop,2184903.0753849098
C0,40,45,2023-09-13 13:30:00,2023-09-14 02:00:00,1,2669.0,2657.2322625570073,4,10.0,8.352760259489894,-470.70949771970845,-0.9392294345351629,501.16561556939365,5,stop,2184903.0753849098
RB0,39,45,2023-09-13 13:00:00,2023-09-14 02:00:00,1,3778.0,3762.203712098905,2,10.0,15.732722718419861,-315.9257580219037,-0.6693602111477247,471.9816815525958,6,stop,2184903.0753849098
RB0,50,60,2023-09-14 06:30:00,2023-09-15 05:30:00,1,3783.0,3803.6670672733467,2,10.0,16.945604415398986,413.3413454669335,0.8130748547615838,508.36813246196954,10,stop,2184291.9025546326
Y0,44,60,2023-09-14 01:30:00,2023-09-15 05:30:00,1,8266.0,8300.184728011482,1,10.0,49.172397992020656,341.8472801148164,0.4634677096288706,737.5859698803099,16,stop,2185078.537810374
BU0,49,63,2023-09-14 06:00:00,2023-09-15 13:00:00,1,3858.0,3957.0319306344945,2,10.0,17.333396358389574,1980.6386126898906,3.808906559602667,520.0018907516871,14,stop,2184291.9025546326
MA0,61,63,2023-09-15 06:00:00,2023-09-15 13:00:00,-1,2540.0,2566.338522673925,4,10.0,17.559015115950128,-1053.540906957005,-0.9999999999999977,1053.5409069570076,2,stop,2184291.9025546326
RU0,50,63,2023-09-14 06:30:00,2023-09-15 13:00:00,1,14390.0,14329.943405348662,1,10.0,90.7969177183536,-600.5659465133795,-0.44095912916067465,1361.953765775304,13,stop,2184291.9025546326
L0,64,67,2023-09-15 13:30:00,2023-09-18 01:00:00,-1,8330.0,8364.86027926289,2,5.0,31.706567004048996,-348.6027926288989,-0.7329770571595501,475.59850506073496,3,stop,2187027.7297929046
PP0,64,67,2023-09-15 13:30:00,2023-09-18 01:00:00,-1,7876.0,7907.634575191199,2,5.0,34.928507840138046,-316.34575191198564,-0.6037966720667397,523.9276176020707,3,stop,2185974.1888859477
CF0,64,68,2023-09-15 13:30:00,2023-09-18 01:30:00,-1,17125.0,17230.55303821974,1,5.0,74.80629385037008,-527.765191098697,-0.9406787654424722,561.0472038777756,4,stop,2187027.7297929046
IC0,2662,2664,2023-09-18 02:30:00,2023-09-18 05:00:00,1,5745.8,5705.264305318141,1,200.0,28.564876361516657,-8107.138936371848,-0.9460498310078451,8569.462908454998,2,stop,2184180.909203795
RM0,71,72,2023-09-18 03:00:00,2023-09-18 05:30:00,-1,3109.0,3146.835359256727,3,10.0,25.856155363803854,-1135.0607777018058,-0.9755345480762578,1163.5269913711736,1,stop,2184180.909203795
P0,65,73,2023-09-15 14:00:00,2023-09-18 06:00:00,-1,7382.0,7377.836956799141,1,10.0,39.76968462816809,41.63043200858738,0.06978587232597992,596.5452694225214,8,stop,2185373.6229394344
RU0,64,75,2023-09-15 13:30:00,2023-09-18 13:00:00,-1,14265.0,14329.733682705453,1,10.0,87.26113664941464,-647.3368270545325,-0.49455909156543937,1308.9170497412194,11,stop,2185373.6229394344
V0,64,79,2023-09-15 13:30:00,2023-09-19 01:00:00,-1,6385.0,6409.999390895678,3,5.0,35.299013693561626,-374.9908634351641,-0.4721452203113043,794.2278081051368,15,stop,2185373.6229394344
RU0,76,81,2023-09-18 13:30:00,2023-09-19 02:00:00,1,14405.0,14296.74635777959,1,10.0,82.8145999225224,-1082.5364222041026,-0.8714537639634192,1242.2189988378361,5,stop,2174333.003094675
V0,80,82,2023-09-19 01:30:00,2023-09-19 02:30:00,1,6474.0,6421.301508091179,3,5.0,35.14250701146119,-790.477378632313,-0.9997103487168983,790.7064077578768,2,stop,2173958.01223124
C0,68,87,2023-09-18 01:30:00,2023-09-19 13:00:00,-1,2646.0,2645.7778051184755,4,10.0,9.516259826880558,8.887795260980056,0.015565981142918354,570.9755896128336,19,stop,2185373.6229394344
M0,77,88,2023-09-18 14:00:00,2023-09-19 13:30:00,-1,3997.0,3963.213739755472,2,10.0,18.227083455551007,675.7252048905593,1.2357530238603427,546.8125036665301,11,stop,2174333.003094675
Y0,64,88,2023-09-15 13:30:00,2023-09-19 13:30:00,-1,8232.0,8107.8317051846025,1,10.0,40.75994722242842,1241.6829481539753,2.030887399302505,611.3992083364263,24,stop,2185373.6229394344
OI0,64,89,2023-09-15 13:30:00,2023-09-19 14:00:00,-1,8946.0,8750.080535256418,1,10.0,51.87111226894639,1959.1946474358156,2.5180292224794822,778.066684034196,25,stop,2185974.1888859477
L0,69,91,2023-09-18 02:00:00,2023-09-20 01:00:00,1,8434.0,8510.0,2,5.0,34.287544591975006,760.0,1.4776988923996963,514.3131688796251,22,stop,2184180.909203795
MA0,68,91,2023-09-18 01:30:00,2023-09-20 01:00:00,1,2559.0,2622.383190897611,4,10.0,22.049903468785683,2535.327635904432,1.9163558089143087,1322.9942081271408,23,stop,2185025.0201468053
PP0,69,91,2023-09-18 02:00:00,2023-09-20 01:00:00,1,7969.0,8046.443631034541,2,5.0,36.46043772960741,774.4363103454089,1.416030376246295,546.9065659441112,22,stop,2184180.909203795
TA0,90,93,2023-09-19 13:30:00,2023-09-20 01:00:00,1,6386.0,6326.655254395523,3,5.0,40.46378752851047,-890.1711840671533,-0.977742474266454,910.4352193914858,3,stop,2172093.8862256645
I0,90,94,2023-09-19 14:30:00,2023-09-20 02:30:00,1,874.0,867.1841089270425,1,100.0,5.362582446941457,-681.589107295747,-0.8473393979356477,804.3873670412186,4,stop,2174011.294378709
TA0,94,103,2023-09-20 01:30:00,2023-09-20 14:00:00,-1,6322.0,6319.0352937604,3,5.0,42.07231975223312,44.470593593996455,0.0469779379420821,946.6271944252452,9,stop,2179150.0817883275
LH0,2679,2684,2023-09-20 03:00:00,2023-09-21 01:30:00,1,16935.0,16891.702988143395,1,16.0,86.17797012123333,-692.7521897056722,-0.3349426138775776,2068.2712829096,5,stop,2178468.4926810316
I0,108,116,2023-09-21 05:30:00,2023-09-22 01:30:00,-1,862.0,862.3880075103934,1,100.0,6.084164198718384,-38.800751039343595,-0.042515564200274636,912.6246298077577,8,stop,2177820.21108492
IC0,2669,2693,2023-09-19 02:00:00,2023-09-22 02:00:00,-1,5689.0,5651.369288467058,1,200.0,27.452481958796596,7526.142306588372,0.9138387217452507,8235.74458763898,24,stop,2173958.01223124
CF0,117,122,2023-09-22 02:00:00,2023-09-22 06:30:00,1,17285.0,17180.759899701396,1,5.0,76.18372823246656,-521.2005014930219,-0.9121816667598341,571.3779617434992,5,stop,2177820.21108492
FG0,115,125,2023-09-22 01:00:00,2023-09-22 14:00:00,1,1720.0,1722.1946123406585,3,20.0,16.255407022868617,131.67674043951138,0.09000542968343081,1462.9866320581755,10,stop,2177820.21108492
CF0,123,127,2023-09-22 13:00:00,2023-09-25 01:00:00,-1,17190.0,17226.88240939179,1,5.0,77.52237057981047,-184.41204695895067,-0.3171764839485408,581.4177793485785,4,stop,2184786.352138976
RM0,124,127,2023-09-22 13:30:00,2023-09-25 01:00:00,1,3141.0,3119.7204173575933,3,10.0,24.449757175167193,-638.3874792722008,-0.5802261481222307,1100.2390728825235,3,stop,2184786.352138976
CF0,128,132,2023-09-25 01:30:00,2023-09-25 05:30:00,1,17215.0,17162.935469735556,1,5.0,76.28434867110724,-260.32265132222165,-0.45500404011588824,572.1326150333043,4,stop,2184733.6168324566
FG0,126,135,2023-09-22 14:30:00,2023-09-25 13:00:00,-1,1718.0,1703.712178562131,3,20.0,15.068456471757695,857.2692862721442,0.632129396250074,1356.1610824581926,9,stop,2184918.0288794157
I0,128,139,2023-09-25 01:30:00,2023-09-26 01:00:00,-1,860.5,846.1374773532485,1,100.0,6.55566188445496,1436.2522646751472,1.460571833416083,983.349282668244,11,stop,2184733.6168324566
P0,133,139,2023-09-25 06:00:00,2023-09-26 01:00:00,-1,7200.0,7249.023956185512,1,10.0,46.169930865950505,-490.2395618551236,-0.7078771149105423,692.5489629892576,6,stop,2183834.9067018623
SA0,128,139,2023-09-25 01:30:00,2023-09-26 01:00:00,-1,1827.0,1816.4473914557825,2,20.0,18.14197032254028,422.10434176869967,0.38777884858906514,1088.518219352417,11,stop,2184095.2293531843
M0,140,146,2023-09-26 01:30:00,2023-09-26 06:30:00,1,3995.0,3972.2410674013227,2,10.0,21.288125180744156,-455.17865197354695,-0.7127270064240193,638.6437554223246,6,stop,2186128.4282528097
P0,140,146,2023-09-26 01:30:00,2023-09-26 06:30:00,1,7264.0,7229.446634330861,1,10.0,44.755267331127904,-345.53365669138657,-0.5147009164826849,671.3290099669186,6,stop,2185638.1886909544
RM0,140,146,2023-09-26 01:30:00,2023-09-26 06:30:00,1,3152.0,3125.134271527997,3,10.0,26.895837069783383,-805.9718541600887,-0.6659203653536343,1210.3126681402523,6,stop,2185638.1886909544
Y0,140,146,2023-09-26 01:30:00,2023-09-26 06:30:00,1,7988.0,7957.679035476656,1,10.0,41.02482626144086,-303.2096452334372,-0.4927254589715322,615.3723939216128,6,stop,2186060.293032723
MA0,92,151,2023-09-20 01:30:00,2023-09-27 01:00:00,-1,2614.0,2478.1511475710845,4,10.0,18.441295028244234,5433.95409715662,4.911038052401878,1106.4777016946541,59,stop,2179265.8166620494
OI0,147,151,2023-09-26 13:00:00,2023-09-27 01:00:00,-1,8631.0,8678.512920242038,1,10.0,45.01819242729496,-475.1292024203758,-0.7036106616789296,675.2728864094245,4,stop,2185605.1143807494
RM0,147,151,2023-09-26 13:00:00,2023-09-27 01:00:00,-1,3118.0,3094.534539034248,3,10.0,27.45342895159365,703.9638289725553,0.5698246536495567,1235.4043028217143,4,stop,2184453.608869898
OI0,152,155,2023-09-27 01:30:00,2023-09-27 03:00:00,1,8713.0,8652.326540475273,1,10.0,48.413889526885434,-606.7345952472715,-0.8354828213920398,726.2083429032815,3,stop,2189109.2241194006
P0,152,155,2023-09-27 01:30:00,2023-09-27 03:00:00,1,7292.0,7235.91477057595,1,10.0,39.31639040281616,-560.8522942405034,-0.9510067573926804,589.7458560422424,3,stop,2189109.2241194006
SP0,141,156,2023-09-26 02:00:00,2023-09-27 05:30:00,1,6128.0,6194.8765627956445,1,10.0,34.1080240229436,668.7656279564453,1.3071520990810133,511.62036034415405,15,stop,2186060.293032723
RM0,153,163,2023-09-27 02:00:00,2023-09-28 01:00:00,1,3143.0,3126.17905602254,3,10.0,26.558887817843335,-504.6283193238014,-0.42223012983646235,1195.1499518029502,10,stop,2189813.187948373
I0,167,169,2023-09-28 03:00:00,2023-09-28 06:00:00,-1,844.0,851.9504199036523,1,100.0,5.438763007750379,-795.0419903652346,-0.9745377631301811,815.8144511625569,2,stop,2188809.738367518
BU0,152,171,2023-09-27 01:30:00,2023-10-09 01:00:00,1,3936.0,3852.0,2,10.0,18.766835859765898,-1680.0,-2.9839873071015686,563.005075792977,19,stop,2184150.3992246646
FG0,167,171,2023-09-28 03:00:00,2023-10-09 01:00:00,-1,1680.0,1711.0,3,20.0,13.248764291912684,-1860.0,-1.5598939049192704,1192.3887862721415,4,stop,2188809.738367518
OI0,172,174,2023-10-09 01:30:00,2023-10-09 02:30:00,-1,8660.0,8751.42962420586,1,10.0,62.411012250361935,-914.2962420586082,-0.9766398686083436,936.1651837554291,2,stop,2184474.6963771526
MA0,172,175,2023-10-09 01:30:00,2023-10-09 03:00:00,1,2509.0,2484.927114019261,4,10.0,17.209983046927217,-962.9154392295641,-0.9325163546103253,1032.598982815633,3,stop,2184474.6963771526
FG0,172,176,2023-10-09 01:30:00,2023-10-09 05:30:00,1,1740.0,1716.0978890222225,3,20.0,17.637199976641313,-1434.1266586666507,-0.9034733785949939,1587.3479978977182,4,stop,2184474.6963771526
OI0,177,181,2023-10-09 06:00:00,2023-10-09 14:00:00,1,8811.0,8752.550090318799,1,10.0,60.94028524475226,-584.4990968120146,-0.63942277752121,914.104278671284,4,stop,2181163.3580371975
BU0,172,184,2023-10-09 01:30:00,2023-10-10 01:30:00,-1,3804.0,3765.675397979652,2,10.0,26.826161802404858,766.4920404069562,0.9524185706634126,804.7848540721458,12,stop,2186334.6963771526
JM0,180,184,2023-10-09 13:30:00,2023-10-10 01:30:00,-1,1841.0,1816.2010551527683,1,60.0,21.72720721442701,1487.9366908339034,0.7609183147651257,1955.448649298431,4,stop,2181163.3580371975
OI0,184,188,2023-10-10 01:30:00,2023-10-10 05:30:00,-1,8621.0,8692.109658496674,1,10.0,61.05246636773584,-711.0965849667446,-0.7764868778968061,915.7869955160377,4,stop,2180578.8589403853
P0,172,188,2023-10-09 01:30:00,2023-10-10 05:30:00,-1,7172.0,7057.035376440798,1,10.0,54.72445223693481,1149.6462355920175,1.4005271727703648,820.8667835540222,16,stop,2184474.6963771526
SR0,176,194,2023-10-09 05:30:00,2023-10-10 14:30:00,-1,6911.0,6848.1953103912865,1,10.0,27.799493667096204,628.0468960871349,1.5061350963392985,416.99240500644305,18,stop,2182597.4846958644
FG0,184,195,2023-10-10 01:30:00,2023-10-11 01:00:00,-1,1656.0,1647.066672778314,3,20.0,17.910895719816722,535.9996333011668,0.3325099746147714,1611.980614783505,11,stop,2180578.8589403853
MA0,184,195,2023-10-10 01:30:00,2023-10-11 01:00:00,-1,2440.0,2446.6890118309234,4,10.0,18.19247310320759,-267.56047323693565,-0.24512012167435054,1091.5483861924554,11,stop,2180578.8589403853
TA0,174,200,2023-10-09 01:30:00,2023-10-11 02:30:00,-1,5988.0,5886.669649850554,3,5.0,42.67646416564103,1519.9552522416843,1.5829232361917343,960.2204437269232,26,stop,2184474.6963771526
RM0,167,207,2023-09-28 03:00:00,2023-10-12 01:00:00,-1,3097.0,2887.4974132194397,3,10.0,23.991035174112834,6285.0776034168075,5.821690901347486,1079.5965828350775,40,stop,2188809.738367518
OI0,211,229,2023-10-12 03:00:00,2023-10-13 14:00:00,1,8682.0,8935.125175293377,1,10.0,53.27814997894838,2531.2517529337674,3.1673419014911146,799.1722496842258,18,stop,2191973.3562340615
RM0,232,243,2023-10-16 01:30:00,2023-10-17 01:00:00,1,2918.0,2924.4134642215536,3,10.0,20.266386941021008,192.40392664660703,0.2109721297048146,911.9874123459454,11,stop,2194504.6079869955
SP0,239,244,2023-10-16 13:00:00,2023-10-17 01:30:00,1,6330.0,6301.822094760977,1,10.0,32.2984304529889,-281.7790523902295,-0.5816155737564714,484.47645679483355,5,stop,2194504.6079869955
CF0,240,247,2023-10-16 13:30:00,2023-10-17 03:00:00,-1,16850.0,16794.228193294486,1,5.0,75.26299516247536,278.8590335275694,0.4940170716044051,564.4724637185652,7,stop,2194504.6079869955
FG0,244,250,2023-10-17 01:30:00,2023-10-17 06:30:00,1,1639.0,1634.4416427642225,3,20.0,12.845180530335613,-273.50143414665126,-0.2365793782870471,1156.066247730205,6,stop,2194504.6079869955
SA0,248,251,2023-10-17 05:30:00,2023-10-17 13:00:00,1,1728.0,1707.7973720086447,3,20.0,13.65829701943455,-1212.1576794813154,-0.9860979477704385,1229.2467317491094,3,stop,2194694.09189478
IM0,2377,2391,2023-10-16 02:00:00,2023-10-17 06:30:00,-1,6026.2,6007.377925289235,1,200.0,24.17314287396673,3764.414942153053,0.5190905407956061,7251.942862190019,14,stop,2194504.6079869955
MA0,249,255,2023-10-17 06:00:00,2023-10-18 01:00:00,-1,2443.0,2408.2795489725736,4,10.0,16.05410667877836,1388.8180410970563,1.4418097384524777,963.2464007267016,6,stop,2194694.09189478
SR0,264,267,2023-10-18 13:30:00,2023-10-19 01:00:00,-1,6774.0,6794.852905999515,1,10.0,20.94544211402343,-208.52905999515315,-0.6637213603480139,314.18163171035144,3,stop,2198361.665764402
TA0,266,271,2023-10-18 13:30:00,2023-10-19 02:00:00,-1,5766.0,5792.388049661039,3,5.0,26.966697173821462,-395.82074491558615,-0.6523614291347942,606.7506864109829,5,stop,2198361.665764402
JM0,259,270,2023-10-18 03:00:00,2023-10-19 02:30:00,-1,1755.5,1723.763393308517,1,60.0,19.71976363040494,1904.1964014889845,1.0729204563943133,1774.7787267364447,11,stop,2198361.665764402
SR0,268,275,2023-10-19 01:30:00,2023-10-19 13:00:00,1,6830.0,6854.0,1,10.0,23.425650047340255,240.0,0.6830119961523389,351.38475071010384,7,stop,2198153.136704407
SA0,268,277,2023-10-19 01:30:00,2023-10-19 14:00:00,1,1723.0,1719.1507091634267,3,20.0,12.94443158036071,-230.95745019440074,-0.1982469353804864,1164.9988422324639,9,stop,2198361.665764402
RM0,276,278,2023-10-19 13:30:00,2023-10-19 14:30:00,1,2946.0,2918.9857325348244,3,10.0,18.673753148616978,-810.428023955269,-0.9644291375236613,840.3188916877639,2,stop,2199661.5123609807
TA0,282,287,2023-10-20 01:30:00,2023-10-20 06:00:00,1,5838.0,5789.205015784777,3,5.0,35.75827442111016,-731.9247632283441,-0.9097192189344286,804.5611744749785,5,stop,2198860.126886831
EG0,288,289,2023-10-20 13:30:00,2023-10-20 14:00:00,-1,4022.0,4051.4535107110123,2,10.0,19.635673807341693,-589.0702142202463,-0.9999999999999922,589.0702142202508,1,stop,2198128.202123603
MA0,288,289,2023-10-20 13:30:00,2023-10-20 14:00:00,-1,2416.0,2437.975557096671,4,10.0,14.700399966840678,-879.0222838668342,-0.9965967885790212,882.0239980104407,1,stop,2198128.202123603
BU0,285,297,2023-10-20 06:00:00,2023-10-23 06:00:00,-1,3654.0,3566.7644603306194,3,10.0,15.26997620608605,2617.0661900814184,3.808586579399809,687.1489292738722,12,stop,2198860.126886831
SA0,286,297,2023-10-20 06:30:00,2023-10-23 06:00:00,-1,1710.0,1685.2952745866726,3,20.0,11.999643816624962,1482.2835247996454,1.372525484414804,1079.9679434962466,11,stop,2198860.126886831
EB0,298,304,2023-10-23 06:30:00,2023-10-24 01:30:00,1,8579.0,8562.171342419908,2,5.0,64.85332147271863,-168.28657580092113,-0.17299198866960422,972.7998220907796,6,stop,2199277.175815597
RM0,304,310,2023-10-24 01:30:00,2023-10-24 06:30:00,-1,2893.0,2922.110661567811,3,10.0,23.6440272456952,-873.3198470343268,-0.8208038127433357,1063.981226056284,6,stop,2200759.459340397
M0,292,311,2023-10-23 01:30:00,2023-10-24 13:00:00,-1,3893.0,3865.182400094789,2,10.0,21.319201952507957,556.3519981042191,0.8698762104128555,639.5760585752387,19,stop,2196660.1096255155
TA0,313,318,2023-10-24 13:00:00,2023-10-25 01:30:00,1,5778.0,5737.826006122563,3,5.0,30.032285256016067,-602.6099081615575,-0.8917956910919063,675.7264182603615,5,stop,2199717.852917562
PP0,311,318,2023-10-24 13:00:00,2023-10-25 02:30:00,1,7460.0,7464.505297927053,2,5.0,28.509212697891293,45.05297927053107,0.10535303037641922,427.63819046836943,7,stop,2200591.172764596
M0,316,320,2023-10-25 01:30:00,2023-10-25 05:30:00,1,3937.0,3909.7370527754256,2,10.0,20.19846068403358,-545.2589444914884,-0.8998358060069119,605.9538205210074,4,stop,2200274.204915666
HC0,311,321,2023-10-24 13:00:00,2023-10-25 06:00:00,1,3765.0,3792.7887381945643,2,10.0,14.39607615014323,555.774763891286,1.286866314808883,431.8822845042969,10,stop,2200591.172764596
RB0,311,321,2023-10-24 13:00:00,2023-10-25 06:00:00,1,3646.0,3664.0340076382636,3,10.0,14.997941846513427,541.0202291479072,0.8016214412537741,674.9073830931042,10,stop,2200591.172764596
SR0,314,323,2023-10-24 14:30:00,2023-10-25 13:00:00,1,6822.0,6805.573040301916,1,10.0,21.300408928111626,-164.2695969808392,-0.5141359728045447,319.5061339216744,9,stop,2200274.204915666
V0,311,325,2023-10-24 13:00:00,2023-10-25 14:00:00,1,5999.0,6019.509113848406,3,5.0,26.48520643912674,307.6367077260875,0.5162407397891781,595.9171448803515,14,stop,2199717.852917562
RM0,321,331,2023-10-25 06:00:00,2023-10-26 03:00:00,-1,2942.0,2935.481866179394,3,10.0,22.140659672286834,195.54401461818543,0.19626436661730973,996.3296852529074,10,stop,2199171.3890422834
CF0,324,332,2023-10-25 13:30:00,2023-10-26 05:30:00,-1,16095.0,16127.06797247508,1,5.0,70.92886630583793,-160.33986237540375,-0.3014097000301398,531.9664972937845,8,stop,2200268.1840353226
FG0,326,332,2023-10-25 14:30:00,2023-10-26 05:30:00,-1,1615.0,1616.6374686630397,3,20.0,10.002280222951715,-98.24811978238358,-0.10913969125308792,900.2052200656543,6,stop,2200103.9144383417
SA0,324,334,2023-10-25 13:30:00,2023-10-26 06:30:00,-1,1682.0,1672.2278018248498,3,20.0,11.156218538183992,586.3318905090091,0.5839612016504933,1004.0596684365594,10,stop,2200268.1840353226
MA0,331,344,2023-10-26 03:00:00,2023-10-27 05:30:00,-1,2393.0,2400.0028941099736,4,10.0,13.496323412946749,-280.1157643989427,-0.34591613808225896,809.7794047768049,13,stop,2200411.5511460677
MA0,345,351,2023-10-27 06:00:00,2023-10-30 01:00:00,1,2437.0,2417.731024754581,4,10.0,13.845201036005186,-770.7590098167566,-0.9278293224879347,830.7120621603111,6,stop,2200654.723304638
SA0,345,355,2023-10-27 06:00:00,2023-10-30 03:00:00,1,1690.0,1737.256031515296,3,20.0,11.331312685376172,2835.3618909177567,2.7802622595399185,1019.8181416838554,10,stop,2200654.723304638
FG0,353,356,2023-10-30 02:00:00,2023-10-30 05:30:00,1,1642.0,1625.0586478910516,3,20.0,11.672603602973952,-1016.4811265369053,-0.9675848785288483,1050.5343242676556,3,stop,2199883.9642948215
RM0,336,356,2023-10-26 13:30:00,2023-10-30 05:30:00,1,2942.0,2979.1170353746265,3,10.0,18.399324610957816,1113.5110612387962,1.3448694869492217,827.9696074931016,20,stop,2200934.839069037
MA0,367,371,2023-10-31 03:00:00,2023-10-31 13:00:00,-1,2429.0,2435.9747830353645,4,10.0,13.227051183161604,-278.9913214145781,-0.35154134451592867,793.6230709896962,4,stop,2202816.3561204406
RM0,360,374,2023-10-30 13:30:00,2023-10-31 14:30:00,-1,2937.0,2894.4145713451708,3,10.0,20.552881716755852,1277.5628596448769,1.3813287188210113,924.8796772540135,14,stop,2202816.3561204406
SP0,371,376,2023-10-31 13:00:00,2023-11-01 01:30:00,1,6038.0,6000.9301245044535,1,10.0,29.145010757033802,-370.6987549554651,-0.8479410262149274,437.17516135550704,5,stop,2202816.3561204406
SP0,384,387,2023-11-01 13:30:00,2023-11-02 01:00:00,-1,5974.0,6007.611487170082,1,10.0,29.451090671937127,-336.11487170082,-0.7608430656437264,441.76636007905694,3,stop,2203444.228903715
SP0,388,393,2023-11-02 01:30:00,2023-11-02 06:00:00,1,6006.0,5969.9940404401395,1,10.0,28.654222216815814,-360.0595955986046,-0.8377115546280705,429.8133332522372,5,stop,2203108.1140320143
OI0,391,398,2023-11-02 03:00:00,2023-11-02 14:30:00,1,8499.0,8463.732437770575,1,10.0,48.88754576878792,-352.67562229424584,-0.48093451579974156,733.3131865318188,7,stop,2203108.1140320143
RM0,388,398,2023-11-02 01:30:00,2023-11-02 14:30:00,1,2906.0,2917.1645428935158,3,10.0,17.84311408185461,334.9362868054732,0.41713730919012065,802.9401336834574,10,stop,2203444.228903715
FG0,385,411,2023-11-01 14:00:00,2023-11-06 01:00:00,1,1646.0,1672.8790613739675,3,20.0,11.390341033365162,1612.7436824380493,1.5732078782207943,1025.1306930028647,26,stop,2203444.228903715
JM0,396,411,2023-11-02 13:30:00,2023-11-06 01:00:00,1,1849.0,1869.2056339486937,1,60.0,18.222289603370054,1212.3380369216238,0.7392277768415694,1640.0060643033048,15,stop,2202748.054436416
P0,388,411,2023-11-02 01:30:00,2023-11-06 01:00:00,1,7150.0,7296.926670153539,1,10.0,40.59857178639542,1469.266701535389,2.4126738731364936,608.9785767959313,23,stop,2203444.228903715
RU0,408,415,2023-11-03 13:30:00,2023-11-06 03:00:00,-1,14115.0,14125.538569070592,1,10.0,58.81198406518507,-105.3856907059162,-0.11946056276456685,882.1797609777761,7,stop,2202730.3151009274
TA0,414,421,2023-11-06 01:30:00,2023-11-06 13:00:00,-1,5838.0,5873.6658355736545,3,5.0,28.326426550254038,-534.9875336048171,-0.8394007508707947,637.3445973807158,7,stop,2207024.6635218225
IC0,2886,2901,2023-11-03 02:30:00,2023-11-07 02:00:00,1,5521.0,5573.596603757541,1,200.0,22.318922854642576,10519.320751508167,1.5710615934914374,6695.676856392773,15,stop,2202730.3151009274
IM0,2489,2505,2023-11-03 02:00:00,2023-11-07 02:00:00,1,5930.4,6058.361764258056,1,200.0,28.566592529325504,25592.352851611213,2.986279961501529,8569.977758797651,16,stop,2202730.3151009274
RU0,422,425,2023-11-06 14:30:00,2023-11-07 02:00:00,1,14240.0,14158.137032096094,1,10.0,57.437258057447366,-818.6296790390588,-0.95017265415686,861.5588708617105,3,stop,2206384.290297512
V0,442,450,2023-11-08 06:30:00,2023-11-09 02:30:00,1,6129.0,6135.398762612014,3,5.0,22.41952575870874,95.98143918021378,0.19027350476786034,504.4393295709466,8,stop,2241677.334221592
HC0,442,451,2023-11-08 06:30:00,2023-11-09 03:00:00,1,3923.0,3935.6283389168875,2,10.0,15.588712137844825,252.5667783377503,0.5400633828383897,467.66136413534474,9,stop,2241677.334221592
I0,442,451,2023-11-08 06:30:00,2023-11-09 03:00:00,1,930.0,933.5563823070028,1,100.0,5.651618894889399,355.6382307002764,0.4195119278381988,847.7428342334099,9,stop,2241677.334221592
RB0,442,451,2023-11-08 06:30:00,2023-11-09 03:00:00,1,3825.0,3840.012479320305,2,10.0,16.97252935469523,300.2495864060984,0.5896775511601207,509.1758806408569,9,stop,2241677.334221592
TA0,453,456,2023-11-09 03:00:00,2023-11-09 06:30:00,-1,5836.0,5807.6160723837365,3,5.0,31.067972271574142,425.75891424395195,0.6090715623612067,699.0293761104181,3,stop,2241677.334221592
FG0,454,455,2023-11-09 06:30:00,2023-11-09 13:00:00,1,1696.0,1711.4648554265489,3,20.0,13.34676738243724,927.8913255929319,0.7724644719039497,1201.2090644193515,1,stop,2242681.770256216
TA0,458,463,2023-11-09 13:30:00,2023-11-10 02:00:00,1,5848.0,5818.3505269479465,3,5.0,34.3371300437124,-444.74209578080263,-0.5756542653061698,772.585425983529,5,stop,2244035.420496053
V0,463,471,2023-11-10 03:00:00,2023-11-13 01:00:00,-1,6121.0,6137.995318732086,3,5.0,27.20544585030857,-254.92978098129242,-0.41646854642262476,612.1225316319429,8,stop,2243590.678400272
EB0,472,478,2023-11-13 01:30:00,2023-11-13 06:30:00,-1,8343.0,8371.314006682132,2,5.0,56.28188489020941,-283.1400668213246,-0.33538330302151226,844.228273353141,6,stop,2243590.678400272
TA0,474,481,2023-11-13 01:30:00,2023-11-13 13:00:00,-1,5800.0,5822.294520122756,3,5.0,33.75597205097468,-334.41780184133677,-0.4403076703798066,759.5093711469302,7,stop,2243590.678400272
PP0,472,483,2023-11-13 01:30:00,2023-11-14 01:00:00,-1,7666.0,7656.081815526653,2,5.0,31.946435864428743,99.18184473346628,0.20697529484324906,479.19653796643115,11,stop,2243590.678400272
TA0,486,489,2023-11-14 01:30:00,2023-11-14 03:00:00,1,5890.0,5844.4146138843,3,5.0,32.77417675663198,-683.780791735503,-0.927262266147302,737.4189770242195,3,stop,2242817.372595362
FG0,472,491,2023-11-13 01:30:00,2023-11-14 13:00:00,-1,1732.0,1682.1458235587909,3,20.0,18.221107279985933,2991.250586472547,1.8240448901796051,1639.899655198734,19,stop,2243590.678400272
JM0,491,496,2023-11-14 13:00:00,2023-11-15 01:30:00,1,2009.5,2019.1036093490031,1,60.0,22.851755733312203,576.2165609401882,0.28017130532056383,2056.658015998098,5,stop,2242133.5918036266
HC0,492,500,2023-11-14 13:30:00,2023-11-15 05:30:00,1,3994.0,4007.4757797516622,2,10.0,18.696499809921598,269.5155950332446,0.48050989538733846,560.8949942976479,8,stop,2245124.842390099
RB0,492,500,2023-11-14 13:30:00,2023-11-15 05:30:00,1,3909.0,3927.147309151014,2,10.0,21.201372841160918,362.9461830202763,0.5706331467926499,636.0411852348275,8,stop,2245124.842390099
JM0,497,507,2023-11-15 02:00:00,2023-11-16 01:00:00,-1,2004.0,1997.3898885275312,1,60.0,21.784830000062815,396.60668834812896,0.2022848459975667,1960.6347000056535,10,stop,2245701.0589510393
MA0,504,508,2023-11-15 13:30:00,2023-11-16 01:30:00,-1,2469.0,2484.4851215698345,4,10.0,13.947076243343464,-619.4048627933807,-0.7401848387268081,836.8245746006079,4,stop,2246333.520729093
P0,484,511,2023-11-14 01:30:00,2023-11-16 03:00:00,1,7452.0,7588.326456918766,1,10.0,50.7314453093472,1363.2645691876587,1.7914787181465393,760.971679640208,27,stop,2242718.1907506282
JM0,511,519,2023-11-16 03:00:00,2023-11-17 01:00:00,1,2023.0,2069.3819016243533,1,60.0,21.215789156617085,2782.9140974611983,1.4574648871793063,1909.4210240955376,8,stop,2246110.722554648
BU0,519,527,2023-11-17 01:00:00,2023-11-17 13:00:00,-1,3556.0,3558.39260244779,3,10.0,18.210549376548627,-71.77807343370205,-0.08759034478008809,819.4747219446881,8,stop,2247473.9871238354
I0,520,530,2023-11-17 01:30:00,2023-11-17 14:30:00,-1,962.5,962.3501726780484,1,100.0,7.473586899652238,14.982732195164772,0.013365052503202492,1121.0380349478355,10,stop,2247473.9871238354
LH0,2956,2971,2023-11-16 01:30:00,2023-11-20 01:00:00,-1,15720.0,15855.0,1,16.0,73.77493777931551,-2160.0,-1.2199264778673058,1770.5985067035722,15,stop,2246730.127417441
RM0,512,533,2023-11-16 05:30:00,2023-11-20 02:00:00,-1,2979.0,2904.9846185016845,3,10.0,15.834863484878529,2220.4614449494647,3.1161359687542762,712.5688568195337,21,stop,2247473.9871238354
I0,536,547,2023-11-20 05:30:00,2023-11-21 03:00:00,1,968.5,977.2626560024436,1,100.0,7.154957474211591,876.2656002443578,0.8164647643750569,1073.2436211317386,11,stop,2250260.567325007
OI0,540,547,2023-11-20 13:30:00,2023-11-21 03:00:00,1,8647.0,8677.793654544632,1,10.0,44.10834812186583,307.93654544631863,0.4654244355974348,661.6252218279874,7,stop,2250260.567325007
P0,540,547,2023-11-20 13:30:00,2023-11-21 03:00:00,1,7504.0,7495.143059471035,1,10.0,40.82315616516778,-88.56940528965424,-0.14463916007426159,612.3473424775168,7,stop,2250260.567325007
IC0,2976,2986,2023-11-20 05:00:00,2023-11-21 06:00:00,1,5639.2,5631.326048009492,1,200.0,24.81330232037122,-1574.7903981015043,-0.2115519030570729,7443.990696111367,10,stop,2250260.567325007
IF0,2976,2986,2023-11-20 05:00:00,2023-11-21 06:00:00,1,3589.4,3597.003170411584,1,300.0,14.132049184826046,2280.951123475188,0.35867270259940714,6359.422133171721,10,stop,2250260.567325007
IH0,2976,2986,2023-11-20 05:00:00,2023-11-21 06:00:00,1,2414.8,2421.2892656261174,1,300.0,9.671932812789699,1946.7796878351692,0.44729188754882837,4352.369765755365,10,stop,2250260.567325007
OI0,550,554,2023-11-21 06:30:00,2023-11-21 14:30:00,-1,8566.0,8594.371550990412,1,10.0,49.39039172134487,-283.7155099041229,-0.3829564145523343,740.855875820173,4,stop,2254009.1404786175
P0,550,554,2023-11-21 06:30:00,2023-11-21 14:30:00,-1,7392.0,7457.987511788099,1,10.0,45.524421892442234,-659.8751178809925,-0.9663313161743369,682.8663283866335,4,stop,2254009.1404786175
C0,556,560,2023-11-22 01:30:00,2023-11-22 05:30:00,-1,2538.0,2545.472169539436,4,10.0,6.9473259579373865,-298.88678157743925,-0.7170307525203474,416.83955747624316,4,stop,2253065.549850832
Y0,555,560,2023-11-22 01:00:00,2023-11-22 05:30:00,1,8370.0,8319.434405077249,1,10.0,40.33021473460106,-505.6559492275119,-0.8358595865904437,604.9532210190158,5,stop,2253065.549850832
MA0,532,561,2023-11-20 01:30:00,2023-11-22 06:00:00,-1,2472.0,2392.010726193154,4,10.0,15.060643151314629,3199.5709522738434,3.54076396353914,903.6385890788778,29,stop,2248040.105880058
HC0,563,566,2023-11-22 13:00:00,2023-11-22 14:30:00,1,4059.0,4031.178503629869,2,10.0,19.132202321679227,-556.4299274026234,-0.969447423506349,573.9660696503768,3,stop,2255460.578072301
RM0,556,566,2023-11-22 01:30:00,2023-11-22 14:30:00,-1,2896.0,2866.431161650841,3,10.0,17.795409855915146,887.0651504747639,1.1077327838496958,800.7934435161816,10,stop,2253065.549850832
HC0,567,570,2023-11-23 01:00:00,2023-11-23 02:30:00,-1,4004.0,4033.153362800721,2,10.0,20.084465600517508,-583.0672560144194,-0.96769192604158,602.5339680155253,3,stop,2254904.1481448985
FG0,574,575,2023-11-23 06:30:00,2023-11-23 13:00:00,1,1741.0,1718.8922954547147,3,20.0,15.231172494050924,-1326.4622727171172,-0.9676516829294325,1370.8055244645832,1,stop,2255208.146039359
LH0,2988,3003,2023-11-22 01:30:00,2023-11-24 01:00:00,-1,15730.0,15560.496768885097,1,16.0,75.01607876320233,2712.0516978384403,1.5063724462765797,1800.385890316856,15,stop,2253065.549850832
HC0,587,588,2023-11-24 13:00:00,2023-11-24 13:30:00,1,4055.0,4024.3884354111074,2,10.0,20.977533550999816,-612.2312917778527,-0.9728364717574609,629.3260065299945,1,stop,2256593.7354644802
I0,587,588,2023-11-24 13:00:00,2023-11-24 13:30:00,1,987.5,975.0,1,100.0,7.77210975614736,-1250.0,-1.0722099397453917,1165.816463422104,1,stop,2256593.7354644802
P0,564,591,2023-11-22 13:30:00,2023-11-27 01:00:00,-1,7464.0,7341.756931241117,1,10.0,51.159752984851636,1222.4306875888306,1.5929588087870445,767.3962947727745,27,stop,2255460.578072301
OI0,561,592,2023-11-22 06:00:00,2023-11-27 01:30:00,-1,8592.0,8483.400698579086,1,10.0,49.93001221727337,1085.9930142091434,1.4500203598100225,748.9501832591006,31,stop,2252766.6630692547
Y0,561,597,2023-11-22 06:00:00,2023-11-27 06:00:00,-1,8336.0,8181.745470755903,1,10.0,40.0292025236223,1542.5452924409728,2.5690332643702236,600.4380378543345,36,stop,2252261.007120027
FG0,592,603,2023-11-27 01:30:00,2023-11-28 01:00:00,1,1745.0,1757.8935197299234,3,20.0,16.33110377765554,773.6111837954013,0.5263379583509623,1469.7993399889983,11,stop,2254731.5041727023
RU0,601,607,2023-11-27 14:00:00,2023-11-28 03:00:00,-1,13845.0,13930.655209395596,1,10.0,65.45473834876326,-856.552093955961,-0.872411598777346,981.8210752314487,6,stop,2258582.4731669407
P0,612,615,2023-11-28 13:30:00,2023-11-29 01:00:00,-1,7324.0,7396.0,1,10.0,43.70125548938492,-720.0,-1.0983666135555132,655.5188323407738,3,stop,2258499.53225678
V0,625,635,2023-11-29 14:00:00,2023-11-30 13:00:00,1,5880.0,5875.917858551686,3,5.0,22.551523332876386,-61.2321217247154,-0.12067600011047512,507.4092749897187,10,stop,2257779.53225678
JM0,636,639,2023-11-30 13:30:00,2023-12-01 01:00:00,1,2103.5,2100.7027823433355,1,60.0,22.400338415987655,-167.83305939987258,-0.08324926777796958,2016.0304574388892,3,stop,2257779.53225678
P0,640,647,2023-12-01 01:30:00,2023-12-01 13:00:00,-1,7228.0,7235.271465296012,1,10.0,42.34587070106081,-72.71465296012138,-0.11447736108430803,635.1880605159122,7,stop,2257550.4670756557
Y0,640,647,2023-12-01 01:30:00,2023-12-01 13:00:00,-1,8160.0,8145.1887529051555,1,10.0,35.68000319251274,148.11247094844475,0.27674226026886556,535.2000478876912,7,stop,2257550.4670756557
RM0,627,648,2023-11-30 01:00:00,2023-12-01 13:30:00,-1,2838.0,2771.893363805479,3,10.0,17.30350451825581,1983.1990858356266,2.546945952471691,778.6577033215116,21,stop,2257779.53225678
EB0,640,652,2023-12-01 01:30:00,2023-12-04 01:30:00,-1,7978.0,7982.2491201406265,2,5.0,57.83806972428608,-42.491201406264736,-0.04897720089763274,867.5710458642912,12,stop,2257718.3001350556
TA0,650,654,2023-12-01 13:30:00,2023-12-04 01:30:00,1,5700.0,5686.91024559373,3,5.0,30.636712514278273,-196.34631609405005,-0.28483809852138475,689.3260315712611,4,stop,2257477.7524226955
HC0,653,663,2023-12-04 02:00:00,2023-12-05 01:00:00,-1,4011.0,3993.66466451278,2,10.0,16.07065660595358,346.70670974440327,0.7191299402497372,482.1196981786074,10,stop,2259566.5727780736
JM0,648,663,2023-12-01 13:30:00,2023-12-05 01:00:00,-1,2092.5,2001.913844926665,1,60.0,24.27248131149169,5435.169304400101,2.4880344647870136,2184.523318034252,15,stop,2257550.4670756557
L0,669,670,2023-12-05 06:00:00,2023-12-05 06:30:00,1,7931.0,7887.443355359829,2,5.0,30.194514100635544,-435.56644640170816,-0.9616900274224321,452.91771150953315,1,stop,2265152.102476124
MA0,672,677,2023-12-05 13:30:00,2023-12-06 02:00:00,1,2446.0,2433.6304954828915,4,10.0,15.86600527839345,-494.7801806843381,-0.5197487458275932,951.960316703607,5,stop,2264716.5360297225
IC0,3061,3072,2023-12-05 02:00:00,2023-12-06 05:00:00,-1,5476.6,5473.611452943257,1,200.0,24.43001022577237,597.7094113486601,0.08155398569558084,7329.003067731711,11,stop,2265152.102476124
IM0,2665,2676,2023-12-05 02:00:00,2023-12-06 05:00:00,-1,5992.2,6003.699575245875,1,200.0,29.566444780414464,-2299.9150491750697,-0.25929338323181256,8869.93343412434,11,stop,2265152.102476124
I0,675,683,2023-12-06 01:00:00,2023-12-06 13:00:00,1,967.5,930.5,1,100.0,6.360516199196795,-3700.0,-3.878091949483844,954.0774298795192,8,stop,2264716.5360297225
TA0,677,687,2023-12-06 01:00:00,2023-12-06 14:00:00,1,5650.0,5655.096899743542,4,5.0,34.29610775735399,101.93799487084107,0.09907634960800363,1028.8832327206196,10,stop,2264716.5360297225
TA0,690,692,2023-12-07 01:30:00,2023-12-07 02:30:00,-1,5616.0,5660.822325240126,4,5.0,30.641669403167548,-896.4465048025158,-0.9751932822888199,919.2500820950263,2,stop,2258921.4882060825
MA0,696,700,2023-12-07 13:30:00,2023-12-08 01:30:00,-1,2426.0,2437.9129117142634,4,10.0,15.048711802135756,-476.5164685705349,-0.5277489028472926,902.9227081281454,4,stop,2258025.04170128
I0,698,704,2023-12-07 14:30:00,2023-12-08 05:30:00,1,961.0,956.6193169997294,1,100.0,8.716180938751043,-438.0683000270551,-0.33506134785818,1307.4271408126563,6,stop,2258025.04170128
C0,700,707,2023-12-08 01:30:00,2023-12-08 13:00:00,1,2496.0,2488.024518817365,4,10.0,6.759995252665004,-319.01924730540486,-0.7865371581428192,405.5997151599002,7,stop,2258025.04170128
TA0,693,713,2023-12-07 03:00:00,2023-12-11 01:00:00,1,5668.0,5730.884789768122,3,5.0,30.265214168643986,943.271846521825,1.3851940034239683,680.9673187944898,20,stop,2258025.04170128
I0,711,717,2023-12-11 01:00:00,2023-12-11 06:00:00,-1,957.5,957.8246645230637,1,100.0,8.118349612802291,-32.466452306368865,-0.026660962596938547,1217.7524419203437,6,stop,2256791.437685377
MA0,711,724,2023-12-11 01:00:00,2023-12-12 01:30:00,-1,2430.0,2387.3769939766394,4,10.0,16.882832575593852,1704.9202409344252,1.683090631958576,1012.9699545356311,13,stop,2256791.437685377
I0,720,733,2023-12-11 13:30:00,2023-12-12 14:00:00,1,960.5,960.0825075641208,1,100.0,7.456095227689734,-41.74924358792396,-0.03732896135131573,1118.4142841534601,13,stop,2257702.2430795925
IM0,2701,2717,2023-12-11 05:30:00,2023-12-13 05:30:00,1,6024.4,6046.8907054124675,1,200.0,31.98382364042798,4498.1410824935665,0.4687933430623198,9595.147092128394,16,stop,2257734.7095318986
EB0,737,743,2023-12-13 02:00:00,2023-12-13 13:00:00,-1,7997.0,8019.257205075558,2,5.0,54.23120206513784,-222.57205075557977,-0.27360884789565165,813.4680309770677,6,stop,2259365.414076939
I0,739,743,2023-12-13 03:00:00,2023-12-13 13:00:00,-1,947.0,950.0,1,100.0,6.49556442951963,-300.0,-0.30790241890463504,974.3346644279445,4,stop,2259365.414076939
JM0,733,743,2023-12-12 14:00:00,2023-12-13 13:00:00,-1,1990.0,1920.5781170026044,1,60.0,20.90085224944993,4165.3129798437385,2.2143238361399895,1881.0767024504937,10,stop,2259407.163320527
EB0,744,750,2023-12-13 13:30:00,2023-12-14 02:30:00,1,8120.0,8082.0405650635,2,5.0,61.43866550261661,-379.59434936499747,-0.4118951762809485,921.5799825392492,6,stop,2263640.9831086774
BU0,745,767,2023-12-13 14:00:00,2023-12-15 13:00:00,1,3701.0,3706.5377695939646,3,10.0,17.68615094350361,166.1330878189392,0.20874221913912236,795.8767924576625,22,stop,2267506.2960885214
P0,765,767,2023-12-15 06:00:00,2023-12-15 13:00:00,-1,7082.0,7107.918706967126,1,10.0,38.96727679691123,-259.18706967126127,-0.4434268801522648,584.5091519536685,2,stop,2267126.701739156
TA0,762,770,2023-12-15 01:30:00,2023-12-15 13:30:00,1,5686.0,5662.653662451953,3,5.0,32.84940506742966,-350.19506322070356,-0.4738053855186337,739.1116140171673,8,stop,2267126.701739156
V0,760,772,2023-12-15 01:30:00,2023-12-18 01:30:00,1,5869.0,5988.989766653338,3,5.0,23.76704153615633,1799.846499800069,3.365718768455044,534.7584345635174,12,stop,2267126.701739156
BU0,768,778,2023-12-15 13:30:00,2023-12-18 06:30:00,-1,3703.0,3678.4064380207683,3,10.0,15.051418158571394,737.8068593769513,1.0893131672657397,677.3138171357127,10,stop,2267292.834826975
RU0,775,782,2023-12-18 03:00:00,2023-12-18 14:30:00,1,13605.0,13530.5779775312,1,10.0,58.90677220523334,-744.220224687997,-0.8422576859755123,883.6015830785002,7,stop,2268483.2991938833
PP0,781,783,2023-12-18 14:00:00,2023-12-19 01:00:00,1,7529.0,7491.366971613405,3,5.0,26.249353713452745,-564.4954257989184,-0.955782982885599,590.6104585526867,2,stop,2269221.10605326
P0,779,784,2023-12-18 13:00:00,2023-12-19 01:30:00,1,7152.0,7132.527159886097,1,10.0,44.061108543064094,-194.72840113902748,-0.29463383556454015,660.9166281459613,5,stop,2269221.10605326
PP0,789,794,2023-12-19 06:00:00,2023-12-19 14:30:00,-1,7456.0,7489.5833044105175,3,5.0,23.54418587886509,-503.7495661577623,-0.9509298695738498,529.7441822744645,5,stop,2267717.6620016345
RM0,793,796,2023-12-19 14:00:00,2023-12-20 01:30:00,1,2856.0,2832.926241722397,3,10.0,15.565775173663667,-692.2127483280838,-0.9882261144583478,700.4598828148651,3,stop,2267717.6620016345
RM0,804,805,2023-12-20 13:30:00,2023-12-20 14:00:00,-1,2815.0,2839.130023017793,4,10.0,16.08668201186217,-965.2009207117226,-0.999999999999992,965.2009207117303,1,stop,2266521.6996871484
OI0,813,815,2023-12-21 06:00:00,2023-12-21 13:00:00,1,8066.0,8030.651117901901,1,10.0,37.9940691986356,-353.4888209809924,-0.6202526314180398,569.9110379795341,2,stop,2265556.4987664367
RM0,814,817,2023-12-21 06:30:00,2023-12-21 14:00:00,1,2867.0,2849.352718204615,3,10.0,18.82368949412249,-529.4184538615491,-0.6250025816633931,847.0660272355121,3,stop,2265556.4987664367
RM0,818,821,2023-12-21 14:30:00,2023-12-22 02:00:00,-1,2835.0,2828.6992599670816,3,10.0,20.261802260558945,189.0222009875515,0.2073109440740859,911.7811017251524,3,stop,2264673.5914915944
OI0,816,823,2023-12-21 13:30:00,2023-12-22 03:00:00,-1,8009.0,7960.308778842638,1,10.0,38.55939141013207,486.91221157361724,0.8418393786261428,578.3908711519812,7,stop,2265203.009945456
Y0,816,823,2023-12-21 13:30:00,2023-12-22 03:00:00,-1,7562.0,7539.311153098374,1,10.0,33.55909662825835,226.88846901625766,0.45072422842516124,503.3864494238753,7,stop,2265203.009945456
SP0,801,824,2023-12-20 06:00:00,2023-12-22 05:30:00,1,5752.0,5828.26888300199,1,10.0,33.91082396667362,762.6888300198971,1.4994009597435933,508.6623595001043,23,stop,2266521.6996871484
OI0,824,831,2023-12-22 05:30:00,2023-12-25 01:00:00,1,8024.0,8032.244873022758,1,10.0,47.42076946483891,82.44873022757929,0.11591085672381392,711.3115419725837,7,stop,2265349.525904156
RM0,824,831,2023-12-22 05:30:00,2023-12-25 01:00:00,1,2849.0,2832.7820047253326,3,10.0,20.810926663673072,-486.5398582400212,-0.5195346187371535,936.4916998652882,7,stop,2265349.525904156
CF0,820,836,2023-12-22 01:30:00,2023-12-25 05:30:00,1,15255.0,15385.81174245713,1,5.0,59.99965143920411,654.0587122856505,1.4534722488032876,449.9973857940308,16,stop,2264673.5914915944
SA0,831,839,2023-12-25 01:00:00,2023-12-25 13:00:00,-1,2120.0,2140.4937728890955,2,20.0,31.398732519524447,-819.7509155638181,-0.4351295152089756,1883.9239511714668,8,stop,2266339.103203192
BU0,835,851,2023-12-25 03:00:00,2023-12-26 13:00:00,-1,3717.0,3729.4613493566144,3,10.0,16.851664437729383,-373.84048069843175,-0.4929819406528784,758.3248996978222,16,stop,2265935.0120751793
RM0,849,852,2023-12-26 06:00:00,2023-12-26 13:30:00,-1,2843.0,2860.864420666021,3,10.0,18.671891760220333,-535.932619980631,-0.6378364833241096,840.2351292099149,3,stop,2265769.319871901
BU0,855,858,2023-12-27 01:00:00,2023-12-27 02:30:00,-1,3670.0,3696.450865933108,3,10.0,18.451162614947414,-793.5259779932449,-0.9557072901079283,830.3023176726335,3,stop,2264859.5467712223
EG0,855,862,2023-12-27 01:00:00,2023-12-27 06:30:00,-1,4482.0,4515.438771943423,2,10.0,26.093402988451892,-668.7754388684516,-0.8543352754262962,782.8020896535568,7,stop,2264859.5467712223
BU0,860,867,2023-12-27 05:30:00,2023-12-28 01:00:00,1,3736.0,3734.3133899609365,3,10.0,19.402588060019024,-50.598301171903586,-0.05795137685914805,873.116462700856,7,stop,2264066.020793229
M0,855,867,2023-12-27 01:00:00,2023-12-28 01:00:00,-1,3354.0,3367.1532385765704,3,10.0,14.47012951807585,-394.59715729711206,-0.6059949710028322,651.1558283134133,12,stop,2264859.5467712223
SP0,862,870,2023-12-27 06:30:00,2023-12-28 02:30:00,1,5806.0,5760.92017811196,1,10.0,31.62766644966472,-450.7982188803999,-0.9502191582757521,474.41499674497084,8,stop,2264066.020793229
LH0,3188,3199,2023-12-27 01:30:00,2023-12-28 03:00:00,-1,13945.0,13870.916219225155,1,16.0,95.27728311986269,1185.3404923975177,0.5183731689861086,2286.6547948767047,11,stop,2264859.5467712223
RM0,856,879,2023-12-27 01:30:00,2023-12-29 01:00:00,1,2908.0,2923.6997825079347,3,10.0,21.941447914854873,470.99347523804227,0.4770205554607185,987.3651561684693,23,stop,2264859.5467712223
OI0,879,880,2023-12-29 01:00:00,2023-12-29 01:30:00,1,8133.0,8068.0,1,10.0,39.807410729192604,-650.0,-1.0885745276960455,597.111160937889,1,stop,2263686.5921694087
RU0,875,882,2023-12-28 13:00:00,2023-12-29 02:30:00,1,13900.0,14077.387088724348,1,10.0,58.13145295218693,1773.8708872434836,2.034321406809369,871.971794282804,7,stop,2263686.5921694087
BU0,876,887,2023-12-28 13:30:00,2024-01-02 01:00:00,-1,3703.0,3677.075700537526,3,10.0,16.750235853856093,777.7289838742263,1.031798385354522,753.7606134235241,11,stop,2263686.5921694087
TA0,890,893,2024-01-02 01:30:00,2024-01-02 03:00:00,1,6000.0,5952.600822164767,3,5.0,33.31060692586044,-710.9876675284931,-0.9486303254842005,749.4886558318599,3,stop,2266059.1855157646
BU0,888,899,2024-01-02 01:30:00,2024-01-03 01:00:00,1,3735.0,3718.0,3,10.0,19.608140785176296,-510.0,-0.5779912260677619,882.3663353329333,11,stop,2266059.1855157646
EB0,887,899,2024-01-02 01:00:00,2024-01-03 01:00:00,1,8479.0,8554.500682854725,2,5.0,45.996481656878295,755.006828547248,1.0942964930512167,689.9472248531744,12,stop,2265281.45653189
HC0,888,903,2024-01-02 01:30:00,2024-01-03 03:00:00,1,4138.0,4157.655996598832,2,10.0,15.891102006660267,393.1199319766347,0.8246122721421304,476.733060199808,15,stop,2266059.1855157646
RB0,888,903,2024-01-02 01:30:00,2024-01-03 03:00:00,1,4041.0,4047.1142196689484,2,10.0,17.441926724046496,122.28439337896816,0.23369817511880628,523.2578017213949,15,stop,2266059.1855157646
I0,888,904,2024-01-02 01:30:00,2024-01-03 05:30:00,1,981.5,1011.0670416229672,1,100.0,6.703512433525417,2956.7041622967167,2.940452677226078,1005.5268650288125,16,stop,2266059.1855157646
TA0,900,909,2024-01-02 14:30:00,2024-01-03 13:00:00,-1,5908.0,5902.650697536544,3,5.0,32.210296731974886,80.23953695184446,0.11071619960470779,724.7316764694349,9,stop,2265348.197848236
BU0,900,910,2024-01-03 01:30:00,2024-01-03 14:30:00,-1,3691.0,3694.156927766893,3,10.0,17.31269594787157,-94.70783300679614,-0.12156503629470136,779.0713176542206,10,stop,2264838.197848236
FG0,896,911,2024-01-02 13:30:00,2024-01-04 01:00:00,1,1928.0,1950.2757851755696,2,20.0,20.049300879934187,891.0314070227832,0.740700313657444,1202.958052796051,15,stop,2265348.197848236
SP0,890,913,2024-01-02 02:30:00,2024-01-04 02:00:00,1,5826.0,5902.763798561114,1,10.0,41.117088426554105,767.6379856111362,1.2446373920376825,616.7563263983116,23,stop,2266059.1855157646
FG0,913,919,2024-01-04 02:00:00,2024-01-04 13:00:00,-1,1930.0,1934.9609325994297,2,20.0,16.71831874860879,-198.437303977189,-0.19782422200169092,1003.0991249165274,6,stop,2269941.876275404
BU0,920,927,2024-01-04 13:30:00,2024-01-05 03:00:00,-1,3693.0,3695.957148927156,3,10.0,15.249643002307883,-88.71446781468421,-0.1292772963803636,686.2339351038547,7,stop,2270709.514261015
EB0,916,929,2024-01-04 05:30:00,2024-01-05 06:00:00,-1,8455.0,8386.367235045891,2,5.0,44.305383031893335,686.3276495410901,1.0327227416843614,664.5807454784,13,stop,2270709.514261015
TA0,917,931,2024-01-04 03:00:00,2024-01-05 06:00:00,-1,5910.0,5900.081617625823,3,5.0,30.156150422382716,148.77573561265308,0.21926720829758556,678.5133845036112,14,stop,2270709.514261015
SP0,929,935,2024-01-05 06:00:00,2024-01-08 01:00:00,1,5870.0,5868.200665203033,1,10.0,34.241703879584314,-17.99334796966832,-0.035032033906070445,513.6255581937646,6,stop,2270422.3624892235
SA0,913,941,2024-01-04 02:00:00,2024-01-08 06:00:00,-1,2036.0,1948.5833696443176,2,20.0,21.91031165110067,3496.665214227296,2.6598322515201342,1314.6186990660403,28,stop,2269941.876275404
IM0,2828,2856,2024-01-03 05:00:00,2024-01-09 01:30:00,-1,5782.6,5539.025700813974,1,200.0,26.913624665451028,48714.85983720522,6.0334818569595345,8074.087399635308,28,stop,2265593.2046767836
JM0,915,952,2024-01-04 03:00:00,2024-01-09 05:30:00,-1,1911.0,1807.978737241624,1,60.0,18.168039330564437,6181.27576550256,3.780311160124706,1635.1235397507992,37,stop,2270709.514261015
SP0,936,955,2024-01-08 01:30:00,2024-01-09 13:00:00,-1,5852.0,5777.713755223749,1,10.0,36.79621626084134,742.862447762509,1.345903688387413,551.9432439126201,19,stop,2271239.4725264073
TA0,938,957,2024-01-08 01:30:00,2024-01-09 13:00:00,-1,5874.0,5756.216939398491,3,5.0,34.06772405498349,1766.7459090226293,2.304880721537939,766.5237912371285,19,stop,2271239.4725264073
EG0,947,960,2024-01-09 01:00:00,2024-01-10 01:30:00,-1,4598.0,4600.999408131138,2,10.0,41.824168750537446,-59.988162622757955,-0.04780980663800768,1254.7250625161234,13,stop,2274736.137740635
P0,948,967,2024-01-09 01:30:00,2024-01-10 13:00:00,1,7008.0,7198.409380339811,1,10.0,44.04069246020478,1904.0938033981092,2.882324954538579,660.6103869030717,19,stop,2274736.137740635
SR0,960,967,2024-01-10 01:30:00,2024-01-10 13:00:00,-1,6279.0,6239.859210600034,1,10.0,20.577324500794948,391.407893999658,1.2680880645571357,308.65986751192423,7,stop,2332141.8817001274
MA0,956,970,2024-01-09 13:30:00,2024-01-10 14:30:00,-1,2373.0,2317.255208884765,4,10.0,12.651816176694734,2229.791644609395,2.9373801798732804,759.108970601684,14,stop,2329632.2733433424
HC0,992,994,2024-01-12 13:30:00,2024-01-12 14:30:00,-1,3998.0,4019.25152116532,2,10.0,14.488271605870699,-425.030423306398,-0.9778723896326695,434.6481481761209,2,stop,2336607.186879512
JM0,992,994,2024-01-12 13:30:00,2024-01-12 14:30:00,-1,1773.5,1798.0262614884568,1,60.0,17.031674914789605,-1471.5756893074104,-0.9600254275700251,1532.8507423310643,2,stop,2336607.186879512
MA0,992,994,2024-01-12 13:30:00,2024-01-12 14:30:00,-1,2329.0,2347.255598099916,5,10.0,12.183506328144862,-912.7799049957957,-0.9989241524964529,913.7629746108646,2,stop,2336607.186879512
Y0,992,997,2024-01-12 13:30:00,2024-01-15 02:00:00,-1,7498.0,7488.494795232882,1,10.0,31.136634681737306,95.05204767117903,0.20351599467476655,467.0495202260596,5,stop,2336607.186879512
JM0,995,1003,2024-01-15 01:00:00,2024-01-15 13:00:00,1,1807.0,1788.0,1,60.0,18.302510855609608,-1140.0,-0.6920726214340374,1647.2259770048645,8,stop,2334710.580766898
CF0,996,1007,2024-01-15 01:30:00,2024-01-16 01:00:00,-1,15445.0,15499.616792674997,1,5.0,51.89919657331039,-273.0839633749838,-0.7015753136993509,389.24397429982787,11,stop,2333797.8008619025
MA0,995,1008,2024-01-15 01:00:00,2024-01-16 01:30:00,1,2351.0,2354.9794488978314,4,10.0,13.228558091448347,159.17795591325557,0.20054838279030676,793.7134854869008,13,stop,2333797.8008619025
Y0,1008,1010,2024-01-16 01:30:00,2024-01-16 02:30:00,-1,7466.0,7498.116076362838,1,10.0,29.67308046562695,-321.160763628377,-0.7215535845706055,445.0962069844042,2,stop,2332479.7689461987
JM0,1008,1014,2024-01-16 01:30:00,2024-01-16 06:30:00,-1,1781.5,1782.4307437429084,1,60.0,15.646999490583633,-55.84462457450172,-0.039655898818108166,1408.2299541525272,6,stop,2332479.7689461987
RM0,1006,1014,2024-01-15 14:30:00,2024-01-16 06:30:00,-1,2603.0,2592.7699628106534,4,10.0,16.608854467117375,409.20148757386414,0.4106258385489614,996.5312680270425,8,stop,2332752.852909574
Y0,1016,1018,2024-01-16 13:30:00,2024-01-16 14:30:00,1,7566.0,7520.975302060955,1,10.0,30.940808776750334,-450.24697939044927,-0.9701254259149072,464.112131651255,2,stop,2332671.1430014833
JM0,1015,1020,2024-01-16 13:00:00,2024-01-17 01:30:00,1,1809.5,1799.329278722444,1,60.0,18.216992151535717,-610.2432766533548,-0.37220638815131396,1639.5292936382143,5,stop,2332261.9415139095
HC0,1015,1021,2024-01-16 13:00:00,2024-01-17 02:00:00,1,4043.0,4023.9641745038707,2,10.0,15.283510128923982,-380.71650992258583,-0.8303426518974881,458.5053038677195,6,stop,2332317.786138484
FG0,1020,1030,2024-01-17 01:30:00,2024-01-17 14:30:00,-1,1748.0,1740.0116994389782,3,20.0,16.32197743147135,479.2980336613073,0.3262799332805956,1468.9779688324213,10,stop,2332220.896022093
SP0,1021,1030,2024-01-17 02:00:00,2024-01-17 14:30:00,-1,5710.0,5744.98480390284,2,10.0,28.652041118198138,-699.6960780568043,-0.8140153961694516,859.5612335459441,9,stop,2331610.6527454397
JM0,1027,1031,2024-01-17 13:00:00,2024-01-18 01:00:00,-1,1769.5,1793.966017161826,1,60.0,16.79611488541341,-1467.9610297095542,-0.9710982699962922,1511.650339687207,4,stop,2331229.9362355173
OI0,1027,1031,2024-01-17 13:00:00,2024-01-18 01:00:00,-1,7927.0,7976.264538336428,1,10.0,34.42160315434896,-492.64538336427904,-0.9541399164457304,516.3240473152343,4,stop,2331229.9362355173
SA0,1028,1031,2024-01-17 13:30:00,2024-01-18 01:00:00,-1,1855.0,1886.3615556956365,3,20.0,21.45508842739558,-1881.6933417381915,-0.9744869552900272,1930.9579584656024,3,stop,2331229.9362355173
RU0,1034,1037,2024-01-18 02:30:00,2024-01-18 06:00:00,-1,13750.0,13797.702614154307,1,10.0,71.37953599307356,-477.026141543065,-0.44553025355367404,1070.6930398961035,3,stop,2327167.2384363096
OI0,1035,1038,2024-01-18 03:00:00,2024-01-18 06:30:00,-1,7946.0,7999.112757743073,1,10.0,37.23116575006839,-531.1275774307342,-0.9510447617929852,558.4674862510259,3,stop,2327167.2384363096
LH0,3303,3315,2024-01-17 03:00:00,2024-01-19 01:00:00,-1,13660.0,13710.79524268658,1,16.0,70.67927743872902,-812.7238829852722,-0.4791149025786544,1696.3026585294965,12,stop,2331229.9362355173
SP0,1045,1050,2024-01-19 02:00:00,2024-01-19 06:30:00,1,5760.0,5719.356109609175,2,10.0,28.07010044278545,-812.8778078164942,-0.9652949757855477,842.1030132835635,5,stop,2325346.360834351
MA0,1049,1051,2024-01-19 06:00:00,2024-01-19 13:00:00,-1,2341.0,2356.3034981166493,4,10.0,10.20233207776627,-612.1399246659712,-0.9999999999999918,612.1399246659762,2,stop,2325346.360834351
OI0,1039,1055,2024-01-18 13:00:00,2024-01-22 01:00:00,1,8013.0,8045.162956260733,1,10.0,38.23488455299103,321.62956260733154,0.5607960136710132,573.5232682948655,16,stop,2326159.084717336
SA0,1039,1061,2024-01-18 13:00:00,2024-01-22 06:00:00,1,1905.0,2047.354830822416,3,20.0,20.8141143635156,8541.289849344961,4.559560829291406,1873.2702927164041,22,stop,2326159.084717336
V0,1062,1065,2024-01-22 06:30:00,2024-01-22 14:00:00,-1,5839.0,5865.129806824741,3,5.0,22.769002515381537,-391.9471023711094,-0.7650695810993832,512.3025565960845,3,stop,2332784.262513821
OI0,1059,1067,2024-01-22 03:00:00,2024-01-23 01:00:00,-1,7984.0,7951.918219995722,1,10.0,35.862461798015424,320.8178000427779,0.5963855313850419,537.9369269702313,8,stop,2324242.972664476
SP0,1052,1067,2024-01-19 13:30:00,2024-01-23 01:00:00,-1,5676.0,5678.185281611407,2,10.0,29.22046760560991,-43.70563222813871,-0.0498573269691594,876.6140281682974,15,stop,2323921.3431018684
IH0,3331,3333,2024-01-22 06:30:00,2024-01-23 02:00:00,-1,2220.6,2227.3334099152303,1,300.0,17.721422503242103,-2020.0229745691104,-0.2533058473531495,7974.640126458946,2,stop,2324242.972664476
SP0,1074,1094,2024-01-23 06:30:00,2024-01-25 02:30:00,1,5708.0,5746.987187398067,2,10.0,26.929898615745937,779.7437479613473,0.9651524736963181,807.8969584723781,20,stop,2330649.4046046957
RM0,1097,1108,2024-01-25 06:00:00,2024-01-26 05:30:00,-1,2529.0,2523.922414840874,4,10.0,11.521314896717177,203.10340636504407,0.2938081983780562,691.2788938030305,11,stop,2331429.148352657
P0,1109,1111,2024-01-26 06:00:00,2024-01-26 13:00:00,1,7592.0,7538.712449895118,1,10.0,36.411574434274264,-532.8755010488203,-0.9756522192518795,546.173616514114,2,stop,2331429.148352657
EB0,1105,1113,2024-01-26 02:00:00,2024-01-26 14:00:00,-1,8854.0,8823.496477893561,2,5.0,53.380510493538104,305.0352210643905,0.38095704249127416,800.7076574030715,8,stop,2331429.148352657
EG0,1116,1119,2024-01-29 01:30:00,2024-01-29 03:00:00,1,4754.0,4716.145801393071,2,10.0,33.51054409056431,-757.083972138571,-0.7530803539452188,1005.3163227169293,3,stop,2331404.4114790377
LC0,1031,1038,2024-01-26 06:30:00,2024-01-29 06:00:00,-1,100950.0,101935.06645473355,1,1.0,908.1398785144447,-985.0664547335473,-0.7231385663810151,1362.209817771667,7,stop,2331632.251759022
LC0,1039,1045,2024-01-29 06:30:00,2024-01-30 05:30:00,1,102150.0,100955.59671860469,1,1.0,895.8375198978579,-1194.403281395309,-0.8888541019741267,1343.7562798467868,6,stop,2329662.2610521656
CF0,1136,1139,2024-01-30 13:30:00,2024-01-31 01:00:00,-1,15975.0,16063.489770230286,1,5.0,60.015759231305665,-442.44885115143006,-0.9829614906004844,450.11819423479255,3,stop,2328467.8577707703
EB0,1136,1146,2024-01-30 13:30:00,2024-01-31 06:30:00,-1,8818.0,8803.914250545633,2,5.0,47.21895913895383,140.85749454367033,0.19887138148494019,708.2843870843074,10,stop,2328467.8577707703
LC0,1046,1064,2024-01-30 06:00:00,2024-02-02 01:00:00,-1,101000.0,100278.37553280027,1,1.0,809.027736584381,721.6244671997265,0.5946433680558669,1213.5416048765715,18,stop,2328467.8577707703
EG0,1153,1175,2024-02-01 02:00:00,2024-02-05 01:00:00,-1,4716.0,4641.424703742902,2,10.0,29.85290902991208,1491.5059251419552,1.6653942877587944,895.5872708973624,22,stop,2328166.2664141627
MA0,1175,1179,2024-02-05 01:00:00,2024-02-05 03:00:00,1,2474.0,2458.2013142376636,4,10.0,11.42498073704029,-631.9474304934556,-0.9218796440281284,685.4988442224175,4,stop,2328887.8908813624
EB0,1176,1183,2024-02-05 01:30:00,2024-02-05 13:00:00,1,8828.0,8760.161621579125,2,5.0,55.0441289475225,-678.383784208745,-0.8216241491809801,825.6619342128375,7,stop,2328887.8908813624
MA0,1183,1188,2024-02-05 13:00:00,2024-02-06 01:30:00,-1,2454.0,2441.0735815178473,4,10.0,12.537159240213928,517.0567392861085,0.6873656269590537,752.2295544128358,5,stop,2329747.449376011
LC0,1081,1086,2024-02-06 01:30:00,2024-02-06 06:00:00,-1,99600.0,99050.0,1,1.0,854.2397212393261,550.0,0.429231581662708,1281.359581858989,5,stop,2329069.065591802
OI0,1191,1195,2024-02-06 03:00:00,2024-02-06 13:00:00,-1,7679.0,7716.0,1,10.0,32.93635542385645,-370.0,-0.7489191305240809,494.04533135784675,4,stop,2329586.122331088
RU0,1196,1200,2024-02-06 13:30:00,2024-02-07 01:30:00,-1,13270.0,13307.778308549887,1,10.0,53.74030607218563,-377.7830854988679,-0.468652690578797,806.1045910827845,4,stop,2329766.122331088
MA0,1193,1202,2024-02-06 06:00:00,2024-02-07 02:30:00,1,2460.0,2495.3758857010175,4,10.0,11.580720682972538,1415.035428040701,2.036481532220569,694.8432409783522,9,stop,2329586.122331088
P0,1203,1206,2024-02-07 03:00:00,2024-02-07 06:30:00,-1,7088.0,7106.270105440222,1,10.0,32.88339513326837,-182.70105440222324,-0.3704018470148444,493.2509269990255,3,stop,2330803.3746736296
SA0,1203,1206,2024-02-07 03:00:00,2024-02-07 06:30:00,-1,1930.0,1951.8186179110198,3,20.0,15.506702605758989,-1309.1170746611897,-0.9380295504352497,1395.603234518309,3,stop,2330803.3746736296
I0,1203,1207,2024-02-07 03:00:00,2024-02-07 13:00:00,-1,940.0,948.0301071328682,1,100.0,6.368795015199649,-803.0107132868238,-0.8405679162964351,955.3192522799474,4,stop,2329388.339245589
JM0,1200,1207,2024-02-07 01:30:00,2024-02-07 13:00:00,-1,1709.0,1710.2270822638955,1,60.0,13.715087107716087,-73.62493583372725,-0.05964634684213803,1234.3578396944479,7,stop,2329766.122331088
V0,1193,1208,2024-02-06 06:00:00,2024-02-07 13:30:00,1,5834.0,5887.140357730938,3,5.0,19.120454905982708,797.1053659640756,1.8528275257129991,430.21023538461094,15,stop,2329586.122331088
P0,1207,1210,2024-02-07 13:00:00,2024-02-07 14:30:00,1,7124.0,7079.720156146444,1,10.0,33.62465244693039,-442.79843853555576,-0.8779241941299312,504.3697867039559,3,stop,2330620.6736192275
M0,1203,1211,2024-02-07 03:00:00,2024-02-08 01:00:00,-1,2996.0,2980.27014682072,3,10.0,11.389566027562264,471.89559537839614,0.9207171511899165,512.5304712403018,8,stop,2329388.339245589
SA0,1207,1211,2024-02-07 13:00:00,2024-02-08 01:00:00,1,1954.0,1957.7683765577717,2,20.0,17.591314377423014,150.73506231086867,0.14281201419143205,1055.4788626453808,4,stop,2329311.5565445665
JM0,1208,1219,2024-02-07 13:30:00,2024-02-19 01:00:00,1,1714.0,1719.0,1,60.0,12.822710553055526,300.0,0.2599554376230565,1154.0439497749971,11,stop,2328434.920895446
RU0,1218,1223,2024-02-08 06:30:00,2024-02-19 03:00:00,1,13335.0,13494.161095154057,1,10.0,59.08902275974846,1591.6109515405697,1.7957209615869942,886.335341396227,5,stop,2329411.858480564
BU0,1220,1226,2024-02-19 01:30:00,2024-02-19 06:30:00,1,3759.0,3741.5825594825565,3,10.0,13.47631839518202,-522.5232155233061,-0.861631988138567,606.4343277831908,6,stop,2329411.858480564
V0,1220,1229,2024-02-19 01:30:00,2024-02-19 14:00:00,-1,5858.0,5812.793470125785,3,5.0,23.69457292141909,678.0979481132317,1.271923603888503,533.1278907319295,9,stop,2329711.858480564
SA0,1220,1235,2024-02-19 01:30:00,2024-02-20 03:00:00,-1,1862.0,1843.6980981875547,3,20.0,24.950452018223892,1098.1141087467176,0.4890199129880166,2245.54068164015,15,stop,2329711.858480564
BU0,1236,1238,2024-02-20 05:30:00,2024-02-20 06:30:00,-1,3726.0,3722.379326395228,3,10.0,10.94022869216833,108.62020814316111,0.22063363308934195,492.31029114757473,2,stop,2331459.0441646944
FG0,1220,1246,2024-02-19 01:30:00,2024-02-21 02:30:00,-1,1773.0,1694.7044824216116,3,20.0,15.330988076004061,4697.731054703304,3.404673688359587,1379.7889268403655,26,stop,2329411.858480564
HC0,1221,1246,2024-02-19 02:00:00,2024-02-21 02:30:00,-1,3970.0,3885.8588578141193,2,10.0,14.729502548543628,1682.822843717613,3.808281685394282,441.88507645630887,25,stop,2329711.858480564
I0,1228,1246,2024-02-19 13:30:00,2024-02-21 02:30:00,-1,941.0,906.8318202460441,1,100.0,7.097083692061747,3416.8179753955883,3.209598123820332,1064.562553809262,18,stop,2330780.946216581
JM0,1220,1246,2024-02-19 01:30:00,2024-02-21 02:30:00,-1,1706.5,1641.0483560329642,1,60.0,16.380510189209076,3927.0986380221484,2.6638016036949868,1474.2459170288168,26,stop,2329711.858480564
RB0,1221,1246,2024-02-19 02:00:00,2024-02-21 02:30:00,-1,3833.0,3760.964126081457,3,10.0,15.151075802979534,2161.0762175562922,3.1696703633580423,681.7984111340791,25,stop,2329711.858480564
RM0,1244,1247,2024-02-21 01:30:00,2024-02-21 03:00:00,-1,2448.0,2463.7896452990576,4,10.0,12.971563253107043,-631.5858119623044,-0.8115005103066798,778.2937951864226,3,stop,2332665.7784815845
JM0,1247,1250,2024-02-21 03:00:00,2024-02-21 06:30:00,1,1740.5,1740.517997796296,1,60.0,21.764191052962413,1.0798677777574994,0.0005512968910617537,1958.7771947666172,3,stop,2346390.248993423
M0,1244,1260,2024-02-21 01:30:00,2024-02-22 05:30:00,-1,3002.0,2988.930370679056,3,10.0,13.13065768963009,392.08887962831795,0.6635681486726871,590.879596033354,16,stop,2332665.7784815845
RB0,1261,1263,2024-02-22 06:00:00,2024-02-22 13:00:00,-1,3775.0,3803.9944322168944,3,10.0,19.808318400438996,-869.8329665068331,-0.9758335405948059,891.3743280197548,2,stop,2348312.908146423
FG0,1279,1283,2024-02-26 01:00:00,2024-02-26 03:00:00,-1,1680.0,1686.8104988690582,3,20.0,12.440755240993994,-408.6299321434899,-0.3649563464130451,1119.6679716894594,4,stop,2347443.075179916
RM0,1285,1289,2024-02-26 06:00:00,2024-02-26 14:00:00,-1,2435.0,2451.0979360175556,4,10.0,10.985202983514524,-643.9174407022256,-0.9769466582586162,659.1121790108714,4,stop,2347034.4452477726
FG0,1291,1303,2024-02-27 01:00:00,2024-02-28 01:00:00,1,1700.0,1699.7011918681178,3,20.0,12.088349883990887,-17.928487912931814,-0.016479124377315888,1087.95148955918,12,stop,2346390.5278070704
HC0,1294,1305,2024-02-27 02:30:00,2024-02-28 02:00:00,1,3912.0,3916.583165116729,2,10.0,15.924453539427603,91.66330233458211,0.19187116239736057,477.7336061828281,11,stop,2346390.5278070704
MA0,1292,1306,2024-02-27 01:30:00,2024-02-28 02:30:00,1,2508.0,2557.0324295882906,4,10.0,12.648141598039972,1961.297183531624,2.58443393749318,758.8884958823984,14,stop,2346390.5278070704
IH0,3494,3495,2024-02-28 02:30:00,2024-02-28 03:00:00,1,2420.6,2400.686318336782,1,300.0,13.275787775478872,-5974.104498965426,-0.9999999999999889,5974.104498965492,1,stop,2346464.262621492
OI0,1292,1311,2024-02-27 01:30:00,2024-02-28 13:00:00,1,7730.0,7777.299857498674,1,10.0,28.884013614193464,472.998574986741,1.0917194110777637,433.26020421290195,19,stop,2346390.5278070704
FG0,1304,1319,2024-02-28 01:30:00,2024-02-29 03:00:00,-1,1678.0,1644.9280948567578,3,20.0,12.215981545197641,1984.3143085945349,1.8048436534212846,1099.4383390677876,15,stop,2346372.5993191577
I0,1320,1321,2024-02-29 05:30:00,2024-02-29 06:00:00,1,899.5,887.2377190198598,1,100.0,8.17485398676011,-1226.228098014019,-1.000000000000002,1226.2280980140165,1,stop,2344908.76818964
EB0,1310,1322,2024-02-28 06:30:00,2024-02-29 06:30:00,-1,9046.0,9072.1643805984,2,5.0,40.84191929421007,-261.64380598400385,-0.42708375855897585,612.628789413151,12,stop,2342451.4553060587
BU0,1321,1323,2024-02-29 06:00:00,2024-02-29 13:00:00,1,3702.0,3686.317205080265,3,10.0,10.455196613156781,-470.48384759204964,-0.9999999999999881,470.4838475920552,2,stop,2344908.76818964
EG0,1304,1331,2024-02-28 01:30:00,2024-03-01 03:00:00,-1,4653.0,4602.467349847368,2,10.0,20.517824857902045,1010.6530030526483,1.6419105664660074,615.5347457370614,27,stop,2346390.5278070704
CF0,1313,1332,2024-02-28 14:00:00,2024-03-01 05:30:00,-1,16300.0,16133.478925827518,1,5.0,52.57880171585776,832.6053708624113,2.1113841667266393,394.34101286893315,19,stop,2342924.4538810453
RU0,1327,1332,2024-03-01 01:00:00,2024-03-01 05:30:00,-1,13835.0,13908.544716333046,1,10.0,52.11643906942132,-735.4471633304638,-0.9407743845159449,781.7465860413198,5,stop,2342950.41243805
HC0,1335,1339,2024-03-01 13:00:00,2024-03-04 01:00:00,-1,3880.0,3895.0582213143302,3,10.0,13.862312738493388,-451.7466394299072,-0.7241803297134782,623.8040732322025,4,stop,2344058.2236486347
SA0,1336,1339,2024-03-01 13:30:00,2024-03-04 01:00:00,-1,1783.0,1788.0886179116749,3,20.0,13.260557593577886,-305.3170747004924,-0.25582724686928204,1193.4501834220098,3,stop,2344058.2236486347
LH0,3513,3521,2024-03-01 06:00:00,2024-03-04 06:00:00,1,14705.0,14655.469887583393,1,16.0,65.35347431742059,-792.4817986657145,-0.5052535506226783,1568.4833836180942,8,stop,2344793.670811965
SA0,1340,1345,2024-03-04 01:30:00,2024-03-04 06:00:00,1,1787.0,1793.5903997625308,3,20.0,14.816763469132082,395.42398575184507,0.2965289856209421,1333.5087122218874,5,stop,2343301.159934504
I0,1335,1346,2024-03-01 13:00:00,2024-03-04 06:30:00,-1,871.0,875.6567509481472,1,100.0,8.402510295918328,-465.67509481471916,-0.3694729935179247,1260.3765443877492,11,stop,2344058.2236486347
I0,1347,1354,2024-03-04 13:00:00,2024-03-05 02:30:00,1,887.0,876.2157996280062,1,100.0,8.973608538220697,-1078.4200371993848,-0.8011790222451697,1346.0412807331047,7,stop,2342438.4270267757
EB0,1359,1364,2024-03-05 13:00:00,2024-03-06 01:30:00,1,9160.0,9156.171110163916,2,5.0,40.46176262808179,-38.28889836084272,-0.06308655526253812,606.9264394212269,5,stop,2341360.0069895764
MA0,1340,1368,2024-03-04 01:30:00,2024-03-06 05:30:00,-1,2512.0,2491.7056856668864,4,10.0,12.23659284540141,811.7725733245425,1.105662585956422,734.1955707240845,28,stop,2343606.4770092047
IC0,3536,3539,2024-03-06 05:00:00,2024-03-06 06:30:00,1,5384.0,5327.957413074177,1,200.0,38.68046078727304,-11208.517385164669,-0.9659069167425384,11604.138236181912,3,stop,2341321.7180912155
FG0,1367,1378,2024-03-06 03:00:00,2024-03-07 02:30:00,1,1643.0,1647.1137875556078,3,20.0,11.32822767708523,246.82725333646886,0.24209656755217437,1019.5404909376708,11,stop,2341321.7180912155
IM0,3140,3147,2024-03-06 05:00:00,2024-03-07 03:00:00,1,5400.0,5331.746918245814,1,200.0,47.91311424436338,-13650.616350837117,-0.949678500769617,14373.934273309012,7,stop,2341321.7180912155
RU0,1383,1390,2024-03-07 13:00:00,2024-03-08 02:30:00,-1,13740.0,13799.961785646223,1,10.0,53.21902371084715,-599.6178564622278,-0.751132226350873,798.2853556627073,7,stop,2317521.1841818746
IC0,3544,3553,2024-03-07 05:00:00,2024-03-08 05:30:00,-1,5324.2,5318.633885774958,1,200.0,35.10365067066509,1113.2228450083858,0.10570817410154891,10531.095201199527,9,stop,2331171.8005327117
IM0,3148,3158,2024-03-07 05:00:00,2024-03-08 06:00:00,-1,5320.0,5330.023147574378,1,200.0,45.54513883148751,-2004.6295148755235,-0.14671375594312078,13663.541649446253,10,stop,2317521.1841818746
I0,1385,1394,2024-03-07 14:00:00,2024-03-08 06:30:00,-1,881.0,880.7676907603983,1,100.0,7.4363817573554325,23.230923960170458,0.020826368448331672,1115.4572636033147,9,stop,2317521.1841818746
RU0,1393,1398,2024-03-08 06:00:00,2024-03-08 14:30:00,1,13975.0,14162.21425707021,1,10.0,72.25790647831667,1872.142570702108,1.7272781733709242,1083.86859717475,5,stop,2318034.789170421
FG0,1383,1407,2024-03-07 13:00:00,2024-03-11 13:00:00,-1,1616.0,1579.7814922878688,3,20.0,12.20064938950681,2173.110462727873,1.9790480848383372,1098.0584450556128,24,stop,2317521.1841818746
C0,1408,1417,2024-03-11 13:30:00,2024-03-12 06:00:00,1,2448.0,2440.0651821466454,4,10.0,7.065104994645342,-317.39271413418464,-0.748733185552414,423.90629967872053,9,stop,2317925.5331502077
LC0,1223,1247,2024-03-08 06:30:00,2024-03-13 06:30:00,1,113650.0,118973.06105465809,1,1.0,1710.004869544127,5323.0610546580865,2.075261558008378,2565.00730431619,24,stop,2316030.159655546
IF0,3597,3599,2024-03-18 02:00:00,2024-03-18 03:00:00,1,3601.2,3577.3228891127633,1,300.0,15.918073924824313,-7163.133266170962,-1.0000000000000029,7163.133266170941,2,stop,2325104.31195346
IH0,3597,3599,2024-03-18 02:00:00,2024-03-18 03:00:00,1,2442.8,2426.822947335284,1,300.0,10.824550631078441,-4793.115799414863,-0.9840009813029026,4871.047783985299,2,stop,2325104.31195346
EG0,1457,1465,2024-03-15 14:00:00,2024-03-18 06:00:00,-1,4532.0,4524.324195394047,2,10.0,22.999056088052672,153.5160921190618,0.2224962211946441,689.9716826415802,8,stop,2325104.31195346
SP0,1460,1467,2024-03-18 01:30:00,2024-03-18 13:00:00,-1,6022.0,6050.493612047369,1,10.0,26.1083010439816,-284.93612047369425,-0.7275747791061948,391.624515659724,7,stop,2325104.31195346
FG0,1458,1474,2024-03-15 14:30:00,2024-03-19 02:30:00,-1,1552.0,1555.6254125541993,3,20.0,18.25227637316094,-217.52475325195974,-0.13241864485207688,1642.7048735844846,16,stop,2325104.31195346
IC0,3596,3607,2024-03-18 01:30:00,2024-03-19 03:00:00,1,5466.0,5488.2599529392955,1,200.0,31.954312717332318,4451.990587859109,0.46441207349603525,9586.293815199695,11,stop,2325104.31195346
SP0,1468,1479,2024-03-18 13:30:00,2024-03-19 13:00:00,1,6056.0,6100.0,1,10.0,26.909593319746214,440.0,1.0900697377618334,403.6438997961932,11,stop,2313016.6428595195
IM0,3198,3215,2024-03-15 06:00:00,2024-03-19 06:30:00,1,5478.4,5586.11288413688,1,200.0,38.99597487752332,21542.57682737607,1.8414359340962718,11698.792463256996,17,stop,2325104.31195346
LC0,1277,1285,2024-03-19 05:30:00,2024-03-20 05:30:00,-1,116450.0,116886.49226201074,1,1.0,1729.2663695668166,-436.49226201073907,-0.16827647056675674,2593.899554350225,8,stop,2317251.1086941264
SA0,1487,1495,2024-03-20 03:00:00,2024-03-21 01:00:00,-1,1840.0,1833.325539606684,3,20.0,16.976221256154428,400.4676235989564,0.26211017134319503,1527.8599130538985,8,stop,2339233.6855215025
CF0,1497,1503,2024-03-21 02:00:00,2024-03-21 13:00:00,1,16050.0,16038.716995040544,1,5.0,49.842749274048664,-56.41502479727933,-0.15091469503309177,373.820619555365,6,stop,2339197.6608830905
FG0,1502,1503,2024-03-21 06:30:00,2024-03-21 13:00:00,1,1564.0,1546.3805770433692,3,20.0,11.746281971087196,-1057.1653773978505,-1.0000000000000029,1057.1653773978476,1,stop,2339197.6608830905
LH0,3593,3626,2024-03-15 06:00:00,2024-03-21 06:30:00,1,15090.0,15771.358147902994,1,16.0,71.72762008960227,10901.730366447911,6.332829176560259,1721.4628821504543,33,stop,2325104.31195346
SA0,1501,1507,2024-03-21 06:00:00,2024-03-22 01:00:00,1,1847.0,1839.2624264649248,3,20.0,18.238393486057795,-464.25441210451027,-0.28283096099774735,1641.4554137452014,6,stop,2339197.6608830905
IH0,3629,3632,2024-03-22 02:00:00,2024-03-22 05:00:00,-1,2402.0,2407.9526472527164,1,300.0,10.14642548927967,-1785.7941758149082,-0.39111621191165324,4565.891470175851,3,stop,2348521.5564352386
P0,1520,1532,2024-03-25 01:30:00,2024-03-26 01:30:00,1,8304.0,8318.933835466223,1,10.0,60.613500601280606,149.33835466223172,0.16425202656262863,909.2025090192091,12,stop,2346735.7622594237
LC0,1297,1319,2024-03-22 01:30:00,2024-03-26 06:30:00,-1,115800.0,109311.7527072275,1,1.0,1495.3597434517678,6488.247292772503,2.8926137768006495,2243.0396151776517,22,stop,2348985.810847343
SP0,1540,1544,2024-03-26 13:30:00,2024-03-27 01:30:00,1,6192.0,6148.090471527242,1,10.0,31.866933257043847,-439.0952847275821,-0.9186016974309356,478.00399885565764,4,stop,2346885.100614086
TA0,1542,1552,2024-03-26 13:30:00,2024-03-27 06:30:00,1,5904.0,5895.357074224849,3,5.0,22.10777566236862,-129.64388662725923,-0.26063004278512497,497.4249524032939,10,stop,2346885.100614086
EB0,1552,1555,2024-03-27 13:30:00,2024-03-28 01:00:00,-1,9192.0,9253.131310268549,2,5.0,43.83328131217145,-611.3131026854899,-0.9297548717709814,657.4992196825718,3,stop,2352804.6087355036
Y0,1532,1555,2024-03-26 01:30:00,2024-03-28 01:00:00,-1,7856.0,7693.944103997606,1,10.0,40.5394660435517,1620.5589600239364,2.6649898122864006,608.0919906532755,23,stop,2346735.7622594237
IH0,3660,3662,2024-03-28 01:30:00,2024-03-28 02:30:00,-1,2404.2,2409.5264106231516,1,300.0,9.776238588314333,-1597.9231869455361,-0.36322153795213336,4399.307364741449,2,stop,2352193.2956328182
EB0,1560,1567,2024-03-28 05:30:00,2024-03-29 01:00:00,1,9321.0,9259.22014305117,2,5.0,45.13836953441499,-617.7985694882955,-0.9124514625593131,677.0755430162249,7,stop,2352215.9314058963
LH0,3650,3669,2024-03-26 06:30:00,2024-03-29 02:00:00,-1,15585.0,15283.613779570665,1,16.0,94.80511934652581,4822.179526869353,2.1193385793702153,2275.3228643166194,19,stop,2346885.100614086
SP0,1566,1571,2024-03-28 14:30:00,2024-03-29 03:00:00,-1,6062.0,6107.337069222332,1,10.0,31.506878454279246,-453.3706922233159,-0.9593052151690585,472.6031768141887,5,stop,2352215.9314058963
IH0,3669,3673,2024-03-29 02:00:00,2024-03-29 05:30:00,1,2421.4,2405.947732150286,1,300.0,11.704424955116473,-4635.680354914257,-0.8801382331309029,5266.991229802413,4,stop,2351598.132836408
EG0,1564,1576,2024-03-28 13:30:00,2024-03-29 13:30:00,-1,4479.0,4484.879325736258,2,10.0,16.514572540314077,-117.58651472515339,-0.23733890061461463,495.4371762094223,12,stop,2352215.9314058963
SP0,1585,1592,2024-04-01 06:00:00,2024-04-02 01:30:00,1,6158.0,6147.348914779563,1,10.0,31.2149510989909,-106.5108522043738,-0.22747828301166664,468.2242664848635,7,stop,2351213.6748014144
FG0,1592,1601,2024-04-02 01:30:00,2024-04-02 14:00:00,-1,1470.0,1475.9036107141828,3,20.0,12.415525094075257,-354.21664285096995,-0.31700153205763654,1117.397258466773,9,stop,2351213.6748014144
RU0,1600,1602,2024-04-02 13:30:00,2024-04-02 14:30:00,1,14725.0,14613.022910508418,1,10.0,75.77842322472493,-1119.7708949158186,-0.9851272937285226,1136.6763483708742,2,stop,2351107.16394921
I0,1610,1611,2024-04-03 06:30:00,2024-04-08 01:00:00,-1,752.0,762.8987771843837,1,100.0,7.709378491352384,-1089.8777184383675,-0.9424691581047544,1156.4067737028577,1,stop,2349633.1764114434
RU0,1612,1616,2024-04-08 01:30:00,2024-04-08 05:30:00,1,14735.0,14751.778371355598,1,10.0,103.65502928242675,167.7837135559821,0.10791160815993805,1554.8254392364013,4,stop,2348543.298693005
EG0,1612,1619,2024-04-08 01:30:00,2024-04-08 13:00:00,-1,4439.0,4455.0,2,10.0,16.335240322946493,-320.0,-0.6529849855764258,490.05720968839483,7,stop,2349633.1764114434
FG0,1616,1623,2024-04-08 05:30:00,2024-04-09 01:00:00,1,1481.0,1481.653348987981,3,20.0,11.564351420636157,39.20093927885773,0.037664541325686175,1040.791627857254,7,stop,2348543.298693005
IM0,3305,3314,2024-04-08 02:00:00,2024-04-09 02:30:00,-1,5420.2,5403.791279540504,1,200.0,40.01491029330359,3281.744091899236,0.27337677112893827,12004.473087991079,9,stop,2348543.298693005
SP0,1626,1630,2024-04-09 02:30:00,2024-04-09 06:30:00,1,6128.0,6114.520983681048,1,10.0,30.211324769899534,-134.79016318951835,-0.29743849194770366,453.169871548493,4,stop,2348430.28334584
V0,1624,1630,2024-04-09 01:30:00,2024-04-09 06:30:00,-1,5770.0,5784.267852470192,4,5.0,21.320694594167822,-285.35704940384676,-0.44613469813487355,639.6208378250346,6,stop,2348430.28334584
I0,1612,1634,2024-04-08 01:30:00,2024-04-09 14:30:00,1,768.0,812.0302328334561,1,100.0,8.961147780808943,4403.023283345612,3.2756393794219525,1344.1721671213415,22,stop,2348543.298693005
JM0,1627,1641,2024-04-09 03:00:00,2024-04-10 06:00:00,1,1475.0,1590.0312193738143,1,60.0,18.409959179235628,6901.87316242886,4.165543162585487,1656.8963261312065,14,stop,2351712.027437739
EG0,1636,1643,2024-04-10 01:30:00,2024-04-10 13:00:00,1,4459.0,4438.86557389907,2,10.0,16.78314474653134,-402.6885220185977,-0.799787580734978,503.49434239594024,7,stop,2355694.9035084913
OI0,1627,1644,2024-04-09 03:00:00,2024-04-10 13:30:00,1,8201.0,8291.711686465771,1,10.0,42.94415622698391,907.1168646577098,1.4082115695603836,644.1623434047585,17,stop,2351712.027437739
V0,1631,1644,2024-04-09 13:00:00,2024-04-10 13:30:00,1,5796.0,5789.605126830203,4,5.0,20.3461464879675,-127.89746339594785,-0.2095359326340332,610.3843946390249,13,stop,2351291.8802251457
RM0,1666,1667,2024-04-12 06:30:00,2024-04-12 13:00:00,1,2707.0,2722.2440174181697,4,10.0,13.032018758029055,609.7606967267893,0.7798237914995766,781.9211254817434,1,stop,2362973.3075501635
OI0,1669,1671,2024-04-12 14:00:00,2024-04-15 01:00:00,1,8340.0,8276.382219322835,1,10.0,44.135842537451914,-636.1778067716477,-0.9609390315543994,662.0376380617788,2,stop,2363583.0682468903
Y0,1668,1671,2024-04-12 13:30:00,2024-04-15 01:00:00,1,7740.0,7726.331178163065,1,10.0,41.128556528755,-136.68821836935422,-0.22156255070413788,616.928347931325,3,stop,2363583.0682468903
IC0,3742,3746,2024-04-15 02:30:00,2024-04-15 06:00:00,1,5352.8,5309.878776801268,1,200.0,42.02012940595332,-8584.24463974643,-0.6809628909686504,12606.038821785995,4,stop,2362810.2022217494
M0,1666,1680,2024-04-12 06:30:00,2024-04-15 13:30:00,1,3312.0,3344.428707272543,3,10.0,12.14574363640619,972.8612181762855,1.7799764945551024,546.5584636382786,14,stop,2362973.3075501635
IC0,3747,3748,2024-04-15 06:30:00,2024-04-16 01:30:00,-1,5281.4,5347.875952656049,1,200.0,44.31730177069947,-13295.190531209846,-1.0000000000000004,13295.19053120984,1,stop,2354225.957582003
PP0,1684,1690,2024-04-16 01:30:00,2024-04-16 06:30:00,1,7618.0,7612.556488128368,3,5.0,20.6473428960391,-81.6526780744789,-0.175761497868932,464.56521516087975,6,stop,2355198.8188001793
PP0,1691,1695,2024-04-16 13:00:00,2024-04-17 01:00:00,-1,7579.0,7609.6111262296845,3,5.0,22.055964307162576,-459.1668934452673,-0.925256189312435,496.2591969111579,4,stop,2341821.975590895
OI0,1672,1702,2024-04-15 01:30:00,2024-04-17 06:30:00,-1,8208.0,8026.423406251351,1,10.0,48.712261681771814,1815.7659374864943,2.4850224218679027,730.6839252265772,30,stop,2362946.8904401185
M0,1694,1704,2024-04-16 14:30:00,2024-04-17 13:30:00,-1,3330.0,3313.2074876360743,3,10.0,21.88848896500902,503.7753709177696,0.5114564217070197,984.982003425406,10,stop,2341821.975590895
Y0,1672,1704,2024-04-15 01:30:00,2024-04-17 13:30:00,-1,7636.0,7514.546204225101,1,10.0,45.47289418517731,1214.5379577489894,1.7806035581007578,682.0934127776595,32,stop,2362810.2022217494
RM0,1694,1717,2024-04-16 14:30:00,2024-04-18 14:00:00,-1,2744.0,2717.657988091038,4,10.0,23.483710380355827,1053.6804763584769,0.7478094810491012,1409.0226228213496,23,stop,2341821.975590895
L0,1720,1723,2024-04-19 01:30:00,2024-04-19 03:00:00,1,8481.0,8497.431141535879,2,5.0,30.233180890774996,164.3114153587885,0.3623202731074511,453.4977133616249,3,stop,2345950.5684399614
PP0,1720,1723,2024-04-19 01:30:00,2024-04-19 03:00:00,1,7667.0,7658.464845132464,3,5.0,26.230367597205174,-128.02732301304331,-0.21692807864539512,590.1832709371164,3,stop,2345950.5684399614
SA0,1701,1723,2024-04-17 06:00:00,2024-04-19 03:00:00,1,1910.0,2106.123629218382,3,20.0,15.60326384297976,11767.417753102927,8.379598490505233,1404.2937458681786,22,stop,2341362.8086974495
RM0,1723,1732,2024-04-19 03:00:00,2024-04-22 01:30:00,1,2745.0,2737.975569007078,4,10.0,16.13180490061194,-280.9772397168854,-0.29029324518447286,967.9082940367164,9,stop,2345950.5684399614
RU0,1724,1736,2024-04-19 05:30:00,2024-04-22 05:30:00,-1,14525.0,14631.432085676557,1,10.0,90.09864345276806,-1064.320856765571,-0.7875226647731675,1351.479651791521,12,stop,2345986.852532307
V0,1732,1740,2024-04-22 01:30:00,2024-04-22 13:30:00,1,5926.0,5909.2916934860295,3,5.0,20.403157494592328,-250.62459770955684,-0.5459385887829319,459.0710436283274,8,stop,2357754.27028541
I0,1739,1750,2024-04-22 13:00:00,2024-04-23 06:30:00,1,865.0,857.3254048412837,1,100.0,7.963359952509082,-767.4595158716329,-0.6424922147171668,1194.5039928763624,11,stop,2356408.9721889277
LH0,3792,3800,2024-04-23 05:30:00,2024-04-24 05:30:00,-1,17840.0,17902.471548933725,1,16.0,122.03171281385019,-999.5447829395998,-0.34128587011378175,2928.761107532405,8,stop,2356158.347591218
V0,1758,1760,2024-04-24 02:30:00,2024-04-24 05:30:00,1,5939.0,5911.9002761232705,3,5.0,18.319707612776973,-406.4958581509427,-0.9861774525203655,412.1934212874819,2,stop,2355390.8880753466
I0,1756,1770,2024-04-24 01:30:00,2024-04-25 02:30:00,1,868.0,883.0655121019525,1,100.0,8.294388905606388,1506.551210195255,1.2108999046145834,1244.158335840958,14,stop,2355390.8880753466
RU0,1739,1775,2024-04-22 13:00:00,2024-04-25 13:00:00,-1,14360.0,14083.292466066992,1,10.0,97.71435663785724,2767.0753393300765,1.8878667949720946,1465.7153495678585,36,stop,2356408.9721889277
RB0,1772,1782,2024-04-25 05:30:00,2024-04-26 02:30:00,-1,3675.0,3673.1387653058086,3,10.0,14.480768672694262,55.83704082574059,0.08568765633282067,651.6345902712419,10,stop,2355491.398644451
LC0,1477,1488,2024-04-25 05:30:00,2024-04-29 01:00:00,-1,109900.0,110720.90036093551,1,1.0,1205.222173400378,-820.9003609355132,-0.45407968702260054,1807.8332601005673,11,stop,2355491.398644451
RM0,1792,1799,2024-04-29 01:30:00,2024-04-29 13:00:00,-1,2769.0,2780.0304258578485,4,10.0,16.279608066679174,-441.21703431394053,-0.4517072652146297,976.7764840007504,7,stop,2357493.4106636713
LC0,1489,1497,2024-04-29 01:30:00,2024-04-30 01:30:00,1,111050.0,114213.87023251846,1,1.0,1113.204629245243,3163.8702325184568,1.8947521113966699,1669.8069438678644,8,stop,2357493.4106636713
RB0,1806,1810,2024-04-30 02:30:00,2024-04-30 06:30:00,-1,3666.0,3667.5117626474926,3,10.0,13.421177453312295,-45.3528794247768,-0.07509339389192776,603.9529853990532,4,stop,2360216.063861876
FG0,1816,1823,2024-05-06 05:30:00,2024-05-07 01:00:00,1,1573.0,1601.2855848809475,3,20.0,12.792071844409161,1697.1350928568472,1.4741205972463227,1151.2864659968245,7,stop,2360170.710982451
HC0,1812,1824,2024-05-06 01:30:00,2024-05-07 01:30:00,1,3840.0,3866.8836120441943,3,10.0,16.144824282041917,806.5083613258275,1.1101023904854848,726.5170926918863,12,stop,2360170.710982451
I0,1814,1824,2024-05-06 02:30:00,2024-05-07 01:30:00,1,890.0,891.0133199956325,1,100.0,7.134584857847227,101.33199956325143,0.09468619088775508,1070.1877286770841,10,stop,2360170.710982451
JM0,1814,1826,2024-05-06 02:30:00,2024-05-07 02:30:00,1,1835.0,1856.3902282262059,1,60.0,19.3478294279899,1283.4136935723518,0.7370414445650525,1741.304648519091,12,stop,2360170.710982451
SA0,1816,1826,2024-05-06 05:30:00,2024-05-07 02:30:00,1,2219.0,2239.855621834887,2,20.0,25.191981431149337,834.2248733954875,0.5519116441048624,1511.51888586896,10,stop,2360170.710982451
RB0,1812,1827,2024-05-06 01:30:00,2024-05-07 03:00:00,1,3695.0,3721.4446814995445,3,10.0,17.042475807572323,793.3404449863338,1.0344616513129914,766.9114113407545,15,stop,2360170.710982451
RU0,1820,1829,2024-05-06 13:30:00,2024-05-07 06:00:00,1,14245.0,14279.453314146294,1,10.0,68.04472472067863,344.5331414629436,0.33755557380555307,1020.6708708101794,9,stop,2360170.710982451
CF0,1832,1835,2024-05-07 13:30:00,2024-05-08 01:00:00,1,15680.0,15620.193918127197,1,5.0,45.31357809494741,-299.0304093640134,-0.8798846377788211,339.8518357121055,3,stop,2366031.198589614
Y0,1812,1835,2024-05-06 01:30:00,2024-05-08 01:00:00,1,7704.0,7783.006064744529,1,10.0,39.47277390868784,790.0606474452889,1.3343554205622539,592.0916086303176,23,stop,2360170.710982451
SA0,1827,1836,2024-05-07 03:00:00,2024-05-08 01:30:00,-1,2234.0,2220.85091177522,2,20.0,23.541640399157817,525.9635289911967,0.3723639758270007,1412.498423949469,9,stop,2364893.325003165
P0,1820,1840,2024-05-06 13:30:00,2024-05-08 05:30:00,1,7468.0,7528.342746505885,1,10.0,42.520085386407864,603.4274650588486,0.9461057593136796,637.801280796118,20,stop,2360170.710982451
JM0,1834,1847,2024-05-07 14:30:00,2024-05-09 01:00:00,-1,1826.5,1780.8615266398062,1,60.0,16.329172174060208,2738.3084016116254,1.8632695266162151,1469.6254956654188,13,stop,2366031.198589614
RU0,1844,1849,2024-05-08 13:30:00,2024-05-09 02:00:00,-1,14155.0,14232.865378838927,1,10.0,61.302923403111876,-778.6537883892743,-0.8467826602319893,919.5438510466781,5,stop,2367651.6198217454
OI0,1856,1858,2024-05-09 13:30:00,2024-05-09 14:30:00,1,8672.0,8611.430223913516,1,10.0,40.94753154927078,-605.6977608648413,-0.9861363846984291,614.2129732390616,2,stop,2369611.274434968
EG0,1839,1859,2024-05-08 03:00:00,2024-05-10 01:00:00,-1,4444.0,4394.649657216739,2,10.0,14.49752099898569,987.0068556652222,2.2693692614396572,434.9256299695707,20,stop,2367048.1923566866
IC0,3861,3868,2024-05-09 02:00:00,2024-05-10 01:30:00,1,5537.6,5531.012392299956,1,200.0,26.319355434940704,-1317.5215400087836,-0.16686345064764083,7895.806630482211,7,stop,2370389.928223357
IF0,3861,3868,2024-05-09 02:00:00,2024-05-10 01:30:00,1,3656.0,3654.924785271007,1,300.0,11.611033170456182,-322.564418697948,-0.061735231379122034,5224.964926705282,7,stop,2370389.928223357
IM0,3465,3472,2024-05-09 02:00:00,2024-05-10 01:30:00,1,5546.0,5529.6641801991345,1,200.0,31.82692391324191,-3267.163960173093,-0.3421803050648947,9548.077173972573,7,stop,2370389.928223357
MA0,1856,1864,2024-05-09 13:30:00,2024-05-10 05:30:00,-1,2543.0,2544.3795182851127,4,10.0,11.364656169385684,-55.18073140450724,-0.08092447699555001,681.8793701631411,8,stop,2369611.274434968
IM0,3473,3482,2024-05-10 02:00:00,2024-05-13 02:30:00,-1,5486.4,5487.748814669697,1,200.0,33.47807328689192,-269.76293393945525,-0.02685966340094795,10043.421986067577,9,stop,2365085.3336108886
SA0,1875,1880,2024-05-13 03:00:00,2024-05-13 13:30:00,1,2212.0,2184.259172167788,2,20.0,21.021297623945564,-1109.6331132884734,-0.87976896347293,1261.277857436734,5,stop,2364760.389945545
FG0,1878,1881,2024-05-13 06:30:00,2024-05-13 14:00:00,1,1613.0,1595.0049077218991,3,20.0,12.103787956640467,-1079.7055366860513,-0.9911548540321907,1089.340916097642,3,stop,2364760.389945545
MA0,1872,1882,2024-05-13 01:30:00,2024-05-13 14:30:00,1,2550.0,2612.7817618903823,4,10.0,10.530145045465977,2511.2704756152925,3.974732327637127,631.8087027279586,10,stop,2365030.152879484
RM0,1880,1885,2024-05-13 13:30:00,2024-05-14 02:00:00,1,2893.0,2892.194606971133,4,10.0,13.67392548339717,-32.21572115468007,-0.03926660903361447,820.4355290038302,5,stop,2364760.389945545
M0,1891,1892,2024-05-14 13:00:00,2024-05-14 13:30:00,-1,3527.0,3549.9483101245405,3,10.0,15.29887341636022,-688.4493037362154,-1.000000000000008,688.4493037362098,1,stop,2365050.1060500313
P0,1892,1896,2024-05-14 13:30:00,2024-05-15 01:30:00,-1,7344.0,7405.993079715349,1,10.0,46.28220626275807,-619.9307971534927,-0.8929721192545838,694.2330939413711,4,stop,2365050.1060500313
I0,1884,1901,2024-05-14 01:30:00,2024-05-15 06:00:00,-1,874.5,863.0958762070633,1,100.0,6.801769052754493,1140.412379293673,1.117760561454566,1020.265357913174,17,stop,2365082.321771186
MA0,1899,1902,2024-05-15 03:00:00,2024-05-15 06:30:00,-1,2572.0,2584.877792927133,4,10.0,12.54154568109655,-515.1117170853286,-0.684540446852229,752.492740865793,3,stop,2363741.725949141
HC0,1908,1911,2024-05-16 01:30:00,2024-05-16 03:00:00,1,3797.0,3797.0,3,10.0,11.341527750239521,0.0,0.0,510.36874876077843,3,stop,2364367.0266113495
SP0,1905,1914,2024-05-15 14:00:00,2024-05-16 06:30:00,1,6352.0,6384.084958431714,1,10.0,31.369161190192564,320.8495843171386,0.681879000784271,470.5374178528885,9,stop,2364367.0266113495
RB0,1912,1923,2024-05-16 05:30:00,2024-05-17 03:00:00,1,3695.0,3696.4438201423295,3,10.0,15.140059594358323,43.31460426988542,0.06357615408011243,681.3026817461247,11,stop,2364367.0266113495
I0,1908,1927,2024-05-16 01:30:00,2024-05-17 13:00:00,1,873.5,881.9208428482051,1,100.0,7.121201682463805,842.0842848205098,0.7883353796819342,1068.1802523695706,19,stop,2364367.0266113495
RM0,1925,1928,2024-05-17 06:00:00,2024-05-17 13:30:00,1,2904.0,2885.997893643019,4,10.0,12.253764176469854,-720.0842542792452,-0.9794055169621246,735.2258505881912,3,stop,2364731.1907999367
RM0,1932,1933,2024-05-20 01:30:00,2024-05-20 02:00:00,-1,2862.0,2883.8941885739623,4,10.0,14.718904617203597,-875.7675429584924,-0.9916584213009154,883.1342770322158,1,stop,2364853.190830478
IF0,3916,3918,2024-05-20 01:30:00,2024-05-20 02:30:00,1,3677.4,3667.7955594776263,1,300.0,14.485239349396595,-2881.332156712142,-0.44203345169549646,6518.357707228468,2,stop,2364853.190830478
IH0,3916,3918,2024-05-20 01:30:00,2024-05-20 02:30:00,1,2526.0,2516.031843199226,1,300.0,9.79765103645309,-2990.4470402322204,-0.6782684790933796,4408.942966403891,2,stop,2364853.190830478
RM0,1940,1944,2024-05-20 13:30:00,2024-05-21 01:30:00,1,2894.0,2886.9966266331926,4,10.0,14.063752188931888,-280.13493467229637,-0.3319822132208802,843.8251313359133,4,stop,2358105.6440905747
LC0,1604,1615,2024-05-22 03:00:00,2024-05-23 06:30:00,-1,106600.0,106469.17608491157,1,1.0,1094.2039251702322,130.82391508843284,0.07970721123004547,1641.3058877553483,11,stop,2357825.5091559025
IH0,3941,3956,2024-05-23 02:00:00,2024-05-27 01:30:00,-1,2496.6,2475.9950889319693,1,300.0,8.656160973348676,6181.473320409168,1.5869168123121178,3895.2724380069044,15,stop,2357825.5091559025
P0,1987,1993,2024-05-24 13:00:00,2024-05-27 02:00:00,-1,7590.0,7656.01191757934,1,10.0,47.413655541711144,-660.1191757933975,-0.9281702612906133,711.2048331256672,6,stop,2357956.333070991
LC0,1616,1627,2024-05-24 01:00:00,2024-05-27 02:30:00,1,106600.0,106112.73528445904,1,1.0,1136.6182256804598,-487.26471554096497,-0.28579793668142406,1704.9273385206898,11,stop,2357956.333070991
AO0,37,44,2024-05-27 14:00:00,2024-05-28 01:30:00,1,4126.0,4082.7118817821524,1,20.0,34.611209185135074,-865.7623643569514,-0.8337976672297074,1038.3362755540522,7,stop,2362990.4225000655
LH0,3967,3968,2024-05-28 03:00:00,2024-05-28 05:30:00,1,18360.0,18222.64189454193,1,16.0,91.57207030538206,-2197.729687329149,-0.9999999999999907,2197.7296873291693,1,stop,2362124.6601357087
P0,2000,2010,2024-05-27 13:30:00,2024-05-28 06:30:00,1,7640.0,7747.346075868749,1,10.0,47.09863521827128,1073.4607586874881,1.5194506220299895,706.4795282740693,10,stop,2362990.4225000655
Y0,2000,2012,2024-05-27 13:30:00,2024-05-28 13:30:00,1,7992.0,8073.9062350111435,1,10.0,42.14429993032192,819.0623501114351,1.2956474959691797,632.1644989548288,12,stop,2362990.4225000655
BU0,2010,2014,2024-05-28 06:30:00,2024-05-28 14:30:00,-1,3650.0,3640.0574221925845,3,10.0,12.612825518571137,298.2773342224664,0.5255273844218377,567.5771483357012,4,stop,2359926.9304483794
LH0,3969,3974,2024-05-28 06:00:00,2024-05-29 02:30:00,-1,18030.0,18014.071080024278,1,16.0,115.02897898780392,254.8627196115558,0.09231830167718647,2760.695495707294,5,stop,2359926.9304483794
AO0,49,65,2024-05-28 06:00:00,2024-05-29 06:00:00,-1,4088.0,4018.337188424046,1,20.0,32.39270805062185,1393.2562315190808,1.4337138565689573,971.7812415186554,16,stop,2362124.6601357087
I0,2010,2021,2024-05-28 06:30:00,2024-05-29 06:00:00,-1,895.0,890.9644425419112,1,100.0,6.695951180952488,403.55574580887605,0.4017908085081259,1004.3926771428731,11,stop,2359926.9304483794
RB0,2010,2022,2024-05-28 06:30:00,2024-05-29 06:30:00,-1,3749.0,3746.0833531906273,3,10.0,13.364734814802846,87.49940428117952,0.14548969606899886,601.4130666661281,12,stop,2359926.9304483794
SP0,2010,2023,2024-05-28 06:30:00,2024-05-29 13:00:00,-1,6298.0,6303.606826934877,1,10.0,28.369067161691056,-56.06826934877063,-0.13175916578247343,425.5360074253659,13,stop,2359926.9304483794
LC0,1639,1647,2024-05-28 06:30:00,2024-05-29 06:30:00,-1,105650.0,105439.38765589139,1,1.0,946.5399857575557,210.61234410860925,0.14833840251699976,1419.8099786363334,8,stop,2359926.9304483794
SA0,2023,2027,2024-05-29 13:00:00,2024-05-30 01:00:00,1,2443.0,2411.0107639234775,2,20.0,22.986334029427265,-1279.5694430609,-0.9277754929101109,1379.180041765636,4,stop,2364256.904992622
AO0,69,76,2024-05-29 14:00:00,2024-05-30 01:30:00,1,4084.0,4049.0002200062763,1,20.0,34.29937072364247,-699.9955998744736,-0.6802803133177877,1028.981121709274,7,stop,2364200.836723273
FG0,2021,2028,2024-05-29 06:00:00,2024-05-30 01:30:00,1,1709.0,1742.2189274163388,3,20.0,13.673003192750643,1993.1356449803297,1.6196845198305974,1230.570287347558,7,stop,2362372.5936110127
HC0,2024,2028,2024-05-29 13:30:00,2024-05-30 01:30:00,1,3931.0,3909.7556126470904,3,10.0,15.81691548030222,-637.331620587288,-0.8954290057108604,711.7611966135999,4,stop,2364256.904992622
RB0,2024,2028,2024-05-29 13:30:00,2024-05-30 01:30:00,1,3806.0,3781.7990749022147,3,10.0,17.516187308019475,-726.0277529335599,-0.9210880074229154,788.2284288608764,4,stop,2364256.904992622
V0,2023,2030,2024-05-29 13:00:00,2024-05-30 02:30:00,1,6532.0,6533.936487730243,3,5.0,42.77800752276017,29.04731595364865,0.030178867481737804,962.5051692621039,7,stop,2364256.904992622
SR0,2026,2032,2024-05-29 14:30:00,2024-05-30 05:30:00,1,6213.0,6186.857777276917,1,10.0,20.560371986219856,-261.4222272308325,-0.8476572551185524,308.4055797932978,6,stop,2364200.836723273
BU0,2016,2033,2024-05-29 01:30:00,2024-05-30 06:00:00,1,3667.0,3670.9548690915035,3,10.0,14.814785363728767,118.6460727451049,0.1779694629117501,666.6653413677944,17,stop,2362117.730891401
LC0,1657,1659,2024-05-31 01:30:00,2024-05-31 02:30:00,1,106700.0,105319.30356071494,1,1.0,964.3461615379966,-1380.6964392850641,-0.954495729405609,1446.519242306995,2,stop,2362947.931457374
OI0,2033,2044,2024-05-30 06:00:00,2024-05-31 05:30:00,-1,8843.0,8883.445202819194,1,10.0,49.056618988336545,-404.4520281919358,-0.5496397652789677,735.8492848250482,11,stop,2363090.7076118593
AO0,79,98,2024-05-30 03:00:00,2024-05-31 06:30:00,-1,4029.0,3948.452217962428,1,20.0,33.227339587684604,1610.9556407514356,1.6160945180902786,996.820187630538,19,stop,2363061.6602959055
P0,2043,2050,2024-05-31 03:00:00,2024-05-31 14:30:00,1,7810.0,7859.469880105779,1,10.0,44.119087210322384,494.6988010577934,0.7475204532972153,661.7863081548358,7,stop,2361567.2350180885
SR0,2052,2056,2024-06-03 01:30:00,2024-06-03 05:30:00,1,6192.0,6179.434295464615,1,10.0,21.496675237474093,-125.65704535384612,-0.38969451156426393,322.4501285621114,4,stop,2363268.4374317056
LC0,1660,1674,2024-05-31 03:00:00,2024-06-04 02:00:00,-1,104700.0,103389.3753388797,1,1.0,1001.5738035346133,1310.624661120295,0.8723768243505191,1502.36070530192,14,stop,2361567.2350180885
SA0,2031,2065,2024-05-30 03:00:00,2024-06-04 02:00:00,-1,2377.0,2233.546497937547,2,20.0,24.087389097003534,5738.140082498121,3.9703625684168657,1445.243345820212,34,stop,2363061.6602959055
P0,2051,2067,2024-06-03 01:00:00,2024-06-04 03:00:00,-1,7776.0,7640.237870908738,1,10.0,54.7094906874944,1357.6212909126207,1.6543397667112607,820.642360312416,16,stop,2363268.4374317056
V0,2048,2069,2024-05-31 13:30:00,2024-06-04 06:00:00,-1,6506.0,6339.816664222824,3,5.0,46.632458976306374,2492.750036657635,2.3757891595295924,1049.2303269668935,21,stop,2362773.738630648
HC0,2031,2073,2024-05-30 03:00:00,2024-06-04 14:00:00,-1,3892.0,3802.1656247661253,3,10.0,16.225563414563158,2695.0312570162396,3.691063413890221,730.1503536553422,42,stop,2363061.6602959055
RB0,2031,2074,2024-05-30 03:00:00,2024-06-04 14:30:00,-1,3768.0,3658.8774868654878,3,10.0,18.247918474206536,3273.6753940353674,3.9866652293797094,821.1563313392941,43,stop,2363061.6602959055
Y0,2050,2079,2024-05-31 14:30:00,2024-06-05 03:00:00,-1,8082.0,7857.576318889237,1,10.0,42.50532109096804,2244.2368111076303,3.519930765538134,637.5798163645206,29,stop,2362773.738630648
IC0,4011,4018,2024-06-04 06:30:00,2024-06-05 06:00:00,1,5302.6,5272.76057977914,1,200.0,29.896735363581342,-5967.884044172024,-0.6653885975168816,8969.020609074403,7,stop,2371549.166420883
CU0,156,172,2024-06-06 01:30:00,2024-06-07 01:30:00,1,81380.0,81739.74140929278,1,5.0,338.727552672746,1798.7070464638964,0.7080250906748358,2540.456645045595,16,stop,2376286.9758755276
EG0,2111,2114,2024-06-11 03:00:00,2024-06-11 06:30:00,1,4576.0,4552.550917833861,2,10.0,18.538540846403738,-468.9816433227861,-0.8432552256196277,556.1562253921122,3,stop,2378085.6829219917
P0,2111,2118,2024-06-11 03:00:00,2024-06-11 14:30:00,-1,7702.0,7654.460270096654,1,10.0,48.050207026403534,475.3972990334569,0.6595841148297608,720.753105396053,7,stop,2378085.6829219917
NI0,172,195,2024-06-07 01:30:00,2024-06-12 01:00:00,-1,143100.0,139790.2677305048,1,1.0,759.1941209839498,3309.7322694952018,2.906355724677846,1138.7911814759248,23,stop,2376286.9758755276
I0,2105,2120,2024-06-07 06:00:00,2024-06-12 01:30:00,-1,837.0,813.4774989489176,1,100.0,6.39639548363864,2352.250105108237,2.4516413044659973,959.459322545796,15,stop,2378085.6829219917
EG0,2116,2123,2024-06-11 13:30:00,2024-06-12 03:00:00,-1,4525.0,4533.487541238281,2,10.0,18.748939144559902,-169.7508247656151,-0.30179631934867657,562.4681743367971,7,stop,2377616.701278669
LH0,4041,4049,2024-06-11 06:00:00,2024-06-12 06:00:00,1,18085.0,18291.547463639523,1,16.0,107.0152153096256,3304.7594182323664,1.286717114894501,2568.3651674310145,8,stop,2378085.6829219917
Y0,2123,2130,2024-06-12 03:00:00,2024-06-12 14:30:00,1,7948.0,7905.113261954215,1,10.0,36.34085956696045,-428.86738045785023,-0.7867496541877033,545.1128935044067,7,stop,2383754.080952306
AO0,195,211,2024-06-12 01:00:00,2024-06-13 01:00:00,1,3844.0,3850.86941836276,1,20.0,26.655681200027278,137.38836725519832,0.17180623550657023,799.6704360008184,16,stop,2377616.701278669
P0,2123,2131,2024-06-12 03:00:00,2024-06-13 01:00:00,1,7734.0,7674.77219448848,1,10.0,45.835259694617456,-592.2780551152027,-0.8614591460247294,687.5288954192617,8,stop,2383754.080952306
SN0,196,211,2024-06-12 01:30:00,2024-06-13 01:00:00,1,267840.0,275292.3494458213,1,1.0,1562.6390832473123,7452.34944582131,3.1793860893050327,2343.9586248709684,15,stop,2381401.8308471977
CU0,212,217,2024-06-13 01:30:00,2024-06-13 06:00:00,-1,79400.0,79860.08406521537,1,5.0,349.75244679372724,-2300.4203260768554,-0.8769708774174093,2623.1433509529543,5,stop,2386597.6105325697
SN0,220,228,2024-06-13 13:30:00,2024-06-14 01:30:00,-1,272160.0,271484.46762987477,1,1.0,1684.6891877372686,675.5323701252346,0.26732225546108096,2527.0337816059027,8,stop,2391157.261597199
AO0,222,232,2024-06-13 14:30:00,2024-06-14 05:30:00,-1,3825.0,3846.226462163716,1,20.0,26.58733908031085,-424.529243274319,-0.5322448678698382,797.6201724093255,10,stop,2391157.261597199
AO0,233,235,2024-06-14 06:00:00,2024-06-14 13:00:00,1,3860.0,3827.605671511048,1,20.0,23.64208199206805,-647.8865697790388,-0.9134651931196326,709.2624597620414,2,stop,2391408.26472405
I0,2156,2163,2024-06-17 01:30:00,2024-06-17 13:00:00,-1,814.5,820.5907474611963,1,100.0,6.858155084237004,-609.0747461196315,-0.5920686041056414,1028.7232626355506,7,stop,2390760.3781542713
JM0,2156,2163,2024-06-17 01:30:00,2024-06-17 13:00:00,-1,1616.5,1636.0546819005979,1,60.0,14.477850423761577,-1173.2809140358722,-0.9004413099200608,1303.0065381385418,7,stop,2390760.3781542713
AO0,236,252,2024-06-14 13:30:00,2024-06-17 13:30:00,-1,3774.0,3743.169745287161,1,20.0,28.003882702832907,616.6050942567836,0.7339519080264384,840.1164810849872,16,stop,2390760.3781542713
JM0,2164,2167,2024-06-17 13:30:00,2024-06-18 01:00:00,1,1646.5,1632.2934088427064,1,60.0,13.738065446261983,-852.3954694376152,-0.6894027990022467,1236.4258901635783,3,stop,2388978.0224941154
I0,2164,2169,2024-06-17 13:30:00,2024-06-18 02:00:00,1,823.5,824.0810427797601,1,100.0,6.480735785517621,58.104277976008234,0.05977127690331374,972.1103678276431,5,stop,2390151.3034081515
JM0,2168,2178,2024-06-18 01:30:00,2024-06-18 14:30:00,-1,1634.0,1632.4365239077165,1,60.0,13.729380654172443,93.80856553701051,0.0759187483478292,1235.6442588755199,10,stop,2388742.2321189344
LH0,4052,4083,2024-06-13 01:30:00,2024-06-19 01:00:00,-1,18085.0,17657.84925799834,1,16.0,111.22758075412341,6834.411872026569,2.560220760028385,2669.4619380989616,31,stop,2386597.6105325697
IM0,3673,3688,2024-06-17 02:00:00,2024-06-19 01:30:00,1,5201.0,5199.910688444355,1,200.0,30.001022580359795,-217.86231112891983,-0.024206098369409543,9000.306774107938,15,stop,2390760.3781542713
I0,2191,2196,2024-06-20 01:00:00,2024-06-20 05:30:00,1,827.5,822.2514118588937,1,100.0,7.140325666205467,-524.8588141106325,-0.4900419006514348,1071.04884993082,5,stop,2395510.6945233447
SP0,2192,2196,2024-06-20 01:30:00,2024-06-20 05:30:00,1,5948.0,5939.1025369896915,2,10.0,28.52827139581995,-177.94926020616913,-0.20792153595893745,855.8481418745985,4,stop,2395510.6945233447
SN0,283,307,2024-06-19 13:00:00,2024-06-21 01:00:00,1,269400.0,273583.15486050065,1,1.0,1816.8361600525063,4183.154860500654,1.534959490744526,2725.2542400787597,24,stop,2395510.6945233447
IC0,4085,4101,2024-06-19 02:00:00,2024-06-21 02:00:00,-1,5196.8,5097.329199664503,1,200.0,23.88735297603029,19894.160067099438,2.7761077988370646,7166.205892809087,16,stop,2395728.5568344737
RU0,2204,2212,2024-06-21 01:30:00,2024-06-21 13:30:00,-1,15030.0,15002.764289260156,1,10.0,75.65802969743393,272.35710739843853,0.23998960276710807,1134.870445461509,8,stop,2394807.8864490283
FG0,2210,2215,2024-06-21 06:30:00,2024-06-24 01:00:00,-1,1579.0,1579.0,3,20.0,11.301073846285842,-0.0,-0.0,1017.0966461657257,5,stop,2418885.2013766286
OI0,2216,2217,2024-06-24 01:30:00,2024-06-24 02:00:00,1,8393.0,8336.552527491363,1,10.0,38.37254436517528,-564.4747250863657,-0.9806920276374315,575.5881654776292,1,stop,2419157.558484027
I0,2197,2225,2024-06-20 06:00:00,2024-06-24 14:00:00,-1,822.5,802.5103716241983,1,100.0,6.728780257982902,1998.9628375801658,1.98051034604539,1009.3170386974354,28,stop,2394985.8357092342
NI0,332,336,2024-06-24 13:30:00,2024-06-24 15:30:00,1,135280.0,134229.10493394863,1,1.0,766.0707210574893,-1050.8950660513656,-0.9145326814393869,1149.106081586234,4,stop,2418593.083758941
AO0,332,337,2024-06-24 13:30:00,2024-06-24 16:00:00,1,3819.0,3802.393416987029,1,20.0,20.141642678186905,-332.13166025941973,-0.5496600013647568,604.2492803456072,5,stop,2418593.083758941
RM0,2224,2227,2024-06-24 13:30:00,2024-06-25 01:00:00,-1,2568.0,2604.0,4,10.0,13.690475586980982,-1440.0,-1.7530435555374646,821.428535218859,3,stop,2418593.083758941
RU0,2224,2227,2024-06-24 13:30:00,2024-06-25 01:00:00,1,15300.0,15274.205654982397,1,10.0,103.12896103925125,-257.9434501760261,-0.1667449166407303,1546.9344155887688,3,stop,2418593.083758941
SP0,2225,2228,2024-06-24 14:00:00,2024-06-25 01:30:00,1,5968.0,5931.067617099214,2,10.0,26.46054062546006,-738.647658015725,-0.9305020992970011,793.8162187638018,3,stop,2418593.083758941
OI0,2228,2232,2024-06-25 01:30:00,2024-06-25 05:30:00,-1,8269.0,8288.630985473219,1,10.0,43.472881153535965,-196.3098547321897,-0.3010456933505582,652.0932173030394,4,stop,2419209.0198702104
SA0,2211,2236,2024-06-21 13:00:00,2024-06-25 13:30:00,-1,2103.0,2039.80068657935,2,20.0,19.30192983440813,2527.9725368260006,2.1828322854360134,1158.115790064488,25,stop,2418885.2013766286
NI0,348,358,2024-06-25 13:30:00,2024-06-26 02:30:00,-1,133650.0,134342.50135736333,1,1.0,730.2275472475318,-692.5013573633332,-0.6322242612124572,1095.3413208712977,10,stop,2416576.1189072863
TA0,2239,2246,2024-06-25 14:00:00,2024-06-26 05:30:00,-1,5944.0,5946.9042949717295,4,5.0,19.996430371091325,-58.08589943459083,-0.09682711423429043,599.8929111327398,7,stop,2419104.0914441124
RU0,2236,2246,2024-06-25 13:30:00,2024-06-26 06:30:00,-1,15075.0,15071.105963639082,1,10.0,107.60767900669488,38.94036360918108,0.024124897633472406,1614.1151851004233,10,stop,2416576.1189072863
NI0,363,368,2024-06-26 13:00:00,2024-06-26 15:30:00,1,135550.0,134537.53526807833,1,1.0,730.2019824075107,-1012.4647319216747,-0.9243695637778925,1095.3029736112662,5,stop,2418353.5041873143
P0,2255,2259,2024-06-27 03:00:00,2024-06-27 13:00:00,-1,7600.0,7636.0,1,10.0,32.72392753172057,-360.0,-0.7334082981554053,490.8589129758086,4,stop,2417379.9798190016
NI0,380,383,2024-06-27 13:30:00,2024-06-27 15:00:00,1,136150.0,135075.0678242529,1,1.0,730.8745816427239,-1074.9321757470898,-0.9804985266930087,1096.3118724640858,3,stop,2417379.9798190016
P0,2260,2263,2024-06-27 13:30:00,2024-06-28 01:00:00,1,7678.0,7620.0,1,10.0,37.678294804685414,-580.0,-1.026231862856446,565.1744220702813,3,stop,2417019.9798190016
JM0,2260,2264,2024-06-27 13:30:00,2024-06-28 01:30:00,-1,1549.5,1564.2868560930592,1,60.0,10.942613600168345,-887.2113655835528,-0.9008729013229361,984.8352240151511,4,stop,2417379.9798190016
EB0,2253,2272,2024-06-27 02:00:00,2024-06-28 13:30:00,1,9252.0,9411.183489796465,2,5.0,40.71419650815126,1591.8348979646544,2.606518994172722,610.7129476222689,19,stop,2417379.9798190016
CF0,2276,2277,2024-07-01 01:30:00,2024-07-01 02:00:00,-1,14570.0,14660.0,1,5.0,60.23872804028907,-450.0,-0.9960369674451061,451.790460302168,1,stop,2416069.671175636
AO0,380,419,2024-06-27 13:30:00,2024-07-02 01:00:00,1,3787.0,3867.5996674193107,1,20.0,21.01470212839007,1611.9933483862133,2.55692949081978,630.4410638517021,39,stop,2417379.9798190016
CF0,2283,2295,2024-07-01 13:00:00,2024-07-02 13:00:00,1,14800.0,14794.912492122665,1,5.0,64.48596330214444,-25.43753938667578,-0.05259550675132195,483.6447247660833,12,stop,2415619.671175636
IM0,3757,3767,2024-07-01 05:30:00,2024-07-02 06:30:00,1,4896.8,4850.993343266537,1,200.0,43.05514587087628,-9161.331346692714,-0.7092711112215507,12916.543761262883,10,stop,2415619.671175636
NI0,463,467,2024-07-04 15:00:00,2024-07-05 01:00:00,-1,136330.0,137132.96048243836,1,1.0,578.8313044487505,-802.9604824383568,-0.9248065613901739,868.2469566731259,4,stop,2408044.895637943
CF0,2332,2335,2024-07-05 13:30:00,2024-07-08 01:00:00,-1,14575.0,14641.382045106691,1,5.0,58.159293258032974,-331.91022553345647,-0.7609221890206124,436.19469943524734,3,stop,2407241.9351555044
EG0,2332,2336,2024-07-05 13:30:00,2024-07-08 01:30:00,1,4754.0,4735.55841585186,2,10.0,18.013150721494853,-368.8316829627911,-0.6825229867988784,540.3945216448456,4,stop,2407241.9351555044
NI0,473,485,2024-07-05 06:00:00,2024-07-08 02:00:00,1,137610.0,138029.14358916416,1,1.0,629.0842622504455,419.1435891641595,0.444183833884449,943.6263933756682,12,stop,2407241.9351555044
SN0,497,503,2024-07-08 16:00:00,2024-07-09 03:00:00,-1,275520.0,277109.54685820587,1,1.0,1495.7067140465426,-1589.5468582058675,-0.7084931126662063,2243.560071069814,6,stop,2406960.3368361723
EB0,2351,2352,2024-07-09 03:00:00,2024-07-09 05:30:00,-1,9337.0,9406.082620665045,2,5.0,47.44393278516104,-690.826206650454,-0.9707264499322488,711.6589917774155,1,stop,2406960.3368361723
SN0,504,509,2024-07-09 05:30:00,2024-07-09 14:00:00,1,278290.0,277909.3413397439,1,1.0,1435.1646906013448,-380.658660256071,-0.17682461241739542,2152.747035902017,5,stop,2405370.7899779663
EG0,2368,2369,2024-07-10 13:30:00,2024-07-10 14:00:00,1,4770.0,4742.386729841613,2,10.0,21.542860626534242,-552.2654031677484,-0.854521926841238,646.2858187960273,1,stop,2404299.30511106
SP0,2317,2371,2024-07-04 06:00:00,2024-07-11 01:00:00,-1,5904.0,5692.565102962897,2,10.0,26.21947030447476,4228.697940742059,5.376027676679602,786.5841091342429,54,stop,2408044.895637943
EB0,2368,2379,2024-07-10 13:30:00,2024-07-11 13:00:00,1,9350.0,9366.07901167517,2,5.0,40.69594155210794,160.79011675170477,0.2634007399252588,610.4391232816191,11,stop,2404299.30511106
MA0,2368,2380,2024-07-10 13:30:00,2024-07-11 13:30:00,1,2568.0,2573.44007768685,4,10.0,10.81427714383913,217.6031074740058,0.33536392767280154,648.8566286303478,12,stop,2404299.30511106
RU0,2387,2394,2024-07-12 03:00:00,2024-07-12 14:30:00,-1,14630.0,14501.283468296106,1,10.0,62.68388430986413,1287.1653170389436,1.3689486872214471,940.2582646479619,7,stop,2408354.1308728596
CF0,2391,2395,2024-07-12 13:00:00,2024-07-15 01:00:00,-1,14520.0,14552.38972185682,1,5.0,52.18552473831406,-161.9486092840998,-0.41377657909594956,391.39143553735545,4,stop,2408354.1308728596
HC0,2395,2400,2024-07-15 01:00:00,2024-07-15 05:30:00,1,3719.0,3736.125046477186,3,10.0,13.34240665085073,513.7513943155818,0.8556700414111146,600.4082992882828,5,stop,2408354.1308728596
I0,2395,2402,2024-07-15 01:00:00,2024-07-15 06:30:00,1,829.5,832.4105769006235,1,100.0,6.5145644503845315,291.05769006234823,0.2978533124038893,977.1846675576796,7,stop,2408354.1308728596
BU0,2396,2403,2024-07-15 01:30:00,2024-07-15 13:00:00,-1,3623.0,3634.174438829816,3,10.0,12.603504518250983,-335.2331648944846,-0.5910757500627218,567.1577033212942,7,stop,2409641.2961898986
IH0,4202,4236,2024-07-09 06:00:00,2024-07-16 01:30:00,1,2367.4,2400.8849986458185,1,300.0,10.361590963830222,10045.499593745535,2.1544309661007586,4662.7159337236,34,stop,2404679.9637713158
I0,2407,2412,2024-07-16 01:00:00,2024-07-16 05:30:00,-1,824.5,830.3151802886794,1,100.0,5.7959579352313835,-581.5180288679358,-0.668877673447919,869.3936902847074,5,stop,2409948.9235000983
LH0,4228,4243,2024-07-15 01:30:00,2024-07-17 01:00:00,1,18275.0,18173.1871366358,1,16.0,132.00698095617742,-1629.0058138272143,-0.5141791877304827,3168.167542948258,15,stop,2409479.3475806145
CF0,2416,2420,2024-07-16 13:30:00,2024-07-17 01:30:00,-1,14525.0,14607.891177617681,1,5.0,59.705308622733035,-414.4558880884051,-0.925558988860385,447.7898146704978,4,stop,2419412.905064976
JM0,2413,2424,2024-07-16 06:00:00,2024-07-17 05:30:00,1,1582.5,1570.1590219956304,1,60.0,12.411983919135503,-740.458680262177,-0.6628528302309288,1117.0785527221954,11,stop,2419412.905064976
OI0,2416,2424,2024-07-16 13:30:00,2024-07-17 05:30:00,1,8351.0,8370.0,1,10.0,39.83291662326252,190.0,0.3179949584527612,597.4937493489379,8,stop,2419412.905064976
JM0,2425,2436,2024-07-17 06:00:00,2024-07-18 05:30:00,-1,1567.5,1542.4656423619458,1,60.0,12.002977152171658,1502.0614582832513,1.3904526807903828,1080.267943695449,11,stop,2416628.984682798
M0,2424,2440,2024-07-17 05:30:00,2024-07-18 13:30:00,-1,3117.0,3118.598803359479,3,10.0,18.475129083654483,-47.9641007843702,-0.05769209522126397,831.3808087644518,16,stop,2417369.4433630602
RU0,2439,2442,2024-07-18 13:00:00,2024-07-18 14:30:00,1,14580.0,14492.627184926494,1,10.0,60.33181749710229,-873.7281507350599,-0.9654697272319862,904.9772624565344,3,stop,2418321.046141081
RM0,2440,2448,2024-07-18 13:30:00,2024-07-19 05:30:00,1,2493.0,2496.188339410067,4,10.0,22.104503337942095,127.53357640267495,0.09615957319713912,1326.2702002765259,8,stop,2418321.046141081
CF0,2449,2450,2024-07-19 06:00:00,2024-07-19 06:30:00,-1,14630.0,14699.717535321022,1,5.0,47.36130740996471,-348.5876766051115,-0.9813571335427829,355.20980557473536,1,stop,2417399.3538895617
SN0,607,636,2024-07-17 15:00:00,2024-07-19 13:30:00,-1,268930.0,260882.96837689923,1,1.0,1301.9963793157626,8047.031623100775,4.120355351182429,1952.994568973644,29,stop,2416818.984682798
Y0,2438,2454,2024-07-18 06:30:00,2024-07-19 14:30:00,1,7676.0,7679.635859149195,1,10.0,35.62869827143398,36.35859149195312,0.0680324069377229,534.4304740715097,16,stop,2418321.046141081
SA0,2455,2458,2024-07-22 01:00:00,2024-07-22 02:30:00,-1,1924.0,1926.052064161596,3,20.0,17.07575769496176,-123.12384969576215,-0.08011608028386356,1536.8181925465583,3,stop,2425225.33141246
SP0,2452,2459,2024-07-19 13:30:00,2024-07-22 03:00:00,-1,5690.0,5693.6014647613265,2,10.0,25.83576166494901,-72.02929522652994,-0.09293229046962323,775.0728499484703,7,stop,2417178.2997893593
RM0,2464,2465,2024-07-22 13:30:00,2024-07-22 14:00:00,-1,2471.0,2501.0,4,10.0,19.803516984503986,-1200.0,-1.0099216222880896,1188.2110190702392,1,stop,2425066.53685903
P0,2459,2470,2024-07-22 03:00:00,2024-07-23 02:30:00,1,7938.0,7963.50026039926,1,10.0,50.90542667776146,255.00260399259787,0.3339560182280766,763.581400166422,11,stop,2425261.690003952
RM0,2468,2470,2024-07-23 01:30:00,2024-07-23 02:30:00,1,2524.0,2496.0845297948936,4,10.0,19.580337583153327,-1116.6188082042572,-0.9504592753335893,1174.8202549891996,2,stop,2423866.53685903
RU0,2461,2477,2024-07-22 06:00:00,2024-07-23 14:00:00,-1,14545.0,14469.715100125713,1,10.0,70.80005453128447,752.8489987428657,0.708896816277831,1062.000817969267,16,stop,2425066.53685903
LC0,1950,1959,2024-07-23 06:00:00,2024-07-24 06:30:00,-1,88000.0,87916.86106344317,1,1.0,813.389038115549,83.13893655683205,0.06814200229814377,1220.0835571733237,9,stop,2423004.9206548184
SP0,2484,2491,2024-07-24 05:30:00,2024-07-25 01:00:00,1,5724.0,5692.104226321679,2,10.0,23.1371730372321,-637.915473566427,-0.9190340187482426,694.1151911169629,7,stop,2423757.769653561
AO0,692,697,2024-07-25 01:30:00,2024-07-25 06:00:00,-1,3681.0,3704.477678457482,1,20.0,16.24038453357691,-469.55356914963886,-0.9637570838277449,487.2115360073073,5,stop,2423840.908590118
M0,2492,2497,2024-07-25 01:30:00,2024-07-25 06:00:00,-1,3133.0,3155.3125493068005,3,10.0,17.045171007588355,-669.3764792040156,-0.8726831115145818,767.032695341476,5,stop,2423840.908590118
AO0,698,699,2024-07-25 06:30:00,2024-07-25 13:00:00,1,3715.0,3687.112497457321,1,20.0,18.59166836178615,-557.7500508535832,-0.9999999999999976,557.7500508535845,1,stop,2422733.439547402
SP0,2492,2503,2024-07-25 01:30:00,2024-07-26 01:00:00,-1,5652.0,5651.531779929698,2,10.0,23.522841295255613,9.36440140603736,0.013269940889221423,705.6852388576683,11,stop,2423202.9931165515
BU0,2504,2507,2024-07-26 01:30:00,2024-07-26 03:00:00,1,3588.0,3587.3648498333628,3,10.0,12.351043126867427,-19.054504999116944,-0.03428321317279827,555.7969407090343,3,stop,2421506.3130173446
SP0,2504,2511,2024-07-26 01:30:00,2024-07-26 13:00:00,1,5668.0,5661.5108213070625,2,10.0,24.183234041221,-129.78357385874915,-0.17888918914860522,725.49702123663,7,stop,2421515.6774187507
MA0,2500,2514,2024-07-25 13:30:00,2024-07-26 14:30:00,1,2506.0,2504.981580766101,4,10.0,10.613875143346545,-40.736769355953584,-0.06396779185387032,636.8325086007927,14,stop,2421506.3130173446
OI0,2516,2518,2024-07-29 01:30:00,2024-07-29 02:30:00,-1,8476.0,8557.672031423981,1,10.0,57.51959826075115,-816.7203142398103,-0.9465994651508827,862.7939739112674,2,stop,2421326.102570537
P0,2516,2518,2024-07-29 01:30:00,2024-07-29 02:30:00,-1,7652.0,7724.135276828264,1,10.0,50.25096797926629,-721.3527682826407,-0.957000163101698,753.7645196889944,2,stop,2421326.102570537
RM0,2516,2519,2024-07-29 01:30:00,2024-07-29 03:00:00,-1,2403.0,2433.8824429899882,5,10.0,22.10299607480743,-1544.1221494994124,-0.9314707950441606,1657.7247056105568,3,stop,2421326.102570537
I0,2516,2520,2024-07-29 01:30:00,2024-07-29 05:30:00,-1,774.0,782.2990175443234,1,100.0,5.736124018490668,-829.9017544323419,-0.9645325563128391,860.4186027736002,4,stop,2421326.102570537
IM0,3913,3922,2024-07-29 02:00:00,2024-07-30 02:30:00,-1,4637.2,4638.811807702528,1,200.0,35.43419176654848,-322.36154050569894,-0.030324904133039773,10630.257529964543,9,stop,2421326.102570537
SP0,2529,2530,2024-07-30 02:00:00,2024-07-30 02:30:00,-1,5660.0,5700.14546136738,2,10.0,26.76364091158687,-802.909227347609,-1.0000000000000036,802.9092273476061,1,stop,2417414.0055840826
SA0,2511,2537,2024-07-26 13:00:00,2024-07-30 14:00:00,-1,1829.0,1755.3190629928847,3,20.0,15.182810424910793,4420.856220426917,3.2352787986351217,1366.4529382419714,26,stop,2421496.6229137518
SP0,2543,2552,2024-07-31 03:00:00,2024-08-01 01:30:00,1,5724.0,5724.959109220998,2,10.0,30.88100715555252,19.182184419951227,0.02070548230862153,926.4302146665756,9,stop,2420709.5910366564
SN0,754,774,2024-07-30 16:30:00,2024-08-01 02:30:00,1,244440.0,249519.45594672763,1,1.0,1728.0275999460355,5079.455946727627,1.959635346444024,2592.041399919053,20,stop,2420709.5910366564
P0,2560,2571,2024-08-01 13:30:00,2024-08-02 13:00:00,1,7818.0,7909.172446743711,1,10.0,54.13207621685091,911.7244674371068,1.1228394587893697,811.9811432527637,11,stop,2425808.229167804
Y0,2569,2571,2024-08-02 06:00:00,2024-08-02 13:00:00,1,7668.0,7622.192694725589,1,10.0,36.32319353034622,-458.0730527441119,-0.8407356443139005,544.8479029551933,2,stop,2425808.229167804
SA0,2567,2574,2024-08-02 03:00:00,2024-08-02 14:30:00,1,1771.0,1789.5206372787825,3,20.0,16.594459543222047,1111.2382367269493,0.7440490295588719,1493.5013588899844,7,stop,2425808.229167804
SP0,2569,2574,2024-08-02 06:00:00,2024-08-02 14:30:00,1,5776.0,5741.997123317904,2,10.0,28.422686194913585,-680.0575336419206,-0.7975525008184262,852.6805858474075,5,stop,2425808.229167804
SN0,799,804,2024-08-02 15:00:00,2024-08-05 01:30:00,-1,247050.0,248681.9737028217,1,1.0,1582.304912924514,-1631.973702821706,-0.6875934338957005,2373.457369386771,5,stop,2426261.8805824975
FG0,2575,2579,2024-08-05 01:00:00,2024-08-05 03:00:00,-1,1342.0,1358.5815112480689,4,20.0,11.145862740124176,-1326.5208998455091,-0.991788710285405,1337.5035288149013,4,stop,2426261.8805824975
SN0,807,808,2024-08-05 03:00:00,2024-08-05 05:30:00,1,249510.0,247796.90699579057,1,1.0,1681.7077978939533,-1713.093004209426,-0.6791084659514085,2522.56169684093,1,stop,2425061.0875827605
P0,2580,2583,2024-08-05 05:30:00,2024-08-05 13:00:00,1,7900.0,7756.0,1,10.0,56.448147908305764,-1440.0,-1.7006758158999686,846.7222186245864,3,stop,2423734.566682915
M0,2581,2586,2024-08-05 06:00:00,2024-08-05 14:30:00,-1,3055.0,3044.5786686569654,3,10.0,14.59571890979841,312.6399402910374,0.47599945378680064,656.8073509409285,5,stop,2423734.566682915
P0,2584,2587,2024-08-05 13:30:00,2024-08-06 01:00:00,-1,7706.0,7788.0,1,10.0,60.45422616641818,-820.0,-0.9042654274687175,906.8133924962727,3,stop,2420581.4736787057
SN0,809,819,2024-08-05 06:00:00,2024-08-06 01:00:00,-1,247430.0,243500.0,1,1.0,1848.1051930820313,3930.0,1.4176682202979487,2772.157789623047,10,stop,2422021.4736787057
SP0,2575,2587,2024-08-05 01:00:00,2024-08-06 01:00:00,-1,5722.0,5703.035257707562,2,10.0,29.923422310456406,379.29484584876263,0.42251723072043385,897.7026693136922,12,stop,2426693.0612855824
AL0,847,853,2024-08-07 15:00:00,2024-08-08 02:00:00,1,18960.0,18906.99507180164,1,5.0,66.32335808149224,-265.02464099179633,-0.5327929679840349,497.42518561119186,6,stop,2424383.4084648457
SP0,2617,2618,2024-08-08 06:00:00,2024-08-08 06:30:00,-1,5690.0,5660.0,2,10.0,27.017278065364525,600.0,0.7402670228885677,810.5183419609358,1,stop,2424118.383823854
NI0,836,859,2024-08-07 01:30:00,2024-08-08 13:00:00,-1,129080.0,127843.50007030267,1,1.0,721.1073177810417,1236.4999296973256,1.14314924580364,1081.6609766715626,23,stop,2424383.4084648457
SA0,2588,2619,2024-08-06 01:30:00,2024-08-08 13:00:00,-1,1775.0,1724.7729445481832,3,20.0,21.03971835929345,3013.6233271090077,1.5914996133849866,1893.5746523364105,31,stop,2420074.113618997
IC0,4376,4384,2024-08-08 05:00:00,2024-08-09 05:00:00,1,4779.8,4732.071628550751,1,200.0,35.13333572808232,-9545.674289849921,-0.9056616355977455,10540.000718424695,8,stop,2424118.383823854
IM0,3980,3988,2024-08-08 05:00:00,2024-08-09 05:00:00,1,4762.2,4709.690282615278,1,200.0,38.80208299307408,-10501.943476944325,-0.9021803871387398,11640.624897922224,8,stop,2424118.383823854
NI0,868,873,2024-08-09 01:30:00,2024-08-09 06:00:00,1,130840.0,130370.22820541417,1,1.0,714.6603188521086,-469.77179458583123,-0.43822385002932235,1071.990478278163,5,stop,2428968.50708066
JM0,2630,2631,2024-08-09 06:30:00,2024-08-09 13:00:00,-1,1389.0,1406.6583080049543,1,60.0,11.772205336636112,-1059.4984802972567,-1.0000000000000062,1059.4984802972501,1,stop,2408920.889313866
SP0,2624,2631,2024-08-09 01:30:00,2024-08-09 13:00:00,1,5662.0,5680.272067221429,2,10.0,38.137114197230886,365.44134442858194,0.3194100656022862,1144.1134259169266,7,stop,2428968.50708066
FG0,2629,2635,2024-08-09 06:00:00,2024-08-12 01:00:00,-1,1309.0,1295.2030577730586,4,20.0,10.762870986100713,1103.7553781553106,0.854601109360684,1291.5445183320855,6,stop,2408920.889313866
NI0,895,900,2024-08-12 15:00:00,2024-08-13 01:30:00,1,129660.0,128880.02532822991,1,1.0,684.4614915612188,-779.9746717700909,-0.7596966680000378,1026.6922373418283,5,stop,2408860.815761567
SN0,916,918,2024-08-14 01:30:00,2024-08-14 02:30:00,1,257800.0,255835.21284746306,1,1.0,1389.5987451567612,-1964.787152536941,-0.9426160654337152,2084.3981177351416,2,stop,2408080.841089797
RM0,2649,2664,2024-08-13 02:00:00,2024-08-14 05:30:00,-1,2241.0,2154.2660576402077,5,10.0,13.814577652462619,4336.697117989615,4.185624033866424,1036.0933239346964,15,stop,2408080.841089797
SA0,2629,2667,2024-08-09 06:00:00,2024-08-14 13:00:00,-1,1714.0,1588.0,3,20.0,16.02437939693412,7560.0,5.242012680757633,1442.1941457240705,38,stop,2408920.889313866
SN0,922,927,2024-08-14 06:30:00,2024-08-14 15:00:00,1,257110.0,255132.4533823509,1,1.0,1318.3644117660588,-1977.5466176490881,-1.0,1977.5466176490881,5,stop,2410452.7510552495
NI0,924,930,2024-08-14 13:30:00,2024-08-14 16:30:00,1,128750.0,128613.37039092625,1,1.0,817.2542580845488,-136.6296090737451,-0.11145418350299996,1225.8813871268233,6,stop,2410452.7510552495
EG0,2663,2673,2024-08-14 03:00:00,2024-08-15 02:00:00,-1,4516.0,4513.828223848127,2,10.0,16.577149449421302,43.43552303746037,0.08734015292151988,497.3144834826391,10,stop,2408080.841089797
NI0,931,934,2024-08-15 01:00:00,2024-08-15 02:30:00,-1,128380.0,128657.19932067335,1,1.0,774.9673603179031,-277.19932067334594,-0.2384610714956517,1162.4510404768546,3,stop,2415898.574828527
IH0,4413,4417,2024-08-15 02:00:00,2024-08-15 05:30:00,1,2318.8,2323.591011539432,1,300.0,9.461818580142568,1437.303461829606,0.33756805479846286,4257.818361064155,4,stop,2415898.574828527
RU0,2669,2676,2024-08-14 14:00:00,2024-08-15 05:30:00,1,15920.0,15903.07298407927,1,10.0,72.55120476093421,-169.270159207299,-0.15554086686321889,1088.268071414013,7,stop,2418012.7510552495
BU0,2680,2686,2024-08-15 13:30:00,2024-08-16 02:30:00,1,3534.0,3537.289408523835,3,10.0,14.691416482538969,98.68225571504809,0.1492666836105496,661.1137417142536,6,stop,2416932.844333513
EB0,2680,2686,2024-08-15 13:30:00,2024-08-16 02:30:00,1,9278.0,9293.541437991911,2,5.0,38.83183515902265,155.41437991911152,0.2668160960934321,582.4775273853397,6,stop,2416932.844333513
JM0,2692,2693,2024-08-16 13:30:00,2024-08-16 14:00:00,-1,1315.0,1337.8008765809554,1,60.0,15.200584387303671,-1368.0525948573268,-0.9999999999999973,1368.0525948573304,1,stop,2417186.9409691473
CF0,2704,2712,2024-08-19 13:30:00,2024-08-20 05:30:00,1,13565.0,13485.264179558495,1,5.0,66.37752125732912,-398.6791022075249,-0.8008315559358221,497.8314094299684,8,stop,2415818.88837429
RM0,2704,2719,2024-08-19 13:30:00,2024-08-21 01:00:00,1,2173.0,2177.715388380439,5,10.0,13.0380644486294,235.76941902194903,0.24110881381296215,977.854833647205,15,stop,2415818.88837429
M0,2720,2724,2024-08-21 01:30:00,2024-08-21 05:30:00,-1,2930.0,2942.975143170502,4,10.0,13.208403234670993,-519.0057268200871,-0.6548933503404598,792.5041940802595,4,stop,2415420.2092720824
I0,2715,2731,2024-08-20 13:00:00,2024-08-22 01:00:00,1,718.0,734.1088052566066,1,100.0,6.562938888745665,1610.8805256606615,1.6363406221594314,984.4408333118498,16,stop,2415420.2092720824
JM0,2716,2731,2024-08-20 13:30:00,2024-08-22 01:00:00,1,1351.5,1358.5764574221064,1,60.0,14.321909326431705,424.5874453263832,0.3294000942107385,1288.9718393788532,15,stop,2415420.2092720824
IF0,4437,4452,2024-08-20 02:00:00,2024-08-22 01:30:00,-1,3330.2,3321.8106912718304,1,300.0,12.38335872775856,2516.792618450836,0.4516442274186331,5572.511427491352,15,stop,2415818.88837429
AO0,1020,1027,2024-08-22 13:30:00,2024-08-23 01:00:00,-1,3942.0,3967.432418260884,1,20.0,29.867257279413387,-508.64836521767756,-0.5676766818137821,896.0177183824015,7,stop,2419689.2335537225
SA0,2736,2747,2024-08-22 05:30:00,2024-08-23 03:00:00,-1,1613.0,1565.9875092134519,3,20.0,14.787783440562775,2820.7494471928885,2.119429233619658,1330.9005096506496,11,stop,2419689.2335537225
JM0,2737,2753,2024-08-22 06:00:00,2024-08-23 14:00:00,-1,1345.0,1310.5682858002713,1,60.0,12.585003795460445,2065.902851983724,1.823954645244718,1132.65034159144,16,stop,2419689.2335537225
HC0,2737,2754,2024-08-22 06:00:00,2024-08-23 14:30:00,-1,3260.0,3234.0448999352075,3,10.0,21.803172754364198,778.653001943776,0.7936184443491837,981.1427739463888,17,stop,2419689.2335537225
NI0,1035,1044,2024-08-23 13:00:00,2024-08-26 01:30:00,1,130210.0,129698.47666492892,1,1.0,656.1894144590744,-511.5233350710769,-0.5196907313647618,984.2841216886117,9,stop,2422001.334635698
IF0,4464,4469,2024-08-23 05:00:00,2024-08-26 02:00:00,1,3327.8,3311.6991481445693,1,300.0,11.616397357397238,-4830.255556629254,-0.9240301365998492,5227.378810828757,5,stop,2419180.585188505
SP0,2756,2758,2024-08-26 01:30:00,2024-08-26 02:30:00,1,5928.0,5890.108420411881,2,10.0,26.906310056297272,-757.8315917623877,-0.9388523735098357,807.1893016889181,2,stop,2424845.8904896253
CU0,1038,1054,2024-08-23 14:30:00,2024-08-26 14:30:00,1,74100.0,74843.88236160552,1,5.0,224.21597641974384,3719.4118080275803,2.2118030227930174,1681.619823148079,16,stop,2422001.334635698
RB0,2754,2767,2024-08-23 14:30:00,2024-08-27 01:00:00,1,3187.0,3239.973994970344,3,10.0,19.37297469914213,1589.2198491103181,1.8229516734185285,871.7838614613959,13,stop,2424067.2374876817
SA0,2763,2768,2024-08-26 13:00:00,2024-08-27 01:30:00,1,1582.0,1566.4570320441758,3,20.0,16.126810520643893,-932.5780773494535,-0.6425311827128994,1451.4129468579504,5,stop,2418746.2800061624
I0,2754,2774,2024-08-23 14:30:00,2024-08-27 06:30:00,1,726.0,754.6625031501306,1,100.0,6.579602331694912,2866.2503150130647,2.9041778621441554,986.9403497542369,20,stop,2422001.334635698
OI0,2754,2777,2024-08-23 14:30:00,2024-08-27 14:00:00,1,8162.0,8337.95195874829,1,10.0,45.055728477151426,1759.5195874829005,2.6034715184258754,675.8359271572714,23,stop,2424067.2374876817
SN0,1065,1076,2024-08-27 06:00:00,2024-08-28 01:30:00,1,266910.0,267687.75478710013,1,1.0,1288.172463549909,777.7547871001298,0.40251069330515743,1932.2586953248635,11,stop,2423122.3335859505
JM0,2761,2781,2024-08-26 06:00:00,2024-08-28 02:00:00,1,1353.5,1374.7179878222596,1,60.0,14.060073833346902,1273.079269335576,1.0060633665586194,1265.406645001221,20,stop,2418746.2800061624
RM0,2760,2781,2024-08-26 05:30:00,2024-08-28 02:00:00,1,2193.0,2231.3114137528896,5,10.0,15.557085896647624,1915.570687644481,1.6417562178164868,1166.781442248572,21,stop,2418746.2800061624
M0,2760,2782,2024-08-26 05:30:00,2024-08-28 02:30:00,1,2939.0,3005.0,4,10.0,17.359978253341374,2640.0,2.534565387000474,1041.5986952004826,22,stop,2418746.2800061624
MA0,2752,2787,2024-08-23 13:30:00,2024-08-28 13:00:00,1,2510.0,2534.544955413784,4,10.0,9.973476158762528,981.7982165513604,1.6406820800200959,598.4085695257517,35,stop,2422001.334635698
AO0,1083,1094,2024-08-28 13:00:00,2024-08-29 02:30:00,-1,3927.0,3956.3626287674156,1,20.0,23.705050192920293,-587.2525753483114,-0.8257770258081957,711.1515057876088,11,stop,2434354.5082325265
FG0,2783,2794,2024-08-28 03:00:00,2024-08-29 02:30:00,-1,1253.0,1259.0242303858831,4,20.0,10.531297312383993,-481.93843087065034,-0.3813541173000658,1263.755677486079,11,stop,2431714.5082325265
SA0,2783,2795,2024-08-28 03:00:00,2024-08-29 03:00:00,-1,1571.0,1580.1494351617978,3,20.0,16.155185773684163,-548.966109707867,-0.3775644258535513,1453.9667196315747,12,stop,2434354.5082325265
SN0,1081,1096,2024-08-28 06:00:00,2024-08-29 05:30:00,-1,266370.0,263283.2914429503,1,1.0,1157.9078249382953,3086.7085570496856,1.777175747827294,1736.861737407443,15,stop,2434354.5082325265
FG0,2795,2799,2024-08-29 03:00:00,2024-08-29 13:00:00,1,1259.0,1259.4552822451938,4,20.0,9.648282092565411,36.42257961550058,0.03145860515725592,1157.7938511078494,4,stop,2434267.115442859
FG0,2808,2809,2024-08-30 05:30:00,2024-08-30 06:00:00,1,1267.0,1257.0099043853807,4,20.0,10.018530184854939,-799.207649169548,-0.664774534806275,1202.2236221825926,1,stop,2436841.280469816
IF0,4501,4507,2024-08-30 02:00:00,2024-08-30 06:30:00,1,3316.8,3327.2920874584147,1,300.0,12.447042428428857,3147.626237524355,0.5619587956332903,5601.169092792985,6,stop,2436841.280469816
IH0,4501,4507,2024-08-30 02:00:00,2024-08-30 06:30:00,1,2333.4,2338.526682662411,1,300.0,8.297639404252319,1538.0047987232956,0.41189888775544986,3733.9377319135433,6,stop,2436841.280469816
P0,2813,2820,2024-08-30 14:00:00,2024-09-02 05:30:00,-1,7980.0,7945.472305327654,1,10.0,37.314489632170336,345.27694672346115,0.6168773401915233,559.7173444825551,7,stop,2436042.0728206467
RM0,2824,2826,2024-09-02 13:30:00,2024-09-02 14:30:00,-1,2227.0,2246.7192005735324,5,10.0,13.541990155356437,-985.9600286766181,-0.9707682227555292,1015.6492616517328,2,stop,2441072.9808036177
SP0,2824,2827,2024-09-02 13:30:00,2024-09-03 01:00:00,1,6022.0,5990.743710106894,2,10.0,23.168571278299037,-625.1257978621288,-0.8993876378955604,695.0571383489711,3,stop,2441072.9808036177
AO0,1120,1140,2024-08-30 15:30:00,2024-09-03 01:30:00,-1,3919.0,3869.5560563091744,1,20.0,19.532390536288368,988.8788738165113,1.6875880638356695,585.9717160886511,20,stop,2436042.0728206467
IF0,4509,4517,2024-09-02 02:00:00,2024-09-03 02:00:00,-1,3290.8,3279.4660134358355,1,300.0,15.377779919828829,3400.1959692493983,0.4913577305806927,6920.000963922974,8,stop,2440727.7038568943
OI0,2829,2831,2024-09-03 02:00:00,2024-09-03 03:00:00,1,8439.0,8427.0,1,10.0,46.567605201753864,-120.0,-0.17179324479624944,698.514078026308,2,stop,2440450.7738508955
RM0,2829,2831,2024-09-03 02:00:00,2024-09-03 03:00:00,1,2262.0,2272.0,5,10.0,14.87595598328219,500.0,0.4481504700712184,1115.6966987461642,2,stop,2440450.7738508955
SA0,2814,2832,2024-08-30 14:30:00,2024-09-03 05:30:00,-1,1567.0,1509.7261962583432,3,20.0,15.744228521326315,3436.428224499409,2.4251766783015842,1416.9805669193684,18,stop,2436042.0728206467
P0,2832,2835,2024-09-03 05:30:00,2024-09-03 13:00:00,1,7990.0,7916.995186538639,1,10.0,53.0090147589054,-730.0481346136075,-0.9181433735802595,795.135221383581,3,stop,2443730.969820145
Y0,2832,2835,2024-09-03 05:30:00,2024-09-03 13:00:00,1,7772.0,7726.579745625595,1,10.0,44.638803824417145,-454.20254374404976,-0.6783373878484976,669.5820573662571,3,stop,2444230.969820145
BU0,2812,2838,2024-08-30 13:30:00,2024-09-03 14:30:00,-1,3455.0,3266.9352958380896,3,10.0,12.356049302119642,5641.941124857312,10.146970635651773,556.022218595384,26,stop,2436042.0728206467
RB0,2816,2838,2024-09-02 01:30:00,2024-09-03 14:30:00,-1,3251.0,3136.8751657140115,3,10.0,21.115311085346065,3423.745028579656,3.6032252875557735,950.1889988405729,22,stop,2440727.7038568943
FG0,2814,2847,2024-08-30 14:30:00,2024-09-04 13:00:00,-1,1251.0,1136.0,4,20.0,11.040985614920956,9200.0,6.943824522609481,1324.9182737905148,33,stop,2436042.0728206467
SP0,2845,2849,2024-09-04 06:00:00,2024-09-04 14:00:00,-1,5946.0,5856.1499844207865,2,10.0,37.78268271439937,1797.00031158427,1.585382669593068,1133.4804814319812,4,stop,2455548.8335197237
CF0,2843,2850,2024-09-04 03:00:00,2024-09-04 14:30:00,-1,13660.0,13673.3171813614,1,5.0,77.17276362838209,-66.585906807004,-0.11504215334767923,578.7957272128656,7,stop,2455548.8335197237
P0,2836,2854,2024-09-03 13:30:00,2024-09-05 02:30:00,-1,7934.0,7877.8491506517,1,10.0,52.00297976179449,561.5084934829974,0.7198414347986088,780.0446964269173,18,stop,2446937.3499100306
CF0,2853,2858,2024-09-05 02:00:00,2024-09-05 06:30:00,1,13765.0,13683.217683758441,1,5.0,73.98635749538344,-408.91158120779437,-0.7369134798187795,554.8976812153758,5,stop,2466479.247924501
IH0,4509,4540,2024-09-02 02:00:00,2024-09-06 01:30:00,-1,2314.6,2277.23320992977,1,300.0,10.412553163443956,11210.037021068956,2.3924193220554804,4685.64892354978,31,stop,2440727.7038568943
P0,2860,2864,2024-09-05 13:30:00,2024-09-06 01:30:00,1,7960.0,7921.468467091515,1,10.0,44.454241056273965,-385.3153290848513,-0.5778456227188558,666.8136158441096,4,stop,2466631.844836776
AO0,1194,1195,2024-09-06 06:30:00,2024-09-06 13:00:00,1,3894.0,3869.6313481021966,1,20.0,24.418519311243593,-487.3730379560675,-0.6653052023669795,732.5555793373078,1,stop,2477456.5665287604
AO0,1196,1210,2024-09-06 13:30:00,2024-09-09 06:30:00,-1,3861.0,3839.479230462021,1,20.0,29.371070222449834,430.415390759581,0.48847997649808955,881.1321066734951,14,stop,2476969.193490804
V0,2883,2889,2024-09-09 13:00:00,2024-09-10 02:00:00,1,5388.0,5343.017280249244,4,5.0,37.168985620934116,-899.6543950151136,-0.8068145883687278,1115.0695686280235,6,stop,2477399.608881564
P0,2888,2890,2024-09-10 01:30:00,2024-09-10 02:30:00,1,7924.0,7856.475519395221,1,10.0,46.78680658804607,-675.2448060477855,-0.9621584306779183,701.8020988206911,2,stop,2477399.608881564
AO0,1211,1223,2024-09-09 13:00:00,2024-09-10 03:00:00,1,3868.0,3858.495489550098,1,20.0,28.17611013728374,-190.09020899804455,-0.2248834302911928,845.2833041185122,12,stop,2477399.608881564
IC0,4544,4560,2024-09-06 05:00:00,2024-09-10 05:00:00,-1,4535.2,4461.747608578506,1,200.0,26.52337093246351,14690.478284298842,1.8462306722758108,7957.011279739054,16,stop,2477456.5665287604
IM0,4145,4164,2024-09-06 02:00:00,2024-09-10 05:00:00,-1,4553.8,4430.804729684114,1,200.0,29.29273413625333,24599.05406317721,2.7992213528397225,8787.820240875999,19,stop,2477841.881857845
Y0,2888,2892,2024-09-10 01:30:00,2024-09-10 05:30:00,1,7734.0,7679.189419775538,1,10.0,40.157399948715984,-548.1058022446177,-0.9099291005635989,602.3609992307398,4,stop,2477399.608881564
RB0,2894,2895,2024-09-10 06:30:00,2024-09-10 13:00:00,1,3110.0,3073.0,4,10.0,23.541267091563686,-1480.0,-1.0478053951270228,1412.4760254938212,1,stop,2514376.0460167346
AO0,1228,1230,2024-09-10 13:30:00,2024-09-10 14:30:00,-1,3822.0,3845.6668757547645,1,20.0,25.094167208548853,-473.33751509529066,-0.6287483875722302,752.8250162564656,2,stop,2514376.0460167346
SN0,1228,1230,2024-09-10 13:30:00,2024-09-10 14:30:00,-1,249680.0,251074.15515670448,1,1.0,1460.4190868647581,-1394.1551567044808,-0.6364178471069181,2190.628630297137,2,stop,2512896.0460167346
Y0,2903,2909,2024-09-11 03:00:00,2024-09-11 14:00:00,1,7666.0,7654.804356868105,1,10.0,37.40785982178219,-111.9564313189494,-0.19952390015062801,561.1178973267329,6,stop,2511028.5533449347
I0,2901,2910,2024-09-11 02:00:00,2024-09-11 14:30:00,1,682.5,687.5203238565634,1,100.0,7.568350641582708,502.03238565634365,0.4422208654886508,1135.2525962374064,9,stop,2511028.5533449347
P0,2903,2910,2024-09-11 03:00:00,2024-09-11 14:30:00,1,7840.0,7819.3760365722865,1,10.0,44.36383030578508,-206.23963427713534,-0.3099215928164819,665.4574545867762,7,stop,2511028.5533449347
V0,2905,2910,2024-09-11 06:00:00,2024-09-11 14:30:00,1,5368.0,5340.685827506756,4,5.0,34.71786074969809,-546.2834498648772,-0.5244979942777029,1041.5358224909428,5,stop,2511028.5533449347
P0,2915,2921,2024-09-12 03:00:00,2024-09-12 14:00:00,-1,7802.0,7864.0648704547175,1,10.0,46.38701599395233,-620.6487045471749,-0.8919862469390019,695.805239909285,6,stop,2510666.1062151296
P0,2924,2926,2024-09-13 01:30:00,2024-09-13 02:30:00,1,7942.0,7871.102070666718,1,10.0,50.41023333066417,-708.9792933328226,-0.9376129229982566,756.1534999599626,2,stop,2510045.4575105826
HC0,2899,2928,2024-09-11 01:00:00,2024-09-13 05:30:00,1,3123.0,3247.0,4,10.0,25.116153755164593,4960.0,3.291374446601644,1506.9692253098756,29,stop,2511028.5533449347
P0,2927,2931,2024-09-13 03:00:00,2024-09-18 01:00:00,-1,7852.0,7844.965650242351,1,10.0,55.55586101584155,70.3434975764867,0.08441173297200633,833.3379152376233,4,stop,2509336.4782172497
SA0,2927,2931,2024-09-13 03:00:00,2024-09-18 01:00:00,-1,1376.0,1358.4449330292325,4,20.0,15.474824157032504,1404.4053576613987,0.7562850383145114,1856.9788988439007,4,stop,2509336.4782172497
Y0,2928,2931,2024-09-13 05:30:00,2024-09-18 01:00:00,-1,7640.0,7704.804827629683,1,10.0,46.40136574129339,-648.0482762968313,-0.931076439876024,696.0204861194009,3,stop,2509336.4782172497
V0,2927,2938,2024-09-13 03:00:00,2024-09-18 06:30:00,-1,5353.0,5227.58049218248,4,5.0,29.062466081056193,2508.390156350397,2.877009988707786,871.8739824316858,11,stop,2509336.4782172497
EG0,2932,2941,2024-09-18 01:30:00,2024-09-18 14:00:00,-1,4413.0,4416.09872212784,2,10.0,24.724782760226113,-61.97444255680239,-0.08355239242856427,741.7434828067835,9,stop,2514296.4782172497
P0,2932,2943,2024-09-18 01:30:00,2024-09-19 01:00:00,1,7844.0,7966.957501607728,1,10.0,55.45492634050332,1229.5750160772786,1.4781674622587055,831.8238951075498,11,stop,2514366.8217148264
TA0,2934,2945,2024-09-18 01:30:00,2024-09-19 01:00:00,-1,4778.0,4781.699495531039,5,5.0,47.65944713842202,-92.48738827598117,-0.05174903407634921,1787.2292676908255,11,stop,2515771.2270724876
Y0,2932,2943,2024-09-18 01:30:00,2024-09-19 01:00:00,1,7768.0,7791.333754119819,1,10.0,51.200734249715765,233.33754119818877,0.3038205664006783,768.0110137457365,11,stop,2515123.178796191
BU0,2943,2945,2024-09-19 01:00:00,2024-09-19 02:00:00,-1,3077.0,3098.9345418883945,4,10.0,24.195937712525996,-877.3816755357802,-0.6043588018506982,1451.75626275156,2,stop,2517569.5945099844
I0,2931,2945,2024-09-18 01:00:00,2024-09-19 02:00:00,-1,696.5,677.888077844906,1,100.0,7.698218772486171,1861.192215509402,1.6117946852514322,1154.7328158729256,14,stop,2514296.4782172497
SN0,1292,1293,2024-09-19 01:30:00,2024-09-19 02:00:00,-1,253750.0,255664.2255645512,1,1.0,1276.1503763674548,-1914.2255645511905,-1.0000000000000042,1914.2255645511823,1,stop,2518799.1695260615
JM0,2944,2946,2024-09-19 01:30:00,2024-09-19 02:30:00,-1,1250.5,1273.7286167145692,1,60.0,15.485744476379383,-1393.7170028741502,-1.000000000000004,1393.7170028741446,2,stop,2517569.5945099844
IC0,4598,4599,2024-09-19 02:30:00,2024-09-19 03:00:00,1,4537.8,4480.7264797057205,1,200.0,38.4989376471752,-11414.704058855932,-0.9883133368048032,11549.681294152559,1,stop,2519923.8302189573
IM0,4202,4203,2024-09-19 02:30:00,2024-09-19 03:00:00,1,4490.2,4430.188236961581,1,200.0,40.17767602758238,-12002.352607683679,-0.9957729261928061,12053.302808274713,1,stop,2519923.8302189573
TA0,2949,2959,2024-09-19 03:00:00,2024-09-20 02:00:00,1,4834.0,4823.182036527171,5,5.0,47.384186145413295,-270.44908682073583,-0.15220216353238059,1776.9069804529981,10,stop,2516615.887651532
BU0,2956,2959,2024-09-20 01:30:00,2024-09-20 03:00:00,-1,3105.0,3104.17430449057,4,10.0,21.933584537087864,33.027820377192256,0.02509684051060674,1316.0150722252718,3,stop,2493198.8309849924
BU0,2964,2966,2024-09-20 13:30:00,2024-09-20 14:30:00,1,3118.0,3087.082408024195,3,10.0,21.98164902271314,-927.5277592741486,-0.9376788776207071,989.1742060220912,2,stop,2492961.409718549
SA0,2956,2967,2024-09-20 01:30:00,2024-09-23 01:00:00,-1,1359.0,1354.2942492776358,4,20.0,15.213295877182484,376.46005778913604,0.20621219580354383,1825.595505261898,11,stop,2493198.8309849924
IC0,4605,4612,2024-09-20 02:00:00,2024-09-23 01:30:00,-1,4464.0,4497.088108598178,1,200.0,34.840090564067744,-6617.621719635645,-0.6331424146239845,10452.027169220324,7,stop,2493198.8309849924
IM0,4209,4216,2024-09-20 02:00:00,2024-09-23 01:30:00,-1,4419.6,4442.607991944436,1,200.0,35.27421678570947,-4601.598388887214,-0.4348405916273899,10582.26503571284,7,stop,2493198.8309849924
SA0,2968,2972,2024-09-23 01:30:00,2024-09-23 05:30:00,1,1360.0,1346.6539620022354,4,20.0,15.483769142586565,-1067.6830398211678,-0.5746248593118777,1858.0522971103878,4,stop,2492410.342017064
IC0,4613,4618,2024-09-23 02:00:00,2024-09-23 06:00:00,1,4520.2,4477.220038293184,1,200.0,34.34525621724914,-8595.992341363126,-0.8342726466589371,10303.576865174742,5,stop,2485792.7202974283
OI0,2972,2973,2024-09-23 05:30:00,2024-09-23 06:00:00,1,9196.0,9111.952842177232,1,10.0,56.03143854851246,-840.4715782276799,-0.9999999999999916,840.4715782276869,1,stop,2481191.1219085413
SA0,2973,2976,2024-09-23 06:00:00,2024-09-23 13:30:00,-1,1347.0,1369.6030413560818,4,20.0,15.476118760520903,-1808.2433084865443,-0.9736739857429654,1857.1342512625083,3,stop,2480123.43886872
I0,2961,2977,2024-09-20 06:00:00,2024-09-23 14:00:00,-1,683.5,668.4783208727778,1,100.0,7.216780665889723,1502.1679127222228,1.387662063614462,1082.5170998834585,16,stop,2492961.409718549
SC0,103,106,2024-09-23 15:30:00,2024-09-23 17:00:00,-1,521.6,519.9913145291582,1,1000.0,2.6901129018389858,1608.685470841806,0.39866616000691374,4035.169352758478,3,stop,2470380.8995533646
LC0,2284,2287,2024-09-23 03:00:00,2024-09-23 06:30:00,1,76450.0,74951.6152822896,1,1.0,1028.3369020561686,-1498.3847177104035,-0.9713967700107946,1542.5053530842529,3,stop,2481191.1219085413
BU0,2977,2979,2024-09-23 14:00:00,2024-09-24 01:00:00,1,3135.0,3101.534482986562,3,10.0,24.308576317340165,-1003.9655104031362,-0.9177972574111836,1093.8859342803073,2,stop,2470686.974949129
FG0,2968,2981,2024-09-23 01:30:00,2024-09-24 02:00:00,1,1056.0,1062.398375987932,5,20.0,13.130888760440685,639.8375987932013,0.32485112544746886,1969.6333140661027,13,stop,2492033.881959275
SN0,1332,1341,2024-09-23 13:30:00,2024-09-24 02:00:00,1,260640.0,259361.66339888555,1,1.0,1304.384521026212,-1278.3366011144535,-0.6533536599104147,1956.576781539318,9,stop,2470686.974949129
JM0,2980,2982,2024-09-24 01:30:00,2024-09-24 02:30:00,1,1270.5,1248.9360133331,1,60.0,14.981836581364202,-1293.8392000140038,-0.9595613350334432,1348.365292322778,2,stop,2469487.234796093
IM0,4217,4227,2024-09-23 02:00:00,2024-09-24 03:00:00,1,4471.4,4514.350671187196,1,200.0,36.04396460202308,8590.13423743927,0.7944126321180849,10813.189380606924,10,stop,2481191.1219085413
AG0,110,115,2024-09-24 01:30:00,2024-09-24 06:00:00,1,7514.0,7535.0874944636025,1,15.0,37.58955483963226,316.3124169540379,0.3739956406075709,845.7649838917258,5,stop,2470491.200306496
SC0,110,120,2024-09-24 01:30:00,2024-09-24 14:30:00,1,524.9,528.3123578912214,1,1000.0,2.7098020662795026,3412.3578912214043,0.8395097520674871,4064.7030994192537,10,stop,2469487.234796093
IH0,4613,4631,2024-09-23 02:00:00,2024-09-25 03:00:00,1,2245.4,2390.9455780560284,1,300.0,10.521677422247514,43663.67341680848,9.22195021542098,4734.754840011381,18,stop,2485792.7202974283
AO0,1332,1359,2024-09-23 13:30:00,2024-09-25 03:00:00,1,4035.0,4155.75621984925,1,20.0,21.789968676579964,2415.124396984993,3.6945508165274665,653.699060297399,27,stop,2470686.974949129
EG0,2980,2996,2024-09-24 01:30:00,2024-09-25 05:30:00,1,4394.0,4496.654339061002,2,10.0,22.567666779771713,2053.086781220045,3.0324900978248333,677.0300033931514,16,stop,2469487.234796093
HC0,2980,2996,2024-09-24 01:30:00,2024-09-25 05:30:00,1,3230.0,3320.9086851411357,3,10.0,23.96864879787234,2727.2605542340716,2.5285442915526537,1078.5891959042553,16,stop,2469487.234796093
I0,2980,2996,2024-09-24 01:30:00,2024-09-25 05:30:00,1,677.5,714.1291796809792,1,100.0,7.446204228227952,3662.9179680979178,3.2794498206321863,1116.930634234193,16,stop,2469487.234796093
L0,2984,2996,2024-09-24 05:30:00,2024-09-25 05:30:00,1,7936.0,8003.078134457915,3,5.0,30.11941833840968,1006.1720168687316,1.4847151363560536,677.6869126142179,12,stop,2476145.0308311973
PP0,2984,2996,2024-09-24 05:30:00,2024-09-25 05:30:00,1,7323.0,7396.475000969525,3,5.0,27.656670045258064,1102.1250145428803,1.771121899329385,622.2750760183064,12,stop,2476145.0308311973
RB0,2980,2996,2024-09-24 01:30:00,2024-09-25 05:30:00,1,3152.0,3237.01846708527,3,10.0,24.924289544989,2550.5540125581,2.2740458842182685,1121.5930295245053,16,stop,2469487.234796093
RU0,2983,2996,2024-09-24 03:00:00,2024-09-25 05:30:00,1,17690.0,18519.38684773794,1,10.0,97.46398496750184,8293.868477379401,5.6731167450519555,1461.9597745125275,13,stop,2467554.896593758
SN0,1356,1363,2024-09-25 01:30:00,2024-09-25 13:00:00,-1,260870.0,258779.20183533433,1,1.0,1342.5031384760105,2090.79816466567,1.0382586104735232,2013.7547077140157,7,stop,2479873.701139373
RM0,3004,3009,2024-09-26 01:30:00,2024-09-26 06:00:00,1,2574.0,2583.638997726708,4,10.0,20.318561866470247,385.5599090683245,0.3162624661480731,1219.1137119882148,5,stop,2549439.281942733
BU0,2999,3010,2024-09-25 13:00:00,2024-09-26 06:30:00,-1,3124.0,3126.9692193557444,4,10.0,24.326316513648685,-118.76877422977486,-0.08137194011208512,1459.5789908189208,11,stop,2547348.4837780674
M0,3004,3010,2024-09-26 01:30:00,2024-09-26 06:30:00,1,3113.0,3103.4026736560118,4,10.0,15.799446205669105,-383.8930537595297,-0.4049646727720774,947.9667723401462,6,stop,2549439.281942733
SN0,1393,1394,2024-09-27 06:00:00,2024-09-27 06:30:00,-1,255760.0,258090.5144493311,1,1.0,1553.6762995540623,-2330.5144493310945,-1.0000000000000004,2330.5144493310936,1,stop,2549322.1800238127
SP0,3011,3028,2024-09-26 13:00:00,2024-09-30 01:30:00,1,5830.0,5890.224965335767,2,10.0,30.179414333164235,1204.4993067153337,1.3303762772622865,905.3824299949271,17,stop,2549322.1800238127
C0,3008,3035,2024-09-26 05:30:00,2024-10-08 01:00:00,1,2148.0,2208.655353376777,5,10.0,9.622380399684204,3032.7676688388465,4.202380343694552,721.6785299763153,27,stop,2549439.281942733
SN0,1396,1414,2024-09-27 13:30:00,2024-10-08 02:30:00,1,261550.0,267577.3406848713,1,1.0,1940.8589031050567,6027.340684871306,2.0703344879007077,2911.288354657585,18,stop,2546991.6655744817
TA0,3021,3040,2024-09-27 03:00:00,2024-10-08 02:30:00,1,4946.0,5351.396357428228,5,5.0,36.33935180227023,10134.908935705698,7.437233326451383,1362.7256925851336,19,stop,2549322.1800238127
BU0,3028,3040,2024-09-30 01:30:00,2024-10-08 05:30:00,1,3189.0,3324.810275883431,3,10.0,34.54916009579527,4074.308276502934,2.620618957776238,1554.7122043107875,12,stop,2546991.6655744817
SC0,180,201,2024-09-27 16:00:00,2024-10-08 13:00:00,1,526.5,574.0329999004714,1,1000.0,4.08260213673738,47532.9999004714,7.7618796882417564,6123.90320510607,21,stop,2546991.6655744817
AU0,202,212,2024-10-08 13:30:00,2024-10-09 01:00:00,-1,594.52,591.2349923785089,1,1000.0,1.696654586436479,3285.007621491104,1.290778393257867,2544.981879654719,10,stop,2571465.490447116
M0,3036,3050,2024-10-08 01:30:00,2024-10-09 02:30:00,-1,3078.0,3046.6686731843815,4,10.0,23.679210657839548,1253.2530726247387,0.8821050461619593,1420.7526394703727,14,stop,2551228.9325500363
SP0,3039,3052,2024-10-08 03:00:00,2024-10-09 05:30:00,-1,5844.0,5825.404078641418,2,10.0,39.31425736861688,371.91842717164036,0.3153380410949244,1179.4277210585064,13,stop,2557256.2732349075
P0,3055,3058,2024-10-09 13:00:00,2024-10-09 14:30:00,-1,8662.0,8673.283564483712,1,10.0,74.46338975673048,-112.83564483712325,-0.10102113732735303,1116.9508463509574,3,stop,2623908.669468875
Y0,3056,3059,2024-10-09 13:30:00,2024-10-10 01:00:00,-1,8090.0,8174.0,1,10.0,53.03191377103419,-840.0,-1.0559679260639274,795.4787065655128,3,stop,2623908.669468875
SR0,3056,3062,2024-10-09 13:30:00,2024-10-10 02:30:00,-1,5876.0,5904.998236968931,2,10.0,35.990199141793724,-579.964739378629,-0.5371506254556427,1079.7059742538117,6,stop,2623908.669468875
P0,3060,3066,2024-10-10 01:30:00,2024-10-10 06:30:00,1,8788.0,8693.225548400073,1,10.0,70.6051782236303,-947.7445159992749,-0.8948772501241101,1059.0776733544546,6,stop,2623795.833824038
OI0,3060,3069,2024-10-10 01:30:00,2024-10-10 14:00:00,1,9623.0,9549.212941848185,1,10.0,79.7521394742334,-737.8705815181456,-0.6168031657270162,1196.2820921135012,9,stop,2623795.833824038
SP0,3068,3077,2024-10-10 13:30:00,2024-10-11 06:00:00,1,5860.0,5884.935201029598,2,10.0,32.37392964661916,498.7040205919584,0.5134831493896597,971.2178893985748,9,stop,2621428.1245686603
Y0,3060,3078,2024-10-10 01:30:00,2024-10-11 06:30:00,1,8256.0,8260.675183591675,1,10.0,52.36100815323062,46.75183591674795,0.05952500097010121,785.4151222984593,18,stop,2622955.833824038
HC0,3072,3079,2024-10-11 01:30:00,2024-10-11 13:00:00,-1,3585.0,3613.7482788836996,3,10.0,31.57445349512273,-862.4483665109892,-0.6069944887172865,1420.8504072805229,7,stop,2620690.2539871424
I0,3072,3081,2024-10-11 01:30:00,2024-10-11 14:00:00,-1,782.0,793.8411805032814,1,100.0,10.373650662229569,-1184.1180503281407,-0.760978038740345,1556.0475993344353,9,stop,2620690.2539871424
MA0,3082,3083,2024-10-11 14:30:00,2024-10-14 01:00:00,1,2526.0,2506.0215857318117,5,10.0,15.317835884853027,-998.9207134094158,-0.8695055192900489,1148.837691363977,1,stop,2619189.143426812
RB0,3082,3083,2024-10-11 14:30:00,2024-10-14 01:00:00,1,3503.0,3469.3906098713305,3,10.0,32.1811006051986,-1008.2817038600842,-0.6962552449856265,1448.1495272339373,1,stop,2619189.143426812
JM0,3075,3085,2024-10-11 03:00:00,2024-10-14 02:00:00,1,1472.5,1469.464650583669,1,60.0,21.99206533343645,-182.1209649798584,-0.09201347153499849,1979.2858800092808,10,stop,2620690.2539871424
OI0,3084,3086,2024-10-14 01:30:00,2024-10-14 02:30:00,-1,9548.0,9635.11243724252,1,10.0,77.96661814411863,-871.1243724252017,-0.7448695293456302,1169.4992721617793,2,stop,2618190.2227134025
TA0,3086,3088,2024-10-14 01:30:00,2024-10-14 02:30:00,-1,5204.0,5248.373664163343,5,5.0,39.2426306813744,-1109.341604083579,-0.7538343444850328,1471.59865055154,2,stop,2617181.9410095424
LH0,4676,4702,2024-10-10 01:30:00,2024-10-15 02:30:00,-1,15965.0,15347.84902430804,1,16.0,194.4796834218965,9874.415611071367,2.115562800984675,4667.512402125516,26,stop,2623795.833824038
Y0,3089,3105,2024-10-14 06:00:00,2024-10-15 14:00:00,-1,8216.0,8212.128614229616,1,10.0,52.8803399338829,38.71385770384222,0.048806869436727976,793.2050990082435,16,stop,2615019.354068054
RB0,3104,3107,2024-10-15 13:30:00,2024-10-16 01:00:00,1,3501.0,3462.946823830211,3,10.0,27.824151989264724,-1141.5952850936674,-0.9117540805189873,1252.0868395169125,3,stop,2624893.7696791254
RM0,3096,3107,2024-10-15 01:30:00,2024-10-16 01:00:00,-1,2449.0,2467.9544973378397,5,10.0,24.20117538764296,-947.7248668919856,-0.5221371010356745,1815.0881540732216,11,stop,2615019.354068054
MA0,3084,3108,2024-10-14 01:30:00,2024-10-16 01:30:00,-1,2503.0,2477.299619286222,5,10.0,16.319970737449804,1285.0190356889016,1.0498540357797248,1223.9978053087352,24,stop,2618190.2227134025
SP0,3104,3110,2024-10-15 13:30:00,2024-10-16 02:30:00,1,5918.0,5877.9743340622335,2,10.0,29.832942578610833,-800.5133187553292,-0.8944400044189954,894.9882773583249,6,stop,2624893.7696791254
HC0,3108,3111,2024-10-16 01:30:00,2024-10-16 03:00:00,-1,3594.0,3630.6068319523447,3,10.0,25.20291543455455,-1098.2049585703408,-0.9683226806941749,1134.1311945549548,3,stop,2624932.4835368292
I0,3108,3111,2024-10-16 01:30:00,2024-10-16 03:00:00,-1,786.5,799.9910895872365,1,100.0,9.282976734145668,-1349.1089587236502,-0.9688766849690997,1392.4465101218502,3,stop,2624932.4835368292
RB0,3108,3111,2024-10-16 01:30:00,2024-10-16 03:00:00,-1,3456.0,3494.0196601568446,3,10.0,26.052676097599694,-1140.589804705337,-0.9728919981044973,1172.3704243919863,3,stop,2623790.8882517354
SN0,1500,1515,2024-10-15 13:30:00,2024-10-16 13:00:00,1,265680.0,265303.3601206011,1,1.0,1315.4160818691787,-376.63987939892104,-0.1908850411618929,1973.124122803768,15,stop,2624893.7696791254
AG0,297,319,2024-10-15 13:30:00,2024-10-16 15:00:00,1,7763.0,7910.419456354668,1,15.0,43.292127326487794,2211.29184532002,2.270150340005292,974.0728648459755,22,stop,2624893.7696791254
P0,3104,3119,2024-10-15 13:30:00,2024-10-17 01:00:00,1,8820.0,8878.0,1,10.0,64.36271323943332,580.0,0.6007619119912526,965.4406985914998,15,stop,2624893.7696791254
JM0,3099,3121,2024-10-15 03:00:00,2024-10-17 02:00:00,-1,1476.0,1454.6111731880515,1,60.0,19.587367303966683,1283.3296087169128,0.7279803177910845,1762.8630573570015,22,stop,2615019.354068054
OI0,3104,3122,2024-10-15 13:30:00,2024-10-17 02:30:00,1,9508.0,9594.008596403672,1,10.0,63.761223737914854,860.0859640367162,0.8992779766085076,956.4183560687228,18,stop,2624893.7696791254
BU0,3113,3127,2024-10-16 06:00:00,2024-10-17 13:00:00,-1,3315.0,3246.6738012692035,3,10.0,23.418375518789524,2049.7859619238943,1.9450879125803175,1053.8268983455284,14,stop,2619739.765379778
AG0,338,340,2024-10-17 15:00:00,2024-10-17 16:00:00,1,7912.0,7831.1730648952125,1,15.0,55.80110169837588,-1212.4040265718122,-0.9656551889325867,1255.5247882134574,2,stop,2626347.6188803767
OI0,3123,3131,2024-10-17 03:00:00,2024-10-18 01:00:00,-1,9567.0,9560.0,1,10.0,56.28293607263271,70.0,0.08291441407115593,844.2440410894906,8,stop,2624297.8329184526
OI0,3132,3135,2024-10-18 01:30:00,2024-10-18 03:00:00,1,9633.0,9584.3865278941,1,10.0,64.92394703644038,-486.13472105900655,-0.49918378169064986,973.8592055466057,3,stop,2625205.214853805
P0,3132,3135,2024-10-18 01:30:00,2024-10-18 03:00:00,1,9034.0,8953.490148796598,1,10.0,66.65850428349859,-805.0985120340192,-0.8051970969424853,999.8775642524788,3,stop,2625205.214853805
SP0,3128,3135,2024-10-17 13:30:00,2024-10-18 03:00:00,1,5850.0,5809.074435829401,2,10.0,31.914322932995386,-818.5112834119718,-0.8549048495983542,957.4296879898616,7,stop,2626347.6188803767
AG0,346,351,2024-10-18 01:30:00,2024-10-18 06:00:00,1,7924.0,7884.523266747194,1,15.0,50.713971777827375,-592.1509987920945,-0.5189461847680392,1141.064365001116,5,stop,2625135.214853805
RU0,3128,3139,2024-10-17 13:30:00,2024-10-18 13:00:00,1,17980.0,18154.724897740616,1,10.0,161.05957750439245,1747.2489774061614,0.7232309122208769,2415.8936625658866,11,stop,2626347.6188803767
CU0,1545,1550,2024-10-18 06:00:00,2024-10-18 14:30:00,1,77070.0,76784.47500754488,1,5.0,239.84028524136548,-1427.6249622755859,-0.7936531378726374,1798.8021393102413,5,stop,2623095.4703373
OI0,3136,3143,2024-10-18 05:30:00,2024-10-21 01:00:00,-1,9557.0,9516.0,1,10.0,70.11786368460469,410.0,0.38981982474937743,1051.7679552690702,7,stop,2624719.080132746
RM0,3142,3143,2024-10-18 14:30:00,2024-10-21 01:00:00,-1,2388.0,2390.0,5,10.0,22.536565036602603,-100.0,-0.05916311253147094,1690.2423777451952,1,stop,2624250.568315914
P0,3136,3146,2024-10-18 05:30:00,2024-10-21 02:30:00,-1,8898.0,8848.46015424449,1,10.0,73.26586684821437,495.39845755509305,0.4507769478170192,1098.9880027232155,10,stop,2623913.981620712
Y0,3136,3146,2024-10-18 05:30:00,2024-10-21 02:30:00,-1,8272.0,8229.612591636453,1,10.0,54.22167898010122,423.87408363547365,0.521161881629217,813.3251847015183,10,stop,2623095.4703373
IM0,4333,4344,2024-10-18 05:30:00,2024-10-22 01:30:00,1,5728.2,5787.876253573921,1,200.0,84.57592687482871,11935.25071478416,0.4703958977376695,25372.77806244861,11,stop,2625205.214853805
RU0,3152,3170,2024-10-21 13:30:00,2024-10-23 02:30:00,1,18305.0,18295.40983786532,1,10.0,137.8258287185437,-95.90162134678394,-0.046387832255847174,2067.3874307781557,18,stop,2624052.215894829
M0,3166,3173,2024-10-22 14:30:00,2024-10-23 06:00:00,1,2988.0,2992.633976153173,4,10.0,14.583892136819198,185.3590461269232,0.21183079293690607,875.0335282091519,7,stop,2635987.466609613
OI0,3164,3178,2024-10-22 13:30:00,2024-10-23 14:30:00,1,9554.0,9542.605270029568,1,10.0,62.30818979968551,-113.94729970432309,-0.12191794804786987,934.6228469952825,14,stop,2635987.466609613
RU0,3171,3179,2024-10-23 03:00:00,2024-10-24 01:00:00,-1,18230.0,18107.8835440498,1,10.0,116.37155578490007,1221.1645595019945,0.6995779173387134,1745.573336773501,8,stop,2635891.564988266
TA0,3190,3192,2024-10-24 13:30:00,2024-10-24 14:30:00,1,5036.0,4995.125916561802,5,5.0,27.24938895879867,-1021.8520859549471,-0.9999999999999972,1021.85208595495,2,stop,2637184.1412941907
RU0,3191,3192,2024-10-25 01:00:00,2024-10-25 01:30:00,-1,18065.0,18246.745146886456,1,10.0,121.16343125763879,-1817.451468864565,-0.9999999999999906,1817.451468864582,1,stop,2637184.1412941907
SC0,433,443,2024-10-24 15:00:00,2024-10-25 02:30:00,-1,535.4,536.5,1,1000.0,2.5563130218462096,-1100.0000000000227,-0.2868714930707991,3834.4695327693144,10,stop,2637184.1412941907
EB0,3200,3203,2024-10-25 13:30:00,2024-10-28 01:00:00,1,8649.0,8573.0,3,5.0,42.826113448241905,-1140.0,-1.183078794387928,963.587552585443,3,stop,2633244.837739371
TA0,3206,3207,2024-10-28 01:30:00,2024-10-28 02:00:00,-1,4932.0,4978.987190772463,5,5.0,31.324793848308815,-1174.6797693115695,-0.9999999999999906,1174.6797693115807,1,stop,2632104.837739371
M0,3191,3207,2024-10-25 01:00:00,2024-10-28 03:00:00,-1,2967.0,2964.584966911998,4,10.0,14.819058252286593,96.60132352008077,0.10864536944644138,889.1434951371956,16,stop,2637184.1412941907
AG0,460,465,2024-10-28 01:30:00,2024-10-28 06:00:00,-1,8116.0,8183.216239798551,1,15.0,47.46377241912448,-1008.2435969782682,-0.9441058779877334,1067.9348794303007,5,stop,2633244.837739371
BU0,3204,3210,2024-10-28 01:30:00,2024-10-28 06:30:00,-1,3227.0,3241.039065310458,4,10.0,19.030208418566076,-561.5626124183291,-0.4918168349910298,1141.8125051139646,6,stop,2633244.837739371
M0,3208,3211,2024-10-28 05:30:00,2024-10-28 13:00:00,1,2987.0,2971.067754055167,4,10.0,14.255306529338448,-637.2898377933234,-0.7450907684584391,855.3183917603069,3,stop,2631026.75929358
RM0,3208,3211,2024-10-28 05:30:00,2024-10-28 13:00:00,1,2398.0,2383.344442661518,5,10.0,16.85794571338262,-732.777866924107,-0.5795707095694298,1264.3459285036965,3,stop,2631026.75929358
AO0,1628,1645,2024-10-25 13:30:00,2024-10-28 14:00:00,1,4945.0,4982.700827661978,1,20.0,37.80528566524219,754.0165532395622,0.6648246314163752,1134.1585699572656,17,stop,2633244.837739371
M0,3212,3217,2024-10-28 13:30:00,2024-10-29 02:00:00,-1,2965.0,2984.201467277231,4,10.0,14.420236614546946,-768.0586910892453,-0.8877093023499556,865.2141968728167,5,stop,2628819.6632463895
EB0,3214,3223,2024-10-28 14:30:00,2024-10-29 13:00:00,-1,8445.0,8387.075614101988,3,5.0,42.853041234569645,868.8657884701752,0.9011322452929967,964.1934277778171,9,stop,2628840.9019327047
EG0,3212,3223,2024-10-28 13:30:00,2024-10-29 13:00:00,-1,4607.0,4562.895241478522,2,10.0,20.833095792414397,882.0951704295658,1.411368365058748,624.992873772432,11,stop,2629456.953084183
NI0,1644,1659,2024-10-28 13:30:00,2024-10-29 13:00:00,-1,124320.0,124498.37097017482,1,1.0,572.0314076965462,-178.37097017481574,-0.20788015923004327,858.0471115448194,15,stop,2628819.6632463895
SC0,460,486,2024-10-28 01:30:00,2024-10-29 13:00:00,-1,521.8,517.4,1,1000.0,3.986936804104755,4399.999999999977,0.7357360995321776,5980.405206157133,26,stop,2632104.837739371
LH0,4769,4787,2024-10-25 06:00:00,2024-10-30 01:00:00,-1,15235.0,15201.870592840563,1,16.0,77.55995973282741,530.0705145509855,0.28476383324211985,1861.439033587858,18,stop,2633244.837739371
SA0,3223,3230,2024-10-29 13:00:00,2024-10-30 02:30:00,-1,1541.0,1555.507253394768,4,20.0,22.027687401349134,-1160.5802715814389,-0.4390611727396452,2643.3224881618958,7,stop,2628072.8432416157
RU0,3223,3234,2024-10-29 13:00:00,2024-10-30 06:30:00,-1,17855.0,17862.504005111394,1,10.0,142.45103202414526,-75.0400511139378,-0.035118524612826774,2136.765480362179,11,stop,2628072.8432416157
EB0,3234,3247,2024-10-30 06:30:00,2024-10-31 13:00:00,1,8428.0,8425.993385145675,3,5.0,39.87729702017249,-30.09922281486979,-0.03354648725413157,897.239182953881,13,stop,2633414.9234733097
MA0,3237,3247,2024-10-30 14:00:00,2024-10-31 13:00:00,1,2469.0,2475.7417131541342,5,10.0,10.830660392363002,337.0856577067116,0.4149770441753179,812.2995294272253,10,stop,2633339.883422196
SA0,3235,3247,2024-10-30 13:00:00,2024-10-31 13:00:00,1,1570.0,1552.093549129184,4,20.0,21.032952561853023,-1432.516069665271,-0.5675681471144601,2523.954307422363,12,stop,2633339.883422196
SP0,3249,3256,2024-10-31 14:00:00,2024-11-01 05:30:00,-1,5790.0,5816.1555026606175,2,10.0,25.10032361355293,-523.1100532123492,-0.6946923092389874,753.009708406588,7,stop,2632214.3537874226
LC0,2471,2478,2024-10-31 06:30:00,2024-11-01 06:00:00,1,75150.0,76594.87529570474,1,1.0,735.5377844943281,1444.87529570474,1.3095862883491627,1103.306676741492,7,stop,2633339.883422196
AO0,1711,1715,2024-11-01 15:00:00,2024-11-04 01:00:00,-1,4889.0,4942.199751991092,1,20.0,37.848465927341856,-1063.9950398218389,-0.9370657557291777,1135.4539778202557,4,stop,2633136.119029915
RM0,3257,3263,2024-11-01 06:00:00,2024-11-04 01:00:00,-1,2350.0,2362.263957578655,5,10.0,14.92407816593246,-613.1978789327604,-0.5478376371524877,1119.3058624449347,6,stop,2632214.3537874226
IH0,4805,4812,2024-11-01 02:00:00,2024-11-04 01:30:00,1,2676.8,2656.864513595624,1,300.0,17.903880563640723,-5980.645921312862,-0.7423152887075323,8056.746253638325,7,stop,2632214.3537874226
IM0,4409,4418,2024-11-01 02:00:00,2024-11-04 02:30:00,-1,5979.4,5973.188712035019,1,200.0,61.43230527474879,1242.2575929960658,0.06740522962309023,18429.69158242464,9,stop,2632214.3537874226
LH0,4807,4814,2024-11-01 03:00:00,2024-11-04 02:30:00,1,15280.0,15453.816211933132,1,16.0,74.93670034328707,2781.0593909301097,1.5463380972374021,1798.4808082388897,7,stop,2632214.3537874226
MA0,3262,3267,2024-11-01 14:30:00,2024-11-04 03:00:00,-1,2460.0,2478.0000801588367,5,10.0,12.61321567596518,-900.0040079418341,-0.9513873184687454,945.9911756973884,5,stop,2633136.119029915
RM0,3265,3268,2024-11-04 02:00:00,2024-11-04 05:30:00,1,2381.0,2360.7036704099332,5,10.0,16.853775090304264,-1014.8164795033381,-0.8028400949269798,1264.0331317728196,3,stop,2625478.2801898476
IH0,4813,4818,2024-11-04 02:00:00,2024-11-04 06:00:00,-1,2655.2,2676.353637380731,1,300.0,16.33400408959029,-6346.091214219359,-0.8633783145355635,7350.30184031563,5,stop,2625478.2801898476
V0,3272,3277,2024-11-04 13:30:00,2024-11-05 02:00:00,-1,5432.0,5458.033285716712,4,5.0,27.340262784603052,-520.6657143342454,-0.6347972566275206,820.2078835380916,5,stop,2621240.685472109
BU0,3276,3280,2024-11-05 01:30:00,2024-11-05 05:30:00,1,3299.0,3274.1044282324983,3,10.0,16.826556475070433,-746.8671530250504,-0.9863603328221465,757.1950413781695,4,stop,2621240.685472109
OI0,3272,3283,2024-11-04 13:30:00,2024-11-05 13:00:00,-1,9605.0,9577.531019925762,1,10.0,52.44923376142619,274.6898007423806,0.3491500651110259,786.7385064213929,11,stop,2621240.685472109
I0,3271,3284,2024-11-04 13:00:00,2024-11-05 13:30:00,1,781.0,788.0695353978268,1,100.0,6.9950014458860155,706.9535397826826,0.6737702107728795,1049.2502168829024,13,stop,2621240.685472109
RB0,3268,3285,2024-11-04 05:30:00,2024-11-05 14:00:00,1,3399.0,3421.795158029196,3,10.0,24.909577338684795,683.8547408758814,0.6100774739306118,1120.9309802408156,17,stop,2628601.5931658316
SP0,3283,3288,2024-11-05 13:00:00,2024-11-06 01:30:00,-1,5772.0,5803.419812510167,2,10.0,23.547366861350795,-628.3962502033319,-0.8895492135821251,706.4210058405239,5,stop,2619973.1526047494
RM0,3288,3291,2024-11-06 01:30:00,2024-11-06 03:00:00,1,2356.0,2340.161862587041,5,10.0,13.521271145853143,-791.9068706479493,-0.780899825275989,1014.0953359389857,3,stop,2621638.6506861504
HC0,3288,3293,2024-11-06 01:30:00,2024-11-06 06:00:00,-1,3566.0,3579.313115651853,3,10.0,17.286513097850925,-399.39346955558904,-0.5134297694583672,777.8930894032917,5,stop,2621638.6506861504
I0,3291,3293,2024-11-06 03:00:00,2024-11-06 06:00:00,-1,778.0,787.2556441146986,1,100.0,6.1704294097990955,-925.5644114698612,-0.9999999999999966,925.5644114698644,2,stop,2621010.254435947
RB0,3288,3293,2024-11-06 01:30:00,2024-11-06 06:00:00,-1,3407.0,3413.154095621253,3,10.0,18.351685570907833,-184.6228686375889,-0.2235615032916939,825.8258506908523,5,stop,2621638.6506861504
NI0,1751,1757,2024-11-06 03:00:00,2024-11-06 14:00:00,-1,125290.0,125450.81041643601,1,1.0,648.3189866887205,-160.81041643601202,-0.16536141389014772,972.4784800330808,6,stop,2621010.254435947
SC0,604,605,2024-11-06 15:00:00,2024-11-06 15:30:00,1,535.4,538.8628096655567,1,1000.0,3.1907181013687356,3462.8096655567333,0.723517309801677,4786.077152053103,1,stop,2618547.9563992005
AG0,597,611,2024-11-06 05:30:00,2024-11-07 01:00:00,-1,7982.0,7708.624508705597,1,15.0,38.25711184850672,4100.632369416048,4.763828703308556,860.7850165914011,14,stop,2621010.254435947
EB0,3292,3299,2024-11-06 05:30:00,2024-11-07 01:00:00,-1,8423.0,8371.671739781448,3,5.0,39.65416853619632,769.9239032782771,0.8629317272020531,892.2187920644172,7,stop,2621010.254435947
TA0,3290,3301,2024-11-06 01:30:00,2024-11-07 01:00:00,-1,4932.0,4858.0,5,5.0,22.824767289951748,1850.0,2.161394800071043,855.9287733731906,11,stop,2621638.6506861504
JM0,3284,3301,2024-11-05 13:30:00,2024-11-07 02:00:00,-1,1345.0,1331.8754808089864,1,60.0,13.22323917112081,787.471151460818,0.6616895714769203,1190.0915254008728,17,stop,2619973.1526047494
LC0,2503,2509,2024-11-06 06:30:00,2024-11-07 05:30:00,-1,75400.0,76506.1333014375,1,1.0,842.6345457868747,-1106.1333014374977,-0.8751388186556097,1263.951818680312,6,stop,2618893.389684274
AU0,599,619,2024-11-06 06:30:00,2024-11-07 13:00:00,-1,625.76,614.1917233943147,1,1000.0,2.153236871915101,11568.276605685242,3.581670230702905,3229.8553078726513,20,stop,2620218.3475652994
EG0,3300,3307,2024-11-07 01:30:00,2024-11-07 13:00:00,1,4635.0,4646.577418851456,2,10.0,21.007824525875133,231.54837702912118,0.3674002143723883,630.234735776254,7,stop,2626881.322337451
AL0,1764,1780,2024-11-07 01:30:00,2024-11-08 01:30:00,1,21435.0,21667.033706225666,1,5.0,94.79690881345087,1160.168531128329,1.6317951652641667,710.9768161008816,16,stop,2626111.398434173
JM0,3305,3313,2024-11-07 06:00:00,2024-11-08 02:00:00,1,1338.5,1340.9868963460108,1,60.0,11.963415545353653,149.21378076064684,0.13858340797870447,1076.7073990818287,8,stop,2629518.793488912
V0,3300,3314,2024-11-07 01:30:00,2024-11-08 02:30:00,1,5451.0,5460.11747098074,4,5.0,25.96931116193711,182.34941961480217,0.23405757469874597,779.0793348581133,14,stop,2628731.322337451
LC0,2510,2516,2024-11-07 06:00:00,2024-11-08 03:00:00,1,76800.0,77126.0237514677,1,1.0,727.6063294613089,326.0237514676992,0.2987180826286236,1091.4094941919634,6,stop,2628412.6601874745
LH0,4837,4847,2024-11-07 02:00:00,2024-11-08 03:00:00,1,15435.0,15408.27861972093,1,16.0,77.00698840187397,-427.5420844651235,-0.23133294638680654,1848.1677216449752,10,stop,2628731.322337451
TA0,3302,3317,2024-11-07 01:30:00,2024-11-08 03:00:00,1,4928.0,4957.313572230191,5,5.0,29.38694747197326,732.8393057547828,0.6650020899731777,1102.0105301989972,15,stop,2628731.322337451
CF0,3300,3316,2024-11-07 01:30:00,2024-11-08 05:30:00,1,14065.0,14170.779707331978,1,5.0,54.45354255342474,528.8985366598899,1.2950453098399957,408.40156915068553,16,stop,2626111.398434173
AG0,637,638,2024-11-08 06:30:00,2024-11-08 13:00:00,-1,7748.0,7796.465818983954,1,15.0,32.310545989302454,-726.9872847593069,-1.0000000000000024,726.9872847593052,1,stop,2642864.4364111093
RM0,3317,3321,2024-11-08 06:00:00,2024-11-08 14:00:00,-1,2403.0,2412.635241628861,5,10.0,19.796305974681808,-481.7620814430484,-0.3244794471986783,1484.7229481011357,4,stop,2642864.4364111093
AG0,639,641,2024-11-08 13:30:00,2024-11-08 14:30:00,1,7842.0,7813.2950421619,1,15.0,38.78817485812304,-430.574367571503,-0.4933626969747936,872.7339343077684,2,stop,2642137.4491263498
MA0,3322,3328,2024-11-08 14:30:00,2024-11-11 05:30:00,-1,2490.0,2487.855261852575,5,10.0,11.034968520996234,107.23690737124798,0.1295722256838441,827.6226390747177,6,stop,2642137.4491263498
V0,3315,3330,2024-11-08 03:00:00,2024-11-11 06:30:00,-1,5439.0,5344.539042918419,4,5.0,26.77090953828193,1889.21914163162,2.352328421926382,803.127286148458,15,stop,2641704.2169016926
BU0,3329,3331,2024-11-11 06:00:00,2024-11-11 13:00:00,1,3357.0,3335.0,3,10.0,16.67086961697007,-660.0,-0.8797781401719302,750.1891327636531,2,stop,2641225.1126773353
I0,3316,3332,2024-11-08 05:30:00,2024-11-11 13:30:00,-1,776.0,765.6039879114473,1,100.0,6.558687562891812,1039.6012088552652,1.0567167073050727,983.8031344337718,16,stop,2641704.2169016926
M0,3324,3335,2024-11-11 01:30:00,2024-11-12 01:00:00,1,3093.0,3067.0,4,10.0,21.423129818278994,-1040.0,-0.8090943517759904,1285.3877890967397,11,stop,2641225.1126773353
RM0,3324,3335,2024-11-11 01:30:00,2024-11-12 01:00:00,1,2460.0,2450.0,5,10.0,22.09429685583285,-500.0,-0.30173699168465185,1657.0722641874638,11,stop,2641225.1126773353
SP0,3324,3335,2024-11-11 01:30:00,2024-11-12 01:00:00,-1,5772.0,5783.773886354975,2,10.0,28.85503573543292,-235.4777270994964,-0.2720238381248863,865.6510720629876,11,stop,2641225.1126773353
RB0,3315,3336,2024-11-08 03:00:00,2024-11-12 01:30:00,-1,3396.0,3341.5438838892155,3,10.0,23.733308695358918,1633.6834833235343,1.5296677708611677,1067.9988912911515,21,stop,2641521.867482078
HC0,3315,3342,2024-11-08 03:00:00,2024-11-12 06:30:00,-1,3565.0,3514.827642191953,3,10.0,22.267358762831662,1505.1707342414056,1.502119712308637,1002.0311443274248,27,stop,2641521.867482078
EG0,3324,3346,2024-11-11 01:30:00,2024-11-12 14:30:00,-1,4596.0,4590.410125255815,2,10.0,22.367710154575438,111.79749488370362,0.16660548339713835,671.0313046372631,22,stop,2641225.1126773353
MA0,3347,3358,2024-11-13 01:00:00,2024-11-13 14:30:00,1,2487.0,2489.151951119624,5,10.0,10.296414036998947,107.59755598119227,0.1393333712682923,772.231052774921,11,stop,2645076.3439205433
SC0,702,710,2024-11-13 16:30:00,2024-11-14 03:00:00,1,524.6,523.8786021741704,1,1000.0,2.5286980025220127,-721.3978258296265,-0.19018952971321895,3793.0470037830187,8,stop,2645076.3439205433
SP0,3344,3367,2024-11-12 13:30:00,2024-11-14 13:00:00,1,5816.0,5905.4156968209045,2,10.0,21.338753572261087,1788.3139364180897,2.7935307629569874,640.1626071678327,23,stop,2644964.5464256597
MA0,3368,3376,2024-11-14 13:30:00,2024-11-15 05:30:00,1,2503.0,2508.0798337977712,5,10.0,8.998605806511843,253.99168988856218,0.3763422843492208,674.8954354883882,8,stop,2644462.5436506947
AG0,731,733,2024-11-15 06:00:00,2024-11-15 13:00:00,-1,7584.0,7652.0,1,15.0,32.662570135378665,-1020.0,-1.3879291539348355,734.9078280460199,2,stop,2646250.8575871126
AL0,1868,1870,2024-11-15 13:30:00,2024-11-15 14:30:00,-1,20665.0,20539.382436994347,1,5.0,100.96687784209584,628.087815028266,0.8294308370586579,757.2515838157187,2,stop,2645484.8492770013
MA0,3378,3383,2024-11-15 06:30:00,2024-11-18 01:00:00,-1,2486.0,2501.209919054426,5,10.0,11.069996391228544,-760.4959527212941,-0.9159845837274562,830.2497293421409,5,stop,2646504.8492770013
RM0,3371,3383,2024-11-15 01:00:00,2024-11-18 01:00:00,-1,2411.0,2367.9518961328054,5,10.0,20.12125493032856,2152.405193359732,1.426289563490684,1509.094119774642,12,stop,2646250.8575871126
SA0,3371,3385,2024-11-15 01:00:00,2024-11-18 02:00:00,-1,1501.0,1486.9326769124016,4,20.0,14.233686764602922,1125.385847007874,0.6588746504563048,1708.0424117523507,14,stop,2646250.8575871126
LH0,4877,4896,2024-11-14 02:00:00,2024-11-18 05:30:00,-1,15470.0,15289.741193613467,1,16.0,83.85165074980446,2884.140902184532,1.4331564914516892,2012.4396179953071,19,stop,2645183.9414765243
SP0,3384,3390,2024-11-18 01:30:00,2024-11-18 06:30:00,1,5912.0,5919.468104801296,2,10.0,26.23309841983598,149.36209602592498,0.18978835265730035,786.9929525950794,6,stop,2647504.846332668
NI0,1884,1888,2024-11-18 13:30:00,2024-11-18 15:30:00,-1,123390.0,124270.46557141983,1,1.0,627.3577690717657,-880.4655714198307,-0.9356336631994017,941.0366536076485,4,stop,2651663.735177886
AO0,1884,1890,2024-11-18 13:30:00,2024-11-18 16:30:00,-1,5194.0,5231.065164213155,1,20.0,39.28487057582843,-741.3032842631037,-0.6289981133510636,1178.5461172748528,6,stop,2651663.735177886
P0,3384,3395,2024-11-18 01:30:00,2024-11-19 01:00:00,-1,9966.0,9862.0,1,10.0,76.76671751442412,1040.0,0.9031691803196602,1151.5007627163618,11,stop,2645352.4411393083
C0,3382,3398,2024-11-15 14:30:00,2024-11-19 02:30:00,1,2196.0,2204.008910432377,6,10.0,6.291219844966492,480.53462594261873,0.8486865430170147,566.2097860469844,16,stop,2645484.8492770013
AG0,745,771,2024-11-18 01:30:00,2024-11-19 13:00:00,1,7686.0,7800.671044925744,1,15.0,39.48417674000907,1720.0656738861653,1.9361518865446152,888.393976650204,26,stop,2646112.9370920295
SC0,755,771,2024-11-18 14:30:00,2024-11-19 13:00:00,1,520.3,526.0984288036932,1,1000.0,2.646162183109684,5798.428803693241,1.460839863533765,3969.2432746645263,16,stop,2651663.735177886
RM0,3404,3409,2024-11-19 13:30:00,2024-11-20 02:00:00,-1,2378.0,2377.0199860663233,5,10.0,15.019963930391693,49.00069668383367,0.04349828171884816,1126.4972947793767,5,stop,2653282.5666220323
MA0,3384,3425,2024-11-18 01:30:00,2024-11-21 06:00:00,1,2526.0,2574.3723729939898,5,10.0,12.865565714958993,2418.618649699488,2.5065550460143613,964.9174286219247,41,stop,2645352.4411393083
AG0,813,818,2024-11-21 15:00:00,2024-11-21 17:30:00,-1,7744.0,7780.460462425378,1,15.0,35.63121329863147,-546.9069363806693,-0.682182072963133,801.702299219208,5,stop,2661548.6147721084
SP0,3427,3430,2024-11-21 13:00:00,2024-11-21 14:30:00,1,5964.0,5927.193715761713,2,10.0,25.120440673389798,-736.1256847657387,-0.9767950787390979,753.6132202016939,3,stop,2661548.6147721084
RU0,3431,3438,2024-11-22 01:00:00,2024-11-22 06:30:00,-1,17510.0,17379.72426134468,1,10.0,84.25620939696371,1302.757386553203,1.0307904077157544,1263.8431409544557,7,stop,2661001.707835728
LC0,2593,2600,2024-11-22 01:30:00,2024-11-25 01:00:00,-1,80800.0,81045.25746342888,1,1.0,1145.0978828395541,-245.25746342887578,-0.142786898892695,1717.6468242593312,7,stop,2660265.582150962
C0,3444,3447,2024-11-25 01:30:00,2024-11-25 03:00:00,1,2207.0,2199.4624237371863,6,10.0,5.956074743634935,-452.25457576882036,-0.8436849868692282,536.0467269271442,3,stop,2661568.3395375153
I0,3440,3447,2024-11-22 13:30:00,2024-11-25 03:00:00,1,776.5,775.4764086708092,1,100.0,5.6026031597848664,-102.35913291908219,-0.12179949212871809,840.3904739677299,7,stop,2661568.3395375153
NI0,1948,1959,2024-11-22 13:30:00,2024-11-25 03:00:00,1,126570.0,126689.01440950582,1,1.0,534.0663620685928,119.01440950582037,0.14856382147572236,801.0995431028891,11,stop,2661568.3395375153
SN0,1948,1961,2024-11-22 13:30:00,2024-11-25 06:00:00,1,242460.0,242220.94903331652,1,1.0,1154.4063924713626,-239.05096668348415,-0.1380513068549005,1731.6095887070437,13,stop,2661568.3395375153
C0,3448,3455,2024-11-25 05:30:00,2024-11-26 01:00:00,-1,2192.0,2197.6423032194903,6,10.0,5.994389076243164,-338.53819316941554,-0.6275093978413597,539.4950168618848,7,stop,2660870.8274983177
AG0,843,862,2024-11-25 03:00:00,2024-11-26 03:00:00,-1,7741.0,7614.3201957960955,1,15.0,39.75102368779993,1900.1970630585674,2.1245541615705035,894.3980329754984,19,stop,2661323.0820740866
SA0,3471,3475,2024-11-27 03:00:00,2024-11-27 13:00:00,1,1507.0,1491.7144822496866,4,20.0,10.65922036318015,-1222.84142002507,-0.9560122428912164,1279.1064435816181,4,stop,2662210.0906781103
FG0,3476,3479,2024-11-27 13:30:00,2024-11-28 01:00:00,-1,1235.0,1246.262771027293,5,20.0,9.284035981654487,-1126.2771027292956,-0.808755376759885,1392.6053972481732,3,stop,2662210.0906781103
RB0,3471,3480,2024-11-27 03:00:00,2024-11-28 01:30:00,1,3311.0,3293.187740228556,4,10.0,14.030042045096451,-712.4903908577653,-0.8463866187613971,841.802522705787,9,stop,2662210.0906781103
AU0,897,901,2024-11-28 01:30:00,2024-11-28 05:30:00,-1,610.16,612.6435411282522,1,1000.0,1.8567684600898473,-2483.5411282522273,-0.8917073512878216,2785.1526901347706,4,stop,2660987.249258085
IF0,4960,4961,2024-11-28 05:00:00,2024-11-28 05:30:00,-1,3862.2,3897.1598217147616,1,300.0,23.306547809841234,-10487.94651442854,-0.9999999999999987,10487.946514428555,1,stop,2659148.481764498
SA0,3476,3487,2024-11-27 13:30:00,2024-11-28 13:00:00,-1,1489.0,1494.832670736509,4,20.0,10.60800170001013,-466.61365892072354,-0.36655793123307884,1272.9602040012155,11,stop,2660987.249258085
FG0,3488,3489,2024-11-28 13:30:00,2024-11-28 14:00:00,1,1263.0,1249.0370974148236,5,20.0,9.308601723450975,-1396.290258517638,-0.9999999999999941,1396.2902585176462,1,stop,2646176.9941218174
IM0,4559,4567,2024-11-27 06:30:00,2024-11-28 06:30:00,1,6028.8,6017.49199309172,1,200.0,65.70955801508379,-2261.6013816559644,-0.1147271645086401,19712.867404525135,8,stop,2662210.0906781103
NI0,2005,2020,2024-11-28 02:00:00,2024-11-29 01:30:00,1,127340.0,127210.00642186412,1,1.0,513.6235411722657,-129.99357813587994,-0.16872744038586426,770.4353117583986,15,stop,2659860.972155356
RB0,3485,3498,2024-11-28 06:00:00,2024-11-29 06:30:00,1,3306.0,3322.702342150864,4,10.0,13.067838936947359,668.0936860345537,0.8520838694881916,784.0703362168415,13,stop,2646176.9941218174
NI0,2025,2030,2024-11-29 06:00:00,2024-11-29 14:30:00,-1,125810.0,126591.27358410423,1,1.0,555.8375875482402,-781.2735841042304,-0.9370525990639007,833.7563813223603,5,stop,2641922.4952445873
AU0,935,936,2024-12-02 01:30:00,2024-12-02 02:00:00,-1,611.36,614.106987667142,1,1000.0,1.8691193507686001,-2746.9876671419797,-0.9797796543462716,2803.6790261529,1,stop,2641809.3153465176
SC0,931,936,2024-11-29 17:00:00,2024-12-02 02:00:00,-1,528.5,528.2636492677638,1,1000.0,2.037853489499972,236.35073223624659,0.07732015850797333,3056.780234249958,5,stop,2641809.3153465176
AG0,938,942,2024-12-02 03:00:00,2024-12-02 13:00:00,-1,7598.0,7633.0,1,15.0,31.250830078165656,-525.0,-0.7466468338591709,703.1436767587273,4,stop,2639298.678411612
EG0,3492,3511,2024-11-29 01:30:00,2024-12-02 13:00:00,1,4602.0,4671.461703370776,2,10.0,14.940659595608995,1389.2340674155275,3.099448317582574,448.2197878682699,19,stop,2644314.090204379
Y0,3507,3515,2024-12-02 03:00:00,2024-12-03 01:00:00,-1,8118.0,8107.499131185395,1,10.0,42.582308298039415,105.00868814605383,0.1644011207832818,638.7346244705913,8,stop,2639298.678411612
L0,3505,3516,2024-12-02 02:00:00,2024-12-03 01:30:00,1,8406.0,8483.948161948067,3,5.0,22.914933211954356,1169.2224292209994,2.267754429744597,515.5859972689731,11,stop,2641809.3153465176
SC0,946,954,2024-12-02 15:00:00,2024-12-03 01:30:00,-1,529.2,529.866825365717,1,1000.0,2.2844414488984373,-666.8253657169316,-0.19459909730916977,3426.662173347656,8,stop,2640162.912479027
SA0,3516,3519,2024-12-03 01:30:00,2024-12-03 03:00:00,-1,1467.0,1481.7434298522635,4,20.0,10.523519727982743,-1179.4743881810791,-0.9339986514879125,1262.8223673579291,3,stop,2640162.912479027
MA0,3512,3523,2024-12-02 13:30:00,2024-12-03 13:00:00,-1,2540.0,2548.1784447295768,5,10.0,10.469404565764348,-408.9222364788384,-0.5207838184240091,785.205342432326,11,stop,2640162.912479027
OI0,3528,3530,2024-12-04 01:30:00,2024-12-04 02:30:00,-1,8879.0,8827.0,1,10.0,57.278593943628664,520.0,0.6052290093011752,859.1789091544299,2,stop,2639181.9216060173
NI0,2086,2096,2024-12-05 02:30:00,2024-12-05 15:30:00,-1,125350.0,125397.85785813742,1,1.0,562.1400934755969,-47.85785813741677,-0.05675673934056954,843.2101402133953,10,stop,2639701.9216060173
OI0,3549,3555,2024-12-05 14:00:00,2024-12-06 03:00:00,1,8751.0,8750.451533657544,1,10.0,64.8761570676045,-5.484663424558676,-0.005636034019753829,973.1423560140674,6,stop,2639701.9216060173
RB0,3559,3563,2024-12-06 13:00:00,2024-12-09 01:00:00,-1,3305.0,3316.878555660322,3,10.0,16.628965781193607,-356.35666980966107,-0.47621946013247124,748.3034601537123,4,stop,2639648.5790844555
AG0,1030,1032,2024-12-09 01:30:00,2024-12-09 02:30:00,1,7834.0,7777.909767127748,1,15.0,38.80837231854017,-841.3534930837841,-0.9635417913066475,873.1883771671539,2,stop,2639648.5790844555
IF0,5007,5015,2024-12-06 03:00:00,2024-12-09 03:00:00,1,3976.0,3962.9866195394784,1,300.0,21.430639734255266,-3904.014138156481,-0.4048216516753718,9643.78788041487,8,stop,2639654.06374788
HC0,3564,3567,2024-12-09 01:30:00,2024-12-09 03:00:00,1,3497.0,3478.617712188853,3,10.0,15.684719454156667,-551.4686343344056,-0.781324688438521,705.8123754370502,3,stop,2639648.5790844555
I0,3564,3567,2024-12-09 01:30:00,2024-12-09 03:00:00,1,805.0,802.3215577646248,1,100.0,5.451576639580002,-267.84422353752007,-0.3275434383427045,817.7364959370003,3,stop,2639648.5790844555
RB0,3564,3568,2024-12-09 01:30:00,2024-12-09 05:30:00,1,3335.0,3314.313781105736,3,10.0,17.57814934215788,-620.5865668279239,-0.7845429190376384,791.0167203971046,4,stop,2639292.222414646
P0,3564,3571,2024-12-09 01:30:00,2024-12-09 13:00:00,-1,10202.0,10239.095813304963,1,10.0,72.81447608264607,-370.95813304962576,-0.33963771400674037,1092.217141239691,7,stop,2639648.5790844555
MA0,3564,3579,2024-12-09 01:30:00,2024-12-10 03:00:00,1,2554.0,2579.270279562098,5,10.0,11.623246815298335,1263.513978104902,1.449410247335119,871.7435111473751,15,stop,2639648.5790844555
SP0,3570,3581,2024-12-09 06:30:00,2024-12-10 06:00:00,1,5836.0,5828.0877091745215,2,10.0,21.144533661178162,-158.24581650957043,-0.24946686622858827,634.3360098353448,11,stop,2633106.955358706
SR0,3584,3586,2024-12-10 13:30:00,2024-12-10 14:30:00,-1,5974.0,6003.947744125165,2,10.0,20.474389935038467,-598.9548825032944,-0.9751285783584106,614.231698051154,2,stop,2633841.2653872515
JM0,3580,3592,2024-12-10 05:30:00,2024-12-11 05:30:00,-1,1172.5,1174.8977319905744,1,60.0,12.292369168869694,-143.86391943446142,-0.13003904875915975,1106.3132251982724,12,stop,2632735.997225656
LC0,2693,2705,2024-12-10 05:30:00,2024-12-12 01:30:00,-1,76450.0,77182.6362217971,1,1.0,654.7506996417937,-732.6362217971036,-0.7459696463584488,982.1260494626906,12,stop,2632735.997225656
Y0,3587,3600,2024-12-11 01:00:00,2024-12-12 01:30:00,1,7934.0,7993.717002249441,1,10.0,44.28860415459829,597.1700224944107,0.8989069669929364,664.3290623189744,13,stop,2633242.310504748
JM0,3593,3607,2024-12-11 06:00:00,2024-12-12 13:00:00,1,1176.0,1184.0,1,60.0,9.857029613629427,480.0,0.5410690179888343,887.1326652266484,14,stop,2633098.4465853134
NI0,2164,2176,2024-12-12 01:30:00,2024-12-12 15:30:00,1,126980.0,128928.2691880118,1,1.0,456.9153674292459,1948.2691880118073,2.8426404930281386,685.3730511438689,12,stop,2633098.4465853134
RU0,3603,3616,2024-12-12 03:00:00,2024-12-13 05:30:00,-1,18680.0,18542.312228676165,1,10.0,98.87479721598243,1376.8777132383548,0.9283644582219799,1483.1219582397364,13,stop,2632962.980386011
AG0,1097,1120,2024-12-12 14:30:00,2024-12-13 16:30:00,-1,7880.0,7732.441152827723,1,15.0,33.392181448149515,2213.382707584151,2.945975989447353,751.3240825833641,23,stop,2633442.980386011
JM0,3608,3630,2024-12-12 13:30:00,2024-12-16 06:30:00,-1,1177.0,1136.1559048170925,1,60.0,10.040338057214862,2450.6457109744497,2.7119999977528932,903.6304251493377,22,stop,2633442.980386011
NI0,2188,2203,2024-12-13 13:30:00,2024-12-16 13:00:00,-1,127420.0,126831.44494556241,1,1.0,584.9504554385458,588.5550544375874,0.6707748197196624,877.4256831578186,15,stop,2636768.127287261
OI0,3624,3635,2024-12-16 01:30:00,2024-12-17 01:00:00,1,8989.0,8999.33401655567,1,10.0,49.544855612384715,103.34016555669223,0.13905266823956636,743.1728341857707,11,stop,2638981.5099948454
RM0,3624,3635,2024-12-16 01:30:00,2024-12-17 01:00:00,1,2282.0,2289.3846302714633,5,10.0,14.972028270652002,369.2315135731633,0.3288189655166732,1122.9021202989002,11,stop,2638981.5099948454
V0,3630,3641,2024-12-16 06:30:00,2024-12-17 06:00:00,1,5046.0,5036.873329731709,5,5.0,22.09896667289634,-228.16675670726454,-0.2753272103437049,828.7112502336128,11,stop,2638981.5099948454
IH0,5065,5067,2024-12-17 05:30:00,2024-12-17 06:30:00,1,2667.2,2648.314291404593,1,300.0,13.188950235502077,-5665.71257862206,-0.9546227843855852,5935.027605975934,2,stop,2642493.2824393874
RM0,3636,3652,2024-12-17 01:30:00,2024-12-18 05:30:00,-1,2272.0,2271.425363418551,5,10.0,15.353732939192785,28.73182907244427,0.024951004151007313,1151.529970439459,16,stop,2642493.2824393874
BU0,3656,3657,2024-12-18 13:30:00,2024-12-18 14:00:00,1,3559.0,3531.540399472826,3,10.0,18.306400351449312,-823.7880158152257,-1.000000000000008,823.7880158152191,1,stop,2636628.1349331303
SN0,2236,2238,2024-12-18 13:30:00,2024-12-18 14:30:00,1,247470.0,246306.1981948059,1,1.0,775.8678701293898,-1163.801805194089,-1.0000000000000038,1163.8018051940846,2,stop,2636628.1349331303
M0,3636,3658,2024-12-17 01:30:00,2024-12-18 14:30:00,-1,2614.0,2581.9783384960247,5,10.0,10.952811252954056,1601.083075198767,1.9490680376899496,821.4608439715541,22,stop,2642020.710760257
OI0,3644,3658,2024-12-17 13:30:00,2024-12-18 14:30:00,-1,8926.0,8790.372918561658,1,10.0,49.33219070800055,1356.2708143834243,1.8328408488367525,739.9828606200083,14,stop,2642265.11568268
I0,3639,3663,2024-12-17 03:00:00,2024-12-19 03:00:00,-1,796.5,775.2010032652635,1,100.0,4.598333878876822,2129.8996734736534,3.087929569820475,689.7500818315233,24,stop,2642493.2824393874
MA0,3663,3665,2024-12-19 03:00:00,2024-12-19 06:00:00,-1,2594.0,2605.647420510144,5,10.0,10.236269901334273,-582.3710255072001,-0.7585719291898044,767.7202426000704,2,stop,2637597.899001703
SN0,2244,2249,2024-12-19 01:30:00,2024-12-19 06:00:00,-1,242670.0,241041.98006595825,1,1.0,990.8721270334328,1628.0199340417457,1.0953447907995062,1486.3081905501492,5,stop,2637597.899001703
V0,3656,3665,2024-12-18 13:30:00,2024-12-19 06:00:00,-1,4995.0,5000.266144237288,5,5.0,20.85569381925727,-131.65360593220612,-0.16833594006914024,782.0885182221475,9,stop,2636628.1349331303
EB0,3668,3671,2024-12-19 13:30:00,2024-12-20 01:00:00,1,8596.0,8549.144073391344,3,5.0,33.33436534633788,-702.838899129838,-0.9370895195160002,750.0232202926024,3,stop,2640641.793977779
MA0,3666,3671,2024-12-19 06:30:00,2024-12-20 01:00:00,1,2613.0,2597.317665809869,5,10.0,11.638879363422522,-784.116709506543,-0.8982728606109447,872.9159522566891,5,stop,2639145.4276496693
EB0,3672,3678,2024-12-20 01:30:00,2024-12-20 06:30:00,-1,8470.0,8489.210862286745,3,5.0,36.816842166200445,-288.16293430118094,-0.3478636616003577,828.37894873951,6,stop,2639938.955078649
IH0,5089,5092,2024-12-20 05:30:00,2024-12-23 01:30:00,-1,2656.0,2664.6298030146254,1,300.0,11.863279648388662,-2588.9409043876185,-0.4849588124251708,5338.475841774898,3,stop,2639154.8383691423
IF0,5093,5098,2024-12-23 02:00:00,2024-12-23 06:00:00,1,3952.0,3935.584503240544,1,300.0,17.077021122120183,-4924.649027836767,-0.6408415395193484,7684.659504954082,5,stop,2638866.6754348413
IH0,5093,5098,2024-12-23 02:00:00,2024-12-23 06:00:00,1,2672.0,2670.331185831088,1,300.0,12.3099888077267,-500.6442506735766,-0.09037723727062179,5539.4949634770155,5,stop,2636277.7345304536
MA0,3672,3689,2024-12-20 01:30:00,2024-12-23 06:00:00,-1,2588.0,2598.3453199486057,5,10.0,11.519777136503778,-517.265997430286,-0.598699079332218,863.9832852377834,17,stop,2639154.8383691423
BU0,3687,3691,2024-12-23 03:00:00,2024-12-23 13:00:00,1,3541.0,3517.6425564523956,3,10.0,15.784956787930765,-700.7233064281309,-0.9864853759778655,710.3230554568845,4,stop,2636277.7345304536
MA0,3690,3698,2024-12-23 06:30:00,2024-12-24 02:30:00,1,2610.0,2628.3099379076,5,10.0,12.970609086103321,915.4968953800108,0.9410988482269215,972.795681457749,8,stop,2630335.1752545126
TA0,3698,3703,2024-12-24 01:30:00,2024-12-24 06:00:00,-1,4940.0,4950.810151892779,5,5.0,21.937988114654512,-270.2537973194694,-0.32850632842239,822.6745542995443,5,stop,2629634.4519480844
SA0,3696,3702,2024-12-24 01:30:00,2024-12-24 06:30:00,1,1460.0,1468.0,4,20.0,8.267935496867445,640.0,0.645062281310011,992.1522596240934,6,stop,2629634.4519480844
FG0,3703,3707,2024-12-24 13:00:00,2024-12-25 01:00:00,1,1394.0,1381.233141221416,4,20.0,9.38590820465315,-1021.348702286723,-0.9068104013102499,1126.3089845583781,4,stop,2630279.695046145
I0,3703,3708,2024-12-24 13:00:00,2024-12-25 01:30:00,1,780.5,774.3524003291274,1,100.0,4.41387297261398,-614.7599670872637,-0.9285268982615527,662.080945892097,5,stop,2630279.695046145
AO0,2279,2312,2024-12-23 03:00:00,2024-12-25 05:30:00,-1,4819.0,4660.648207889555,1,20.0,33.192210504054515,3167.0358422088975,3.1805010815434502,995.7663151216354,33,stop,2636277.7345304536
P0,3708,3719,2024-12-25 01:30:00,2024-12-26 01:00:00,-1,8768.0,8710.794298048168,1,10.0,44.21528049604353,572.0570195183245,0.86253291185086,663.229207440653,11,stop,2629898.346343858
P0,3728,3729,2024-12-26 13:30:00,2024-12-26 14:00:00,1,8808.0,8744.639804778995,1,10.0,42.8739863125161,-633.6019522100469,-0.9852158331963968,643.1097946877414,1,stop,2633022.679238498
JM0,3725,3735,2024-12-26 06:00:00,2024-12-27 03:00:00,-1,1145.0,1144.2496976644586,1,60.0,7.215018229867377,45.018140132483495,0.06932782996402613,649.351640688064,10,stop,2633022.679238498
IC0,5117,5130,2024-12-26 02:00:00,2024-12-27 06:00:00,1,5862.2,5902.918874144798,1,200.0,34.05845956666873,8143.774828959613,0.7970388691066451,10217.537870000619,13,stop,2633022.679238498
I0,3732,3743,2024-12-27 01:30:00,2024-12-30 01:00:00,-1,772.0,765.5073301306995,1,100.0,4.162707249328214,649.2669869300471,1.0398152741181068,624.4060873992321,11,stop,2632389.077286288
RU0,3732,3743,2024-12-27 01:30:00,2024-12-30 01:00:00,1,17640.0,17609.35100601948,1,10.0,77.22466010006661,-306.4899398052148,-0.2645872785610792,1158.3699015009993,11,stop,2632389.077286288
FG0,3708,3746,2024-12-25 01:30:00,2024-12-30 02:30:00,-1,1372.0,1345.0489304763503,4,20.0,8.56326235911801,2156.0855618919777,2.098193297009264,1027.5914830941613,38,stop,2629898.346343858
CF0,3744,3748,2024-12-30 01:30:00,2024-12-30 05:30:00,-1,13395.0,13432.284310560803,1,5.0,35.7125316883153,-186.42155280401312,-0.6960079799850125,267.8439876623648,4,stop,2640577.8702553804
V0,3744,3752,2024-12-30 01:30:00,2024-12-30 13:30:00,1,5309.0,5305.3056973740495,4,5.0,16.47507847896886,-73.88605251901026,-0.14949054236338227,494.2523543690658,8,stop,2640920.6473025056
LC0,2804,2808,2024-12-30 03:00:00,2024-12-31 01:00:00,1,78200.0,77840.2868192209,1,1.0,513.18554636864,-359.7131807791011,-0.46729450757719504,769.7783195529599,4,stop,2643076.7328643976
OI0,3749,3755,2024-12-30 06:00:00,2024-12-31 01:00:00,-1,8942.0,8998.007838460651,1,10.0,38.719037188530756,-560.0783846065133,-0.9643462669786603,580.7855578279613,6,stop,2642890.3113115937
SN0,2357,2371,2024-12-30 02:00:00,2024-12-31 01:00:00,1,245170.0,246384.74971638393,1,1.0,791.8359623098289,1214.749716383929,1.0227284220504773,1187.7539434647433,14,stop,2640920.6473025056
I0,3744,3757,2024-12-30 01:30:00,2024-12-31 02:00:00,1,770.0,774.8135950136103,1,100.0,4.545029905061992,481.35950136103247,0.7060598960708296,681.7544857592989,13,stop,2641227.1372423107
JM0,3740,3757,2024-12-27 13:30:00,2024-12-31 02:00:00,1,1147.0,1151.5373347394268,1,60.0,8.40954283645444,272.2400843656078,0.3596972968818195,756.8588552808995,17,stop,2640577.8702553804
V0,3757,3762,2024-12-31 02:00:00,2024-12-31 06:30:00,-1,5283.0,5288.308430738225,5,5.0,16.02884294993558,-132.71076845562675,-0.2207866055296027,601.0816106225842,5,stop,2643111.383410073
CF0,3755,3763,2024-12-31 01:00:00,2025-01-02 01:00:00,1,13530.0,13480.622445584879,1,5.0,39.02254154573505,-246.88777207560634,-0.8435731837584177,292.6690615930129,8,stop,2642816.4252590747
LC0,2815,2816,2024-12-31 06:30:00,2025-01-02 01:00:00,-1,76760.0,77464.37257736389,1,1.0,469.58171824259216,-704.3725773638871,-0.9999999999999983,704.3725773638882,1,stop,2643864.9829957993
EG0,3745,3767,2024-12-30 02:00:00,2025-01-02 03:00:00,1,4810.0,4843.752046212552,2,10.0,15.28198039080652,675.0409242510432,1.4724115308535553,458.45941172419555,22,stop,2640920.6473025056
P0,3764,3767,2025-01-02 01:30:00,2025-01-02 03:00:00,1,8806.0,8727.357889739993,1,10.0,54.5319669071455,-786.4211026000703,-0.9614190809574765,817.9795036071826,3,stop,2642781.0118779037
P0,3768,3780,2025-01-02 05:30:00,2025-01-03 05:30:00,-1,8586.0,8497.845622536177,1,10.0,59.00175725830338,881.5437746382304,0.9960649937695087,885.0263588745507,12,stop,2642669.6316995546
I0,3776,3786,2025-01-03 01:30:00,2025-01-03 14:30:00,-1,767.0,768.204615104212,1,100.0,4.686892927019107,-120.46151042120528,-0.1713452277759053,703.0339390528661,10,stop,2642669.6316995546
SA0,3772,3786,2025-01-02 13:30:00,2025-01-03 14:30:00,-1,1427.0,1419.4070262802115,4,20.0,9.624194978004175,607.4378975830768,0.525964248586816,1154.903397360501,14,stop,2642669.6316995546
LC0,2825,2832,2025-01-03 01:30:00,2025-01-06 01:00:00,-1,76500.0,76933.60677014019,1,1.0,532.6260082819716,-433.60677014019166,-0.5427282475857378,798.9390124229574,7,stop,2642669.6316995546
SN0,2399,2412,2025-01-03 03:00:00,2025-01-06 01:30:00,1,244420.0,247137.60150140824,1,1.0,1013.1295473229646,2717.601501408237,1.7882553510154557,1519.694320984447,13,stop,2642669.6316995546
LC0,2833,2835,2025-01-06 01:30:00,2025-01-06 02:30:00,1,78420.0,77447.65522084621,1,1.0,658.0936875975891,-972.344779153791,-0.9850115036592987,987.1405313963837,2,stop,2643604.5450912146
L0,3777,3795,2025-01-03 02:00:00,2025-01-06 13:00:00,-1,8120.0,7979.153757122006,3,5.0,21.71926889995554,2112.6936431699096,4.323234621041419,488.6835502489997,18,stop,2642669.6316995546
JM0,3793,3797,2025-01-06 06:00:00,2025-01-06 14:00:00,1,1165.5,1150.8271428556743,1,60.0,10.197563345176636,-880.3714286595414,-0.9592394213967353,917.7807010658972,4,stop,2645349.801813469
FG0,3801,3805,2025-01-07 02:00:00,2025-01-07 06:00:00,1,1348.0,1334.379967961113,4,20.0,9.264403469908673,-1089.602563110966,-0.9800977892155164,1111.7284163890408,4,stop,2646582.124027979
IC0,5141,5178,2024-12-31 02:00:00,2025-01-07 06:00:00,-1,5819.2,5460.671868908733,1,200.0,31.87984524357469,71705.62621825338,7.4974879029257,9563.953573072406,37,stop,2643111.383410073
OI0,3769,3806,2025-01-02 06:00:00,2025-01-07 06:30:00,-1,9027.0,8674.813787137926,1,10.0,44.58952551671544,3521.8621286207417,5.265604552950428,668.8428827507316,37,stop,2642669.6316995546
M0,3800,3810,2025-01-07 01:30:00,2025-01-07 14:30:00,-1,2657.0,2663.173757947931,4,10.0,15.572567062870526,-246.95031791723522,-0.264300588036462,934.3540237722316,10,stop,2646582.124027979
TA0,3822,3825,2025-01-08 13:30:00,2025-01-09 01:00:00,1,4994.0,4984.687812945459,5,5.0,25.19206573053296,-232.8046763635257,-0.24643174440050228,944.7024648949861,3,stop,2720473.059493825
LC0,2853,2859,2025-01-08 05:30:00,2025-01-09 02:30:00,-1,77420.0,78004.84003081893,1,1.0,631.7378543543128,-584.8400308189302,-0.617175860512252,947.6067815314693,6,stop,2720473.059493825
JM0,3798,3827,2025-01-06 14:30:00,2025-01-09 03:00:00,-1,1152.0,1101.6689831895862,1,60.0,9.791540331262029,3019.8610086248254,3.4268368481118983,881.2386298135826,29,stop,2646582.124027979
C0,3832,3841,2025-01-09 13:30:00,2025-01-10 06:00:00,1,2253.0,2250.867208160548,6,10.0,6.696786560760917,-127.96751036710702,-0.21231992589287946,602.7107904684826,9,stop,2722675.2757952674
SN0,2484,2485,2025-01-10 13:30:00,2025-01-10 14:00:00,-1,249830.0,251470.7476610617,1,1.0,1093.8317740411437,-1640.7476610617014,-0.9999999999999915,1640.7476610617155,1,stop,2722547.3082849
SN0,2500,2507,2025-01-13 13:30:00,2025-01-14 01:00:00,-1,247810.0,248749.5129792767,1,1.0,1124.134985788933,-939.5129792767111,-0.5571768462885255,1686.2024786833995,7,stop,2720906.5606238386
SR0,3868,3879,2025-01-14 13:30:00,2025-01-15 13:00:00,-1,5830.0,5806.564263985504,2,10.0,20.604138378521014,468.71472028991775,0.7582857250634238,618.1241513556304,11,stop,2719967.047644562
NI0,2533,2536,2025-01-15 14:00:00,2025-01-15 15:30:00,1,127870.0,127215.0796146079,1,1.0,456.03445228825126,-654.9203853921063,-0.9574136078329198,684.0516784323769,3,stop,2720435.762364852
SP0,3892,3895,2025-01-16 13:30:00,2025-01-17 01:00:00,-1,5914.0,5949.642124743313,2,10.0,25.498447533290918,-712.8424948662541,-0.9318769883742437,764.9534259987275,3,stop,2719780.84197946
SC0,1556,1565,2025-01-17 06:00:00,2025-01-17 16:30:00,-1,629.6,629.6866994210357,1,1000.0,3.386564530956965,-86.69942103563244,-0.017067329884135448,5079.846796435448,9,stop,2719067.9994845935
Y0,3908,3919,2025-01-20 01:30:00,2025-01-21 01:00:00,1,7674.0,7659.359945453834,1,10.0,44.028294217118315,-146.4005454616563,-0.22167645914194176,660.4244132567748,11,stop,2718981.300063558
RU0,3916,3922,2025-01-20 13:30:00,2025-01-21 02:30:00,1,17745.0,17601.647769897616,1,10.0,107.69118064454813,-1433.5223010238406,-0.8874278546265294,1615.3677096682218,6,stop,2718981.300063558
AO0,2588,2595,2025-01-21 01:30:00,2025-01-21 13:00:00,-1,3795.0,3809.39285747544,1,20.0,35.89261884393236,-287.8571495087999,-0.2673317976234011,1076.7785653179708,7,stop,2718981.300063558
M0,3896,3930,2025-01-17 01:30:00,2025-01-21 14:30:00,1,2769.0,2834.2533897506005,4,10.0,13.226038531393492,2610.1355900240196,3.2891375395948037,793.5623118836095,34,stop,2719780.84197946
LH0,5252,5259,2025-01-21 01:30:00,2025-01-22 01:00:00,1,12975.0,12897.184341693459,1,16.0,68.30293479367725,-1245.0505329046573,-0.7595150295430099,1639.270435048254,7,stop,2718981.300063558
JM0,3928,3939,2025-01-21 13:30:00,2025-01-22 13:00:00,-1,1139.0,1148.328845974105,1,60.0,8.553120582077351,-559.7307584462988,-0.7271300094184823,769.7808523869617,11,stop,2717113.5200675637
RU0,3927,3939,2025-01-21 13:00:00,2025-01-22 13:00:00,-1,17370.0,17494.78925269713,1,10.0,99.52731920694323,-1247.8925269713,-0.8358793926564064,1492.9097881041484,12,stop,2717401.3772170725
SC0,1619,1620,2025-01-22 15:00:00,2025-01-22 15:30:00,-1,616.1,619.9881364312542,1,1000.0,2.5920909541695054,-3888.1364312542246,-0.9999999999999913,3888.1364312542582,1,stop,2716670.9818392657
JM0,3940,3944,2025-01-22 13:30:00,2025-01-23 01:30:00,1,1159.0,1147.3497196515407,1,60.0,8.046173366067158,-699.0168209075591,-0.9652853862675171,724.1556029460443,4,stop,2717918.874366237
SA0,3937,3945,2025-01-22 06:00:00,2025-01-23 02:00:00,1,1483.0,1486.8688186373888,4,20.0,10.410410721221966,309.50549099110503,0.24775318611282696,1249.249286546636,8,stop,2718478.605124683
I0,3945,3951,2025-01-23 02:00:00,2025-01-23 13:00:00,-1,799.5,803.1732406292288,1,100.0,3.8619700460032207,-367.3240629228758,-0.6340875400333084,579.2955069004831,6,stop,2712782.845408011
SP0,3937,3951,2025-01-22 06:00:00,2025-01-23 13:00:00,1,6040.0,6098.43089902933,2,10.0,24.72059479101471,1168.617980586605,1.5757684236780136,741.6178437304413,14,stop,2718478.605124683
OI0,3947,3954,2025-01-23 03:00:00,2025-01-23 14:30:00,-1,8427.0,8480.428961285163,1,10.0,44.220967646774824,-534.2896128516259,-0.8054845793506636,663.3145147016223,7,stop,2712393.334078095
C0,3952,3955,2025-01-23 13:30:00,2025-01-24 01:00:00,-1,2267.0,2275.124270650559,5,10.0,5.713440029623526,-406.21353252795416,-0.9479718708210441,428.50800222176446,3,stop,2712393.334078095
I0,3954,3956,2025-01-23 14:30:00,2025-01-24 01:30:00,-1,794.5,801.6039024973333,1,100.0,4.754083844239261,-710.3902497333252,-0.9961824724570045,713.1125766358891,2,stop,2713194.627995759
HC0,3962,3963,2025-01-24 06:30:00,2025-01-24 13:00:00,1,3480.0,3459.496158792094,3,10.0,13.669227471937317,-615.115236237184,-1.0000000000000078,615.1152362371793,1,stop,2711543.734600646
RB0,3962,3963,2025-01-24 06:30:00,2025-01-24 13:00:00,1,3381.0,3359.836247897042,4,10.0,14.10916806863865,-846.5500841183166,-0.9999999999999972,846.550084118319,1,stop,2711543.734600646
BU0,3968,3970,2025-01-27 01:30:00,2025-01-27 02:30:00,-1,3684.0,3709.6499205984364,3,10.0,17.64609683990306,-769.4976179530931,-0.969049825622414,794.0743577956378,2,stop,2710082.0692802905
IH0,5277,5286,2025-01-24 02:00:00,2025-01-27 02:30:00,1,2592.8,2582.090431886251,1,300.0,15.430965315933925,-3212.8704341248067,-0.46268732575404586,6943.934392170267,9,stop,2711543.734600646
IF0,5277,5287,2025-01-24 02:00:00,2025-01-27 03:00:00,1,3828.8,3821.409570058326,1,300.0,22.84360365415211,-2217.1289825022086,-0.21568196371476692,10279.62164436845,10,stop,2711543.734600646
RM0,3968,3972,2025-01-27 01:30:00,2025-01-27 05:30:00,-1,2455.0,2451.1161518870786,5,10.0,17.088369224136937,194.19240564607207,0.15152013871655637,1281.62769181027,4,stop,2710082.0692802905
JM0,3968,3975,2025-01-27 01:30:00,2025-02-05 01:00:00,1,1133.0,1131.388023311476,1,60.0,7.576077902592466,-96.71860131144058,-0.14184795081303705,681.847011233322,7,stop,2710082.0692802905
BU0,3976,3978,2025-02-05 01:30:00,2025-02-05 02:30:00,1,3749.0,3720.272511051149,3,10.0,19.151659299233856,-861.8246684655242,-1.0000000000000007,861.8246684655236,2,stop,2704076.7646513567
RU0,3976,3979,2025-02-05 01:30:00,2025-02-05 03:00:00,-1,17260.0,17041.16894413986,1,10.0,106.04463138211959,2188.3105586014062,1.3757167022226593,1590.6694707317938,3,stop,2703980.046050045
HC0,3976,3983,2025-02-05 01:30:00,2025-02-05 13:00:00,-1,3447.0,3429.29437198922,3,10.0,16.9959708356976,531.1688403233984,0.694502957277059,764.818687606392,7,stop,2704076.7646513567
JM0,3976,3983,2025-02-05 01:30:00,2025-02-05 13:00:00,-1,1113.5,1111.107382728423,2,60.0,9.062666871974635,287.1140725892292,0.17600538600661672,1631.2800369554343,7,stop,2703980.046050045
NI0,2659,2667,2025-02-05 01:00:00,2025-02-05 13:00:00,-1,123460.0,123528.11560072421,1,1.0,479.47014757765606,-68.1156007242098,-0.09470954701189559,719.2052213664841,8,stop,2704076.7646513567
RB0,3976,3983,2025-02-05 01:30:00,2025-02-05 13:00:00,-1,3356.0,3333.5250624890937,4,10.0,15.908515324013825,898.9975004362532,0.9418409806803498,954.5109194408294,7,stop,2703980.046050045
RM0,3976,3985,2025-02-05 01:30:00,2025-02-05 14:00:00,1,2540.0,2545.4229036310944,5,10.0,21.569376329566328,271.1451815547207,0.16761120174071178,1617.7032247174748,9,stop,2703980.046050045
I0,3977,3989,2025-02-05 02:00:00,2025-02-06 02:00:00,-1,801.5,806.0502728291481,1,100.0,5.367750509088256,-455.0272829148071,-0.5651371490340201,805.1625763632384,12,stop,2703980.046050045
MA0,3984,3989,2025-02-05 13:30:00,2025-02-06 02:00:00,-1,2540.0,2553.6692370145897,5,10.0,13.350139999403519,-683.4618507294863,-0.6826014316554215,1001.2604999552639,5,stop,2706124.8148530936
IF0,5292,5302,2025-02-05 01:30:00,2025-02-06 02:30:00,-1,3827.0,3808.6688265767616,1,300.0,19.63470727020237,5499.352026971519,0.6224071545342156,8835.618271591065,10,stop,2704076.7646513567
IH0,5292,5302,2025-02-05 01:30:00,2025-02-06 02:30:00,-1,2590.0,2573.804996767948,1,300.0,13.242781304413155,4858.500969615579,0.8152871042105003,5959.25158698592,10,stop,2704076.7646513567
V0,3976,3992,2025-02-05 01:30:00,2025-02-06 05:30:00,-1,5190.0,5169.228475146491,5,5.0,28.492918451843327,519.2881213377177,0.4860043824249463,1068.4844419441247,16,stop,2703980.046050045
CF0,3989,3993,2025-02-06 02:00:00,2025-02-06 06:00:00,-1,13495.0,13528.645435240653,2,5.0,38.607904489920024,-336.4543524065266,-0.5809766278895385,579.1185673488003,4,stop,2707226.8419343606
NI0,2670,2687,2025-02-05 14:30:00,2025-02-06 15:00:00,1,124310.0,126727.65780291437,1,1.0,524.050737058935,2417.657802914371,3.0756027129264774,786.0761055884026,17,stop,2706955.6967528057
SC0,1703,1705,2025-02-06 15:00:00,2025-02-06 16:00:00,-1,596.7,600.5818387910833,1,1000.0,2.7386209193385396,-3881.8387910832826,-0.9449619365406405,4107.931379007809,2,stop,2716629.039566235
HC0,3991,3999,2025-02-06 03:00:00,2025-02-07 01:00:00,1,3448.0,3442.5309699640266,3,10.0,13.996161801170077,-164.0709010792034,-0.26050142001627125,629.8272810526535,8,stop,2706088.3528007166
IH0,5303,5308,2025-02-06 03:00:00,2025-02-07 01:30:00,1,2591.0,2573.6118901955574,1,300.0,13.508654604704756,-5216.432941332778,-0.8581219627100745,6078.894572117139,5,stop,2716446.205797304
I0,3991,4004,2025-02-06 03:00:00,2025-02-07 05:30:00,1,814.5,817.6959771636175,1,100.0,4.549185958609909,319.5977163617499,0.46835883645933163,682.3778937914864,13,stop,2706088.3528007166
IC0,5301,5313,2025-02-06 02:00:00,2025-02-07 05:30:00,1,5601.6,5803.013107752287,1,200.0,38.284801554415274,40282.62155045741,3.5072770320447373,11485.440466324582,12,stop,2707226.8419343606
IF0,5303,5314,2025-02-06 03:00:00,2025-02-07 06:00:00,1,3847.0,3882.225677323555,1,300.0,20.436842488002327,10567.703197066476,1.1490906629121578,9196.579119601047,11,stop,2711587.704827688
IM0,4905,4918,2025-02-06 02:00:00,2025-02-07 06:00:00,1,5869.2,6093.589353526671,1,200.0,46.13709489276267,44877.87070533432,3.242356344690016,13841.128467828801,13,stop,2707226.8419343606
C0,3999,4007,2025-02-07 01:00:00,2025-02-07 13:00:00,-1,2281.0,2289.8996633966576,5,10.0,7.005734335386592,-444.9831698328808,-0.846893223046785,525.4300751539944,8,stop,2715164.8585780663
MA0,3993,4007,2025-02-06 06:00:00,2025-02-07 13:00:00,1,2579.0,2577.9059984904566,5,10.0,12.734553828651594,-54.700075477171595,-0.057272076392239586,955.0915371488696,14,stop,2716446.205797304
RM0,4006,4007,2025-02-07 06:30:00,2025-02-07 13:00:00,1,2498.0,2476.4049487149546,5,10.0,15.581062461058306,-1079.7525642522714,-0.923987108881604,1168.579684579373,1,stop,2805832.1479048748
V0,4003,4011,2025-02-07 03:00:00,2025-02-10 01:00:00,1,5234.0,5201.2677857903755,5,5.0,24.248858189643155,-818.3053552406136,-0.8998970577950672,909.3321821116183,8,stop,2709784.3547356543
RU0,4008,4017,2025-02-07 13:30:00,2025-02-10 06:00:00,-1,17270.0,17378.896733107507,1,10.0,96.76568585366908,-1088.9673310750732,-0.7502434507771211,1451.4852878050363,9,stop,2804252.7120953123
FG0,4006,4018,2025-02-07 06:30:00,2025-02-10 06:30:00,-1,1341.0,1343.3342741715953,5,20.0,8.76960708614949,-233.42741715953252,-0.17745182489661923,1315.4410629224233,12,stop,2750386.5740024736
RU0,4019,4022,2025-02-10 13:00:00,2025-02-10 14:30:00,1,17525.0,17456.595118021363,1,10.0,100.59186652992948,-684.048819786367,-0.453349323614111,1508.8779979489423,3,stop,2802112.011991837
SR0,4012,4028,2025-02-10 01:30:00,2025-02-11 05:30:00,1,5867.0,5872.575181658321,2,10.0,16.95059068431809,111.50363316641233,0.21927187325998884,508.51772052954277,16,stop,2804252.7120953123
AG0,1752,1759,2025-02-11 03:00:00,2025-02-11 14:30:00,-1,7978.0,7937.759312156638,1,15.0,37.163503147663036,603.6103176504321,0.7218675032414179,836.1788208224183,7,stop,2801427.9631720507
LC0,2994,3006,2025-02-11 02:00:00,2025-02-12 06:00:00,-1,77200.0,77811.43022055677,1,1.0,517.3228773317361,-611.4302205567656,-0.7879414673100859,775.9843159976042,12,stop,2801427.9631720507
RM0,4032,4041,2025-02-11 13:30:00,2025-02-12 06:00:00,-1,2498.0,2514.4475288739113,5,10.0,19.858280780725433,-822.3764436955662,-0.5521635719803565,1489.3710585544072,9,stop,2801539.466805217
I0,4037,4045,2025-02-12 02:00:00,2025-02-12 14:00:00,1,823.0,822.7298932441774,1,100.0,4.272008250088998,-27.010675582255317,-0.042151409830404094,640.8012375133497,8,stop,2802143.077122867
OI0,4036,4047,2025-02-12 01:30:00,2025-02-13 01:00:00,1,8774.0,8781.0,1,10.0,47.75378423170346,70.0,0.09772349441509796,716.306763475552,11,stop,2802143.077122867
SA0,4037,4047,2025-02-12 02:00:00,2025-02-13 01:00:00,1,1460.0,1456.1470624807655,4,20.0,9.901434140131258,-308.2350015387601,-0.2594194918099965,1188.172096815751,10,stop,2802143.077122867
LH0,5340,5343,2025-02-13 01:30:00,2025-02-13 03:00:00,1,13075.0,13001.416642743154,1,16.0,50.502319614760474,-1177.3337161095405,-0.9713528384194566,1212.0556707542514,3,stop,2800682.2597830324
SP0,4044,4053,2025-02-12 13:30:00,2025-02-13 06:00:00,-1,6088.0,6104.199828673276,2,10.0,23.81031307437668,-323.99657346551976,-0.45358016706660703,714.3093922313004,9,stop,2800709.2704586145
AG0,1777,1794,2025-02-12 14:00:00,2025-02-13 13:00:00,1,7986.0,7998.509594027972,1,15.0,34.495140326777474,187.64391041957424,0.2417653406531358,776.1406573524931,17,stop,2800709.2704586145
BU0,4047,4056,2025-02-13 01:00:00,2025-02-13 13:30:00,-1,3766.0,3788.133631661219,3,10.0,22.25652503898452,-664.0089498365751,-0.6629855476075716,1001.5436267543034,9,stop,2800682.2597830324
SA0,4048,4058,2025-02-13 01:30:00,2025-02-13 14:30:00,-1,1458.0,1439.2477036746284,4,20.0,10.070225988947756,1500.1837060297294,1.2414349883807692,1208.4271186737308,10,stop,2800444.0247814935
OI0,4048,4059,2025-02-13 01:30:00,2025-02-14 01:00:00,-1,8716.0,8687.0,1,10.0,47.212657471896115,290.0,0.40949470689807543,708.1898620784418,11,stop,2800752.2597830324
RM0,4056,4059,2025-02-13 13:30:00,2025-02-14 01:00:00,1,2510.0,2502.7194102713725,5,10.0,17.145937859309456,-364.02948643137734,-0.28308317256126925,1285.945339448209,3,stop,2799130.3384023383
I0,4061,4065,2025-02-14 02:00:00,2025-02-14 06:00:00,1,824.0,816.7954933179121,1,100.0,5.005259604296739,-720.4506682087867,-0.9595914766543039,750.788940644511,4,stop,2799892.4836721
SA0,4060,4067,2025-02-14 01:30:00,2025-02-14 13:00:00,1,1459.0,1454.0805198252542,4,20.0,10.087965717728553,-393.5584139796629,-0.32510553084720273,1210.5558861274264,7,stop,2799892.4836721
AG0,1806,1814,2025-02-14 01:30:00,2025-02-14 13:30:00,1,8099.0,8214.050807231184,1,15.0,30.065154741387538,1725.7621084677612,2.5511439676223304,676.4659816812195,8,stop,2799966.5131585314
BU0,4060,4070,2025-02-14 01:30:00,2025-02-14 14:30:00,1,3816.0,3811.1164913820326,3,10.0,20.159835258999436,-146.5052585390231,-0.1614930067707247,907.1925866549747,10,stop,2799966.5131585314
LH0,5348,5355,2025-02-14 01:30:00,2025-02-17 01:00:00,-1,12980.0,13040.177938040637,1,16.0,58.54104210915154,-962.8470086501911,-0.6853076733007629,1404.985010619637,7,stop,2799966.5131585314
I0,4066,4077,2025-02-14 06:30:00,2025-02-17 06:00:00,-1,806.5,803.4435040826053,1,100.0,5.707070257664496,305.6495917394727,0.35704202908546134,856.0605386496743,11,stop,2799172.0330038914
SP0,4072,4078,2025-02-17 01:30:00,2025-02-17 06:30:00,-1,6068.0,6093.883249131015,2,10.0,22.461370942851726,-517.6649826202993,-0.7682300187544056,673.8411282855518,6,stop,2799394.8844311903
M0,4072,4081,2025-02-17 01:30:00,2025-02-17 14:00:00,-1,2867.0,2870.8995017576494,4,10.0,16.503869161831975,-155.98007030597728,-0.15751868928076163,990.2321497099185,9,stop,2799394.8844311903
AG0,1820,1846,2025-02-14 16:30:00,2025-02-18 02:30:00,-1,8056.0,8032.490402832876,1,15.0,47.4949142239536,352.6439575068662,0.3299945906666862,1068.635570038956,26,stop,2800504.2366983797
RM0,4080,4088,2025-02-17 13:30:00,2025-02-18 05:30:00,1,2521.0,2522.2693572872113,5,10.0,18.63789461379766,63.46786436056391,0.045404173003946176,1397.8420960348244,8,stop,2799182.8690403095
AG0,1847,1865,2025-02-18 03:00:00,2025-02-19 02:30:00,1,8063.0,8107.530849988166,1,15.0,28.065518507946717,667.9627498224863,1.0577831767846346,631.4741664288011,18,stop,2799379.5329275103
I0,4088,4107,2025-02-18 05:30:00,2025-02-20 01:00:00,1,809.5,818.2992867767672,1,100.0,5.171172321206342,879.928677676719,1.1344025725955662,775.6758481809513,19,stop,2799379.5329275103
AG0,1905,1908,2025-02-21 05:30:00,2025-02-21 13:00:00,-1,8081.0,8124.006084949831,1,15.0,29.121075543064613,-645.0912742474702,-0.9845351782247513,655.2241997189537,3,stop,2800990.89221937
NI0,2857,2859,2025-02-21 06:00:00,2025-02-21 13:00:00,-1,123870.0,124429.07666486743,1,1.0,388.0550414432848,-559.0766648674326,-0.9604765736119474,582.0825621649271,2,stop,2800990.89221937
RU0,4124,4131,2025-02-21 05:30:00,2025-02-24 01:00:00,-1,17945.0,17909.32082674707,1,10.0,82.86507511716759,356.79173252930923,0.2870463276394961,1242.976126757514,7,stop,2800990.89221937
IC0,5374,5396,2025-02-19 02:30:00,2025-02-24 01:30:00,1,5897.6,5988.762126957637,1,200.0,35.79219855911672,18232.42539152725,1.6979887727408336,10737.659567735016,22,stop,2799443.000791871
IH0,5391,5396,2025-02-21 03:00:00,2025-02-24 01:30:00,1,2693.6,2676.3923754569437,1,300.0,12.350657760490304,-5162.287362916868,-0.9288371451817645,5557.795992220636,5,stop,2800990.89221937
OI0,4144,4147,2025-02-25 01:30:00,2025-02-25 03:00:00,-1,8725.0,8790.699831569164,1,10.0,46.69316881377139,-656.9983156916351,-0.9380363086400254,700.3975322065709,3,stop,2813213.654041395
RU0,4151,4153,2025-02-25 13:00:00,2025-02-25 14:00:00,-1,17620.0,17750.481602436645,1,10.0,93.63666302793767,-1304.816024366446,-0.9289922573576677,1404.549945419065,2,stop,2812556.6557257036
Y0,4151,4159,2025-02-25 13:00:00,2025-02-26 03:00:00,-1,7898.0,7889.326244186013,1,10.0,37.03268302539305,86.73755813986645,0.1561459609077224,555.4902453808957,8,stop,2812556.6557257036
AO0,2895,2909,2025-02-25 15:00:00,2025-02-26 14:00:00,-1,3353.0,3364.6408242563425,2,20.0,19.732345704256904,-465.6329702537005,-0.393290773461066,1183.9407422554143,14,stop,2811251.8397013373
RB0,4159,4169,2025-02-26 03:00:00,2025-02-27 02:00:00,1,3315.0,3326.020382319153,4,10.0,13.964760361532582,440.81529276612855,0.5261043767238585,837.8856216919548,10,stop,2811251.8397013373
Y0,4171,4172,2025-02-27 03:00:00,2025-02-27 05:30:00,-1,7870.0,7928.0,1,10.0,38.23608112169022,-580.0,-1.0112612363073,573.5412168253533,1,stop,2811313.75958199
MA0,4163,4177,2025-02-26 13:00:00,2025-02-27 14:00:00,1,2556.0,2573.466821049419,5,10.0,11.572536613119558,873.3410524709598,1.0062225556563174,867.9402459839667,14,stop,2811338.577259477
AO0,2935,2939,2025-02-28 03:00:00,2025-02-28 13:00:00,-1,3352.0,3372.9859467276615,2,20.0,14.61733813403213,-839.4378691064594,-0.9571257792279769,877.0402880419277,4,stop,2811607.100634461
JM0,4187,4190,2025-02-28 13:00:00,2025-02-28 14:30:00,1,1100.5,1104.359665515481,2,60.0,8.210081100456355,463.15986185773,0.3134086389854334,1477.8145980821437,3,stop,2811607.100634461
RU0,4187,4190,2025-02-28 13:00:00,2025-02-28 14:30:00,1,17795.0,17682.534207820037,1,10.0,81.90369708445301,-1124.657921799626,-0.9154311399317031,1228.555456266795,3,stop,2811607.100634461
RM0,4188,4191,2025-02-28 13:30:00,2025-03-03 01:00:00,1,2582.0,2560.0,5,10.0,15.199732742164786,-1100.0,-0.9649292468137042,1139.979955662359,3,stop,2810767.6627653544
AO0,2948,2951,2025-03-03 01:30:00,2025-03-03 03:00:00,1,3388.0,3367.1124986648365,2,20.0,14.623077955392606,-835.5000534065402,-0.9522619610308396,877.3846773235564,3,stop,2810106.1647054125
SC0,2015,2018,2025-03-03 01:30:00,2025-03-03 03:00:00,1,544.2,540.9871132167298,1,1000.0,2.2143802546555835,-3212.886783270278,-0.9672794533264715,3321.5703819833752,3,stop,2809006.1647054125
TA0,4194,4197,2025-03-03 01:30:00,2025-03-03 03:00:00,1,5032.0,5033.94921760537,5,5.0,20.867666072376494,48.730440134249875,0.06227234033135009,782.5374777141185,3,stop,2809006.1647054125
HC0,4185,4197,2025-02-28 06:00:00,2025-03-03 06:00:00,1,3419.0,3416.5903292918015,4,10.0,13.199554084825884,-96.38682832794075,-0.12170465217804387,791.9732450895531,12,stop,2811607.100634461
AO0,2952,2956,2025-03-03 05:30:00,2025-03-03 13:30:00,-1,3349.0,3366.099690666904,2,20.0,15.588393624634744,-683.987626676153,-0.7313000975238715,935.3036174780846,4,stop,2808170.664652006
FG0,4192,4200,2025-03-03 01:30:00,2025-03-03 13:30:00,-1,1228.0,1239.079659826611,5,20.0,9.430431717548423,-1107.9659826611078,-0.783255751766113,1414.5647576322633,8,stop,2810106.1647054125
AO0,2957,2963,2025-03-03 14:00:00,2025-03-04 01:00:00,1,3377.0,3357.7550424942997,2,20.0,15.361726947982069,-769.7983002280125,-0.8351907122104024,921.7036168789241,6,stop,2804226.133853866
NI0,2948,2963,2025-03-03 01:30:00,2025-03-04 01:00:00,1,126620.0,128256.36188095527,1,1.0,488.6189934392929,1636.3618809552718,2.2326351109648064,732.9284901589394,15,stop,2810106.1647054125
FG0,4204,4206,2025-03-04 01:30:00,2025-03-04 02:30:00,-1,1229.0,1240.2218408494527,5,20.0,8.193218171569058,-1122.1840849452747,-0.9130999658874934,1228.9827257353586,2,stop,2802348.3695709766
LH0,5436,5446,2025-03-03 01:30:00,2025-03-04 02:30:00,1,13115.0,13072.245194719655,1,16.0,42.50710375915554,-684.0768844855193,-0.6705515313799921,1020.170490219733,10,stop,2810106.1647054125
EG0,4200,4209,2025-03-03 13:30:00,2025-03-04 06:00:00,-1,4591.0,4601.050926276465,3,10.0,13.025147889434344,-301.52778829396084,-0.514436962599015,586.1316550245455,9,stop,2804910.121480542
RM0,4209,4211,2025-03-04 06:00:00,2025-03-04 13:00:00,-1,2582.0,2568.0,5,10.0,19.42005653688936,700.0,0.48060278895708697,1456.5042402667018,2,stop,2802178.470482501
FG0,4207,4214,2025-03-04 03:00:00,2025-03-04 14:30:00,1,1238.0,1226.6029194626412,5,20.0,8.68494909728033,-1139.708053735876,-0.8748529906700109,1302.7423645920494,7,stop,2802862.5473669865
TA0,4206,4217,2025-03-04 01:30:00,2025-03-05 01:00:00,-1,4910.0,4897.766679339283,5,5.0,23.91569432973657,305.83301651793136,0.34101234924232565,896.8385373651215,11,stop,2803984.731451932
RU0,4212,4223,2025-03-04 13:30:00,2025-03-05 13:00:00,-1,17380.0,17429.142945986634,1,10.0,99.43886431597817,-491.42945986634004,-0.32946840469722694,1491.5829647396727,11,stop,2802576.942694207
FG0,4215,4228,2025-03-05 01:00:00,2025-03-06 01:30:00,-1,1207.0,1204.0649289778485,5,20.0,9.906825206849064,293.5071022151533,0.19751171277503904,1486.0237810273593,13,stop,2801437.234640471
JM0,4204,4228,2025-03-04 01:30:00,2025-03-06 01:30:00,-1,1094.0,1069.359638714965,2,60.0,7.753572950204012,2956.843354204193,2.1186242302556013,1395.6431310367223,24,stop,2802348.3695709766
CU0,2985,3000,2025-03-05 06:00:00,2025-03-06 05:30:00,1,77530.0,78181.48777619557,1,5.0,178.539701090969,3257.438880977861,2.432653250097497,1339.0477581822677,15,stop,2801743.067656989
HC0,4228,4232,2025-03-06 01:30:00,2025-03-06 05:30:00,1,3397.0,3388.3730502256267,4,10.0,12.175041778449673,-345.0779909749326,-0.4723844036216984,730.5025067069803,4,stop,2801251.638197123
HC0,4233,4234,2025-03-06 06:00:00,2025-03-06 06:30:00,-1,3381.0,3401.6789025708085,4,10.0,13.923314666221508,-827.1561028323413,-0.9901331240218891,835.3988799732905,1,stop,2807414.3495435454
IH0,5456,5470,2025-03-05 05:00:00,2025-03-07 02:30:00,1,2637.6,2675.769671065058,1,300.0,10.147688506098655,11450.901319517425,2.50761021698807,4566.459827744395,14,stop,2801743.067656989
SP0,4252,4256,2025-03-10 01:30:00,2025-03-10 05:30:00,1,5898.0,5868.801830528882,2,10.0,20.647785473751245,-583.9633894223516,-0.9427377254972006,619.4335642125374,4,stop,2818038.0947602303
IF0,5477,5483,2025-03-10 02:00:00,2025-03-10 06:30:00,-1,3912.0,3921.580339909866,1,300.0,15.676627925898945,-2874.101972959761,-0.40741499405572384,7054.482566654526,6,stop,2818038.0947602303
IH0,5477,5483,2025-03-10 02:00:00,2025-03-10 06:30:00,-1,2659.8,2664.413433859082,1,300.0,10.721620823139734,-1384.0301577245555,-0.28686171834050783,4824.729370412881,6,stop,2818038.0947602303
LC0,3151,3159,2025-03-10 06:30:00,2025-03-11 06:30:00,-1,75800.0,75890.45741348193,1,1.0,354.18750276767065,-90.45741348192678,-0.170262761531825,531.281254151506,8,stop,2817454.131370808
M0,4260,4283,2025-03-10 13:30:00,2025-03-12 13:00:00,-1,2888.0,2849.4906096047775,4,10.0,22.76026720612688,1540.3756158088981,1.1279712446977495,1365.6160323676127,23,stop,2817454.131370808
I0,4282,4288,2025-03-12 06:30:00,2025-03-13 01:30:00,-1,770.5,777.257927057032,1,100.0,5.567309575853715,-675.792705703202,-0.8092391204951368,835.0964363780573,6,stop,2813105.5418266417
IC0,5485,5500,2025-03-11 02:00:00,2025-03-13 01:30:00,1,5979.0,6004.240654144217,1,200.0,33.7232019804056,5048.130828843387,0.49897701803608224,10116.96059412168,15,stop,2813195.9992401237
IF0,5492,5500,2025-03-12 01:30:00,2025-03-13 01:30:00,1,3936.0,3917.045673986799,1,300.0,15.799352249337932,-5686.297803960269,-0.799793380305414,7109.70851220207,8,stop,2813105.5418266417
JM0,4283,4288,2025-03-12 13:00:00,2025-03-13 01:30:00,1,1071.0,1066.0815180804652,2,60.0,6.688154873980788,-590.2178303441724,-0.49026794506701676,1203.8678773165418,5,stop,2813105.5418266417
IC0,5501,5508,2025-03-13 02:00:00,2025-03-14 01:30:00,-1,5954.2,5975.944962677394,1,200.0,36.16030425043274,-4348.992535478828,-0.4008993310601347,10848.09127512982,7,stop,2819018.255565591
SP0,4301,4307,2025-03-14 02:00:00,2025-03-14 13:00:00,1,5922.0,5897.093521536458,2,10.0,21.834021241402684,-498.1295692708409,-0.7604791985916372,655.0206372420805,6,stop,2808392.747395808
RU0,4308,4311,2025-03-14 13:30:00,2025-03-17 01:00:00,-1,17010.0,17058.7174624255,1,10.0,82.29239698381627,-487.17462425498525,-0.3946696107302951,1234.3859547572442,3,stop,2808392.747395808
EB0,4320,4323,2025-03-17 13:30:00,2025-03-18 01:00:00,1,8101.0,8050.550218404853,3,5.0,35.35959444831908,-756.7467239272082,-0.9511757206168125,795.5908750871793,3,stop,2807407.4432022823
NI0,3116,3123,2025-03-17 13:30:00,2025-03-18 01:00:00,-1,130490.0,131464.00633477778,1,1.0,850.3464644982165,-974.0063347777759,-0.7636152834500074,1275.5196967473248,7,stop,2807407.4432022823
I0,4311,4325,2025-03-17 01:00:00,2025-03-18 02:00:00,-1,781.0,780.1205911888169,1,100.0,4.670765379674136,87.94088111831115,0.1255195868625804,700.6148069511204,14,stop,2807894.617826537
IC0,5509,5528,2025-03-14 02:00:00,2025-03-18 05:00:00,1,6019.8,6104.556194342928,1,200.0,38.86190031455619,16951.238868585642,1.4539723766618753,11658.570094366856,19,stop,2808392.747395808
IF0,5509,5532,2025-03-14 02:00:00,2025-03-19 01:30:00,1,3964.4,3992.6146024204477,1,300.0,19.805521364958587,8464.380726134277,0.9497217770921524,8912.484614231364,23,stop,2808392.747395808
IH0,5509,5532,2025-03-14 02:00:00,2025-03-19 01:30:00,1,2710.8,2736.6521002702916,1,300.0,13.993358346919333,7755.630081087429,1.2316366869374058,6297.011256113699,23,stop,2808392.747395808
P0,4331,4340,2025-03-18 13:00:00,2025-03-19 05:30:00,1,9112.0,9059.911703955504,1,10.0,50.88311848043056,-520.8829604449602,-0.6824568095150454,763.2467772064583,9,stop,2822715.8698932813
JM0,4308,4343,2025-03-14 13:30:00,2025-03-19 13:00:00,-1,1073.0,1034.89445972167,2,60.0,6.946299963346819,4572.6648333995945,3.6571546942880366,1250.3339934024275,35,stop,2808392.747395808
LC0,3197,3208,2025-03-18 05:30:00,2025-03-20 01:00:00,-1,75540.0,75220.0,1,1.0,290.844250710116,320.0,0.7334968211077424,436.266376065174,11,stop,2822715.8698932813
P0,4342,4347,2025-03-19 06:30:00,2025-03-20 01:00:00,-1,8950.0,9018.881162624564,1,10.0,53.14771292754068,-688.8116262456424,-0.8640216587616714,797.2156939131103,5,stop,2838414.997740058
RM0,4348,4349,2025-03-20 01:30:00,2025-03-20 02:00:00,-1,2641.0,2668.5526795324354,5,10.0,19.012180177133107,-1377.6339766217689,-0.9661413289001033,1425.9135132849833,1,stop,2842618.850947212
NI0,3156,3161,2025-03-20 01:30:00,2025-03-20 06:00:00,-1,130110.0,129333.53811093915,1,1.0,734.7192574918718,776.4618890608544,0.7045429313245266,1102.0788862378076,5,stop,2843307.6625734577
FG0,4348,4354,2025-03-20 01:30:00,2025-03-20 06:30:00,-1,1166.0,1174.2990045419388,6,20.0,9.040374563911937,-995.8805450326508,-0.6119956264546356,1627.2674215041484,6,stop,2842987.6625734577
BU0,4352,4356,2025-03-20 05:30:00,2025-03-20 13:30:00,1,3508.0,3504.6484699241078,4,10.0,15.618101126138903,-134.0612030356897,-0.1430617823436092,937.0860675683342,4,stop,2841241.2169705904
P0,4348,4356,2025-03-20 01:30:00,2025-03-20 13:30:00,1,9048.0,9090.094890022072,1,10.0,52.9588996039158,420.9489002207192,0.5299064033543401,794.3834940587371,8,stop,2842618.850947212
P0,4361,4364,2025-03-21 02:00:00,2025-03-21 05:30:00,-1,9044.0,9086.897512243024,1,10.0,51.240410740359934,-428.9751224302381,-0.5581208480209057,768.606161105399,3,stop,2841308.686011804
SA0,4356,4364,2025-03-20 13:30:00,2025-03-21 05:30:00,-1,1421.0,1415.6475971925045,4,20.0,8.41809887174923,428.19222459964294,0.4238805688426054,1010.1718646099075,8,stop,2841021.7983146184
SN0,3177,3178,2025-03-21 06:00:00,2025-03-21 06:30:00,-1,274100.0,276662.74476350966,1,1.0,1758.380855853078,-2562.7447635096614,-0.9716305220904856,2637.571283779617,1,stop,2841307.903113973
SP0,4366,4370,2025-03-21 06:30:00,2025-03-21 14:30:00,-1,5788.0,5754.103523167316,2,10.0,21.41194585680909,677.9295366536826,1.0553758809642828,642.3583757042727,4,stop,2841307.903113973
SA0,4371,4383,2025-03-24 01:00:00,2025-03-25 01:00:00,1,1427.0,1436.2899515996862,4,20.0,9.77877379143958,743.1961279748975,0.6333412755573861,1173.4528549727495,12,stop,2838745.158350463
OI0,4396,4407,2025-03-26 01:30:00,2025-03-27 01:00:00,1,9132.0,9103.814907405918,1,10.0,35.405884695316935,-281.8509259408165,-0.5307044829153242,531.0882704297541,11,stop,2840166.2840150916
M0,4399,4410,2025-03-26 03:00:00,2025-03-27 02:30:00,-1,2842.0,2828.2245150232857,4,10.0,11.218303725833948,551.019399068573,0.818631486148338,673.0982235500369,11,stop,2840166.2840150916
CF0,4408,4416,2025-03-27 01:30:00,2025-03-27 13:30:00,-1,13555.0,13587.52289895485,2,5.0,26.718564399033763,-325.2289895485046,-0.8114931742871286,400.77846598550644,8,stop,2840166.2840150916
NI0,3252,3255,2025-03-28 01:30:00,2025-03-28 03:00:00,1,131210.0,130715.64285877984,1,1.0,459.2583812799609,-494.35714122015634,-0.7176165768855063,688.8875719199414,3,stop,2840110.223498671
LH0,5589,5595,2025-03-28 02:00:00,2025-03-31 01:00:00,-1,13300.0,13306.380966891504,1,16.0,57.069673763678324,-102.09547026405926,-0.07454007789293789,1369.6721703282797,6,stop,2840110.223498671
RM0,4424,4431,2025-03-28 05:30:00,2025-03-31 01:00:00,-1,2589.0,2595.0,5,10.0,13.55115036384205,-300.0,-0.2951778921052361,1016.3362772881538,7,stop,2839615.866357451
RM0,4432,4435,2025-03-31 01:30:00,2025-03-31 03:00:00,1,2613.0,2588.6902293267076,5,10.0,16.206513782194826,-1215.4885336646203,-1.0000000000000069,1215.4885336646119,3,stop,2839213.7708871868
LC0,3264,3269,2025-03-31 01:00:00,2025-03-31 05:30:00,-1,73960.0,74213.0865194317,1,1.0,324.7111266059385,-253.08651943170116,-0.5196136887928714,487.06668990890773,5,stop,2839615.866357451
RM0,4436,4438,2025-03-31 05:30:00,2025-03-31 06:30:00,-1,2580.0,2605.7091681843053,5,10.0,17.623262185893026,-1285.4584092152663,-0.9725466985291318,1321.7446639419768,2,stop,2837998.2823535223
BU0,4443,4445,2025-04-01 01:00:00,2025-04-01 02:00:00,1,3650.0,3625.2904370981773,3,10.0,17.110746859002898,-741.2868870546799,-0.962730737021048,769.9836086551304,2,stop,2836459.737424875
M0,4444,4446,2025-04-01 01:30:00,2025-04-01 02:30:00,-1,2794.0,2814.7086591295592,5,10.0,14.32929373404249,-1035.4329564779619,-0.9634649836398247,1074.6970300531868,2,stop,2836459.737424875
SC0,2404,2426,2025-03-31 14:00:00,2025-04-01 15:30:00,1,543.3,553.3408601645898,1,1000.0,2.44021664243695,10040.860164589845,2.7431608571066395,3660.324963655425,22,stop,2836459.737424875
V0,4452,4460,2025-04-01 13:30:00,2025-04-02 05:30:00,-1,5071.0,5085.0878751289565,5,5.0,16.681078837786558,-352.1968782239128,-0.5630281376863215,625.5404564169959,8,stop,2834683.0175813423
SC0,2447,2451,2025-04-02 16:30:00,2025-04-03 01:00:00,1,554.8,544.0,1,1000.0,1.9460311591829667,-10799.999999999955,-3.699837983592648,2919.0467387744498,4,stop,2844371.6808677083
V0,4464,4467,2025-04-02 13:30:00,2025-04-03 01:00:00,1,5115.0,5107.249676545364,5,5.0,18.388810245004148,-193.75808636589227,-0.28097969549140317,689.5803841876556,3,stop,2844371.6808677083
JM0,4462,4468,2025-04-02 06:30:00,2025-04-03 01:30:00,-1,994.5,1003.91121837064,2,60.0,6.664877862038123,-1129.3462044767966,-0.9413744273039104,1199.678015166862,6,stop,2844371.6808677083
CF0,4468,4474,2025-04-03 01:30:00,2025-04-03 06:30:00,-1,13495.0,13524.922139186037,2,5.0,36.214932294231794,-299.22139186037384,-0.5508250748233171,543.2239844134768,6,stop,2844371.6808677083
RM0,4468,4475,2025-04-03 01:30:00,2025-04-07 01:00:00,1,2568.0,2588.782360397764,5,10.0,16.167460514153063,1039.1180198882012,0.8569624722271032,1212.5595385614797,7,stop,2844371.6808677083
LC0,3286,3299,2025-04-02 06:00:00,2025-04-07 02:30:00,-1,73660.0,71932.72573074592,1,1.0,281.1750068731047,1727.2742692540778,4.095371748394415,421.76251030965705,13,stop,2844723.877745932
AG0,2455,2469,2025-04-03 03:00:00,2025-04-07 14:00:00,-1,8366.0,7696.446326834523,1,15.0,31.963220545183518,10043.305097482162,13.9650857401137,719.1724622666292,14,stop,2832248.5765768653
RU0,4470,4485,2025-04-03 02:30:00,2025-04-07 14:00:00,-1,16570.0,15129.220202268714,1,10.0,94.52414625561951,14407.797977312857,10.161634917671494,1417.8621938342928,15,stop,2832248.5765768653
NI0,3292,3341,2025-04-01 13:30:00,2025-04-08 02:00:00,-1,129030.0,119868.95554871473,1,1.0,745.2766168498583,9161.04445128527,8.194759944754699,1117.9149252747875,49,stop,2834683.0175813423
Y0,4472,4511,2025-04-03 05:30:00,2025-04-10 01:00:00,-1,7886.0,7650.0,1,10.0,34.015786444859344,2360.0,4.625303418704595,510.23679667289014,39,stop,2832248.5765768653
SC0,2544,2550,2025-04-11 13:30:00,2025-04-11 16:30:00,-1,464.5,470.7355637934459,1,1000.0,4.950644447577078,-6235.563793445919,-0.8396972501223486,7425.966671365617,6,stop,2870687.8950002273
AO0,3391,3405,2025-04-11 03:00:00,2025-04-14 02:00:00,1,2792.0,2842.9323016337066,2,20.0,21.921393658504137,2037.2920653482652,1.5489374573879815,1315.2836195102482,14,stop,2870687.8950002273
FG0,4516,4539,2025-04-10 05:30:00,2025-04-14 03:00:00,-1,1177.0,1156.894859194966,6,20.0,16.020644987001614,2412.6168966040677,0.8366346807029826,2883.71609766029,23,stop,2870687.8950002273
SA0,4544,4551,2025-04-14 13:30:00,2025-04-15 03:00:00,-1,1331.0,1331.6115087512894,5,20.0,7.751668118232886,-61.15087512894206,-0.05259158346843015,1162.750217734933,7,stop,2868902.240168734
OI0,4548,4552,2025-04-15 01:30:00,2025-04-15 05:30:00,-1,9272.0,9281.380257128345,1,10.0,40.597398733529424,-93.80257128344965,-0.15403707989460916,608.9609810029414,4,stop,2868902.240168734
AO0,3420,3427,2025-04-15 01:30:00,2025-04-15 13:00:00,-1,2796.0,2807.632729484612,2,20.0,15.791389553680302,-465.309179384476,-0.4911001000500219,947.4833732208181,7,stop,2868902.240168734
M0,4548,4559,2025-04-15 01:30:00,2025-04-16 01:00:00,-1,3093.0,3076.7997390976343,4,10.0,15.185480942390495,648.010436094628,0.711217114287215,911.1288565434296,11,stop,2868902.240168734
AO0,3428,3439,2025-04-15 13:30:00,2025-04-16 03:00:00,1,2815.0,2804.775800926968,2,20.0,17.329471981946654,-408.96796292128784,-0.39332604723650255,1039.7683189167992,11,stop,2868281.9775429373
OI0,4560,4564,2025-04-16 01:30:00,2025-04-16 05:30:00,1,9385.0,9330.167064254507,1,10.0,38.842198793199465,-548.3293574549316,-0.941123098916727,582.6329818979921,4,stop,2868929.987979032
TA0,4575,4579,2025-04-17 02:00:00,2025-04-17 06:00:00,1,4314.0,4312.747304087495,6,5.0,25.440266297652553,-37.5808773751578,-0.032827117395933074,1144.8119833943647,4,stop,2867972.690658656
BU0,4570,4578,2025-04-16 14:30:00,2025-04-17 06:30:00,1,3351.0,3341.2999830561,4,10.0,15.468125798605508,-388.0006777560084,-0.4180647382104383,928.0875479163305,8,stop,2867972.690658656
EB0,4575,4578,2025-04-17 03:00:00,2025-04-17 06:30:00,1,7416.0,7362.163120315701,3,5.0,37.85021072237692,-807.5531952644815,-0.9482444730921152,851.6297412534809,3,stop,2867972.690658656
SC0,2603,2630,2025-04-16 14:30:00,2025-04-18 01:00:00,1,479.1,491.52920321141266,1,1000.0,2.777959246448657,12429.203211412641,2.982813907319947,4166.938869672986,27,stop,2867972.690658656
I0,4579,4584,2025-04-17 13:00:00,2025-04-18 01:30:00,-1,707.5,711.9597192937332,2,100.0,4.241990951320156,-891.9438587466402,-0.7008846152528584,1272.5972853960468,5,stop,2866739.55590826
IM0,5297,5304,2025-04-17 02:00:00,2025-04-18 01:30:00,1,5688.6,5645.333854314189,1,200.0,45.14524016764994,-8653.22913716227,-0.6389177910397577,13543.57205029498,7,stop,2867972.690658656
IM0,5305,5309,2025-04-18 02:00:00,2025-04-18 05:30:00,-1,5605.2,5660.31953804613,1,200.0,40.44142388061945,-11023.90760922608,-0.9086316744408707,12132.427164185836,4,stop,2869623.586123764
FG0,4578,4594,2025-04-17 06:30:00,2025-04-18 14:30:00,-1,1166.0,1130.3648631770586,6,20.0,8.635348922031504,4276.216418752965,2.7511057279167863,1554.3628059656708,16,stop,2867972.690658656
SA0,4580,4594,2025-04-17 13:30:00,2025-04-18 14:30:00,-1,1348.0,1333.2325730099762,5,20.0,8.238166434969685,1476.742699002375,1.1950415671249701,1235.7249652454527,14,stop,2866739.55590826
AO0,3468,3483,2025-04-18 01:30:00,2025-04-21 01:00:00,-1,2832.0,2826.029402327229,2,20.0,17.114267395408188,238.82390691083856,0.2325777876756752,1026.8560437244912,15,stop,2866739.55590826
IM0,5310,5312,2025-04-18 06:00:00,2025-04-21 01:30:00,1,5696.6,5632.0,1,200.0,39.0833398972654,-12920.000000000073,-1.1019187914817952,11725.001969179619,2,stop,2858599.678514538
RU0,4596,4601,2025-04-21 01:30:00,2025-04-21 06:00:00,-1,14655.0,14771.131961284731,1,10.0,103.70440316407658,-1161.31961284731,-0.7465575728801156,1555.5660474611489,5,stop,2864591.461539204
AO0,3487,3494,2025-04-21 03:00:00,2025-04-21 14:30:00,1,2838.0,2829.518288198588,2,20.0,15.52266029814446,-339.268472056483,-0.36427225911467237,931.3596178886677,7,stop,2851671.461539204
SP0,4604,4609,2025-04-21 13:30:00,2025-04-22 02:00:00,-1,5350.0,5368.025486778053,2,10.0,26.407587181228237,-360.5097355610633,-0.4550582793838515,792.2276154368471,5,stop,2850510.141926357
SN0,3497,3507,2025-04-21 16:00:00,2025-04-22 13:00:00,-1,257940.0,259133.6235777946,1,1.0,1447.7093695786887,-1193.623577794613,-0.5496607734842897,2171.564054368033,10,stop,2850170.8734543007
SC0,2669,2685,2025-04-22 01:30:00,2025-04-22 17:30:00,1,493.5,497.9883799560041,1,1000.0,2.6095930010076516,4488.37995600411,1.1466360090816192,3914.3895015114776,16,stop,2850170.8734543007
AO0,3508,3518,2025-04-22 13:30:00,2025-04-23 02:30:00,1,2837.0,2828.0055413106097,2,20.0,15.089796298470725,-359.7783475756114,-0.3973748667193441,905.3877779082436,10,stop,2849810.3637187397
IF0,5692,5730,2025-04-17 01:30:00,2025-04-23 06:00:00,1,3680.0,3730.2844079885513,1,300.0,17.20495225944821,15085.32239656538,1.9484470606784066,7742.228516751695,38,stop,2867972.690658656
BU0,4615,4627,2025-04-22 13:00:00,2025-04-23 13:00:00,1,3385.0,3380.0,4,10.0,14.758895891988264,-200.0,-0.22585248637351005,885.5337535192959,12,stop,2849810.3637187397
TA0,4620,4629,2025-04-22 14:30:00,2025-04-23 13:00:00,1,4322.0,4363.709254696732,6,5.0,29.514166867594973,1251.2776409019716,0.9421295855161451,1328.1375090417737,9,stop,2848616.740140945
JM0,4620,4631,2025-04-23 01:30:00,2025-04-24 01:00:00,1,949.0,952.6671434289478,2,60.0,7.142236003511975,440.0572114737406,0.34229648596925233,1285.6024806321554,11,stop,2853105.1200969494
LH0,5724,5731,2025-04-23 01:30:00,2025-04-24 01:00:00,-1,14405.0,14355.0,1,16.0,52.23533207988147,800.0,0.6381376743687195,1253.6479699171555,7,stop,2853105.1200969494
IC0,5709,5732,2025-04-21 02:00:00,2025-04-24 01:30:00,1,5463.4,5481.198317672693,1,200.0,37.624382969484564,3559.663534538595,0.3153684971990705,11287.31489084537,23,stop,2864591.461539204
SC0,2698,2707,2025-04-23 14:30:00,2025-04-24 01:30:00,-1,487.1,490.2949248146075,1,1000.0,3.874912563400611,-3194.924814607475,-0.5496768872987797,5812.368845100917,9,stop,2868881.941786841
NI0,3532,3534,2025-04-24 01:30:00,2025-04-24 02:30:00,1,125920.0,125252.46954265599,1,1.0,469.50904629826437,-667.530457344008,-0.9478418113658622,704.2635694473965,2,stop,2870121.9989983146
AG0,2699,2710,2025-04-23 15:00:00,2025-04-24 03:00:00,1,8334.0,8294.160147957291,1,15.0,46.96798116094814,-597.5977806406354,-0.5654895251041668,1056.779576121333,11,stop,2868881.941786841
L0,4637,4638,2025-04-24 06:00:00,2025-04-24 06:30:00,-1,7107.0,7144.219620007789,4,5.0,24.813080005192305,-744.3924001557752,-1.0000000000000082,744.3924001557691,1,stop,2869221.6094802613
SP0,4640,4641,2025-04-24 13:30:00,2025-04-24 14:00:00,1,5420.0,5382.0,2,10.0,23.835237463857812,-760.0,-1.0628521478649893,715.0571239157343,1,stop,2868477.2170801056
EB0,4635,4644,2025-04-24 03:00:00,2025-04-25 01:30:00,-1,7244.0,7218.6839578751615,3,5.0,40.82565880358193,379.740631872578,0.4134008344545869,918.5773230805934,9,stop,2870486.737718246
FG0,4632,4647,2025-04-24 01:30:00,2025-04-25 03:00:00,-1,1143.0,1137.2776258651936,6,20.0,7.53498599355101,686.6848961767664,0.5062937201390961,1356.2974788391818,15,stop,2868881.941786841
RB0,4649,4651,2025-04-25 06:00:00,2025-04-25 13:00:00,-1,3105.0,3117.865748687405,4,10.0,11.031819570444519,-514.6299474961961,-0.777493298982378,661.9091742266711,2,stop,2868783.642608155
SC0,2722,2733,2025-04-24 17:00:00,2025-04-25 13:00:00,1,496.6,489.0,1,1000.0,2.9561716668773865,-7600.000000000023,-1.7139284309624068,4434.25750031608,11,stop,2867717.2170801056
AU0,2731,2742,2025-04-25 06:00:00,2025-04-25 17:30:00,-1,784.38,784.754132958502,1,1000.0,4.328215256438744,-374.1329585020594,-0.05762697961097497,6492.322884658116,11,stop,2868783.642608155
NI0,3556,3563,2025-04-25 13:30:00,2025-04-28 01:00:00,-1,124360.0,124533.30217862726,1,1.0,505.8059182719367,-173.3021786272584,-0.22841722798781205,758.7088774079051,7,stop,2868783.642608155
RB0,4652,4655,2025-04-25 13:30:00,2025-04-28 01:00:00,1,3146.0,3138.811391036115,4,10.0,14.205141252283749,-287.5443585554058,-0.3373712299518992,852.3084751370249,3,stop,2868269.012660659
SC0,2738,2752,2025-04-25 15:30:00,2025-04-28 13:00:00,1,494.9,495.7,1,1000.0,2.6796411537464064,800.0000000000114,0.1990316250322128,4019.46173061961,14,stop,2860669.012660659
V0,4652,4663,2025-04-25 13:30:00,2025-04-28 13:00:00,1,4997.0,4982.872890165018,5,5.0,17.66424510929025,-353.17774587454096,-0.5331715657844782,662.4091915983843,11,stop,2860669.012660659
EG0,4652,4664,2025-04-25 13:30:00,2025-04-28 13:30:00,1,4179.0,4173.457932291347,3,10.0,20.734136922409018,-166.26203125959364,-0.17819462751669113,933.0361615084058,12,stop,2868783.642608155
AU0,2756,2763,2025-04-28 15:00:00,2025-04-29 01:00:00,1,789.44,788.5527193409358,1,1000.0,3.680662718380884,-887.2806590642313,-0.16071030807092337,5520.994077571326,7,stop,2860114.5933878403
IC0,5749,5756,2025-04-28 02:00:00,2025-04-29 01:30:00,-1,5450.0,5483.670356247442,1,200.0,27.32831769366213,-6734.071249488443,-0.8213789233783414,8198.495308098638,7,stop,2859834.0331649743
AO0,3572,3595,2025-04-28 13:30:00,2025-04-30 01:00:00,-1,2824.0,2728.9200170657655,2,20.0,14.81850902624023,3803.199317369381,4.277532589631402,889.1105415744139,23,stop,2859834.0331649743
TA0,4682,4684,2025-04-30 01:30:00,2025-04-30 02:30:00,1,4454.0,4417.293278089779,6,5.0,25.804802739263412,-1101.2016573066285,-0.948317574344915,1161.2161232668536,2,stop,2856296.4407966575
HC0,4668,4686,2025-04-29 01:30:00,2025-04-30 06:30:00,-1,3211.0,3209.346266733503,4,10.0,13.9844737030422,66.14933065988225,0.078836634666597,839.068422182532,18,stop,2859227.312728776
RB0,4668,4687,2025-04-29 01:30:00,2025-05-06 01:00:00,-1,3101.0,3119.0,4,10.0,13.196992145506016,-720.0,-0.9092981088184077,791.819528730361,19,stop,2859227.312728776
EG0,4683,4689,2025-04-30 03:00:00,2025-05-06 02:00:00,-1,4174.0,4149.878911795369,3,10.0,18.445484997632814,723.6326461389217,0.8717973786982302,830.0468248934766,6,stop,2856296.4407966575
AU0,2791,2793,2025-05-06 01:30:00,2025-05-06 02:30:00,1,792.88,793.7856687979728,1,1000.0,3.5779813758144434,905.668797972794,0.16874855825963966,5366.972063721665,2,stop,2855261.388470011
AG0,2791,2797,2025-05-06 01:30:00,2025-05-06 06:30:00,1,8236.0,8226.593516580711,1,15.0,32.297906275682955,-141.0972512893295,-0.19416085032464905,726.7028912028666,6,stop,2855261.388470011
SC0,2754,2798,2025-04-28 14:00:00,2025-05-06 13:00:00,-1,489.2,460.6892837109419,1,1000.0,2.9441572367504896,28510.71628905811,6.455886239854458,4416.235855125734,44,stop,2860114.5933878403
TA0,4685,4697,2025-04-30 03:00:00,2025-05-06 13:00:00,-1,4422.0,4384.658444582777,6,5.0,26.627970706327158,1120.2466625167017,0.9348955109160345,1198.258681784722,12,stop,2855195.239139351
NI0,3612,3617,2025-05-06 13:30:00,2025-05-06 16:00:00,-1,123420.0,124165.4164286329,1,1.0,549.5574973416286,-745.4164286329033,-0.9042625897365328,824.3362460124429,5,stop,2856029.5926628327
SN0,3608,3620,2025-05-06 05:30:00,2025-05-07 01:30:00,1,261850.0,261388.5155399438,1,1.0,1290.6249308890779,-461.48446005620644,-0.23837778067110577,1935.9373963336168,12,stop,2856170.689914122
RU0,4688,4701,2025-05-06 01:30:00,2025-05-07 02:00:00,1,14820.0,14848.40795274117,1,10.0,99.62462167857767,284.0795274117045,0.19009994559259324,1494.369325178665,13,stop,2854541.388470011
AG0,2810,2812,2025-05-07 01:30:00,2025-05-07 02:30:00,-1,8194.0,8238.56949222846,1,15.0,31.2293790358171,-668.5423834269022,-0.9514436641502054,702.6610283058848,2,stop,2884915.1391857746
HC0,4696,4702,2025-05-06 13:30:00,2025-05-07 02:30:00,1,3233.0,3216.7280979972547,4,10.0,13.807160244020347,-650.8760801098106,-0.785674568613405,828.4296146412208,6,stop,2856029.5926628327
TA0,4698,4704,2025-05-06 13:30:00,2025-05-07 02:30:00,1,4426.0,4455.13499331015,6,5.0,36.473731749963356,874.0497993045028,0.5325292461595434,1641.3179287483513,6,stop,2885660.5556144076
EG0,4696,4704,2025-05-06 13:30:00,2025-05-07 05:30:00,1,4184.0,4205.298662260445,3,10.0,29.120680091108095,638.9598678133461,0.4875953490511221,1310.4306040998642,8,stop,2856029.5926628327
AG0,2813,2817,2025-05-07 03:00:00,2025-05-07 13:00:00,1,8259.0,8217.259947533057,1,15.0,31.951510838808375,-626.1007870041431,-0.8709040954279447,718.9089938731885,4,stop,2884069.191869703
BU0,4696,4710,2025-05-06 13:30:00,2025-05-07 14:30:00,1,3422.0,3408.257406022863,4,10.0,22.928491993639856,-549.7037590854779,-0.39957836392522783,1375.7095196183914,14,stop,2856029.5926628327
AG0,2818,2829,2025-05-07 13:30:00,2025-05-08 01:30:00,-1,8174.0,8180.712331594742,1,15.0,31.62098254052195,-100.68497392112931,-0.14151640367573806,711.4721071617439,11,stop,2884305.224669707
EG0,4708,4713,2025-05-07 13:30:00,2025-05-08 02:00:00,-1,4166.0,4187.1926114476155,3,10.0,22.908881840542634,-635.7783434284647,-0.6167218343559716,1030.8996828244185,5,stop,2884305.224669707
SN0,3637,3640,2025-05-08 02:00:00,2025-05-08 05:30:00,1,261800.0,261392.86130387444,1,1.0,1055.5450105199698,-407.138696125563,-0.25714279799715556,1583.3175157799546,3,stop,2883654.8359367005
EG0,4716,4727,2025-05-08 05:30:00,2025-05-09 03:00:00,1,4217.0,4206.408657127779,3,10.0,21.840980764184263,-317.7402861666178,-0.32328654671615337,982.8441343882918,11,stop,2883019.057593272
SN0,3661,3662,2025-05-09 14:00:00,2025-05-09 14:30:00,1,261560.0,259983.96664833705,1,1.0,1050.688901108631,-1576.033351662947,-1.0000000000000004,1576.0333516629464,1,stop,2882294.1786109796
BU0,4722,4747,2025-05-08 14:30:00,2025-05-13 01:00:00,1,3426.0,3462.0,4,10.0,16.56170815009526,1440.0,1.4491258862004492,993.7024890057157,25,stop,2882611.9188971464
EB0,4736,4747,2025-05-12 01:30:00,2025-05-13 01:00:00,1,7071.0,7319.963702705469,4,5.0,37.66237691104189,4979.2740541093735,4.406939110499551,1129.8713073312567,11,stop,2880718.1452593165
OI0,4743,4752,2025-05-12 13:00:00,2025-05-13 05:30:00,1,9405.0,9347.71929561163,1,10.0,45.276556210372576,-572.8070438836949,-0.8434196293879028,679.1483431555887,9,stop,2880718.1452593165
C0,4736,4755,2025-05-12 01:30:00,2025-05-13 13:00:00,-1,2360.0,2349.0822532922375,6,10.0,7.12766191504073,655.0648024657494,1.0211620433084756,641.4895723536656,19,stop,2880718.1452593165
M0,4760,4767,2025-05-14 01:30:00,2025-05-14 13:00:00,1,2910.0,2898.1915294869627,4,10.0,11.203798663237128,-472.33882052149056,-0.7026468354156963,672.2279197942277,7,stop,2887219.6770720086
NI0,3721,3723,2025-05-15 06:00:00,2025-05-15 13:00:00,-1,123590.0,124188.7567260414,1,1.0,416.7997007476756,-598.7567260414071,-0.9577049839004652,625.1995511215134,2,stop,2886747.338251487
OI0,4775,4783,2025-05-15 03:00:00,2025-05-16 01:00:00,-1,9296.0,9308.994535726108,1,10.0,34.390922240092536,-129.94535726107642,-0.25189856081573303,515.863833601388,8,stop,2886747.338251487
NI0,3727,3735,2025-05-15 15:00:00,2025-05-16 03:00:00,1,125210.0,124743.85375534474,1,1.0,448.82410241031965,-466.1462446552614,-0.6923963339638204,673.2361536154795,8,stop,2886148.5815254455
JM0,4780,4791,2025-05-15 13:30:00,2025-05-16 13:00:00,-1,870.0,863.1598998423265,2,60.0,7.551052542573138,820.8120189208239,0.6038981646694306,1359.1894576631648,11,stop,2886747.338251487
SA0,4784,4791,2025-05-16 01:30:00,2025-05-16 13:00:00,-1,1308.0,1304.9584658736248,5,20.0,10.734784342427588,304.15341263751543,0.18888962767228634,1610.2176513641382,7,stop,2886018.636168184
AL0,3740,3741,2025-05-16 13:30:00,2025-05-16 14:00:00,1,20255.0,20187.994741690967,1,5.0,57.593518785971426,-335.026291545164,-0.7756110956169356,431.95139089478573,1,stop,2885552.489923529
AO0,3740,3747,2025-05-16 13:30:00,2025-05-19 01:00:00,1,3113.0,3086.667754545612,2,20.0,39.43241174432995,-1053.2898181755263,-0.44518784234519154,2365.9447046597966,7,stop,2885552.489923529
NI0,3737,3747,2025-05-16 06:00:00,2025-05-19 01:00:00,-1,124020.0,124283.0194670719,1,1.0,432.24355986392567,-263.01946707190655,-0.4056655267147802,648.3653397958885,10,stop,2885552.489923529
LH0,5833,5846,2025-05-15 06:00:00,2025-05-19 02:30:00,-1,13810.0,13710.78822220143,1,16.0,48.400337543347746,1587.3884447771125,1.3665438828770513,1161.608101040346,13,stop,2886747.338251487
V0,4792,4799,2025-05-16 13:30:00,2025-05-19 03:00:00,1,4979.0,4956.974576619819,5,5.0,26.370936679742048,-550.6355845045164,-0.5568105435582402,988.9101254903268,7,stop,2886677.455355087
BU0,4791,4802,2025-05-16 13:00:00,2025-05-19 06:30:00,1,3506.0,3503.1866462841654,4,10.0,15.157346705365907,-112.53414863338548,-0.12373993815327726,909.4408023219544,11,stop,2885552.489923529
TA0,4803,4817,2025-05-19 06:00:00,2025-05-20 13:00:00,-1,4756.0,4736.023586437889,6,5.0,31.237470406523784,599.2924068633238,0.42633442683072953,1405.6861682935705,14,stop,2886062.872638567
FG0,4804,4816,2025-05-19 13:30:00,2025-05-20 13:30:00,1,1024.0,1016.7441542031996,7,20.0,7.888085587175117,-1015.8184115520521,-0.6132325109485225,1656.4979733067748,12,stop,2885950.3384899334
SC0,2990,2994,2025-05-20 14:00:00,2025-05-20 16:00:00,-1,463.4,466.143588132008,1,1000.0,1.9312764884333855,-2743.5881320080284,-0.947072449556778,2896.9147326500783,4,stop,2885533.812485245
SC0,2995,2997,2025-05-20 16:30:00,2025-05-20 17:30:00,1,467.9,467.8208347229115,1,1000.0,2.2388878912430394,-79.16527708846388,-0.023572797726378044,3358.331836864559,2,stop,2882790.224353237
LC0,3500,3528,2025-05-15 03:00:00,2025-05-21 01:00:00,-1,64180.0,61156.320587717244,2,1.0,597.4693029653546,6047.358824565512,3.3738742138724738,1792.4079088960639,28,stop,2886747.338251487
SC0,3011,3022,2025-05-21 15:00:00,2025-05-22 03:00:00,-1,465.0,462.1432621966286,1,1000.0,2.289110716211712,2856.737803371402,0.8319789232676539,3433.666074317568,11,stop,2888758.417900714
FG0,4832,4838,2025-05-22 01:30:00,2025-05-22 06:30:00,-1,1019.0,1017.2626194038407,7,20.0,6.26617257036222,243.23328346229573,0.1848422969152098,1315.896239776066,6,stop,2888758.417900714
TA0,4830,4846,2025-05-21 13:30:00,2025-05-23 01:30:00,-1,4748.0,4740.807263850096,6,5.0,27.97780695625042,215.78208449711383,0.17139146898709756,1259.0013130312689,16,stop,2888758.417900714
SP0,4839,4851,2025-05-22 13:00:00,2025-05-23 13:00:00,1,5420.0,5443.738845330221,2,10.0,24.659823688923687,474.7769066044202,0.6417684524615006,739.7947106677105,12,stop,2891858.388987548
FG0,4852,4855,2025-05-23 13:30:00,2025-05-26 01:00:00,1,1017.0,1012.628616004689,7,20.0,8.287145022015633,-611.9937593435429,-0.35165982846106836,1740.3004546232828,3,stop,2892074.1710720453
TA0,4854,4860,2025-05-23 13:30:00,2025-05-26 02:30:00,1,4736.0,4749.095847895321,6,5.0,27.623876025218024,392.8754368596219,0.3160514207194154,1243.074421134811,6,stop,2892548.9479786498
TA0,4861,4862,2025-05-26 03:00:00,2025-05-26 05:30:00,-1,4706.0,4748.458973095474,6,5.0,28.944903760852934,-1273.7691928642198,-0.9779262801326802,1302.5206692383817,1,stop,2892329.829656166
LC0,3548,3560,2025-05-23 03:00:00,2025-05-27 01:00:00,-1,61620.0,60832.99437680667,2,1.0,537.9204034305683,1574.0112463866535,0.9753681253139886,1613.7612102917049,12,stop,2892074.1710720453
SN0,3844,3851,2025-05-27 01:30:00,2025-05-27 13:00:00,-1,264850.0,265343.01990723383,1,1.0,649.0319650427291,-493.01990723382914,-0.5064156403055547,973.5479475640936,7,stop,2892630.0717096883
SC0,3103,3109,2025-05-28 13:30:00,2025-05-28 16:30:00,1,460.0,459.7224543103242,1,1000.0,2.2442983086146056,-277.545689675776,-0.08244468174022243,3366.4474629219085,6,stop,2892137.0518024545
BU0,4888,4890,2025-05-28 13:30:00,2025-05-28 14:30:00,1,3528.0,3502.536173727614,4,10.0,18.09629171356087,-1018.5530508954434,-0.9380863466557328,1085.777502813652,2,stop,2892137.0518024545
IF0,5883,5908,2025-05-23 06:30:00,2025-05-29 01:30:00,-1,3850.6,3820.324609113135,1,300.0,12.741182503460939,9082.61726605947,1.5841225034720323,5733.532126557422,25,stop,2892074.1710720453
OI0,4889,4892,2025-05-28 14:00:00,2025-05-29 01:30:00,-1,9363.0,9381.218848839713,1,10.0,31.26248557614126,-182.18848839713246,-0.3885135491512211,468.93728364211887,3,stop,2892137.0518024545
BU0,4900,4902,2025-05-29 13:30:00,2025-05-29 14:30:00,-1,3429.0,3457.7586606617956,4,10.0,21.954935859750695,-1150.346426471824,-0.8732633319300791,1317.2961515850418,2,stop,2899741.3818395454
OI0,4893,4903,2025-05-29 02:00:00,2025-05-30 01:00:00,1,9399.0,9383.032271658336,1,10.0,37.89738261506066,-159.67728341664042,-0.2808941275945948,568.46073922591,10,stop,2899741.3818395454
IC0,5909,5916,2025-05-29 02:00:00,2025-05-30 01:30:00,1,5637.0,5636.986439639508,1,200.0,26.403561141187783,-2.7120720984385116,-0.0003423871605722989,7921.068342356335,7,stop,2890840.9530618833
EB0,4900,4906,2025-05-29 13:30:00,2025-05-30 02:30:00,-1,7126.0,7145.214809021888,4,5.0,47.48137086234263,-384.2961804377592,-0.26978733866797683,1424.441125870279,6,stop,2899741.3818395454
IF0,5917,5919,2025-05-30 02:00:00,2025-05-30 03:00:00,-1,3801.6,3816.0914977822335,1,300.0,13.385931224133243,-4347.449334670091,-0.7217277871614536,6023.669050859959,2,stop,2898428.6460575587
M0,4904,4909,2025-05-30 01:30:00,2025-05-30 06:00:00,1,2977.0,2965.8995713139648,4,10.0,11.804863704649128,-444.0171474414092,-0.6268844754027687,708.2918222789476,5,stop,2898591.035413074
SC0,3122,3140,2025-05-29 13:30:00,2025-06-03 01:00:00,-1,456.0,462.6,1,1000.0,2.985553685696076,-6600.000000000023,-1.4737634834974216,4478.330528544114,18,stop,2899741.3818395454
TA0,4906,4913,2025-05-30 01:30:00,2025-06-03 01:00:00,-1,4700.0,4758.0,6,5.0,35.07957310462132,-1740.0,-1.102255906916176,1578.5807897079594,7,stop,2898431.3581296573
MA0,4912,4914,2025-06-03 01:30:00,2025-06-03 02:30:00,-1,2196.0,2216.933706014556,6,10.0,14.106250471988904,-1256.0223608733486,-0.9893347659901703,1269.5625424790014,2,stop,2893252.8833950097
OI0,4912,4916,2025-06-03 01:30:00,2025-06-03 05:30:00,1,9388.0,9360.269794933003,1,10.0,36.92207030916145,-277.3020506699686,-0.5006979084109158,553.8310546374216,4,stop,2893252.8833950097
SC0,3141,3145,2025-06-03 01:30:00,2025-06-03 05:30:00,1,467.1,462.5062092431081,1,1000.0,3.497365071642213,-4593.790756891905,-0.8756669974470919,5246.04760746332,4,stop,2886652.8833950097
P0,4912,4919,2025-06-03 01:30:00,2025-06-03 13:00:00,1,8184.0,8172.1815804541975,1,10.0,43.0057859701039,-118.18419545802499,-0.18320665896783042,645.0867895515586,7,stop,2893252.8833950097
V0,4912,4919,2025-06-03 01:30:00,2025-06-03 13:00:00,-1,4729.0,4757.368699532998,6,5.0,25.322651936560955,-851.0609859899432,-0.7468596260262208,1139.519337145243,7,stop,2884912.8833950097
MA0,4915,4924,2025-06-03 03:00:00,2025-06-04 01:30:00,1,2218.0,2237.049687494556,6,10.0,15.109851416530475,1142.9812496733666,0.840497455133383,1359.8866274877428,9,stop,2883656.8610341363
V0,4920,4925,2025-06-03 13:30:00,2025-06-04 02:00:00,1,4763.0,4759.307618297043,6,5.0,24.42452456148511,-110.77145108872173,-0.10078344803702986,1099.1036052668298,5,stop,2877816.5230451263
LC0,3601,3604,2025-06-04 01:30:00,2025-06-04 03:00:00,-1,59440.0,60164.02068359649,2,1.0,509.38088356967484,-1448.0413671929855,-0.9475825876079869,1528.1426507090246,3,stop,2877816.5230451263
I0,4924,4929,2025-06-04 01:30:00,2025-06-04 06:00:00,-1,700.5,705.6669295825808,2,100.0,4.271687892450618,-1033.3859165161584,-0.8063837547233325,1281.5063677351854,5,stop,2877816.5230451263
OI0,4917,4933,2025-06-03 06:00:00,2025-06-04 14:00:00,-1,9268.0,9158.545822829512,1,10.0,44.28198862694764,1094.5417717048804,1.6478359195139385,664.2298294042146,16,stop,2883379.558983466
FG0,4932,4943,2025-06-04 13:30:00,2025-06-05 13:00:00,-1,970.0,974.0,7,20.0,9.056703973795155,-560.0,-0.29444118681392834,1901.9078344969828,11,stop,2876367.305560002
RU0,4941,4943,2025-06-05 06:00:00,2025-06-05 13:00:00,-1,13505.0,13626.440237823888,1,10.0,82.1878630530479,-1214.402378238883,-0.9850622165100386,1232.8179457957185,2,stop,2877461.847331707
SA0,4940,4943,2025-06-05 05:30:00,2025-06-05 13:00:00,-1,1191.0,1204.15331274217,6,20.0,8.981865558481134,-1578.3975290604121,-0.9762866193389763,1616.7358005266044,3,stop,2877461.847331707
RM0,4944,4951,2025-06-05 13:30:00,2025-06-06 03:00:00,1,2589.0,2591.7432075842985,5,10.0,14.235982766857367,137.16037921492443,0.1284635620981934,1067.6987075143024,7,stop,2876901.847331707
RU0,4944,4952,2025-06-05 13:30:00,2025-06-06 05:30:00,1,13720.0,13640.128390848482,1,10.0,89.47585099400374,-798.7160915151799,-0.5951073819673841,1342.137764910056,8,stop,2875687.444953468
I0,4944,4955,2025-06-05 13:30:00,2025-06-06 13:00:00,1,708.0,706.4305843574335,2,100.0,3.9822278446867254,-313.88312851329374,-0.26273662277770077,1194.6683534060176,11,stop,2876901.847331707
P0,4951,4956,2025-06-06 03:00:00,2025-06-06 13:30:00,-1,8118.0,8133.142662679424,1,10.0,33.48051702725075,-151.42662679423665,-0.30152188046356676,502.20775540876116,5,stop,2874109.0474244077
FG0,4944,4958,2025-06-05 13:30:00,2025-06-06 14:30:00,1,995.0,999.170913369571,7,20.0,9.353058587614205,583.9278717399475,0.29729407626394994,1964.142303398983,14,stop,2876901.847331707
OI0,4951,4958,2025-06-06 03:00:00,2025-06-06 14:30:00,-1,9169.0,9140.91263200916,1,10.0,38.10106313692457,280.87367990839994,0.4914537929453892,571.5159470538686,7,stop,2874109.0474244077
V0,4944,4958,2025-06-05 13:30:00,2025-06-06 14:30:00,1,4790.0,4788.259711510677,6,5.0,26.433644034156778,-52.20865467967997,-0.043890744867258705,1189.513981537055,14,stop,2874109.0474244077
CF0,4944,4967,2025-06-05 13:30:00,2025-06-09 13:00:00,1,13345.0,13474.925460277336,2,5.0,34.732382937311904,1299.2546027733624,2.493839068703066,520.9857440596785,23,stop,2877461.847331707
BU0,4963,4971,2025-06-09 03:00:00,2025-06-10 01:00:00,-1,3504.0,3505.6913649411817,4,10.0,14.270010243086155,-67.65459764726984,-0.07901722621403234,856.2006145851693,8,stop,2873794.774853769
TA0,4962,4973,2025-06-09 01:30:00,2025-06-10 01:00:00,-1,4634.0,4629.485995447404,6,5.0,25.576544800247344,135.4201365778772,0.11766000419134678,1150.9445160111304,11,stop,2873794.774853769
HC0,4968,4972,2025-06-09 13:30:00,2025-06-10 01:30:00,-1,3078.0,3092.5597563158867,4,10.0,12.541271155478512,-582.3902526354686,-0.7739649426486539,752.4762693287107,4,stop,2875094.029456543
I0,4966,4972,2025-06-09 06:30:00,2025-06-10 01:30:00,-1,701.5,702.9409425839308,2,100.0,3.3496843085393153,-288.1885167861583,-0.286781768311203,1004.9052925617947,6,stop,2873794.774853769
RB0,4968,4974,2025-06-09 13:30:00,2025-06-10 02:30:00,-1,2969.0,2982.5990970299017,4,10.0,11.765226764948162,-543.9638811960685,-0.7705813808545906,705.9136058968897,6,stop,2875094.029456543
IH0,5969,5972,2025-06-10 05:30:00,2025-06-11 01:30:00,-1,2654.6,2667.033644292477,1,300.0,8.898596770515027,-3730.0932877431933,-0.93150599007366,4004.3685467317623,3,stop,2873747.2523448556
TA0,4981,4989,2025-06-10 13:00:00,2025-06-11 03:00:00,-1,4618.0,4615.46324881899,6,5.0,29.094276381954295,76.10253543030012,0.05812715297692075,1309.242437187943,8,stop,2873747.2523448556
BU0,4977,4988,2025-06-10 06:00:00,2025-06-11 05:30:00,-1,3491.0,3485.0327517969613,4,10.0,13.410941592233025,238.6899281215483,0.29663580601949935,804.6564955339816,11,stop,2873747.2523448556
SA0,4987,4988,2025-06-11 03:00:00,2025-06-11 05:30:00,-1,1193.0,1205.0336403720933,6,20.0,8.02242691472887,-1444.0368446511911,-0.9999999999999961,1444.0368446511968,1,stop,2870017.1590571124
IF0,5973,5980,2025-06-11 02:00:00,2025-06-12 01:30:00,1,3896.4,3870.2,1,300.0,15.826565979462012,-7860.000000000082,-1.1036295990762102,7121.954690757906,7,stop,2873747.2523448556
IH0,5973,5980,2025-06-11 02:00:00,2025-06-12 01:30:00,1,2692.4,2671.0,1,300.0,10.899271719145132,-6420.000000000027,-1.3089559591038173,4904.672273615309,7,stop,2870017.1590571124
AO0,4011,4016,2025-06-12 01:00:00,2025-06-12 05:30:00,-1,2888.0,2896.0264640038044,2,20.0,13.97582113535115,-321.05856015217796,-0.38287381834053885,838.549268121069,5,stop,2868887.914676013
FG0,4987,5007,2025-06-11 03:00:00,2025-06-13 01:00:00,-1,991.0,980.5281070602819,7,20.0,7.216431659959307,1466.0650115605404,0.9674119133626583,1515.4506485914544,20,stop,2870017.1590571124
JM0,4992,5007,2025-06-11 13:30:00,2025-06-13 01:00:00,-1,776.0,769.6765548679854,3,60.0,7.486038886782338,1138.2201237626327,0.563132272189107,2021.230499431231,15,stop,2868887.914676013
EG0,5008,5012,2025-06-13 01:30:00,2025-06-13 05:30:00,1,4330.0,4366.200932781178,3,10.0,23.543510984204723,1086.0279834353514,1.0250788509684752,1059.4579942892126,4,stop,2854286.856115861
I0,5011,5012,2025-06-13 03:00:00,2025-06-13 05:30:00,1,709.0,703.904844123611,2,100.0,3.396770584259337,-1019.0311752777916,-0.9999999999999907,1019.0311752778011,1,stop,2856891.141251184
JM0,5008,5012,2025-06-13 01:30:00,2025-06-13 05:30:00,1,774.0,775.8464607630026,3,60.0,6.7698563696922625,332.3629373404674,0.1818316039189008,1827.8612198169108,4,stop,2856891.141251184
P0,5008,5012,2025-06-13 01:30:00,2025-06-13 05:30:00,1,8126.0,8151.310144962236,1,10.0,31.834120447013294,253.10144962236336,0.5300422860091083,477.51180670519943,4,stop,2856891.141251184
L0,5008,5014,2025-06-13 01:30:00,2025-06-13 06:30:00,1,7199.0,7250.843234296782,3,5.0,30.70368838548431,777.6485144517255,1.1256678925322312,690.8329886733969,6,stop,2856891.141251184
RU0,5008,5014,2025-06-13 01:30:00,2025-06-13 06:30:00,1,13840.0,13841.287297664403,1,10.0,82.06138264737875,12.872976644030132,0.010458006132105492,1230.9207397106811,6,stop,2856891.141251184
V0,5016,5020,2025-06-13 13:30:00,2025-06-16 01:30:00,-1,4811.0,4830.65349061837,5,5.0,21.436189106247344,-491.3372654592422,-0.6112246451070259,803.8570914842753,4,stop,2858334.1239374005
I0,5018,5028,2025-06-13 14:30:00,2025-06-16 13:30:00,1,703.5,700.9522402510563,2,100.0,4.179755838032829,-509.55194978873806,-0.4063650043480011,1253.9267514098487,10,stop,2858334.1239374005
HC0,5018,5030,2025-06-13 14:30:00,2025-06-16 14:30:00,1,3094.0,3089.247036600404,4,10.0,12.131502861038982,-190.11853598383823,-0.2611912392629919,727.8901716623388,12,stop,2858334.1239374005
IC0,5997,6004,2025-06-16 02:00:00,2025-06-17 01:30:00,1,5766.2,5738.551701133748,1,200.0,22.222437688088288,-5529.659773250387,-0.8294409237582436,6666.731306426486,7,stop,2858334.1239374005
SA0,5064,5068,2025-06-19 13:30:00,2025-06-20 01:30:00,-1,1165.0,1174.4084127840267,6,20.0,6.345982302949258,-1129.0095340832067,-0.98838523177667,1142.2768145308664,4,stop,2851613.456412918
RU0,5067,5071,2025-06-20 01:00:00,2025-06-20 03:00:00,1,14020.0,13931.098223399433,1,10.0,70.60809436867132,-889.0177660056725,-0.8393917382557469,1059.1214155300697,4,stop,2851613.456412918
SA0,5069,5071,2025-06-20 02:00:00,2025-06-20 03:00:00,1,1185.0,1175.0735120675995,6,20.0,7.306196464287462,-1191.1785518880606,-0.9057597416038996,1315.1153635717433,2,stop,2850484.4468788346
AO0,4109,4112,2025-06-20 02:00:00,2025-06-20 05:30:00,1,2916.0,2895.5316296338196,2,20.0,14.002932570591067,-818.7348146472141,-0.9744801794431731,840.1759542354639,3,stop,2851613.456412918
SP0,5076,5080,2025-06-20 13:30:00,2025-06-23 01:30:00,1,5368.0,5304.131980151764,2,10.0,46.45553611544509,-1277.360396964723,-0.9165469491733611,1393.6660834633528,4,stop,2847585.5157462936
SR0,5068,5080,2025-06-20 01:30:00,2025-06-23 01:30:00,1,5703.0,5715.749156843818,2,10.0,13.536767008460142,254.98313687636255,0.6278779778485377,406.1030102538042,12,stop,2851613.456412918
SC0,3407,3409,2025-06-23 01:30:00,2025-06-23 02:30:00,1,585.4,576.6,1,1000.0,6.141013344400606,-8799.999999999955,-0.9553255037323571,9211.520016600909,2,stop,2847585.5157462936
SA0,5076,5084,2025-06-20 13:30:00,2025-06-23 05:30:00,-1,1166.0,1172.332114416881,6,20.0,7.019761756944176,-759.8537300257249,-0.6013608093006962,1263.5571162499516,8,stop,2847585.5157462936
EG0,5085,5087,2025-06-23 06:00:00,2025-06-23 13:00:00,1,4501.0,4466.8490125646,3,10.0,23.518657645928208,-1024.5296230619897,-0.9680537596870381,1058.3395940667692,2,stop,2837763.138486205
SN0,4124,4131,2025-06-23 01:30:00,2025-06-23 13:00:00,-1,262460.0,262780.0344510817,1,1.0,1031.9694516825998,-320.03445108170854,-0.20674672140078085,1547.9541775238997,7,stop,2847585.5157462936
PP0,5085,5089,2025-06-23 06:00:00,2025-06-23 14:00:00,1,7260.0,7226.004267390836,3,5.0,24.851500622379397,-509.9359891374661,-0.9119699483673676,559.1587640035364,4,stop,2837763.138486205
SC0,3416,3420,2025-06-23 14:00:00,2025-06-23 16:00:00,-1,562.6,567.3548610208937,1,1000.0,6.018875178942184,-4754.861020893713,-0.5266610874990078,9028.312768413276,4,stop,2835658.7206820357
L0,5085,5091,2025-06-23 06:00:00,2025-06-24 01:00:00,1,7439.0,7200.0,3,5.0,26.723815145293432,-3585.0,-5.962222551947076,601.2858407691023,6,stop,2837763.138486205
LC0,3713,3716,2025-06-24 01:30:00,2025-06-24 03:00:00,1,59680.0,59126.102768679484,2,1.0,398.2533766480058,-1107.7944626410317,-0.927210772168083,1194.7601299440175,3,stop,2826808.9236720046
SN0,4148,4160,2025-06-24 13:30:00,2025-06-25 05:30:00,-1,261810.0,262440.68135957664,1,1.0,796.2792304603437,-630.6813595766434,-0.5280236173869435,1194.4188456905156,12,stop,2825701.1292093634
SN0,4164,4171,2025-06-25 13:30:00,2025-06-26 01:00:00,1,266820.0,266400.8347714747,1,1.0,1017.6897488262179,-419.16522852529306,-0.2745861260819744,1526.5346232393267,7,stop,2825070.447849787
IF0,6045,6066,2025-06-24 02:00:00,2025-06-26 06:00:00,1,3846.8,3902.063659139536,1,300.0,15.869948876915513,16579.097741860733,2.321522250140852,7141.47699461198,21,stop,2826808.9236720046
SP0,5088,5125,2025-06-23 13:30:00,2025-06-26 14:00:00,-1,5198.0,5086.407689453615,2,10.0,40.194187762763846,2231.846210927706,1.8508863554274901,1205.8256328829154,37,stop,2835658.7206820357
I0,5121,5139,2025-06-26 06:00:00,2025-06-30 01:00:00,1,703.5,716.9348226191445,2,100.0,2.6032809321168964,2686.9645238288967,3.4404847752946277,780.9842796350689,18,stop,2824651.2826212617
JM0,5110,5140,2025-06-25 06:30:00,2025-06-30 01:30:00,1,802.0,839.531658032549,2,60.0,5.522307142556473,4503.798963905879,4.530915197058289,994.0152856601652,30,stop,2825070.447849787
TA0,5154,5159,2025-07-01 01:30:00,2025-07-01 06:00:00,-1,4802.0,4795.714584802014,5,5.0,22.91767304492508,157.13537994965918,0.1828404127436262,859.4127391846905,5,stop,2850652.990061785
SN0,4227,4230,2025-07-01 13:00:00,2025-07-01 14:30:00,1,270550.0,269178.0839664907,1,1.0,935.11062156934,-1371.9160335093038,-0.9780775321226342,1402.66593235401,3,stop,2850810.1254417347
FG0,5164,5166,2025-07-02 01:30:00,2025-07-02 02:30:00,1,996.0,997.0,7,20.0,6.121018424757772,140.0,0.10891433751778791,1285.4138691991325,2,stop,2849438.2094082255
C0,5164,5170,2025-07-02 01:30:00,2025-07-02 06:30:00,-1,2368.0,2368.2437551093544,6,10.0,5.112836938183511,-14.625306561265461,-0.031783412653488045,460.155324436516,6,stop,2849438.2094082255
SA0,5167,5171,2025-07-02 03:00:00,2025-07-02 13:00:00,1,1187.0,1190.6257656054672,6,20.0,7.8080865535638155,435.0918726560667,0.30957354964363437,1405.4555796414868,4,stop,2849578.2094082255
AO0,4239,4244,2025-07-02 03:00:00,2025-07-02 13:30:00,1,2971.0,3043.1988955990446,2,20.0,13.288638975458245,2887.9558239617836,3.6220862915248193,797.3183385274947,5,stop,2849438.2094082255
V0,5167,5175,2025-07-02 03:00:00,2025-07-03 01:00:00,1,4889.0,4903.045576334308,5,5.0,17.415925695913135,351.1394083576988,0.5376525899167459,653.0972135967426,8,stop,2849578.2094082255
I0,5167,5176,2025-07-02 03:00:00,2025-07-03 01:30:00,1,714.5,722.1753829065666,1,100.0,2.787398204558513,767.5382906566597,1.8357341011925916,418.1097306837769,9,stop,2849578.2094082255
RU0,5179,5181,2025-07-03 03:00:00,2025-07-03 06:00:00,-1,13945.0,14033.76710026464,1,10.0,61.91657456358709,-887.6710026464025,-0.9557710073627992,928.7486184538063,2,stop,2854005.309497297
JM0,5167,5183,2025-07-02 03:00:00,2025-07-03 13:00:00,1,825.0,848.6973651525292,2,60.0,6.508257875092336,2843.6838183035024,2.4274150991282473,1171.4864175166203,16,stop,2849578.2094082255
LH0,6093,6112,2025-07-02 02:00:00,2025-07-04 05:30:00,1,14210.0,14302.48509983043,1,16.0,66.0709515041114,1479.7615972868807,0.933189727356204,1585.7028360986737,19,stop,2849438.2094082255
SA0,5188,5193,2025-07-04 01:30:00,2025-07-04 06:00:00,1,1191.0,1177.6464092339756,5,20.0,9.139812793800951,-1335.3590766024354,-0.9740236528755002,1370.971919070143,5,stop,2855961.322312954
AO0,4288,4289,2025-07-07 05:30:00,2025-07-07 06:00:00,1,3056.0,3029.505105186744,2,20.0,17.663263208837474,-1059.7957925302399,-0.9999999999999919,1059.7957925302485,1,stop,2856105.7248336384
IC0,6115,6124,2025-07-04 06:30:00,2025-07-08 01:30:00,-1,5753.6,5772.950691713536,1,200.0,28.19717770121504,-3870.138342707105,-0.4575089492662638,8459.153310364512,9,stop,2857441.083910241
IM0,5719,5728,2025-07-04 06:30:00,2025-07-08 01:30:00,-1,6099.0,6136.078365226311,1,200.0,30.900329021820163,-7415.673045262156,-0.7999562119037205,9270.098706546049,9,stop,2857441.083910241
SC0,3605,3634,2025-07-07 13:30:00,2025-07-09 01:00:00,1,509.5,514.8807608151957,1,1000.0,2.4100406359558226,5380.760815195686,1.4884287938051508,3615.060953933734,29,stop,2855045.929041108
IC0,6125,6139,2025-07-08 02:00:00,2025-07-09 06:30:00,1,5810.6,5825.785809361864,1,200.0,26.078118706080048,3037.1618723727806,0.388213314848855,7823.435611824014,14,stop,2851175.790698401
IM0,5729,5744,2025-07-08 02:00:00,2025-07-10 01:30:00,1,6177.0,6205.905352172258,1,200.0,28.203550079069586,5781.0704344516125,0.6832556443242299,8461.065023720876,15,stop,2843760.117653139
HC0,5232,5256,2025-07-09 13:30:00,2025-07-11 13:30:00,1,3219.0,3263.21007739551,4,10.0,10.70529938362519,1768.4030958203948,2.753158400728368,642.3179630175115,24,stop,2849140.8784683347
M0,5240,5256,2025-07-10 05:30:00,2025-07-11 13:30:00,1,2953.0,2971.2400558318736,4,10.0,8.245730089658123,729.6022332749453,1.4747071622560544,494.7438053794873,16,stop,2857959.110775159
RB0,5232,5256,2025-07-09 13:30:00,2025-07-11 13:30:00,1,3088.0,3125.5102256242612,4,10.0,9.890412205231561,1500.4090249704495,2.5283897742516133,593.4247323138936,24,stop,2849140.8784683347
TA0,5261,5262,2025-07-14 01:00:00,2025-07-14 01:30:00,1,4744.0,4715.624543586935,6,5.0,18.916970942043335,-851.263692391949,-0.9999999999999987,851.2636923919501,1,stop,2861957.525129225
LC0,3825,3827,2025-07-14 01:30:00,2025-07-14 02:30:00,1,67020.0,65852.58253205502,2,1.0,801.2227974989592,-2334.8349358899577,-0.9713631643941463,2403.6683924968775,2,stop,2861957.525129225
SN0,4372,4378,2025-07-14 13:30:00,2025-07-14 16:30:00,-1,263720.0,265102.07319238706,1,1.0,1091.282038035328,-1382.0731923870626,-0.8443116409364138,1636.9230570529921,6,stop,2858771.426500943
AO0,4375,4379,2025-07-14 15:00:00,2025-07-15 01:00:00,1,3187.0,3157.5596502771605,2,20.0,22.35512657850745,-1177.6139889135811,-0.8779596816998543,1341.307594710447,4,stop,2858771.426500943
MA0,5260,5271,2025-07-14 01:30:00,2025-07-15 01:00:00,1,2389.0,2389.7689171980464,5,10.0,10.792314079067767,38.4458599023219,0.0474978268431353,809.4235559300826,11,stop,2861957.525129225
NI0,4372,4386,2025-07-14 13:30:00,2025-07-15 06:30:00,-1,119560.0,119430.39568157608,1,1.0,412.1471252898412,129.60431842392427,0.20964086280723246,618.2206879347618,14,stop,2858771.426500943
SC0,3704,3718,2025-07-14 15:30:00,2025-07-15 13:00:00,-1,520.4,520.6934308557876,1,1000.0,2.0778511022032498,-293.4308557876193,-0.09414561530306634,3116.776653304875,14,stop,2858771.426500943
NI0,4393,4398,2025-07-15 16:00:00,2025-07-16 02:30:00,1,120980.0,120749.13587338319,1,1.0,392.0099970381928,-230.86412661681243,-0.39261605292567703,588.0149955572892,5,stop,2856086.3586421814
OI0,5296,5297,2025-07-17 01:30:00,2025-07-17 02:00:00,-1,9376.0,9441.0,1,10.0,33.23926708637486,-650.0,-1.3036789656260546,498.5890062956229,1,stop,2855855.4945155648
RB0,5292,5299,2025-07-16 13:30:00,2025-07-17 03:00:00,1,3123.0,3116.0582258600693,4,10.0,10.415778110753022,-277.6709655972263,-0.44431144532953787,624.9466866451813,7,stop,2855855.4945155648
HC0,5292,5300,2025-07-16 13:30:00,2025-07-17 05:30:00,1,3273.0,3271.219750723493,4,10.0,11.095355753864823,-71.20997106028881,-0.1069666333674255,665.7213452318894,8,stop,2855855.4945155648
JM0,5287,5302,2025-07-16 03:00:00,2025-07-17 06:30:00,-1,903.0,906.2075671195739,2,60.0,7.134809682791855,-384.9080543488708,-0.29971059843031445,1284.265742902534,15,stop,2856086.3586421814
FG0,5298,5310,2025-07-17 02:30:00,2025-07-18 02:30:00,1,1085.0,1091.2828064178655,6,20.0,7.951843308647847,753.936770143855,0.5267379460753655,1431.3317955566126,12,stop,2855855.4945155648
JM0,5303,5310,2025-07-17 13:00:00,2025-07-18 02:30:00,1,922.5,931.0611572241826,2,60.0,8.132070895265285,1027.3388669019096,0.7018431372478664,1463.7727611477512,7,stop,2854471.705524558
SA0,5303,5310,2025-07-17 13:00:00,2025-07-18 02:30:00,1,1225.0,1221.0453520437388,5,20.0,7.857970300736972,-395.46479562611694,-0.3355105542449706,1178.6955451105457,7,stop,2854471.705524558
IH0,6189,6192,2025-07-18 02:00:00,2025-07-18 05:00:00,1,2762.8,2753.09027782687,1,300.0,9.434735881394557,-2912.916651939031,-0.6860974378927995,4245.63114662755,3,stop,2854471.705524558
SC0,3774,3779,2025-07-18 06:30:00,2025-07-18 15:00:00,1,515.1,515.7334040600359,1,1000.0,2.287154071160786,633.4040600359003,0.18462655344550313,3430.731106741179,5,stop,2852944.599714039
M0,5292,5319,2025-07-16 13:30:00,2025-07-21 01:00:00,1,2999.0,3052.7984525182837,4,10.0,9.636035512706902,2151.9381007313496,3.7220322574458824,578.1621307624141,27,stop,2855855.4945155648
MA0,5316,5333,2025-07-18 13:30:00,2025-07-22 02:00:00,1,2394.0,2402.2122111115173,5,10.0,10.425567268733683,410.61055557586315,0.5251328073146815,781.9175451550262,17,stop,2852944.599714039
V0,5316,5334,2025-07-18 13:30:00,2025-07-22 02:30:00,1,5018.0,5138.7004906174425,5,5.0,25.30090226545828,3017.512265436062,3.1804001652074736,948.7838349546855,18,stop,2852944.599714039
I0,5363,5373,2025-07-24 13:00:00,2025-07-25 06:00:00,-1,814.0,803.6498804295528,1,100.0,6.744300834017714,1035.011957044719,1.0230978545363827,1011.6451251026572,10,stop,2859158.064695818
NI0,4519,4523,2025-07-25 15:00:00,2025-07-28 01:00:00,-1,123180.0,122382.73684612519,1,1.0,795.4589305924808,797.2631538748101,0.6681787692722116,1193.188395888721,4,stop,2860193.0766528626
AO0,4513,4525,2025-07-25 06:00:00,2025-07-28 02:00:00,-1,3389.0,3288.1638964099975,2,20.0,43.7270338847692,4033.4441436001,1.537357169872362,2623.6220330861524,12,stop,2859158.064695818
C0,5380,5387,2025-07-28 01:30:00,2025-07-28 13:00:00,1,2318.0,2316.827053220396,6,10.0,7.050494229640216,-70.37680677623939,-0.11090917803302658,634.5444806676194,7,stop,2860193.0766528626
HC0,5395,5403,2025-07-29 03:00:00,2025-07-30 01:00:00,1,3457.0,3511.585169761167,4,10.0,22.0126449392093,2183.406790446679,1.6531458747736683,1320.758696352558,8,stop,2864953.4071435616
RB0,5395,5403,2025-07-29 03:00:00,2025-07-30 01:00:00,1,3304.0,3348.7312793502456,4,10.0,21.19607973550772,1789.2511740098234,1.406904166821366,1271.764784130463,8,stop,2864953.4071435616
V0,5400,5403,2025-07-29 13:30:00,2025-07-30 01:00:00,1,5228.0,5228.049689770753,5,5.0,32.09047224064768,1.2422442688148294,0.0010322850217549034,1203.392709024288,3,stop,2864953.4071435616
P0,5397,5404,2025-07-29 06:00:00,2025-07-30 01:30:00,1,8984.0,8927.396384010866,1,10.0,45.404556806869955,-566.0361598913369,-0.8311003706801112,681.0683521030494,7,stop,2864953.4071435616
SC0,3890,3937,2025-07-28 13:30:00,2025-07-30 18:00:00,1,514.8,531.8378045132163,1,1000.0,2.6705280245534952,17037.804513216317,4.253292321859579,4005.7920368302434,47,stop,2864953.4071435616
BU0,5388,5417,2025-07-28 13:30:00,2025-07-31 02:00:00,1,3615.0,3659.343254557583,3,10.0,17.22360098132467,1330.2976367274869,1.716375671795297,775.0620441596101,29,stop,2865023.7839503377
NI0,4556,4579,2025-07-30 01:30:00,2025-07-31 13:00:00,-1,121850.0,120163.42066057303,1,1.0,412.36111875986336,1686.5793394269713,2.726702822191703,618.5416781397951,23,stop,2867136.813934008
HC0,5410,5425,2025-07-30 06:30:00,2025-07-31 14:00:00,-1,3480.0,3415.208483157764,4,10.0,24.173729242466663,2591.660673689439,1.7868299974837951,1450.4237545479998,15,stop,2868361.2711923956
I0,5410,5426,2025-07-30 06:30:00,2025-07-31 14:30:00,-1,788.0,786.3522278064387,1,100.0,5.848094440344803,164.7772193561309,0.1878414938255975,877.2141660517204,16,stop,2868361.2711923956
C0,5421,5427,2025-07-31 06:00:00,2025-08-01 01:00:00,-1,2296.0,2296.9000629981783,6,10.0,6.081506127563739,-54.00377989069966,-0.09866667667503108,547.3355514807365,6,stop,2886729.3733423394
RM0,5424,5427,2025-07-31 13:30:00,2025-08-01 01:00:00,-1,2676.0,2700.750874970161,5,10.0,16.906001949315698,-1237.543748508051,-0.9760192482474291,1267.9501461986774,3,stop,2888415.9526817664
RB0,5410,5428,2025-07-30 06:30:00,2025-08-01 01:30:00,-1,3312.0,3230.0473959108967,4,10.0,21.787369647689967,3278.1041635641304,2.5076487100648364,1307.2421788613979,18,stop,2868361.2711923956
AO0,4560,4589,2025-07-30 05:30:00,2025-08-01 02:00:00,-1,3325.0,3244.952771340887,2,20.0,31.864553906253178,3201.8891463645195,1.674739249859791,1911.8732343751908,29,stop,2868361.2711923956
CF0,5379,5439,2025-07-28 01:00:00,2025-08-04 01:00:00,-1,14150.0,13610.36927069541,2,5.0,76.454962758878,5396.307293045902,4.705434500975134,1146.8244413831699,60,stop,2860193.0766528626
I0,5436,5439,2025-08-01 13:30:00,2025-08-04 01:00:00,1,792.5,784.4472698585303,1,100.0,5.512216511824428,-805.2730141469738,-0.9739252348785132,826.8324767736642,3,stop,2896360.836356342
V0,5410,5447,2025-07-30 06:30:00,2025-08-04 13:00:00,-1,5161.0,4992.276175397436,5,5.0,35.612467694051766,4218.0956150640895,3.15851602032706,1335.4675385269413,37,stop,2868361.2711923956
I0,5443,5452,2025-08-04 03:00:00,2025-08-05 01:30:00,1,791.5,791.7518988359126,1,100.0,5.111696154222289,25.189883591258422,0.032852609429131055,766.7544231333434,9,stop,2900951.870635241
TA0,5419,5468,2025-07-31 02:00:00,2025-08-06 02:30:00,-1,4836.0,4690.35384997577,5,5.0,21.466404172342337,3641.1537506057584,4.523227671012959,804.9901564628376,49,stop,2885399.075705612
IC0,6283,6301,2025-08-04 06:30:00,2025-08-07 02:00:00,1,6164.2,6233.8440984276585,1,200.0,28.9994607173585,13928.819685531744,1.601043529888153,8699.83821520755,18,stop,2900951.870635241
IM0,5887,5905,2025-08-04 06:30:00,2025-08-07 02:00:00,1,6631.4,6733.605844545748,1,200.0,33.51867511314626,20441.168909149746,2.0328139303585395,10055.602533943878,18,stop,2900951.870635241
I0,5472,5479,2025-08-06 13:30:00,2025-08-07 03:00:00,-1,789.5,795.1460371105172,1,100.0,4.185724934903577,-564.6037110517227,-0.8992527695639241,627.8587402355366,7,stop,2908836.309884502
RM0,5472,5479,2025-08-06 13:30:00,2025-08-07 03:00:00,-1,2727.0,2725.380575331107,5,10.0,16.938911036340883,80.97123344464308,0.0637358826439525,1270.4183277255663,7,stop,2908836.309884502
RM0,5481,5495,2025-08-07 06:00:00,2025-08-08 13:00:00,1,2734.0,2748.7273452755385,5,10.0,16.606521193731773,736.3672637769241,0.5912273900808479,1245.489089529883,14,stop,2942722.6660015765
V0,5484,5496,2025-08-07 13:30:00,2025-08-08 13:30:00,-1,5009.0,5016.964178476856,5,5.0,22.642423516316043,-199.1044619214108,-0.23449134382979442,849.0908818618516,12,stop,2942722.6660015765
SA0,5503,5511,2025-08-11 03:00:00,2025-08-12 01:00:00,1,1348.0,1334.7495224628674,5,20.0,11.868420118597594,-1325.047753713261,-0.7442988707131771,1780.263017789639,8,stop,2943259.928803432
OI0,5505,5514,2025-08-11 06:00:00,2025-08-12 02:30:00,1,9605.0,9637.0,1,10.0,30.54120546045719,320.0,0.6985098659892249,458.1180819068578,9,stop,2943259.928803432
FG0,5496,5521,2025-08-08 13:30:00,2025-08-12 14:00:00,1,1067.0,1233.5042675988345,6,20.0,11.239545951785209,19980.512111860146,9.876096911927196,2023.1182713213375,25,stop,2942722.6660015765
RB0,5500,5521,2025-08-11 01:30:00,2025-08-12 14:00:00,1,3235.0,3251.6162798542773,4,10.0,14.804161272528576,664.6511941710924,0.7482706854462333,888.2496763517146,21,stop,2943259.928803432
C0,5520,5531,2025-08-12 13:30:00,2025-08-13 13:00:00,1,2274.0,2213.0,6,10.0,5.261314849748832,-3660.0,-7.7293733273932546,473.5183364773948,11,stop,2942254.8810497187
RM0,5532,5555,2025-08-13 13:30:00,2025-08-15 13:00:00,-1,2642.0,2559.2944576338873,5,10.0,32.893329345122375,4135.277118305635,1.6762373813112106,2466.9997008841783,23,stop,2959240.04435575
RU0,5553,5555,2025-08-15 06:00:00,2025-08-15 13:00:00,1,15925.0,15794.184456835808,1,10.0,90.07269765634307,-1308.155431641917,-0.9682219404840888,1351.090464845146,2,stop,2959240.04435575
P0,5553,5559,2025-08-15 06:00:00,2025-08-18 01:00:00,1,9450.0,9585.535559920236,1,10.0,43.58608503746892,1355.3555992023576,2.073070794707718,653.7912755620337,6,stop,2959240.04435575
TA0,5546,5561,2025-08-14 13:30:00,2025-08-18 01:00:00,1,4714.0,4700.882611463302,6,5.0,18.115042711797294,-393.52165610093834,-0.4827438626703813,815.1769220308781,15,stop,2959240.04435575
FG0,5566,5567,2025-08-18 06:30:00,2025-08-18 13:00:00,-1,1201.0,1220.1168889961098,6,20.0,12.744592664073208,-2294.026679533172,-0.9999999999999977,2294.0266795331772,1,stop,2963028.999985515
FG0,5568,5573,2025-08-18 13:30:00,2025-08-19 02:00:00,1,1229.0,1211.327634382977,6,20.0,13.075694695042717,-2120.683874042752,-0.9010287677091406,2353.6250451076894,5,stop,2960734.973305982
SC0,4183,4187,2025-08-18 17:30:00,2025-08-19 02:00:00,1,488.3,485.83175681495885,1,1000.0,1.999455672573109,-2468.2431850411604,-0.8229717113840844,2999.183508859663,4,stop,2960734.973305982
M0,5561,5578,2025-08-18 02:00:00,2025-08-19 06:30:00,1,3158.0,3159.782071429336,4,10.0,12.467305428857866,71.28285717344625,0.09529305480938033,748.0383257314719,17,stop,2963028.999985515
Y0,5580,5588,2025-08-19 13:30:00,2025-08-20 05:30:00,-1,8434.0,8414.26638028923,1,10.0,37.10120872153004,197.33619710770654,0.35459077823016444,556.5181308229506,8,stop,2956217.329104072
RU0,5580,5589,2025-08-19 13:30:00,2025-08-20 06:00:00,-1,15630.0,15630.349550916486,1,10.0,91.2783723162309,-3.4955091648589587,-0.0025530028462448055,1369.1755847434636,9,stop,2956217.329104072
EB0,5589,5591,2025-08-20 06:00:00,2025-08-20 13:00:00,1,7294.0,7239.7436312306245,4,5.0,36.56867501391054,-1085.1273753875103,-0.9891228626456323,1097.0602504173164,2,stop,2956217.329104072
RM0,5591,5592,2025-08-20 13:00:00,2025-08-20 13:30:00,1,2622.0,2596.6611310821795,5,10.0,16.89257927854703,-1266.9434458910246,-0.999999999999998,1266.943445891027,1,stop,2956411.1697920146
FG0,5575,5593,2025-08-19 03:00:00,2025-08-20 14:00:00,-1,1199.0,1174.1819599944142,6,20.0,12.148400643798901,2978.1648006702926,1.3619373026003514,2186.712115883802,18,stop,2956146.0462468984
TA0,5591,5597,2025-08-20 06:00:00,2025-08-21 01:00:00,1,4770.0,4794.778998343085,6,5.0,20.981147600454097,743.3699502925447,0.7873416908980557,944.1516420204345,6,stop,2956217.329104072
AO0,4820,4828,2025-08-21 13:30:00,2025-08-22 01:30:00,1,3145.0,3132.5577932474116,2,20.0,18.26832760705983,-497.6882701035356,-0.4540538510224686,1096.0996564235897,8,stop,2957780.633721699
RU0,5608,5615,2025-08-22 01:30:00,2025-08-22 13:00:00,-1,15670.0,15660.0,1,10.0,69.22745654008251,100.0,0.09630090429231189,1038.4118481012376,7,stop,2957780.633721699
P0,5615,5616,2025-08-22 13:00:00,2025-08-22 13:30:00,1,9612.0,9550.955100786261,1,10.0,40.6965994758258,-610.4489921373897,-1.0000000000000044,610.448992137387,1,stop,2957282.9454515954
SN0,4836,4839,2025-08-22 13:30:00,2025-08-22 15:00:00,1,267880.0,268642.62764876225,1,1.0,641.8162349583952,762.6276487622526,0.7921557679841582,962.7243524375928,3,stop,2957382.9454515954
AO0,4836,4843,2025-08-22 13:30:00,2025-08-25 01:00:00,1,3177.0,3184.9566862837037,2,20.0,17.842840848014752,318.267451348147,0.29728772271481124,1070.5704508808851,7,stop,2957282.9454515954
AU0,4253,4261,2025-08-22 14:30:00,2025-08-25 01:00:00,1,780.12,779.44,1,1000.0,1.2764342273414877,-679.99999999995,-0.3551560461344622,1914.6513410122313,8,stop,2956772.496459458
I0,5616,5631,2025-08-22 13:30:00,2025-08-26 01:00:00,1,776.0,782.8167727862725,1,100.0,4.160814001694124,681.6772786272509,1.092217818195667,624.1221002541187,15,stop,2957282.9454515954
MA0,5616,5631,2025-08-22 13:30:00,2025-08-26 01:00:00,1,2424.0,2418.2088068532985,6,10.0,9.343663838499918,-347.471588802091,-0.41319930788029907,840.9297454649926,15,stop,2957282.9454515954
RU0,5616,5637,2025-08-22 13:30:00,2025-08-26 06:00:00,1,15745.0,15968.291618632426,1,10.0,66.17025664637922,2232.9161863242552,2.2496675490290583,992.5538496956882,21,stop,2957382.9454515954
I0,5637,5641,2025-08-26 06:00:00,2025-08-26 14:00:00,-1,777.5,780.2696685555112,1,100.0,3.3597998835753797,-276.96685555112026,-0.5495701433590185,503.96998253630693,4,stop,2957507.597249394
SA0,5637,5647,2025-08-26 06:00:00,2025-08-27 03:00:00,-1,1324.0,1323.802362820525,5,20.0,9.932910105144899,19.763717947489567,0.01326480540498241,1489.9365157717348,10,stop,2957507.597249394
CF0,5664,5667,2025-08-28 13:30:00,2025-08-29 01:00:00,1,14280.0,14244.854319420241,2,5.0,49.71997580085217,-351.45680579758846,-0.47124829291324094,745.7996370127825,3,stop,2959483.3102981145
RU0,5664,5675,2025-08-28 13:30:00,2025-08-29 13:00:00,-1,15845.0,15897.829338553609,1,10.0,73.54431169215448,-528.2933855360898,-0.4788889612994563,1103.1646753823172,11,stop,2959483.3102981145
CF0,5677,5678,2025-08-29 14:00:00,2025-08-29 14:30:00,-1,13930.0,14038.758926492883,2,5.0,72.50595099525506,-1087.589264928829,-1.0000000000000027,1087.589264928826,1,stop,2958603.560106781
FG0,5676,5686,2025-08-29 13:30:00,2025-09-01 06:30:00,-1,1155.0,1140.0599373292791,6,20.0,10.423376139656412,1792.8075204865036,0.9555485331270882,1876.207705138154,10,stop,2959131.853492317
I0,5676,5687,2025-08-29 13:30:00,2025-09-01 13:00:00,-1,781.0,768.0,1,100.0,3.4684725731679893,1300.0,2.498698341659602,520.2708859751983,11,stop,2959131.853492317
OI0,5692,5694,2025-09-02 01:30:00,2025-09-02 02:30:00,-1,9782.0,9761.39358548949,1,10.0,40.158354066824415,206.0641451051015,0.34208597421133685,602.3753110023663,2,stop,2960608.7783623384
IH0,6429,6447,2025-08-29 02:00:00,2025-09-02 03:00:00,1,2986.0,2972.170500968487,1,300.0,19.769772323875433,-4148.849709453907,-0.46635165392746253,8896.397545743945,18,stop,2959131.853492317
SC0,4365,4380,2025-09-01 13:30:00,2025-09-02 05:30:00,1,490.5,489.6005604874343,1,1000.0,1.9329011028856586,-899.4395125657206,-0.31022091136234997,2899.351654328488,15,stop,2960608.7783623384
I0,5700,5705,2025-09-02 13:30:00,2025-09-03 02:00:00,1,780.0,776.9707362201978,1,100.0,3.789603741714058,-302.92637798022497,-0.5329077455526784,568.4405612571087,5,stop,2955766.5532854237
Y0,5703,5707,2025-09-03 01:00:00,2025-09-03 03:00:00,1,8394.0,8356.226092753404,1,10.0,26.815328679813902,-377.73907246595627,-0.9391122940074482,402.22993019720855,4,stop,2955766.5532854237
P0,5708,5718,2025-09-03 05:30:00,2025-09-04 02:30:00,-1,9360.0,9389.2620714369,1,10.0,45.706935193482266,-292.6207143690044,-0.42680716924074374,685.6040279022341,10,stop,2955463.6269074436
IC0,6445,6468,2025-09-02 02:00:00,2025-09-05 01:30:00,-1,6961.2,6694.302102570035,1,200.0,55.3364409149392,53379.579485993054,3.2154567348031318,16600.932274481762,23,stop,2960608.7783623384
IF0,6453,6468,2025-09-03 02:00:00,2025-09-05 01:30:00,-1,4469.0,4384.163310590346,1,300.0,32.76497519700843,25451.006822896306,1.7261662064353862,14744.238838653795,15,stop,2955766.5532854237
IM0,6049,6072,2025-09-02 02:00:00,2025-09-05 01:30:00,-1,7294.2,7065.42387031204,1,200.0,62.01086778622064,45755.22593759197,2.459527260895128,18603.260335866195,23,stop,2960608.7783623384
EB0,5724,5735,2025-09-04 13:30:00,2025-09-05 13:00:00,1,7026.0,7068.7109062015315,4,5.0,27.20219927217775,854.2181240306309,1.04675130061306,816.0659781653326,11,stop,2954793.2671206086
RB0,5732,5735,2025-09-05 05:30:00,2025-09-05 13:00:00,1,3125.0,3129.264092787799,4,10.0,12.160701434285595,170.563711511968,0.23376353251998647,729.6420860571357,3,stop,3079379.0793670896
V0,5733,5735,2025-09-05 06:00:00,2025-09-05 13:00:00,1,4912.0,4890.578703283513,6,5.0,19.12298225799028,-642.6389014946017,-0.746790656655593,860.5342016095626,2,stop,3079379.0793670896
SP0,5736,5739,2025-09-05 13:30:00,2025-09-08 01:00:00,-1,5038.0,5020.2794110637315,3,10.0,20.368898182029522,531.6176680880562,0.5799884633885122,916.6004181913285,3,stop,3080403.861202632
AO0,4996,5008,2025-09-05 13:30:00,2025-09-08 05:30:00,-1,2973.0,2959.1404071760435,2,20.0,17.56191464220234,554.3837129582607,0.5261230758462248,1053.7148785321403,12,stop,3079379.0793670896
V0,5736,5744,2025-09-05 13:30:00,2025-09-08 05:30:00,-1,4884.0,4882.903736236174,6,5.0,19.94285423498712,32.88791291477537,0.03664683603488729,897.4284405744203,8,stop,3079761.2223011376
IF0,6475,6488,2025-09-05 06:30:00,2025-09-09 05:00:00,1,4455.2,4428.601144049628,1,300.0,31.823697304072052,-7979.656785111638,-0.5572127733666075,14320.663786832423,13,stop,3079379.0793670896
P0,5747,5755,2025-09-08 13:00:00,2025-09-09 03:00:00,1,9476.0,9437.63022343217,1,10.0,40.08183984898121,-383.6977656782983,-0.6381905406937071,601.2275977347181,8,stop,3080880.1115950984
P0,5760,5763,2025-09-09 13:30:00,2025-09-10 01:00:00,-1,9400.0,9358.0,1,10.0,41.23452498238226,420.0,0.6790426229467466,618.5178747357339,3,stop,3072516.757044309
IM0,6093,6096,2025-09-09 05:30:00,2025-09-10 01:30:00,-1,7161.8,7200.277728251762,1,200.0,49.5579279579697,-7695.545650352324,-0.5176128198148874,14867.378387390912,3,stop,3072900.454809987
RB0,5760,5765,2025-09-09 13:30:00,2025-09-10 02:00:00,-1,3095.0,3113.319136575102,4,10.0,13.106455565403047,-732.7654630040888,-0.93181239243451,786.3873339241829,5,stop,3072516.757044309
IM0,6097,6098,2025-09-10 02:00:00,2025-09-10 02:30:00,1,7240.4,7160.559450084139,1,200.0,54.213728144720264,-15968.109983172144,-0.9817999074912196,16264.118443416079,1,stop,3065241.2113939566
M0,5760,5771,2025-09-09 13:30:00,2025-09-10 13:00:00,-1,3059.0,3070.9240306450465,5,10.0,9.233748873065082,-596.2015322523257,-0.8609020964987114,692.5311654798811,11,stop,3072516.757044309
RM0,5769,5771,2025-09-10 06:00:00,2025-09-10 13:00:00,-1,2531.0,2549.178668251992,6,10.0,12.435966950148153,-1090.7200951195136,-0.9745210980839908,1119.2370255133337,2,stop,3048540.3359477804
FG0,5772,5774,2025-09-10 13:30:00,2025-09-10 14:30:00,-1,1176.0,1190.2751631906435,6,20.0,10.01806588046206,-1713.019582877223,-0.9499613572106073,1803.251858483171,2,stop,3048540.3359477804
JM0,5775,5779,2025-09-11 01:00:00,2025-09-11 03:00:00,1,1140.5,1126.951091139048,2,60.0,11.033870361919465,-1625.8690633142396,-0.8186253427876969,1986.0966651455035,4,stop,3045140.3947375314
FG0,5775,5783,2025-09-11 01:00:00,2025-09-11 13:00:00,1,1190.0,1176.2577402268687,6,20.0,10.062933942920973,-1649.071172775757,-0.9104210131346203,1811.3281097257752,8,stop,3045140.3947375314
AO0,5060,5067,2025-09-11 13:30:00,2025-09-12 01:00:00,-1,2922.0,2936.538715879245,2,20.0,12.77363106855172,-581.5486351698019,-0.7587879437580287,766.4178641131032,7,stop,3043514.5256742174
FG0,5784,5791,2025-09-11 13:30:00,2025-09-12 03:00:00,-1,1167.0,1180.6771562654371,6,20.0,10.831935063549484,-1641.258751852456,-0.8417798042051966,1949.7483114389072,7,stop,3041865.4545014417
HC0,5792,5793,2025-09-12 05:30:00,2025-09-12 06:00:00,1,3364.0,3344.588001192839,4,10.0,12.94133253810738,-776.479952286445,-1.0000000000000029,776.4799522864428,1,stop,3039642.6471144194
TA0,5786,5797,2025-09-11 13:30:00,2025-09-12 13:00:00,-1,4640.0,4678.0,6,5.0,17.4110485945416,-1140.0,-1.4550147968270783,783.497186754372,11,stop,3041865.4545014417
I0,5792,5798,2025-09-12 05:30:00,2025-09-12 14:30:00,1,803.0,797.4751480635856,1,100.0,4.60008352406343,-552.4851936414393,-0.8006886407624877,690.0125286095144,6,stop,3039642.6471144194
I0,5799,5807,2025-09-15 01:00:00,2025-09-15 13:00:00,-1,796.0,800.9821229560359,1,100.0,4.949659786578332,-498.2122956035937,-0.671039111219406,742.4489679867497,8,stop,3037173.6819684915
RM0,5795,5807,2025-09-12 13:00:00,2025-09-15 13:00:00,-1,2531.0,2510.2411210551554,6,10.0,11.981172165458135,1245.532736690675,1.1550833623604142,1078.3054948912322,12,stop,3038866.167162133
I0,5808,5812,2025-09-15 13:30:00,2025-09-16 01:30:00,1,811.0,803.8334310691027,1,100.0,5.463707200946494,-716.6568930897256,-0.8744452154702788,819.5560801419741,4,stop,3036675.469672888
MA0,5804,5812,2025-09-15 05:30:00,2025-09-16 01:30:00,1,2393.0,2392.5676938604065,6,10.0,8.838256308476186,-25.93836837560957,-0.03260870504354248,795.4430677628568,8,stop,3037173.6819684915
BU0,5808,5816,2025-09-15 13:30:00,2025-09-16 05:30:00,1,3433.0,3418.314899143552,4,10.0,13.748834218706524,-587.4040342579246,-0.7120652618177483,824.9300531223914,8,stop,3037173.6819684915
I0,5820,5827,2025-09-16 13:30:00,2025-09-17 03:00:00,-1,799.0,804.7802054992977,1,100.0,4.733018789281958,-578.0205499297722,-0.8141675544562446,709.9528183922938,7,stop,3036591.0031138556
RU0,5825,5842,2025-09-17 02:00:00,2025-09-18 06:30:00,-1,15845.0,15569.846721813938,1,10.0,60.58954295976089,2751.532781860624,3.0275111814679407,908.8431443964134,17,stop,3036591.0031138556
I0,5836,5843,2025-09-18 01:30:00,2025-09-18 13:00:00,-1,801.0,805.2348817848458,1,100.0,4.36653374997032,-423.4881784845811,-0.6465665181792607,654.980062495548,7,stop,3036012.982563926
LC0,4213,4215,2025-09-18 05:30:00,2025-09-18 06:30:00,-1,72160.0,72855.51139083211,2,1.0,641.973304154218,-1391.0227816642146,-0.72226408412047,1925.9199124626539,2,stop,3036012.982563926
AO0,5132,5147,2025-09-18 01:30:00,2025-09-19 01:00:00,-1,2948.0,2940.0027306594197,2,20.0,13.56829775774212,319.8907736232104,0.39293896617783114,814.0978654645272,15,stop,3036012.982563926
AO0,5154,5157,2025-09-19 06:30:00,2025-09-19 14:00:00,1,2958.0,2939.541018895698,2,20.0,12.928825413504697,-738.3592441720793,-0.9518256306573583,775.7295248102819,3,stop,3037269.8951592613
FG0,5856,5859,2025-09-19 13:30:00,2025-09-22 01:00:00,1,1226.0,1215.4240919889967,6,20.0,8.23423262389208,-1269.1089613203985,-0.85625530182511,1482.1618723005745,3,stop,3037269.8951592613
HC0,5856,5859,2025-09-19 13:30:00,2025-09-22 01:00:00,1,3391.0,3374.684843746887,4,10.0,11.573059667101175,-652.6062501245178,-0.9398353718272195,694.3835800260705,3,stop,3037269.8951592613
P0,5868,5871,2025-09-22 13:30:00,2025-09-23 01:00:00,-1,9182.0,9148.0,1,10.0,42.34021194057318,340.0,0.535346084201954,635.1031791085977,3,stop,3034609.8207036443
SN0,5172,5179,2025-09-22 13:30:00,2025-09-23 01:00:00,-1,269700.0,270990.0,1,1.0,869.0114166178861,-1290.0,-0.9896302667081662,1303.5171249268292,7,stop,3034609.8207036443
Y0,5868,5878,2025-09-22 13:30:00,2025-09-23 06:30:00,-1,8212.0,8079.790939337009,1,10.0,32.64832178898854,1322.0906066299085,2.699660164616928,489.7248268348281,10,stop,3034609.8207036443
OI0,5868,5879,2025-09-22 13:30:00,2025-09-23 13:00:00,-1,10064.0,10021.202372044028,1,10.0,35.612786849543895,427.9762795597162,0.8011659433222134,534.1918027431584,11,stop,3034609.8207036443
RU0,5873,5879,2025-09-23 02:00:00,2025-09-23 13:00:00,-1,15550.0,15577.386586750314,1,10.0,71.51061045661294,-273.86586750313654,-0.2553149019932709,1072.659156849194,6,stop,3033659.8207036443
SN0,5188,5195,2025-09-23 13:30:00,2025-09-24 01:00:00,1,271810.0,270819.3328711672,1,1.0,835.2012230803581,-990.667128832778,-0.7907612372972318,1252.8018346205372,7,stop,3035136.0217223307
SP0,5880,5883,2025-09-23 13:30:00,2025-09-24 01:00:00,-1,4980.0,5009.765983164232,3,10.0,21.890069823232963,-892.9794949269672,-0.906529258992745,985.0531420454834,3,stop,3035136.0217223307
LC0,4236,4242,2025-09-23 03:00:00,2025-09-24 02:00:00,1,73920.0,73003.09071692356,2,1.0,723.0305025754117,-1833.8185661528842,-0.8454316286891911,2169.0915077262352,6,stop,3033659.8207036443
HC0,5868,5886,2025-09-22 13:30:00,2025-09-24 02:30:00,-1,3356.0,3350.153272327002,4,10.0,11.958535104382788,233.86910691991943,0.3259444751921812,717.5121062629672,18,stop,3034609.8207036443
FG0,5884,5888,2025-09-24 01:30:00,2025-09-24 05:30:00,1,1194.0,1202.0,6,20.0,9.357908197514616,960.0,0.569927939103936,1684.4234755526309,4,stop,3035136.0217223307
M0,5868,5888,2025-09-22 13:30:00,2025-09-24 05:30:00,-1,2981.0,2932.7600906475614,5,10.0,12.056200832508146,2411.995467621932,2.6675019780341485,904.215062438111,20,stop,3034609.8207036443
RM0,5868,5891,2025-09-22 13:30:00,2025-09-24 13:00:00,-1,2498.0,2408.0,6,10.0,13.779160417386976,5400.0,4.3544017329452185,1240.1244375648278,23,stop,3034609.8207036443
SA0,5889,5904,2025-09-24 06:00:00,2025-09-25 13:30:00,1,1304.0,1304.6193856986401,5,20.0,10.927931856025229,61.938569864014426,0.03778608839565189,1639.1897784037842,15,stop,3035024.4211069597
LC0,4252,4256,2025-09-25 03:00:00,2025-09-26 01:00:00,1,74140.0,73329.33243898796,2,1.0,600.4101919032126,-1621.3351220240875,-0.9001263602164447,1801.2305757096378,4,stop,3040424.4211069597
MA0,5904,5907,2025-09-25 13:30:00,2025-09-26 01:00:00,-1,2343.0,2347.184005911685,6,10.0,8.390789580632225,-251.0403547010901,-0.33242846190481956,755.1710622569003,3,stop,3040424.4211069597
EG0,5904,5909,2025-09-25 13:30:00,2025-09-26 02:00:00,-1,4224.0,4234.599592267989,3,10.0,11.938849932422535,-317.98776803965666,-0.5918823743763942,537.2482469590141,5,stop,3040424.4211069597
IF0,6572,6589,2025-09-24 01:30:00,2025-09-26 02:00:00,1,4468.8,4544.134266217863,1,300.0,29.54722389202299,22600.27986535888,1.6997483191238438,13296.250751410345,17,stop,3035136.0217223307
LC0,4257,4258,2025-09-26 01:30:00,2025-09-26 02:00:00,-1,72720.0,73640.47356026038,2,1.0,613.6490401735877,-1840.947120520752,-0.9999999999999941,1840.9471205207628,1,stop,3038865.0245547993
RU0,5904,5909,2025-09-25 13:30:00,2025-09-26 02:00:00,-1,15395.0,15435.732955341362,1,10.0,71.7270115937412,-407.3295534136196,-0.37859242923313857,1075.9051739061179,5,stop,3040424.4211069597
MA0,5912,5913,2025-09-26 05:30:00,2025-09-26 06:00:00,1,2369.0,2356.29309264231,6,10.0,8.661369385008106,-762.4144414613966,-0.9780522219103311,779.5232446507295,1,stop,3058647.999623483
LC0,4259,4263,2025-09-26 02:30:00,2025-09-26 06:30:00,1,74000.0,73040.91731749117,2,1.0,703.8096315782466,-1918.1653650176595,-0.9084678957463259,2111.4288947347395,4,stop,3059055.3291768967
OI0,5900,5919,2025-09-25 05:30:00,2025-09-29 01:00:00,1,10111.0,10130.0,1,10.0,42.20804085089731,190.0,0.30010079623009517,633.1206127634597,19,stop,3040424.4211069597
EB0,5920,5923,2025-09-29 01:30:00,2025-09-29 03:00:00,-1,6911.0,6943.272622859524,4,5.0,23.06708454757516,-645.4524571904767,-0.9327178673999752,692.0125364272548,3,stop,3055967.4198170044
JM0,5904,5925,2025-09-25 13:30:00,2025-09-29 06:00:00,-1,1222.5,1171.6816662406097,2,60.0,9.313066438564862,6098.2000511268325,3.637780251694152,1676.3519589416753,21,stop,3040424.4211069597
AO0,5244,5250,2025-09-29 01:30:00,2025-09-29 06:30:00,1,2906.0,2901.0299207237967,2,20.0,13.217776496925863,-198.80317104813003,-0.25067651771128935,793.0665898155518,6,stop,3055967.4198170044
TA0,5925,5929,2025-09-29 03:00:00,2025-09-29 13:00:00,1,4656.0,4633.504543045439,6,5.0,19.086491847463176,-674.8637086368217,-0.785737443155839,858.8921331358429,4,stop,3056157.4198170044
SN0,5252,5254,2025-09-29 13:30:00,2025-09-29 14:30:00,1,276780.0,279760.0724258205,1,1.0,1327.616585953389,2980.0724258205155,1.4964523429181997,1991.4248789300834,2,stop,3061411.364239893
LC0,4268,4272,2025-09-29 03:00:00,2025-09-30 01:00:00,1,74000.0,73527.01509307604,2,1.0,661.1138172050752,-945.9698138479143,-0.47695761769992767,1983.3414516152257,4,stop,3056157.4198170044
AO0,5255,5266,2025-09-29 15:00:00,2025-09-30 06:30:00,-1,2876.0,2884.442230758828,2,20.0,14.216076442230525,-337.6892303531167,-0.3959006454481012,852.9645865338316,11,stop,3060736.500531256
LC0,4273,4280,2025-09-30 01:30:00,2025-10-09 01:00:00,-1,73320.0,73858.14900909334,2,1.0,665.6613920753332,-1076.2980181866733,-0.538961715871337,1996.9841762259996,7,stop,3062770.6031432287
TA0,5930,5946,2025-09-29 13:30:00,2025-10-09 05:30:00,-1,4612.0,4571.811109077415,6,5.0,19.863034780002653,1205.6667276775624,1.3488670913149705,893.8365651001195,16,stop,3060736.500531256
MA0,5928,5947,2025-09-29 13:30:00,2025-10-09 13:00:00,-1,2340.0,2295.342429941846,6,10.0,9.306051831564227,2679.454203489231,3.199177686838471,837.5446648407806,19,stop,3061411.364239893
NI0,5268,5276,2025-10-09 01:30:00,2025-10-09 13:30:00,1,122080.0,123982.52685308403,1,1.0,388.11740484270297,1902.5268530840258,3.2679576323133213,582.1761072640545,8,stop,3061356.6158946888
AL0,5268,5282,2025-10-09 01:30:00,2025-10-09 16:30:00,1,20990.0,21123.519983351303,1,5.0,54.79902282517556,667.5999167565169,1.6243596627293888,410.9926711888167,14,stop,3062432.9139128756
AO0,5276,5284,2025-10-09 13:30:00,2025-10-10 01:30:00,1,2892.0,2871.4642878617456,2,20.0,17.46877249310108,-821.4284855301776,-0.7837113205431608,1048.1263495860649,8,stop,3062562.282622366
P0,5939,5956,2025-10-09 01:00:00,2025-10-10 05:30:00,1,9454.0,9494.0,1,10.0,52.65515464282187,400.0,0.5064398129215627,789.8273196423281,17,stop,3062432.9139128756
Y0,5940,5956,2025-10-09 01:30:00,2025-10-10 05:30:00,1,8280.0,8302.0,1,10.0,32.24694477150654,220.0,0.45482344980558165,483.70417157259806,16,stop,3061356.6158946888
AG0,4791,4795,2025-10-10 13:30:00,2025-10-10 15:30:00,1,11264.0,11132.876320955154,1,15.0,91.16268675656647,-1966.8551856726845,-0.9588987461868603,2051.1604520227456,4,stop,3067610.435110166
AG0,4797,4801,2025-10-10 16:30:00,2025-10-13 01:00:00,-1,11072.0,11250.0,1,15.0,93.43427907121713,-2670.0,-1.2700549289433378,2102.2712791023855,4,stop,3065643.5799244936
AO0,5285,5299,2025-10-10 02:00:00,2025-10-13 01:00:00,-1,2861.0,2825.9577099779713,2,20.0,13.957603235935352,1401.6916008811495,1.673749159254343,837.4561941561211,14,stop,3066990.435110166
CF0,5964,5969,2025-10-13 01:30:00,2025-10-13 06:00:00,-1,13245.0,13311.886565632101,2,5.0,51.637356425960775,-668.8656563210134,-0.8635423430064673,774.5603463894116,5,stop,3064375.2715253746
RB0,5964,5969,2025-10-13 01:30:00,2025-10-13 06:00:00,-1,3071.0,3085.895432561475,4,10.0,11.796454771016899,-595.8173024589996,-0.8418027760946208,707.787286261014,5,stop,3064375.2715253746
RU0,5960,5971,2025-10-10 13:30:00,2025-10-13 13:00:00,-1,15125.0,14990.0,1,10.0,80.01358675733124,1350.0,1.1248089686687337,1200.2038013599686,11,stop,3067610.435110166
M0,5976,5984,2025-10-14 01:30:00,2025-10-14 13:30:00,-1,2922.0,2908.8775199127185,5,10.0,11.252874277272399,656.1240043640737,0.7774298230503439,843.96557079543,8,stop,3064460.5885665948
CU0,5321,5331,2025-10-14 06:00:00,2025-10-15 01:00:00,-1,84770.0,85094.9501451087,1,5.0,603.3064719454449,-1624.7507255434903,-0.35907692051421397,4524.798539590836,10,stop,3064460.5885665948
JM0,5983,5991,2025-10-14 13:00:00,2025-10-15 03:00:00,1,1148.5,1142.3040799795374,2,60.0,12.293249514975553,-743.510402455513,-0.336006630463588,2212.7849126955994,8,stop,3064460.5885665948
LC0,4313,4317,2025-10-15 01:30:00,2025-10-15 05:30:00,1,73400.0,72630.25579738388,2,1.0,591.3134061062476,-1539.4884052322304,-0.8678355613873421,1773.9402183187428,4,stop,3063491.961845415
JM0,5992,5994,2025-10-15 05:30:00,2025-10-15 06:30:00,-1,1135.0,1152.0921926203778,2,60.0,11.73285624027126,-2051.0631144453328,-0.9711867977330987,2111.914123248827,2,stop,3062748.4514429597
IH0,6651,6656,2025-10-15 06:30:00,2025-10-16 05:00:00,1,3001.0,3003.3898320999397,1,300.0,15.68962075895489,716.9496299819002,0.10154620206804191,7060.3293415297,5,stop,3061208.9630377274
IF0,6653,6657,2025-10-16 02:00:00,2025-10-16 05:30:00,1,4595.0,4569.131659900495,1,300.0,28.618014151292794,-7760.502029851523,-0.602612046215571,12878.106368081757,4,stop,3059157.899923282
JM0,5995,6004,2025-10-15 13:00:00,2025-10-16 05:30:00,1,1157.0,1157.51061114812,2,60.0,12.337859023278412,61.273337774400716,0.027590478334834388,2220.814624190114,9,stop,3059157.899923282
SA0,6008,6019,2025-10-16 13:30:00,2025-10-17 13:00:00,-1,1225.0,1221.7814731334577,6,20.0,8.574265862032924,386.22322398508004,0.25024703131681947,1543.3678551659261,11,stop,3052175.620861187
IF0,6661,6668,2025-10-17 02:00:00,2025-10-20 01:30:00,-1,4531.8,4525.49321811572,1,300.0,29.293843911946063,1892.0345652840297,0.1435291752364436,13182.229760375729,7,stop,3052175.620861187
RB0,6020,6026,2025-10-17 13:30:00,2025-10-20 02:30:00,1,3064.0,3052.630089580522,4,10.0,11.705274453410517,-454.79641677911786,-0.6475662155399892,702.3164672046311,6,stop,3052175.620861187
SA0,6020,6027,2025-10-17 13:30:00,2025-10-20 03:00:00,1,1230.0,1222.0083116528424,6,20.0,9.694112107327763,-959.0026016589127,-0.5495905321139348,1744.9401793189975,7,stop,3052561.8440851723
RU0,6020,6030,2025-10-17 13:30:00,2025-10-20 06:30:00,1,14865.0,14819.513622075865,1,10.0,70.90003549824796,-454.86377924135013,-0.4277043267513272,1063.5005324737194,10,stop,3052175.620861187
AO0,5388,5395,2025-10-20 13:30:00,2025-10-21 01:00:00,-1,2785.0,2798.275011143441,2,20.0,12.007011506627743,-531.0004457376454,-0.7370699548406067,720.4206903976647,7,stop,3052585.215852777
RM0,6028,6035,2025-10-20 05:30:00,2025-10-21 01:00:00,-1,2348.0,2359.8910542704143,6,10.0,13.79556931671134,-713.4632562248589,-0.57463155971437,1241.6012385040208,7,stop,3053999.082233677
P0,6031,6036,2025-10-20 13:00:00,2025-10-21 01:30:00,-1,9318.0,9329.93012300595,1,10.0,37.21820210302152,-119.30123005950009,-0.21369692483491343,558.2730315453227,5,stop,3053040.079632018
P0,6039,6042,2025-10-21 03:00:00,2025-10-21 06:30:00,1,9384.0,9341.684150909667,1,10.0,36.49667227497143,-423.1584909033336,-0.7729626922608062,547.4500841245715,3,stop,3051221.450920755
SC0,4925,4927,2025-10-21 14:00:00,2025-10-21 15:00:00,-1,434.7,437.9795406202547,1,1000.0,2.2160804453110536,-3279.540620254693,-0.9865889201491719,3324.1206679665806,2,stop,3050798.292429852
IF0,6677,6684,2025-10-21 02:00:00,2025-10-22 01:30:00,1,4562.8,4552.626816057075,1,300.0,27.47689569276826,-3051.955182877464,-0.2468300169149602,12364.603061745716,7,stop,3051340.7521508145
IH0,6677,6684,2025-10-21 02:00:00,2025-10-22 01:30:00,1,3000.0,2990.0,1,300.0,14.862942827865036,-3000.0,-0.44854284537568184,6688.3242725392665,7,stop,3051340.7521508145
SC0,4928,4938,2025-10-21 15:30:00,2025-10-22 03:00:00,1,440.1,441.8,1,1000.0,2.2632393361327923,1699.9999999999886,0.500757173684449,3394.8590041991883,10,stop,3047518.751809597
AG0,4916,4939,2025-10-21 01:30:00,2025-10-22 05:30:00,-1,11866.0,11366.0,1,15.0,78.48107740057041,7500.0,4.247308324170771,1765.8242415128343,23,stop,3052585.215852777
P0,6043,6064,2025-10-21 13:00:00,2025-10-23 05:30:00,-1,9286.0,9129.31905372785,1,10.0,39.09312413696009,1566.8094627215032,2.671926751504592,586.3968620544015,21,stop,3050798.292429852
IC0,6693,6698,2025-10-23 02:00:00,2025-10-23 06:00:00,-1,6913.4,6968.89732329575,1,200.0,46.37172301925773,-11099.464659149999,-0.7978615656600682,13911.516905777318,5,stop,3050666.7966267196
IF0,6693,6698,2025-10-23 02:00:00,2025-10-23 06:00:00,-1,4522.6,4551.924251288656,1,300.0,22.94207339857395,-8797.27538659663,-0.8521244143660875,10323.933029358277,5,stop,3050666.7966267196
IM0,6297,6302,2025-10-23 02:00:00,2025-10-23 06:00:00,-1,7044.0,7090.981342174536,1,200.0,45.923995214382565,-9396.268434907142,-0.6820158968489455,13777.198564314771,5,stop,3050666.7966267196
SN0,5436,5443,2025-10-23 13:30:00,2025-10-24 01:00:00,1,283850.0,283059.00755157013,1,1.0,800.3530394760688,-790.9924484298681,-0.6588696149619769,1200.5295592141033,7,stop,3022940.597608787
FG0,6068,6075,2025-10-23 13:30:00,2025-10-24 03:00:00,-1,1095.0,1100.1953071611804,6,20.0,8.583051632547111,-623.4368593416457,-0.40353224654035386,1544.94929385848,7,stop,3022940.597608787
FG0,6076,6078,2025-10-24 05:30:00,2025-10-24 06:30:00,1,1104.0,1092.104912853226,6,20.0,8.001724184487982,-1427.4104576128684,-0.9910436694659331,1440.3103532078364,2,stop,3021526.168301015
V0,6068,6079,2025-10-23 13:30:00,2025-10-24 13:00:00,-1,4713.0,4729.206410412852,6,5.0,15.382318198942194,-486.19231238556495,-0.7023826622772045,692.2043189523987,11,stop,3022940.597608787
AU0,4981,4989,2025-10-24 13:30:00,2025-10-24 17:30:00,1,943.82,942.5314810655533,1,1000.0,4.103110912622483,-1288.5189344467562,-0.20935642278689232,6154.666368933725,8,stop,3020098.757843402
AG0,4981,4990,2025-10-24 13:30:00,2025-10-24 18:00:00,1,11427.0,11423.099492069952,1,15.0,56.94974999059057,-58.50761895071628,-0.04566022889409473,1281.3693747882878,9,stop,3020098.757843402
V0,6080,6083,2025-10-24 13:30:00,2025-10-27 01:00:00,1,4736.0,4713.955167435405,6,5.0,15.1628685706529,-661.344976937844,-0.9692463516770021,682.3290856793803,3,stop,3019612.565531017
AO0,5457,5460,2025-10-24 16:00:00,2025-10-27 01:30:00,1,2836.0,2822.6101924179907,2,20.0,9.305502879391241,-535.592303280373,-0.959275227110583,558.3301727634745,3,stop,3019612.565531017
I0,6080,6085,2025-10-24 13:30:00,2025-10-27 02:00:00,1,774.5,773.6638852524353,1,100.0,3.870192952725051,-83.6114747564693,-0.1440263672945082,580.5289429087576,5,stop,3020098.757843402
FG0,6084,6091,2025-10-27 01:30:00,2025-10-27 13:00:00,-1,1090.0,1099.4183601787056,6,20.0,9.15351129169474,-1130.2032214446717,-0.6859560867642974,1647.6320325050528,7,stop,3018265.5389776193
RM0,6084,6091,2025-10-27 01:30:00,2025-10-27 13:00:00,-1,2336.0,2349.3884265981305,6,10.0,14.42055880727547,-803.3055958878322,-0.6189508916661305,1297.8502926547924,7,stop,3018265.5389776193
RB0,6080,6096,2025-10-24 13:30:00,2025-10-28 01:30:00,1,3079.0,3097.7748152198337,4,10.0,10.027385680558021,750.9926087933491,1.2482359688385505,601.6431408334813,16,stop,3020098.757843402
SP0,6090,6098,2025-10-27 06:30:00,2025-10-28 02:30:00,1,5252.0,5234.377060833251,2,10.0,17.53262466364191,-352.45878333498695,-0.6701008169946064,525.9787399092573,8,stop,3016984.9902226445
IC0,6699,6721,2025-10-23 06:30:00,2025-10-28 05:30:00,1,6983.0,7226.99656644233,1,200.0,47.91852937748887,48799.313288465964,3.39460287578517,14375.558813246662,22,stop,3041134.141430291
IF0,6699,6721,2025-10-23 06:30:00,2025-10-28 05:30:00,1,4563.0,4675.051410576297,1,300.0,23.216321318989312,33615.423172889045,3.2176045187269953,10447.34459354519,22,stop,3032336.8660436943
IM0,6304,6325,2025-10-24 01:30:00,2025-10-28 05:30:00,1,7210.0,7331.519012954999,1,200.0,51.8453859954945,24303.80259099984,1.56258216132045,15553.615798648352,21,stop,3022940.597608787
RM0,6092,6102,2025-10-27 13:30:00,2025-10-28 06:30:00,1,2350.0,2360.0,6,10.0,14.395047942462668,600.0,0.4631222274016373,1295.5543148216402,10,stop,3015051.481405312
AO0,5479,5484,2025-10-28 03:00:00,2025-10-28 13:30:00,-1,2826.0,2833.3979122999,2,20.0,10.507841670178466,-295.9164919959949,-0.4693581886814646,630.470500210708,5,stop,3015802.4740141057
SN0,5484,5493,2025-10-28 13:30:00,2025-10-29 02:00:00,1,286250.0,285387.1426815134,1,1.0,1229.4495311698818,-862.8573184866109,-0.4678827375508776,1844.1742967548225,9,stop,3122768.5542831253
V0,6104,6111,2025-10-28 13:30:00,2025-10-29 03:00:00,1,4736.0,4723.437236225195,6,5.0,14.798042514443244,-376.8829132441442,-0.5659651161088028,665.911913149946,7,stop,3122768.5542831253
AO0,5498,5499,2025-10-29 06:30:00,2025-10-29 13:00:00,1,2853.0,2859.50833818609,2,20.0,12.07093668690961,260.33352744359945,0.35944949730084536,724.2562012145765,1,stop,3121232.897559399
EB0,6125,6127,2025-10-30 06:00:00,2025-10-30 13:00:00,-1,6448.0,6463.679486553326,4,5.0,27.637788419928032,-313.5897310665132,-0.3782137295766178,829.133652597841,2,stop,3121493.2310868423
AG0,5057,5070,2025-10-30 13:30:00,2025-10-31 02:30:00,1,11311.0,11445.766781433904,1,15.0,58.61423390757187,2021.5017215085572,1.5328106326120492,1318.8202629203672,13,stop,3121493.2310868423
AU0,5058,5070,2025-10-30 14:00:00,2025-10-31 02:30:00,1,916.74,919.4765876625319,1,1000.0,4.486687128161592,2736.5876625318606,0.4066233554753749,6730.030692242389,12,stop,3121179.6413557758
SC0,5076,5077,2025-10-31 13:30:00,2025-10-31 14:00:00,1,465.6,464.406507229336,1,1000.0,2.1645589122715916,-1193.4927706640224,-0.3675861361862139,3246.8383684073874,1,stop,3125937.730739816
AO0,5514,5539,2025-10-30 06:30:00,2025-11-03 01:00:00,-1,2814.0,2784.656090101961,2,20.0,14.447687174088086,1173.756395921555,1.3540303276899641,866.8612304452852,25,stop,3121493.2310868423
EB0,6142,6143,2025-10-31 14:30:00,2025-11-03 01:00:00,-1,6468.0,6511.13050304782,4,5.0,28.75366869854662,-862.6100609563946,-0.9999999999999953,862.6100609563986,1,stop,3125937.730739816
FG0,6144,6146,2025-11-03 01:30:00,2025-11-03 02:30:00,1,1118.0,1102.8257491063218,6,20.0,10.756028304382394,-1820.9101072413796,-0.9405114021808978,1936.0850947888307,2,stop,3125055.3843041174
SP0,6144,6146,2025-11-03 01:30:00,2025-11-03 02:30:00,1,5306.0,5271.576919294689,2,10.0,25.893493839710597,-688.4616141062179,-0.8862736180859769,776.8048151913179,2,stop,3125055.3843041174
AG0,5090,5098,2025-11-03 03:00:00,2025-11-03 15:00:00,1,11428.0,11388.945465112245,1,15.0,54.44885766661363,-585.8180233163239,-0.47818003366122613,1225.0992974988067,8,stop,3125055.3843041174
IM0,6357,6360,2025-11-03 05:30:00,2025-11-04 01:30:00,1,7371.4,7328.323221388292,1,200.0,48.67356452818415,-8615.35572234152,-0.5900092316266699,14602.069358455245,3,stop,3122546.0125827696
Y0,6155,6159,2025-11-04 01:00:00,2025-11-04 03:00:00,1,8182.0,8140.989726076869,1,10.0,30.4449071901291,-410.10273923130626,-0.898021545760688,456.6736078519365,4,stop,3121960.1945594535
AG0,5099,5113,2025-11-03 15:30:00,2025-11-04 13:00:00,-1,11386.0,11278.236019048136,1,15.0,58.081378740039085,1616.4597142779621,1.2369309325362803,1306.8310216508794,14,stop,3121960.1945594535
FG0,6156,6167,2025-11-04 01:30:00,2025-11-05 01:00:00,1,1103.0,1107.688762788429,7,20.0,8.940199536728105,656.4267903800464,0.3496389365931964,1877.4419027129022,11,stop,3121960.1945594535
TA0,6166,6170,2025-11-04 13:30:00,2025-11-05 01:30:00,-1,4562.0,4590.94471835646,6,5.0,19.373431155290376,-868.3415506937945,-0.9960279492895703,871.804401988067,4,stop,3114551.1958121588
IM0,6361,6371,2025-11-04 02:00:00,2025-11-05 03:00:00,-1,7300.2,7292.203084686979,1,200.0,47.91148158292031,1599.3830626041017,0.11127347139370289,14373.444474876092,10,stop,3113344.838837112
AL0,5580,5587,2025-11-05 13:30:00,2025-11-06 01:00:00,1,21470.0,21395.619708494083,1,5.0,64.04860645121653,-371.90145752958415,-0.7742067119245295,480.36454838412396,7,stop,3115938.6641144487
M0,6168,6179,2025-11-05 01:30:00,2025-11-06 01:00:00,1,3030.0,3065.1572349077564,5,10.0,11.910016013006347,1757.8617453878223,1.9679366156666205,893.251200975476,11,stop,3115207.6226025387
JM0,6176,6180,2025-11-05 13:30:00,2025-11-06 01:30:00,1,1281.0,1272.626328706006,2,60.0,10.615343485691588,-1004.8405552792792,-0.5258847758298076,1910.7618274244855,4,stop,3115938.6641144487
FG0,6171,6184,2025-11-05 03:00:00,2025-11-06 05:30:00,-1,1095.0,1095.1170272291135,7,20.0,8.905246199495101,-16.383812075896458,-0.008760920360268924,1870.101701893971,13,stop,3114339.281051845
Y0,6198,6206,2025-11-07 06:30:00,2025-11-10 02:30:00,1,8192.0,8181.15882685024,1,10.0,24.771972679310394,-108.41173149759925,-0.2917591126096711,371.5795901896559,8,stop,3116303.400034952
SA0,6205,6207,2025-11-10 02:00:00,2025-11-10 03:00:00,-1,1196.0,1202.95978340581,6,20.0,6.227536804171269,-835.174008697195,-0.7450547061826246,1120.9566247508283,2,stop,3116303.400034952
FG0,6192,6209,2025-11-07 01:30:00,2025-11-10 06:00:00,-1,1096.0,1070.950183997933,7,20.0,6.95314638667889,3506.9742402893826,2.401772723598287,1460.160741202567,17,stop,3116303.400034952
JM0,6197,6209,2025-11-07 06:00:00,2025-11-10 06:00:00,-1,1263.5,1266.8619178236474,2,60.0,9.675931054543101,-403.43013883769345,-0.23163440670094051,1741.6675898177582,12,stop,3116303.400034952
CU0,5620,5632,2025-11-10 01:30:00,2025-11-10 15:30:00,1,86570.0,86380.2081881359,1,5.0,237.72655403331328,-948.9590593204775,-0.5322412344324521,1782.9491552498496,12,stop,3116303.400034952
SC0,5193,5198,2025-11-10 15:00:00,2025-11-10 17:30:00,-1,457.8,459.88160346360274,1,1000.0,1.8108059335146665,-2081.6034636027325,-0.7663635383104304,2716.2089002719995,5,stop,3118463.3583962093
SA0,6209,6218,2025-11-10 06:00:00,2025-11-11 02:30:00,1,1217.0,1220.5251450609699,6,20.0,8.26849954872802,423.01740731638347,0.28422287423052073,1488.3299187710436,9,stop,3115359.8142947573
P0,6207,6223,2025-11-10 03:00:00,2025-11-11 13:00:00,1,8676.0,8734.1052400446,1,10.0,36.11021403664497,581.0524004460058,1.0727387729435753,541.6532105496744,16,stop,3116303.400034952
SC0,5209,5221,2025-11-11 13:30:00,2025-11-12 02:00:00,1,464.8,467.58808277554095,1,1000.0,1.7490198992394324,2788.0827755409427,1.0627219571194704,2623.529848859149,12,stop,3116436.8656810485
HC0,6224,6230,2025-11-11 13:30:00,2025-11-12 02:30:00,1,3262.0,3250.932459408792,4,10.0,9.843133329281107,-442.70162364831776,-0.7495946816233473,590.5879997568663,6,stop,3115855.8132806025
SA0,6231,6239,2025-11-12 03:00:00,2025-11-13 01:00:00,-1,1210.0,1220.4314110782602,6,20.0,7.447213472537106,-1251.769329391227,-0.9338088773497065,1340.498425056679,8,stop,3118782.246832941
SC0,5230,5246,2025-11-12 14:30:00,2025-11-13 13:00:00,-1,458.5,452.2,1,1000.0,2.0158181351596403,6300.000000000011,2.0835212893187873,3023.7272027394606,16,stop,3118782.246832941
P0,6245,6248,2025-11-13 06:00:00,2025-11-13 13:30:00,1,8760.0,8702.181608238763,1,10.0,39.59904930749036,-578.1839176123685,-0.9733969673913393,593.9857396123555,3,stop,3117530.47750355
SA0,6240,6250,2025-11-13 01:30:00,2025-11-13 14:30:00,1,1225.0,1232.0025731813666,6,20.0,7.508143607188731,840.3087817639971,0.6217758163870649,1351.4658492939714,10,stop,3117530.47750355
IC0,6813,6820,2025-11-13 02:00:00,2025-11-14 01:30:00,1,7206.4,7215.3831892815715,1,200.0,43.25862476425524,1796.6378563143735,0.1384415914056012,12977.587429276571,7,stop,3117530.47750355
IM0,6417,6424,2025-11-13 02:00:00,2025-11-14 01:30:00,1,7410.6,7427.009227094032,1,200.0,43.85984187666752,3281.8454188063697,0.24941915568496692,13157.952563000254,7,stop,3117530.47750355
RM0,6247,6252,2025-11-13 13:00:00,2025-11-14 01:30:00,-1,2492.0,2493.7755315689806,6,10.0,12.764774253855789,-106.5318941388341,-0.09273079876803635,1148.8296828470209,5,stop,3117530.47750355
SC0,5258,5262,2025-11-14 01:30:00,2025-11-14 05:30:00,1,457.2,457.805172843814,1,1000.0,2.175741379631157,605.172843813989,0.18543038539399107,3263.612069446736,4,stop,3124092.6023677015
TA0,6249,6258,2025-11-13 13:00:00,2025-11-14 05:30:00,1,4704.0,4689.811047549422,6,5.0,22.33607769989197,-425.66857351733233,-0.4234987790073925,1005.1234964951385,9,stop,3117530.47750355
RM0,6253,6259,2025-11-14 02:00:00,2025-11-14 13:00:00,1,2492.0,2483.24447226802,6,10.0,14.265805256987871,-525.331663918787,-0.4091615147436107,1283.9224731289085,6,stop,3129064.553748683
SA0,6260,6263,2025-11-14 13:30:00,2025-11-17 01:00:00,-1,1217.0,1226.8460714560254,6,20.0,6.7612820709925625,-1181.5285747230428,-0.9708288411027096,1217.0307727786612,3,stop,3128718.726355061
AO0,5687,5700,2025-11-14 03:00:00,2025-11-17 01:30:00,-1,2818.0,2801.428278935343,2,20.0,10.320450225362867,662.8688425862856,1.070477915387293,619.227013521772,13,stop,3129064.553748683
IM0,6432,6434,2025-11-17 01:30:00,2025-11-17 02:30:00,-1,7392.0,7418.150326564381,1,200.0,41.3386959949405,-5230.065312876286,-0.4217247453827443,12401.60879848215,2,stop,3128718.726355061
HC0,6264,6271,2025-11-17 01:30:00,2025-11-17 13:00:00,1,3280.0,3287.846123273942,4,10.0,9.552007941259946,313.8449309576754,0.5476072550882568,573.1204764755968,7,stop,3128718.726355061
M0,6264,6271,2025-11-17 01:30:00,2025-11-17 13:00:00,-1,3032.0,3049.8515841354306,5,10.0,13.903756968596932,-892.5792067715292,-0.8559597321189386,1042.78177264477,7,stop,3128718.726355061
IH0,6828,6838,2025-11-17 01:30:00,2025-11-18 02:30:00,-1,3029.8,3015.453336200341,1,300.0,11.849473460614261,4303.9991398978145,0.8071618173496838,5332.263057276417,10,stop,3128718.726355061
IC0,6828,6844,2025-11-17 01:30:00,2025-11-19 01:30:00,-1,7165.2,7089.810831475287,1,200.0,42.713477276148566,15077.833704942532,1.1766648113944804,12814.043182844569,16,stop,3128718.726355061
IF0,6828,6844,2025-11-17 01:30:00,2025-11-19 01:30:00,-1,4599.2,4563.10922114947,1,300.0,20.359648464063948,10827.233655159034,1.181774787327741,9161.841808828776,16,stop,3128718.726355061
Y0,6267,6291,2025-11-17 03:00:00,2025-11-19 03:00:00,1,8290.0,8360.148468886804,1,10.0,25.775276477977354,701.4846888680404,1.8143605933574776,386.6291471696603,24,stop,3122970.001310048
EB0,6291,6295,2025-11-19 03:00:00,2025-11-19 13:00:00,1,6508.0,6510.774761252553,4,5.0,32.45852074738169,55.49522505105415,0.05699091617366322,973.7556224214507,4,stop,3152600.3335342333
TA0,6293,6297,2025-11-19 03:00:00,2025-11-19 13:00:00,1,4738.0,4684.0,6,5.0,24.815355380332857,-1620.0,-1.450714666312271,1116.6909921149786,4,stop,3152600.3335342333
BU0,6296,6297,2025-11-19 13:30:00,2025-11-19 14:00:00,-1,3003.0,3031.0,5,10.0,18.436510499431048,-1400.0,-1.0124837163324762,1382.7382874573286,1,stop,3153301.818223101
JM0,6272,6303,2025-11-17 13:30:00,2025-11-20 03:00:00,-1,1183.5,1118.7450626307198,2,60.0,10.041836578505487,7770.592484313629,4.2990102366923555,1807.5305841309876,31,stop,3123283.8462410057
SA0,6277,6304,2025-11-18 02:00:00,2025-11-20 05:30:00,-1,1212.0,1176.8159694536978,6,20.0,7.236949108627301,4222.083665556265,3.241147617887642,1302.6508395529142,27,stop,3122391.267034234
AG0,5345,5348,2025-11-20 15:00:00,2025-11-20 16:30:00,1,12087.0,11969.534081500342,1,15.0,83.51802771571185,-1761.988777494871,-0.9376492055064798,1879.1556236035167,3,stop,3162329.989598022
RU0,6308,6311,2025-11-20 13:30:00,2025-11-21 01:00:00,1,15495.0,15410.571154406853,1,10.0,87.00415675051993,-844.2884559314734,-0.6469334243821848,1305.0623512577988,3,stop,3162329.989598022
TA0,6314,6319,2025-11-21 01:30:00,2025-11-21 06:00:00,-1,4666.0,4677.557260911827,6,5.0,28.480519504618712,-346.7178273548143,-0.27053019895354297,1281.623377707842,5,stop,3159723.7123645954
SN0,5764,5771,2025-11-21 01:30:00,2025-11-21 13:00:00,-1,290990.0,291370.0,1,1.0,1012.8359559190592,-380.0,-0.25012276850248244,1519.2539338785887,7,stop,3159723.7123645954
AL0,5764,5778,2025-11-21 01:30:00,2025-11-21 16:30:00,-1,21390.0,21385.57698976478,1,5.0,56.95656488231409,22.11505117609704,0.051770564047163625,427.17423661735563,14,stop,3160568.000820527
EB0,6312,6323,2025-11-21 01:30:00,2025-11-24 01:00:00,-1,6532.0,6425.963167446034,4,5.0,34.863807899171434,2120.7366510793145,2.027639146793367,1045.914236975143,11,stop,3160568.000820527
RU0,6312,6323,2025-11-21 01:30:00,2025-11-24 01:00:00,-1,15375.0,15272.995835627757,1,10.0,86.70399627633279,1020.041643722434,0.7843095955050537,1300.559944144992,11,stop,3159723.7123645954
NI0,5780,5786,2025-11-24 01:30:00,2025-11-24 06:30:00,1,115980.0,115466.25421088305,1,1.0,381.9691731077242,-513.745789116947,-0.896661869223774,572.9537596615863,6,stop,3161139.8462394956
SN0,5780,5786,2025-11-24 01:30:00,2025-11-24 06:30:00,1,294190.0,294214.1888820806,1,1.0,1026.0535276881528,24.188882080605254,0.015716452360340503,1539.0802915322292,6,stop,3162159.887883218
RB0,6324,6331,2025-11-24 01:30:00,2025-11-24 13:00:00,1,3078.0,3087.1497714873453,5,10.0,9.63914585922525,457.48857436726666,0.6328203501965163,722.9359394418937,7,stop,3161139.8462394956
RU0,6324,6331,2025-11-24 01:30:00,2025-11-24 13:00:00,1,15355.0,15262.126396630194,1,10.0,96.25932681718245,-928.73603369806,-0.6432180405485508,1443.8899022577368,7,stop,3162159.887883218
MA0,6320,6335,2025-11-21 13:30:00,2025-11-25 01:00:00,1,2027.0,2066.16392899052,7,10.0,12.656703716660536,2741.4750293364114,2.0628819776599014,1328.9538902493562,15,stop,3159376.9945372404
OI0,6331,6335,2025-11-24 13:00:00,2025-11-25 01:00:00,-1,9786.0,9811.091554450784,1,10.0,43.115073710500255,-250.91554450784315,-0.3879780672418444,646.7261056575037,4,stop,3161646.142094101
RU0,6332,6338,2025-11-24 13:30:00,2025-11-25 02:30:00,-1,15200.0,15261.724326229603,1,10.0,83.08040465815387,-617.2432622960332,-0.49529791036828985,1246.206069872308,6,stop,3161199.083516851
BU0,6328,6343,2025-11-24 05:30:00,2025-11-25 13:00:00,1,3056.0,3048.8435758223136,5,10.0,16.75673205165363,-357.8212088843202,-0.2847183709260373,1256.7549038740221,15,stop,3162159.887883218
SC0,5400,5406,2025-11-25 14:00:00,2025-11-25 17:00:00,-1,442.5,442.5475561034603,1,1000.0,1.8526084476685818,-47.55610346029471,-0.017113205444694933,2778.912671502873,6,stop,3162714.578530499
SA0,6332,6347,2025-11-24 13:30:00,2025-11-26 01:00:00,-1,1172.0,1176.0140967843665,6,20.0,8.178011987862662,-481.6916141239835,-0.3272267791833372,1472.042157815279,15,stop,3161199.083516851
IC0,6885,6890,2025-11-26 02:00:00,2025-11-26 06:00:00,1,6974.8,6916.274567787984,1,200.0,45.804709226038916,-11705.086442403262,-0.8518109920852994,13741.412767811675,5,stop,3162185.3308129143
TA0,6350,6357,2025-11-26 01:30:00,2025-11-26 13:00:00,1,4676.0,4658.743738560259,6,5.0,22.342162801683397,-517.6878431922341,-0.5149087129690938,1005.3973260757527,7,stop,3162185.3308129143
SC0,5425,5427,2025-11-26 17:00:00,2025-11-26 18:00:00,1,447.2,444.81846807447,1,1000.0,1.6559716388420365,-2381.5319255299983,-0.9587651823937922,2483.957458263055,2,stop,3149962.5565273184
TA0,6362,6367,2025-11-27 01:30:00,2025-11-27 06:00:00,-1,4642.0,4641.977499771301,6,5.0,23.152448705444588,0.6750068609653681,0.000647886219584609,1041.8601917450064,5,stop,3147581.0246017883
SA0,6348,6372,2025-11-26 01:30:00,2025-11-28 01:30:00,1,1176.0,1180.398092710354,6,20.0,6.334633865843294,527.7711252424706,0.46286207995579004,1140.234095851793,24,stop,3162185.3308129143
I0,6370,6373,2025-11-27 14:30:00,2025-11-28 02:00:00,-1,787.0,792.0059573223488,1,100.0,3.459747198459981,-500.5957322348763,-0.9646094613650845,518.9620797689971,3,stop,3147581.699608649
SA0,6380,6383,2025-11-28 13:30:00,2025-12-01 01:00:00,-1,1162.0,1166.2319208029812,6,20.0,6.95249103504656,-507.8304963577466,-0.4057941996759325,1251.4483863083808,3,stop,3147608.875001657
AO0,5845,5862,2025-11-28 02:00:00,2025-12-01 02:30:00,-1,2711.0,2682.6400042084674,2,20.0,6.940673015214883,1134.3998316613033,2.72403898290206,416.440380912893,17,stop,3147581.699608649
RU0,6384,6390,2025-12-01 01:30:00,2025-12-01 06:30:00,-1,15145.0,15248.326539124973,1,10.0,78.21361360364456,-1033.2653912497335,-0.880720839286718,1173.2042040546685,6,stop,3147608.875001657
SA0,6392,6394,2025-12-01 13:30:00,2025-12-01 14:30:00,1,1189.0,1178.3903401821635,6,20.0,7.3333069991950826,-1273.1591781403768,-0.9645179924965193,1319.995259855115,2,stop,3147202.178945711
FG0,6392,6395,2025-12-01 13:30:00,2025-12-02 01:00:00,1,1047.0,1035.1840371124863,7,20.0,8.419837183245342,-1654.2348042519188,-0.9355654296202881,1768.1658084815217,3,stop,3147202.178945711
IC0,6902,6916,2025-11-28 02:30:00,2025-12-02 01:30:00,1,6941.8,6985.00251240274,1,200.0,40.70477930099763,8640.502480547912,0.7075747720478074,12211.433790299288,14,stop,3147608.875001657
EB0,6392,6397,2025-12-01 13:30:00,2025-12-02 02:00:00,-1,6499.0,6510.869653207296,4,5.0,31.97995162661233,-237.39306414592647,-0.24743946553104257,959.3985487983698,5,stop,3147202.178945711
SA0,6404,6412,2025-12-02 13:30:00,2025-12-03 05:30:00,-1,1170.0,1175.6445459676163,6,20.0,6.877821291958068,-677.3455161139555,-0.5471253883082823,1238.0078325524523,8,stop,3152677.8943797206
EG0,6400,6415,2025-12-02 05:30:00,2025-12-03 13:00:00,-1,3862.0,3836.2073539474964,4,10.0,16.94270250097789,1031.7058421001457,1.0148969662510041,1016.5621500586735,15,stop,3152677.8943797206
JM0,6404,6419,2025-12-02 13:30:00,2025-12-04 01:00:00,-1,1087.0,1075.9782551894812,2,60.0,9.092227390773338,1322.6093772622608,0.8081440947171755,1636.6009303392009,15,stop,3152677.8943797206
BU0,6428,6431,2025-12-04 13:30:00,2025-12-05 01:00:00,-1,2937.0,2948.6839376755133,5,10.0,12.548527749114958,-584.1968837756667,-0.6207335186571933,941.1395811836218,3,stop,3154354.864082969
EB0,6425,6434,2025-12-04 06:00:00,2025-12-05 02:30:00,1,6588.0,6544.461073460709,4,5.0,32.132230030493496,-870.7785307858285,-0.9033282470170495,963.9669009148048,9,stop,3154354.864082969
JM0,6426,6434,2025-12-04 06:30:00,2025-12-05 02:30:00,1,1088.5,1163.4403315395414,2,60.0,8.942040931734834,8992.839784744965,5.58711611898965,1609.56736771227,8,stop,3154354.864082969
AG0,5546,5556,2025-12-05 03:00:00,2025-12-05 16:00:00,1,13522.0,13704.303316807316,1,15.0,91.5454433671461,2734.5497521097423,1.3275979673918705,2059.7724757607875,10,stop,3153770.667199193
RM0,6429,6450,2025-12-04 14:00:00,2025-12-08 06:30:00,-1,2390.0,2341.741965777361,6,10.0,11.741456017224117,2895.482053358328,2.7400369058060443,1056.7310415501706,21,stop,3154354.864082969
SN0,5946,5947,2025-12-08 06:30:00,2025-12-08 13:00:00,1,320420.0,317602.7782833053,1,1.0,1878.147811129822,-2817.2217166947084,-0.9999999999999912,2817.221716694733,1,stop,3164627.278205262
LC0,4620,4629,2025-12-08 03:00:00,2025-12-09 05:30:00,1,94100.0,93479.49024141925,1,1.0,1064.6303716564198,-620.5097585807525,-0.3885603711864328,1596.9455574846297,9,stop,3164627.278205262
AG0,5586,5588,2025-12-09 06:00:00,2025-12-09 13:00:00,-1,13554.0,13761.0,1,15.0,84.59942026022934,-3105.0,-1.63121685202463,1903.48695585516,2,stop,3164705.5385419256
IF0,6965,6970,2025-12-10 02:00:00,2025-12-10 06:00:00,-1,4540.2,4565.452694211052,1,300.0,17.82432456407435,-7575.808263315776,-0.9445030813659522,8020.946053833458,5,stop,3160980.0287833447
IH0,6965,6970,2025-12-10 02:00:00,2025-12-10 06:00:00,-1,2969.6,2979.1530223351233,1,300.0,10.443481344632852,-2865.906700537016,-0.6098236159556064,4699.566605084784,5,stop,3160980.0287833447
RU0,6464,6474,2025-12-09 13:30:00,2025-12-10 06:30:00,1,15155.0,15221.790895418642,1,10.0,74.25060079764171,667.9089541864232,0.5996889336125406,1113.7590119646256,10,stop,3160980.0287833447
P0,6473,6475,2025-12-10 06:00:00,2025-12-10 13:00:00,-1,8538.0,8601.619301604427,1,10.0,48.547190895485954,-636.1930160442716,-0.8736420574280527,728.2078634322893,2,stop,3160980.0287833447
SN0,5972,5979,2025-12-10 01:30:00,2025-12-10 13:00:00,1,316680.0,319136.8123493886,1,1.0,1698.1431483655479,2456.8123493886087,0.9645093237097533,2547.214722548322,7,stop,3160980.0287833447
BU0,6476,6478,2025-12-10 13:30:00,2025-12-10 14:30:00,1,2971.0,2953.7456385033947,5,10.0,13.798003125767815,-862.7180748302635,-0.8336646657893414,1034.8502344325861,2,stop,3151206.222773678
HC0,6480,6482,2025-12-11 01:30:00,2025-12-11 02:30:00,-1,3261.0,3276.9978673295755,4,10.0,10.870263723797775,-639.9146931830182,-0.9811394789838173,652.2158234278664,2,stop,3152164.124032192
RB0,6480,6482,2025-12-11 01:30:00,2025-12-11 02:30:00,-1,3090.0,3107.5041626058837,5,10.0,11.951706486275588,-875.208130294186,-0.9763828914855042,896.3779864706692,2,stop,3152164.124032192
MA0,6488,6491,2025-12-11 13:30:00,2025-12-12 01:00:00,-1,2042.0,2049.3804958136907,7,10.0,12.619633844115931,-516.634706958348,-0.38989487359450015,1325.061553632173,3,stop,3150649.001208715
LC0,4636,4650,2025-12-10 03:00:00,2025-12-12 02:00:00,1,96200.0,99008.85272432228,1,1.0,1121.8191845500073,2808.852724322278,1.6692248703454449,1682.728776825011,14,stop,3160980.0287833447
MA0,6492,6496,2025-12-12 01:30:00,2025-12-12 05:30:00,1,2076.0,2060.9521787198923,7,10.0,13.933006096985503,-1053.3474896075359,-0.7200083588261377,1462.965640183478,4,stop,3150132.366501757
RU0,6492,6498,2025-12-12 01:30:00,2025-12-12 06:30:00,1,15260.0,15221.55809707122,1,10.0,66.01032994548557,-384.4190292878011,-0.38824128446287365,990.1549491822834,6,stop,3150132.366501757
BU0,6492,6499,2025-12-12 01:30:00,2025-12-12 13:00:00,1,2967.0,2944.0,5,10.0,21.637367390513234,-1150.0,-0.7086505976718839,1622.8025542884925,7,stop,3150649.001208715
AL0,6016,6022,2025-12-12 15:30:00,2025-12-15 02:30:00,-1,21855.0,21860.241128484096,1,5.0,110.67165638162761,-26.205642420482036,-0.031571639661881104,830.0374228622071,6,stop,3150353.4527071835
L0,6500,6508,2025-12-12 13:30:00,2025-12-15 05:30:00,1,6554.0,6578.524749672049,4,5.0,28.471236890234675,490.49499344098876,0.574257914320099,854.1371067070402,8,stop,3150353.4527071835
IC0,6997,7001,2025-12-16 02:00:00,2025-12-16 05:30:00,-1,7020.0,7019.068570718502,1,200.0,35.225482597994855,186.28585629958252,0.017627944559864973,10567.644779398457,4,stop,3150817.742058204
AG0,5679,5684,2025-12-16 03:00:00,2025-12-16 13:30:00,-1,14673.0,14758.48546791736,1,15.0,122.89588916152167,-1282.2820187604066,-0.46372838289167495,2765.1575061342373,5,stop,3150817.742058204
BU0,6512,6527,2025-12-15 13:30:00,2025-12-17 01:00:00,-1,2922.0,2899.0410393358634,5,10.0,18.14786019078211,1147.9480332068306,0.8434037740639792,1361.0895143086582,15,stop,3150817.742058204
IH0,6997,7007,2025-12-16 02:00:00,2025-12-17 03:00:00,-1,2959.0,2954.3198900172206,1,300.0,12.019808089382941,1404.032994833824,0.25957763207624696,5408.913640222324,10,stop,3150817.742058204
EG0,6519,6534,2025-12-16 03:00:00,2025-12-17 06:30:00,1,3681.0,3756.964361958989,4,10.0,20.354506440894387,3038.574478359551,2.4880440171672324,1221.2703864536634,15,stop,3150817.742058204
BU0,6528,6535,2025-12-17 01:30:00,2025-12-17 13:00:00,1,2914.0,2971.0,5,10.0,19.668262446010562,2850.0,1.9320466210124105,1475.1196834507923,7,stop,3150869.69392895
LH0,6999,7011,2025-12-16 03:00:00,2025-12-18 01:00:00,1,11340.0,11378.434075168763,1,16.0,48.67756171818654,614.9452027002117,0.5263763400376426,1168.2614812364768,12,stop,3150817.742058204
RU0,6528,6539,2025-12-17 01:30:00,2025-12-18 01:00:00,1,15200.0,15409.81491046442,1,10.0,70.75200831546357,2098.149104644199,1.9769983963226734,1061.2801247319535,11,stop,3150869.69392895
IC0,7010,7012,2025-12-17 06:00:00,2025-12-18 01:30:00,1,7130.4,6954.0,1,200.0,39.994837489648745,-35279.99999999993,-2.9403794934892877,11998.451246894623,2,stop,3152273.726923784
IF0,7010,7012,2025-12-17 06:00:00,2025-12-18 01:30:00,1,4576.2,4516.8,1,300.0,20.90929683577464,-17819.99999999989,-1.8938943911421433,9409.183576098589,2,stop,3152273.726923784
IH0,7010,7012,2025-12-17 06:00:00,2025-12-18 01:30:00,1,2995.2,2973.8,1,300.0,12.126360147675813,-6419.999999999891,-1.176500325977934,5456.862066454116,2,stop,3152273.726923784
CU0,6068,6076,2025-12-18 01:30:00,2025-12-18 13:30:00,-1,92260.0,92794.37466789279,1,5.0,391.8158363519371,-2671.8733394639276,-0.9092276154841261,2938.6187726395283,8,stop,3158162.301402143
MA0,6500,6548,2025-12-12 13:30:00,2025-12-18 13:30:00,1,2078.0,2162.7493263280744,7,10.0,12.736677434197874,5932.452842965208,4.4359725036045985,1337.3511305907768,48,stop,3150353.4527071835
CU0,6077,6078,2025-12-18 14:00:00,2025-12-18 14:30:00,1,92770.0,92174.97809010318,1,5.0,396.68127326455146,-2975.109549484114,-0.9999999999999926,2975.109549484136,1,stop,3098683.5223700237
IF0,7022,7026,2025-12-19 02:30:00,2025-12-19 06:00:00,1,4551.6,4521.456570719393,1,300.0,21.85634674891834,-9043.028784182115,-0.9194409180664753,9835.356037013253,4,stop,3101640.8656635047
P0,6547,6563,2025-12-18 13:00:00,2025-12-22 01:00:00,-1,8376.0,8324.479836276774,1,10.0,34.919457686718935,515.2016372322578,0.983599920812834,523.791865300784,16,stop,3101355.3957094876
SP0,6560,6573,2025-12-19 13:30:00,2025-12-22 14:00:00,1,5538.0,5590.089711886165,2,10.0,26.632234073116138,1041.7942377232976,1.303926456017115,798.9670221934841,13,stop,3092597.836879323
P0,6569,6575,2025-12-22 06:00:00,2025-12-23 01:00:00,1,8396.0,8431.560100319943,1,10.0,38.93123688574303,355.6010031994265,0.6089386169826536,583.9685532861455,6,stop,3093113.038516555
BU0,6564,6577,2025-12-22 01:30:00,2025-12-23 02:00:00,1,2977.0,2978.166736896496,5,10.0,17.76994272591734,58.33684482479384,0.043771924854291516,1332.7457044438004,13,stop,3092597.836879323
RU0,6572,6577,2025-12-22 13:30:00,2025-12-23 02:00:00,1,15315.0,15220.198986837471,1,10.0,69.68352505635569,-948.0101316252876,-0.9069672550373,1045.2528758453354,5,stop,3093113.038516555
MA0,6576,6582,2025-12-23 01:30:00,2025-12-23 06:30:00,-1,2147.0,2144.988129034599,7,10.0,12.51379011527142,140.83096757808107,0.10718154115679346,1313.947962103499,6,stop,3094154.832754278
IF0,7029,7045,2025-12-22 02:00:00,2025-12-24 02:00:00,1,4571.0,4562.473690301283,1,300.0,20.78770994399728,-2557.8929096152024,-0.2734407244051887,9354.469474798776,16,stop,3093113.038516555
AL0,6140,6148,2025-12-24 13:30:00,2025-12-25 01:30:00,-1,22145.0,22195.57771030737,1,5.0,85.30033912106678,-252.8885515368529,-0.3952912014850306,639.752543408001,8,stop,3091203.6985286395
AU0,5817,5829,2025-12-25 13:30:00,2025-12-26 02:00:00,1,1015.22,1015.098241603845,1,1000.0,3.329051671233436,-121.75839615497352,-0.02438299916001028,4993.577506850154,12,stop,3090950.8099771026
FG0,6611,6614,2025-12-26 01:00:00,2025-12-26 02:30:00,-1,1037.0,1040.8985200434422,7,20.0,7.467889264357676,-545.7928060819086,-0.3480251608308158,1568.2567455151118,3,stop,3090950.8099771026
IC0,7022,7063,2025-12-19 02:30:00,2025-12-26 03:00:00,1,7073.0,7349.174473559036,1,200.0,46.27937961259326,55234.89471180728,3.9783661156927796,13883.813883777979,41,stop,3101640.8656635047
SN0,6164,6169,2025-12-26 01:30:00,2025-12-26 06:00:00,-1,335720.0,337627.3523134958,1,1.0,2714.2292307397397,-1907.3523134958232,-0.4684822470394885,4071.3438461096093,5,stop,3090950.8099771026
FG0,6615,6621,2025-12-26 03:00:00,2025-12-26 14:00:00,1,1048.0,1045.2307665560497,7,20.0,7.831122065788203,-387.6926821530378,-0.23574599064998283,1644.5356338155227,6,stop,3090283.2587748654
I0,6619,6621,2025-12-26 13:00:00,2025-12-26 14:00:00,1,783.0,784.4472005099587,2,100.0,3.9609842492603744,289.44010199174954,0.24357590923333095,1188.2952747781123,2,stop,3143610.801173177
OI0,6589,6622,2025-12-24 02:00:00,2025-12-26 14:30:00,1,8919.0,9028.731849497073,1,10.0,42.47217109732483,1097.318494970732,1.722411744945854,637.0825664598725,33,stop,3093761.591438255
L0,6615,6630,2025-12-26 03:00:00,2025-12-29 06:30:00,1,6380.0,6446.503413919706,4,5.0,26.000944886540317,1330.0682783941193,1.7051537731905584,780.0283465962095,15,stop,3090283.2587748654
PP0,6617,6630,2025-12-26 06:00:00,2025-12-29 06:30:00,1,6255.0,6273.338446705209,5,5.0,26.472049484017695,458.4611676302302,0.46183168190990553,992.7018556506636,13,stop,3145518.153486673
RB0,6620,6630,2025-12-26 13:30:00,2025-12-29 06:30:00,1,3139.0,3130.544962601251,5,10.0,10.77616923673078,-422.7518699374514,-0.5230700702020572,808.2126927548086,10,stop,3143610.801173177
C0,6608,6635,2025-12-25 13:30:00,2025-12-30 01:00:00,1,2204.0,2245.7398483811935,7,10.0,5.213654322391759,2921.7893866835448,5.337247900757817,547.4337038511346,27,stop,3090950.8099771026
SP0,6620,6637,2025-12-26 13:30:00,2025-12-30 02:00:00,-1,5598.0,5528.015347821592,2,10.0,32.42338170349122,1399.693043568168,1.4389749722059935,972.7014511047366,17,stop,3143610.801173177
SN0,6188,6198,2025-12-29 13:30:00,2025-12-30 02:30:00,-1,330070.0,324329.05261904,1,1.0,4007.9805394596315,5740.947380959988,0.9549193705639433,6011.970809189447,10,stop,3145975.644664074
MA0,6627,6647,2025-12-29 03:00:00,2025-12-31 01:00:00,1,2175.0,2215.471334561501,7,10.0,12.604293810091894,2832.9934193050667,2.1406109786225773,1323.4508500596487,20,stop,3144609.867087987
IH0,7081,7084,2025-12-30 05:30:00,2025-12-31 01:30:00,1,3049.0,3033.6490898551615,1,300.0,10.612143543938169,-4605.273043451552,-0.964361257853961,4775.4645947721765,3,stop,3156038.0744752856
NI0,6196,6212,2025-12-30 01:30:00,2025-12-31 01:30:00,1,127190.0,132813.94949528467,1,1.0,1262.7452707641187,5623.949495284673,2.9691654764656694,1894.117906146178,16,stop,3148897.4340507574
SA0,6636,6649,2025-12-30 01:30:00,2025-12-31 02:00:00,1,1208.0,1206.3229975217712,6,20.0,8.365914693868715,-201.24029738745776,-0.13363770646285864,1505.8646448963686,13,stop,3148897.4340507574
CU0,6201,6214,2025-12-30 06:00:00,2025-12-31 02:30:00,1,99120.0,98415.85118388993,1,5.0,909.2642014005582,-3520.7440805503575,-0.5162773848902271,6819.481510504187,13,stop,3156038.0744752856
CU0,6215,6219,2025-12-31 03:00:00,2026-01-05 01:00:00,-1,98460.0,99400.0,1,5.0,805.4254575919499,-4700.0,-0.7780566913544875,6040.6909319396245,4,stop,3156167.759968486
RU0,6656,6660,2026-01-05 01:30:00,2026-01-05 05:30:00,1,15820.0,15729.855644734385,1,10.0,80.9243243358667,-901.4435526561465,-0.7426226581061199,1213.8648650380005,4,stop,3151467.759968486
V0,6664,6667,2026-01-05 13:30:00,2026-01-06 01:00:00,1,4870.0,4850.793304455565,6,5.0,31.64501904027341,-576.2008663330562,-0.40462809265478356,1424.0258568123033,3,stop,3150566.31641583
SA0,6656,6668,2026-01-05 01:30:00,2026-01-06 01:30:00,-1,1195.0,1182.51203817989,6,20.0,7.972913296536665,1498.555418413207,1.0441989735031714,1435.1243933765998,12,stop,3151467.759968486
JM0,6656,6671,2026-01-05 01:30:00,2026-01-06 03:00:00,-1,1104.0,1084.630867750757,2,60.0,10.110393992454101,2324.295869909156,1.277176225028034,1819.8709186417384,15,stop,3151467.759968486
CU0,6220,6244,2026-01-05 01:30:00,2026-01-06 13:30:00,1,100180.0,104099.42951509179,1,5.0,871.6476661987712,19597.14757545895,2.9977169805963015,6537.357496490784,24,stop,3151467.759968486
SA0,6676,6681,2026-01-06 13:30:00,2026-01-07 02:00:00,1,1220.0,1222.4941673530047,6,20.0,9.146911715792461,299.3000823605689,0.18178575315924933,1646.444108842643,5,stop,3153812.966837819
TA0,6682,6684,2026-01-07 01:30:00,2026-01-07 02:30:00,-1,5098.0,5135.2442053175155,6,5.0,38.79071151001111,-1117.3261595254644,-0.6400880325504985,1745.5820179504997,2,stop,3173410.114413278
LH0,7106,7111,2026-01-06 06:30:00,2026-01-07 03:00:00,1,11780.0,11747.132112182264,1,16.0,56.84027869757184,-525.8862050837779,-0.3854999608360494,1364.166688741724,5,stop,3153812.966837819
IH0,7093,7113,2026-01-05 02:00:00,2026-01-07 05:30:00,1,3066.8,3139.9334570177457,1,300.0,14.021032006639018,21940.037105323652,3.4773216400008455,6309.464402987558,20,stop,3151467.759968486
TA0,6685,6690,2026-01-07 03:00:00,2026-01-07 13:30:00,1,5138.0,5110.038632108354,6,5.0,39.170988770952775,-838.8410367493725,-0.4758856621354167,1762.6944946928747,5,stop,3172592.088336113
JM0,6675,6691,2026-01-06 13:00:00,2026-01-08 01:00:00,1,1097.0,1209.603239530682,2,60.0,10.777557334259592,13512.38874368184,6.965291301690408,1939.9603201667267,16,stop,3153812.966837819
TA0,6694,6696,2026-01-08 01:30:00,2026-01-08 02:30:00,1,5134.0,5107.464608277397,6,5.0,40.17925559571488,-796.0617516780894,-0.440283446921019,1808.0665018071695,2,stop,3206679.7869432853
RB0,6676,6695,2026-01-06 13:30:00,2026-01-08 03:00:00,1,3131.0,3176.4005891663205,5,10.0,9.774684588889357,2270.0294583160257,3.096474282005733,733.1013441667018,19,stop,3153812.966837819
EG0,6700,6703,2026-01-08 13:30:00,2026-01-09 01:00:00,-1,3821.0,3858.0,4,10.0,23.59107406375301,-1480.0,-1.0455932019036926,1415.4644438251805,3,stop,3208153.754649923
OI0,6691,6703,2026-01-08 01:00:00,2026-01-09 01:00:00,-1,9019.0,8980.31319454458,1,10.0,39.27287690413173,386.86805455419744,0.6567179608436864,589.0931535619759,12,stop,3193167.3981996034
SP0,6688,6703,2026-01-07 13:30:00,2026-01-09 01:00:00,-1,5538.0,5507.817701176098,2,10.0,33.68013435089536,603.6459764780375,0.597430293467134,1010.4040305268608,15,stop,3194006.239236353
TA0,6697,6705,2026-01-08 03:00:00,2026-01-09 01:00:00,-1,5112.0,5107.208976880058,6,5.0,39.127487078639064,143.73069359826331,0.0816309876194031,1760.736918538758,8,stop,3205883.725191607
RB0,6700,6706,2026-01-08 13:30:00,2026-01-09 02:30:00,-1,3154.0,3148.405562649588,5,10.0,13.00601461135461,279.7218675206068,0.28676154930801717,975.4510958515958,6,stop,3208153.754649923
RM0,6691,6715,2026-01-08 01:00:00,2026-01-12 01:00:00,-1,2388.0,2336.595946655887,6,10.0,14.2441453918807,3084.243200646779,2.405856438085025,1281.9730852692628,24,stop,3193167.3981996034
TA0,6716,6717,2026-01-09 14:30:00,2026-01-12 01:00:00,1,5160.0,5147.561943644906,6,5.0,35.955527639554326,-373.1416906528193,-0.2306192709279188,1617.9987437799446,1,stop,3208087.721242075
AL0,6287,6302,2026-01-09 03:00:00,2026-01-12 02:30:00,1,24430.0,24483.27017158299,1,5.0,186.955691781625,266.3508579149493,0.18995649388131486,1402.1676883621876,15,stop,3207807.999374554
V0,6719,6724,2026-01-12 03:00:00,2026-01-12 13:30:00,1,4859.0,4871.77174052719,6,5.0,44.845259534841276,383.1522158156895,0.1898638512322133,2018.0366790678577,5,stop,3211065.1736099836
RU0,6716,6725,2026-01-12 01:30:00,2026-01-12 14:00:00,1,16030.0,16023.743235258436,1,10.0,94.66744770235461,-62.56764741563529,-0.044061360009306966,1420.0117155353191,9,stop,3211171.9644427216
BU0,6724,6727,2026-01-12 13:30:00,2026-01-13 01:00:00,-1,3099.0,3127.0,5,10.0,18.061049325224733,-1400.0,-1.0335316808307535,1354.578699391855,3,stop,3211065.1736099836
EG0,6724,6727,2026-01-12 13:30:00,2026-01-13 01:00:00,-1,3816.0,3853.500697828946,4,10.0,26.101131260250206,-1500.0279131578463,-0.9578307150759788,1566.0678756150123,3,stop,3211065.1736099836
MA0,6724,6727,2026-01-12 13:30:00,2026-01-13 01:00:00,-1,2236.0,2254.3119736904655,7,10.0,16.75008616698714,-1281.8381583325845,-0.7288310244260789,1758.7590475336494,3,stop,3211065.1736099836
TA0,6726,6729,2026-01-12 13:30:00,2026-01-13 01:00:00,-1,5102.0,5150.381204007172,6,5.0,34.888794961516965,-1451.4361202151485,-0.9244840941155473,1569.9957732682633,3,stop,3211065.1736099836
AO0,6308,6318,2026-01-12 13:30:00,2026-01-13 02:30:00,-1,2837.0,2831.8284227091376,2,20.0,20.995309953810356,206.8630916344955,0.16421373161402392,1259.7185972286213,10,stop,3211065.1736099836
MA0,6728,6732,2026-01-13 01:30:00,2026-01-13 05:30:00,1,2270.0,2263.5116949547883,7,10.0,18.7201481417982,-454.1813531648222,-0.23106316595592563,1965.6155548888112,4,stop,3207203.892106893
NI0,6319,6320,2026-01-13 03:00:00,2026-01-13 05:30:00,1,143230.0,140642.257993947,1,1.0,1726.3275940893373,-2587.742006053013,-0.9993244290801728,2589.491391134006,1,stop,3205959.3190783123
RU0,6731,6732,2026-01-13 03:00:00,2026-01-13 05:30:00,1,16175.0,16026.28064266167,1,10.0,100.61902578136471,-1487.1935733833016,-0.9853627328989301,1509.2853867204708,1,stop,3205959.3190783123
AL0,6319,6322,2026-01-13 03:00:00,2026-01-13 06:30:00,1,24625.0,24367.853080232762,1,5.0,178.2426484118634,-1285.7345988361885,-0.9617859775551624,1336.8198630889754,3,stop,3205752.4559866777
TA0,6730,6742,2026-01-13 01:30:00,2026-01-14 01:30:00,1,5144.0,5121.076523957762,6,5.0,33.99788819491582,-687.7042812671334,-0.4495078421893638,1529.9049687712118,12,stop,3205752.4559866777
OI0,6736,6742,2026-01-13 13:30:00,2026-01-14 02:30:00,-1,8940.0,8996.38814707927,1,10.0,41.356714467972346,-563.881470792694,-0.9089720626129166,620.3507170195851,6,stop,3200144.4675468747
SA0,6733,6743,2026-01-13 06:00:00,2026-01-14 03:00:00,-1,1221.0,1224.4826567304106,6,20.0,9.215787648421466,-417.91880764926645,-0.2519340985471516,1658.8417767158637,10,stop,3201430.202145711
TA0,6747,6749,2026-01-14 06:00:00,2026-01-14 13:00:00,-1,5112.0,5162.946134060845,6,5.0,35.34594240265775,-1528.38402182535,-0.9609049035100229,1590.5674081195984,2,stop,3198474.962987166
EG0,6739,6751,2026-01-14 01:00:00,2026-01-15 01:00:00,1,3870.0,3852.9463796547357,4,10.0,26.556484949286343,-682.1448138105734,-0.4281093771215285,1593.3890969571805,12,stop,3200144.4675468747
AL0,6348,6355,2026-01-15 01:30:00,2026-01-15 13:00:00,-1,24390.0,24450.0,1,5.0,174.66134016396208,-300.0,-0.22901461744453744,1309.9600512297156,7,stop,3196946.5789653407
RU0,6752,6759,2026-01-15 01:30:00,2026-01-15 13:00:00,-1,15920.0,16060.932811633018,1,10.0,113.70587259229742,-1409.32811633018,-0.826300397801177,1705.5880888844615,7,stop,3196264.4341515303
MA0,6752,6763,2026-01-15 01:30:00,2026-01-16 01:00:00,-1,2265.0,2261.8456248519133,7,10.0,19.001586873389016,220.806260366071,0.11067058658854466,1995.1666217058464,11,stop,3196264.4341515303
TA0,6754,6765,2026-01-15 01:30:00,2026-01-16 01:00:00,-1,5124.0,5043.424307718465,6,5.0,32.490159588416596,2417.27076844606,1.653335313466465,1462.0571814787468,11,stop,3196264.4341515303
OI0,6763,6766,2026-01-16 01:00:00,2026-01-16 02:30:00,1,9115.0,9059.025454774111,1,10.0,53.86197579595326,-559.745452258885,-0.6928146049690459,807.9296369392989,3,stop,3194555.1060352
Y0,6763,6766,2026-01-16 01:00:00,2026-01-16 02:30:00,1,8038.0,7994.891432029158,1,10.0,30.700018362006183,-431.0856797084216,-0.9361246946178288,460.50027543009276,3,stop,3194555.1060352
RB0,6764,6767,2026-01-16 01:30:00,2026-01-16 03:00:00,1,3183.0,3173.3069989935016,5,10.0,10.49753918415283,-484.6500503249217,-0.6155729031003805,787.3154388114622,3,stop,3194775.912295566
BU0,6760,6771,2026-01-15 13:30:00,2026-01-16 13:00:00,-1,3133.0,3148.0,5,10.0,15.192977545896559,-750.0,-0.6581988270430165,1139.4733159422417,11,stop,3195964.4341515303
SC0,6083,6094,2026-01-19 01:30:00,2026-01-19 15:00:00,-1,440.1,440.15438017047444,1,1000.0,2.396198215743699,-54.3801704744169,-0.015129569308894905,3594.2973236155485,11,stop,3194967.7018817198
SC0,6112,6114,2026-01-20 14:30:00,2026-01-20 15:30:00,1,443.0,441.50732392884527,1,1000.0,1.9091302167507886,-1492.676071154733,-0.5212412291412186,2863.6953251261825,2,stop,3194913.3217112455
IM0,6785,6792,2026-01-20 02:00:00,2026-01-21 01:30:00,-1,8156.6,8137.893864020761,1,200.0,67.17894227847339,3741.2271958479323,0.1856349161884497,20153.682683542014,7,stop,3194913.3217112455
HC0,6776,6804,2026-01-19 01:30:00,2026-01-21 05:30:00,-1,3308.0,3286.7546581065553,4,10.0,11.32907848354922,849.813675737787,1.2501953519752853,679.7447090129532,28,stop,3194967.7018817198
MA0,6803,6807,2026-01-21 03:00:00,2026-01-21 13:00:00,-1,2211.0,2224.201826134219,7,10.0,13.016480325382199,-924.1278293953383,-0.6761595456530847,1366.730434165131,4,stop,3197161.8728359384
FG0,6776,6808,2026-01-19 01:30:00,2026-01-21 13:30:00,-1,1091.0,1050.2082160976074,7,20.0,10.593388526465688,5710.849746334961,2.56712217565271,2224.6115905577944,32,stop,3194967.7018817198
SA0,6776,6808,2026-01-19 01:30:00,2026-01-21 13:30:00,-1,1200.0,1174.1585237463937,6,20.0,9.885667932179965,3100.9771504327546,1.742689614290789,1779.4202277923937,32,stop,3194967.7018817198
AG0,6126,6132,2026-01-21 06:00:00,2026-01-21 15:00:00,1,23188.0,22977.157430323336,1,15.0,232.58837305269702,-3162.6385451499664,-0.6043368001285668,5233.238393685682,6,stop,3197161.8728359384
AL0,6417,6423,2026-01-21 06:00:00,2026-01-21 15:00:00,1,24135.0,24022.985469721734,1,5.0,117.39584413096665,-560.0726513913287,-0.6361073006599364,880.4688309822498,6,stop,3197161.8728359384
NI0,6418,6427,2026-01-21 06:30:00,2026-01-22 01:00:00,1,143300.0,141695.5810742089,1,1.0,1281.9064793864925,-1604.4189257911057,-0.8343920827250801,1922.8597190797386,9,stop,3198011.6865116763
AG0,6133,6143,2026-01-21 15:30:00,2026-01-22 03:00:00,-1,22898.0,23022.81294003589,1,15.0,250.85168120869506,-1872.194100538327,-0.33170448086958293,5644.162827195639,10,stop,3202736.7470338987
SP0,6832,6835,2026-01-23 13:30:00,2026-01-26 01:00:00,-1,5358.0,5378.750199239183,2,10.0,23.09680098966368,-415.0039847836524,-0.5989342924869057,692.9040296899104,3,stop,3198700.061356178
IM0,6793,6816,2026-01-21 02:00:00,2026-01-26 01:30:00,1,8188.6,8421.602407926026,1,200.0,68.21295414324885,46600.481585205125,2.2772058558135937,20463.886242974655,23,stop,3197161.8728359384
IF0,7214,7215,2026-01-26 02:30:00,2026-01-26 03:00:00,1,4766.4,4717.4,1,300.0,25.342803154918176,-14700.0,-1.2889918477833093,11404.26141971318,1,stop,3244885.5389565993
SC0,6168,6183,2026-01-23 14:00:00,2026-01-26 06:00:00,1,450.3,452.4,1,1000.0,2.509449696791842,2099.999999999966,0.5578912387802714,3764.174545187763,15,stop,3198700.061356178
SC0,6205,6206,2026-01-27 13:30:00,2026-01-27 14:00:00,1,450.8,451.85670999745463,1,1000.0,2.9182594890069273,1056.7099974546181,0.2414018815976306,4377.38923351039,1,stop,3232285.5389565993
CU0,6496,6499,2026-01-28 05:30:00,2026-01-28 13:00:00,1,103030.0,102528.11510127113,1,5.0,581.536253060587,-2509.4244936443283,-0.5753552435037123,4361.521897954402,3,stop,3233342.248954054
TA0,6870,6874,2026-01-28 13:30:00,2026-01-29 01:30:00,-1,5280.0,5337.355939250179,6,5.0,42.637367091135744,-1720.6781775053787,-0.8968023928804542,1918.6815191011083,4,stop,3230832.8244604096
FG0,6870,6875,2026-01-28 14:30:00,2026-01-29 03:00:00,1,1077.0,1071.4225888122023,7,20.0,7.657670347795554,-780.8375662916751,-0.48556205168440664,1608.1107730370663,5,stop,3230832.8244604096
IM0,6830,6844,2026-01-27 06:00:00,2026-01-29 05:00:00,1,8376.6,8357.62736701462,1,200.0,72.63994284539106,-3794.5265970760374,-0.17412488907342236,21791.98285361732,14,stop,3232285.5389565993
EG0,6877,6883,2026-01-29 06:00:00,2026-01-30 01:00:00,1,3974.0,3952.2963043006143,4,10.0,26.351412381105145,-868.1478279754265,-0.54908367934889,1581.0847428663087,6,stop,3224536.782119537
V0,6880,6883,2026-01-29 13:30:00,2026-01-30 01:00:00,1,4951.0,4952.289889581114,6,5.0,27.569425880571632,38.696687433421175,0.031191305583746505,1240.6241646257236,3,stop,3224536.782119537
IF0,7245,7247,2026-01-30 02:00:00,2026-01-30 03:00:00,-1,4722.6,4714.330204650168,1,300.0,25.432820952398085,2480.9386049498244,0.21677488746558624,11444.769428579139,2,stop,3223707.3309789947
IM0,6849,6852,2026-01-30 02:00:00,2026-01-30 05:00:00,-1,8215.6,8231.362446904153,1,200.0,77.0628780797404,-3152.4893808305933,-0.13636005036340032,23118.863423922117,3,stop,3223707.3309789947
CF0,6885,6891,2026-01-30 02:00:00,2026-01-30 13:00:00,-1,14670.0,14725.118318621231,2,5.0,73.29529885049526,-551.1831862123108,-0.5013356425824724,1099.4294827574288,6,stop,3223707.3309789947
FG0,6884,6891,2026-01-30 01:30:00,2026-01-30 13:00:00,-1,1066.0,1069.370093487285,7,20.0,9.297532142647105,-471.8130882198966,-0.24164788645556112,1952.4817499558917,7,stop,3223668.6342915613
SP0,6884,6891,2026-01-30 01:30:00,2026-01-30 13:00:00,-1,5360.0,5310.977638867341,3,10.0,25.867222430200364,1470.6708339797751,1.2634357699836853,1164.0250093590162,7,stop,3223668.6342915613
AO0,6532,6539,2026-01-30 13:30:00,2026-02-02 01:00:00,1,2797.0,2793.3947781076517,2,20.0,22.266675012611802,-144.20887569393017,-0.10794073476188858,1336.0005007567083,7,stop,3223035.7802031143
FG0,6892,6898,2026-01-30 13:30:00,2026-02-02 02:30:00,1,1083.0,1069.7202572088186,7,20.0,10.023965303915496,-1859.1639907654007,-0.8831995714639453,2105.032713822254,6,stop,3222012.783928682
AO0,6540,6545,2026-02-02 01:30:00,2026-02-02 06:00:00,-1,2775.0,2796.9031457551946,2,20.0,20.769668366690006,-876.125830207784,-0.7030491249223938,1246.1801020014004,5,stop,3223339.245886968
FG0,6899,6903,2026-02-02 03:00:00,2026-02-02 13:00:00,-1,1066.0,1064.7524399692559,7,20.0,8.506507442159895,174.65840430417757,0.09777299236119527,1786.3665628535782,4,stop,3221480.0818962026
NI0,6520,6547,2026-01-29 15:30:00,2026-02-02 13:00:00,-1,143490.0,132550.0,1,1.0,1842.5511806363738,10940.0,3.958279916444105,2763.8267709545607,27,stop,3224536.782119537
TA0,6886,6907,2026-01-30 01:30:00,2026-02-02 14:00:00,-1,5334.0,5157.336125006459,6,5.0,50.03177638837017,5299.916249806229,2.3540222867189162,2251.429937476658,21,stop,3223668.6342915613
EG0,6884,6907,2026-01-30 01:30:00,2026-02-03 01:00:00,-1,3938.0,3798.9080623656278,4,10.0,31.096682221755827,5563.67750537489,2.9819244947630006,1865.8009333053496,23,stop,3223668.6342915613
AO0,6548,6556,2026-02-02 13:30:00,2026-02-03 01:30:00,1,2823.0,2796.423133869884,2,20.0,26.203140113739217,-1063.0746452046333,-0.6761750949124009,1572.188406824353,8,stop,3220603.9560659947
FG0,6904,6910,2026-02-02 13:30:00,2026-02-03 02:30:00,1,1081.0,1067.725925634705,7,20.0,10.19102841770147,-1858.370411141309,-0.8683503320259252,2140.1159677173086,6,stop,3220778.614470299
FG0,6916,6927,2026-02-03 13:30:00,2026-02-04 13:00:00,1,1101.0,1100.5061331557745,7,20.0,10.556566253408933,-69.14135819157309,-0.031188603842721565,2216.8789132158763,11,stop,3239660.763169134
P0,6923,6927,2026-02-04 03:00:00,2026-02-04 13:00:00,-1,9112.0,9166.323849719576,1,10.0,44.20077184964922,-543.2384971957617,-0.8193499411331703,663.0115777447384,4,stop,3239660.763169134
SA0,6916,6927,2026-02-03 13:30:00,2026-02-04 13:00:00,1,1215.0,1216.304530777575,6,20.0,9.761652167881321,156.54369330901318,0.08909221206545317,1757.0973902186374,11,stop,3239660.763169134
AO0,6580,6591,2026-02-04 13:30:00,2026-02-05 03:00:00,-1,2791.0,2794.8335177706513,2,20.0,15.856540424921924,-153.34071082605078,-0.16117503851916656,951.3924254953155,11,stop,3239660.763169134
RU0,6932,6938,2026-02-05 01:30:00,2026-02-05 06:30:00,-1,16225.0,16148.647909588497,1,10.0,81.77324615424823,763.5209041150301,0.6224700131342931,1226.5986923137234,6,stop,3239204.927007056
AO0,6597,6598,2026-02-05 14:00:00,2026-02-05 14:30:00,1,2853.0,2822.1499192076803,2,20.0,20.566720528213203,-1234.0032316927864,-0.9999999999999952,1234.0032316927923,1,stop,3239815.1072003446
CU0,6583,6604,2026-02-04 15:00:00,2026-02-06 01:30:00,-1,103300.0,99549.20469454303,1,5.0,842.2992441915147,18753.97652728483,2.9686957703946706,6317.24433143636,21,stop,3239204.927007056
L0,6928,6945,2026-02-04 13:30:00,2026-02-06 02:00:00,-1,6856.0,6765.378494118927,4,5.0,34.11545525277323,1812.4301176214612,1.7708788232904398,1023.4636575831969,17,stop,3239591.6218109424
PP0,6932,6945,2026-02-05 01:30:00,2026-02-06 02:00:00,-1,6715.0,6660.095493560105,4,5.0,31.93973037265813,1098.0901287979032,1.1460022945152126,958.1919111797438,13,stop,3239204.927007056
JM0,6932,6957,2026-02-05 01:30:00,2026-02-09 02:00:00,-1,1176.0,1142.0867472586065,2,60.0,14.312737422293573,4069.590328967224,1.5796304014991163,2576.2927360128433,25,stop,3239204.927007056
AO0,6623,6624,2026-02-09 03:00:00,2026-02-09 05:30:00,1,2890.0,2849.409313343189,2,20.0,27.060457771207407,-1623.6274662724463,-1.0000000000000013,1623.6274662724443,1,stop,3264315.1910713236
BU0,6959,6963,2026-02-09 03:00:00,2026-02-09 13:00:00,-1,3337.0,3356.988387099886,4,10.0,20.832994751050446,-799.5354839954416,-0.6396387825735963,1249.9796850630266,4,stop,3264315.1910713236
SC0,6379,6386,2026-02-09 15:00:00,2026-02-10 01:00:00,1,473.0,472.8156420140977,1,1000.0,3.502983426074253,-184.35798590229524,-0.03508589935653845,5254.47513911138,7,stop,3261892.0281210556
NI0,6636,6646,2026-02-10 01:30:00,2026-02-10 14:30:00,-1,133640.0,134422.89365464266,1,1.0,791.2590755329843,-782.8936546426557,-0.6596184729300419,1186.8886132994764,10,stop,3261892.0281210556
AO0,6644,6647,2026-02-10 13:30:00,2026-02-10 15:00:00,-1,2786.0,2813.332821982866,2,20.0,20.222504482167686,-1093.3128793146352,-0.9010694663452165,1213.3502689300612,3,stop,3261707.6701351535
FG0,6971,6983,2026-02-10 03:00:00,2026-02-11 03:00:00,-1,1073.0,1074.9649722419658,7,20.0,7.48684527353572,-275.09611387521545,-0.1749710922001243,1572.237507442501,12,stop,3261707.6701351535
AO0,6655,6660,2026-02-11 03:00:00,2026-02-11 13:30:00,1,2840.0,2826.908254318506,2,20.0,14.7916098164225,-523.6698272597641,-0.5900527773954164,887.4965889853501,5,stop,3259831.463601196
BU0,6996,6997,2026-02-12 05:30:00,2026-02-12 06:00:00,-1,3334.0,3357.9534142906678,4,10.0,15.968942860445296,-958.1365716267101,-0.9999999999999919,958.1365716267178,1,stop,3259032.6976600615
Y0,6992,6997,2026-02-12 01:30:00,2026-02-12 06:00:00,1,8128.0,8095.691984579282,2,10.0,24.393014116672326,-646.1603084143644,-0.8829854664177832,731.7904235001697,5,stop,3259032.6976600615
NI0,6647,6674,2026-02-10 15:00:00,2026-02-12 06:30:00,1,135210.0,139684.21327498058,1,1.0,1020.577589710863,4474.213274980575,2.9226673993812673,1530.8663845662945,27,stop,3260924.776480511
AG0,6432,6435,2026-02-12 13:00:00,2026-02-12 14:30:00,-1,20401.0,20744.272616601207,1,15.0,234.02550749619564,-5149.089249018107,-0.9778780677195694,5265.573918664402,3,stop,3257428.4007800207
AO0,6684,6690,2026-02-13 01:30:00,2026-02-13 06:30:00,1,2822.0,2820.1348855414917,2,20.0,13.729271884168497,-74.6045783403315,-0.09056632059558278,823.7563130501098,6,stop,3256753.524805983
AL0,6682,6691,2026-02-12 16:30:00,2026-02-24 01:00:00,-1,23355.0,23425.0,1,5.0,94.56521254893353,-350.0,-0.4934866153081253,709.2390941170015,9,stop,3256753.524805983
FG0,6998,7011,2026-02-12 06:30:00,2026-02-24 01:00:00,-1,1067.0,1052.0,7,20.0,6.179423662814543,2100.0,1.6182738950520992,1297.678969191054,13,stop,3258074.561088435
RB0,7012,7014,2026-02-24 01:30:00,2026-02-24 02:30:00,-1,3014.0,3021.1315169612794,5,10.0,10.325191664508452,-356.57584806397153,-0.460460667010707,774.3893748381339,2,stop,3258428.9202276426
TA0,7015,7020,2026-02-24 02:00:00,2026-02-24 06:30:00,1,5356.0,5355.979164522956,6,5.0,37.60910084417715,-0.6250643113162369,-0.00036933395687390613,1692.4095379879716,5,stop,3258428.9202276426
V0,7015,7018,2026-02-24 03:00:00,2026-02-24 06:30:00,1,5000.0,4952.277146998123,6,5.0,32.3044543919843,-1431.6855900563223,-0.9848559876151088,1453.7004476392935,3,stop,3258072.3443795787
CU0,6692,6700,2026-02-24 01:30:00,2026-02-24 13:30:00,1,101320.0,101411.34452718525,1,5.0,602.2952139678873,456.7226359262713,0.10110714819673629,4517.214104759155,8,stop,3256328.9202276426
NI0,6692,6701,2026-02-24 01:30:00,2026-02-24 14:00:00,1,138180.0,139493.94705814891,1,1.0,1114.5734001928533,1313.947058148915,0.7859192631737333,1671.8601002892801,9,stop,3258428.9202276426
MA0,7012,7023,2026-02-24 01:30:00,2026-02-25 01:00:00,1,2262.0,2275.8222909887804,7,10.0,15.40853240187005,967.5603692146296,0.5980362320598808,1617.8959021963553,11,stop,3258428.9202276426
L0,7012,7024,2026-02-24 01:30:00,2026-02-25 01:30:00,1,6753.0,6808.424811391182,4,5.0,32.03329844156821,1108.4962278236344,1.1534832832837336,960.9989532470465,12,stop,3258428.9202276426
PP0,7015,7024,2026-02-24 03:00:00,2026-02-25 01:30:00,1,6761.0,6722.898923223203,4,5.0,30.402146942076413,-762.0215355359323,-0.8354909243611109,912.0644082622924,9,stop,3258428.9202276426
RM0,7024,7025,2026-02-25 01:30:00,2026-02-25 02:00:00,1,2332.0,2309.0,6,10.0,14.182017456396805,-1380.0,-1.081181389070793,1276.3815710757124,1,stop,3259378.2637885003
CF0,7012,7027,2026-02-24 01:30:00,2026-02-25 03:00:00,1,14980.0,15367.774961599487,2,5.0,59.032244987832215,3877.7496159948714,4.379244616558466,885.4836748174832,15,stop,3256328.9202276426
RU0,7013,7027,2026-02-24 02:00:00,2026-02-25 03:00:00,1,16850.0,17142.841357079666,1,10.0,116.22238805857836,2928.413570796656,1.6797759420331755,1743.3358208786753,14,stop,3258428.9202276426
IF0,7341,7345,2026-02-25 02:00:00,2026-02-25 05:30:00,1,4721.0,4740.026831983992,1,300.0,19.061240211079014,5708.0495951977355,0.6654632393028806,8577.558094985558,4,stop,3259378.2637885003
TA0,7036,7037,2026-02-25 14:30:00,2026-02-26 01:00:00,-1,5286.0,5329.815813670058,6,5.0,29.210542446705375,-1314.4744101017295,-0.9999999999999905,1314.474410101742,1,stop,3270858.951262777
AL0,6692,6724,2026-02-24 01:30:00,2026-02-26 01:30:00,1,23635.0,23846.318173130294,1,5.0,140.22370892525996,1056.5908656514694,1.0046716291176678,1051.6778169394497,32,stop,3256328.9202276426
BU0,7034,7036,2026-02-25 14:30:00,2026-02-26 01:30:00,-1,3332.0,3353.782275769402,4,10.0,15.510351834442648,-871.2910307760831,-0.9362467940510908,930.6211100665589,2,stop,3270858.951262777
LH0,7343,7350,2026-02-25 03:00:00,2026-02-26 02:30:00,1,11470.0,11414.670942668188,1,16.0,57.33280849051498,-885.2649173089885,-0.6433670212982887,1375.9874037723594,7,stop,3258344.738480788
RB0,7028,7038,2026-02-25 05:30:00,2026-02-26 02:30:00,1,3074.0,3063.5723665201585,5,10.0,11.618288181803731,-521.381673992073,-0.5983459477374046,871.3716136352798,10,stop,3262222.488096783
TA0,7038,7040,2026-02-26 01:30:00,2026-02-26 02:30:00,1,5352.0,5302.0,6,5.0,32.86011057904698,-1500.0,-1.0144011309136647,1478.7049760571142,2,stop,3269544.4768526754
I0,7039,7042,2026-02-26 03:00:00,2026-02-26 06:30:00,-1,745.0,749.990954173128,2,100.0,3.456516836027955,-998.1908346255977,-0.9626172646995943,1036.9550508083864,3,stop,3269729.776687551
LH0,7351,7355,2026-02-26 03:00:00,2026-02-27 01:00:00,-1,11385.0,11454.283258433801,1,16.0,51.0820091465177,-1108.5321349408187,-0.9042095197035955,1225.9682195164248,4,stop,3268844.511770242
SC0,6502,6508,2026-02-26 15:30:00,2026-02-27 01:00:00,1,486.4,483.4,1,1000.0,3.517299417320393,-3000.0,-0.5686180682120242,5275.949125980589,6,stop,3265824.939261624
IH0,7349,7356,2026-02-26 02:00:00,2026-02-27 01:30:00,-1,3039.8,3039.933864592812,1,300.0,12.89432660662599,-40.159377843519906,-0.006921110702177303,5802.446972981696,7,stop,3269729.776687551
JM0,7032,7049,2026-02-25 13:30:00,2026-02-27 02:00:00,-1,1114.0,1084.1757070377807,2,60.0,9.269036335206966,3578.9151554663113,2.1450840471183543,1668.426540337254,17,stop,3270858.951262777
FG0,7032,7050,2026-02-25 13:30:00,2026-02-27 02:30:00,-1,1054.0,1054.6017445356472,7,20.0,7.0853572084628995,-84.24423499060595,-0.05661860255762866,1487.925013777209,18,stop,3270858.951262777
V0,7032,7050,2026-02-25 13:30:00,2026-02-27 02:30:00,-1,4918.0,4796.758140951819,6,5.0,27.546697140732782,3637.255771445434,2.934214059100467,1239.601371332975,18,stop,3270858.951262777
FG0,7055,7056,2026-02-27 13:00:00,2026-02-27 13:30:00,1,1066.0,1056.24209214562,7,20.0,6.505271902919966,-1366.1070996131912,-0.9999999999999987,1366.107099613193,1,stop,3268808.1744407606
I0,7055,7056,2026-02-27 13:00:00,2026-02-27 13:30:00,1,750.0,745.7723666858009,2,100.0,3.2531726358352726,-845.5266628398249,-0.8663610957561234,975.9517907505817,1,stop,3268808.1744407606
NI0,6746,6748,2026-02-27 06:30:00,2026-02-27 13:30:00,1,140940.0,140116.762008682,1,1.0,939.1307546285108,-823.2379913179902,-0.584397140483834,1408.6961319427662,2,stop,3268808.1744407606
MA0,7056,7057,2026-02-27 13:30:00,2026-02-27 14:00:00,1,2242.0,2217.5386335204425,7,10.0,16.307577653038372,-1712.2956535690219,-0.9999999999999959,1712.295653569029,1,stop,3268808.1744407606
BU0,7056,7058,2026-02-27 13:30:00,2026-02-27 14:30:00,1,3410.0,3381.4507113399827,4,10.0,19.032859106678213,-1141.9715464006913,-0.9999999999999988,1141.9715464006927,2,stop,3268808.1744407606
L0,7056,7058,2026-02-27 13:30:00,2026-02-27 14:30:00,1,6691.0,6640.084230450796,4,5.0,35.28990466131748,-1018.3153909840803,-0.9618571286009471,1058.6971398395244,2,stop,3268808.1744407606
RM0,7039,7059,2026-02-26 03:00:00,2026-03-02 01:00:00,-1,2306.0,2289.643594635223,7,10.0,10.72972761085505,1144.9483755343863,1.0162672006839204,1126.6213991397804,20,stop,3268323.1300962497
NI0,6755,6760,2026-03-02 01:00:00,2026-03-02 05:30:00,-1,139410.0,139620.91811642304,1,1.0,980.177756626344,-210.91811642303946,-0.14345569124046417,1470.266634939516,5,stop,3261900.7200960354
FG0,7057,7065,2026-02-27 14:00:00,2026-03-02 06:00:00,-1,1049.0,1042.4226624549449,7,20.0,7.022402814252421,920.8272563077162,0.6244147213833973,1474.7045909930084,8,stop,3267442.0673411475
HC0,7060,7067,2026-03-02 01:30:00,2026-03-02 13:00:00,-1,3210.0,3221.2995202375287,5,10.0,10.88501808837542,-564.9760118764334,-0.6920533737771744,816.3763566281566,7,stop,3261900.7200960354
NI0,6761,6763,2026-03-02 06:00:00,2026-03-02 13:00:00,1,141010.0,139600.0,1,1.0,1019.2692573996392,-1410.0,-0.9222293257408047,1528.9038860994588,2,stop,3262834.750355147
SA0,7064,7068,2026-03-02 05:30:00,2026-03-02 13:30:00,1,1185.0,1176.728145162725,6,20.0,8.005063306137675,-992.6225804729984,-0.6888852318367682,1440.9113951047814,4,stop,3263045.6684715697
NI0,6764,6771,2026-03-02 13:30:00,2026-03-03 01:00:00,-1,138520.0,137857.19120197018,1,1.0,1117.2064717591136,662.8087980298151,0.39551554989125687,1675.8097076386703,7,stop,3261780.6015995783
P0,7055,7071,2026-02-27 13:00:00,2026-03-03 01:00:00,1,8818.0,8930.705729102347,1,10.0,37.606061472575476,1127.057291023466,1.99800643281116,564.0909220886322,16,stop,3268808.1744407606
IF0,7373,7374,2026-03-03 02:00:00,2026-03-03 02:30:00,-1,4666.2,4697.823784265933,1,300.0,24.191434857592444,-9487.135279779886,-0.8714870766476501,10886.145685916601,1,stop,3262577.845108159
CU0,6766,6775,2026-03-02 14:30:00,2026-03-03 03:00:00,-1,102620.0,102673.92509576053,1,5.0,490.8554353305647,-269.6254788026272,-0.07323961649959088,3681.4157649792355,9,stop,3260787.9790191054
I0,7080,7083,2026-03-03 13:30:00,2026-03-04 01:00:00,-1,747.5,752.9059142369388,2,100.0,4.2776752135214435,-1081.182847387754,-0.8425003406602789,1283.3025640564329,3,stop,3252821.0843495764
LH0,7364,7379,2026-03-02 01:30:00,2026-03-04 01:00:00,-1,11305.0,11219.233531660042,1,16.0,57.416167011504704,1372.2634934393282,0.9958457440831099,1377.9880082761129,15,stop,3261900.7200960354
FG0,7079,7086,2026-03-03 13:00:00,2026-03-04 02:30:00,1,1054.0,1043.2796044552888,7,20.0,7.725973578350422,-1500.8553762595693,-0.9250523951010912,1622.4544514535887,7,stop,3252821.0843495764
FG0,7091,7096,2026-03-04 13:00:00,2026-03-05 01:30:00,-1,1041.0,1047.9578081835748,7,20.0,6.624650843624804,-974.0931457004717,-0.7001937005500807,1391.1766771612088,5,stop,3251611.3096193685
AO0,6804,6811,2026-03-05 01:30:00,2026-03-05 13:00:00,1,2784.0,2788.158985314464,2,20.0,12.87173465353808,166.35941257856757,0.21540662163567317,772.3040792122847,7,stop,3251611.3096193685
AG0,6604,6611,2026-03-06 01:30:00,2026-03-06 13:00:00,1,21477.0,21111.0,1,15.0,300.4767513949506,-5490.0,-0.812042858115446,6760.726906386389,7,stop,3250803.5758862463
NI0,6820,6827,2026-03-06 01:30:00,2026-03-06 13:00:00,1,137300.0,136478.45647107039,1,1.0,947.7641296962682,-821.5435289296147,-0.5778818471728799,1421.6461945444023,7,stop,3250803.5758862463
AG0,6616,6622,2026-03-06 15:30:00,2026-03-09 01:00:00,1,21600.0,20970.0,1,15.0,296.4361228671709,-9450.0,-1.416831376479028,6669.812764511345,6,stop,3244492.0323573165
AG0,6623,6624,2026-03-09 01:30:00,2026-03-09 02:00:00,-1,20587.0,21080.269421038476,1,15.0,328.84628069231786,-7399.041315577142,-0.9999999999999987,7399.041315577152,1,stop,3235042.0323573165
NI0,6836,6837,2026-03-09 01:30:00,2026-03-09 02:00:00,-1,133160.0,134828.72712103868,1,1.0,1112.4847473591124,-1668.7271210386825,-1.0000000000000084,1668.7271210386684,1,stop,3235042.0323573165
IF0,7405,7406,2026-03-09 02:00:00,2026-03-09 02:30:00,-1,4517.0,4563.0530191405,1,300.0,30.702012760333115,-13815.90574214988,-0.9999999999999984,13815.905742149902,1,stop,3235042.0323573165
IM0,7009,7011,2026-03-09 02:00:00,2026-03-09 03:00:00,-1,7926.0,8039.381843131838,1,200.0,76.27590238201253,-22676.368626367548,-0.9909800220082401,22882.77071460376,2,stop,3235042.0323573165
HC0,7108,7124,2026-03-06 01:30:00,2026-03-09 05:30:00,1,3225.0,3267.8454453927843,5,10.0,8.615267084046,2142.2722696392157,3.3154665993757946,646.14503130345,16,stop,3250803.5758862463
JM0,7108,7124,2026-03-06 01:30:00,2026-03-09 05:30:00,1,1100.5,1179.2385360708492,2,60.0,12.165773835111592,9448.62432850191,4.314756964252301,2189.8392903200865,16,stop,3250803.5758862463
CF0,7125,7132,2026-03-09 06:00:00,2026-03-10 01:30:00,-1,15265.0,15370.392341966302,2,5.0,114.02540932799721,-1053.923419663024,-0.6161921428298404,1710.3811399199583,7,stop,3189481.989552183
AL0,6841,6854,2026-03-09 06:00:00,2026-03-10 02:30:00,-1,24920.0,24820.793456018535,1,5.0,250.36855646179765,496.0327199073254,0.26416135045989675,1877.7641734634824,13,stop,3189481.989552183
AU0,6642,6651,2026-03-10 01:30:00,2026-03-10 14:00:00,1,1149.66,1151.6857537355581,1,1000.0,5.4979765501657045,2025.7537355580553,0.24563627691924833,8246.964825248559,9,stop,3201072.8861503243
AG0,6628,6659,2026-03-09 06:00:00,2026-03-10 18:00:00,1,21671.0,22596.05196476185,1,15.0,335.28835287583445,13875.77947142774,1.8393162319885672,7543.987939706275,31,stop,3189481.989552183
SP0,7132,7146,2026-03-10 01:30:00,2026-03-11 02:30:00,-1,5264.0,5262.740718789941,3,10.0,31.857746906677495,37.77843630177813,0.026352171393834948,1433.5986108004874,14,stop,3201072.8861503243
NI0,6876,6883,2026-03-11 13:30:00,2026-03-12 01:00:00,1,137630.0,138043.08439907248,1,1.0,810.0490511979222,413.0843990724825,0.33996657236299643,1215.0735767968831,7,stop,3216454.307093856
IF0,7413,7430,2026-03-10 02:00:00,2026-03-12 02:30:00,1,4656.4,4664.292342779798,1,300.0,30.48407262869531,2367.7028339394383,0.17260035813738128,13717.832682912887,17,stop,3200018.962730661
SP0,7152,7158,2026-03-11 13:30:00,2026-03-12 02:30:00,1,5298.0,5286.165000460913,3,10.0,20.62022840756609,-355.0499861726166,-0.3826339619899541,927.910278340474,6,stop,3216454.307093856
SN0,6868,6890,2026-03-11 01:30:00,2026-03-12 06:30:00,-1,394340.0,392439.24070206337,1,1.0,4506.679093420318,1900.759297936631,0.28117663561648754,6760.018640130477,22,stop,3216416.528657554
LC0,5092,5104,2026-03-11 03:00:00,2026-03-13 01:00:00,-1,158500.0,158936.23084096477,1,1.0,3891.455826748413,-436.2308409647667,-0.07473310082159637,5837.183740122619,12,stop,3216416.528657554
SP0,7159,7167,2026-03-12 03:00:00,2026-03-13 01:00:00,-1,5276.0,5281.624939348415,3,10.0,20.850237809911373,-168.74818045244865,-0.17985212446005716,938.2607014460118,8,stop,3218880.0443406953
SP0,7176,7182,2026-03-13 13:30:00,2026-03-16 02:30:00,1,5288.0,5273.162433849974,3,10.0,20.661986045291524,-445.1269845007755,-0.47873959187665,929.7893720381185,6,stop,3220175.824617215
NI0,6905,6920,2026-03-13 06:00:00,2026-03-16 05:30:00,-1,137250.0,136466.16458866224,1,1.0,769.289630328575,783.8354113377573,0.6792720456515792,1153.9344454928623,15,stop,3220175.824617215
NI0,6924,6929,2026-03-16 13:30:00,2026-03-16 16:00:00,1,137840.0,136963.58580711138,1,1.0,750.596172252351,-876.4141928886238,-0.7784160780345437,1125.8942583785265,5,stop,3220514.533044052
IH0,7453,7457,2026-03-17 02:00:00,2026-03-17 05:30:00,1,2981.2,2976.33350449321,1,300.0,13.311499162933933,-1459.9486520369283,-0.2437238885078945,5990.174623320269,4,stop,3219638.1188511634
AL0,6932,6937,2026-03-17 01:30:00,2026-03-17 06:00:00,1,25215.0,25044.712369658315,1,5.0,118.95073791836765,-851.4381517084257,-0.9543874118071098,892.1305343877575,5,stop,3219638.1188511634
CF0,7188,7197,2026-03-16 13:30:00,2026-03-17 06:00:00,1,15550.0,15474.604746343713,2,5.0,79.59915494817012,-753.9525365628651,-0.6314577393472671,1193.987324222552,9,stop,3220514.533044052
AO0,6928,6947,2026-03-16 15:30:00,2026-03-18 01:00:00,1,2966.0,3061.135233820415,2,20.0,30.56834346886642,3805.409352816605,2.074809492971261,1834.1006081319852,19,stop,3220514.533044052
EB0,7197,7206,2026-03-17 06:00:00,2026-03-18 02:30:00,1,10240.0,10006.082583765277,3,5.0,191.15378593748915,-3508.7612435208393,-0.8158088179717177,4300.9601835935055,9,stop,3219638.1188511634
EB0,7207,7211,2026-03-18 03:00:00,2026-03-18 13:00:00,-1,9962.0,10344.0,3,5.0,155.24844674717096,-5730.0,-1.6403814144524276,3493.0900518113463,4,stop,3216869.427620151
JM0,7207,7211,2026-03-18 03:00:00,2026-03-18 13:00:00,-1,1160.5,1173.5,2,60.0,10.991392134163092,-1560.0,-0.7884958120754523,1978.4505841493567,4,stop,3216869.427620151
SC0,6759,6763,2026-03-18 03:00:00,2026-03-18 13:00:00,-1,743.7,787.3,1,1000.0,12.289277978303941,-43599.99999999991,-2.3652054024640212,18433.916967455913,4,risk_override,3216869.427620151
TA0,7209,7213,2026-03-18 03:00:00,2026-03-18 13:00:00,-1,6866.0,7070.0,4,5.0,126.55900109195542,-4080.0,-1.0745976092303773,3796.7700327586626,4,stop,3216869.427620151
SC0,6764,6772,2026-03-18 13:30:00,2026-03-18 17:30:00,1,794.3,795.1159240256388,1,1000.0,16.28846032977035,815.9240256388784,0.03339476779347555,24432.690494655526,8,stop,3165979.427620151
NI0,6937,6969,2026-03-17 06:00:00,2026-03-19 06:00:00,-1,135960.0,131281.29504887,1,1.0,695.3776108364007,4678.704951129999,4.485529280033861,1043.0664162546009,32,stop,3218178.1701991265
SP0,7183,7222,2026-03-16 03:00:00,2026-03-19 06:30:00,-1,5266.0,5036.478601735684,3,10.0,21.910029521613644,6885.641947929489,6.983754419801206,985.9513284726141,39,stop,3219730.697632714
OI0,7212,7223,2026-03-18 13:30:00,2026-03-19 13:00:00,1,9876.0,9832.684766850653,1,10.0,54.33841734822079,-433.1523314934748,-0.5314255274405872,815.0762602233118,11,stop,3209579.427620151
LC0,5126,5144,2026-03-17 06:00:00,2026-03-20 01:00:00,-1,154560.0,146985.30375532783,1,1.0,2923.0495771716264,7574.696244672174,1.7275784632207138,4384.574365757439,18,stop,3218178.1701991265
EB0,7224,7231,2026-03-19 13:30:00,2026-03-20 03:00:00,-1,10059.0,10076.563220005202,3,5.0,160.53474232462838,-263.44830007803466,-0.07293631999685364,3612.031702304139,7,stop,3174279.698544849
TA0,7221,7236,2026-03-19 03:00:00,2026-03-20 06:30:00,-1,6886.0,6668.069568555246,4,5.0,122.87602201681543,4358.608628895072,1.1823865381695062,3686.2806605044625,15,stop,3162715.35164579
V0,7228,7235,2026-03-20 01:30:00,2026-03-20 13:00:00,-1,5797.0,5907.0,5,5.0,76.73779551734579,-2750.0,-0.9556351318009533,2877.6673319004667,7,stop,3181421.242458028
I0,7227,7237,2026-03-20 01:00:00,2026-03-20 14:00:00,1,812.5,816.8473123517409,1,100.0,4.30650688954625,434.7312351740925,0.6729835360368636,645.9760334319375,10,stop,3173846.546213356
Y0,7232,7237,2026-03-20 05:30:00,2026-03-20 14:00:00,1,8644.0,8608.96357394979,1,10.0,34.92400665427455,-350.3642605021014,-0.6688126479310439,523.8600998141183,5,stop,3181157.7941579497
C0,7236,7239,2026-03-20 13:30:00,2026-03-23 01:00:00,1,2404.0,2396.6994567608053,6,10.0,7.25209654785866,-438.03259435168,-0.6711202469535344,652.6886893072793,3,stop,3185516.402786845
HC0,7236,7247,2026-03-20 13:30:00,2026-03-23 13:00:00,1,3318.0,3315.2625360544853,4,10.0,10.172564419882063,-109.49855782058876,-0.1794017602984752,610.3538651929238,11,stop,3185516.402786845
NI0,7001,7003,2026-03-23 06:00:00,2026-03-23 13:00:00,-1,133080.0,134281.5838408631,1,1.0,1001.6499370299259,-1201.5838408631098,-0.7997363792424489,1502.4749055448888,2,stop,3182412.737167165
RB0,7236,7247,2026-03-20 13:30:00,2026-03-23 13:00:00,1,3147.0,3140.0,5,10.0,9.839538415857831,-350.0,-0.47427699038662846,737.9653811893374,11,stop,3185516.402786845
V0,7236,7247,2026-03-20 13:30:00,2026-03-23 13:00:00,1,5947.0,5919.0,5,5.0,69.69008269384744,-700.0,-0.2678525544110833,2613.3781010192793,11,stop,3182766.402786845
NI0,7005,7008,2026-03-23 14:00:00,2026-03-23 15:30:00,1,136400.0,134741.34561979215,1,1.0,1178.466884931063,-1658.6543802078522,-0.938311972058442,1767.7003273965947,3,stop,3180051.6547684814
OI0,7248,7252,2026-03-23 13:30:00,2026-03-24 01:30:00,-1,9778.0,9856.30434601264,1,10.0,60.12880401766191,-783.0434601263914,-0.8681845281077872,901.9320602649287,4,stop,3181101.6547684814
NI0,7012,7023,2026-03-24 01:30:00,2026-03-24 15:00:00,-1,133920.0,134336.5889287479,1,1.0,1055.0277272163719,-416.5889287478931,-0.2632404299281867,1582.5415908245577,11,stop,3178393.0003882735
AO0,7004,7030,2026-03-23 13:30:00,2026-03-25 02:30:00,-1,3038.0,2968.54826690882,2,20.0,26.577432470847103,2778.069323647196,1.7421229625889507,1594.6459482508262,26,stop,3182412.737167165
BU0,7258,7266,2026-03-24 06:30:00,2026-03-25 02:30:00,-1,4432.0,4345.299410386454,3,10.0,69.72677018913852,2601.017688406382,0.8289555491945195,3137.704658511234,8,stop,3177609.956928147
SA0,7262,7270,2026-03-24 14:30:00,2026-03-25 06:30:00,-1,1235.0,1245.568551017666,6,20.0,10.711423897812937,-1268.2261221199315,-0.6577744234249433,1928.0563016063286,8,stop,3177609.956928147
NI0,7028,7043,2026-03-25 01:30:00,2026-03-26 01:00:00,1,135730.0,136435.5479258117,1,1.0,836.2702025465436,705.5479258116975,0.5624561086143521,1254.4053038198153,15,stop,3177193.367999399
SA0,7272,7283,2026-03-25 13:30:00,2026-03-26 13:00:00,-1,1237.0,1233.0,6,20.0,9.422058238046192,480.0,0.2830237936652406,1695.970482848315,11,stop,3181304.2288893326
AU0,6875,6880,2026-03-26 06:00:00,2026-03-26 14:30:00,-1,992.14,1001.4658683236195,1,1000.0,6.217245549079654,-9325.868323619488,-1.0000000000000009,9325.868323619481,5,stop,3182009.7768151443
SN0,7060,7064,2026-03-27 01:30:00,2026-03-27 05:30:00,1,351480.0,360992.28919976734,1,1.0,2943.2455236566675,9512.289199767343,2.1546031692590706,4414.868285485001,4,stop,3173163.908491525
SC0,6889,6895,2026-03-27 01:30:00,2026-03-27 06:30:00,-1,736.7,741.3432146135337,1,1000.0,8.412979228903689,-4643.214613533701,-0.3679405742959197,12619.468843355535,6,stop,3173163.908491525
AU0,6899,6904,2026-03-27 14:30:00,2026-03-27 17:00:00,1,997.3,1007.0612346716831,1,1000.0,6.6090015254512124,9761.234671683156,0.9846403811622395,9913.502288176818,5,stop,3178032.9830777585
OI0,7299,7306,2026-03-30 01:00:00,2026-03-30 06:30:00,-1,9794.0,9846.32535597491,1,10.0,42.513431548103725,-523.2535597491005,-0.820530580093716,637.7014732215558,7,stop,3187794.2177494415
OI0,7307,7312,2026-03-30 13:00:00,2026-03-31 01:30:00,1,9869.0,9862.453025718465,1,10.0,45.83838489714263,-65.46974281534858,-0.09521822225667713,687.5757734571393,5,stop,3187270.9641896924
I0,7312,7319,2026-03-31 01:30:00,2026-03-31 13:00:00,-1,811.5,811.7120248174185,1,100.0,3.2148053708148945,-21.202481741852353,-0.04396840927361835,482.2208056222342,7,stop,3187270.9641896924
NI0,7092,7102,2026-03-31 01:30:00,2026-03-31 14:30:00,-1,135420.0,135234.6044063141,1,1.0,566.153008724907,185.3955936859129,0.21831035171152988,849.2295130873604,10,stop,3187270.9641896924
CF0,7320,7323,2026-03-31 13:30:00,2026-04-01 01:00:00,1,15475.0,15426.89858946406,2,5.0,62.930479152049124,-481.01410535940886,-0.5095719507630098,943.9571872807369,3,stop,3187205.494446877
FG0,7308,7326,2026-03-30 13:30:00,2026-04-01 02:30:00,-1,1033.0,1017.6400889958788,7,20.0,7.071929491028718,2150.3875405769622,1.4479698478900633,1485.1051931160307,18,stop,3187270.9641896924
I0,7320,7329,2026-03-31 13:30:00,2026-04-01 06:00:00,1,817.5,813.7422295247044,1,100.0,3.8183067828018276,-375.7770475295615,-0.6560971811242134,572.7460174202741,9,stop,3187184.291965135
RU0,7320,7329,2026-03-31 13:30:00,2026-04-01 06:00:00,1,16700.0,16671.589003357058,1,10.0,109.74415653801786,-284.10996642942337,-0.17258927514802805,1646.1623480702679,9,stop,3187184.291965135
CF0,7324,7335,2026-04-01 01:30:00,2026-04-02 01:00:00,-1,15365.0,15313.977547607288,2,5.0,68.67053870943552,510.22452392711784,0.49533568399302663,1030.0580806415328,11,stop,3186888.6734534614
I0,7333,7335,2026-04-01 14:00:00,2026-04-02 01:00:00,-1,806.5,803.2277544858131,1,100.0,4.560951938532476,327.22455141869204,0.4782986181081886,684.1427907798713,2,stop,3188379.1739800796
OI0,7324,7335,2026-04-01 01:30:00,2026-04-02 01:00:00,-1,9852.0,9779.091530796775,1,10.0,48.722609796965195,729.0846920322474,0.9975993966257259,730.8391469544779,11,stop,3186888.6734534614
AO0,7084,7125,2026-03-30 13:30:00,2026-04-02 02:00:00,-1,2910.0,2775.2003506689775,2,20.0,17.06224842359791,5391.985973240899,5.266974823966266,1023.7349054158747,41,stop,3187270.9641896924
CU0,7124,7132,2026-04-02 01:30:00,2026-04-02 13:30:00,-1,96320.0,96164.21657667976,1,5.0,333.92890222186867,778.9171166012238,0.3110111609261848,2504.4667666640153,8,stop,3188889.3985040067
P0,7336,7345,2026-04-02 01:30:00,2026-04-02 14:00:00,1,9890.0,9923.071856608143,1,10.0,81.64655960520325,330.7185660814321,0.2700408261173532,1224.6983940780488,9,stop,3189945.7077474575
PP0,7336,7346,2026-04-02 01:30:00,2026-04-02 14:30:00,1,9075.0,9075.176535663402,3,5.0,116.67703107276124,2.648034951034788,0.0010086856100650998,2625.233199137128,10,stop,3189945.7077474575
TA0,7338,7348,2026-04-02 01:30:00,2026-04-02 14:30:00,1,6726.0,6769.550640777865,4,5.0,113.47647074771996,871.0128155572966,0.25585709819196084,3404.294122431598,10,stop,3189945.7077474575
L0,7347,7353,2026-04-03 01:00:00,2026-04-03 06:00:00,-1,8561.0,8699.989662035021,3,5.0,108.2580082653916,-2084.8449305253143,-0.855916122739493,2435.805185971311,6,stop,3196447.329403381
V0,7353,7355,2026-04-03 06:00:00,2026-04-07 01:00:00,-1,5372.0,5464.0,5,5.0,61.76783582661514,-2300.0,-0.9929655542003856,2316.293843498068,2,stop,3197320.9902538895
BU0,7364,7379,2026-04-07 13:30:00,2026-04-09 01:00:00,-1,4358.0,4125.0,3,10.0,55.33476918520474,6990.0,2.8071560724042186,2490.0646133342134,15,stop,3192936.145323364
CU0,7164,7179,2026-04-08 01:30:00,2026-04-09 01:00:00,1,97690.0,97777.8959649785,1,5.0,431.5491719557201,439.47982489247806,0.13578362280272485,3236.6187896679007,15,stop,3192936.145323364
P0,7361,7379,2026-04-07 06:00:00,2026-04-09 01:00:00,-1,9934.0,9654.032210518724,1,10.0,61.22850245311443,2799.6778948127576,3.0483383638272104,918.4275367967165,18,stop,3192936.145323364
IC0,7573,7580,2026-04-08 02:00:00,2026-04-09 01:30:00,1,7678.8,7736.38125881202,1,200.0,69.2475060363488,11516.251762403954,0.5543521791893821,20774.25181090464,7,stop,3192936.145323364
IF0,7573,7580,2026-04-08 02:00:00,2026-04-09 01:30:00,1,4479.0,4501.620859080323,1,300.0,27.181017260302056,6786.257724096777,0.5548200266308749,12231.457767135926,7,stop,3192936.145323364
IH0,7573,7580,2026-04-08 02:00:00,2026-04-09 01:30:00,1,2859.0,2867.293354339813,1,300.0,14.78607816435575,2488.006301943915,0.37392625899523657,6653.735173960087,7,stop,3192936.145323364
IM0,7177,7184,2026-04-08 02:00:00,2026-04-09 01:30:00,1,7638.0,7689.214016553239,1,200.0,66.92634219768684,10242.803310647832,0.5101530515638953,20077.90265930605,7,stop,3192936.145323364
SN0,7180,7182,2026-04-09 01:30:00,2026-04-09 02:30:00,-1,365790.0,369936.9058163176,1,1.0,2875.6352662652766,-4146.905816317594,-0.9613889181208939,4313.452899397915,2,stop,3203165.303043069
LC0,5240,5256,2026-04-08 01:00:00,2026-04-10 01:00:00,-1,159820.0,156179.9028446645,1,1.0,3005.691142611894,3640.097155335505,0.8073788429178217,4508.536713917842,16,stop,3192936.145323364
RU0,7373,7392,2026-04-08 06:00:00,2026-04-10 01:30:00,1,17015.0,17080.184999765926,1,10.0,125.17453596208007,651.8499976592648,0.34716858486123936,1877.618039431201,19,stop,3192936.145323364
RU0,7395,7403,2026-04-10 03:00:00,2026-04-13 01:00:00,-1,16965.0,16855.0,1,10.0,105.1806500277602,1100.0,0.69721315958761,1577.709750416403,8,stop,3234343.6634788387
SN0,7188,7211,2026-04-09 13:30:00,2026-04-13 01:00:00,1,375580.0,372500.0,1,1.0,2793.4119217398516,-3080.0,-0.7350628517595905,4190.117882609778,23,stop,3230051.716325844
SN0,7213,7216,2026-04-13 02:00:00,2026-04-13 05:30:00,-1,367140.0,370455.6787913672,1,1.0,2345.554410682367,-3315.678791367216,-0.9424008743992773,3518.33161602355,3,stop,3232363.6634788387
AG0,7082,7108,2026-04-13 16:30:00,2026-04-15 02:30:00,1,18573.0,19796.53899973998,1,15.0,137.10496879203333,18353.084996099697,5.949402663375368,3084.86179782075,26,stop,3229047.9846874718
LC0,5265,5283,2026-04-13 01:30:00,2026-04-15 02:30:00,1,160040.0,167284.73191040565,1,1.0,2405.527117116781,7244.731910405651,2.007801632846567,3608.2906756751718,18,stop,3234343.6634788387
AO0,7237,7251,2026-04-14 14:00:00,2026-04-15 13:00:00,-1,2633.0,2639.0754176460764,3,20.0,12.018098497258595,-364.5250587645842,-0.3370149139351367,1081.6288647532738,14,stop,3229047.9846874718
MA0,7431,7435,2026-04-15 03:00:00,2026-04-15 13:00:00,1,3147.0,2843.0,5,10.0,35.55851752087548,-15200.0,-5.699525199488037,2666.888814065661,4,stop,3254645.801593977
EB0,7443,7448,2026-04-16 03:00:00,2026-04-16 13:30:00,-1,9885.0,10001.572279609738,3,5.0,86.4731710663386,-1748.5841941460694,-0.8987163546198516,1945.6463489926184,5,stop,3239081.2765352125
SC0,7147,7150,2026-04-17 03:00:00,2026-04-17 06:30:00,-1,633.5,635.3907484817852,1,1000.0,3.612885399489764,-1890.748481785181,-0.3488898341571542,5419.328099234645,3,stop,3237332.6923410664
RU0,7448,7459,2026-04-16 13:30:00,2026-04-17 13:00:00,-1,16695.0,16644.39108188858,1,10.0,82.66786578117944,506.0891811141846,0.4081305162788766,1240.0179867176917,11,stop,3239081.2765352125
BU0,7461,7463,2026-04-17 14:00:00,2026-04-20 01:00:00,-1,3968.0,4020.0,4,10.0,31.910770938194815,-2080.0,-1.086362555571268,1914.646256291689,2,stop,3235948.033040395
EB0,7457,7463,2026-04-17 06:00:00,2026-04-20 01:00:00,-1,9883.0,9877.0,3,5.0,71.76224784443927,90.0,0.055739614074950594,1614.6505764998835,6,stop,3237332.6923410664
EG0,7457,7463,2026-04-17 06:00:00,2026-04-20 01:00:00,-1,4925.0,4886.0,3,10.0,38.703651409279026,1170.0,0.6717712425904759,1741.6643134175565,6,stop,3237332.6923410664
L0,7457,7463,2026-04-17 06:00:00,2026-04-20 01:00:00,-1,8079.0,8053.0,4,5.0,49.55041262203428,520.0,0.3498120886611038,1486.5123786610284,6,stop,3237332.6923410664
BU0,7464,7471,2026-04-20 01:30:00,2026-04-20 13:00:00,1,4080.0,4053.920892007015,3,10.0,38.12462235831414,-782.3732397895492,-0.4560326350755785,1715.6080061241364,7,stop,3233868.033040395
AG0,7171,7181,2026-04-20 13:30:00,2026-04-21 01:00:00,1,20017.0,19846.76792852842,1,15.0,145.52884264688868,-2553.4810720736823,-0.7798319947000933,3274.398959554995,10,stop,3235648.033040395
BU0,7472,7476,2026-04-20 13:30:00,2026-04-21 01:30:00,-1,4037.0,4054.450164349106,4,10.0,33.18663010481107,-698.0065739642487,-0.35054607420708384,1991.1978062886644,4,stop,3234865.6598006054
RM0,7469,7478,2026-04-20 06:00:00,2026-04-21 02:30:00,1,2340.0,2342.988149166089,6,10.0,8.676001954400208,179.28894996533927,0.22961030374699168,780.8401758960188,9,stop,3235648.033040395
RU0,7466,7480,2026-04-20 02:30:00,2026-04-21 05:30:00,1,16875.0,16971.237554813804,1,10.0,86.10894317516149,962.3755481380431,0.7450836987438061,1291.6341476274224,14,stop,3235648.033040395
BU0,7484,7487,2026-04-21 13:30:00,2026-04-22 01:00:00,1,4053.0,4049.4286588103846,3,10.0,28.31505392938981,-107.14023568846187,-0.08408580581720164,1274.1774268225415,3,stop,3232755.8366526705
EB0,7496,7499,2026-04-22 13:30:00,2026-04-23 01:00:00,-1,9632.0,9738.6658357246,3,5.0,78.32348639850692,-1599.987535868995,-0.9079084757275144,1762.2784439664053,3,stop,3232648.696416982
SN0,7340,7345,2026-04-23 01:30:00,2026-04-23 06:00:00,-1,392140.0,390032.7416388778,1,1.0,1981.082171740045,2107.2583611222217,0.7091270253474148,2971.6232576100674,5,stop,3231048.708881113
AO0,7348,7356,2026-04-23 13:30:00,2026-04-24 01:30:00,1,2840.0,2826.1030931125183,2,20.0,11.805655413053925,-555.8762754992676,-0.7847598686821118,708.3393247832355,8,stop,3233155.9672422353
EB0,7503,7514,2026-04-23 03:00:00,2026-04-24 02:30:00,1,9782.0,9837.04409361984,3,5.0,74.12464318400784,825.6614042975889,0.49505887430893203,1667.8044716401764,11,stop,3231048.708881113
JM0,7515,7517,2026-04-24 03:00:00,2026-04-24 06:00:00,1,1271.0,1257.3350367959804,2,60.0,9.426127428526826,-1639.7955844823537,-0.966460037637129,1696.7029371348285,2,stop,3233425.7523710337
AO0,7364,7371,2026-04-24 13:30:00,2026-04-27 01:00:00,1,2883.0,2872.188797137683,2,20.0,16.399874822769576,-432.4481144926722,-0.43948314561956436,983.9924893661746,7,stop,3231785.9567865515
SN0,7365,7371,2026-04-24 14:00:00,2026-04-27 01:00:00,1,394260.0,391529.19192892563,1,1.0,2138.8550641811034,-2730.808071074367,-0.8511744178171333,3208.282596271655,6,stop,3231785.9567865515
IM0,7279,7280,2026-04-24 06:30:00,2026-04-27 01:30:00,1,8206.4,8127.580721427819,1,200.0,52.5461857147869,-15763.855714436068,-0.9999999999999998,15763.855714436071,1,stop,3233425.7523710337
SN0,7380,7387,2026-04-27 13:30:00,2026-04-28 01:00:00,-1,388580.0,387105.67947192484,1,1.0,1929.853870099162,1474.3205280751572,0.5093029929771841,2894.7808051487427,7,stop,3212858.8448865484
V0,7524,7535,2026-04-27 01:30:00,2026-04-28 01:00:00,1,5229.0,5195.704130928476,6,5.0,29.24186131666052,-998.876072145722,-0.7590914205942101,1315.8837592497232,11,stop,3228622.7006009845
IC0,7675,7684,2026-04-24 06:30:00,2026-04-28 01:30:00,1,8174.2,8139.973797841776,1,200.0,55.68386653291959,-6845.240431644743,-0.4097680266508268,16705.159959875877,9,stop,3233425.7523710337
EB0,7536,7539,2026-04-28 01:30:00,2026-04-28 03:00:00,-1,9737.0,9817.413361618463,3,5.0,58.94075687484773,-1206.2004242769399,-0.9095388418488182,1326.167029684074,3,stop,3212858.8448865484
I0,7537,7539,2026-04-28 02:00:00,2026-04-28 03:00:00,-1,777.5,779.3370861348911,2,100.0,3.3631908577462437,-367.4172269782275,-0.36415539341354614,1008.9572573238731,2,stop,3213334.289342478
JM0,7532,7542,2026-04-27 13:30:00,2026-04-28 06:30:00,-1,1268.0,1264.821231196034,2,60.0,8.919396731477526,381.4522564759227,0.23759221239315434,1605.4914116659547,10,stop,3212858.8448865484
EB0,7541,7543,2026-04-28 06:00:00,2026-04-28 13:00:00,1,9880.0,9908.0,3,5.0,54.48421127047666,420.0,0.3426068989784857,1225.8947535857249,2,stop,3204915.431259578
SC0,7258,7291,2026-04-27 01:30:00,2026-04-28 16:30:00,1,653.0,664.8089082045835,1,1000.0,4.947385686515577,11808.908204583531,1.5912657651049227,7421.078529773366,33,stop,3231353.508672059
IC0,7685,7692,2026-04-28 02:00:00,2026-04-29 01:30:00,-1,8133.0,8130.962167294267,1,200.0,48.14805498210793,407.5665411466616,0.028216199754286752,14444.416494632378,7,stop,3206489.048910833
LC0,5361,5365,2026-04-29 01:30:00,2026-04-29 05:30:00,-1,176400.0,179731.7776314707,1,1.0,2491.1933912169834,-3331.7776314707007,-0.8916148764195514,3736.790086825475,4,stop,3217525.7917206376
LH0,7689,7696,2026-04-28 06:00:00,2026-04-29 05:30:00,1,11365.0,11287.91965499615,1,16.0,89.03593778834838,-1233.2855200615886,-0.5771478118351169,2136.862506920361,7,stop,3204915.431259578
AO0,7413,7419,2026-04-29 14:00:00,2026-04-30 01:00:00,1,2879.0,2863.020975073054,2,20.0,11.933493857608848,-639.1609970778336,-0.892670948821779,716.0096314565308,6,stop,3213368.295110252
EG0,7524,7559,2026-04-27 01:30:00,2026-04-30 01:00:00,1,4889.0,5059.3253434920525,3,10.0,37.50842372495523,5109.760304761576,3.0273260702009743,1687.879067622985,35,stop,3231353.508672059
SN0,7412,7419,2026-04-29 13:30:00,2026-04-30 01:00:00,-1,383440.0,383241.65324086376,1,1.0,2301.331350463687,198.34675913624233,0.05745855447145935,3451.9970256955307,7,stop,3213368.295110252
IF0,7693,7702,2026-04-29 02:00:00,2026-04-30 02:30:00,1,4711.8,4745.372983040595,1,300.0,19.925064168372824,10071.894912178323,1.1233082365303835,8966.27887576777,9,stop,3217933.358261784
SN0,7420,7424,2026-04-30 01:30:00,2026-04-30 05:30:00,1,384520.0,384374.0771111738,1,1.0,2097.463937775432,-145.9228888261714,-0.046380738248730694,3146.195906663148,4,stop,3218037.2411770723
NI0,7425,7427,2026-04-30 06:00:00,2026-05-06 01:00:00,-1,148980.0,151200.0,1,1.0,873.3636035498383,-2220.0,-1.6945977528539682,1310.0454053247574,2,stop,3228109.1360892504
IM0,7297,7318,2026-04-29 02:00:00,2026-05-06 06:00:00,1,8155.8,8463.52815538299,1,200.0,51.944938683196206,61545.631076597965,3.949414683879972,15583.481604958863,21,stop,3217933.358261784
NI0,7428,7435,2026-05-06 01:30:00,2026-05-06 13:00:00,1,152900.0,152850.0,1,1.0,1149.446004737243,-50.0,-0.028999477309900393,1724.1690071058642,7,stop,3225743.2132004243
LC0,5366,5385,2026-04-29 06:00:00,2026-05-07 01:30:00,1,181600.0,195539.9758338459,1,1.0,2326.0218357773683,13939.975833845907,3.9953697250903337,3489.0327536660525,19,stop,3214601.5806303136
AO0,7445,7448,2026-05-07 02:00:00,2026-05-07 05:30:00,-1,2855.0,2865.34212907455,2,20.0,12.621527805174821,-413.6851629820012,-0.5462692649252685,757.2916683104893,3,stop,3287238.8442770224
NI0,7436,7448,2026-05-06 13:30:00,2026-05-07 05:30:00,-1,149430.0,149184.3077305267,1,1.0,1322.4575017683833,245.69226947330753,0.12385641587462186,1983.686252652575,12,stop,3287238.8442770224
IC0,7693,7727,2026-04-29 02:00:00,2026-05-08 03:00:00,1,8146.4,8569.303278571135,1,200.0,53.54151793445919,84580.65571422703,5.265736384099981,16062.455380337758,34,stop,3217933.358261784
SP0,7589,7595,2026-05-07 14:00:00,2026-05-08 03:00:00,1,5126.0,5100.143103597999,3,10.0,19.880255306923,-775.7068920600432,-0.8670880060913895,894.6114888115349,6,stop,3301010.8272173596
C0,7573,7597,2026-05-06 06:00:00,2026-05-08 06:00:00,-1,2395.0,2366.4177482720816,6,10.0,8.691788268913394,1714.9351036751068,2.1922801034430983,782.2609442022055,24,stop,3225743.2132004243
AL0,7476,7477,2026-05-11 01:30:00,2026-05-11 02:00:00,1,24715.0,24594.353415546753,1,5.0,80.43105630216505,-603.2329222662338,-0.9999999999999932,603.2329222662379,1,stop,3386530.711143201
SA0,7595,7605,2026-05-08 03:00:00,2026-05-11 02:00:00,-1,1239.0,1223.592450187781,6,20.0,6.58951765158846,1848.9059774662837,1.558793893258121,1186.113177285923,10,stop,3301010.8272173596
JM0,7604,7611,2026-05-11 01:30:00,2026-05-11 13:00:00,1,1303.5,1301.7983549388916,2,60.0,8.78914081702664,-204.19740733300387,-0.12907177895491806,1582.0453470647951,7,stop,3386530.711143201
FG0,7617,7624,2026-05-12 02:00:00,2026-05-12 13:30:00,-1,1057.0,1061.210131135633,8,20.0,6.222541349447585,-673.6209817012787,-0.4510623445951336,1493.4099238674205,7,stop,3387572.186791068
BU0,7602,7626,2026-05-08 14:30:00,2026-05-12 14:30:00,1,4345.0,4440.663089626336,3,10.0,28.101429901649457,2869.892688790078,2.269471457766658,1264.5643455742256,24,stop,3386530.711143201
CF0,7624,7627,2026-05-12 13:30:00,2026-05-13 01:00:00,1,16520.0,16402.392405213184,2,5.0,78.40506319121079,-1176.0759478681575,-0.9999999999999963,1176.0759478681618,3,stop,3387572.186791068
JM0,7612,7629,2026-05-11 13:30:00,2026-05-13 02:00:00,-1,1291.0,1240.735352885402,2,60.0,8.606557875262947,6031.757653751747,3.8935152971409575,1549.1804175473305,17,stop,3387572.186791068
RM0,7624,7632,2026-05-12 13:30:00,2026-05-13 05:30:00,1,2393.0,2378.3115742997734,7,10.0,11.944642211788254,-1028.1897990158632,-0.8198055351115501,1254.1874322377666,8,stop,3387572.186791068
MA0,7628,7634,2026-05-13 01:30:00,2026-05-13 06:30:00,-1,2890.0,2907.173660569053,5,10.0,16.600231841861458,-858.6830284526513,-0.6896956111880128,1245.0173881396095,6,stop,3388592.3825502885
TA0,7630,7637,2026-05-13 01:30:00,2026-05-13 13:00:00,-1,6398.0,6404.0,5,5.0,41.082017859805475,-150.0,-0.09736620079496114,1540.5756697427055,7,stop,3388592.3825502885
RM0,7633,7638,2026-05-13 06:00:00,2026-05-13 14:30:00,-1,2380.0,2394.1954325426805,7,10.0,11.521406385854585,-993.6802779876325,-0.8213946612228936,1209.7476705147315,5,stop,3393595.9504050245
SN0,7524,7537,2026-05-14 01:30:00,2026-05-14 16:00:00,-1,432400.0,426866.947320048,1,1.0,3684.794406110628,5533.052679952001,1.0010604066586617,5527.191609165942,13,stop,3391593.587098584
IH0,7757,7767,2026-05-14 02:00:00,2026-05-15 03:00:00,-1,3011.2,2980.9341146386228,1,300.0,12.106665910451111,9079.765608413118,1.6666237473495191,5447.999659702999,10,stop,3391593.587098584
TA0,7654,7662,2026-05-15 01:30:00,2026-05-15 13:30:00,1,6412.0,6357.3569457762,5,5.0,45.41773566942386,-1366.0763555950098,-0.8020809993923026,1703.165087603395,8,stop,3397126.639778536
MA0,7650,7663,2026-05-14 14:30:00,2026-05-18 01:00:00,1,2902.0,2912.0,5,10.0,17.838322387407143,500.0,0.3737272217578578,1337.8741790555355,13,stop,3391593.587098584
FG0,7638,7664,2026-05-13 14:30:00,2026-05-18 01:30:00,-1,1055.0,1033.2117166854089,8,20.0,5.850389558831966,3486.12533033458,2.4828299147702304,1404.093494119672,26,stop,3392587.267376572
RU0,7644,7664,2026-05-14 05:30:00,2026-05-18 01:30:00,-1,17840.0,17647.331498868934,1,10.0,109.177822792146,1926.6850113106557,1.1764813048639622,1637.6673418821902,20,stop,3391593.587098584
NI0,7524,7558,2026-05-14 01:30:00,2026-05-18 02:30:00,-1,146000.0,142759.19779938483,1,1.0,739.1320461152179,3240.802200615173,2.9230701222678763,1108.6980691728268,34,stop,3391593.587098584
EG0,7664,7668,2026-05-18 01:30:00,2026-05-18 05:30:00,1,4839.0,4802.101772780394,3,10.0,34.94996199639154,-1106.946816588188,-0.7038296107144242,1572.7482898376195,4,stop,3404840.329031354
L0,7664,7671,2026-05-18 01:30:00,2026-05-18 13:00:00,1,8185.0,8098.0,4,5.0,44.048986238891025,-1740.0,-1.316715887295303,1321.469587166731,7,stop,3404840.329031354
V0,7669,7671,2026-05-18 06:00:00,2026-05-18 13:00:00,1,5140.0,5079.0,6,5.0,27.160108270900746,-1830.0,-1.4972939820802116,1222.2048721905335,2,stop,3412886.994757026
EG0,7672,7673,2026-05-18 13:30:00,2026-05-18 14:00:00,-1,4674.0,4732.500996137525,3,10.0,39.00066409168377,-1755.0298841257609,-0.9999999999999951,1755.0298841257695,1,stop,3412886.994757026
L0,7672,7674,2026-05-18 13:30:00,2026-05-18 14:30:00,-1,8001.0,8052.081769448964,4,5.0,49.747640284012014,-1021.6353889792845,-0.6845452924310995,1492.4292085203604,2,stop,3411146.994757026
TA0,7674,7676,2026-05-18 13:30:00,2026-05-18 14:30:00,-1,6348.0,6404.3680146702345,5,5.0,49.78355374897786,-1409.200366755863,-0.7548411798061838,1866.8832655866697,2,stop,3411146.994757026
AL0,7572,7574,2026-05-19 01:30:00,2026-05-19 02:30:00,1,24465.0,24357.95970759769,1,5.0,71.36019493487309,-535.2014620115551,-1.0000000000000129,535.2014620115482,2,stop,3405131.129117165
V0,7672,7681,2026-05-18 13:30:00,2026-05-19 06:00:00,-1,5040.0,5061.975103524265,6,5.0,29.693789311650487,-659.2531057279575,-0.49337148797067865,1336.2205190242719,9,stop,3409316.994757026
L0,7684,7685,2026-05-19 13:30:00,2026-05-19 14:00:00,1,8193.0,8112.818329539604,4,5.0,54.41248135618175,-1603.6334092079233,-0.9823931135153889,1632.3744406854526,1,stop,3403936.6745494255
L0,7698,7707,2026-05-20 14:30:00,2026-05-21 13:00:00,-1,8050.0,8052.993903665443,4,5.0,47.402856598785064,-59.87807330886426,-0.042105812184603617,1422.0856979635519,9,stop,3402333.0411402173
AG0,7535,7540,2026-05-21 03:00:00,2026-05-21 13:30:00,-1,18505.0,18565.37194875094,1,15.0,167.34950417740134,-905.5792312641097,-0.2405024504362736,3765.3638439915303,5,stop,3402333.0411402173
EB0,7703,7708,2026-05-21 03:00:00,2026-05-21 13:30:00,1,9410.0,9331.946446796428,3,5.0,63.81715976046211,-1170.803298053579,-0.8153873085394396,1435.8860946103973,5,stop,3402333.0411402173
AG0,7541,7550,2026-05-21 14:00:00,2026-05-22 01:00:00,1,18515.0,18636.48818779374,1,15.0,174.2614263228197,1822.3228169061076,0.464773684600681,3920.8820922634427,9,stop,3401367.583835644
CU0,7611,7619,2026-05-21 13:00:00,2026-05-22 01:00:00,-1,103940.0,104550.0,1,5.0,389.8510215825245,-3050.0,-1.0431335155051853,2923.8826618689336,8,stop,3402333.0411402173
MA0,7703,7711,2026-05-21 03:00:00,2026-05-22 01:00:00,1,2968.0,2936.0,5,10.0,17.562903918341178,-1600.0,-1.2146814349450858,1317.2177938755883,8,stop,3402333.0411402173
IC0,7804,7808,2026-05-22 01:30:00,2026-05-22 05:00:00,-1,8400.0,8480.297972210312,1,200.0,80.38120981831472,-16059.594442062371,-0.6659763095696039,24114.362945494413,4,stop,3398969.1033544964
IF0,7804,7809,2026-05-22 01:30:00,2026-05-22 05:30:00,-1,4780.0,4805.130244376948,1,300.0,31.929405171993743,-7539.073313084464,-0.5247043019139552,14368.232327397183,5,stop,3398969.1033544964
AG0,7561,7564,2026-05-22 14:30:00,2026-05-22 16:00:00,-1,18448.0,18682.07280427112,1,15.0,161.39880895765467,-3511.0920640667973,-0.9668506055809133,3631.47320154723,3,stop,3373770.4355993494
FG0,7715,7723,2026-05-22 03:00:00,2026-05-25 01:00:00,-1,1015.0,1035.0,8,20.0,6.488275906146733,-3200.0,-2.0549886481710598,1557.1862174752162,8,stop,3397369.1033544964
IH0,7804,7812,2026-05-22 01:30:00,2026-05-25 01:30:00,-1,2919.4,2917.067709394875,1,300.0,16.369592193628677,699.6871815375926,0.09498467555117533,7366.3164871329045,8,stop,3398969.1033544964
SA0,7724,7731,2026-05-25 01:30:00,2026-05-25 13:00:00,1,1211.0,1204.2449552582293,6,20.0,8.00878439785093,-810.6053690124827,-0.5623029585349916,1441.5811916131674,7,stop,3367059.3435352826
AO0,7636,7646,2026-05-25 01:30:00,2026-05-25 14:30:00,1,2730.0,2742.0,3,20.0,12.951554442997946,720.0,0.6176864742536812,1165.639899869815,10,stop,3370259.3435352826
NI0,7644,7649,2026-05-25 13:30:00,2026-05-25 16:00:00,-1,141160.0,141954.25797199894,1,1.0,914.8514866199271,-794.2579719989444,-0.5787882759225866,1372.2772299298906,5,stop,3367759.03071682
AG0,7590,7607,2026-05-26 02:00:00,2026-05-27 01:00:00,-1,18664.0,18803.0,1,15.0,135.65418452813165,-2085.0,-0.6831095331780913,3052.2191518829623,17,stop,3366874.167375809
IC0,7821,7827,2026-05-26 02:00:00,2026-05-26 06:30:00,-1,8497.4,8569.036676224074,1,200.0,71.25536950664713,-14327.335244814822,-0.6702341799648882,21376.610851994137,6,stop,3366874.167375809
IM0,7425,7431,2026-05-26 02:00:00,2026-05-26 06:30:00,-1,8568.2,8598.150032362444,1,200.0,66.97720956352882,-5990.006472488676,-0.29811167666951305,20093.162869058644,6,stop,3366874.167375809
AL0,7656,7672,2026-05-26 05:30:00,2026-05-27 05:30:00,1,24440.0,24538.503001569814,1,5.0,94.83636244415791,492.51500784906966,0.6924418653433346,711.2727183311845,16,stop,3366874.167375809
HC0,7732,7752,2026-05-25 13:30:00,2026-05-27 05:30:00,-1,3398.0,3370.7256248744397,4,10.0,13.795251756272666,1090.9750050224102,1.3180561740822,827.71510537636,20,stop,3367759.03071682
NI0,7660,7672,2026-05-26 13:30:00,2026-05-27 05:30:00,1,144340.0,144174.7398155308,1,1.0,1024.5766452681107,-165.26018446919625,-0.10753071214498293,1536.864967902166,12,stop,3366874.167375809
RB0,7732,7755,2026-05-25 13:30:00,2026-05-27 13:00:00,-1,3183.0,3153.48212817493,5,10.0,11.825345746151852,1475.893591253498,1.6641019754637636,886.9009309613888,23,stop,3367759.03071682
LH0,7820,7836,2026-05-26 01:30:00,2026-05-28 01:30:00,-1,10895.0,10730.473055869246,1,16.0,72.07777695886817,2632.431106092059,1.521753778326085,1729.866647012836,16,stop,3366874.167375809
IF0,7837,7841,2026-05-28 02:00:00,2026-05-28 05:30:00,-1,4803.6,4848.713560026082,1,300.0,30.558453352058145,-13534.068007824408,-0.9842025163236413,13751.304008426167,4,stop,3347365.949078161
NI0,7684,7688,2026-05-28 01:30:00,2026-05-28 05:30:00,-1,143160.0,143818.10651872956,1,1.0,703.8550409327615,-658.1065187295608,-0.6233352801901048,1055.7825613991422,4,stop,3347365.949078161
SN0,7689,7700,2026-05-28 06:00:00,2026-05-29 01:30:00,1,421930.0,427735.73089498666,1,1.0,2873.3283595868775,5805.7308949866565,1.3470396623520364,4309.992539380316,11,stop,3335806.2056576987
SR0,7768,7777,2026-05-28 13:30:00,2026-05-29 06:00:00,1,5407.0,5393.501422996665,3,10.0,14.374885951210064,-404.9573101000624,-0.6260259292561142,646.869867804453,9,stop,3335806.2056576987
I0,7780,7783,2026-05-29 13:30:00,2026-06-01 01:00:00,-1,778.5,782.5447077521161,2,100.0,2.8047839030167756,-808.9415504232193,-0.9613830968738046,841.4351709050326,3,stop,3341206.979242585
SC0,7637,7664,2026-05-28 14:30:00,2026-06-01 01:00:00,-1,592.1,586.5,1,1000.0,6.141005663026438,5600.000000000023,0.6079351718906363,9211.508494539657,27,stop,3335806.2056576987
L0,7777,7788,2026-05-29 06:00:00,2026-06-01 05:30:00,1,7841.0,7956.427750193461,4,5.0,42.40992189710433,2308.5550038692236,1.8144771322382836,1272.29765691313,11,stop,3341611.936552685
CF0,7784,7795,2026-06-01 01:30:00,2026-06-02 01:00:00,1,16185.0,16265.989408582285,2,5.0,57.99445088195458,809.8940858228525,0.9310018154108801,869.9167632293187,11,stop,3341206.979242585
EG0,7784,7795,2026-06-01 01:30:00,2026-06-02 01:00:00,1,4496.0,4547.376208125338,3,10.0,36.23384169609761,1541.2862437601416,0.9452711557378374,1630.5228763243927,11,stop,3341206.979242585
AG0,7684,7685,2026-06-02 01:30:00,2026-06-02 02:00:00,1,18300.0,18082.0,1,15.0,147.2937036474629,-3270.0,-0.9866907392129838,3314.1083320679154,1,stop,3348306.592696031
EB0,7796,7798,2026-06-02 01:30:00,2026-06-02 02:30:00,-1,8713.0,8732.157669986538,3,5.0,70.97989474304278,-287.3650497980725,-0.17993517794385422,1597.0476317184625,2,stop,3349116.4867818537
EB0,7804,7810,2026-06-02 13:30:00,2026-06-03 02:30:00,1,8750.0,8825.764443127266,3,5.0,66.05500218606204,1136.4666469089843,0.7646601631960618,1486.2375491863959,6,stop,3347100.4079758157
AG0,7703,7706,2026-06-03 01:30:00,2026-06-03 03:00:00,-1,17981.0,18152.457706664372,1,15.0,122.93049524716754,-2571.8655999655857,-0.9298354940035269,2765.93614306127,3,stop,3347100.4079758157
I0,7808,7811,2026-06-03 01:30:00,2026-06-03 03:00:00,-1,779.5,783.3536696348305,2,100.0,2.689814096801322,-770.7339269660906,-0.95512663605344,806.9442290403966,3,stop,3347100.4079758157
IF0,7865,7874,2026-06-02 05:30:00,2026-06-03 06:00:00,1,4895.2,4915.541339096217,1,300.0,30.09810305576615,6102.401728865061,0.45055639239740297,13544.146375094768,9,stop,3347100.4079758157
RM0,7811,7815,2026-06-03 03:00:00,2026-06-03 13:00:00,1,2307.0,2306.87229197019,7,10.0,8.567116016931893,-8.939562086702608,-0.009937846805361136,899.5471817778489,4,stop,3348236.8746227245
SC0,7722,7740,2026-06-04 01:30:00,2026-06-05 01:00:00,-1,605.0,597.0929242808974,1,1000.0,3.6267289665537947,7907.075719102636,1.4534815977009958,5440.0934498306915,18,stop,3350987.737262571
EB0,7823,7834,2026-06-04 03:00:00,2026-06-05 02:30:00,-1,8723.0,8727.573145903061,3,5.0,64.70030015825986,-68.59718854591847,-0.047121325989473606,1455.756753560847,11,stop,3350987.737262571
RM0,7820,7835,2026-06-04 01:30:00,2026-06-05 03:00:00,-1,2284.0,2269.5860208371,7,10.0,10.46757155356009,1008.9785414029984,0.9180084791171191,1099.0950131238094,15,stop,3350987.737262571
EG0,7835,7837,2026-06-05 03:00:00,2026-06-05 06:00:00,1,4529.0,4481.412005109092,3,10.0,32.53351873222067,-1427.6398467272338,-0.9751582725618796,1464.0083429499302,2,stop,3358826.215793128
NI0,7748,7787,2026-06-03 01:30:00,2026-06-05 13:00:00,-1,143450.0,139236.91244394617,1,1.0,588.7893775886714,4213.087556053826,4.770339181172175,883.1840663830071,39,stop,3347100.4079758157
TA0,7837,7841,2026-06-05 03:00:00,2026-06-05 13:00:00,1,6322.0,6260.441196691785,5,5.0,43.57741049241109,-1538.970082705373,-0.9417540359040725,1634.1528934654157,4,stop,3358826.215793128
Y0,7820,7839,2026-06-04 01:30:00,2026-06-05 13:00:00,-1,8533.0,8455.342281616664,1,10.0,30.81743282740776,776.5771838333603,1.679952140903626,462.2614924111164,19,stop,3350987.737262571
EG0,7840,7843,2026-06-05 13:30:00,2026-06-08 01:00:00,-1,4457.0,4482.148593939709,3,10.0,33.61390300663862,-754.4578181912675,-0.4987736559431408,1512.625635298738,3,stop,3358407.554487804
CU0,7780,7797,2026-06-05 01:30:00,2026-06-08 02:00:00,-1,105270.0,104178.06351583509,1,5.0,398.6504668866471,5459.682420824538,1.826054944310217,2989.878501649853,17,stop,3350987.737262571
EB0,7849,7851,2026-06-08 06:00:00,2026-06-08 13:00:00,1,8830.0,8746.501358565287,3,5.0,75.98317049784562,-1252.479621520697,-0.7326064520834089,1709.6213362015264,2,stop,3366563.473747619
EG0,7844,7851,2026-06-08 01:30:00,2026-06-08 13:00:00,1,4491.0,4587.051733627591,3,10.0,36.571810802077415,2881.552008827721,1.75092476092059,1645.731486093484,7,stop,3361103.7913267943
TA0,7863,7865,2026-06-09 06:00:00,2026-06-09 13:00:00,-1,6232.0,6304.035818222478,5,5.0,48.948792569984526,-1800.895455561954,-0.9811044623076924,1835.5797213744197,2,stop,3368192.546134926
SC0,7768,7793,2026-06-08 13:30:00,2026-06-09 16:30:00,-1,588.5,571.6411372524102,1,1000.0,6.434548478360739,16858.862747589796,1.7467024872877843,9651.822717541108,25,stop,3368192.546134926
AO0,7818,7826,2026-06-09 06:30:00,2026-06-09 16:30:00,1,2845.0,2824.820738988336,2,20.0,15.657463951825772,-807.1704404665616,-0.8591966563572382,939.4478371095463,8,stop,3368192.546134926
EB0,7856,7867,2026-06-09 01:30:00,2026-06-10 01:00:00,-1,8669.0,8574.304761054305,3,5.0,77.96269048885772,1420.4285841854198,0.8097483411780435,1754.1605359992986,11,stop,3368192.546134926
EG0,7861,7867,2026-06-09 06:00:00,2026-06-10 01:00:00,-1,4458.0,4483.824952785719,3,10.0,41.01229021648881,-774.7485835715634,-0.41979209401861967,1845.5530597419963,6,stop,3368192.546134926
L0,7856,7867,2026-06-09 01:30:00,2026-06-10 01:00:00,-1,7907.0,7865.599118066096,4,5.0,52.59261260693637,828.017638678084,0.5247997121233702,1577.778378208091,11,stop,3368192.546134926
PP0,7856,7867,2026-06-09 01:30:00,2026-06-10 01:00:00,-1,8749.0,8648.970813722715,3,5.0,58.6816859400321,1500.4377941592702,1.1364043673353939,1320.3379336507223,11,stop,3368192.546134926
TA0,7871,7872,2026-06-10 02:00:00,2026-06-10 02:30:00,1,6448.0,6366.288427919613,5,5.0,54.47438138692426,-2042.789302009669,-1.0000000000000044,2042.7893020096599,1,stop,3385417.478419938
RM0,7880,7882,2026-06-11 01:30:00,2026-06-11 02:30:00,-1,2233.0,2245.91440208678,7,10.0,8.887263036662539,-904.0081460745841,-0.9687573503416532,933.1626188495666,2,stop,3383374.6891179285
BU0,7876,7884,2026-06-10 13:30:00,2026-06-11 05:30:00,1,4473.0,4515.0,3,10.0,35.69554170915776,1260.0,0.7844116844658097,1606.299376912099,8,stop,3383374.6891179285
SC0,7822,7829,2026-06-11 06:00:00,2026-06-11 15:30:00,-1,580.5,583.9535522130708,1,1000.0,5.389741748112303,-3453.552213070793,-0.42717596679907244,8084.6126221684535,7,stop,3383730.680971854
TA0,7894,7897,2026-06-12 01:30:00,2026-06-12 03:00:00,-1,6274.0,6356.438951828381,5,5.0,57.4493957873089,-2060.973795709515,-0.9566558614888239,2154.3523420240836,3,stop,3380277.128758783
BU0,7897,7902,2026-06-12 06:00:00,2026-06-12 14:30:00,-1,4439.0,4448.708917409723,3,10.0,36.8792872420914,-291.2675222916823,-0.17550804504416914,1659.567925894113,5,stop,3378216.1549630733
SA0,7900,7903,2026-06-12 13:30:00,2026-06-15 01:00:00,1,1167.0,1162.7300330442968,7,20.0,5.855193241222872,-597.7953737984535,-0.4861743276197942,1229.590580656803,3,stop,3378216.1549630733
I0,7900,7915,2026-06-12 13:30:00,2026-06-16 01:00:00,1,767.5,769.0088220643627,2,100.0,2.8381386620495443,301.7644128725351,0.3544158675867488,851.4415986148632,15,stop,3378216.1549630733
LH0,7924,7939,2026-06-12 01:30:00,2026-06-16 01:00:00,1,11905.0,12064.804647386925,1,16.0,72.06596829458422,2556.8743581908057,1.4783181869671738,1729.5832390700214,15,stop,3380277.128758783
JM0,7904,7921,2026-06-15 01:30:00,2026-06-16 06:00:00,-1,1358.5,1359.101060768098,2,60.0,14.03523728112655,-72.12729217176275,-0.028550082246978022,2526.3427106027793,17,stop,3377924.8874407816
L0,7904,7922,2026-06-15 01:30:00,2026-06-16 06:30:00,-1,7656.0,7500.070828009809,4,5.0,65.80964931168505,3118.583439803824,1.5795978616214335,1974.2894793505513,18,stop,3377924.8874407816
V0,7909,7923,2026-06-15 06:00:00,2026-06-16 13:00:00,-1,4715.0,4663.619661510521,7,5.0,28.39254220265051,1798.3118471317675,1.2064280383384758,1490.608465639152,14,stop,3377327.092066983
P0,7923,7926,2026-06-16 13:00:00,2026-06-16 14:30:00,1,9334.0,9350.208565872876,1,10.0,47.09139591710765,162.08565872875624,0.22946252434176667,706.3709387566146,3,stop,3383232.1869856785
AO0,7896,7907,2026-06-16 05:30:00,2026-06-17 01:00:00,1,2914.0,2898.500921712887,2,20.0,14.02776233321051,-619.9631314845283,-0.7365906701750228,841.6657399926306,11,stop,3380185.7308380464
AO0,7909,7912,2026-06-17 02:00:00,2026-06-17 05:30:00,-1,2886.0,2903.415788946676,2,20.0,13.426014333524668,-696.6315578670401,-0.8647783084410436,805.56086001148,3,stop,3384572.6213600542
TA0,7902,7937,2026-06-12 13:30:00,2026-06-17 13:00:00,-1,6256.0,5828.0,5,5.0,57.18809095071367,10700.0,4.989383778857765,2144.5534106517625,35,stop,3378216.1549630733
AO0,7913,7923,2026-06-17 06:00:00,2026-06-18 01:00:00,1,2909.0,2907.619818374819,2,20.0,13.517919496558676,-55.20726500724777,-0.06806676749986337,811.0751697935206,10,stop,3383875.9898021873
AO0,7925,7931,2026-06-18 02:00:00,2026-06-22 01:00:00,-1,2909.0,2915.6971431845473,2,20.0,15.01318246611337,-267.8857273818903,-0.297389453109561,900.7909479668023,6,stop,3394520.78253718
CU0,7927,7931,2026-06-18 03:00:00,2026-06-22 01:00:00,-1,104610.0,104988.61123443455,1,5.0,271.49877933192994,-1893.056172172728,-0.9296818580331117,2036.2408449894747,4,stop,3394520.78253718
JM0,7932,7947,2026-06-17 05:30:00,2026-06-22 01:00:00,-1,1339.0,1281.70035393744,2,60.0,11.37039243394424,6875.957527507198,3.3595818494063763,2046.6706381099632,15,stop,3384572.6213600542
AO0,7932,7934,2026-06-22 01:30:00,2026-06-22 02:30:00,1,2936.0,2904.8084462184947,2,20.0,21.393936048260162,-1247.6621512602105,-0.9719749157313787,1283.6361628956097,2,stop,3394252.896809798
AO0,7935,7938,2026-06-22 03:00:00,2026-06-22 06:30:00,-1,2889.0,2919.270857340313,2,20.0,21.72575710569518,-1210.8342936125155,-0.9288777123867625,1303.545426341711,3,stop,3397988.1360138725
RM0,7951,7960,2026-06-22 03:00:00,2026-06-23 01:30:00,-1,2264.0,2271.467351300665,7,10.0,10.137580841972596,-522.714591046556,-0.4910672751266281,1064.4459884071225,9,stop,3397988.1360138725
RU0,7961,7971,2026-06-23 02:00:00,2026-06-24 01:00:00,-1,17740.0,17643.62678445382,1,10.0,89.48618944898486,963.7321554618029,0.7179745920542049,1342.2928417347728,10,stop,3396254.5871292134
OI0,7980,7983,2026-06-24 13:30:00,2026-06-25 01:00:00,-1,9646.0,9610.0,1,10.0,36.12132644166298,360.0,0.6644274273471301,541.8198966249447,3,stop,3397218.319284675
RM0,7980,7991,2026-06-24 13:30:00,2026-06-25 13:00:00,-1,2285.0,2273.418494168893,7,10.0,10.593329491364683,810.7054081774777,0.7288552568574824,1112.2995965932917,11,stop,3397218.319284675
IF0,7989,7996,2026-06-25 02:00:00,2026-06-26 01:30:00,1,4869.6,4862.813097531639,1,300.0,32.18869125392697,-2036.0707405084213,-0.1405649459271593,14484.911064267135,7,stop,3397578.319284675
LH0,7996,7998,2026-06-26 01:30:00,2026-06-26 02:30:00,1,11970.0,11865.508879618106,1,16.0,72.32695822289824,-1671.8579261103005,-0.9631366869678253,1735.8469973495578,2,stop,3398389.0246928525
I0,7989,7999,2026-06-25 06:00:00,2026-06-26 03:00:00,-1,736.0,734.0,2,100.0,3.6030903010355297,400.0,0.37005271084938746,1080.927090310659,10,end,3397578.319284675
IF0,7997,7999,2026-06-26 02:00:00,2026-06-26 03:00:00,-1,4831.0,4743.8,1,300.0,37.24451196310557,26159.999999999945,1.5608563589427649,16760.03038339751,2,end,3396352.953952344
IM0,7601,7603,2026-06-26 02:00:00,2026-06-26 03:00:00,-1,8405.2,8314.4,1,200.0,63.634153166325326,18160.00000000022,0.9512711385521793,19090.2459498976,2,end,3396352.953952344
