datetime,equity
2022-05-12 05:00:00,2000000.0
2022-05-12 05:30:00,2000000.0
2022-05-12 06:00:00,2000000.0
2022-05-12 06:30:00,2000000.0
2022-05-13 01:00:00,2000000.0
2022-05-13 01:30:00,2000000.0
2022-05-13 02:00:00,2000000.0
2022-05-13 02:30:00,2000000.0
2022-05-13 03:00:00,2000000.0
2022-05-13 05:00:00,2000000.0
2022-05-13 05:30:00,2000000.0
2022-05-13 06:00:00,2000000.0
2022-05-13 06:30:00,2000000.0
2022-05-16 01:00:00,2000000.0
2022-05-16 01:30:00,2000000.0
2022-05-16 02:00:00,2000000.0
2022-05-16 02:30:00,2000000.0
2022-05-16 03:00:00,2000000.0
2022-05-16 05:00:00,2000000.0
2022-05-16 05:30:00,2000000.0
2022-05-16 06:00:00,2000000.0
2022-05-16 06:30:00,2000000.0
2022-05-17 01:00:00,2000000.0
2022-05-17 01:30:00,2000000.0
2022-05-17 02:00:00,2000000.0
2022-05-17 02:30:00,2000000.0
2022-05-17 03:00:00,2000000.0
2022-05-17 05:00:00,2000000.0
2022-05-17 05:30:00,2000000.0
2022-05-17 06:00:00,2000000.0
2022-05-17 06:30:00,2000000.0
2022-05-18 01:00:00,2000000.0
2022-05-18 01:30:00,2000000.0
2022-05-18 02:00:00,2000000.0
2022-05-18 02:30:00,2000000.0
2022-05-18 03:00:00,2000000.0
2022-05-18 05:00:00,2000000.0
2022-05-18 05:30:00,2000000.0
2022-05-18 06:00:00,2000000.0
2022-05-18 06:30:00,2000000.0
2022-05-19 01:00:00,2000000.0
2022-05-19 01:30:00,2000000.0
2022-05-19 02:00:00,2000000.0
2022-05-19 02:30:00,2000000.0
2022-05-19 03:00:00,2000000.0
2022-05-19 05:00:00,2000000.0
2022-05-19 05:30:00,2000000.0
2022-05-19 06:00:00,2000000.0
2022-05-19 06:30:00,2000000.0
2022-05-20 01:00:00,2000000.0
2022-05-20 01:30:00,2000000.0
2022-05-20 02:00:00,2000000.0
2022-05-20 02:30:00,2000000.0
2022-05-20 03:00:00,2000000.0
2022-05-20 05:00:00,2000000.0
2022-05-20 05:30:00,2000000.0
2022-05-20 06:00:00,2000000.0
2022-05-20 06:30:00,2000000.0
2022-05-23 01:00:00,2000000.0
2022-05-23 01:30:00,2000000.0
2022-05-23 02:00:00,2000000.0
2022-05-23 02:30:00,1992744.3759877423
2022-05-23 03:00:00,1992744.3759877423
2022-05-23 05:00:00,1992744.3759877423
2022-05-23 05:30:00,1992744.3759877423
2022-05-23 06:00:00,1992744.3759877423
2022-05-23 06:30:00,1992744.3759877423
2022-05-24 01:00:00,1992744.3759877423
2022-05-24 01:30:00,1992744.3759877423
2022-05-24 02:00:00,1992744.3759877423
2022-05-24 02:30:00,1996104.4628563405
2022-05-24 03:00:00,1996104.4628563405
2022-05-24 05:00:00,1996104.4628563405
2022-05-24 05:30:00,1996104.4628563405
2022-05-24 06:00:00,1996104.4628563405
2022-05-24 06:30:00,1996104.4628563405
2022-05-25 01:00:00,1996104.4628563405
2022-05-25 01:30:00,1996104.4628563405
2022-05-25 02:00:00,1996104.4628563405
2022-05-25 02:30:00,1996104.4628563405
2022-05-25 03:00:00,1996104.4628563405
2022-05-25 05:00:00,1996104.4628563405
2022-05-25 05:30:00,1996104.4628563405
2022-05-25 06:00:00,1996104.4628563405
2022-05-25 06:30:00,1996104.4628563405
2022-05-26 01:00:00,1996104.4628563405
2022-05-26 01:30:00,1996104.4628563405
2022-05-26 02:00:00,1996104.4628563405
2022-05-26 02:30:00,1996104.4628563405
2022-05-26 03:00:00,1996104.4628563405
2022-05-26 05:00:00,1996104.4628563405
2022-05-26 05:30:00,1996104.4628563405
2022-05-26 06:00:00,1996104.4628563405
2022-05-26 06:30:00,1996104.4628563405
2022-05-27 01:00:00,1996104.4628563405
2022-05-27 01:30:00,1996104.4628563405
2022-05-27 02:00:00,1997959.9296660514
2022-05-27 02:30:00,1997959.9296660514
2022-05-27 03:00:00,1997959.9296660514
2022-05-27 05:00:00,1997959.9296660514
2022-05-27 05:30:00,1997959.9296660514
2022-05-27 06:00:00,1997959.9296660514
2022-05-27 06:30:00,1997959.9296660514
2022-05-30 01:00:00,1997959.9296660514
2022-05-30 01:30:00,1997959.9296660514
2022-05-30 02:00:00,1997959.9296660514
2022-05-30 02:30:00,1997959.9296660514
2022-05-30 03:00:00,1997959.9296660514
2022-05-30 05:00:00,1997959.9296660514
2022-05-30 05:30:00,1997959.9296660514
2022-05-30 06:00:00,1997959.9296660514
2022-05-30 06:30:00,1997959.9296660514
2022-05-31 01:00:00,1997959.9296660514
2022-05-31 01:30:00,1997959.9296660514
2022-05-31 02:00:00,1997959.9296660514
2022-05-31 02:30:00,1997959.9296660514
2022-05-31 03:00:00,1997959.9296660514
2022-05-31 05:00:00,1997959.9296660514
2022-05-31 05:30:00,1997959.9296660514
2022-05-31 06:00:00,1997959.9296660514
2022-05-31 06:30:00,1997959.9296660514
2022-06-01 01:00:00,1997959.9296660514
2022-06-01 01:30:00,1997959.9296660514
2022-06-01 02:00:00,1997959.9296660514
2022-06-01 02:30:00,1997959.9296660514
2022-06-01 03:00:00,1998565.305244361
2022-06-01 05:00:00,1998565.305244361
2022-06-01 05:30:00,1998565.305244361
2022-06-01 06:00:00,1998565.305244361
2022-06-01 06:30:00,1998565.305244361
2022-06-02 01:00:00,1998565.305244361
2022-06-02 01:30:00,1998565.305244361
2022-06-02 02:00:00,1998565.305244361
2022-06-02 02:30:00,1998565.305244361
2022-06-02 03:00:00,1998565.305244361
2022-06-02 05:00:00,1998565.305244361
2022-06-02 05:30:00,1998565.305244361
2022-06-02 06:00:00,1998565.305244361
2022-06-02 06:30:00,1996329.443457101
2022-06-06 01:00:00,1996329.443457101
2022-06-06 01:30:00,1996329.443457101
2022-06-06 02:00:00,1996329.443457101
2022-06-06 02:30:00,1996329.443457101
2022-06-06 03:00:00,1989598.7371134867
2022-06-06 05:00:00,1989598.7371134867
2022-06-06 05:30:00,1989598.7371134867
2022-06-06 06:00:00,1989598.7371134867
2022-06-06 06:30:00,1989598.7371134867
2022-06-07 01:00:00,1989598.7371134867
2022-06-07 01:30:00,1989598.7371134867
2022-06-07 02:00:00,1989598.7371134867
2022-06-07 02:30:00,1989598.7371134867
2022-06-07 03:00:00,1989598.7371134867
2022-06-07 05:00:00,1989598.7371134867
2022-06-07 05:30:00,1989598.7371134867
2022-06-07 06:00:00,1991890.2966085651
2022-06-07 06:30:00,1991890.2966085651
2022-06-08 01:00:00,1991890.2966085651
2022-06-08 01:30:00,1991890.2966085651
2022-06-08 02:00:00,1991890.2966085651
2022-06-08 02:30:00,1991890.2966085651
2022-06-08 03:00:00,1991890.2966085651
2022-06-08 05:00:00,1991890.2966085651
2022-06-08 05:30:00,1991890.2966085651
2022-06-08 06:00:00,1991890.2966085651
2022-06-08 06:30:00,1991890.2966085651
2022-06-09 01:00:00,1991890.2966085651
2022-06-09 01:30:00,1991890.2966085651
2022-06-09 02:00:00,1991890.2966085651
2022-06-09 02:30:00,1991890.2966085651
2022-06-09 03:00:00,1991890.2966085651
2022-06-09 05:00:00,1991890.2966085651
2022-06-09 05:30:00,1991890.2966085651
2022-06-09 06:00:00,1991517.9808143857
2022-06-09 06:30:00,1991517.9808143857
2022-06-10 01:00:00,1991517.9808143857
2022-06-10 01:30:00,1991517.9808143857
2022-06-10 02:00:00,1991517.9808143857
2022-06-10 02:30:00,1991517.9808143857
2022-06-10 03:00:00,1991517.9808143857
2022-06-10 05:00:00,1991517.9808143857
2022-06-10 05:30:00,1991517.9808143857
2022-06-10 06:00:00,1991517.9808143857
2022-06-10 06:30:00,1991517.9808143857
2022-06-13 01:00:00,1991517.9808143857
2022-06-13 01:30:00,1991517.9808143857
2022-06-13 02:00:00,1991517.9808143857
2022-06-13 02:30:00,1991517.9808143857
2022-06-13 03:00:00,1991517.9808143857
2022-06-13 05:00:00,1991517.9808143857
2022-06-13 05:30:00,1991517.9808143857
2022-06-13 06:00:00,1991517.9808143857
2022-06-13 06:30:00,1991517.9808143857
2022-06-14 01:00:00,1991517.9808143857
2022-06-14 01:30:00,1991517.9808143857
2022-06-14 02:00:00,1991517.9808143857
2022-06-14 02:30:00,1991517.9808143857
2022-06-14 03:00:00,1991517.9808143857
2022-06-14 05:00:00,1991517.9808143857
2022-06-14 05:30:00,1991517.9808143857
2022-06-14 06:00:00,1991517.9808143857
2022-06-14 06:30:00,1991517.9808143857
2022-06-15 01:00:00,1991517.9808143857
2022-06-15 01:30:00,1991517.9808143857
2022-06-15 02:00:00,1991517.9808143857
2022-06-15 02:30:00,1991517.9808143857
2022-06-15 03:00:00,1991517.9808143857
2022-06-15 05:00:00,1991517.9808143857
2022-06-15 05:30:00,1992730.045880048
2022-06-15 06:00:00,1992730.045880048
2022-06-15 06:30:00,1992730.045880048
2022-06-16 01:00:00,1992730.045880048
2022-06-16 01:30:00,2025587.2126989353
2022-06-16 02:00:00,2025587.2126989353
2022-06-16 02:30:00,2025587.2126989353
2022-06-16 03:00:00,2025587.2126989353
2022-06-16 05:00:00,2025587.2126989353
2022-06-16 05:30:00,2025587.2126989353
2022-06-16 06:00:00,2025587.2126989353
2022-06-16 06:30:00,2025587.2126989353
2022-06-17 01:00:00,2025587.2126989353
2022-06-17 01:30:00,2025587.2126989353
2022-06-17 02:00:00,2025587.2126989353
2022-06-17 02:30:00,2025587.2126989353
2022-06-17 03:00:00,2015738.7767217709
2022-06-17 05:00:00,2015738.7767217709
2022-06-17 05:30:00,2015738.7767217709
2022-06-17 06:00:00,2015738.7767217709
2022-06-17 06:30:00,2015738.7767217709
2022-06-20 01:00:00,2015738.7767217709
2022-06-20 01:30:00,2015738.7767217709
2022-06-20 02:00:00,2015738.7767217709
2022-06-20 02:30:00,2015738.7767217709
2022-06-20 03:00:00,2015738.7767217709
2022-06-20 05:00:00,2015738.7767217709
2022-06-20 05:30:00,2015738.7767217709
2022-06-20 06:00:00,2015738.7767217709
2022-06-20 06:30:00,2015738.7767217709
2022-06-21 01:00:00,2015738.7767217709
2022-06-21 01:30:00,2015738.7767217709
2022-06-21 02:00:00,2015738.7767217709
2022-06-21 02:30:00,2015738.7767217709
2022-06-21 03:00:00,2015738.7767217709
2022-06-21 05:00:00,2015738.7767217709
2022-06-21 05:30:00,2015738.7767217709
2022-06-21 06:00:00,2015738.7767217709
2022-06-21 06:30:00,2015738.7767217709
2022-06-22 01:00:00,2015738.7767217709
2022-06-22 01:30:00,2015738.7767217709
2022-06-22 02:00:00,2015738.7767217709
2022-06-22 02:30:00,2015738.7767217709
2022-06-22 03:00:00,2015738.7767217709
2022-06-22 05:00:00,2015738.7767217709
2022-06-22 05:30:00,2015738.7767217709
2022-06-22 06:00:00,2015738.7767217709
2022-06-22 06:30:00,2015738.7767217709
2022-06-23 01:00:00,2015738.7767217709
2022-06-23 01:30:00,2015738.7767217709
2022-06-23 02:00:00,2015738.7767217709
2022-06-23 02:30:00,2015738.7767217709
2022-06-23 03:00:00,2015738.7767217709
2022-06-23 05:00:00,2015738.7767217709
2022-06-23 05:30:00,2015738.7767217709
2022-06-23 06:00:00,2015738.7767217709
2022-06-23 06:30:00,2015738.7767217709
2022-06-24 01:00:00,2015738.7767217709
2022-06-24 01:30:00,2015738.7767217709
2022-06-24 02:00:00,2015738.7767217709
2022-06-24 02:30:00,2015738.7767217709
2022-06-24 03:00:00,2015738.7767217709
2022-06-24 05:00:00,2015738.7767217709
2022-06-24 05:30:00,2015738.7767217709
2022-06-24 06:00:00,2015738.7767217709
2022-06-24 06:30:00,2015738.7767217709
2022-06-27 01:00:00,2015738.7767217709
2022-06-27 01:30:00,2015738.7767217709
2022-06-27 02:00:00,2015738.7767217709
2022-06-27 02:30:00,2015738.7767217709
2022-06-27 03:00:00,2015738.7767217709
2022-06-27 05:00:00,2015738.7767217709
2022-06-27 05:30:00,2036712.8939538868
2022-06-27 06:00:00,2036712.8939538868
2022-06-27 06:30:00,2036712.8939538868
2022-06-28 01:00:00,2036712.8939538868
2022-06-28 01:30:00,2036712.8939538868
2022-06-28 02:00:00,2036712.8939538868
2022-06-28 02:30:00,2036712.8939538868
2022-06-28 03:00:00,2036712.8939538868
2022-06-28 05:00:00,2036712.8939538868
2022-06-28 05:30:00,2036712.8939538868
2022-06-28 06:00:00,2036712.8939538868
2022-06-28 06:30:00,2052470.504907139
2022-06-29 01:00:00,2052470.504907139
2022-06-29 01:30:00,2052470.504907139
2022-06-29 02:00:00,2052470.504907139
2022-06-29 02:30:00,2052470.504907139
2022-06-29 03:00:00,2052470.504907139
2022-06-29 05:00:00,2052470.504907139
2022-06-29 05:30:00,2052470.504907139
2022-06-29 06:00:00,2052470.504907139
2022-06-29 06:30:00,2052470.504907139
2022-06-30 01:00:00,2052470.504907139
2022-06-30 01:30:00,2052470.504907139
2022-06-30 02:00:00,2052470.504907139
2022-06-30 02:30:00,2052470.504907139
2022-06-30 03:00:00,2052470.504907139
2022-06-30 05:00:00,2052470.504907139
2022-06-30 05:30:00,2052470.504907139
2022-06-30 06:00:00,2052470.504907139
2022-06-30 06:30:00,2052470.504907139
2022-07-01 01:00:00,2052470.504907139
2022-07-01 01:30:00,2052470.504907139
2022-07-01 02:00:00,2052470.504907139
2022-07-01 02:30:00,2052470.504907139
2022-07-01 03:00:00,2052470.504907139
2022-07-01 05:00:00,2052470.504907139
2022-07-01 05:30:00,2052470.504907139
2022-07-01 06:00:00,2052470.504907139
2022-07-01 06:30:00,2052470.504907139
2022-07-04 01:00:00,2052470.504907139
2022-07-04 01:30:00,2052470.504907139
2022-07-04 02:00:00,2052470.504907139
2022-07-04 02:30:00,2052470.504907139
2022-07-04 03:00:00,2052470.504907139
2022-07-04 05:00:00,2052470.504907139
2022-07-04 05:30:00,2052470.504907139
2022-07-04 06:00:00,2052470.504907139
2022-07-04 06:30:00,2052470.504907139
2022-07-05 01:00:00,2052470.504907139
2022-07-05 01:30:00,2052470.504907139
2022-07-05 02:00:00,2052470.504907139
2022-07-05 02:30:00,2052470.504907139
2022-07-05 03:00:00,2052470.504907139
2022-07-05 05:00:00,2052470.504907139
2022-07-05 05:30:00,2052470.504907139
2022-07-05 06:00:00,2052470.504907139
2022-07-05 06:30:00,2052470.504907139
2022-07-06 01:00:00,2052470.504907139
2022-07-06 01:30:00,2052470.504907139
2022-07-06 02:00:00,2052470.504907139
2022-07-06 02:30:00,2052470.504907139
2022-07-06 03:00:00,2052470.504907139
2022-07-06 05:00:00,2052470.504907139
2022-07-06 05:30:00,2052470.504907139
2022-07-06 06:00:00,2052470.504907139
2022-07-06 06:30:00,2052470.504907139
2022-07-07 01:00:00,2052470.504907139
2022-07-07 01:30:00,2052470.504907139
2022-07-07 02:00:00,2052470.504907139
2022-07-07 02:30:00,2052470.504907139
2022-07-07 03:00:00,2052470.504907139
2022-07-07 05:00:00,2052470.504907139
2022-07-07 05:30:00,2052470.504907139
2022-07-07 06:00:00,2052470.504907139
2022-07-07 06:30:00,2052470.504907139
2022-07-08 01:00:00,2052470.504907139
2022-07-08 01:30:00,2052470.504907139
2022-07-08 02:00:00,2052470.504907139
2022-07-08 02:30:00,2052470.504907139
2022-07-08 03:00:00,2052470.504907139
2022-07-08 05:00:00,2052470.504907139
2022-07-08 05:30:00,2052470.504907139
2022-07-08 06:00:00,2052470.504907139
2022-07-08 06:30:00,2052470.504907139
2022-07-11 01:00:00,2052470.504907139
2022-07-11 01:30:00,2052470.504907139
2022-07-11 02:00:00,2052470.504907139
2022-07-11 02:30:00,2052470.504907139
2022-07-11 03:00:00,2052470.504907139
2022-07-11 05:00:00,2052470.504907139
2022-07-11 05:30:00,2052470.504907139
2022-07-11 06:00:00,2052470.504907139
2022-07-11 06:30:00,2052470.504907139
2022-07-12 01:00:00,2052470.504907139
2022-07-12 01:30:00,2052470.504907139
2022-07-12 02:00:00,2052470.504907139
2022-07-12 02:30:00,2052470.504907139
2022-07-12 03:00:00,2052470.504907139
2022-07-12 05:00:00,2052470.504907139
2022-07-12 05:30:00,2052470.504907139
2022-07-12 06:00:00,2052470.504907139
2022-07-12 06:30:00,2052470.504907139
2022-07-13 01:00:00,2052470.504907139
2022-07-13 01:30:00,2052470.504907139
2022-07-13 02:00:00,2052470.504907139
2022-07-13 02:30:00,2052470.504907139
2022-07-13 03:00:00,2052470.504907139
2022-07-13 05:00:00,2052470.504907139
2022-07-13 05:30:00,2052470.504907139
2022-07-13 06:00:00,2052470.504907139
2022-07-13 06:30:00,2052470.504907139
2022-07-14 01:00:00,2052470.504907139
2022-07-14 01:30:00,2052470.504907139
2022-07-14 02:00:00,2052470.504907139
2022-07-14 02:30:00,2052470.504907139
2022-07-14 03:00:00,2052470.504907139
2022-07-14 05:00:00,2052470.504907139
2022-07-14 05:30:00,2052470.504907139
2022-07-14 06:00:00,2052470.504907139
2022-07-14 06:30:00,2052470.504907139
2022-07-15 01:00:00,2052470.504907139
2022-07-15 01:30:00,2052470.504907139
2022-07-15 02:00:00,2052470.504907139
2022-07-15 02:30:00,2052470.504907139
2022-07-15 03:00:00,2052470.504907139
2022-07-15 05:00:00,2052470.504907139
2022-07-15 05:30:00,2052470.504907139
2022-07-15 06:00:00,2052470.504907139
2022-07-15 06:30:00,2052470.504907139
2022-07-18 01:00:00,2052470.504907139
2022-07-18 01:30:00,2052470.504907139
2022-07-18 02:00:00,2052470.504907139
2022-07-18 02:30:00,2052470.504907139
2022-07-18 03:00:00,2052470.504907139
2022-07-18 05:00:00,2052470.504907139
2022-07-18 05:30:00,2052470.504907139
2022-07-18 06:00:00,2052470.504907139
2022-07-18 06:30:00,2052470.504907139
2022-07-19 01:00:00,2052470.504907139
2022-07-19 01:30:00,2052470.504907139
2022-07-19 02:00:00,2052470.504907139
2022-07-19 02:30:00,2052470.504907139
2022-07-19 03:00:00,2052470.504907139
2022-07-19 05:00:00,2052470.504907139
2022-07-19 05:30:00,2052470.504907139
2022-07-19 06:00:00,2052470.504907139
2022-07-19 06:30:00,2052470.504907139
2022-07-20 01:00:00,2052470.504907139
2022-07-20 01:30:00,2052470.504907139
2022-07-20 02:00:00,2052470.504907139
2022-07-20 02:30:00,2052470.504907139
2022-07-20 03:00:00,2052470.504907139
2022-07-20 05:00:00,2052470.504907139
2022-07-20 05:30:00,2052470.504907139
2022-07-20 06:00:00,2052470.504907139
2022-07-20 06:30:00,2052470.504907139
2022-07-21 01:00:00,2052470.504907139
2022-07-21 01:30:00,2052470.504907139
2022-07-21 02:00:00,2052470.504907139
2022-07-21 02:30:00,2052470.504907139
2022-07-21 03:00:00,2052470.504907139
2022-07-21 05:00:00,2052470.504907139
2022-07-21 05:30:00,2052470.504907139
2022-07-21 06:00:00,2052470.504907139
2022-07-21 06:30:00,2052470.504907139
2022-07-22 01:00:00,2052470.504907139
2022-07-22 01:30:00,2052470.504907139
2022-07-22 02:00:00,2052470.504907139
2022-07-22 02:30:00,2052470.504907139
2022-07-22 03:00:00,2052470.504907139
2022-07-22 05:00:00,2052470.504907139
2022-07-22 05:30:00,2052470.504907139
2022-07-22 06:00:00,2052470.504907139
2022-07-22 06:30:00,2052470.504907139
2022-07-25 01:00:00,2052470.504907139
2022-07-25 01:30:00,2065489.849069671
2022-07-25 02:00:00,2065489.849069671
2022-07-25 02:30:00,2065489.849069671
2022-07-25 03:00:00,2065489.849069671
2022-07-25 05:00:00,2065489.849069671
2022-07-25 05:30:00,2065489.849069671
2022-07-25 06:00:00,2065489.849069671
2022-07-25 06:30:00,2065489.849069671
2022-07-26 01:00:00,2065489.849069671
2022-07-26 01:30:00,2065489.849069671
2022-07-26 02:00:00,2065489.849069671
2022-07-26 02:30:00,2065489.849069671
2022-07-26 03:00:00,2065489.849069671
2022-07-26 05:00:00,2065489.849069671
2022-07-26 05:30:00,2065489.849069671
2022-07-26 06:00:00,2065489.849069671
2022-07-26 06:30:00,2065489.849069671
2022-07-27 01:00:00,2065489.849069671
2022-07-27 01:30:00,2065489.849069671
2022-07-27 02:00:00,2065489.849069671
2022-07-27 02:30:00,2065489.849069671
2022-07-27 03:00:00,2065489.849069671
2022-07-27 05:00:00,2065489.849069671
2022-07-27 05:30:00,2065489.849069671
2022-07-27 06:00:00,2065489.849069671
2022-07-27 06:30:00,2065489.849069671
2022-07-28 01:00:00,2065489.849069671
2022-07-28 01:30:00,2065489.849069671
2022-07-28 02:00:00,2065489.849069671
2022-07-28 02:30:00,2065489.849069671
2022-07-28 03:00:00,2065489.849069671
2022-07-28 05:00:00,2065489.849069671
2022-07-28 05:30:00,2050901.2175594568
2022-07-28 06:00:00,2050901.2175594568
2022-07-28 06:30:00,2050901.2175594568
2022-07-29 01:00:00,2050901.2175594568
2022-07-29 01:30:00,2050901.2175594568
2022-07-29 02:00:00,2050901.2175594568
2022-07-29 02:30:00,2050901.2175594568
2022-07-29 03:00:00,2050901.2175594568
2022-07-29 05:00:00,2050901.2175594568
2022-07-29 05:30:00,2050901.2175594568
2022-07-29 06:00:00,2050901.2175594568
2022-07-29 06:30:00,2050901.2175594568
2022-08-01 01:00:00,2050901.2175594568
2022-08-01 01:30:00,2050901.2175594568
2022-08-01 02:00:00,2050901.2175594568
2022-08-01 02:30:00,2050901.2175594568
2022-08-01 03:00:00,2050901.2175594568
2022-08-01 05:00:00,2050901.2175594568
2022-08-01 05:30:00,2050901.2175594568
2022-08-01 06:00:00,2050901.2175594568
2022-08-01 06:30:00,2050901.2175594568
2022-08-02 01:00:00,2050901.2175594568
2022-08-02 01:30:00,2050901.2175594568
2022-08-02 02:00:00,2050901.2175594568
2022-08-02 02:30:00,2050901.2175594568
2022-08-02 03:00:00,2050901.2175594568
2022-08-02 05:00:00,2050901.2175594568
2022-08-02 05:30:00,2050901.2175594568
2022-08-02 06:00:00,2059117.5883931997
2022-08-02 06:30:00,2059117.5883931997
2022-08-03 01:00:00,2059117.5883931997
2022-08-03 01:30:00,2059117.5883931997
2022-08-03 02:00:00,2059117.5883931997
2022-08-03 02:30:00,2059117.5883931997
2022-08-03 03:00:00,2059117.5883931997
2022-08-03 05:00:00,2059117.5883931997
2022-08-03 05:30:00,2059117.5883931997
2022-08-03 06:00:00,2059117.5883931997
2022-08-03 06:30:00,2059117.5883931997
2022-08-04 01:00:00,2059117.5883931997
2022-08-04 01:30:00,2059117.5883931997
2022-08-04 02:00:00,2059117.5883931997
2022-08-04 02:30:00,2059117.5883931997
2022-08-04 03:00:00,2059117.5883931997
2022-08-04 05:00:00,2059117.5883931997
2022-08-04 05:30:00,2059117.5883931997
2022-08-04 06:00:00,2059117.5883931997
2022-08-04 06:30:00,2059117.5883931997
2022-08-05 01:00:00,2059117.5883931997
2022-08-05 01:30:00,2059117.5883931997
2022-08-05 02:00:00,2059117.5883931997
2022-08-05 02:30:00,2059117.5883931997
2022-08-05 03:00:00,2059117.5883931997
2022-08-05 05:00:00,2059117.5883931997
2022-08-05 05:30:00,2059117.5883931997
2022-08-05 06:00:00,2059117.5883931997
2022-08-05 06:30:00,2059117.5883931997
2022-08-08 01:00:00,2059117.5883931997
2022-08-08 01:30:00,2059117.5883931997
2022-08-08 02:00:00,2059117.5883931997
2022-08-08 02:30:00,2059117.5883931997
2022-08-08 03:00:00,2059117.5883931997
2022-08-08 05:00:00,2059117.5883931997
2022-08-08 05:30:00,2059117.5883931997
2022-08-08 06:00:00,2059117.5883931997
2022-08-08 06:30:00,2059117.5883931997
2022-08-09 01:00:00,2059117.5883931997
2022-08-09 01:30:00,2059117.5883931997
2022-08-09 02:00:00,2059117.5883931997
2022-08-09 02:30:00,2059117.5883931997
2022-08-09 03:00:00,2059117.5883931997
2022-08-09 05:00:00,2059117.5883931997
2022-08-09 05:30:00,2059117.5883931997
2022-08-09 06:00:00,2059117.5883931997
2022-08-09 06:30:00,2059117.5883931997
2022-08-10 01:00:00,2059117.5883931997
2022-08-10 01:30:00,2059117.5883931997
2022-08-10 02:00:00,2059117.5883931997
2022-08-10 02:30:00,2059117.5883931997
2022-08-10 03:00:00,2059117.5883931997
2022-08-10 05:00:00,2059117.5883931997
2022-08-10 05:30:00,2059117.5883931997
2022-08-10 06:00:00,2059117.5883931997
2022-08-10 06:30:00,2075427.2345399475
2022-08-11 01:00:00,2075427.2345399475
2022-08-11 01:30:00,2075427.2345399475
2022-08-11 02:00:00,2071170.0932754008
2022-08-11 02:30:00,2071170.0932754008
2022-08-11 03:00:00,2071170.0932754008
2022-08-11 05:00:00,2071170.0932754008
2022-08-11 05:30:00,2071170.0932754008
2022-08-11 06:00:00,2071170.0932754008
2022-08-11 06:30:00,2071170.0932754008
2022-08-12 01:00:00,2071170.0932754008
2022-08-12 01:30:00,2071170.0932754008
2022-08-12 02:00:00,2071170.0932754008
2022-08-12 02:30:00,2071170.0932754008
2022-08-12 03:00:00,2071170.0932754008
2022-08-12 05:00:00,2071170.0932754008
2022-08-12 05:30:00,2071170.0932754008
2022-08-12 06:00:00,2071170.0932754008
2022-08-12 06:30:00,2071170.0932754008
2022-08-15 01:00:00,2071170.0932754008
2022-08-15 01:30:00,2071170.0932754008
2022-08-15 02:00:00,2074660.6530564013
2022-08-15 02:30:00,2080712.9171479156
2022-08-15 03:00:00,2080712.9171479156
2022-08-15 05:00:00,2080712.9171479156
2022-08-15 05:30:00,2080712.9171479156
2022-08-15 06:00:00,2080712.9171479156
2022-08-15 06:30:00,2080712.9171479156
2022-08-16 01:00:00,2080712.9171479156
2022-08-16 01:30:00,2080712.9171479156
2022-08-16 02:00:00,2080712.9171479156
2022-08-16 02:30:00,2080712.9171479156
2022-08-16 03:00:00,2080712.9171479156
2022-08-16 05:00:00,2080712.9171479156
2022-08-16 05:30:00,2080712.9171479156
2022-08-16 06:00:00,2080712.9171479156
2022-08-16 06:30:00,2080712.9171479156
2022-08-17 01:00:00,2080712.9171479156
2022-08-17 01:30:00,2080712.9171479156
2022-08-17 02:00:00,2080712.9171479156
2022-08-17 02:30:00,2080712.9171479156
2022-08-17 03:00:00,2072708.9152239265
2022-08-17 05:00:00,2072708.9152239265
2022-08-17 05:30:00,2072708.9152239265
2022-08-17 06:00:00,2072708.9152239265
2022-08-17 06:30:00,2072708.9152239265
2022-08-18 01:00:00,2072708.9152239265
2022-08-18 01:30:00,2072708.9152239265
2022-08-18 02:00:00,2069065.6202622952
2022-08-18 02:30:00,2069065.6202622952
2022-08-18 03:00:00,2069065.6202622952
2022-08-18 05:00:00,2069065.6202622952
2022-08-18 05:30:00,2069065.6202622952
2022-08-18 06:00:00,2069065.6202622952
2022-08-18 06:30:00,2069065.6202622952
2022-08-19 01:00:00,2069065.6202622952
2022-08-19 01:30:00,2069065.6202622952
2022-08-19 02:00:00,2069065.6202622952
2022-08-19 02:30:00,2069065.6202622952
2022-08-19 03:00:00,2069065.6202622952
2022-08-19 05:00:00,2069065.6202622952
2022-08-19 05:30:00,2069065.6202622952
2022-08-19 06:00:00,2069065.6202622952
2022-08-19 06:30:00,2069065.6202622952
2022-08-22 01:00:00,2069065.6202622952
2022-08-22 01:30:00,2069065.6202622952
2022-08-22 02:00:00,2069065.6202622952
2022-08-22 02:30:00,2069065.6202622952
2022-08-22 03:00:00,2069065.6202622952
2022-08-22 05:00:00,2069065.6202622952
2022-08-22 05:30:00,2069065.6202622952
2022-08-22 06:00:00,2069065.6202622952
2022-08-22 06:30:00,2069065.6202622952
2022-08-23 01:00:00,2069065.6202622952
2022-08-23 01:30:00,2069065.6202622952
2022-08-23 02:00:00,2069065.6202622952
2022-08-23 02:30:00,2069065.6202622952
2022-08-23 03:00:00,2069065.6202622952
2022-08-23 05:00:00,2069065.6202622952
2022-08-23 05:30:00,2069065.6202622952
2022-08-23 06:00:00,2069065.6202622952
2022-08-23 06:30:00,2069065.6202622952
2022-08-24 01:00:00,2069065.6202622952
2022-08-24 01:30:00,2069065.6202622952
2022-08-24 02:00:00,2069065.6202622952
2022-08-24 02:30:00,2069065.6202622952
2022-08-24 03:00:00,2069065.6202622952
2022-08-24 05:00:00,2069065.6202622952
2022-08-24 05:30:00,2069065.6202622952
2022-08-24 06:00:00,2069065.6202622952
2022-08-24 06:30:00,2069065.6202622952
2022-08-25 01:00:00,2069065.6202622952
2022-08-25 01:30:00,2069065.6202622952
2022-08-25 02:00:00,2069065.6202622952
2022-08-25 02:30:00,2069065.6202622952
2022-08-25 03:00:00,2069065.6202622952
2022-08-25 05:00:00,2069065.6202622952
2022-08-25 05:30:00,2069065.6202622952
2022-08-25 06:00:00,2069065.6202622952
2022-08-25 06:30:00,2069065.6202622952
2022-08-26 01:00:00,2069065.6202622952
2022-08-26 01:30:00,2092533.9433797167
2022-08-26 02:00:00,2092533.9433797167
2022-08-26 02:30:00,2092533.9433797167
2022-08-26 03:00:00,2092533.9433797167
2022-08-26 05:00:00,2092533.9433797167
2022-08-26 05:30:00,2092533.9433797167
2022-08-26 06:00:00,2092533.9433797167
2022-08-26 06:30:00,2092533.9433797167
2022-08-29 01:00:00,2092533.9433797167
2022-08-29 01:30:00,2092533.9433797167
2022-08-29 02:00:00,2092533.9433797167
2022-08-29 02:30:00,2092533.9433797167
2022-08-29 03:00:00,2092533.9433797167
2022-08-29 05:00:00,2092533.9433797167
2022-08-29 05:30:00,2092533.9433797167
2022-08-29 06:00:00,2092533.9433797167
2022-08-29 06:30:00,2092533.9433797167
2022-08-30 01:00:00,2092533.9433797167
2022-08-30 01:30:00,2092533.9433797167
2022-08-30 02:00:00,2092533.9433797167
2022-08-30 02:30:00,2092533.9433797167
2022-08-30 03:00:00,2092533.9433797167
2022-08-30 05:00:00,2092533.9433797167
2022-08-30 05:30:00,2092533.9433797167
2022-08-30 06:00:00,2092533.9433797167
2022-08-30 06:30:00,2092533.9433797167
2022-08-31 01:00:00,2092533.9433797167
2022-08-31 01:30:00,2092533.9433797167
2022-08-31 02:00:00,2092533.9433797167
2022-08-31 02:30:00,2092533.9433797167
2022-08-31 03:00:00,2092533.9433797167
2022-08-31 05:00:00,2092533.9433797167
2022-08-31 05:30:00,2092533.9433797167
2022-08-31 06:00:00,2089425.7539655857
2022-08-31 06:30:00,2089425.7539655857
2022-09-01 01:00:00,2089425.7539655857
2022-09-01 01:30:00,2089425.7539655857
2022-09-01 02:00:00,2090123.6888119597
2022-09-01 02:30:00,2090123.6888119597
2022-09-01 03:00:00,2089470.1858128596
2022-09-01 05:00:00,2089470.1858128596
2022-09-01 05:30:00,2089470.1858128596
2022-09-01 06:00:00,2089470.1858128596
2022-09-01 06:30:00,2089470.1858128596
2022-09-02 01:00:00,2089470.1858128596
2022-09-02 01:30:00,2089470.1858128596
2022-09-02 02:00:00,2089470.1858128596
2022-09-02 02:30:00,2089470.1858128596
2022-09-02 03:00:00,2089470.1858128596
2022-09-02 05:00:00,2089470.1858128596
2022-09-02 05:30:00,2089470.1858128596
2022-09-02 06:00:00,2089470.1858128596
2022-09-02 06:30:00,2089470.1858128596
2022-09-05 01:00:00,2089470.1858128596
2022-09-05 01:30:00,2089470.1858128596
2022-09-05 02:00:00,2089470.1858128596
2022-09-05 02:30:00,2089470.1858128596
2022-09-05 03:00:00,2089470.1858128596
2022-09-05 05:00:00,2089470.1858128596
2022-09-05 05:30:00,2089470.1858128596
2022-09-05 06:00:00,2089470.1858128596
2022-09-05 06:30:00,2089470.1858128596
2022-09-06 01:00:00,2089470.1858128596
2022-09-06 01:30:00,2089470.1858128596
2022-09-06 02:00:00,2089470.1858128596
2022-09-06 02:30:00,2089470.1858128596
2022-09-06 03:00:00,2089470.1858128596
2022-09-06 05:00:00,2089470.1858128596
2022-09-06 05:30:00,2089470.1858128596
2022-09-06 06:00:00,2089470.1858128596
2022-09-06 06:30:00,2089470.1858128596
2022-09-07 01:00:00,2089470.1858128596
2022-09-07 01:30:00,2089470.1858128596
2022-09-07 02:00:00,2089470.1858128596
2022-09-07 02:30:00,2089470.1858128596
2022-09-07 03:00:00,2089470.1858128596
2022-09-07 05:00:00,2089470.1858128596
2022-09-07 05:30:00,2089470.1858128596
2022-09-07 06:00:00,2089470.1858128596
2022-09-07 06:30:00,2089628.6451233937
2022-09-08 01:00:00,2089628.6451233937
2022-09-08 01:30:00,2089628.6451233937
2022-09-08 02:00:00,2089628.6451233937
2022-09-08 02:30:00,2089628.6451233937
2022-09-08 03:00:00,2089628.6451233937
2022-09-08 05:00:00,2089628.6451233937
2022-09-08 05:30:00,2089628.6451233937
2022-09-08 06:00:00,2087769.234638954
2022-09-08 06:30:00,2087769.234638954
2022-09-09 01:00:00,2087769.234638954
2022-09-09 01:30:00,2087769.234638954
2022-09-09 02:00:00,2087769.234638954
2022-09-09 02:30:00,2087769.234638954
2022-09-09 03:00:00,2087769.234638954
2022-09-09 05:00:00,2087769.234638954
2022-09-09 05:30:00,2086263.9282810874
2022-09-09 06:00:00,2086263.9282810874
2022-09-09 06:30:00,2086263.9282810874
2022-09-13 01:00:00,2086263.9282810874
2022-09-13 01:30:00,2086263.9282810874
2022-09-13 02:00:00,2086263.9282810874
2022-09-13 02:30:00,2086263.9282810874
2022-09-13 03:00:00,2086263.9282810874
2022-09-13 05:00:00,2086263.9282810874
2022-09-13 05:30:00,2086263.9282810874
2022-09-13 06:00:00,2086263.9282810874
2022-09-13 06:30:00,2086263.9282810874
2022-09-14 01:00:00,2086263.9282810874
2022-09-14 01:30:00,2086263.9282810874
2022-09-14 02:00:00,2086263.9282810874
2022-09-14 02:30:00,2086263.9282810874
2022-09-14 03:00:00,2086263.9282810874
2022-09-14 05:00:00,2086263.9282810874
2022-09-14 05:30:00,2086263.9282810874
2022-09-14 06:00:00,2086263.9282810874
2022-09-14 06:30:00,2086263.9282810874
2022-09-15 01:00:00,2086263.9282810874
2022-09-15 01:30:00,2086263.9282810874
2022-09-15 02:00:00,2086263.9282810874
2022-09-15 02:30:00,2086263.9282810874
2022-09-15 03:00:00,2086263.9282810874
2022-09-15 05:00:00,2086263.9282810874
2022-09-15 05:30:00,2086263.9282810874
2022-09-15 06:00:00,2086121.4113739445
2022-09-15 06:30:00,2086121.4113739445
2022-09-16 01:00:00,2086121.4113739445
2022-09-16 01:30:00,2086121.4113739445
2022-09-16 02:00:00,2086121.4113739445
2022-09-16 02:30:00,2086121.4113739445
2022-09-16 03:00:00,2086121.4113739445
2022-09-16 05:00:00,2086121.4113739445
2022-09-16 05:30:00,2086121.4113739445
2022-09-16 06:00:00,2086121.4113739445
2022-09-16 06:30:00,2086121.4113739445
2022-09-19 01:00:00,2086121.4113739445
2022-09-19 01:30:00,2086121.4113739445
2022-09-19 02:00:00,2086121.4113739445
2022-09-19 02:30:00,2086121.4113739445
2022-09-19 03:00:00,2086121.4113739445
2022-09-19 05:00:00,2086121.4113739445
2022-09-19 05:30:00,2086121.4113739445
2022-09-19 06:00:00,2086121.4113739445
2022-09-19 06:30:00,2086121.4113739445
2022-09-20 01:00:00,2086121.4113739445
2022-09-20 01:30:00,2086121.4113739445
2022-09-20 02:00:00,2086121.4113739445
2022-09-20 02:30:00,2086121.4113739445
2022-09-20 03:00:00,2086121.4113739445
2022-09-20 05:00:00,2086121.4113739445
2022-09-20 05:30:00,2086121.4113739445
2022-09-20 06:00:00,2086121.4113739445
2022-09-20 06:30:00,2086121.4113739445
2022-09-21 01:00:00,2086121.4113739445
2022-09-21 01:30:00,2086121.4113739445
2022-09-21 02:00:00,2086121.4113739445
2022-09-21 02:30:00,2086121.4113739445
2022-09-21 03:00:00,2086121.4113739445
2022-09-21 05:00:00,2086121.4113739445
2022-09-21 05:30:00,2086121.4113739445
2022-09-21 06:00:00,2086121.4113739445
2022-09-21 06:30:00,2086121.4113739445
2022-09-22 01:00:00,2086121.4113739445
2022-09-22 01:30:00,2090604.0165621717
2022-09-22 02:00:00,2090604.0165621717
2022-09-22 02:30:00,2090604.0165621717
2022-09-22 03:00:00,2090604.0165621717
2022-09-22 05:00:00,2090604.0165621717
2022-09-22 05:30:00,2090604.0165621717
2022-09-22 06:00:00,2090604.0165621717
2022-09-22 06:30:00,2090604.0165621717
2022-09-23 01:00:00,2090604.0165621717
2022-09-23 01:30:00,2090604.0165621717
2022-09-23 02:00:00,2090604.0165621717
2022-09-23 02:30:00,2090604.0165621717
2022-09-23 03:00:00,2090604.0165621717
2022-09-23 05:00:00,2090604.0165621717
2022-09-23 05:30:00,2090604.0165621717
2022-09-23 06:00:00,2090604.0165621717
2022-09-23 06:30:00,2090604.0165621717
2022-09-26 01:00:00,2090604.0165621717
2022-09-26 01:30:00,2090604.0165621717
2022-09-26 02:00:00,2090604.0165621717
2022-09-26 02:30:00,2090604.0165621717
2022-09-26 03:00:00,2090604.0165621717
2022-09-26 05:00:00,2090604.0165621717
2022-09-26 05:30:00,2090604.0165621717
2022-09-26 06:00:00,2090604.0165621717
2022-09-26 06:30:00,2090604.0165621717
2022-09-27 01:00:00,2090604.0165621717
2022-09-27 01:30:00,2090604.0165621717
2022-09-27 02:00:00,2090604.0165621717
2022-09-27 02:30:00,2090604.0165621717
2022-09-27 03:00:00,2090604.0165621717
2022-09-27 05:00:00,2090604.0165621717
2022-09-27 05:30:00,2090604.0165621717
2022-09-27 06:00:00,2090604.0165621717
2022-09-27 06:30:00,2090604.0165621717
2022-09-28 01:00:00,2090604.0165621717
2022-09-28 01:30:00,2090604.0165621717
2022-09-28 02:00:00,2090604.0165621717
2022-09-28 02:30:00,2090604.0165621717
2022-09-28 03:00:00,2090604.0165621717
2022-09-28 05:00:00,2090604.0165621717
2022-09-28 05:30:00,2090604.0165621717
2022-09-28 06:00:00,2090604.0165621717
2022-09-28 06:30:00,2090604.0165621717
2022-09-29 01:00:00,2090604.0165621717
2022-09-29 01:30:00,2090604.0165621717
2022-09-29 02:00:00,2090604.0165621717
2022-09-29 02:30:00,2090604.0165621717
2022-09-29 03:00:00,2090604.0165621717
2022-09-29 05:00:00,2090604.0165621717
2022-09-29 05:30:00,2090604.0165621717
2022-09-29 06:00:00,2090604.0165621717
2022-09-29 06:30:00,2090604.0165621717
2022-09-30 01:00:00,2090604.0165621717
2022-09-30 01:30:00,2090604.0165621717
2022-09-30 02:00:00,2090604.0165621717
2022-09-30 02:30:00,2090604.0165621717
2022-09-30 03:00:00,2090604.0165621717
2022-09-30 05:00:00,2090604.0165621717
2022-09-30 05:30:00,2090604.0165621717
2022-09-30 06:00:00,2090604.0165621717
2022-09-30 06:30:00,2090604.0165621717
2022-10-10 01:00:00,2090604.0165621717
2022-10-10 01:30:00,2090604.0165621717
2022-10-10 02:00:00,2090604.0165621717
2022-10-10 02:30:00,2090604.0165621717
2022-10-10 03:00:00,2090604.0165621717
2022-10-10 05:00:00,2090604.0165621717
2022-10-10 05:30:00,2090604.0165621717
2022-10-10 06:00:00,2090604.0165621717
2022-10-10 06:30:00,2090604.0165621717
2022-10-11 01:00:00,2090604.0165621717
2022-10-11 01:30:00,2090604.0165621717
2022-10-11 02:00:00,2090604.0165621717
2022-10-11 02:30:00,2090604.0165621717
2022-10-11 03:00:00,2090604.0165621717
2022-10-11 05:00:00,2090604.0165621717
2022-10-11 05:30:00,2090604.0165621717
2022-10-11 06:00:00,2090604.0165621717
2022-10-11 06:30:00,2090604.0165621717
2022-10-12 01:00:00,2090604.0165621717
2022-10-12 01:30:00,2090604.0165621717
2022-10-12 02:00:00,2090604.0165621717
2022-10-12 02:30:00,2090604.0165621717
2022-10-12 03:00:00,2090604.0165621717
2022-10-12 05:00:00,2090604.0165621717
2022-10-12 05:30:00,2090604.0165621717
2022-10-12 06:00:00,2090604.0165621717
2022-10-12 06:30:00,2090604.0165621717
2022-10-13 01:00:00,2090604.0165621717
2022-10-13 01:30:00,2090604.0165621717
2022-10-13 02:00:00,2090604.0165621717
2022-10-13 02:30:00,2090604.0165621717
2022-10-13 03:00:00,2090604.0165621717
2022-10-13 05:00:00,2090604.0165621717
2022-10-13 05:30:00,2090604.0165621717
2022-10-13 06:00:00,2090604.0165621717
2022-10-13 06:30:00,2090604.0165621717
2022-10-14 01:00:00,2090604.0165621717
2022-10-14 01:30:00,2090604.0165621717
2022-10-14 02:00:00,2090604.0165621717
2022-10-14 02:30:00,2090604.0165621717
2022-10-14 03:00:00,2090604.0165621717
2022-10-14 05:00:00,2090604.0165621717
2022-10-14 05:30:00,2090604.0165621717
2022-10-14 06:00:00,2090604.0165621717
2022-10-14 06:30:00,2090604.0165621717
2022-10-17 01:00:00,2090604.0165621717
2022-10-17 01:30:00,2090604.0165621717
2022-10-17 02:00:00,2090604.0165621717
2022-10-17 02:30:00,2090604.0165621717
2022-10-17 03:00:00,2090604.0165621717
2022-10-17 05:00:00,2090604.0165621717
2022-10-17 05:30:00,2090604.0165621717
2022-10-17 06:00:00,2090604.0165621717
2022-10-17 06:30:00,2090604.0165621717
2022-10-18 01:00:00,2090604.0165621717
2022-10-18 01:30:00,2090604.0165621717
2022-10-18 02:00:00,2090604.0165621717
2022-10-18 02:30:00,2090604.0165621717
2022-10-18 03:00:00,2090604.0165621717
2022-10-18 05:00:00,2090604.0165621717
2022-10-18 05:30:00,2090604.0165621717
2022-10-18 06:00:00,2090604.0165621717
2022-10-18 06:30:00,2090604.0165621717
2022-10-19 01:00:00,2090604.0165621717
2022-10-19 01:30:00,2090604.0165621717
2022-10-19 02:00:00,2090604.0165621717
2022-10-19 02:30:00,2090604.0165621717
2022-10-19 03:00:00,2090604.0165621717
2022-10-19 05:00:00,2090604.0165621717
2022-10-19 05:30:00,2090604.0165621717
2022-10-19 06:00:00,2090604.0165621717
2022-10-19 06:30:00,2090604.0165621717
2022-10-20 01:00:00,2090604.0165621717
2022-10-20 01:30:00,2090604.0165621717
2022-10-20 02:00:00,2090604.0165621717
2022-10-20 02:30:00,2090604.0165621717
2022-10-20 03:00:00,2090604.0165621717
2022-10-20 05:00:00,2090604.0165621717
2022-10-20 05:30:00,2090604.0165621717
2022-10-20 06:00:00,2090604.0165621717
2022-10-20 06:30:00,2090604.0165621717
2022-10-21 01:00:00,2090604.0165621717
2022-10-21 01:30:00,2090604.0165621717
2022-10-21 02:00:00,2090604.0165621717
2022-10-21 02:30:00,2090604.0165621717
2022-10-21 03:00:00,2090604.0165621717
2022-10-21 05:00:00,2090604.0165621717
2022-10-21 05:30:00,2090604.0165621717
2022-10-21 06:00:00,2090604.0165621717
2022-10-21 06:30:00,2090604.0165621717
2022-10-24 01:00:00,2090604.0165621717
2022-10-24 01:30:00,2090604.0165621717
2022-10-24 02:00:00,2090604.0165621717
2022-10-24 02:30:00,2090604.0165621717
2022-10-24 03:00:00,2090604.0165621717
2022-10-24 05:00:00,2090604.0165621717
2022-10-24 05:30:00,2075168.8651779902
2022-10-24 06:00:00,2075168.8651779902
2022-10-24 06:30:00,2075168.8651779902
2022-10-25 01:00:00,2075168.8651779902
2022-10-25 01:30:00,2075168.8651779902
2022-10-25 02:00:00,2090268.2367764316
2022-10-25 02:30:00,2090268.2367764316
2022-10-25 03:00:00,2090268.2367764316
2022-10-25 05:00:00,2090268.2367764316
2022-10-25 05:30:00,2090268.2367764316
2022-10-25 06:00:00,2090268.2367764316
2022-10-25 06:30:00,2090268.2367764316
2022-10-25 07:00:00,2090268.2367764316
2022-10-26 01:00:00,2090268.2367764316
2022-10-26 01:30:00,2090268.2367764316
2022-10-26 02:00:00,2090268.2367764316
2022-10-26 02:30:00,2090268.2367764316
2022-10-26 03:00:00,2090268.2367764316
2022-10-26 05:00:00,2090268.2367764316
2022-10-26 05:30:00,2090268.2367764316
2022-10-26 06:00:00,2090268.2367764316
2022-10-26 06:30:00,2090268.2367764316
2022-10-26 07:00:00,2090268.2367764316
2022-10-27 01:00:00,2090268.2367764316
2022-10-27 01:30:00,2090268.2367764316
2022-10-27 02:00:00,2090268.2367764316
2022-10-27 02:30:00,2090268.2367764316
2022-10-27 03:00:00,2090268.2367764316
2022-10-27 05:00:00,2090268.2367764316
2022-10-27 05:30:00,2090268.2367764316
2022-10-27 06:00:00,2090268.2367764316
2022-10-27 06:30:00,2090268.2367764316
2022-10-27 07:00:00,2090268.2367764316
2022-10-28 01:00:00,2090268.2367764316
2022-10-28 01:30:00,2095018.74761284
2022-10-28 02:00:00,2095018.74761284
2022-10-28 02:30:00,2095018.74761284
2022-10-28 03:00:00,2095018.74761284
2022-10-28 05:00:00,2095018.74761284
2022-10-28 05:30:00,2095018.74761284
2022-10-28 06:00:00,2095018.74761284
2022-10-28 06:30:00,2095018.74761284
2022-10-28 07:00:00,2095018.74761284
2022-10-31 01:00:00,2095018.74761284
2022-10-31 01:30:00,2095018.74761284
2022-10-31 02:00:00,2095018.74761284
2022-10-31 02:30:00,2095018.74761284
2022-10-31 03:00:00,2115675.7242732197
2022-10-31 05:00:00,2115675.7242732197
2022-10-31 05:30:00,2115675.7242732197
2022-10-31 06:00:00,2115675.7242732197
2022-10-31 06:30:00,2115675.7242732197
2022-10-31 07:00:00,2115675.7242732197
2022-11-01 01:00:00,2115675.7242732197
2022-11-01 01:30:00,2115675.7242732197
2022-11-01 02:00:00,2115675.7242732197
2022-11-01 02:30:00,2115675.7242732197
2022-11-01 03:00:00,2115675.7242732197
2022-11-01 05:00:00,2115675.7242732197
2022-11-01 05:30:00,2115675.7242732197
2022-11-01 06:00:00,2115675.7242732197
2022-11-01 06:30:00,2115675.7242732197
2022-11-01 07:00:00,2115675.7242732197
2022-11-02 01:00:00,2115675.7242732197
2022-11-02 01:30:00,2115675.7242732197
2022-11-02 02:00:00,2115675.7242732197
2022-11-02 02:30:00,2115675.7242732197
2022-11-02 03:00:00,2115675.7242732197
2022-11-02 05:00:00,2115675.7242732197
2022-11-02 05:30:00,2115675.7242732197
2022-11-02 06:00:00,2115675.7242732197
2022-11-02 06:30:00,2115675.7242732197
2022-11-02 07:00:00,2115675.7242732197
2022-11-03 01:00:00,2115675.7242732197
2022-11-03 01:30:00,2115675.7242732197
2022-11-03 02:00:00,2115675.7242732197
2022-11-03 02:30:00,2115675.7242732197
2022-11-03 03:00:00,2115675.7242732197
2022-11-03 05:00:00,2115675.7242732197
2022-11-03 05:30:00,2115675.7242732197
2022-11-03 06:00:00,2115675.7242732197
2022-11-03 06:30:00,2115675.7242732197
2022-11-03 07:00:00,2115675.7242732197
2022-11-04 01:00:00,2115675.7242732197
2022-11-04 01:30:00,2115675.7242732197
2022-11-04 02:00:00,2115675.7242732197
2022-11-04 02:30:00,2115675.7242732197
2022-11-04 03:00:00,2115675.7242732197
2022-11-04 05:00:00,2115675.7242732197
2022-11-04 05:30:00,2115675.7242732197
2022-11-04 06:00:00,2114182.4522960414
2022-11-04 06:30:00,2114182.4522960414
2022-11-04 07:00:00,2114182.4522960414
2022-11-07 01:00:00,2114182.4522960414
2022-11-07 01:30:00,2114182.4522960414
2022-11-07 02:00:00,2114182.4522960414
2022-11-07 02:30:00,2114182.4522960414
2022-11-07 03:00:00,2114182.4522960414
2022-11-07 05:00:00,2114182.4522960414
2022-11-07 05:30:00,2114182.4522960414
2022-11-07 06:00:00,2114182.4522960414
2022-11-07 06:30:00,2114182.4522960414
2022-11-07 07:00:00,2114182.4522960414
2022-11-08 01:00:00,2114182.4522960414
2022-11-08 01:30:00,2114182.4522960414
2022-11-08 02:00:00,2149768.720773584
2022-11-08 02:30:00,2149768.720773584
2022-11-08 03:00:00,2149768.720773584
2022-11-08 05:00:00,2149768.720773584
2022-11-08 05:30:00,2149768.720773584
2022-11-08 06:00:00,2149768.720773584
2022-11-08 06:30:00,2149768.720773584
2022-11-08 07:00:00,2149768.720773584
2022-11-09 01:00:00,2149768.720773584
2022-11-09 01:30:00,2149768.720773584
2022-11-09 02:00:00,2149768.720773584
2022-11-09 02:30:00,2149768.720773584
2022-11-09 03:00:00,2149768.720773584
2022-11-09 05:00:00,2149768.720773584
2022-11-09 05:30:00,2149768.720773584
2022-11-09 06:00:00,2149768.720773584
2022-11-09 06:30:00,2149768.720773584
2022-11-09 07:00:00,2149768.720773584
2022-11-10 01:00:00,2149768.720773584
2022-11-10 01:30:00,2156088.720773584
2022-11-10 02:00:00,2156088.720773584
2022-11-10 02:30:00,2156088.720773584
2022-11-10 03:00:00,2156088.720773584
2022-11-10 05:00:00,2156088.720773584
2022-11-10 05:30:00,2156088.720773584
2022-11-10 06:00:00,2156088.720773584
2022-11-10 06:30:00,2156088.720773584
2022-11-10 07:00:00,2156088.720773584
2022-11-11 01:00:00,2156088.720773584
2022-11-11 01:30:00,2156088.720773584
2022-11-11 02:00:00,2156088.720773584
2022-11-11 02:30:00,2156088.720773584
2022-11-11 03:00:00,2156088.720773584
2022-11-11 05:00:00,2156088.720773584
2022-11-11 05:30:00,2156088.720773584
2022-11-11 06:00:00,2156088.720773584
2022-11-11 06:30:00,2156088.720773584
2022-11-11 07:00:00,2156088.720773584
2022-11-14 01:00:00,2156088.720773584
2022-11-14 01:30:00,2156088.720773584
2022-11-14 02:00:00,2156088.720773584
2022-11-14 02:30:00,2156088.720773584
2022-11-14 03:00:00,2156088.720773584
2022-11-14 05:00:00,2156088.720773584
2022-11-14 05:30:00,2156088.720773584
2022-11-14 06:00:00,2156088.720773584
2022-11-14 06:30:00,2156088.720773584
2022-11-14 07:00:00,2156088.720773584
2022-11-15 01:00:00,2156088.720773584
2022-11-15 01:30:00,2182874.459662037
2022-11-15 02:00:00,2172307.296516346
2022-11-15 02:30:00,2172307.296516346
2022-11-15 03:00:00,2172307.296516346
2022-11-15 05:00:00,2172307.296516346
2022-11-15 05:30:00,2172307.296516346
2022-11-15 06:00:00,2172307.296516346
2022-11-15 06:30:00,2172307.296516346
2022-11-15 07:00:00,2172307.296516346
2022-11-16 01:00:00,2172307.296516346
2022-11-16 01:30:00,2172307.296516346
2022-11-16 02:00:00,2172307.296516346
2022-11-16 02:30:00,2172307.296516346
2022-11-16 03:00:00,2172307.296516346
2022-11-16 05:00:00,2172307.296516346
2022-11-16 05:30:00,2181650.635373885
2022-11-16 06:00:00,2181650.635373885
2022-11-16 06:30:00,2181650.635373885
2022-11-16 07:00:00,2181650.635373885
2022-11-17 01:00:00,2181650.635373885
2022-11-17 01:30:00,2181650.635373885
2022-11-17 02:00:00,2181650.635373885
2022-11-17 02:30:00,2181650.635373885
2022-11-17 03:00:00,2181650.635373885
2022-11-17 05:00:00,2181650.635373885
2022-11-17 05:30:00,2181650.635373885
2022-11-17 06:00:00,2181650.635373885
2022-11-17 06:30:00,2181650.635373885
2022-11-17 07:00:00,2181650.635373885
2022-11-18 01:00:00,2181650.635373885
2022-11-18 01:30:00,2171325.013537678
2022-11-18 02:00:00,2171325.013537678
2022-11-18 02:30:00,2171325.013537678
2022-11-18 03:00:00,2171325.013537678
2022-11-18 05:00:00,2171325.013537678
2022-11-18 05:30:00,2171325.013537678
2022-11-18 06:00:00,2171325.013537678
2022-11-18 06:30:00,2163927.8159442693
2022-11-18 07:00:00,2163927.8159442693
2022-11-21 01:00:00,2163927.8159442693
2022-11-21 01:30:00,2163927.8159442693
2022-11-21 02:00:00,2163927.8159442693
2022-11-21 02:30:00,2163927.8159442693
2022-11-21 03:00:00,2163927.8159442693
2022-11-21 05:00:00,2163927.8159442693
2022-11-21 05:30:00,2163927.8159442693
2022-11-21 06:00:00,2163927.8159442693
2022-11-21 06:30:00,2156725.042621091
2022-11-21 07:00:00,2156725.042621091
2022-11-22 01:00:00,2156725.042621091
2022-11-22 01:30:00,2156725.042621091
2022-11-22 02:00:00,2156725.042621091
2022-11-22 02:30:00,2156725.042621091
2022-11-22 03:00:00,2156725.042621091
2022-11-22 05:00:00,2156725.042621091
2022-11-22 05:30:00,2156725.042621091
2022-11-22 06:00:00,2156725.042621091
2022-11-22 06:30:00,2156725.042621091
2022-11-22 07:00:00,2156725.042621091
2022-11-23 01:00:00,2156725.042621091
2022-11-23 01:30:00,2156725.042621091
2022-11-23 02:00:00,2156725.042621091
2022-11-23 02:30:00,2156725.042621091
2022-11-23 03:00:00,2156725.042621091
2022-11-23 05:00:00,2156725.042621091
2022-11-23 05:30:00,2156725.042621091
2022-11-23 06:00:00,2156725.042621091
2022-11-23 06:30:00,2156725.042621091
2022-11-23 07:00:00,2156725.042621091
2022-11-24 01:00:00,2156725.042621091
2022-11-24 01:30:00,2156725.042621091
2022-11-24 02:00:00,2156725.042621091
2022-11-24 02:30:00,2156725.042621091
2022-11-24 03:00:00,2151382.20533299
2022-11-24 05:00:00,2151382.20533299
2022-11-24 05:30:00,2151382.20533299
2022-11-24 06:00:00,2151382.20533299
2022-11-24 06:30:00,2151382.20533299
2022-11-24 07:00:00,2151382.20533299
2022-11-25 01:00:00,2151382.20533299
2022-11-25 01:30:00,2151382.20533299
2022-11-25 02:00:00,2151382.20533299
2022-11-25 02:30:00,2151382.20533299
2022-11-25 03:00:00,2151382.20533299
2022-11-25 05:00:00,2151382.20533299
2022-11-25 05:30:00,2151382.20533299
2022-11-25 06:00:00,2151382.20533299
2022-11-25 06:30:00,2151382.20533299
2022-11-25 07:00:00,2151382.20533299
2022-11-28 01:00:00,2151382.20533299
2022-11-28 01:30:00,2151382.20533299
2022-11-28 02:00:00,2151382.20533299
2022-11-28 02:30:00,2151382.20533299
2022-11-28 03:00:00,2151382.20533299
2022-11-28 05:00:00,2151382.20533299
2022-11-28 05:30:00,2151382.20533299
2022-11-28 06:00:00,2151382.20533299
2022-11-28 06:30:00,2144906.868587268
2022-11-28 07:00:00,2144906.868587268
2022-11-29 01:00:00,2144906.868587268
2022-11-29 01:30:00,2144906.868587268
2022-11-29 02:00:00,2144906.868587268
2022-11-29 02:30:00,2144906.868587268
2022-11-29 03:00:00,2144906.868587268
2022-11-29 05:00:00,2144906.868587268
2022-11-29 05:30:00,2144906.868587268
2022-11-29 06:00:00,2144906.868587268
2022-11-29 06:30:00,2144906.868587268
2022-11-29 07:00:00,2144906.868587268
2022-11-30 01:00:00,2142012.0041793943
2022-11-30 01:30:00,2142012.0041793943
2022-11-30 02:00:00,2142012.0041793943
2022-11-30 02:30:00,2142012.0041793943
2022-11-30 03:00:00,2142012.0041793943
2022-11-30 05:00:00,2142012.0041793943
2022-11-30 05:30:00,2142012.0041793943
2022-11-30 06:00:00,2142012.0041793943
2022-11-30 06:30:00,2142012.0041793943
2022-11-30 07:00:00,2142012.0041793943
2022-12-01 01:00:00,2142012.0041793943
2022-12-01 01:30:00,2142012.0041793943
2022-12-01 02:00:00,2142012.0041793943
2022-12-01 02:30:00,2142012.0041793943
2022-12-01 03:00:00,2142012.0041793943
2022-12-01 05:00:00,2142012.0041793943
2022-12-01 05:30:00,2142012.0041793943
2022-12-01 06:00:00,2142012.0041793943
2022-12-01 06:30:00,2142012.0041793943
2022-12-01 07:00:00,2142012.0041793943
2022-12-02 01:00:00,2142012.0041793943
2022-12-02 01:30:00,2165241.2368741455
2022-12-02 02:00:00,2165241.2368741455
2022-12-02 02:30:00,2165241.2368741455
2022-12-02 03:00:00,2165241.2368741455
2022-12-02 05:00:00,2165241.2368741455
2022-12-02 05:30:00,2165241.2368741455
2022-12-02 06:00:00,2165241.2368741455
2022-12-02 06:30:00,2165241.2368741455
2022-12-02 07:00:00,2165241.2368741455
2022-12-05 01:00:00,2165241.2368741455
2022-12-05 01:30:00,2171401.2368741455
2022-12-05 02:00:00,2171401.2368741455
2022-12-05 02:30:00,2171401.2368741455
2022-12-05 03:00:00,2171401.2368741455
2022-12-05 05:00:00,2171401.2368741455
2022-12-05 05:30:00,2171401.2368741455
2022-12-05 06:00:00,2171401.2368741455
2022-12-05 06:30:00,2171401.2368741455
2022-12-05 07:00:00,2171401.2368741455
2022-12-06 01:00:00,2171401.2368741455
2022-12-06 01:30:00,2171401.2368741455
2022-12-06 02:00:00,2171401.2368741455
2022-12-06 02:30:00,2171401.2368741455
2022-12-06 03:00:00,2171401.2368741455
2022-12-06 05:00:00,2171401.2368741455
2022-12-06 05:30:00,2171401.2368741455
2022-12-06 06:00:00,2171401.2368741455
2022-12-06 06:30:00,2171401.2368741455
2022-12-06 07:00:00,2171401.2368741455
2022-12-07 01:00:00,2171401.2368741455
2022-12-07 01:30:00,2171401.2368741455
2022-12-07 02:00:00,2171401.2368741455
2022-12-07 02:30:00,2171401.2368741455
2022-12-07 03:00:00,2171401.2368741455
2022-12-07 05:00:00,2171401.2368741455
2022-12-07 05:30:00,2171401.2368741455
2022-12-07 06:00:00,2171401.2368741455
2022-12-07 06:30:00,2171401.2368741455
2022-12-07 07:00:00,2171401.2368741455
2022-12-08 01:00:00,2171401.2368741455
2022-12-08 01:30:00,2171401.2368741455
2022-12-08 02:00:00,2171401.2368741455
2022-12-08 02:30:00,2171401.2368741455
2022-12-08 03:00:00,2171401.2368741455
2022-12-08 05:00:00,2171401.2368741455
2022-12-08 05:30:00,2171401.2368741455
2022-12-08 06:00:00,2171401.2368741455
2022-12-08 06:30:00,2171401.2368741455
2022-12-08 07:00:00,2171401.2368741455
2022-12-09 01:00:00,2171401.2368741455
2022-12-09 01:30:00,2171401.2368741455
2022-12-09 02:00:00,2171401.2368741455
2022-12-09 02:30:00,2171401.2368741455
2022-12-09 03:00:00,2171401.2368741455
2022-12-09 05:00:00,2171401.2368741455
2022-12-09 05:30:00,2171401.2368741455
2022-12-09 06:00:00,2171401.2368741455
2022-12-09 06:30:00,2171401.2368741455
2022-12-09 07:00:00,2171401.2368741455
2022-12-12 01:00:00,2171401.2368741455
2022-12-12 01:30:00,2171401.2368741455
2022-12-12 02:00:00,2171401.2368741455
2022-12-12 02:30:00,2171401.2368741455
2022-12-12 03:00:00,2171401.2368741455
2022-12-12 05:00:00,2171401.2368741455
2022-12-12 05:30:00,2171401.2368741455
2022-12-12 06:00:00,2163181.21830425
2022-12-12 06:30:00,2163181.21830425
2022-12-12 07:00:00,2163181.21830425
2022-12-13 01:00:00,2163181.21830425
2022-12-13 01:30:00,2163181.21830425
2022-12-13 02:00:00,2163181.21830425
2022-12-13 02:30:00,2163181.21830425
2022-12-13 03:00:00,2163181.21830425
2022-12-13 05:00:00,2163181.21830425
2022-12-13 05:30:00,2163181.21830425
2022-12-13 06:00:00,2163181.21830425
2022-12-13 06:30:00,2163181.21830425
2022-12-13 07:00:00,2163181.21830425
2022-12-14 01:00:00,2163181.21830425
2022-12-14 01:30:00,2163181.21830425
2022-12-14 02:00:00,2163181.21830425
2022-12-14 02:30:00,2163181.21830425
2022-12-14 03:00:00,2163181.21830425
2022-12-14 05:00:00,2163181.21830425
2022-12-14 05:30:00,2163181.21830425
2022-12-14 06:00:00,2163181.21830425
2022-12-14 06:30:00,2163181.21830425
2022-12-14 07:00:00,2163181.21830425
2022-12-15 01:00:00,2163181.21830425
2022-12-15 01:30:00,2163181.21830425
2022-12-15 02:00:00,2163181.21830425
2022-12-15 02:30:00,2163181.21830425
2022-12-15 03:00:00,2163181.21830425
2022-12-15 05:00:00,2163181.21830425
2022-12-15 05:30:00,2163181.21830425
2022-12-15 06:00:00,2163181.21830425
2022-12-15 06:30:00,2163181.21830425
2022-12-15 07:00:00,2163181.21830425
2022-12-16 01:00:00,2163181.21830425
2022-12-16 01:30:00,2163181.21830425
2022-12-16 02:00:00,2163181.21830425
2022-12-16 02:30:00,2163181.21830425
2022-12-16 03:00:00,2163181.21830425
2022-12-16 05:00:00,2163181.21830425
2022-12-16 05:30:00,2163181.21830425
2022-12-16 06:00:00,2163181.21830425
2022-12-16 06:30:00,2163181.21830425
2022-12-16 07:00:00,2163181.21830425
2022-12-19 01:00:00,2163181.21830425
2022-12-19 01:30:00,2163181.21830425
2022-12-19 02:00:00,2163181.21830425
2022-12-19 02:30:00,2163181.21830425
2022-12-19 03:00:00,2163181.21830425
2022-12-19 05:00:00,2163181.21830425
2022-12-19 05:30:00,2163181.21830425
2022-12-19 06:00:00,2163181.21830425
2022-12-19 06:30:00,2163181.21830425
2022-12-19 07:00:00,2163181.21830425
2022-12-20 01:00:00,2163181.21830425
2022-12-20 01:30:00,2163181.21830425
2022-12-20 02:00:00,2163181.21830425
2022-12-20 02:30:00,2163181.21830425
2022-12-20 03:00:00,2163181.21830425
2022-12-20 05:00:00,2163181.21830425
2022-12-20 05:30:00,2163181.21830425
2022-12-20 06:00:00,2163181.21830425
2022-12-20 06:30:00,2163181.21830425
2022-12-20 07:00:00,2163181.21830425
2022-12-21 01:00:00,2163181.21830425
2022-12-21 01:30:00,2163181.21830425
2022-12-21 02:00:00,2163181.21830425
2022-12-21 02:30:00,2190439.749976108
2022-12-21 03:00:00,2190439.749976108
2022-12-21 05:00:00,2190439.749976108
2022-12-21 05:30:00,2190439.749976108
2022-12-21 06:00:00,2190439.749976108
2022-12-21 06:30:00,2190439.749976108
2022-12-21 07:00:00,2190439.749976108
2022-12-22 01:00:00,2190439.749976108
2022-12-22 01:30:00,2190439.749976108
2022-12-22 02:00:00,2190439.749976108
2022-12-22 02:30:00,2190439.749976108
2022-12-22 03:00:00,2190439.749976108
2022-12-22 05:00:00,2190439.749976108
2022-12-22 05:30:00,2190439.749976108
2022-12-22 06:00:00,2190439.749976108
2022-12-22 06:30:00,2190439.749976108
2022-12-22 07:00:00,2190439.749976108
2022-12-23 01:00:00,2190439.749976108
2022-12-23 01:30:00,2190439.749976108
2022-12-23 02:00:00,2190439.749976108
2022-12-23 02:30:00,2190439.749976108
2022-12-23 03:00:00,2190439.749976108
2022-12-23 05:00:00,2190439.749976108
2022-12-23 05:30:00,2190439.749976108
2022-12-23 06:00:00,2190439.749976108
2022-12-23 06:30:00,2190439.749976108
2022-12-23 07:00:00,2190439.749976108
2022-12-26 01:00:00,2190439.749976108
2022-12-26 01:30:00,2190439.749976108
2022-12-26 02:00:00,2190439.749976108
2022-12-26 02:30:00,2190439.749976108
2022-12-26 03:00:00,2190439.749976108
2022-12-26 05:00:00,2190439.749976108
2022-12-26 05:30:00,2190439.749976108
2022-12-26 06:00:00,2190439.749976108
2022-12-26 06:30:00,2190439.749976108
2022-12-26 07:00:00,2190439.749976108
2022-12-27 01:00:00,2190439.749976108
2022-12-27 01:30:00,2190439.749976108
2022-12-27 02:00:00,2190439.749976108
2022-12-27 02:30:00,2190439.749976108
2022-12-27 03:00:00,2190439.749976108
2022-12-27 05:00:00,2190439.749976108
2022-12-27 05:30:00,2190439.749976108
2022-12-27 06:00:00,2190439.749976108
2022-12-27 06:30:00,2190439.749976108
2022-12-27 07:00:00,2190439.749976108
2022-12-28 01:00:00,2190439.749976108
2022-12-28 01:30:00,2190439.749976108
2022-12-28 02:00:00,2190439.749976108
2022-12-28 02:30:00,2190439.749976108
2022-12-28 03:00:00,2190439.749976108
2022-12-28 05:00:00,2190439.749976108
2022-12-28 05:30:00,2190439.749976108
2022-12-28 06:00:00,2190439.749976108
2022-12-28 06:30:00,2190439.749976108
2022-12-28 07:00:00,2190439.749976108
2022-12-29 01:00:00,2190439.749976108
2022-12-29 01:30:00,2190439.749976108
2022-12-29 02:00:00,2190439.749976108
2022-12-29 02:30:00,2190439.749976108
2022-12-29 03:00:00,2177655.8500564406
2022-12-29 05:00:00,2177655.8500564406
2022-12-29 05:30:00,2177655.8500564406
2022-12-29 06:00:00,2177655.8500564406
2022-12-29 06:30:00,2177655.8500564406
2022-12-29 07:00:00,2177655.8500564406
2022-12-30 01:00:00,2177655.8500564406
2022-12-30 01:30:00,2177655.8500564406
2022-12-30 02:00:00,2177655.8500564406
2022-12-30 02:30:00,2177655.8500564406
2022-12-30 03:00:00,2177655.8500564406
2022-12-30 05:00:00,2177655.8500564406
2022-12-30 05:30:00,2177655.8500564406
2022-12-30 06:00:00,2177655.8500564406
2022-12-30 06:30:00,2177655.8500564406
2022-12-30 07:00:00,2177655.8500564406
2023-01-03 01:00:00,2177655.8500564406
2023-01-03 01:30:00,2177655.8500564406
2023-01-03 02:00:00,2177655.8500564406
2023-01-03 02:30:00,2177655.8500564406
2023-01-03 03:00:00,2177655.8500564406
2023-01-03 05:00:00,2172039.8912192043
2023-01-03 05:30:00,2172039.8912192043
2023-01-03 06:00:00,2172039.8912192043
2023-01-03 06:30:00,2172039.8912192043
2023-01-03 07:00:00,2172039.8912192043
2023-01-04 01:00:00,2172039.8912192043
2023-01-04 01:30:00,2172039.8912192043
2023-01-04 02:00:00,2172039.8912192043
2023-01-04 02:30:00,2172039.8912192043
2023-01-04 03:00:00,2172039.8912192043
2023-01-04 05:00:00,2172039.8912192043
2023-01-04 05:30:00,2172039.8912192043
2023-01-04 06:00:00,2172039.8912192043
2023-01-04 06:30:00,2172039.8912192043
2023-01-04 07:00:00,2172039.8912192043
2023-01-05 01:00:00,2172039.8912192043
2023-01-05 01:30:00,2172039.8912192043
2023-01-05 02:00:00,2172039.8912192043
2023-01-05 02:30:00,2172039.8912192043
2023-01-05 03:00:00,2172039.8912192043
2023-01-05 05:00:00,2172039.8912192043
2023-01-05 05:30:00,2172039.8912192043
2023-01-05 06:00:00,2172039.8912192043
2023-01-05 06:30:00,2172039.8912192043
2023-01-05 07:00:00,2172039.8912192043
2023-01-06 01:00:00,2172039.8912192043
2023-01-06 01:30:00,2172039.8912192043
2023-01-06 02:00:00,2172039.8912192043
2023-01-06 02:30:00,2172039.8912192043
2023-01-06 03:00:00,2172039.8912192043
2023-01-06 05:00:00,2172039.8912192043
2023-01-06 05:30:00,2172039.8912192043
2023-01-06 06:00:00,2172039.8912192043
2023-01-06 06:30:00,2172039.8912192043
2023-01-06 07:00:00,2172039.8912192043
2023-01-09 01:00:00,2172039.8912192043
2023-01-09 01:30:00,2172039.8912192043
2023-01-09 02:00:00,2172039.8912192043
2023-01-09 02:30:00,2172039.8912192043
2023-01-09 03:00:00,2172039.8912192043
2023-01-09 05:00:00,2172039.8912192043
2023-01-09 05:30:00,2172039.8912192043
2023-01-09 06:00:00,2172039.8912192043
2023-01-09 06:30:00,2172039.8912192043
2023-01-09 07:00:00,2172039.8912192043
2023-01-10 01:00:00,2172039.8912192043
2023-01-10 01:30:00,2172039.8912192043
2023-01-10 02:00:00,2172039.8912192043
2023-01-10 02:30:00,2172039.8912192043
2023-01-10 03:00:00,2172039.8912192043
2023-01-10 05:00:00,2172039.8912192043
2023-01-10 05:30:00,2172039.8912192043
2023-01-10 06:00:00,2172039.8912192043
2023-01-10 06:30:00,2172039.8912192043
2023-01-10 07:00:00,2172039.8912192043
2023-01-11 01:00:00,2172039.8912192043
2023-01-11 01:30:00,2172039.8912192043
2023-01-11 02:00:00,2172039.8912192043
2023-01-11 02:30:00,2172039.8912192043
2023-01-11 03:00:00,2172039.8912192043
2023-01-11 05:00:00,2172039.8912192043
2023-01-11 05:30:00,2172039.8912192043
2023-01-11 06:00:00,2172039.8912192043
2023-01-11 06:30:00,2172039.8912192043
2023-01-11 07:00:00,2172039.8912192043
2023-01-12 01:00:00,2172039.8912192043
2023-01-12 01:30:00,2172039.8912192043
2023-01-12 02:00:00,2172039.8912192043
2023-01-12 02:30:00,2172039.8912192043
2023-01-12 03:00:00,2172039.8912192043
2023-01-12 05:00:00,2172039.8912192043
2023-01-12 05:30:00,2172039.8912192043
2023-01-12 06:00:00,2172039.8912192043
2023-01-12 06:30:00,2172039.8912192043
2023-01-12 07:00:00,2172039.8912192043
2023-01-13 01:00:00,2172039.8912192043
2023-01-13 01:30:00,2172039.8912192043
2023-01-13 02:00:00,2172039.8912192043
2023-01-13 02:30:00,2172039.8912192043
2023-01-13 03:00:00,2172039.8912192043
2023-01-13 05:00:00,2172039.8912192043
2023-01-13 05:30:00,2172039.8912192043
2023-01-13 06:00:00,2172039.8912192043
2023-01-13 06:30:00,2172039.8912192043
2023-01-13 07:00:00,2172039.8912192043
2023-01-16 01:00:00,2172039.8912192043
2023-01-16 01:30:00,2172039.8912192043
2023-01-16 02:00:00,2172039.8912192043
2023-01-16 02:30:00,2172039.8912192043
2023-01-16 03:00:00,2172039.8912192043
2023-01-16 05:00:00,2172039.8912192043
2023-01-16 05:30:00,2172039.8912192043
2023-01-16 06:00:00,2172039.8912192043
2023-01-16 06:30:00,2176170.974752541
2023-01-16 07:00:00,2176170.974752541
2023-01-17 01:00:00,2176170.974752541
2023-01-17 01:30:00,2176170.974752541
2023-01-17 02:00:00,2176170.974752541
2023-01-17 02:30:00,2176170.974752541
2023-01-17 03:00:00,2176170.974752541
2023-01-17 05:00:00,2176170.974752541
2023-01-17 05:30:00,2176170.974752541
2023-01-17 06:00:00,2176170.974752541
2023-01-17 06:30:00,2176170.974752541
2023-01-17 07:00:00,2176170.974752541
2023-01-18 01:00:00,2176170.974752541
2023-01-18 01:30:00,2176170.974752541
2023-01-18 02:00:00,2176170.974752541
2023-01-18 02:30:00,2176170.974752541
2023-01-18 03:00:00,2176170.974752541
2023-01-18 05:00:00,2176170.974752541
2023-01-18 05:30:00,2176170.974752541
2023-01-18 06:00:00,2176170.974752541
2023-01-18 06:30:00,2176170.974752541
2023-01-18 07:00:00,2176170.974752541
2023-01-19 01:00:00,2176170.974752541
2023-01-19 01:30:00,2176170.974752541
2023-01-19 02:00:00,2176170.974752541
2023-01-19 02:30:00,2176170.974752541
2023-01-19 03:00:00,2176170.974752541
2023-01-19 05:00:00,2176170.974752541
2023-01-19 05:30:00,2176170.974752541
2023-01-19 06:00:00,2176170.974752541
2023-01-19 06:30:00,2176170.974752541
2023-01-19 07:00:00,2176170.974752541
2023-01-20 01:00:00,2176170.974752541
2023-01-20 01:30:00,2176170.974752541
2023-01-20 02:00:00,2176170.974752541
2023-01-20 02:30:00,2176170.974752541
2023-01-20 03:00:00,2176170.974752541
2023-01-20 05:00:00,2176170.974752541
2023-01-20 05:30:00,2176170.974752541
2023-01-20 06:00:00,2176170.974752541
2023-01-20 06:30:00,2176170.974752541
2023-01-20 07:00:00,2176170.974752541
2023-01-30 01:00:00,2176170.974752541
2023-01-30 01:30:00,2164890.974752541
2023-01-30 02:00:00,2164890.974752541
2023-01-30 02:30:00,2164890.974752541
2023-01-30 03:00:00,2164890.974752541
2023-01-30 05:00:00,2164890.974752541
2023-01-30 05:30:00,2164890.974752541
2023-01-30 06:00:00,2164890.974752541
2023-01-30 06:30:00,2164890.974752541
2023-01-30 07:00:00,2164890.974752541
2023-01-31 01:00:00,2164890.974752541
2023-01-31 01:30:00,2164890.974752541
2023-01-31 02:00:00,2164890.974752541
2023-01-31 02:30:00,2164890.974752541
2023-01-31 03:00:00,2164890.974752541
2023-01-31 05:00:00,2164890.974752541
2023-01-31 05:30:00,2164890.974752541
2023-01-31 06:00:00,2164890.974752541
2023-01-31 06:30:00,2164890.974752541
2023-01-31 07:00:00,2164890.974752541
2023-02-01 01:00:00,2164890.974752541
2023-02-01 01:30:00,2164890.974752541
2023-02-01 02:00:00,2164890.974752541
2023-02-01 02:30:00,2164890.974752541
2023-02-01 03:00:00,2164890.974752541
2023-02-01 05:00:00,2164890.974752541
2023-02-01 05:30:00,2164890.974752541
2023-02-01 06:00:00,2164890.974752541
2023-02-01 06:30:00,2164890.974752541
2023-02-01 07:00:00,2164890.974752541
2023-02-02 01:00:00,2164890.974752541
2023-02-02 01:30:00,2164890.974752541
2023-02-02 02:00:00,2164890.974752541
2023-02-02 02:30:00,2164890.974752541
2023-02-02 03:00:00,2164890.974752541
2023-02-02 05:00:00,2164890.974752541
2023-02-02 05:30:00,2164890.974752541
2023-02-02 06:00:00,2164890.974752541
2023-02-02 06:30:00,2164890.974752541
2023-02-02 07:00:00,2164890.974752541
2023-02-03 01:00:00,2164890.974752541
2023-02-03 01:30:00,2164890.974752541
2023-02-03 02:00:00,2164890.974752541
2023-02-03 02:30:00,2164890.974752541
2023-02-03 03:00:00,2164890.974752541
2023-02-03 05:00:00,2164890.974752541
2023-02-03 05:30:00,2164890.974752541
2023-02-03 06:00:00,2164890.974752541
2023-02-03 06:30:00,2164890.974752541
2023-02-03 07:00:00,2164890.974752541
2023-02-06 01:00:00,2164890.974752541
2023-02-06 01:30:00,2164890.974752541
2023-02-06 02:00:00,2164890.974752541
2023-02-06 02:30:00,2164890.974752541
2023-02-06 03:00:00,2164890.974752541
2023-02-06 05:00:00,2164890.974752541
2023-02-06 05:30:00,2164890.974752541
2023-02-06 06:00:00,2164890.974752541
2023-02-06 06:30:00,2164890.974752541
2023-02-06 07:00:00,2164890.974752541
2023-02-07 01:00:00,2164890.974752541
2023-02-07 01:30:00,2164890.974752541
2023-02-07 02:00:00,2164890.974752541
2023-02-07 02:30:00,2164890.974752541
2023-02-07 03:00:00,2164890.974752541
2023-02-07 05:00:00,2164890.974752541
2023-02-07 05:30:00,2164890.974752541
2023-02-07 06:00:00,2164890.974752541
2023-02-07 06:30:00,2164890.974752541
2023-02-07 07:00:00,2164890.974752541
2023-02-08 01:00:00,2164890.974752541
2023-02-08 01:30:00,2156209.8403167287
2023-02-08 02:00:00,2156209.8403167287
2023-02-08 02:30:00,2156209.8403167287
2023-02-08 03:00:00,2156209.8403167287
2023-02-08 05:00:00,2156209.8403167287
2023-02-08 05:30:00,2156209.8403167287
2023-02-08 06:00:00,2156209.8403167287
2023-02-08 06:30:00,2156209.8403167287
2023-02-08 07:00:00,2156209.8403167287
2023-02-09 01:00:00,2156209.8403167287
2023-02-09 01:30:00,2156209.8403167287
2023-02-09 02:00:00,2156209.8403167287
2023-02-09 02:30:00,2156209.8403167287
2023-02-09 03:00:00,2156209.8403167287
2023-02-09 05:00:00,2156209.8403167287
2023-02-09 05:30:00,2156209.8403167287
2023-02-09 06:00:00,2156209.8403167287
2023-02-09 06:30:00,2156209.8403167287
2023-02-09 07:00:00,2156209.8403167287
2023-02-10 01:00:00,2156209.8403167287
2023-02-10 01:30:00,2156209.8403167287
2023-02-10 02:00:00,2156209.8403167287
2023-02-10 02:30:00,2156209.8403167287
2023-02-10 03:00:00,2156209.8403167287
2023-02-10 05:00:00,2176167.902084937
2023-02-10 05:30:00,2174574.806726077
2023-02-10 06:00:00,2174574.806726077
2023-02-10 06:30:00,2174574.806726077
2023-02-10 07:00:00,2174574.806726077
2023-02-13 01:00:00,2174574.806726077
2023-02-13 01:30:00,2174574.806726077
2023-02-13 02:00:00,2174574.806726077
2023-02-13 02:30:00,2174574.806726077
2023-02-13 03:00:00,2174574.806726077
2023-02-13 05:00:00,2174574.806726077
2023-02-13 05:30:00,2174574.806726077
2023-02-13 06:00:00,2174574.806726077
2023-02-13 06:30:00,2174574.806726077
2023-02-13 07:00:00,2174574.806726077
2023-02-14 01:00:00,2174574.806726077
2023-02-14 01:30:00,2174574.806726077
2023-02-14 02:00:00,2174574.806726077
2023-02-14 02:30:00,2174574.806726077
2023-02-14 03:00:00,2174574.806726077
2023-02-14 05:00:00,2174574.806726077
2023-02-14 05:30:00,2174574.806726077
2023-02-14 06:00:00,2174574.806726077
2023-02-14 06:30:00,2174574.806726077
2023-02-14 07:00:00,2174574.806726077
2023-02-15 01:00:00,2174574.806726077
2023-02-15 01:30:00,2174574.806726077
2023-02-15 02:00:00,2177234.0554450788
2023-02-15 02:30:00,2178077.047341912
2023-02-15 03:00:00,2178077.047341912
2023-02-15 05:00:00,2178077.047341912
2023-02-15 05:30:00,2178077.047341912
2023-02-15 06:00:00,2178077.047341912
2023-02-15 06:30:00,2178077.047341912
2023-02-15 07:00:00,2178077.047341912
2023-02-16 01:00:00,2178077.047341912
2023-02-16 01:30:00,2178077.047341912
2023-02-16 02:00:00,2178077.047341912
2023-02-16 02:30:00,2178077.047341912
2023-02-16 03:00:00,2178077.047341912
2023-02-16 05:00:00,2178077.047341912
2023-02-16 05:30:00,2178077.047341912
2023-02-16 06:00:00,2177458.3144658147
2023-02-16 06:30:00,2177458.3144658147
2023-02-16 07:00:00,2177458.3144658147
2023-02-17 01:00:00,2177458.3144658147
2023-02-17 01:30:00,2177458.3144658147
2023-02-17 02:00:00,2177458.3144658147
2023-02-17 02:30:00,2177458.3144658147
2023-02-17 03:00:00,2177458.3144658147
2023-02-17 05:00:00,2177458.3144658147
2023-02-17 05:30:00,2177458.3144658147
2023-02-17 06:00:00,2177458.3144658147
2023-02-17 06:30:00,2177458.3144658147
2023-02-17 07:00:00,2177458.3144658147
2023-02-20 01:00:00,2177458.3144658147
2023-02-20 01:30:00,2177458.3144658147
2023-02-20 02:00:00,2177458.3144658147
2023-02-20 02:30:00,2189061.1303696684
2023-02-20 03:00:00,2192505.3859355887
2023-02-20 05:00:00,2192505.3859355887
2023-02-20 05:30:00,2192505.3859355887
2023-02-20 06:00:00,2192505.3859355887
2023-02-20 06:30:00,2192505.3859355887
2023-02-20 07:00:00,2192505.3859355887
2023-02-21 01:00:00,2192505.3859355887
2023-02-21 01:30:00,2192505.3859355887
2023-02-21 02:00:00,2192505.3859355887
2023-02-21 02:30:00,2192505.3859355887
2023-02-21 03:00:00,2192505.3859355887
2023-02-21 05:00:00,2183702.4572294825
2023-02-21 05:30:00,2183702.4572294825
2023-02-21 06:00:00,2183702.4572294825
2023-02-21 06:30:00,2183702.4572294825
2023-02-21 07:00:00,2183702.4572294825
2023-02-22 01:00:00,2183702.4572294825
2023-02-22 01:30:00,2183702.4572294825
2023-02-22 02:00:00,2182300.993749823
2023-02-22 02:30:00,2182300.993749823
2023-02-22 03:00:00,2182300.993749823
2023-02-22 05:00:00,2182300.993749823
2023-02-22 05:30:00,2182300.993749823
2023-02-22 06:00:00,2182300.993749823
2023-02-22 06:30:00,2182300.993749823
2023-02-22 07:00:00,2182300.993749823
2023-02-23 01:00:00,2182300.993749823
2023-02-23 01:30:00,2182300.993749823
2023-02-23 02:00:00,2182300.993749823
2023-02-23 02:30:00,2182300.993749823
2023-02-23 03:00:00,2182300.993749823
2023-02-23 05:00:00,2182300.993749823
2023-02-23 05:30:00,2182300.993749823
2023-02-23 06:00:00,2182300.993749823
2023-02-23 06:30:00,2182300.993749823
2023-02-23 07:00:00,2182300.993749823
2023-02-24 01:00:00,2182300.993749823
2023-02-24 01:30:00,2182300.993749823
2023-02-24 02:00:00,2182300.993749823
2023-02-24 02:30:00,2182300.993749823
2023-02-24 03:00:00,2182300.993749823
2023-02-24 05:00:00,2182300.993749823
2023-02-24 05:30:00,2182300.993749823
2023-02-24 06:00:00,2182300.993749823
2023-02-24 06:30:00,2182300.993749823
2023-02-24 07:00:00,2182300.993749823
2023-02-27 01:00:00,2182300.993749823
2023-02-27 01:30:00,2182300.993749823
2023-02-27 02:00:00,2182300.993749823
2023-02-27 02:30:00,2182300.993749823
2023-02-27 03:00:00,2182300.993749823
2023-02-27 05:00:00,2182300.993749823
2023-02-27 05:30:00,2182300.993749823
2023-02-27 06:00:00,2182300.993749823
2023-02-27 06:30:00,2182300.993749823
2023-02-27 07:00:00,2182300.993749823
2023-02-28 01:00:00,2182300.993749823
2023-02-28 01:30:00,2182300.993749823
2023-02-28 02:00:00,2182300.993749823
2023-02-28 02:30:00,2182300.993749823
2023-02-28 03:00:00,2182300.993749823
2023-02-28 05:00:00,2182300.993749823
2023-02-28 05:30:00,2182300.993749823
2023-02-28 06:00:00,2182300.993749823
2023-02-28 06:30:00,2182300.993749823
2023-02-28 07:00:00,2182300.993749823
2023-03-01 01:00:00,2182300.993749823
2023-03-01 01:30:00,2182300.993749823
2023-03-01 02:00:00,2182300.993749823
2023-03-01 02:30:00,2182300.993749823
2023-03-01 03:00:00,2182300.993749823
2023-03-01 05:00:00,2182300.993749823
2023-03-01 05:30:00,2182300.993749823
2023-03-01 06:00:00,2182300.993749823
2023-03-01 06:30:00,2182300.993749823
2023-03-01 07:00:00,2182300.993749823
2023-03-02 01:00:00,2182300.993749823
2023-03-02 01:30:00,2182300.993749823
2023-03-02 02:00:00,2182300.993749823
2023-03-02 02:30:00,2182300.993749823
2023-03-02 03:00:00,2182300.993749823
2023-03-02 05:00:00,2182300.993749823
2023-03-02 05:30:00,2182300.993749823
2023-03-02 06:00:00,2182300.993749823
2023-03-02 06:30:00,2182300.993749823
2023-03-02 07:00:00,2182300.993749823
2023-03-03 01:00:00,2182300.993749823
2023-03-03 01:30:00,2182300.993749823
2023-03-03 02:00:00,2182300.993749823
2023-03-03 02:30:00,2182300.993749823
2023-03-03 03:00:00,2182300.993749823
2023-03-03 05:00:00,2182300.993749823
2023-03-03 05:30:00,2182300.993749823
2023-03-03 06:00:00,2182300.993749823
2023-03-03 06:30:00,2182300.993749823
2023-03-03 07:00:00,2182300.993749823
2023-03-06 01:00:00,2182300.993749823
2023-03-06 01:30:00,2182300.993749823
2023-03-06 02:00:00,2182300.993749823
2023-03-06 02:30:00,2182300.993749823
2023-03-06 03:00:00,2182300.993749823
2023-03-06 05:00:00,2182300.993749823
2023-03-06 05:30:00,2179442.294601677
2023-03-06 06:00:00,2179442.294601677
2023-03-06 06:30:00,2179442.294601677
2023-03-06 07:00:00,2179442.294601677
2023-03-07 01:00:00,2179442.294601677
2023-03-07 01:30:00,2179442.294601677
2023-03-07 02:00:00,2179442.294601677
2023-03-07 02:30:00,2177384.4787967214
2023-03-07 03:00:00,2177384.4787967214
2023-03-07 05:00:00,2177384.4787967214
2023-03-07 05:30:00,2177384.4787967214
2023-03-07 06:00:00,2177384.4787967214
2023-03-07 06:30:00,2177384.4787967214
2023-03-07 07:00:00,2177384.4787967214
2023-03-08 01:00:00,2177384.4787967214
2023-03-08 01:30:00,2177384.4787967214
2023-03-08 02:00:00,2177384.4787967214
2023-03-08 02:30:00,2177384.4787967214
2023-03-08 03:00:00,2177384.4787967214
2023-03-08 05:00:00,2177384.4787967214
2023-03-08 05:30:00,2177384.4787967214
2023-03-08 06:00:00,2177384.4787967214
2023-03-08 06:30:00,2177384.4787967214
2023-03-08 07:00:00,2177384.4787967214
2023-03-09 01:00:00,2177384.4787967214
2023-03-09 01:30:00,2177384.4787967214
2023-03-09 02:00:00,2177384.4787967214
2023-03-09 02:30:00,2177384.4787967214
2023-03-09 03:00:00,2177384.4787967214
2023-03-09 05:00:00,2177384.4787967214
2023-03-09 05:30:00,2177384.4787967214
2023-03-09 06:00:00,2177384.4787967214
2023-03-09 06:30:00,2177384.4787967214
2023-03-09 07:00:00,2177384.4787967214
2023-03-10 01:00:00,2177384.4787967214
2023-03-10 01:30:00,2177384.4787967214
2023-03-10 02:00:00,2177384.4787967214
2023-03-10 02:30:00,2177384.4787967214
2023-03-10 03:00:00,2177384.4787967214
2023-03-10 05:00:00,2177384.4787967214
2023-03-10 05:30:00,2177384.4787967214
2023-03-10 06:00:00,2177384.4787967214
2023-03-10 06:30:00,2177384.4787967214
2023-03-10 07:00:00,2177384.4787967214
2023-03-13 01:00:00,2177384.4787967214
2023-03-13 01:30:00,2177384.4787967214
2023-03-13 02:00:00,2177384.4787967214
2023-03-13 02:30:00,2177384.4787967214
2023-03-13 03:00:00,2177384.4787967214
2023-03-13 05:00:00,2177384.4787967214
2023-03-13 05:30:00,2177384.4787967214
2023-03-13 06:00:00,2177384.4787967214
2023-03-13 06:30:00,2177384.4787967214
2023-03-13 07:00:00,2177384.4787967214
2023-03-14 01:00:00,2177384.4787967214
2023-03-14 01:30:00,2177384.4787967214
2023-03-14 02:00:00,2177384.4787967214
2023-03-14 02:30:00,2177384.4787967214
2023-03-14 03:00:00,2177384.4787967214
2023-03-14 05:00:00,2177384.4787967214
2023-03-14 05:30:00,2177384.4787967214
2023-03-14 06:00:00,2177384.4787967214
2023-03-14 06:30:00,2177384.4787967214
2023-03-14 07:00:00,2177384.4787967214
2023-03-15 01:00:00,2177384.4787967214
2023-03-15 01:30:00,2177384.4787967214
2023-03-15 02:00:00,2177384.4787967214
2023-03-15 02:30:00,2177384.4787967214
2023-03-15 03:00:00,2177384.4787967214
2023-03-15 05:00:00,2177384.4787967214
2023-03-15 05:30:00,2177384.4787967214
2023-03-15 06:00:00,2177384.4787967214
2023-03-15 06:30:00,2177384.4787967214
2023-03-15 07:00:00,2177384.4787967214
2023-03-16 01:00:00,2177384.4787967214
2023-03-16 01:30:00,2177384.4787967214
2023-03-16 02:00:00,2177384.4787967214
2023-03-16 02:30:00,2177384.4787967214
2023-03-16 03:00:00,2177384.4787967214
2023-03-16 05:00:00,2177384.4787967214
2023-03-16 05:30:00,2177384.4787967214
2023-03-16 06:00:00,2177384.4787967214
2023-03-16 06:30:00,2177384.4787967214
2023-03-16 07:00:00,2177384.4787967214
2023-03-17 01:00:00,2177384.4787967214
2023-03-17 01:30:00,2177384.4787967214
2023-03-17 02:00:00,2177384.4787967214
2023-03-17 02:30:00,2177384.4787967214
2023-03-17 03:00:00,2177384.4787967214
2023-03-17 05:00:00,2177384.4787967214
2023-03-17 05:30:00,2177384.4787967214
2023-03-17 06:00:00,2177384.4787967214
2023-03-17 06:30:00,2177384.4787967214
2023-03-17 07:00:00,2177384.4787967214
2023-03-20 01:00:00,2177384.4787967214
2023-03-20 01:30:00,2177384.4787967214
2023-03-20 02:00:00,2170265.1335160034
2023-03-20 02:30:00,2170265.1335160034
2023-03-20 03:00:00,2170265.1335160034
2023-03-20 05:00:00,2170265.1335160034
2023-03-20 05:30:00,2170265.1335160034
2023-03-20 06:00:00,2170265.1335160034
2023-03-20 06:30:00,2170265.1335160034
2023-03-20 07:00:00,2170265.1335160034
2023-03-21 01:00:00,2170265.1335160034
2023-03-21 01:30:00,2170265.1335160034
2023-03-21 02:00:00,2170265.1335160034
2023-03-21 02:30:00,2170265.1335160034
2023-03-21 03:00:00,2170265.1335160034
2023-03-21 05:00:00,2170265.1335160034
2023-03-21 05:30:00,2170265.1335160034
2023-03-21 06:00:00,2171693.401479572
2023-03-21 06:30:00,2171693.401479572
2023-03-21 07:00:00,2171693.401479572
2023-03-22 01:00:00,2171693.401479572
2023-03-22 01:30:00,2171693.401479572
2023-03-22 02:00:00,2171693.401479572
2023-03-22 02:30:00,2171693.401479572
2023-03-22 03:00:00,2171693.401479572
2023-03-22 05:00:00,2172024.6190604693
2023-03-22 05:30:00,2172024.6190604693
2023-03-22 06:00:00,2172024.6190604693
2023-03-22 06:30:00,2169754.6825242653
2023-03-22 07:00:00,2169754.6825242653
2023-03-23 01:00:00,2169754.6825242653
2023-03-23 01:30:00,2169754.6825242653
2023-03-23 02:00:00,2169754.6825242653
2023-03-23 02:30:00,2169754.6825242653
2023-03-23 03:00:00,2169754.6825242653
2023-03-23 05:00:00,2169754.6825242653
2023-03-23 05:30:00,2169754.6825242653
2023-03-23 06:00:00,2169754.6825242653
2023-03-23 06:30:00,2169754.6825242653
2023-03-23 07:00:00,2169754.6825242653
2023-03-24 01:00:00,2169754.6825242653
2023-03-24 01:30:00,2169754.6825242653
2023-03-24 02:00:00,2169754.6825242653
2023-03-24 02:30:00,2169754.6825242653
2023-03-24 03:00:00,2169754.6825242653
2023-03-24 05:00:00,2169754.6825242653
2023-03-24 05:30:00,2169754.6825242653
2023-03-24 06:00:00,2169754.6825242653
2023-03-24 06:30:00,2169754.6825242653
2023-03-24 07:00:00,2169754.6825242653
2023-03-27 01:00:00,2169754.6825242653
2023-03-27 01:30:00,2169754.6825242653
2023-03-27 02:00:00,2169754.6825242653
2023-03-27 02:30:00,2169754.6825242653
2023-03-27 03:00:00,2169754.6825242653
2023-03-27 05:00:00,2169754.6825242653
2023-03-27 05:30:00,2169754.6825242653
2023-03-27 06:00:00,2169754.6825242653
2023-03-27 06:30:00,2169754.6825242653
2023-03-27 07:00:00,2169754.6825242653
2023-03-28 01:00:00,2169754.6825242653
2023-03-28 01:30:00,2169754.6825242653
2023-03-28 02:00:00,2164534.6825242653
2023-03-28 02:30:00,2164534.6825242653
2023-03-28 03:00:00,2164534.6825242653
2023-03-28 05:00:00,2164534.6825242653
2023-03-28 05:30:00,2164534.6825242653
2023-03-28 06:00:00,2164534.6825242653
2023-03-28 06:30:00,2164534.6825242653
2023-03-28 07:00:00,2164534.6825242653
2023-03-29 01:00:00,2164534.6825242653
2023-03-29 01:30:00,2164534.6825242653
2023-03-29 02:00:00,2164534.6825242653
2023-03-29 02:30:00,2164534.6825242653
2023-03-29 03:00:00,2164534.6825242653
2023-03-29 05:00:00,2164534.6825242653
2023-03-29 05:30:00,2164534.6825242653
2023-03-29 06:00:00,2164534.6825242653
2023-03-29 06:30:00,2164534.6825242653
2023-03-29 07:00:00,2164534.6825242653
2023-03-30 01:00:00,2164534.6825242653
2023-03-30 01:30:00,2164534.6825242653
2023-03-30 02:00:00,2164534.6825242653
2023-03-30 02:30:00,2164534.6825242653
2023-03-30 03:00:00,2164534.6825242653
2023-03-30 05:00:00,2164534.6825242653
2023-03-30 05:30:00,2164534.6825242653
2023-03-30 06:00:00,2164534.6825242653
2023-03-30 06:30:00,2164534.6825242653
2023-03-30 07:00:00,2164534.6825242653
2023-03-31 01:00:00,2164534.6825242653
2023-03-31 01:30:00,2164534.6825242653
2023-03-31 02:00:00,2164534.6825242653
2023-03-31 02:30:00,2164534.6825242653
2023-03-31 03:00:00,2164534.6825242653
2023-03-31 05:00:00,2164534.6825242653
2023-03-31 05:30:00,2164725.1693265643
2023-03-31 06:00:00,2164725.1693265643
2023-03-31 06:30:00,2164725.1693265643
2023-03-31 07:00:00,2164725.1693265643
2023-04-03 01:00:00,2164725.1693265643
2023-04-03 01:30:00,2164725.1693265643
2023-04-03 02:00:00,2164725.1693265643
2023-04-03 02:30:00,2164725.1693265643
2023-04-03 03:00:00,2164725.1693265643
2023-04-03 05:00:00,2164725.1693265643
2023-04-03 05:30:00,2164725.1693265643
2023-04-03 06:00:00,2164725.1693265643
2023-04-03 06:30:00,2164725.1693265643
2023-04-03 07:00:00,2164725.1693265643
2023-04-04 01:00:00,2164725.1693265643
2023-04-04 01:30:00,2164725.1693265643
2023-04-04 02:00:00,2164725.1693265643
2023-04-04 02:30:00,2164725.1693265643
2023-04-04 03:00:00,2183955.427496295
2023-04-04 05:00:00,2183955.427496295
2023-04-04 05:30:00,2183955.427496295
2023-04-04 06:00:00,2183955.427496295
2023-04-04 06:30:00,2183955.427496295
2023-04-04 07:00:00,2183955.427496295
2023-04-06 01:00:00,2183955.427496295
2023-04-06 01:30:00,2183955.427496295
2023-04-06 02:00:00,2183955.427496295
2023-04-06 02:30:00,2183955.427496295
2023-04-06 03:00:00,2183955.427496295
2023-04-06 05:00:00,2196481.6860648235
2023-04-06 05:30:00,2196481.6860648235
2023-04-06 06:00:00,2196481.6860648235
2023-04-06 06:30:00,2196481.6860648235
2023-04-06 07:00:00,2196481.6860648235
2023-04-07 01:00:00,2196481.6860648235
2023-04-07 01:30:00,2196481.6860648235
2023-04-07 02:00:00,2196481.6860648235
2023-04-07 02:30:00,2196481.6860648235
2023-04-07 03:00:00,2196481.6860648235
2023-04-07 05:00:00,2196481.6860648235
2023-04-07 05:30:00,2196481.6860648235
2023-04-07 06:00:00,2196481.6860648235
2023-04-07 06:30:00,2196481.6860648235
2023-04-07 07:00:00,2196481.6860648235
2023-04-10 01:00:00,2196481.6860648235
2023-04-10 01:30:00,2196481.6860648235
2023-04-10 02:00:00,2196481.6860648235
2023-04-10 02:30:00,2196481.6860648235
2023-04-10 03:00:00,2196481.6860648235
2023-04-10 05:00:00,2196481.6860648235
2023-04-10 05:30:00,2196481.6860648235
2023-04-10 06:00:00,2196481.6860648235
2023-04-10 06:30:00,2196481.6860648235
2023-04-10 07:00:00,2196481.6860648235
2023-04-11 01:00:00,2196481.6860648235
2023-04-11 01:30:00,2196481.6860648235
2023-04-11 02:00:00,2196481.6860648235
2023-04-11 02:30:00,2196481.6860648235
2023-04-11 03:00:00,2196481.6860648235
2023-04-11 05:00:00,2196481.6860648235
2023-04-11 05:30:00,2196481.6860648235
2023-04-11 06:00:00,2196481.6860648235
2023-04-11 06:30:00,2196481.6860648235
2023-04-11 07:00:00,2196481.6860648235
2023-04-12 01:00:00,2196481.6860648235
2023-04-12 01:30:00,2196481.6860648235
2023-04-12 02:00:00,2196481.6860648235
2023-04-12 02:30:00,2196481.6860648235
2023-04-12 03:00:00,2196481.6860648235
2023-04-12 05:00:00,2196481.6860648235
2023-04-12 05:30:00,2196481.6860648235
2023-04-12 06:00:00,2196481.6860648235
2023-04-12 06:30:00,2196481.6860648235
2023-04-12 07:00:00,2196481.6860648235
2023-04-13 01:00:00,2196481.6860648235
2023-04-13 01:30:00,2196481.6860648235
2023-04-13 02:00:00,2196481.6860648235
2023-04-13 02:30:00,2196481.6860648235
2023-04-13 03:00:00,2196481.6860648235
2023-04-13 05:00:00,2196481.6860648235
2023-04-13 05:30:00,2196481.6860648235
2023-04-13 06:00:00,2196481.6860648235
2023-04-13 06:30:00,2196481.6860648235
2023-04-13 07:00:00,2196481.6860648235
2023-04-14 01:00:00,2196481.6860648235
2023-04-14 01:30:00,2196481.6860648235
2023-04-14 02:00:00,2190126.045686733
2023-04-14 02:30:00,2190126.045686733
2023-04-14 03:00:00,2190126.045686733
2023-04-14 05:00:00,2190126.045686733
2023-04-14 05:30:00,2190126.045686733
2023-04-14 06:00:00,2190126.045686733
2023-04-14 06:30:00,2190126.045686733
2023-04-14 07:00:00,2190126.045686733
2023-04-17 01:00:00,2190126.045686733
2023-04-17 01:30:00,2190126.045686733
2023-04-17 02:00:00,2190126.045686733
2023-04-17 02:30:00,2190126.045686733
2023-04-17 03:00:00,2190126.045686733
2023-04-17 05:00:00,2190126.045686733
2023-04-17 05:30:00,2190126.045686733
2023-04-17 06:00:00,2190126.045686733
2023-04-17 06:30:00,2190126.045686733
2023-04-17 07:00:00,2190126.045686733
2023-04-18 01:00:00,2190126.045686733
2023-04-18 01:30:00,2190126.045686733
2023-04-18 02:00:00,2190126.045686733
2023-04-18 02:30:00,2190126.045686733
2023-04-18 03:00:00,2190126.045686733
2023-04-18 05:00:00,2190126.045686733
2023-04-18 05:30:00,2190126.045686733
2023-04-18 06:00:00,2190126.045686733
2023-04-18 06:30:00,2190126.045686733
2023-04-18 07:00:00,2190126.045686733
2023-04-19 01:00:00,2190126.045686733
2023-04-19 01:30:00,2190126.045686733
2023-04-19 02:00:00,2190126.045686733
2023-04-19 02:30:00,2198361.324981484
2023-04-19 03:00:00,2198361.324981484
2023-04-19 05:00:00,2198361.324981484
2023-04-19 05:30:00,2198361.324981484
2023-04-19 06:00:00,2198361.324981484
2023-04-19 06:30:00,2198361.324981484
2023-04-19 07:00:00,2198361.324981484
2023-04-20 01:00:00,2198361.324981484
2023-04-20 01:30:00,2198361.324981484
2023-04-20 02:00:00,2198361.324981484
2023-04-20 02:30:00,2198361.324981484
2023-04-20 03:00:00,2198361.324981484
2023-04-20 05:00:00,2198361.324981484
2023-04-20 05:30:00,2198361.324981484
2023-04-20 06:00:00,2198361.324981484
2023-04-20 06:30:00,2198361.324981484
2023-04-20 07:00:00,2198361.324981484
2023-04-21 01:00:00,2198361.324981484
2023-04-21 01:30:00,2198361.324981484
2023-04-21 02:00:00,2198361.324981484
2023-04-21 02:30:00,2198361.324981484
2023-04-21 03:00:00,2198361.324981484
2023-04-21 05:00:00,2198361.324981484
2023-04-21 05:30:00,2198361.324981484
2023-04-21 06:00:00,2198361.324981484
2023-04-21 06:30:00,2198361.324981484
2023-04-21 07:00:00,2198361.324981484
2023-04-24 01:00:00,2198361.324981484
2023-04-24 01:30:00,2198361.324981484
2023-04-24 02:00:00,2198361.324981484
2023-04-24 02:30:00,2198361.324981484
2023-04-24 03:00:00,2198361.324981484
2023-04-24 05:00:00,2198361.324981484
2023-04-24 05:30:00,2198361.324981484
2023-04-24 06:00:00,2198361.324981484
2023-04-24 06:30:00,2198361.324981484
2023-04-24 07:00:00,2198361.324981484
2023-04-25 01:00:00,2198361.324981484
2023-04-25 01:30:00,2198361.324981484
2023-04-25 02:00:00,2198361.324981484
2023-04-25 02:30:00,2198361.324981484
2023-04-25 03:00:00,2198361.324981484
2023-04-25 05:00:00,2198361.324981484
2023-04-25 05:30:00,2198361.324981484
2023-04-25 06:00:00,2198361.324981484
2023-04-25 06:30:00,2198361.324981484
2023-04-25 07:00:00,2198361.324981484
2023-04-26 01:00:00,2198361.324981484
2023-04-26 01:30:00,2198361.324981484
2023-04-26 02:00:00,2198361.324981484
2023-04-26 02:30:00,2198361.324981484
2023-04-26 03:00:00,2198361.324981484
2023-04-26 05:00:00,2198361.324981484
2023-04-26 05:30:00,2198361.324981484
2023-04-26 06:00:00,2198361.324981484
2023-04-26 06:30:00,2198361.324981484
2023-04-26 07:00:00,2198361.324981484
2023-04-27 01:00:00,2198361.324981484
2023-04-27 01:30:00,2198361.324981484
2023-04-27 02:00:00,2198361.324981484
2023-04-27 02:30:00,2198361.324981484
2023-04-27 03:00:00,2198361.324981484
2023-04-27 05:00:00,2198361.324981484
2023-04-27 05:30:00,2198361.324981484
2023-04-27 06:00:00,2198361.324981484
2023-04-27 06:30:00,2198361.324981484
2023-04-27 07:00:00,2198361.324981484
2023-04-28 01:00:00,2198361.324981484
2023-04-28 01:30:00,2198361.324981484
2023-04-28 02:00:00,2198361.324981484
2023-04-28 02:30:00,2198361.324981484
2023-04-28 03:00:00,2198361.324981484
2023-04-28 05:00:00,2198361.324981484
2023-04-28 05:30:00,2198361.324981484
2023-04-28 06:00:00,2198361.324981484
2023-04-28 06:30:00,2198361.324981484
2023-04-28 07:00:00,2198361.324981484
2023-05-04 01:00:00,2198361.324981484
2023-05-04 01:30:00,2198361.324981484
2023-05-04 02:00:00,2198361.324981484
2023-05-04 02:30:00,2198361.324981484
2023-05-04 03:00:00,2198361.324981484
2023-05-04 05:00:00,2198361.324981484
2023-05-04 05:30:00,2198361.324981484
2023-05-04 06:00:00,2198361.324981484
2023-05-04 06:30:00,2198361.324981484
2023-05-04 07:00:00,2198361.324981484
2023-05-05 01:00:00,2198361.324981484
2023-05-05 01:30:00,2198361.324981484
2023-05-05 02:00:00,2198361.324981484
2023-05-05 02:30:00,2198361.324981484
2023-05-05 03:00:00,2198361.324981484
2023-05-05 05:00:00,2198361.324981484
2023-05-05 05:30:00,2198361.324981484
2023-05-05 06:00:00,2198361.324981484
2023-05-05 06:30:00,2198361.324981484
2023-05-05 07:00:00,2198361.324981484
2023-05-08 01:00:00,2198361.324981484
2023-05-08 01:30:00,2198361.324981484
2023-05-08 02:00:00,2201041.324981484
2023-05-08 02:30:00,2201041.324981484
2023-05-08 03:00:00,2201041.324981484
2023-05-08 05:00:00,2201041.324981484
2023-05-08 05:30:00,2201041.324981484
2023-05-08 06:00:00,2201041.324981484
2023-05-08 06:30:00,2201041.324981484
2023-05-08 07:00:00,2201041.324981484
2023-05-09 01:00:00,2201041.324981484
2023-05-09 01:30:00,2201041.324981484
2023-05-09 02:00:00,2201041.324981484
2023-05-09 02:30:00,2201041.324981484
2023-05-09 03:00:00,2201041.324981484
2023-05-09 05:00:00,2201041.324981484
2023-05-09 05:30:00,2201041.324981484
2023-05-09 06:00:00,2201041.324981484
2023-05-09 06:30:00,2201041.324981484
2023-05-09 07:00:00,2201041.324981484
2023-05-10 01:00:00,2201041.324981484
2023-05-10 01:30:00,2201041.324981484
2023-05-10 02:00:00,2201041.324981484
2023-05-10 02:30:00,2201041.324981484
2023-05-10 03:00:00,2201041.324981484
2023-05-10 05:00:00,2201041.324981484
2023-05-10 05:30:00,2204536.474910798
2023-05-10 06:00:00,2204536.474910798
2023-05-10 06:30:00,2204536.474910798
2023-05-10 07:00:00,2204536.474910798
2023-05-11 01:00:00,2204536.474910798
2023-05-11 01:30:00,2204536.474910798
2023-05-11 02:00:00,2204536.474910798
2023-05-11 02:30:00,2204536.474910798
2023-05-11 03:00:00,2204536.474910798
2023-05-11 05:00:00,2204536.474910798
2023-05-11 05:30:00,2204536.474910798
2023-05-11 06:00:00,2204536.474910798
2023-05-11 06:30:00,2204536.474910798
2023-05-11 07:00:00,2204536.474910798
2023-05-12 01:00:00,2204536.474910798
2023-05-12 01:30:00,2204536.474910798
2023-05-12 02:00:00,2204536.474910798
2023-05-12 02:30:00,2204536.474910798
2023-05-12 03:00:00,2204536.474910798
2023-05-12 05:00:00,2204536.474910798
2023-05-12 05:30:00,2204536.474910798
2023-05-12 06:00:00,2204536.474910798
2023-05-12 06:30:00,2204536.474910798
2023-05-12 07:00:00,2204536.474910798
2023-05-15 01:00:00,2204536.474910798
2023-05-15 01:30:00,2204536.474910798
2023-05-15 02:00:00,2204536.474910798
2023-05-15 02:30:00,2204536.474910798
2023-05-15 03:00:00,2204536.474910798
2023-05-15 05:00:00,2204536.474910798
2023-05-15 05:30:00,2204536.474910798
2023-05-15 06:00:00,2204536.474910798
2023-05-15 06:30:00,2204536.474910798
2023-05-15 07:00:00,2204536.474910798
2023-05-16 01:00:00,2204536.474910798
2023-05-16 01:30:00,2204536.474910798
2023-05-16 02:00:00,2204536.474910798
2023-05-16 02:30:00,2204536.474910798
2023-05-16 03:00:00,2204536.474910798
2023-05-16 05:00:00,2204536.474910798
2023-05-16 05:30:00,2204536.474910798
2023-05-16 06:00:00,2204536.474910798
2023-05-16 06:30:00,2204536.474910798
2023-05-16 07:00:00,2204536.474910798
2023-05-17 01:00:00,2204536.474910798
2023-05-17 01:30:00,2204536.474910798
2023-05-17 02:00:00,2204536.474910798
2023-05-17 02:30:00,2204536.474910798
2023-05-17 03:00:00,2204536.474910798
2023-05-17 05:00:00,2204536.474910798
2023-05-17 05:30:00,2204536.474910798
2023-05-17 06:00:00,2204536.474910798
2023-05-17 06:30:00,2204536.474910798
2023-05-17 07:00:00,2204536.474910798
2023-05-18 01:00:00,2204536.474910798
2023-05-18 01:30:00,2204536.474910798
2023-05-18 02:00:00,2204536.474910798
2023-05-18 02:30:00,2204536.474910798
2023-05-18 03:00:00,2204536.474910798
2023-05-18 05:00:00,2204536.474910798
2023-05-18 05:30:00,2204536.474910798
2023-05-18 06:00:00,2204536.474910798
2023-05-18 06:30:00,2206190.508958048
2023-05-18 07:00:00,2206190.508958048
2023-05-19 01:00:00,2206190.508958048
2023-05-19 01:30:00,2206190.508958048
2023-05-19 02:00:00,2206190.508958048
2023-05-19 02:30:00,2206190.508958048
2023-05-19 03:00:00,2206190.508958048
2023-05-19 05:00:00,2206190.508958048
2023-05-19 05:30:00,2206190.508958048
2023-05-19 06:00:00,2206190.508958048
2023-05-19 06:30:00,2206190.508958048
2023-05-19 07:00:00,2206190.508958048
2023-05-22 01:00:00,2206190.508958048
2023-05-22 01:30:00,2206190.508958048
2023-05-22 02:00:00,2206190.508958048
2023-05-22 02:30:00,2206190.508958048
2023-05-22 03:00:00,2206190.508958048
2023-05-22 05:00:00,2206190.508958048
2023-05-22 05:30:00,2206190.508958048
2023-05-22 06:00:00,2206190.508958048
2023-05-22 06:30:00,2206190.508958048
2023-05-22 07:00:00,2206190.508958048
2023-05-23 01:00:00,2206190.508958048
2023-05-23 01:30:00,2206190.508958048
2023-05-23 02:00:00,2206190.508958048
2023-05-23 02:30:00,2206190.508958048
2023-05-23 03:00:00,2206190.508958048
2023-05-23 05:00:00,2206190.508958048
2023-05-23 05:30:00,2206190.508958048
2023-05-23 06:00:00,2206190.508958048
2023-05-23 06:30:00,2206190.508958048
2023-05-23 07:00:00,2206190.508958048
2023-05-24 01:00:00,2206190.508958048
2023-05-24 01:30:00,2206190.508958048
2023-05-24 02:00:00,2206190.508958048
2023-05-24 02:30:00,2206190.508958048
2023-05-24 03:00:00,2206190.508958048
2023-05-24 05:00:00,2206190.508958048
2023-05-24 05:30:00,2206190.508958048
2023-05-24 06:00:00,2206190.508958048
2023-05-24 06:30:00,2206190.508958048
2023-05-24 07:00:00,2206190.508958048
2023-05-25 01:00:00,2206190.508958048
2023-05-25 01:30:00,2206190.508958048
2023-05-25 02:00:00,2206190.508958048
2023-05-25 02:30:00,2206190.508958048
2023-05-25 03:00:00,2206190.508958048
2023-05-25 05:00:00,2206190.508958048
2023-05-25 05:30:00,2206190.508958048
2023-05-25 06:00:00,2206190.508958048
2023-05-25 06:30:00,2206190.508958048
2023-05-25 07:00:00,2206190.508958048
2023-05-26 01:00:00,2206190.508958048
2023-05-26 01:30:00,2206190.508958048
2023-05-26 02:00:00,2206190.508958048
2023-05-26 02:30:00,2206190.508958048
2023-05-26 03:00:00,2206190.508958048
2023-05-26 05:00:00,2206190.508958048
2023-05-26 05:30:00,2206190.508958048
2023-05-26 06:00:00,2206190.508958048
2023-05-26 06:30:00,2206190.508958048
2023-05-26 07:00:00,2206190.508958048
2023-05-29 01:00:00,2206190.508958048
2023-05-29 01:30:00,2206190.508958048
2023-05-29 02:00:00,2206190.508958048
2023-05-29 02:30:00,2206190.508958048
2023-05-29 03:00:00,2206190.508958048
2023-05-29 05:00:00,2206190.508958048
2023-05-29 05:30:00,2201225.182225454
2023-05-29 06:00:00,2201225.182225454
2023-05-29 06:30:00,2201225.182225454
2023-05-29 07:00:00,2201225.182225454
2023-05-30 01:00:00,2201225.182225454
2023-05-30 01:30:00,2201225.182225454
2023-05-30 02:00:00,2201225.182225454
2023-05-30 02:30:00,2201225.182225454
2023-05-30 03:00:00,2201225.182225454
2023-05-30 05:00:00,2201225.182225454
2023-05-30 05:30:00,2201225.182225454
2023-05-30 06:00:00,2201225.182225454
2023-05-30 06:30:00,2201225.182225454
2023-05-30 07:00:00,2201225.182225454
2023-05-31 01:00:00,2201225.182225454
2023-05-31 01:30:00,2201225.182225454
2023-05-31 02:00:00,2201225.182225454
2023-05-31 02:30:00,2201225.182225454
2023-05-31 03:00:00,2201225.182225454
2023-05-31 05:00:00,2192740.75953944
2023-05-31 05:30:00,2182997.4424314313
2023-05-31 06:00:00,2182997.4424314313
2023-05-31 06:30:00,2182997.4424314313
2023-05-31 07:00:00,2182997.4424314313
2023-06-01 01:00:00,2182997.4424314313
2023-06-01 01:30:00,2182997.4424314313
2023-06-01 02:00:00,2182997.4424314313
2023-06-01 02:30:00,2182997.4424314313
2023-06-01 03:00:00,2182997.4424314313
2023-06-01 05:00:00,2182997.4424314313
2023-06-01 05:30:00,2182997.4424314313
2023-06-01 06:00:00,2182997.4424314313
2023-06-01 06:30:00,2182997.4424314313
2023-06-01 07:00:00,2182997.4424314313
2023-06-02 01:00:00,2182997.4424314313
2023-06-02 01:30:00,2182997.4424314313
2023-06-02 02:00:00,2182997.4424314313
2023-06-02 02:30:00,2182997.4424314313
2023-06-02 03:00:00,2182997.4424314313
2023-06-02 05:00:00,2182997.4424314313
2023-06-02 05:30:00,2182997.4424314313
2023-06-02 06:00:00,2182997.4424314313
2023-06-02 06:30:00,2182997.4424314313
2023-06-02 07:00:00,2182997.4424314313
2023-06-05 01:00:00,2182997.4424314313
2023-06-05 01:30:00,2182997.4424314313
2023-06-05 02:00:00,2182997.4424314313
2023-06-05 02:30:00,2182997.4424314313
2023-06-05 03:00:00,2182997.4424314313
2023-06-05 05:00:00,2182997.4424314313
2023-06-05 05:30:00,2182997.4424314313
2023-06-05 06:00:00,2182997.4424314313
2023-06-05 06:30:00,2182997.4424314313
2023-06-05 07:00:00,2182997.4424314313
2023-06-06 01:00:00,2182997.4424314313
2023-06-06 01:30:00,2182997.4424314313
2023-06-06 02:00:00,2182997.4424314313
2023-06-06 02:30:00,2182997.4424314313
2023-06-06 03:00:00,2182997.4424314313
2023-06-06 05:00:00,2182997.4424314313
2023-06-06 05:30:00,2182997.4424314313
2023-06-06 06:00:00,2182997.4424314313
2023-06-06 06:30:00,2182997.4424314313
2023-06-06 07:00:00,2182997.4424314313
2023-06-07 01:00:00,2182997.4424314313
2023-06-07 01:30:00,2182997.4424314313
2023-06-07 02:00:00,2182997.4424314313
2023-06-07 02:30:00,2182997.4424314313
2023-06-07 03:00:00,2182997.4424314313
2023-06-07 05:00:00,2182997.4424314313
2023-06-07 05:30:00,2182997.4424314313
2023-06-07 06:00:00,2182997.4424314313
2023-06-07 06:30:00,2182997.4424314313
2023-06-07 07:00:00,2182997.4424314313
2023-06-08 01:00:00,2182997.4424314313
2023-06-08 01:30:00,2182997.4424314313
2023-06-08 02:00:00,2182997.4424314313
2023-06-08 02:30:00,2182997.4424314313
2023-06-08 03:00:00,2182997.4424314313
2023-06-08 05:00:00,2182997.4424314313
2023-06-08 05:30:00,2182997.4424314313
2023-06-08 06:00:00,2182997.4424314313
2023-06-08 06:30:00,2182997.4424314313
2023-06-08 07:00:00,2182997.4424314313
2023-06-09 01:00:00,2182997.4424314313
2023-06-09 01:30:00,2182997.4424314313
2023-06-09 02:00:00,2182997.4424314313
2023-06-09 02:30:00,2182997.4424314313
2023-06-09 03:00:00,2182997.4424314313
2023-06-09 05:00:00,2182997.4424314313
2023-06-09 05:30:00,2182997.4424314313
2023-06-09 06:00:00,2182997.4424314313
2023-06-09 06:30:00,2182997.4424314313
2023-06-09 07:00:00,2182997.4424314313
2023-06-12 01:00:00,2182997.4424314313
2023-06-12 01:30:00,2182997.4424314313
2023-06-12 02:00:00,2182997.4424314313
2023-06-12 02:30:00,2182997.4424314313
2023-06-12 03:00:00,2182997.4424314313
2023-06-12 05:00:00,2182997.4424314313
2023-06-12 05:30:00,2182997.4424314313
2023-06-12 06:00:00,2182997.4424314313
2023-06-12 06:30:00,2182997.4424314313
2023-06-12 07:00:00,2182997.4424314313
2023-06-13 01:00:00,2182997.4424314313
2023-06-13 01:30:00,2182997.4424314313
2023-06-13 02:00:00,2182997.4424314313
2023-06-13 02:30:00,2182997.4424314313
2023-06-13 03:00:00,2182997.4424314313
2023-06-13 05:00:00,2182997.4424314313
2023-06-13 05:30:00,2182997.4424314313
2023-06-13 06:00:00,2182997.4424314313
2023-06-13 06:30:00,2182997.4424314313
2023-06-13 07:00:00,2182997.4424314313
2023-06-14 01:00:00,2182997.4424314313
2023-06-14 01:30:00,2184521.705284599
2023-06-14 02:00:00,2184521.705284599
2023-06-14 02:30:00,2184521.705284599
2023-06-14 03:00:00,2184521.705284599
2023-06-14 05:00:00,2184521.705284599
2023-06-14 05:30:00,2184521.705284599
2023-06-14 06:00:00,2184521.705284599
2023-06-14 06:30:00,2184521.705284599
2023-06-14 07:00:00,2184521.705284599
2023-06-15 01:00:00,2184521.705284599
2023-06-15 01:30:00,2184521.705284599
2023-06-15 02:00:00,2184521.705284599
2023-06-15 02:30:00,2184521.705284599
2023-06-15 03:00:00,2184521.705284599
2023-06-15 05:00:00,2184521.705284599
2023-06-15 05:30:00,2184521.705284599
2023-06-15 06:00:00,2184521.705284599
2023-06-15 06:30:00,2184521.705284599
2023-06-15 07:00:00,2184521.705284599
2023-06-16 01:00:00,2184521.705284599
2023-06-16 01:30:00,2184521.705284599
2023-06-16 02:00:00,2184521.705284599
2023-06-16 02:30:00,2184521.705284599
2023-06-16 03:00:00,2184521.705284599
2023-06-16 05:00:00,2184521.705284599
2023-06-16 05:30:00,2184521.705284599
2023-06-16 06:00:00,2184521.705284599
2023-06-16 06:30:00,2184521.705284599
2023-06-16 07:00:00,2184521.705284599
2023-06-19 01:00:00,2184521.705284599
2023-06-19 01:30:00,2184521.705284599
2023-06-19 02:00:00,2184521.705284599
2023-06-19 02:30:00,2184521.705284599
2023-06-19 03:00:00,2184521.705284599
2023-06-19 05:00:00,2184521.705284599
2023-06-19 05:30:00,2184521.705284599
2023-06-19 06:00:00,2184521.705284599
2023-06-19 06:30:00,2184521.705284599
2023-06-19 07:00:00,2184521.705284599
2023-06-20 01:00:00,2184521.705284599
2023-06-20 01:30:00,2184521.705284599
2023-06-20 02:00:00,2184521.705284599
2023-06-20 02:30:00,2184521.705284599
2023-06-20 03:00:00,2184521.705284599
2023-06-20 05:00:00,2184521.705284599
2023-06-20 05:30:00,2184521.705284599
2023-06-20 06:00:00,2184521.705284599
2023-06-20 06:30:00,2184521.705284599
2023-06-20 07:00:00,2184521.705284599
2023-06-21 01:00:00,2184521.705284599
2023-06-21 01:30:00,2184521.705284599
2023-06-21 02:00:00,2184521.705284599
2023-06-21 02:30:00,2184521.705284599
2023-06-21 03:00:00,2184521.705284599
2023-06-21 05:00:00,2184521.705284599
2023-06-21 05:30:00,2184521.705284599
2023-06-21 06:00:00,2184521.705284599
2023-06-21 06:30:00,2184521.705284599
2023-06-21 07:00:00,2184521.705284599
2023-06-26 01:00:00,2184521.705284599
2023-06-26 01:30:00,2184521.705284599
2023-06-26 02:00:00,2184521.705284599
2023-06-26 02:30:00,2184521.705284599
2023-06-26 03:00:00,2184521.705284599
2023-06-26 05:00:00,2184521.705284599
2023-06-26 05:30:00,2184521.705284599
2023-06-26 06:00:00,2184521.705284599
2023-06-26 06:30:00,2184521.705284599
2023-06-26 07:00:00,2184521.705284599
2023-06-27 01:00:00,2184521.705284599
2023-06-27 01:30:00,2184521.705284599
2023-06-27 02:00:00,2184521.705284599
2023-06-27 02:30:00,2184521.705284599
2023-06-27 03:00:00,2184521.705284599
2023-06-27 05:00:00,2184521.705284599
2023-06-27 05:30:00,2184521.705284599
2023-06-27 06:00:00,2184521.705284599
2023-06-27 06:30:00,2184521.705284599
2023-06-27 07:00:00,2184521.705284599
2023-06-28 01:00:00,2184521.705284599
2023-06-28 01:30:00,2184521.705284599
2023-06-28 02:00:00,2184521.705284599
2023-06-28 02:30:00,2184521.705284599
2023-06-28 03:00:00,2184521.705284599
2023-06-28 05:00:00,2184521.705284599
2023-06-28 05:30:00,2184521.705284599
2023-06-28 06:00:00,2184521.705284599
2023-06-28 06:30:00,2184521.705284599
2023-06-28 07:00:00,2184521.705284599
2023-06-29 01:00:00,2184521.705284599
2023-06-29 01:30:00,2184521.705284599
2023-06-29 02:00:00,2184521.705284599
2023-06-29 02:30:00,2184521.705284599
2023-06-29 03:00:00,2184521.705284599
2023-06-29 05:00:00,2184521.705284599
2023-06-29 05:30:00,2184521.705284599
2023-06-29 06:00:00,2184521.705284599
2023-06-29 06:30:00,2184521.705284599
2023-06-29 07:00:00,2184521.705284599
2023-06-30 01:00:00,2184521.705284599
2023-06-30 01:30:00,2184521.705284599
2023-06-30 02:00:00,2184521.705284599
2023-06-30 02:30:00,2184521.705284599
2023-06-30 03:00:00,2184521.705284599
2023-06-30 05:00:00,2184521.705284599
2023-06-30 05:30:00,2184521.705284599
2023-06-30 06:00:00,2184521.705284599
2023-06-30 06:30:00,2184521.705284599
2023-06-30 07:00:00,2184521.705284599
2023-07-03 01:00:00,2184521.705284599
2023-07-03 01:30:00,2184521.705284599
2023-07-03 02:00:00,2184521.705284599
2023-07-03 02:30:00,2184521.705284599
2023-07-03 03:00:00,2184521.705284599
2023-07-03 05:00:00,2184521.705284599
2023-07-03 05:30:00,2184521.705284599
2023-07-03 06:00:00,2184521.705284599
2023-07-03 06:30:00,2184521.705284599
2023-07-03 07:00:00,2184521.705284599
2023-07-04 01:00:00,2184521.705284599
2023-07-04 01:30:00,2184521.705284599
2023-07-04 02:00:00,2184521.705284599
2023-07-04 02:30:00,2184521.705284599
2023-07-04 03:00:00,2184521.705284599
2023-07-04 05:00:00,2184521.705284599
2023-07-04 05:30:00,2184521.705284599
2023-07-04 06:00:00,2184521.705284599
2023-07-04 06:30:00,2184521.705284599
2023-07-04 07:00:00,2184521.705284599
2023-07-05 01:00:00,2184521.705284599
2023-07-05 01:30:00,2184521.705284599
2023-07-05 02:00:00,2184521.705284599
2023-07-05 02:30:00,2184521.705284599
2023-07-05 03:00:00,2184521.705284599
2023-07-05 05:00:00,2184521.705284599
2023-07-05 05:30:00,2184521.705284599
2023-07-05 06:00:00,2184521.705284599
2023-07-05 06:30:00,2184521.705284599
2023-07-05 07:00:00,2184521.705284599
2023-07-06 01:00:00,2184521.705284599
2023-07-06 01:30:00,2184521.705284599
2023-07-06 02:00:00,2184521.705284599
2023-07-06 02:30:00,2184521.705284599
2023-07-06 03:00:00,2184521.705284599
2023-07-06 05:00:00,2184521.705284599
2023-07-06 05:30:00,2184521.705284599
2023-07-06 06:00:00,2182889.8691592533
2023-07-06 06:30:00,2182889.8691592533
2023-07-06 07:00:00,2182889.8691592533
2023-07-07 01:00:00,2182889.8691592533
2023-07-07 01:30:00,2182889.8691592533
2023-07-07 02:00:00,2182889.8691592533
2023-07-07 02:30:00,2182889.8691592533
2023-07-07 03:00:00,2182889.8691592533
2023-07-07 05:00:00,2182889.8691592533
2023-07-07 05:30:00,2182889.8691592533
2023-07-07 06:00:00,2182889.8691592533
2023-07-07 06:30:00,2182889.8691592533
2023-07-07 07:00:00,2182889.8691592533
2023-07-10 01:00:00,2182889.8691592533
2023-07-10 01:30:00,2182889.8691592533
2023-07-10 02:00:00,2182889.8691592533
2023-07-10 02:30:00,2182889.8691592533
2023-07-10 03:00:00,2182889.8691592533
2023-07-10 05:00:00,2182889.8691592533
2023-07-10 05:30:00,2182889.8691592533
2023-07-10 06:00:00,2182889.8691592533
2023-07-10 06:30:00,2182889.8691592533
2023-07-10 07:00:00,2182889.8691592533
2023-07-11 01:00:00,2182889.8691592533
2023-07-11 01:30:00,2182889.8691592533
2023-07-11 02:00:00,2182889.8691592533
2023-07-11 02:30:00,2182889.8691592533
2023-07-11 03:00:00,2182889.8691592533
2023-07-11 05:00:00,2182889.8691592533
2023-07-11 05:30:00,2182889.8691592533
2023-07-11 06:00:00,2182889.8691592533
2023-07-11 06:30:00,2182889.8691592533
2023-07-11 07:00:00,2182889.8691592533
2023-07-12 01:00:00,2182889.8691592533
2023-07-12 01:30:00,2182889.8691592533
2023-07-12 02:00:00,2182889.8691592533
2023-07-12 02:30:00,2182889.8691592533
2023-07-12 03:00:00,2182889.8691592533
2023-07-12 05:00:00,2182889.8691592533
2023-07-12 05:30:00,2182889.8691592533
2023-07-12 06:00:00,2178828.2320279144
2023-07-12 06:30:00,2178828.2320279144
2023-07-12 07:00:00,2178828.2320279144
2023-07-13 01:00:00,2178828.2320279144
2023-07-13 01:30:00,2178828.2320279144
2023-07-13 02:00:00,2178828.2320279144
2023-07-13 02:30:00,2178828.2320279144
2023-07-13 03:00:00,2178828.2320279144
2023-07-13 05:00:00,2178828.2320279144
2023-07-13 05:30:00,2178828.2320279144
2023-07-13 06:00:00,2178828.2320279144
2023-07-13 06:30:00,2178828.2320279144
2023-07-13 07:00:00,2178828.2320279144
2023-07-14 01:00:00,2178828.2320279144
2023-07-14 01:30:00,2178828.2320279144
2023-07-14 02:00:00,2178828.2320279144
2023-07-14 02:30:00,2178828.2320279144
2023-07-14 03:00:00,2178828.2320279144
2023-07-14 05:00:00,2178828.2320279144
2023-07-14 05:30:00,2178828.2320279144
2023-07-14 06:00:00,2178828.2320279144
2023-07-14 06:30:00,2178828.2320279144
2023-07-14 07:00:00,2178828.2320279144
2023-07-17 01:00:00,2178828.2320279144
2023-07-17 01:30:00,2178828.2320279144
2023-07-17 02:00:00,2178828.2320279144
2023-07-17 02:30:00,2178828.2320279144
2023-07-17 03:00:00,2178828.2320279144
2023-07-17 05:00:00,2178828.2320279144
2023-07-17 05:30:00,2178828.2320279144
2023-07-17 06:00:00,2178828.2320279144
2023-07-17 06:30:00,2178828.2320279144
2023-07-17 07:00:00,2178828.2320279144
2023-07-18 01:00:00,2178828.2320279144
2023-07-18 01:30:00,2178828.2320279144
2023-07-18 02:00:00,2178828.2320279144
2023-07-18 02:30:00,2178828.2320279144
2023-07-18 03:00:00,2178828.2320279144
2023-07-18 05:00:00,2178828.2320279144
2023-07-18 05:30:00,2178828.2320279144
2023-07-18 06:00:00,2178828.2320279144
2023-07-18 06:30:00,2178828.2320279144
2023-07-18 07:00:00,2178828.2320279144
2023-07-19 01:00:00,2178828.2320279144
2023-07-19 01:30:00,2178828.2320279144
2023-07-19 02:00:00,2178828.2320279144
2023-07-19 02:30:00,2178828.2320279144
2023-07-19 03:00:00,2178828.2320279144
2023-07-19 05:00:00,2178828.2320279144
2023-07-19 05:30:00,2178828.2320279144
2023-07-19 06:00:00,2178828.2320279144
2023-07-19 06:30:00,2178828.2320279144
2023-07-19 07:00:00,2178828.2320279144
2023-07-20 01:00:00,2178828.2320279144
2023-07-20 01:30:00,2178828.2320279144
2023-07-20 02:00:00,2178828.2320279144
2023-07-20 02:30:00,2178828.2320279144
2023-07-20 03:00:00,2178828.2320279144
2023-07-20 05:00:00,2178828.2320279144
2023-07-20 05:30:00,2178828.2320279144
2023-07-20 06:00:00,2178828.2320279144
2023-07-20 06:30:00,2178828.2320279144
2023-07-20 07:00:00,2178828.2320279144
2023-07-21 01:00:00,2178828.2320279144
2023-07-21 01:30:00,2178828.2320279144
2023-07-21 02:00:00,2178828.2320279144
2023-07-21 02:30:00,2178828.2320279144
2023-07-21 03:00:00,2178828.2320279144
2023-07-21 05:00:00,2178828.2320279144
2023-07-21 05:30:00,2178828.2320279144
2023-07-21 06:00:00,2178828.2320279144
2023-07-21 06:30:00,2178828.2320279144
2023-07-21 07:00:00,2178828.2320279144
2023-07-24 01:00:00,2178828.2320279144
2023-07-24 01:30:00,2178828.2320279144
2023-07-24 02:00:00,2178828.2320279144
2023-07-24 02:30:00,2178828.2320279144
2023-07-24 03:00:00,2178828.2320279144
2023-07-24 05:00:00,2178828.2320279144
2023-07-24 05:30:00,2178828.2320279144
2023-07-24 06:00:00,2178828.2320279144
2023-07-24 06:30:00,2178828.2320279144
2023-07-24 07:00:00,2178828.2320279144
2023-07-25 01:00:00,2178828.2320279144
2023-07-25 01:30:00,2178828.2320279144
2023-07-25 02:00:00,2178828.2320279144
2023-07-25 02:30:00,2178828.2320279144
2023-07-25 03:00:00,2178828.2320279144
2023-07-25 05:00:00,2178828.2320279144
2023-07-25 05:30:00,2178828.2320279144
2023-07-25 06:00:00,2178828.2320279144
2023-07-25 06:30:00,2178828.2320279144
2023-07-25 07:00:00,2178828.2320279144
2023-07-26 01:00:00,2178828.2320279144
2023-07-26 01:30:00,2178828.2320279144
2023-07-26 02:00:00,2178828.2320279144
2023-07-26 02:30:00,2178828.2320279144
2023-07-26 03:00:00,2178828.2320279144
2023-07-26 05:00:00,2178828.2320279144
2023-07-26 05:30:00,2178828.2320279144
2023-07-26 06:00:00,2178828.2320279144
2023-07-26 06:30:00,2178828.2320279144
2023-07-26 07:00:00,2178828.2320279144
2023-07-27 01:00:00,2178828.2320279144
2023-07-27 01:30:00,2178828.2320279144
2023-07-27 02:00:00,2178828.2320279144
2023-07-27 02:30:00,2178828.2320279144
2023-07-27 03:00:00,2178828.2320279144
2023-07-27 05:00:00,2178828.2320279144
2023-07-27 05:30:00,2178828.2320279144
2023-07-27 06:00:00,2178828.2320279144
2023-07-27 06:30:00,2184261.500884565
2023-07-27 07:00:00,2184261.500884565
2023-07-28 01:00:00,2184261.500884565
2023-07-28 01:30:00,2184261.500884565
2023-07-28 02:00:00,2184261.500884565
2023-07-28 02:30:00,2184261.500884565
2023-07-28 03:00:00,2184261.500884565
2023-07-28 05:00:00,2184261.500884565
2023-07-28 05:30:00,2184261.500884565
2023-07-28 06:00:00,2184261.500884565
2023-07-28 06:30:00,2184261.500884565
2023-07-28 07:00:00,2184261.500884565
2023-07-31 01:00:00,2184261.500884565
2023-07-31 01:30:00,2184261.500884565
2023-07-31 02:00:00,2184261.500884565
2023-07-31 02:30:00,2184261.500884565
2023-07-31 03:00:00,2184261.500884565
2023-07-31 05:00:00,2184261.500884565
2023-07-31 05:30:00,2202089.678207223
2023-07-31 06:00:00,2202089.678207223
2023-07-31 06:30:00,2202089.678207223
2023-07-31 07:00:00,2202089.678207223
2023-08-01 01:00:00,2202089.678207223
2023-08-01 01:30:00,2202089.678207223
2023-08-01 02:00:00,2202089.678207223
2023-08-01 02:30:00,2202089.678207223
2023-08-01 03:00:00,2202089.678207223
2023-08-01 05:00:00,2202089.678207223
2023-08-01 05:30:00,2202089.678207223
2023-08-01 06:00:00,2202089.678207223
2023-08-01 06:30:00,2202089.678207223
2023-08-01 07:00:00,2202089.678207223
2023-08-02 01:00:00,2202089.678207223
2023-08-02 01:30:00,2202089.678207223
2023-08-02 02:00:00,2202089.678207223
2023-08-02 02:30:00,2202089.678207223
2023-08-02 03:00:00,2202089.678207223
2023-08-02 05:00:00,2202089.678207223
2023-08-02 05:30:00,2202089.678207223
2023-08-02 06:00:00,2202089.678207223
2023-08-02 06:30:00,2202089.678207223
2023-08-02 07:00:00,2202089.678207223
2023-08-03 01:00:00,2202089.678207223
2023-08-03 01:30:00,2202089.678207223
2023-08-03 02:00:00,2202089.678207223
2023-08-03 02:30:00,2202089.678207223
2023-08-03 03:00:00,2202089.678207223
2023-08-03 05:00:00,2202089.678207223
2023-08-03 05:30:00,2202089.678207223
2023-08-03 06:00:00,2202089.678207223
2023-08-03 06:30:00,2202089.678207223
2023-08-03 07:00:00,2202089.678207223
2023-08-04 01:00:00,2202089.678207223
2023-08-04 01:30:00,2202089.678207223
2023-08-04 02:00:00,2202089.678207223
2023-08-04 02:30:00,2202089.678207223
2023-08-04 03:00:00,2208652.0031949235
2023-08-04 05:00:00,2208652.0031949235
2023-08-04 05:30:00,2206383.9769654833
2023-08-04 06:00:00,2206383.9769654833
2023-08-04 06:30:00,2206383.9769654833
2023-08-04 07:00:00,2206383.9769654833
2023-08-07 01:00:00,2206383.9769654833
2023-08-07 01:30:00,2206383.9769654833
2023-08-07 02:00:00,2206383.9769654833
2023-08-07 02:30:00,2206383.9769654833
2023-08-07 03:00:00,2206383.9769654833
2023-08-07 05:00:00,2206383.9769654833
2023-08-07 05:30:00,2206383.9769654833
2023-08-07 06:00:00,2206383.9769654833
2023-08-07 06:30:00,2206383.9769654833
2023-08-07 07:00:00,2206383.9769654833
2023-08-08 01:00:00,2206383.9769654833
2023-08-08 01:30:00,2206383.9769654833
2023-08-08 02:00:00,2206383.9769654833
2023-08-08 02:30:00,2206383.9769654833
2023-08-08 03:00:00,2206383.9769654833
2023-08-08 05:00:00,2206383.9769654833
2023-08-08 05:30:00,2199511.5897213416
2023-08-08 06:00:00,2199511.5897213416
2023-08-08 06:30:00,2199511.5897213416
2023-08-08 07:00:00,2199511.5897213416
2023-08-09 01:00:00,2199511.5897213416
2023-08-09 01:30:00,2199511.5897213416
2023-08-09 02:00:00,2199511.5897213416
2023-08-09 02:30:00,2199511.5897213416
2023-08-09 03:00:00,2199511.5897213416
2023-08-09 05:00:00,2199511.5897213416
2023-08-09 05:30:00,2199511.5897213416
2023-08-09 06:00:00,2199511.5897213416
2023-08-09 06:30:00,2199511.5897213416
2023-08-09 07:00:00,2199511.5897213416
2023-08-10 01:00:00,2199511.5897213416
2023-08-10 01:30:00,2199511.5897213416
2023-08-10 02:00:00,2199511.5897213416
2023-08-10 02:30:00,2199511.5897213416
2023-08-10 03:00:00,2199511.5897213416
2023-08-10 05:00:00,2199511.5897213416
2023-08-10 05:30:00,2199511.5897213416
2023-08-10 06:00:00,2199511.5897213416
2023-08-10 06:30:00,2199511.5897213416
2023-08-10 07:00:00,2199511.5897213416
2023-08-11 01:00:00,2199511.5897213416
2023-08-11 01:30:00,2199511.5897213416
2023-08-11 02:00:00,2199511.5897213416
2023-08-11 02:30:00,2199511.5897213416
2023-08-11 03:00:00,2199511.5897213416
2023-08-11 05:00:00,2199511.5897213416
2023-08-11 05:30:00,2199511.5897213416
2023-08-11 06:00:00,2199511.5897213416
2023-08-11 06:30:00,2199511.5897213416
2023-08-11 07:00:00,2199511.5897213416
2023-08-14 01:00:00,2199511.5897213416
2023-08-14 01:30:00,2199511.5897213416
2023-08-14 02:00:00,2199511.5897213416
2023-08-14 02:30:00,2199511.5897213416
2023-08-14 03:00:00,2199511.5897213416
2023-08-14 05:00:00,2199511.5897213416
2023-08-14 05:30:00,2199511.5897213416
2023-08-14 06:00:00,2199511.5897213416
2023-08-14 06:30:00,2199511.5897213416
2023-08-14 07:00:00,2199511.5897213416
2023-08-15 01:00:00,2199511.5897213416
2023-08-15 01:30:00,2199511.5897213416
2023-08-15 02:00:00,2199511.5897213416
2023-08-15 02:30:00,2199511.5897213416
2023-08-15 03:00:00,2199511.5897213416
2023-08-15 05:00:00,2199511.5897213416
2023-08-15 05:30:00,2199511.5897213416
2023-08-15 06:00:00,2199511.5897213416
2023-08-15 06:30:00,2199511.5897213416
2023-08-15 07:00:00,2199511.5897213416
2023-08-16 01:00:00,2199511.5897213416
2023-08-16 01:30:00,2199511.5897213416
2023-08-16 02:00:00,2199511.5897213416
2023-08-16 02:30:00,2199511.5897213416
2023-08-16 03:00:00,2199511.5897213416
2023-08-16 05:00:00,2199511.5897213416
2023-08-16 05:30:00,2199511.5897213416
2023-08-16 06:00:00,2199511.5897213416
2023-08-16 06:30:00,2199511.5897213416
2023-08-16 07:00:00,2199511.5897213416
2023-08-17 01:00:00,2199511.5897213416
2023-08-17 01:30:00,2199511.5897213416
2023-08-17 02:00:00,2199511.5897213416
2023-08-17 02:30:00,2199511.5897213416
2023-08-17 03:00:00,2199511.5897213416
2023-08-17 05:00:00,2199511.5897213416
2023-08-17 05:30:00,2199511.5897213416
2023-08-17 06:00:00,2199511.5897213416
2023-08-17 06:30:00,2199511.5897213416
2023-08-17 07:00:00,2199511.5897213416
2023-08-18 01:00:00,2199511.5897213416
2023-08-18 01:30:00,2199511.5897213416
2023-08-18 02:00:00,2199511.5897213416
2023-08-18 02:30:00,2199511.5897213416
2023-08-18 03:00:00,2199511.5897213416
2023-08-18 05:00:00,2199511.5897213416
2023-08-18 05:30:00,2199511.5897213416
2023-08-18 06:00:00,2199511.5897213416
2023-08-18 06:30:00,2199511.5897213416
2023-08-18 07:00:00,2199511.5897213416
2023-08-21 01:00:00,2199511.5897213416
2023-08-21 01:30:00,2204471.5897213416
2023-08-21 02:00:00,2204471.5897213416
2023-08-21 02:30:00,2204471.5897213416
2023-08-21 03:00:00,2204471.5897213416
2023-08-21 05:00:00,2204471.5897213416
2023-08-21 05:30:00,2204471.5897213416
2023-08-21 06:00:00,2204471.5897213416
2023-08-21 06:30:00,2204471.5897213416
2023-08-21 07:00:00,2204471.5897213416
2023-08-22 01:00:00,2204471.5897213416
2023-08-22 01:30:00,2204471.5897213416
2023-08-22 02:00:00,2204471.5897213416
2023-08-22 02:30:00,2204471.5897213416
2023-08-22 03:00:00,2202650.501780822
2023-08-22 05:00:00,2202650.501780822
2023-08-22 05:30:00,2202650.501780822
2023-08-22 06:00:00,2202650.501780822
2023-08-22 06:30:00,2200517.745307759
2023-08-22 07:00:00,2200517.745307759
2023-08-23 01:00:00,2200517.745307759
2023-08-23 01:30:00,2200517.745307759
2023-08-23 02:00:00,2200517.745307759
2023-08-23 02:30:00,2200517.745307759
2023-08-23 03:00:00,2200517.745307759
2023-08-23 05:00:00,2200517.745307759
2023-08-23 05:30:00,2200517.745307759
2023-08-23 06:00:00,2200517.745307759
2023-08-23 06:30:00,2200517.745307759
2023-08-23 07:00:00,2200517.745307759
2023-08-24 01:00:00,2200517.745307759
2023-08-24 01:30:00,2200517.745307759
2023-08-24 02:00:00,2200517.745307759
2023-08-24 02:30:00,2200517.745307759
2023-08-24 03:00:00,2200517.745307759
2023-08-24 05:00:00,2200517.745307759
2023-08-24 05:30:00,2200517.745307759
2023-08-24 06:00:00,2200517.745307759
2023-08-24 06:30:00,2200517.745307759
2023-08-24 07:00:00,2200517.745307759
2023-08-25 01:00:00,2200517.745307759
2023-08-25 01:30:00,2200517.745307759
2023-08-25 02:00:00,2200517.745307759
2023-08-25 02:30:00,2200517.745307759
2023-08-25 03:00:00,2200517.745307759
2023-08-25 05:00:00,2200517.745307759
2023-08-25 05:30:00,2200517.745307759
2023-08-25 06:00:00,2200517.745307759
2023-08-25 06:30:00,2200517.745307759
2023-08-25 07:00:00,2200517.745307759
2023-08-28 01:00:00,2200517.745307759
2023-08-28 01:30:00,2200517.745307759
2023-08-28 02:00:00,2200517.745307759
2023-08-28 02:30:00,2200517.745307759
2023-08-28 03:00:00,2200517.745307759
2023-08-28 05:00:00,2200517.745307759
2023-08-28 05:30:00,2200517.745307759
2023-08-28 06:00:00,2200517.745307759
2023-08-28 06:30:00,2200517.745307759
2023-08-28 07:00:00,2200517.745307759
2023-08-29 01:00:00,2200517.745307759
2023-08-29 01:30:00,2200517.745307759
2023-08-29 02:00:00,2200517.745307759
2023-08-29 02:30:00,2200517.745307759
2023-08-29 03:00:00,2189516.448451821
2023-08-29 05:00:00,2189516.448451821
2023-08-29 05:30:00,2189516.448451821
2023-08-29 06:00:00,2189516.448451821
2023-08-29 06:30:00,2189516.448451821
2023-08-29 07:00:00,2189516.448451821
2023-08-30 01:00:00,2189516.448451821
2023-08-30 01:30:00,2192434.255064921
2023-08-30 02:00:00,2192434.255064921
2023-08-30 02:30:00,2192434.255064921
2023-08-30 03:00:00,2192434.255064921
2023-08-30 05:00:00,2192434.255064921
2023-08-30 05:30:00,2192434.255064921
2023-08-30 06:00:00,2192434.255064921
2023-08-30 06:30:00,2192434.255064921
2023-08-30 07:00:00,2192434.255064921
2023-08-31 01:00:00,2192434.255064921
2023-08-31 01:30:00,2192434.255064921
2023-08-31 02:00:00,2192434.255064921
2023-08-31 02:30:00,2192434.255064921
2023-08-31 03:00:00,2192434.255064921
2023-08-31 05:00:00,2192434.255064921
2023-08-31 05:30:00,2192434.255064921
2023-08-31 06:00:00,2192434.255064921
2023-08-31 06:30:00,2192434.255064921
2023-08-31 07:00:00,2192434.255064921
2023-09-01 01:00:00,2192434.255064921
2023-09-01 01:30:00,2192434.255064921
2023-09-01 02:00:00,2192434.255064921
2023-09-01 02:30:00,2192434.255064921
2023-09-01 03:00:00,2192434.255064921
2023-09-01 05:00:00,2192434.255064921
2023-09-01 05:30:00,2192434.255064921
2023-09-01 06:00:00,2192434.255064921
2023-09-01 06:30:00,2192434.255064921
2023-09-01 07:00:00,2192434.255064921
2023-09-04 01:00:00,2192434.255064921
2023-09-04 01:30:00,2192434.255064921
2023-09-04 02:00:00,2192434.255064921
2023-09-04 02:30:00,2192434.255064921
2023-09-04 03:00:00,2192434.255064921
2023-09-04 05:00:00,2192434.255064921
2023-09-04 05:30:00,2192434.255064921
2023-09-04 06:00:00,2192434.255064921
2023-09-04 06:30:00,2192434.255064921
2023-09-04 07:00:00,2192434.255064921
2023-09-05 01:00:00,2192434.255064921
2023-09-05 01:30:00,2192434.255064921
2023-09-05 02:00:00,2192434.255064921
2023-09-05 02:30:00,2192434.255064921
2023-09-05 03:00:00,2192434.255064921
2023-09-05 05:00:00,2192434.255064921
2023-09-05 05:30:00,2192434.255064921
2023-09-05 06:00:00,2192434.255064921
2023-09-05 06:30:00,2192434.255064921
2023-09-05 07:00:00,2192434.255064921
2023-09-06 01:00:00,2192434.255064921
2023-09-06 01:30:00,2192434.255064921
2023-09-06 02:00:00,2192434.255064921
2023-09-06 02:30:00,2192434.255064921
2023-09-06 03:00:00,2192434.255064921
2023-09-06 05:00:00,2192434.255064921
2023-09-06 05:30:00,2192434.255064921
2023-09-06 06:00:00,2192434.255064921
2023-09-06 06:30:00,2192434.255064921
2023-09-06 07:00:00,2192434.255064921
2023-09-07 01:00:00,2192434.255064921
2023-09-07 01:30:00,2192434.255064921
2023-09-07 02:00:00,2192434.255064921
2023-09-07 02:30:00,2192434.255064921
2023-09-07 03:00:00,2192434.255064921
2023-09-07 05:00:00,2192434.255064921
2023-09-07 05:30:00,2192434.255064921
2023-09-07 06:00:00,2192434.255064921
2023-09-07 06:30:00,2192434.255064921
2023-09-07 07:00:00,2192434.255064921
2023-09-08 01:00:00,2192434.255064921
2023-09-08 01:30:00,2192434.255064921
2023-09-08 02:00:00,2192434.255064921
2023-09-08 02:30:00,2192434.255064921
2023-09-08 03:00:00,2192434.255064921
2023-09-08 05:00:00,2192434.255064921
2023-09-08 05:30:00,2192434.255064921
2023-09-08 06:00:00,2192434.255064921
2023-09-08 06:30:00,2192434.255064921
2023-09-08 07:00:00,2192434.255064921
2023-09-08 13:00:00,2192434.255064921
2023-09-08 13:30:00,2192434.255064921
2023-09-08 14:00:00,2192434.255064921
2023-09-08 14:30:00,2192434.255064921
2023-09-11 01:00:00,2192434.255064921
2023-09-11 01:30:00,2192434.255064921
2023-09-11 02:00:00,2192434.255064921
2023-09-11 02:30:00,2192434.255064921
2023-09-11 03:00:00,2192434.255064921
2023-09-11 05:00:00,2192434.255064921
2023-09-11 05:30:00,2192434.255064921
2023-09-11 06:00:00,2192434.255064921
2023-09-11 06:30:00,2200588.8447432113
2023-09-11 07:00:00,2200588.8447432113
2023-09-11 13:00:00,2200588.8447432113
2023-09-11 13:30:00,2200588.8447432113
2023-09-11 14:00:00,2200588.8447432113
2023-09-11 14:30:00,2200588.8447432113
2023-09-12 01:00:00,2200588.8447432113
2023-09-12 01:30:00,2192609.820918031
2023-09-12 02:00:00,2192609.820918031
2023-09-12 02:30:00,2192609.820918031
2023-09-12 03:00:00,2192609.820918031
2023-09-12 05:00:00,2192609.820918031
2023-09-12 05:30:00,2192609.820918031
2023-09-12 06:00:00,2192609.820918031
2023-09-12 06:30:00,2192609.820918031
2023-09-12 07:00:00,2192609.820918031
2023-09-12 13:00:00,2192609.820918031
2023-09-12 13:30:00,2192609.820918031
2023-09-12 14:00:00,2192609.820918031
2023-09-12 14:30:00,2192609.820918031
2023-09-13 01:00:00,2192609.820918031
2023-09-13 01:30:00,2192139.8087739586
2023-09-13 02:00:00,2186072.511372493
2023-09-13 02:30:00,2184903.0753849098
2023-09-13 03:00:00,2184903.0753849098
2023-09-13 05:00:00,2184903.0753849098
2023-09-13 05:30:00,2184903.0753849098
2023-09-13 06:00:00,2184903.0753849098
2023-09-13 06:30:00,2184903.0753849098
2023-09-13 07:00:00,2184903.0753849098
2023-09-13 13:00:00,2184903.0753849098
2023-09-13 13:30:00,2185203.0753849098
2023-09-13 14:00:00,2185203.0753849098
2023-09-13 14:30:00,2185203.0753849098
2023-09-14 01:00:00,2185203.0753849098
2023-09-14 01:30:00,2185078.537810374
2023-09-14 02:00:00,2185078.537810374
2023-09-14 02:30:00,2184291.9025546326
2023-09-14 03:00:00,2184291.9025546326
2023-09-14 05:00:00,2184291.9025546326
2023-09-14 05:30:00,2184291.9025546326
2023-09-14 06:00:00,2184291.9025546326
2023-09-14 06:30:00,2184291.9025546326
2023-09-14 07:00:00,2184291.9025546326
2023-09-14 13:00:00,2184291.9025546326
2023-09-14 13:30:00,2184291.9025546326
2023-09-14 14:00:00,2184291.9025546326
2023-09-14 14:30:00,2184291.9025546326
2023-09-15 01:00:00,2184291.9025546326
2023-09-15 01:30:00,2184291.9025546326
2023-09-15 02:00:00,2184291.9025546326
2023-09-15 02:30:00,2184291.9025546326
2023-09-15 03:00:00,2184291.9025546326
2023-09-15 05:00:00,2184291.9025546326
2023-09-15 05:30:00,2184291.9025546326
2023-09-15 06:00:00,2185047.0911802147
2023-09-15 06:30:00,2185047.0911802147
2023-09-15 07:00:00,2185047.0911802147
2023-09-15 13:00:00,2185047.0911802147
2023-09-15 13:30:00,2185373.6229394344
2023-09-15 14:00:00,2185373.6229394344
2023-09-15 14:30:00,2185373.6229394344
2023-09-18 01:00:00,2185373.6229394344
2023-09-18 01:30:00,2184708.6743948935
2023-09-18 02:00:00,2184180.909203795
2023-09-18 02:30:00,2184180.909203795
2023-09-18 03:00:00,2184180.909203795
2023-09-18 05:00:00,2184180.909203795
2023-09-18 05:30:00,2176073.770267423
2023-09-18 06:00:00,2174938.709489721
2023-09-18 06:30:00,2174980.3399217296
2023-09-18 07:00:00,2174980.3399217296
2023-09-18 13:00:00,2174980.3399217296
2023-09-18 13:30:00,2174333.003094675
2023-09-18 14:00:00,2174333.003094675
2023-09-18 14:30:00,2174333.003094675
2023-09-19 01:00:00,2174333.003094675
2023-09-19 01:30:00,2173958.01223124
2023-09-19 02:00:00,2173958.01223124
2023-09-19 02:30:00,2172875.475809036
2023-09-19 03:00:00,2172084.9984304034
2023-09-19 05:00:00,2172084.9984304034
2023-09-19 05:30:00,2172084.9984304034
2023-09-19 06:00:00,2172084.9984304034
2023-09-19 06:30:00,2172084.9984304034
2023-09-19 07:00:00,2172084.9984304034
2023-09-19 13:00:00,2172084.9984304034
2023-09-19 13:30:00,2172093.8862256645
2023-09-19 14:00:00,2174011.294378709
2023-09-19 14:30:00,2175970.489026145
2023-09-20 01:00:00,2175970.489026145
2023-09-20 01:30:00,2179150.0817883275
2023-09-20 02:00:00,2179150.0817883275
2023-09-20 02:30:00,2179150.0817883275
2023-09-20 03:00:00,2178468.4926810316
2023-09-20 05:00:00,2178468.4926810316
2023-09-20 05:30:00,2178468.4926810316
2023-09-20 06:00:00,2178468.4926810316
2023-09-20 06:30:00,2178468.4926810316
2023-09-20 07:00:00,2178468.4926810316
2023-09-20 13:00:00,2178468.4926810316
2023-09-20 13:30:00,2178468.4926810316
2023-09-20 14:00:00,2178468.4926810316
2023-09-20 14:30:00,2178512.9632746256
2023-09-21 01:00:00,2178512.9632746256
2023-09-21 01:30:00,2178512.9632746256
2023-09-21 02:00:00,2177820.21108492
2023-09-21 02:30:00,2177820.21108492
2023-09-21 03:00:00,2177820.21108492
2023-09-21 05:00:00,2177820.21108492
2023-09-21 05:30:00,2177820.21108492
2023-09-21 06:00:00,2177820.21108492
2023-09-21 06:30:00,2177820.21108492
2023-09-21 07:00:00,2177820.21108492
2023-09-21 13:00:00,2177820.21108492
2023-09-21 13:30:00,2177820.21108492
2023-09-21 14:00:00,2177820.21108492
2023-09-21 14:30:00,2177820.21108492
2023-09-22 01:00:00,2177820.21108492
2023-09-22 01:30:00,2177820.21108492
2023-09-22 02:00:00,2177781.4103338807
2023-09-22 02:30:00,2185307.5526404693
2023-09-22 03:00:00,2185307.5526404693
2023-09-22 05:00:00,2185307.5526404693
2023-09-22 05:30:00,2185307.5526404693
2023-09-22 06:00:00,2185307.5526404693
2023-09-22 06:30:00,2185307.5526404693
2023-09-22 07:00:00,2185307.5526404693
2023-09-22 13:00:00,2184786.352138976
2023-09-22 13:30:00,2184786.352138976
2023-09-22 14:00:00,2184786.352138976
2023-09-22 14:30:00,2184918.0288794157
2023-09-25 01:00:00,2184918.0288794157
2023-09-25 01:30:00,2184095.2293531843
2023-09-25 02:00:00,2184095.2293531843
2023-09-25 02:30:00,2184095.2293531843
2023-09-25 03:00:00,2184095.2293531843
2023-09-25 05:00:00,2184095.2293531843
2023-09-25 05:30:00,2184095.2293531843
2023-09-25 06:00:00,2183834.9067018623
2023-09-25 06:30:00,2183834.9067018623
2023-09-25 07:00:00,2183834.9067018623
2023-09-25 13:00:00,2183834.9067018623
2023-09-25 13:30:00,2184692.1759881345
2023-09-25 14:00:00,2184692.1759881345
2023-09-25 14:30:00,2184692.1759881345
2023-09-26 01:00:00,2184692.1759881345
2023-09-26 01:30:00,2186060.293032723
2023-09-26 02:00:00,2186060.293032723
2023-09-26 02:30:00,2186060.293032723
2023-09-26 03:00:00,2186060.293032723
2023-09-26 05:00:00,2186060.293032723
2023-09-26 05:30:00,2186060.293032723
2023-09-26 06:00:00,2186060.293032723
2023-09-26 06:30:00,2186060.293032723
2023-09-26 07:00:00,2186060.293032723
2023-09-26 13:00:00,2184150.3992246646
2023-09-26 13:30:00,2184150.3992246646
2023-09-26 14:00:00,2184150.3992246646
2023-09-26 14:30:00,2184150.3992246646
2023-09-27 01:00:00,2184150.3992246646
2023-09-27 01:30:00,2189813.187948373
2023-09-27 02:00:00,2189813.187948373
2023-09-27 02:30:00,2189813.187948373
2023-09-27 03:00:00,2189813.187948373
2023-09-27 05:00:00,2189813.187948373
2023-09-27 05:30:00,2188645.6010588855
2023-09-27 06:00:00,2189314.366686842
2023-09-27 06:30:00,2189314.366686842
2023-09-27 07:00:00,2189314.366686842
2023-09-27 13:00:00,2189314.366686842
2023-09-27 13:30:00,2189314.366686842
2023-09-27 14:00:00,2189314.366686842
2023-09-27 14:30:00,2189314.366686842
2023-09-28 01:00:00,2189314.366686842
2023-09-28 01:30:00,2188809.738367518
2023-09-28 02:00:00,2188809.738367518
2023-09-28 02:30:00,2188809.738367518
2023-09-28 03:00:00,2188809.738367518
2023-09-28 05:00:00,2188809.738367518
2023-09-28 05:30:00,2188809.738367518
2023-09-28 06:00:00,2188809.738367518
2023-09-28 06:30:00,2188014.6963771526
2023-09-28 07:00:00,2188014.6963771526
2023-10-09 01:00:00,2188014.6963771526
2023-10-09 01:30:00,2184474.6963771526
2023-10-09 02:00:00,2184474.6963771526
2023-10-09 02:30:00,2184474.6963771526
2023-10-09 03:00:00,2183560.400135094
2023-10-09 05:00:00,2183560.400135094
2023-10-09 05:30:00,2182597.4846958644
2023-10-09 06:00:00,2181163.3580371975
2023-10-09 06:30:00,2181163.3580371975
2023-10-09 07:00:00,2181163.3580371975
2023-10-09 13:00:00,2181163.3580371975
2023-10-09 13:30:00,2181163.3580371975
2023-10-09 14:00:00,2181163.3580371975
2023-10-09 14:30:00,2180578.8589403853
2023-10-10 01:00:00,2180578.8589403853
2023-10-10 01:30:00,2180578.8589403853
2023-10-10 02:00:00,2182833.287671626
2023-10-10 02:30:00,2182833.287671626
2023-10-10 03:00:00,2182833.287671626
2023-10-10 05:00:00,2182833.287671626
2023-10-10 05:30:00,2182833.287671626
2023-10-10 06:00:00,2183271.8373222514
2023-10-10 06:30:00,2183271.8373222514
2023-10-10 07:00:00,2183271.8373222514
2023-10-10 13:00:00,2183271.8373222514
2023-10-10 13:30:00,2183271.8373222514
2023-10-10 14:00:00,2183271.8373222514
2023-10-10 14:30:00,2183271.8373222514
2023-10-11 01:00:00,2183899.8842183384
2023-10-11 01:30:00,2184168.3233784027
2023-10-11 02:00:00,2184168.3233784027
2023-10-11 02:30:00,2184168.3233784027
2023-10-11 03:00:00,2185688.2786306445
2023-10-11 05:00:00,2185688.2786306445
2023-10-11 05:30:00,2185688.2786306445
2023-10-11 06:00:00,2185688.2786306445
2023-10-11 06:30:00,2185688.2786306445
2023-10-11 07:00:00,2185688.2786306445
2023-10-11 13:00:00,2185688.2786306445
2023-10-11 13:30:00,2185688.2786306445
2023-10-11 14:00:00,2185688.2786306445
2023-10-11 14:30:00,2185688.2786306445
2023-10-12 01:00:00,2185688.2786306445
2023-10-12 01:30:00,2191973.3562340615
2023-10-12 02:00:00,2191973.3562340615
2023-10-12 02:30:00,2191973.3562340615
2023-10-12 03:00:00,2191973.3562340615
2023-10-12 05:00:00,2191973.3562340615
2023-10-12 05:30:00,2191973.3562340615
2023-10-12 06:00:00,2191973.3562340615
2023-10-12 06:30:00,2191973.3562340615
2023-10-12 07:00:00,2191973.3562340615
2023-10-12 13:00:00,2191973.3562340615
2023-10-12 13:30:00,2191973.3562340615
2023-10-12 14:00:00,2191973.3562340615
2023-10-12 14:30:00,2191973.3562340615
2023-10-13 01:00:00,2191973.3562340615
2023-10-13 01:30:00,2191973.3562340615
2023-10-13 02:00:00,2191973.3562340615
2023-10-13 02:30:00,2191973.3562340615
2023-10-13 03:00:00,2191973.3562340615
2023-10-13 05:00:00,2191973.3562340615
2023-10-13 05:30:00,2191973.3562340615
2023-10-13 06:00:00,2191973.3562340615
2023-10-13 06:30:00,2191973.3562340615
2023-10-13 07:00:00,2191973.3562340615
2023-10-13 13:00:00,2191973.3562340615
2023-10-13 13:30:00,2191973.3562340615
2023-10-13 14:00:00,2191973.3562340615
2023-10-13 14:30:00,2194504.6079869955
2023-10-16 01:00:00,2194504.6079869955
2023-10-16 01:30:00,2194504.6079869955
2023-10-16 02:00:00,2194504.6079869955
2023-10-16 02:30:00,2194504.6079869955
2023-10-16 03:00:00,2194504.6079869955
2023-10-16 05:00:00,2194504.6079869955
2023-10-16 05:30:00,2194504.6079869955
2023-10-16 06:00:00,2194504.6079869955
2023-10-16 06:30:00,2194504.6079869955
2023-10-16 07:00:00,2194504.6079869955
2023-10-16 13:00:00,2194504.6079869955
2023-10-16 13:30:00,2194504.6079869955
2023-10-16 14:00:00,2194504.6079869955
2023-10-16 14:30:00,2194504.6079869955
2023-10-17 01:00:00,2194504.6079869955
2023-10-17 01:30:00,2194697.0119136423
2023-10-17 02:00:00,2194415.232861252
2023-10-17 02:30:00,2194415.232861252
2023-10-17 03:00:00,2194415.232861252
2023-10-17 05:00:00,2194415.232861252
2023-10-17 05:30:00,2194694.09189478
2023-10-17 06:00:00,2194694.09189478
2023-10-17 06:30:00,2194694.09189478
2023-10-17 07:00:00,2194694.09189478
2023-10-17 13:00:00,2194420.5904606334
2023-10-17 13:30:00,2193208.432781152
2023-10-17 14:00:00,2193208.432781152
2023-10-17 14:30:00,2193208.432781152
2023-10-18 01:00:00,2193208.432781152
2023-10-18 01:30:00,2198361.665764402
2023-10-18 02:00:00,2198361.665764402
2023-10-18 02:30:00,2198361.665764402
2023-10-18 03:00:00,2198361.665764402
2023-10-18 05:00:00,2198361.665764402
2023-10-18 05:30:00,2198361.665764402
2023-10-18 06:00:00,2198361.665764402
2023-10-18 06:30:00,2198361.665764402
2023-10-18 07:00:00,2198361.665764402
2023-10-18 13:00:00,2198361.665764402
2023-10-18 13:30:00,2198361.665764402
2023-10-18 14:00:00,2198361.665764402
2023-10-18 14:30:00,2198361.665764402
2023-10-19 01:00:00,2198361.665764402
2023-10-19 01:30:00,2198153.136704407
2023-10-19 02:00:00,2198153.136704407
2023-10-19 02:30:00,2197757.3159594918
2023-10-19 03:00:00,2199661.5123609807
2023-10-19 05:00:00,2199661.5123609807
2023-10-19 05:30:00,2199661.5123609807
2023-10-19 06:00:00,2199661.5123609807
2023-10-19 06:30:00,2199661.5123609807
2023-10-19 07:00:00,2199661.5123609807
2023-10-19 13:00:00,2199661.5123609807
2023-10-19 13:30:00,2199901.5123609807
2023-10-19 14:00:00,2199901.5123609807
2023-10-19 14:30:00,2199670.5549107864
2023-10-20 01:00:00,2198860.126886831
2023-10-20 01:30:00,2198860.126886831
2023-10-20 02:00:00,2198860.126886831
2023-10-20 02:30:00,2198860.126886831
2023-10-20 03:00:00,2198860.126886831
2023-10-20 05:00:00,2198860.126886831
2023-10-20 05:30:00,2198860.126886831
2023-10-20 06:00:00,2198860.126886831
2023-10-20 06:30:00,2198128.202123603
2023-10-20 07:00:00,2198128.202123603
2023-10-20 13:00:00,2198128.202123603
2023-10-20 13:30:00,2198128.202123603
2023-10-20 14:00:00,2198128.202123603
2023-10-20 14:30:00,2196660.1096255155
2023-10-23 01:00:00,2196660.1096255155
2023-10-23 01:30:00,2196660.1096255155
2023-10-23 02:00:00,2196660.1096255155
2023-10-23 02:30:00,2196660.1096255155
2023-10-23 03:00:00,2196660.1096255155
2023-10-23 05:00:00,2196660.1096255155
2023-10-23 05:30:00,2196660.1096255155
2023-10-23 06:00:00,2196660.1096255155
2023-10-23 06:30:00,2200759.459340397
2023-10-23 07:00:00,2200759.459340397
2023-10-23 13:00:00,2200759.459340397
2023-10-23 13:30:00,2200759.459340397
2023-10-23 14:00:00,2200759.459340397
2023-10-23 14:30:00,2200759.459340397
2023-10-24 01:00:00,2200759.459340397
2023-10-24 01:30:00,2200759.459340397
2023-10-24 02:00:00,2200591.172764596
2023-10-24 02:30:00,2200591.172764596
2023-10-24 03:00:00,2200591.172764596
2023-10-24 05:00:00,2200591.172764596
2023-10-24 05:30:00,2200591.172764596
2023-10-24 06:00:00,2200591.172764596
2023-10-24 06:30:00,2200591.172764596
2023-10-24 07:00:00,2200591.172764596
2023-10-24 13:00:00,2199717.852917562
2023-10-24 13:30:00,2200274.204915666
2023-10-24 14:00:00,2200274.204915666
2023-10-24 14:30:00,2200274.204915666
2023-10-25 01:00:00,2200274.204915666
2023-10-25 01:30:00,2200274.204915666
2023-10-25 02:00:00,2199671.5950075043
2023-10-25 02:30:00,2199671.5950075043
2023-10-25 03:00:00,2199716.647986775
2023-10-25 05:00:00,2199716.647986775
2023-10-25 05:30:00,2199716.647986775
2023-10-25 06:00:00,2199171.3890422834
2023-10-25 06:30:00,2200268.1840353226
2023-10-25 07:00:00,2200268.1840353226
2023-10-25 13:00:00,2200268.1840353226
2023-10-25 13:30:00,2200103.9144383417
2023-10-25 14:00:00,2200103.9144383417
2023-10-25 14:30:00,2200411.5511460677
2023-10-26 01:00:00,2200411.5511460677
2023-10-26 01:30:00,2200411.5511460677
2023-10-26 02:00:00,2200411.5511460677
2023-10-26 02:30:00,2200411.5511460677
2023-10-26 03:00:00,2200411.5511460677
2023-10-26 05:00:00,2200411.5511460677
2023-10-26 05:30:00,2200607.095160686
2023-10-26 06:00:00,2200348.5071785282
2023-10-26 06:30:00,2200348.5071785282
2023-10-26 07:00:00,2200348.5071785282
2023-10-26 13:00:00,2200934.839069037
2023-10-26 13:30:00,2200934.839069037
2023-10-26 14:00:00,2200934.839069037
2023-10-26 14:30:00,2200934.839069037
2023-10-27 01:00:00,2200934.839069037
2023-10-27 01:30:00,2200934.839069037
2023-10-27 02:00:00,2200934.839069037
2023-10-27 02:30:00,2200934.839069037
2023-10-27 03:00:00,2200934.839069037
2023-10-27 05:00:00,2200934.839069037
2023-10-27 05:30:00,2200934.839069037
2023-10-27 06:00:00,2200654.723304638
2023-10-27 06:30:00,2200654.723304638
2023-10-27 07:00:00,2200654.723304638
2023-10-27 13:00:00,2200654.723304638
2023-10-27 13:30:00,2200654.723304638
2023-10-27 14:00:00,2200654.723304638
2023-10-27 14:30:00,2200654.723304638
2023-10-30 01:00:00,2200654.723304638
2023-10-30 01:30:00,2199883.9642948215
2023-10-30 02:00:00,2199883.9642948215
2023-10-30 02:30:00,2199883.9642948215
2023-10-30 03:00:00,2199883.9642948215
2023-10-30 05:00:00,2199883.9642948215
2023-10-30 05:30:00,2202719.326185739
2023-10-30 06:00:00,2202816.3561204406
2023-10-30 06:30:00,2202816.3561204406
2023-10-30 07:00:00,2202816.3561204406
2023-10-30 13:00:00,2202816.3561204406
2023-10-30 13:30:00,2202816.3561204406
2023-10-30 14:00:00,2202816.3561204406
2023-10-30 14:30:00,2202816.3561204406
2023-10-31 01:00:00,2202816.3561204406
2023-10-31 01:30:00,2202816.3561204406
2023-10-31 02:00:00,2202816.3561204406
2023-10-31 02:30:00,2202816.3561204406
2023-10-31 03:00:00,2202816.3561204406
2023-10-31 05:00:00,2202816.3561204406
2023-10-31 05:30:00,2202816.3561204406
2023-10-31 06:00:00,2202816.3561204406
2023-10-31 06:30:00,2202816.3561204406
2023-10-31 07:00:00,2202816.3561204406
2023-10-31 13:00:00,2202816.3561204406
2023-10-31 13:30:00,2202537.364799026
2023-10-31 14:00:00,2202537.364799026
2023-10-31 14:30:00,2202537.364799026
2023-11-01 01:00:00,2203814.9276586706
2023-11-01 01:30:00,2203814.9276586706
2023-11-01 02:00:00,2203444.228903715
2023-11-01 02:30:00,2203444.228903715
2023-11-01 03:00:00,2203444.228903715
2023-11-01 05:00:00,2203444.228903715
2023-11-01 05:30:00,2203444.228903715
2023-11-01 06:00:00,2203444.228903715
2023-11-01 06:30:00,2203444.228903715
2023-11-01 07:00:00,2203444.228903715
2023-11-01 13:00:00,2203444.228903715
2023-11-01 13:30:00,2203444.228903715
2023-11-01 14:00:00,2203444.228903715
2023-11-01 14:30:00,2203444.228903715
2023-11-02 01:00:00,2203444.228903715
2023-11-02 01:30:00,2203108.1140320143
2023-11-02 02:00:00,2203108.1140320143
2023-11-02 02:30:00,2203108.1140320143
2023-11-02 03:00:00,2203108.1140320143
2023-11-02 05:00:00,2203108.1140320143
2023-11-02 05:30:00,2203108.1140320143
2023-11-02 06:00:00,2203108.1140320143
2023-11-02 06:30:00,2202748.054436416
2023-11-02 07:00:00,2202748.054436416
2023-11-02 13:00:00,2202748.054436416
2023-11-02 13:30:00,2202748.054436416
2023-11-02 14:00:00,2202748.054436416
2023-11-02 14:30:00,2202748.054436416
2023-11-03 01:00:00,2202730.3151009274
2023-11-03 01:30:00,2202730.3151009274
2023-11-03 02:00:00,2202730.3151009274
2023-11-03 02:30:00,2202730.3151009274
2023-11-03 03:00:00,2202730.3151009274
2023-11-03 05:00:00,2202730.3151009274
2023-11-03 05:30:00,2202730.3151009274
2023-11-03 06:00:00,2202730.3151009274
2023-11-03 06:30:00,2202730.3151009274
2023-11-03 07:00:00,2202730.3151009274
2023-11-03 13:00:00,2202730.3151009274
2023-11-03 13:30:00,2202730.3151009274
2023-11-03 14:00:00,2202730.3151009274
2023-11-03 14:30:00,2202730.3151009274
2023-11-06 01:00:00,2202730.3151009274
2023-11-06 01:30:00,2207024.6635218225
2023-11-06 02:00:00,2207024.6635218225
2023-11-06 02:30:00,2207024.6635218225
2023-11-06 03:00:00,2207024.6635218225
2023-11-06 05:00:00,2207024.6635218225
2023-11-06 05:30:00,2206919.2778311167
2023-11-06 06:00:00,2206919.2778311167
2023-11-06 06:30:00,2206919.2778311167
2023-11-06 07:00:00,2206919.2778311167
2023-11-06 13:00:00,2206919.2778311167
2023-11-06 13:30:00,2206384.290297512
2023-11-06 14:00:00,2206384.290297512
2023-11-06 14:30:00,2206384.290297512
2023-11-07 01:00:00,2206384.290297512
2023-11-07 01:30:00,2206384.290297512
2023-11-07 02:00:00,2206384.290297512
2023-11-07 02:30:00,2241677.334221592
2023-11-07 03:00:00,2241677.334221592
2023-11-07 05:00:00,2241677.334221592
2023-11-07 05:30:00,2241677.334221592
2023-11-07 06:00:00,2241677.334221592
2023-11-07 06:30:00,2241677.334221592
2023-11-07 07:00:00,2241677.334221592
2023-11-07 13:00:00,2241677.334221592
2023-11-07 13:30:00,2241677.334221592
2023-11-07 14:00:00,2241677.334221592
2023-11-07 14:30:00,2241677.334221592
2023-11-08 01:00:00,2241677.334221592
2023-11-08 01:30:00,2241677.334221592
2023-11-08 02:00:00,2241677.334221592
2023-11-08 02:30:00,2241677.334221592
2023-11-08 03:00:00,2241677.334221592
2023-11-08 05:00:00,2241677.334221592
2023-11-08 05:30:00,2241677.334221592
2023-11-08 06:00:00,2241677.334221592
2023-11-08 06:30:00,2241677.334221592
2023-11-08 07:00:00,2241677.334221592
2023-11-08 13:00:00,2241677.334221592
2023-11-08 13:30:00,2241677.334221592
2023-11-08 14:00:00,2241677.334221592
2023-11-08 14:30:00,2241677.334221592
2023-11-09 01:00:00,2241677.334221592
2023-11-09 01:30:00,2241677.334221592
2023-11-09 02:00:00,2241677.334221592
2023-11-09 02:30:00,2241677.334221592
2023-11-09 03:00:00,2241773.3156607724
2023-11-09 05:00:00,2241773.3156607724
2023-11-09 05:30:00,2242681.770256216
2023-11-09 06:00:00,2242681.770256216
2023-11-09 06:30:00,2242681.770256216
2023-11-09 07:00:00,2242681.770256216
2023-11-09 13:00:00,2243107.52917046
2023-11-09 13:30:00,2244035.420496053
2023-11-09 14:00:00,2244035.420496053
2023-11-09 14:30:00,2244035.420496053
2023-11-10 01:00:00,2244035.420496053
2023-11-10 01:30:00,2244035.420496053
2023-11-10 02:00:00,2244035.420496053
2023-11-10 02:30:00,2243590.678400272
2023-11-10 03:00:00,2243590.678400272
2023-11-10 05:00:00,2243590.678400272
2023-11-10 05:30:00,2243590.678400272
2023-11-10 06:00:00,2243590.678400272
2023-11-10 06:30:00,2243590.678400272
2023-11-10 07:00:00,2243590.678400272
2023-11-10 13:00:00,2243590.678400272
2023-11-10 13:30:00,2243590.678400272
2023-11-10 14:00:00,2243590.678400272
2023-11-10 14:30:00,2243590.678400272
2023-11-13 01:00:00,2243590.678400272
2023-11-13 01:30:00,2243335.7486192905
2023-11-13 02:00:00,2243335.7486192905
2023-11-13 02:30:00,2243335.7486192905
2023-11-13 03:00:00,2243335.7486192905
2023-11-13 05:00:00,2243335.7486192905
2023-11-13 05:30:00,2243335.7486192905
2023-11-13 06:00:00,2243335.7486192905
2023-11-13 06:30:00,2243335.7486192905
2023-11-13 07:00:00,2243335.7486192905
2023-11-13 13:00:00,2243052.6085524694
2023-11-13 13:30:00,2242718.1907506282
2023-11-13 14:00:00,2242718.1907506282
2023-11-13 14:30:00,2242718.1907506282
2023-11-14 01:00:00,2242718.1907506282
2023-11-14 01:30:00,2242817.372595362
2023-11-14 02:00:00,2242817.372595362
2023-11-14 02:30:00,2242817.372595362
2023-11-14 03:00:00,2242817.372595362
2023-11-14 05:00:00,2242817.372595362
2023-11-14 05:30:00,2242133.5918036266
2023-11-14 06:00:00,2242133.5918036266
2023-11-14 06:30:00,2242133.5918036266
2023-11-14 07:00:00,2242133.5918036266
2023-11-14 13:00:00,2242133.5918036266
2023-11-14 13:30:00,2245124.842390099
2023-11-14 14:00:00,2245124.842390099
2023-11-14 14:30:00,2245124.842390099
2023-11-15 01:00:00,2245124.842390099
2023-11-15 01:30:00,2245124.842390099
2023-11-15 02:00:00,2245701.0589510393
2023-11-15 02:30:00,2245701.0589510393
2023-11-15 03:00:00,2245701.0589510393
2023-11-15 05:00:00,2245701.0589510393
2023-11-15 05:30:00,2245701.0589510393
2023-11-15 06:00:00,2246333.520729093
2023-11-15 06:30:00,2246333.520729093
2023-11-15 07:00:00,2246333.520729093
2023-11-15 13:00:00,2246333.520729093
2023-11-15 13:30:00,2246333.520729093
2023-11-15 14:00:00,2246333.520729093
2023-11-15 14:30:00,2246333.520729093
2023-11-16 01:00:00,2246333.520729093
2023-11-16 01:30:00,2246730.127417441
2023-11-16 02:00:00,2246110.722554648
2023-11-16 02:30:00,2246110.722554648
2023-11-16 03:00:00,2246110.722554648
2023-11-16 05:00:00,2246110.722554648
2023-11-16 05:30:00,2247473.9871238354
2023-11-16 06:00:00,2247473.9871238354
2023-11-16 06:30:00,2247473.9871238354
2023-11-16 07:00:00,2247473.9871238354
2023-11-16 13:00:00,2247473.9871238354
2023-11-16 13:30:00,2247473.9871238354
2023-11-16 14:00:00,2247473.9871238354
2023-11-16 14:30:00,2247473.9871238354
2023-11-17 01:00:00,2247473.9871238354
2023-11-17 01:30:00,2250256.9012212968
2023-11-17 02:00:00,2250256.9012212968
2023-11-17 02:30:00,2250256.9012212968
2023-11-17 03:00:00,2250256.9012212968
2023-11-17 05:00:00,2250256.9012212968
2023-11-17 05:30:00,2250256.9012212968
2023-11-17 06:00:00,2250256.9012212968
2023-11-17 06:30:00,2250256.9012212968
2023-11-17 07:00:00,2250256.9012212968
2023-11-17 13:00:00,2250256.9012212968
2023-11-17 13:30:00,2250185.123147863
2023-11-17 14:00:00,2250185.123147863
2023-11-17 14:30:00,2250185.123147863
2023-11-20 01:00:00,2250200.105880058
2023-11-20 01:30:00,2248040.105880058
2023-11-20 02:00:00,2248040.105880058
2023-11-20 02:30:00,2250260.567325007
2023-11-20 03:00:00,2250260.567325007
2023-11-20 05:00:00,2250260.567325007
2023-11-20 05:30:00,2250260.567325007
2023-11-20 06:00:00,2250260.567325007
2023-11-20 06:30:00,2250260.567325007
2023-11-20 07:00:00,2250260.567325007
2023-11-20 13:00:00,2250260.567325007
2023-11-20 13:30:00,2250260.567325007
2023-11-20 14:00:00,2250260.567325007
2023-11-20 14:30:00,2250260.567325007
2023-11-21 01:00:00,2250260.567325007
2023-11-21 01:30:00,2250260.567325007
2023-11-21 02:00:00,2250260.567325007
2023-11-21 02:30:00,2250260.567325007
2023-11-21 03:00:00,2250260.567325007
2023-11-21 05:00:00,2250260.567325007
2023-11-21 05:30:00,2251356.2000654084
2023-11-21 06:00:00,2251356.2000654084
2023-11-21 06:30:00,2254009.1404786175
2023-11-21 07:00:00,2254009.1404786175
2023-11-21 13:00:00,2254009.1404786175
2023-11-21 13:30:00,2254009.1404786175
2023-11-21 14:00:00,2254009.1404786175
2023-11-21 14:30:00,2254009.1404786175
2023-11-22 01:00:00,2253065.549850832
2023-11-22 01:30:00,2253065.549850832
2023-11-22 02:00:00,2253065.549850832
2023-11-22 02:30:00,2253065.549850832
2023-11-22 03:00:00,2253065.549850832
2023-11-22 05:00:00,2253065.549850832
2023-11-22 05:30:00,2253065.549850832
2023-11-22 06:00:00,2252261.007120027
2023-11-22 06:30:00,2255460.578072301
2023-11-22 07:00:00,2255460.578072301
2023-11-22 13:00:00,2255460.578072301
2023-11-22 13:30:00,2255460.578072301
2023-11-22 14:00:00,2255460.578072301
2023-11-22 14:30:00,2255460.578072301
2023-11-23 01:00:00,2255791.213295373
2023-11-23 01:30:00,2255791.213295373
2023-11-23 02:00:00,2255791.213295373
2023-11-23 02:30:00,2255791.213295373
2023-11-23 03:00:00,2255208.146039359
2023-11-23 05:00:00,2255208.146039359
2023-11-23 05:30:00,2255208.146039359
2023-11-23 06:00:00,2255208.146039359
2023-11-23 06:30:00,2255208.146039359
2023-11-23 07:00:00,2255208.146039359
2023-11-23 13:00:00,2255208.146039359
2023-11-23 13:30:00,2253881.6837666417
2023-11-23 14:00:00,2253881.6837666417
2023-11-23 14:30:00,2253881.6837666417
2023-11-24 01:00:00,2253881.6837666417
2023-11-24 01:30:00,2256593.7354644802
2023-11-24 02:00:00,2256593.7354644802
2023-11-24 02:30:00,2256593.7354644802
2023-11-24 03:00:00,2256593.7354644802
2023-11-24 05:00:00,2256593.7354644802
2023-11-24 05:30:00,2256593.7354644802
2023-11-24 06:00:00,2256593.7354644802
2023-11-24 06:30:00,2256593.7354644802
2023-11-24 07:00:00,2256593.7354644802
2023-11-24 13:00:00,2256593.7354644802
2023-11-24 13:30:00,2256593.7354644802
2023-11-24 14:00:00,2254731.5041727023
2023-11-24 14:30:00,2254731.5041727023
2023-11-27 01:00:00,2254731.5041727023
2023-11-27 01:30:00,2255953.934860291
2023-11-27 02:00:00,2257039.9278745
2023-11-27 02:30:00,2257039.9278745
2023-11-27 03:00:00,2257039.9278745
2023-11-27 05:00:00,2257039.9278745
2023-11-27 05:30:00,2257039.9278745
2023-11-27 06:00:00,2257039.9278745
2023-11-27 06:30:00,2258582.4731669407
2023-11-27 07:00:00,2258582.4731669407
2023-11-27 13:00:00,2258582.4731669407
2023-11-27 13:30:00,2258582.4731669407
2023-11-27 14:00:00,2258582.4731669407
2023-11-27 14:30:00,2258582.4731669407
2023-11-28 01:00:00,2258582.4731669407
2023-11-28 01:30:00,2259356.0843507363
2023-11-28 02:00:00,2259356.0843507363
2023-11-28 02:30:00,2259356.0843507363
2023-11-28 03:00:00,2259356.0843507363
2023-11-28 05:00:00,2259356.0843507363
2023-11-28 05:30:00,2258499.53225678
2023-11-28 06:00:00,2258499.53225678
2023-11-28 06:30:00,2258499.53225678
2023-11-28 07:00:00,2258499.53225678
2023-11-28 13:00:00,2258499.53225678
2023-11-28 13:30:00,2258499.53225678
2023-11-28 14:00:00,2258499.53225678
2023-11-28 14:30:00,2258499.53225678
2023-11-29 01:00:00,2258499.53225678
2023-11-29 01:30:00,2257779.53225678
2023-11-29 02:00:00,2257779.53225678
2023-11-29 02:30:00,2257779.53225678
2023-11-29 03:00:00,2257779.53225678
2023-11-29 05:00:00,2257779.53225678
2023-11-29 05:30:00,2257779.53225678
2023-11-29 06:00:00,2257779.53225678
2023-11-29 06:30:00,2257779.53225678
2023-11-29 07:00:00,2257779.53225678
2023-11-29 13:00:00,2257779.53225678
2023-11-29 13:30:00,2257779.53225678
2023-11-29 14:00:00,2257779.53225678
2023-11-29 14:30:00,2257779.53225678
2023-11-30 01:00:00,2257779.53225678
2023-11-30 01:30:00,2257779.53225678
2023-11-30 02:00:00,2257779.53225678
2023-11-30 02:30:00,2257779.53225678
2023-11-30 03:00:00,2257779.53225678
2023-11-30 05:00:00,2257779.53225678
2023-11-30 05:30:00,2257779.53225678
2023-11-30 06:00:00,2257779.53225678
2023-11-30 06:30:00,2257779.53225678
2023-11-30 07:00:00,2257779.53225678
2023-11-30 13:00:00,2257779.53225678
2023-11-30 13:30:00,2257718.3001350556
2023-11-30 14:00:00,2257718.3001350556
2023-11-30 14:30:00,2257718.3001350556
2023-12-01 01:00:00,2257718.3001350556
2023-12-01 01:30:00,2257550.4670756557
2023-12-01 02:00:00,2257550.4670756557
2023-12-01 02:30:00,2257550.4670756557
2023-12-01 03:00:00,2257550.4670756557
2023-12-01 05:00:00,2257550.4670756557
2023-12-01 05:30:00,2257550.4670756557
2023-12-01 06:00:00,2257550.4670756557
2023-12-01 06:30:00,2257550.4670756557
2023-12-01 07:00:00,2257550.4670756557
2023-12-01 13:00:00,2257550.4670756557
2023-12-01 13:30:00,2257625.864893644
2023-12-01 14:00:00,2259609.06397948
2023-12-01 14:30:00,2259609.06397948
2023-12-04 01:00:00,2259609.06397948
2023-12-04 01:30:00,2259609.06397948
2023-12-04 02:00:00,2259370.2264619796
2023-12-04 02:30:00,2259370.2264619796
2023-12-04 03:00:00,2259370.2264619796
2023-12-04 05:00:00,2259370.2264619796
2023-12-04 05:30:00,2259370.2264619796
2023-12-04 06:00:00,2259370.2264619796
2023-12-04 06:30:00,2259370.2264619796
2023-12-04 07:00:00,2259370.2264619796
2023-12-04 13:00:00,2259370.2264619796
2023-12-04 13:30:00,2259370.2264619796
2023-12-04 14:00:00,2259370.2264619796
2023-12-04 14:30:00,2259370.2264619796
2023-12-05 01:00:00,2259370.2264619796
2023-12-05 01:30:00,2265152.102476124
2023-12-05 02:00:00,2265152.102476124
2023-12-05 02:30:00,2265152.102476124
2023-12-05 03:00:00,2265152.102476124
2023-12-05 05:00:00,2265152.102476124
2023-12-05 05:30:00,2265152.102476124
2023-12-05 06:00:00,2265152.102476124
2023-12-05 06:30:00,2265152.102476124
2023-12-05 07:00:00,2265152.102476124
2023-12-05 13:00:00,2264716.5360297225
2023-12-05 13:30:00,2264716.5360297225
2023-12-05 14:00:00,2264716.5360297225
2023-12-05 14:30:00,2264716.5360297225
2023-12-06 01:00:00,2264716.5360297225
2023-12-06 01:30:00,2264716.5360297225
2023-12-06 02:00:00,2264716.5360297225
2023-12-06 02:30:00,2264221.7558490383
2023-12-06 03:00:00,2264221.7558490383
2023-12-06 05:00:00,2264221.7558490383
2023-12-06 05:30:00,2262519.5502112117
2023-12-06 06:00:00,2262519.5502112117
2023-12-06 06:30:00,2262519.5502112117
2023-12-06 07:00:00,2262519.5502112117
2023-12-06 13:00:00,2262519.5502112117
2023-12-06 13:30:00,2258819.5502112117
2023-12-06 14:00:00,2258819.5502112117
2023-12-06 14:30:00,2258921.4882060825
2023-12-07 01:00:00,2258921.4882060825
2023-12-07 01:30:00,2258921.4882060825
2023-12-07 02:00:00,2258921.4882060825
2023-12-07 02:30:00,2258921.4882060825
2023-12-07 03:00:00,2258025.04170128
2023-12-07 05:00:00,2258025.04170128
2023-12-07 05:30:00,2258025.04170128
2023-12-07 06:00:00,2258025.04170128
2023-12-07 06:30:00,2258025.04170128
2023-12-07 07:00:00,2258025.04170128
2023-12-07 13:00:00,2258025.04170128
2023-12-07 13:30:00,2258025.04170128
2023-12-07 14:00:00,2258025.04170128
2023-12-07 14:30:00,2258025.04170128
2023-12-08 01:00:00,2258025.04170128
2023-12-08 01:30:00,2258025.04170128
2023-12-08 02:00:00,2257548.5252327095
2023-12-08 02:30:00,2257548.5252327095
2023-12-08 03:00:00,2257548.5252327095
2023-12-08 05:00:00,2257548.5252327095
2023-12-08 05:30:00,2257548.5252327095
2023-12-08 06:00:00,2257110.4569326825
2023-12-08 06:30:00,2257110.4569326825
2023-12-08 07:00:00,2257110.4569326825
2023-12-08 13:00:00,2257110.4569326825
2023-12-08 13:30:00,2256791.437685377
2023-12-08 14:00:00,2256791.437685377
2023-12-08 14:30:00,2256791.437685377
2023-12-11 01:00:00,2256791.437685377
2023-12-11 01:30:00,2257734.7095318986
2023-12-11 02:00:00,2257734.7095318986
2023-12-11 02:30:00,2257734.7095318986
2023-12-11 03:00:00,2257734.7095318986
2023-12-11 05:00:00,2257734.7095318986
2023-12-11 05:30:00,2257734.7095318986
2023-12-11 06:00:00,2257734.7095318986
2023-12-11 06:30:00,2257702.2430795925
2023-12-11 07:00:00,2257702.2430795925
2023-12-11 13:00:00,2257702.2430795925
2023-12-11 13:30:00,2257702.2430795925
2023-12-11 14:00:00,2257702.2430795925
2023-12-11 14:30:00,2257702.2430795925
2023-12-12 01:00:00,2257702.2430795925
2023-12-12 01:30:00,2257702.2430795925
2023-12-12 02:00:00,2259407.163320527
2023-12-12 02:30:00,2259407.163320527
2023-12-12 03:00:00,2259407.163320527
2023-12-12 05:00:00,2259407.163320527
2023-12-12 05:30:00,2259407.163320527
2023-12-12 06:00:00,2259407.163320527
2023-12-12 06:30:00,2259407.163320527
2023-12-12 07:00:00,2259407.163320527
2023-12-12 13:00:00,2259407.163320527
2023-12-12 13:30:00,2259407.163320527
2023-12-12 14:00:00,2259407.163320527
2023-12-12 14:30:00,2259365.414076939
2023-12-13 01:00:00,2259365.414076939
2023-12-13 01:30:00,2259365.414076939
2023-12-13 02:00:00,2259365.414076939
2023-12-13 02:30:00,2259365.414076939
2023-12-13 03:00:00,2259365.414076939
2023-12-13 05:00:00,2259365.414076939
2023-12-13 05:30:00,2259365.414076939
2023-12-13 06:00:00,2263863.555159433
2023-12-13 06:30:00,2263863.555159433
2023-12-13 07:00:00,2263863.555159433
2023-12-13 13:00:00,2263863.555159433
2023-12-13 13:30:00,2267506.2960885214
2023-12-13 14:00:00,2267506.2960885214
2023-12-13 14:30:00,2267506.2960885214
2023-12-14 01:00:00,2267506.2960885214
2023-12-14 01:30:00,2267506.2960885214
2023-12-14 02:00:00,2267506.2960885214
2023-12-14 02:30:00,2267506.2960885214
2023-12-14 03:00:00,2267126.701739156
2023-12-14 05:00:00,2267126.701739156
2023-12-14 05:30:00,2267126.701739156
2023-12-14 06:00:00,2267126.701739156
2023-12-14 06:30:00,2267126.701739156
2023-12-14 07:00:00,2267126.701739156
2023-12-14 13:00:00,2267126.701739156
2023-12-14 13:30:00,2267126.701739156
2023-12-14 14:00:00,2267126.701739156
2023-12-14 14:30:00,2267126.701739156
2023-12-15 01:00:00,2267126.701739156
2023-12-15 01:30:00,2267126.701739156
2023-12-15 02:00:00,2267126.701739156
2023-12-15 02:30:00,2267126.701739156
2023-12-15 03:00:00,2267126.701739156
2023-12-15 05:00:00,2267126.701739156
2023-12-15 05:30:00,2267126.701739156
2023-12-15 06:00:00,2267126.701739156
2023-12-15 06:30:00,2267126.701739156
2023-12-15 07:00:00,2267126.701739156
2023-12-15 13:00:00,2267126.701739156
2023-12-15 13:30:00,2267033.647757304
2023-12-15 14:00:00,2266683.452694083
2023-12-15 14:30:00,2266683.452694083
2023-12-18 01:00:00,2266683.452694083
2023-12-18 01:30:00,2266683.452694083
2023-12-18 02:00:00,2268483.2991938833
2023-12-18 02:30:00,2268483.2991938833
2023-12-18 03:00:00,2268483.2991938833
2023-12-18 05:00:00,2268483.2991938833
2023-12-18 05:30:00,2268483.2991938833
2023-12-18 06:00:00,2268483.2991938833
2023-12-18 06:30:00,2268483.2991938833
2023-12-18 07:00:00,2268483.2991938833
2023-12-18 13:00:00,2269221.10605326
2023-12-18 13:30:00,2269221.10605326
2023-12-18 14:00:00,2269221.10605326
2023-12-18 14:30:00,2269221.10605326
2023-12-19 01:00:00,2268476.8858285723
2023-12-19 01:30:00,2267912.3904027734
2023-12-19 02:00:00,2267717.6620016345
2023-12-19 02:30:00,2267717.6620016345
2023-12-19 03:00:00,2267717.6620016345
2023-12-19 05:00:00,2267717.6620016345
2023-12-19 05:30:00,2267717.6620016345
2023-12-19 06:00:00,2267717.6620016345
2023-12-19 06:30:00,2267717.6620016345
2023-12-19 07:00:00,2267717.6620016345
2023-12-19 13:00:00,2267717.6620016345
2023-12-19 13:30:00,2267717.6620016345
2023-12-19 14:00:00,2267717.6620016345
2023-12-19 14:30:00,2267717.6620016345
2023-12-20 01:00:00,2267213.9124354767
2023-12-20 01:30:00,2267213.9124354767
2023-12-20 02:00:00,2266521.6996871484
2023-12-20 02:30:00,2266521.6996871484
2023-12-20 03:00:00,2266521.6996871484
2023-12-20 05:00:00,2266521.6996871484
2023-12-20 05:30:00,2266521.6996871484
2023-12-20 06:00:00,2266521.6996871484
2023-12-20 06:30:00,2266521.6996871484
2023-12-20 07:00:00,2266521.6996871484
2023-12-20 13:00:00,2266521.6996871484
2023-12-20 13:30:00,2266521.6996871484
2023-12-20 14:00:00,2266521.6996871484
2023-12-20 14:30:00,2265556.4987664367
2023-12-21 01:00:00,2265556.4987664367
2023-12-21 01:30:00,2265556.4987664367
2023-12-21 02:00:00,2265556.4987664367
2023-12-21 02:30:00,2265556.4987664367
2023-12-21 03:00:00,2265556.4987664367
2023-12-21 05:00:00,2265556.4987664367
2023-12-21 05:30:00,2265556.4987664367
2023-12-21 06:00:00,2265556.4987664367
2023-12-21 06:30:00,2265556.4987664367
2023-12-21 07:00:00,2265556.4987664367
2023-12-21 13:00:00,2265556.4987664367
2023-12-21 13:30:00,2265203.009945456
2023-12-21 14:00:00,2265203.009945456
2023-12-21 14:30:00,2264673.5914915944
2023-12-22 01:00:00,2264673.5914915944
2023-12-22 01:30:00,2264673.5914915944
2023-12-22 02:00:00,2264673.5914915944
2023-12-22 02:30:00,2264862.613692582
2023-12-22 03:00:00,2264862.613692582
2023-12-22 05:00:00,2264862.613692582
2023-12-22 05:30:00,2265576.414373172
2023-12-22 06:00:00,2266339.103203192
2023-12-22 06:30:00,2266339.103203192
2023-12-22 07:00:00,2266339.103203192
2023-12-22 13:00:00,2266339.103203192
2023-12-22 13:30:00,2266339.103203192
2023-12-22 14:00:00,2266339.103203192
2023-12-22 14:30:00,2266339.103203192
2023-12-25 01:00:00,2266339.103203192
2023-12-25 01:30:00,2265935.0120751793
2023-12-25 02:00:00,2265935.0120751793
2023-12-25 02:30:00,2265935.0120751793
2023-12-25 03:00:00,2265935.0120751793
2023-12-25 05:00:00,2265935.0120751793
2023-12-25 05:30:00,2265935.0120751793
2023-12-25 06:00:00,2266589.0707874647
2023-12-25 06:30:00,2266589.0707874647
2023-12-25 07:00:00,2266589.0707874647
2023-12-25 13:00:00,2266589.0707874647
2023-12-25 13:30:00,2265769.319871901
2023-12-25 14:00:00,2265769.319871901
2023-12-25 14:30:00,2265769.319871901
2023-12-26 01:00:00,2265769.319871901
2023-12-26 01:30:00,2265769.319871901
2023-12-26 02:00:00,2265769.319871901
2023-12-26 02:30:00,2265769.319871901
2023-12-26 03:00:00,2265769.319871901
2023-12-26 05:00:00,2265769.319871901
2023-12-26 05:30:00,2265769.319871901
2023-12-26 06:00:00,2265769.319871901
2023-12-26 06:30:00,2265769.319871901
2023-12-26 07:00:00,2265769.319871901
2023-12-26 13:00:00,2265769.319871901
2023-12-26 13:30:00,2265395.479391203
2023-12-26 14:00:00,2264859.5467712223
2023-12-26 14:30:00,2264859.5467712223
2023-12-27 01:00:00,2264859.5467712223
2023-12-27 01:30:00,2264859.5467712223
2023-12-27 02:00:00,2264859.5467712223
2023-12-27 02:30:00,2264859.5467712223
2023-12-27 03:00:00,2264066.020793229
2023-12-27 05:00:00,2264066.020793229
2023-12-27 05:30:00,2264066.020793229
2023-12-27 06:00:00,2264066.020793229
2023-12-27 06:30:00,2264066.020793229
2023-12-27 07:00:00,2264066.020793229
2023-12-27 13:00:00,2263397.2453543604
2023-12-27 13:30:00,2263397.2453543604
2023-12-27 14:00:00,2263397.2453543604
2023-12-27 14:30:00,2263397.2453543604
2023-12-28 01:00:00,2263397.2453543604
2023-12-28 01:30:00,2262952.0498958915
2023-12-28 02:00:00,2262952.0498958915
2023-12-28 02:30:00,2262952.0498958915
2023-12-28 03:00:00,2262501.251677011
2023-12-28 05:00:00,2262501.251677011
2023-12-28 05:30:00,2263686.5921694087
2023-12-28 06:00:00,2263686.5921694087
2023-12-28 06:30:00,2263686.5921694087
2023-12-28 07:00:00,2263686.5921694087
2023-12-28 13:00:00,2263686.5921694087
2023-12-28 13:30:00,2263686.5921694087
2023-12-28 14:00:00,2263686.5921694087
2023-12-28 14:30:00,2263686.5921694087
2023-12-29 01:00:00,2263686.5921694087
2023-12-29 01:30:00,2264157.5856446465
2023-12-29 02:00:00,2263507.5856446465
2023-12-29 02:30:00,2263507.5856446465
2023-12-29 03:00:00,2265281.45653189
2023-12-29 05:00:00,2265281.45653189
2023-12-29 05:30:00,2265281.45653189
2023-12-29 06:00:00,2265281.45653189
2023-12-29 06:30:00,2265281.45653189
2023-12-29 07:00:00,2265281.45653189
2024-01-02 01:00:00,2265281.45653189
2024-01-02 01:30:00,2266059.1855157646
2024-01-02 02:00:00,2266059.1855157646
2024-01-02 02:30:00,2266059.1855157646
2024-01-02 03:00:00,2266059.1855157646
2024-01-02 05:00:00,2266059.1855157646
2024-01-02 05:30:00,2265348.197848236
2024-01-02 06:00:00,2265348.197848236
2024-01-02 06:30:00,2265348.197848236
2024-01-02 07:00:00,2265348.197848236
2024-01-02 13:00:00,2265348.197848236
2024-01-02 13:30:00,2265348.197848236
2024-01-02 14:00:00,2265348.197848236
2024-01-02 14:30:00,2265348.197848236
2024-01-03 01:00:00,2265348.197848236
2024-01-03 01:30:00,2265593.2046767836
2024-01-03 02:00:00,2265593.2046767836
2024-01-03 02:30:00,2265593.2046767836
2024-01-03 03:00:00,2265593.2046767836
2024-01-03 05:00:00,2265593.2046767836
2024-01-03 05:30:00,2266108.6090021394
2024-01-03 06:00:00,2269065.3131644363
2024-01-03 06:30:00,2269065.3131644363
2024-01-03 07:00:00,2269065.3131644363
2024-01-03 13:00:00,2269065.3131644363
2024-01-03 13:30:00,2269145.552701388
2024-01-03 14:00:00,2269145.552701388
2024-01-03 14:30:00,2269145.552701388
2024-01-04 01:00:00,2269050.844868381
2024-01-04 01:30:00,2269941.876275404
2024-01-04 02:00:00,2269941.876275404
2024-01-04 02:30:00,2270709.514261015
2024-01-04 03:00:00,2270709.514261015
2024-01-04 05:00:00,2270709.514261015
2024-01-04 05:30:00,2270709.514261015
2024-01-04 06:00:00,2270709.514261015
2024-01-04 06:30:00,2270709.514261015
2024-01-04 07:00:00,2270709.514261015
2024-01-04 13:00:00,2270709.514261015
2024-01-04 13:30:00,2270511.076957038
2024-01-04 14:00:00,2270511.076957038
2024-01-04 14:30:00,2270511.076957038
2024-01-05 01:00:00,2270511.076957038
2024-01-05 01:30:00,2270511.076957038
2024-01-05 02:00:00,2270511.076957038
2024-01-05 02:30:00,2270511.076957038
2024-01-05 03:00:00,2270511.076957038
2024-01-05 05:00:00,2270511.076957038
2024-01-05 05:30:00,2270422.3624892235
2024-01-05 06:00:00,2270422.3624892235
2024-01-05 06:30:00,2271257.465874377
2024-01-05 07:00:00,2271257.465874377
2024-01-05 13:00:00,2271257.465874377
2024-01-05 13:30:00,2271257.465874377
2024-01-05 14:00:00,2271257.465874377
2024-01-05 14:30:00,2271257.465874377
2024-01-08 01:00:00,2271257.465874377
2024-01-08 01:30:00,2271239.4725264073
2024-01-08 02:00:00,2271239.4725264073
2024-01-08 02:30:00,2271239.4725264073
2024-01-08 03:00:00,2271239.4725264073
2024-01-08 05:00:00,2271239.4725264073
2024-01-08 05:30:00,2271239.4725264073
2024-01-08 06:00:00,2271239.4725264073
2024-01-08 06:30:00,2274736.137740635
2024-01-08 07:00:00,2274736.137740635
2024-01-08 13:00:00,2274736.137740635
2024-01-08 13:30:00,2274736.137740635
2024-01-08 14:00:00,2274736.137740635
2024-01-08 14:30:00,2274736.137740635
2024-01-09 01:00:00,2274736.137740635
2024-01-09 01:30:00,2274736.137740635
2024-01-09 02:00:00,2323450.99757784
2024-01-09 02:30:00,2323450.99757784
2024-01-09 03:00:00,2323450.99757784
2024-01-09 05:00:00,2323450.99757784
2024-01-09 05:30:00,2323450.99757784
2024-01-09 06:00:00,2329632.2733433424
2024-01-09 06:30:00,2329632.2733433424
2024-01-09 07:00:00,2329632.2733433424
2024-01-09 13:00:00,2329632.2733433424
2024-01-09 13:30:00,2332141.8817001274
2024-01-09 14:00:00,2332141.8817001274
2024-01-09 14:30:00,2332141.8817001274
2024-01-10 01:00:00,2332141.8817001274
2024-01-10 01:30:00,2332141.8817001274
2024-01-10 02:00:00,2332081.8935375046
2024-01-10 02:30:00,2332081.8935375046
2024-01-10 03:00:00,2332081.8935375046
2024-01-10 05:00:00,2332081.8935375046
2024-01-10 05:30:00,2332081.8935375046
2024-01-10 06:00:00,2332081.8935375046
2024-01-10 06:30:00,2332081.8935375046
2024-01-10 07:00:00,2332081.8935375046
2024-01-10 13:00:00,2332081.8935375046
2024-01-10 13:30:00,2334377.3952349024
2024-01-10 14:00:00,2334377.3952349024
2024-01-10 14:30:00,2334377.3952349024
2024-01-11 01:00:00,2336607.186879512
2024-01-11 01:30:00,2336607.186879512
2024-01-11 02:00:00,2336607.186879512
2024-01-11 02:30:00,2336607.186879512
2024-01-11 03:00:00,2336607.186879512
2024-01-11 05:00:00,2336607.186879512
2024-01-11 05:30:00,2336607.186879512
2024-01-11 06:00:00,2336607.186879512
2024-01-11 06:30:00,2336607.186879512
2024-01-11 07:00:00,2336607.186879512
2024-01-11 13:00:00,2336607.186879512
2024-01-11 13:30:00,2336607.186879512
2024-01-11 14:00:00,2336607.186879512
2024-01-11 14:30:00,2336607.186879512
2024-01-12 01:00:00,2336607.186879512
2024-01-12 01:30:00,2336607.186879512
2024-01-12 02:00:00,2336607.186879512
2024-01-12 02:30:00,2336607.186879512
2024-01-12 03:00:00,2336607.186879512
2024-01-12 05:00:00,2336607.186879512
2024-01-12 05:30:00,2336607.186879512
2024-01-12 06:00:00,2336607.186879512
2024-01-12 06:30:00,2336607.186879512
2024-01-12 07:00:00,2336607.186879512
2024-01-12 13:00:00,2336607.186879512
2024-01-12 13:30:00,2336607.186879512
2024-01-12 14:00:00,2336607.186879512
2024-01-12 14:30:00,2336607.186879512
2024-01-15 01:00:00,2333797.8008619025
2024-01-15 01:30:00,2333797.8008619025
2024-01-15 02:00:00,2333797.8008619025
2024-01-15 02:30:00,2333892.852909574
2024-01-15 03:00:00,2333892.852909574
2024-01-15 05:00:00,2333892.852909574
2024-01-15 05:30:00,2333892.852909574
2024-01-15 06:00:00,2333892.852909574
2024-01-15 06:30:00,2333892.852909574
2024-01-15 07:00:00,2333892.852909574
2024-01-15 13:00:00,2333892.852909574
2024-01-15 13:30:00,2332752.852909574
2024-01-15 14:00:00,2332752.852909574
2024-01-15 14:30:00,2332752.852909574
2024-01-16 01:00:00,2332752.852909574
2024-01-16 01:30:00,2332479.7689461987
2024-01-16 02:00:00,2332638.946902112
2024-01-16 02:30:00,2332638.946902112
2024-01-16 03:00:00,2332317.786138484
2024-01-16 05:00:00,2332317.786138484
2024-01-16 05:30:00,2332317.786138484
2024-01-16 06:00:00,2332317.786138484
2024-01-16 06:30:00,2332317.786138484
2024-01-16 07:00:00,2332317.786138484
2024-01-16 13:00:00,2332671.1430014833
2024-01-16 13:30:00,2332671.1430014833
2024-01-16 14:00:00,2332671.1430014833
2024-01-16 14:30:00,2332671.1430014833
2024-01-17 01:00:00,2332220.896022093
2024-01-17 01:30:00,2332220.896022093
2024-01-17 02:00:00,2331610.6527454397
2024-01-17 02:30:00,2331229.9362355173
2024-01-17 03:00:00,2331229.9362355173
2024-01-17 05:00:00,2331229.9362355173
2024-01-17 05:30:00,2331229.9362355173
2024-01-17 06:00:00,2331229.9362355173
2024-01-17 06:30:00,2331229.9362355173
2024-01-17 07:00:00,2331229.9362355173
2024-01-17 13:00:00,2331229.9362355173
2024-01-17 13:30:00,2331229.9362355173
2024-01-17 14:00:00,2331229.9362355173
2024-01-17 14:30:00,2331229.9362355173
2024-01-18 01:00:00,2331009.5381911215
2024-01-18 01:30:00,2327167.2384363096
2024-01-18 02:00:00,2327167.2384363096
2024-01-18 02:30:00,2327167.2384363096
2024-01-18 03:00:00,2327167.2384363096
2024-01-18 05:00:00,2327167.2384363096
2024-01-18 05:30:00,2327167.2384363096
2024-01-18 06:00:00,2327167.2384363096
2024-01-18 06:30:00,2326690.2122947667
2024-01-18 07:00:00,2326690.2122947667
2024-01-18 13:00:00,2326159.084717336
2024-01-18 13:30:00,2326159.084717336
2024-01-18 14:00:00,2326159.084717336
2024-01-18 14:30:00,2326159.084717336
2024-01-19 01:00:00,2326159.084717336
2024-01-19 01:30:00,2325346.360834351
2024-01-19 02:00:00,2325346.360834351
2024-01-19 02:30:00,2325346.360834351
2024-01-19 03:00:00,2325346.360834351
2024-01-19 05:00:00,2325346.360834351
2024-01-19 05:30:00,2325346.360834351
2024-01-19 06:00:00,2325346.360834351
2024-01-19 06:30:00,2325346.360834351
2024-01-19 07:00:00,2325346.360834351
2024-01-19 13:00:00,2324533.4830265343
2024-01-19 13:30:00,2323921.3431018684
2024-01-19 14:00:00,2323921.3431018684
2024-01-19 14:30:00,2323921.3431018684
2024-01-22 01:00:00,2323921.3431018684
2024-01-22 01:30:00,2324242.972664476
2024-01-22 02:00:00,2324242.972664476
2024-01-22 02:30:00,2324242.972664476
2024-01-22 03:00:00,2324242.972664476
2024-01-22 05:00:00,2324242.972664476
2024-01-22 05:30:00,2324242.972664476
2024-01-22 06:00:00,2324242.972664476
2024-01-22 06:30:00,2332784.262513821
2024-01-22 07:00:00,2332784.262513821
2024-01-22 13:00:00,2332784.262513821
2024-01-22 13:30:00,2332784.262513821
2024-01-22 14:00:00,2332784.262513821
2024-01-22 14:30:00,2332392.31541145
2024-01-23 01:00:00,2332392.31541145
2024-01-23 01:30:00,2332669.4275792646
2024-01-23 02:00:00,2332669.4275792646
2024-01-23 02:30:00,2330649.4046046957
2024-01-23 03:00:00,2330649.4046046957
2024-01-23 05:00:00,2330649.4046046957
2024-01-23 05:30:00,2330649.4046046957
2024-01-23 06:00:00,2330649.4046046957
2024-01-23 06:30:00,2330649.4046046957
2024-01-23 07:00:00,2330649.4046046957
2024-01-23 13:00:00,2330649.4046046957
2024-01-23 13:30:00,2330649.4046046957
2024-01-23 14:00:00,2330649.4046046957
2024-01-23 14:30:00,2330649.4046046957
2024-01-24 01:00:00,2330649.4046046957
2024-01-24 01:30:00,2330649.4046046957
2024-01-24 02:00:00,2330649.4046046957
2024-01-24 02:30:00,2330649.4046046957
2024-01-24 03:00:00,2330649.4046046957
2024-01-24 05:00:00,2330649.4046046957
2024-01-24 05:30:00,2330649.4046046957
2024-01-24 06:00:00,2330649.4046046957
2024-01-24 06:30:00,2330649.4046046957
2024-01-24 07:00:00,2330649.4046046957
2024-01-24 13:00:00,2330649.4046046957
2024-01-24 13:30:00,2330649.4046046957
2024-01-24 14:00:00,2330649.4046046957
2024-01-24 14:30:00,2330649.4046046957
2024-01-25 01:00:00,2330649.4046046957
2024-01-25 01:30:00,2330649.4046046957
2024-01-25 02:00:00,2330649.4046046957
2024-01-25 02:30:00,2330649.4046046957
2024-01-25 03:00:00,2331429.148352657
2024-01-25 05:00:00,2331429.148352657
2024-01-25 05:30:00,2331429.148352657
2024-01-25 06:00:00,2331429.148352657
2024-01-25 06:30:00,2331429.148352657
2024-01-25 07:00:00,2331429.148352657
2024-01-25 13:00:00,2331429.148352657
2024-01-25 13:30:00,2331429.148352657
2024-01-25 14:00:00,2331429.148352657
2024-01-25 14:30:00,2331429.148352657
2024-01-26 01:00:00,2331429.148352657
2024-01-26 01:30:00,2331429.148352657
2024-01-26 02:00:00,2331429.148352657
2024-01-26 02:30:00,2331429.148352657
2024-01-26 03:00:00,2331429.148352657
2024-01-26 05:00:00,2331429.148352657
2024-01-26 05:30:00,2331429.148352657
2024-01-26 06:00:00,2331632.251759022
2024-01-26 06:30:00,2331632.251759022
2024-01-26 07:00:00,2331632.251759022
2024-01-26 13:00:00,2331632.251759022
2024-01-26 13:30:00,2331099.3762579733
2024-01-26 14:00:00,2331099.3762579733
2024-01-26 14:30:00,2331404.4114790377
2024-01-29 01:00:00,2331404.4114790377
2024-01-29 01:30:00,2331404.4114790377
2024-01-29 02:00:00,2331404.4114790377
2024-01-29 02:30:00,2331404.4114790377
2024-01-29 03:00:00,2331404.4114790377
2024-01-29 05:00:00,2331404.4114790377
2024-01-29 05:30:00,2330647.3275068994
2024-01-29 06:00:00,2330647.3275068994
2024-01-29 06:30:00,2329662.2610521656
2024-01-29 07:00:00,2329662.2610521656
2024-01-29 13:00:00,2329662.2610521656
2024-01-29 13:30:00,2329662.2610521656
2024-01-29 14:00:00,2329662.2610521656
2024-01-29 14:30:00,2329662.2610521656
2024-01-30 01:00:00,2329662.2610521656
2024-01-30 01:30:00,2329662.2610521656
2024-01-30 02:00:00,2329662.2610521656
2024-01-30 02:30:00,2329662.2610521656
2024-01-30 03:00:00,2329662.2610521656
2024-01-30 05:00:00,2329662.2610521656
2024-01-30 05:30:00,2329662.2610521656
2024-01-30 06:00:00,2328467.8577707703
2024-01-30 06:30:00,2328467.8577707703
2024-01-30 07:00:00,2328467.8577707703
2024-01-30 13:00:00,2328467.8577707703
2024-01-30 13:30:00,2328467.8577707703
2024-01-30 14:00:00,2328467.8577707703
2024-01-30 14:30:00,2328467.8577707703
2024-01-31 01:00:00,2328467.8577707703
2024-01-31 01:30:00,2328025.408919619
2024-01-31 02:00:00,2328025.408919619
2024-01-31 02:30:00,2328025.408919619
2024-01-31 03:00:00,2328025.408919619
2024-01-31 05:00:00,2328025.408919619
2024-01-31 05:30:00,2328025.408919619
2024-01-31 06:00:00,2328025.408919619
2024-01-31 06:30:00,2328025.408919619
2024-01-31 07:00:00,2328025.408919619
2024-01-31 13:00:00,2328166.2664141627
2024-01-31 13:30:00,2328166.2664141627
2024-01-31 14:00:00,2328166.2664141627
2024-01-31 14:30:00,2328166.2664141627
2024-02-01 01:00:00,2328166.2664141627
2024-02-01 01:30:00,2328166.2664141627
2024-02-01 02:00:00,2328166.2664141627
2024-02-01 02:30:00,2328166.2664141627
2024-02-01 03:00:00,2328166.2664141627
2024-02-01 05:00:00,2328166.2664141627
2024-02-01 05:30:00,2328166.2664141627
2024-02-01 06:00:00,2328166.2664141627
2024-02-01 06:30:00,2328166.2664141627
2024-02-01 07:00:00,2328166.2664141627
2024-02-01 13:00:00,2328166.2664141627
2024-02-01 13:30:00,2328166.2664141627
2024-02-01 14:00:00,2328166.2664141627
2024-02-01 14:30:00,2328166.2664141627
2024-02-02 01:00:00,2328166.2664141627
2024-02-02 01:30:00,2328887.8908813624
2024-02-02 02:00:00,2328887.8908813624
2024-02-02 02:30:00,2328887.8908813624
2024-02-02 03:00:00,2328887.8908813624
2024-02-02 05:00:00,2328887.8908813624
2024-02-02 05:30:00,2328887.8908813624
2024-02-02 06:00:00,2328887.8908813624
2024-02-02 06:30:00,2328887.8908813624
2024-02-02 07:00:00,2328887.8908813624
2024-02-02 13:00:00,2328887.8908813624
2024-02-02 13:30:00,2328887.8908813624
2024-02-02 14:00:00,2328887.8908813624
2024-02-02 14:30:00,2328887.8908813624
2024-02-05 01:00:00,2328887.8908813624
2024-02-05 01:30:00,2330379.396806504
2024-02-05 02:00:00,2330379.396806504
2024-02-05 02:30:00,2330379.396806504
2024-02-05 03:00:00,2330379.396806504
2024-02-05 05:00:00,2330379.396806504
2024-02-05 05:30:00,2329747.449376011
2024-02-05 06:00:00,2329747.449376011
2024-02-05 06:30:00,2329747.449376011
2024-02-05 07:00:00,2329747.449376011
2024-02-05 13:00:00,2329747.449376011
2024-02-05 13:30:00,2329069.065591802
2024-02-05 14:00:00,2329069.065591802
2024-02-05 14:30:00,2329069.065591802
2024-02-06 01:00:00,2329069.065591802
2024-02-06 01:30:00,2329069.065591802
2024-02-06 02:00:00,2329586.122331088
2024-02-06 02:30:00,2329586.122331088
2024-02-06 03:00:00,2329586.122331088
2024-02-06 05:00:00,2329586.122331088
2024-02-06 05:30:00,2329586.122331088
2024-02-06 06:00:00,2329586.122331088
2024-02-06 06:30:00,2330136.122331088
2024-02-06 07:00:00,2330136.122331088
2024-02-06 13:00:00,2330136.122331088
2024-02-06 13:30:00,2329766.122331088
2024-02-06 14:00:00,2329766.122331088
2024-02-06 14:30:00,2329766.122331088
2024-02-07 01:00:00,2329766.122331088
2024-02-07 01:30:00,2329766.122331088
2024-02-07 02:00:00,2329388.339245589
2024-02-07 02:30:00,2329388.339245589
2024-02-07 03:00:00,2330803.3746736296
2024-02-07 05:00:00,2330803.3746736296
2024-02-07 05:30:00,2330803.3746736296
2024-02-07 06:00:00,2330803.3746736296
2024-02-07 06:30:00,2330803.3746736296
2024-02-07 07:00:00,2330803.3746736296
2024-02-07 13:00:00,2329311.5565445665
2024-02-07 13:30:00,2328434.920895446
2024-02-07 14:00:00,2329232.02626141
2024-02-07 14:30:00,2329232.02626141
2024-02-08 01:00:00,2328789.2278228747
2024-02-08 01:30:00,2329411.858480564
2024-02-08 02:00:00,2329411.858480564
2024-02-08 02:30:00,2329411.858480564
2024-02-08 03:00:00,2329411.858480564
2024-02-08 05:00:00,2329411.858480564
2024-02-08 05:30:00,2329411.858480564
2024-02-08 06:00:00,2329411.858480564
2024-02-08 06:30:00,2329411.858480564
2024-02-08 07:00:00,2329411.858480564
2024-02-19 01:00:00,2329411.858480564
2024-02-19 01:30:00,2329711.858480564
2024-02-19 02:00:00,2329711.858480564
2024-02-19 02:30:00,2329711.858480564
2024-02-19 03:00:00,2329711.858480564
2024-02-19 05:00:00,2329711.858480564
2024-02-19 05:30:00,2331303.4694321044
2024-02-19 06:00:00,2331303.4694321044
2024-02-19 06:30:00,2331303.4694321044
2024-02-19 07:00:00,2331303.4694321044
2024-02-19 13:00:00,2330780.946216581
2024-02-19 13:30:00,2330780.946216581
2024-02-19 14:00:00,2330780.946216581
2024-02-19 14:30:00,2331459.0441646944
2024-02-20 01:00:00,2331459.0441646944
2024-02-20 01:30:00,2331459.0441646944
2024-02-20 02:00:00,2331459.0441646944
2024-02-20 02:30:00,2331459.0441646944
2024-02-20 03:00:00,2331459.0441646944
2024-02-20 05:00:00,2331459.0441646944
2024-02-20 05:30:00,2332557.1582734413
2024-02-20 06:00:00,2332557.1582734413
2024-02-20 06:30:00,2332557.1582734413
2024-02-20 07:00:00,2332557.1582734413
2024-02-20 13:00:00,2332665.7784815845
2024-02-20 13:30:00,2332665.7784815845
2024-02-20 14:00:00,2332665.7784815845
2024-02-20 14:30:00,2332665.7784815845
2024-02-21 01:00:00,2332665.7784815845
2024-02-21 01:30:00,2332665.7784815845
2024-02-21 02:00:00,2332665.7784815845
2024-02-21 02:30:00,2332665.7784815845
2024-02-21 03:00:00,2348551.325210979
2024-02-21 05:00:00,2348551.325210979
2024-02-21 05:30:00,2347919.739399017
2024-02-21 06:00:00,2347919.739399017
2024-02-21 06:30:00,2347919.739399017
2024-02-21 07:00:00,2347919.739399017
2024-02-21 13:00:00,2347920.8192667947
2024-02-21 13:30:00,2347920.8192667947
2024-02-21 14:00:00,2347920.8192667947
2024-02-21 14:30:00,2347920.8192667947
2024-02-22 01:00:00,2347920.8192667947
2024-02-22 01:30:00,2347920.8192667947
2024-02-22 02:00:00,2347920.8192667947
2024-02-22 02:30:00,2347920.8192667947
2024-02-22 03:00:00,2347920.8192667947
2024-02-22 05:00:00,2347920.8192667947
2024-02-22 05:30:00,2347920.8192667947
2024-02-22 06:00:00,2348312.908146423
2024-02-22 06:30:00,2348312.908146423
2024-02-22 07:00:00,2348312.908146423
2024-02-22 13:00:00,2348312.908146423
2024-02-22 13:30:00,2347443.075179916
2024-02-22 14:00:00,2347443.075179916
2024-02-22 14:30:00,2347443.075179916
2024-02-23 01:00:00,2347443.075179916
2024-02-23 01:30:00,2347443.075179916
2024-02-23 02:00:00,2347443.075179916
2024-02-23 02:30:00,2347443.075179916
2024-02-23 03:00:00,2347443.075179916
2024-02-23 05:00:00,2347443.075179916
2024-02-23 05:30:00,2347443.075179916
2024-02-23 06:00:00,2347443.075179916
2024-02-23 06:30:00,2347443.075179916
2024-02-23 07:00:00,2347443.075179916
2024-02-23 13:00:00,2347443.075179916
2024-02-23 13:30:00,2347443.075179916
2024-02-23 14:00:00,2347443.075179916
2024-02-23 14:30:00,2347443.075179916
2024-02-26 01:00:00,2347443.075179916
2024-02-26 01:30:00,2347443.075179916
2024-02-26 02:00:00,2347443.075179916
2024-02-26 02:30:00,2347443.075179916
2024-02-26 03:00:00,2347443.075179916
2024-02-26 05:00:00,2347443.075179916
2024-02-26 05:30:00,2347034.4452477726
2024-02-26 06:00:00,2347034.4452477726
2024-02-26 06:30:00,2347034.4452477726
2024-02-26 07:00:00,2347034.4452477726
2024-02-26 13:00:00,2347034.4452477726
2024-02-26 13:30:00,2347034.4452477726
2024-02-26 14:00:00,2347034.4452477726
2024-02-26 14:30:00,2346390.5278070704
2024-02-27 01:00:00,2346390.5278070704
2024-02-27 01:30:00,2346390.5278070704
2024-02-27 02:00:00,2346390.5278070704
2024-02-27 02:30:00,2346390.5278070704
2024-02-27 03:00:00,2346390.5278070704
2024-02-27 05:00:00,2346390.5278070704
2024-02-27 05:30:00,2346390.5278070704
2024-02-27 06:00:00,2346390.5278070704
2024-02-27 06:30:00,2346390.5278070704
2024-02-27 07:00:00,2346390.5278070704
2024-02-27 13:00:00,2346390.5278070704
2024-02-27 13:30:00,2346390.5278070704
2024-02-27 14:00:00,2346390.5278070704
2024-02-27 14:30:00,2346390.5278070704
2024-02-28 01:00:00,2346390.5278070704
2024-02-28 01:30:00,2346372.5993191577
2024-02-28 02:00:00,2346372.5993191577
2024-02-28 02:30:00,2346464.262621492
2024-02-28 03:00:00,2348425.559805024
2024-02-28 05:00:00,2342451.4553060587
2024-02-28 05:30:00,2342451.4553060587
2024-02-28 06:00:00,2342451.4553060587
2024-02-28 06:30:00,2342451.4553060587
2024-02-28 07:00:00,2342451.4553060587
2024-02-28 13:00:00,2342451.4553060587
2024-02-28 13:30:00,2342924.4538810453
2024-02-28 14:00:00,2342924.4538810453
2024-02-28 14:30:00,2342924.4538810453
2024-02-29 01:00:00,2342924.4538810453
2024-02-29 01:30:00,2342924.4538810453
2024-02-29 02:00:00,2342924.4538810453
2024-02-29 02:30:00,2342924.4538810453
2024-02-29 03:00:00,2342924.4538810453
2024-02-29 05:00:00,2342924.4538810453
2024-02-29 05:30:00,2344908.76818964
2024-02-29 06:00:00,2344908.76818964
2024-02-29 06:30:00,2343682.540091626
2024-02-29 07:00:00,2343682.540091626
2024-02-29 13:00:00,2343420.896285642
2024-02-29 13:30:00,2342950.41243805
2024-02-29 14:00:00,2342950.41243805
2024-02-29 14:30:00,2342950.41243805
2024-03-01 01:00:00,2342950.41243805
2024-03-01 01:30:00,2342950.41243805
2024-03-01 02:00:00,2342950.41243805
2024-03-01 02:30:00,2342950.41243805
2024-03-01 03:00:00,2342950.41243805
2024-03-01 05:00:00,2342950.41243805
2024-03-01 05:30:00,2343961.0654411027
2024-03-01 06:00:00,2344058.2236486347
2024-03-01 06:30:00,2344058.2236486347
2024-03-01 07:00:00,2344058.2236486347
2024-03-01 13:00:00,2344058.2236486347
2024-03-01 13:30:00,2344058.2236486347
2024-03-01 14:00:00,2344058.2236486347
2024-03-01 14:30:00,2344058.2236486347
2024-03-04 01:00:00,2344058.2236486347
2024-03-04 01:30:00,2343301.159934504
2024-03-04 02:00:00,2343301.159934504
2024-03-04 02:30:00,2343301.159934504
2024-03-04 03:00:00,2343301.159934504
2024-03-04 05:00:00,2343301.159934504
2024-03-04 05:30:00,2343301.159934504
2024-03-04 06:00:00,2343301.159934504
2024-03-04 06:30:00,2342904.10212159
2024-03-04 07:00:00,2342904.10212159
2024-03-04 13:00:00,2342438.4270267757
2024-03-04 13:30:00,2342438.4270267757
2024-03-04 14:00:00,2342438.4270267757
2024-03-04 14:30:00,2342438.4270267757
2024-03-05 01:00:00,2342438.4270267757
2024-03-05 01:30:00,2342438.4270267757
2024-03-05 02:00:00,2342438.4270267757
2024-03-05 02:30:00,2342438.4270267757
2024-03-05 03:00:00,2341360.0069895764
2024-03-05 05:00:00,2341360.0069895764
2024-03-05 05:30:00,2341360.0069895764
2024-03-05 06:00:00,2341360.0069895764
2024-03-05 06:30:00,2341360.0069895764
2024-03-05 07:00:00,2341360.0069895764
2024-03-05 13:00:00,2341360.0069895764
2024-03-05 13:30:00,2341360.0069895764
2024-03-05 14:00:00,2341360.0069895764
2024-03-05 14:30:00,2341360.0069895764
2024-03-06 01:00:00,2341360.0069895764
2024-03-06 01:30:00,2341360.0069895764
2024-03-06 02:00:00,2341321.7180912155
2024-03-06 02:30:00,2341321.7180912155
2024-03-06 03:00:00,2341321.7180912155
2024-03-06 05:00:00,2341321.7180912155
2024-03-06 05:30:00,2341321.7180912155
2024-03-06 06:00:00,2342133.49066454
2024-03-06 06:30:00,2342133.49066454
2024-03-06 07:00:00,2342133.49066454
2024-03-06 13:00:00,2342133.49066454
2024-03-06 13:30:00,2342133.49066454
2024-03-06 14:00:00,2342133.49066454
2024-03-06 14:30:00,2342133.49066454
2024-03-07 01:00:00,2342133.49066454
2024-03-07 01:30:00,2330924.973279375
2024-03-07 02:00:00,2330924.973279375
2024-03-07 02:30:00,2330924.973279375
2024-03-07 03:00:00,2331171.8005327117
2024-03-07 05:00:00,2317521.1841818746
2024-03-07 05:30:00,2317521.1841818746
2024-03-07 06:00:00,2317521.1841818746
2024-03-07 06:30:00,2317521.1841818746
2024-03-07 07:00:00,2317521.1841818746
2024-03-07 13:00:00,2317521.1841818746
2024-03-07 13:30:00,2317521.1841818746
2024-03-07 14:00:00,2317521.1841818746
2024-03-07 14:30:00,2317521.1841818746
2024-03-08 01:00:00,2317521.1841818746
2024-03-08 01:30:00,2317521.1841818746
2024-03-08 02:00:00,2317521.1841818746
2024-03-08 02:30:00,2317521.1841818746
2024-03-08 03:00:00,2316921.5663254126
2024-03-08 05:00:00,2316921.5663254126
2024-03-08 05:30:00,2316921.5663254126
2024-03-08 06:00:00,2318034.789170421
2024-03-08 06:30:00,2316030.159655546
2024-03-08 07:00:00,2316030.159655546
2024-03-08 13:00:00,2316053.390579506
2024-03-08 13:30:00,2316053.390579506
2024-03-08 14:00:00,2316053.390579506
2024-03-08 14:30:00,2316053.390579506
2024-03-11 01:00:00,2317925.5331502077
2024-03-11 01:30:00,2317925.5331502077
2024-03-11 02:00:00,2317925.5331502077
2024-03-11 02:30:00,2317925.5331502077
2024-03-11 03:00:00,2317925.5331502077
2024-03-11 05:00:00,2317925.5331502077
2024-03-11 05:30:00,2317925.5331502077
2024-03-11 06:00:00,2317925.5331502077
2024-03-11 06:30:00,2317925.5331502077
2024-03-11 07:00:00,2317925.5331502077
2024-03-11 13:00:00,2317925.5331502077
2024-03-11 13:30:00,2320098.6436129357
2024-03-11 14:00:00,2320098.6436129357
2024-03-11 14:30:00,2320098.6436129357
2024-03-12 01:00:00,2320098.6436129357
2024-03-12 01:30:00,2320098.6436129357
2024-03-12 02:00:00,2320098.6436129357
2024-03-12 02:30:00,2320098.6436129357
2024-03-12 03:00:00,2320098.6436129357
2024-03-12 05:00:00,2320098.6436129357
2024-03-12 05:30:00,2320098.6436129357
2024-03-12 06:00:00,2320098.6436129357
2024-03-12 06:30:00,2319781.2508988017
2024-03-12 07:00:00,2319781.2508988017
2024-03-12 13:00:00,2319781.2508988017
2024-03-12 13:30:00,2319781.2508988017
2024-03-12 14:00:00,2319781.2508988017
2024-03-12 14:30:00,2319781.2508988017
2024-03-13 01:00:00,2319781.2508988017
2024-03-13 01:30:00,2319781.2508988017
2024-03-13 02:00:00,2319781.2508988017
2024-03-13 02:30:00,2319781.2508988017
2024-03-13 03:00:00,2319781.2508988017
2024-03-13 05:00:00,2319781.2508988017
2024-03-13 05:30:00,2319781.2508988017
2024-03-13 06:00:00,2319781.2508988017
2024-03-13 06:30:00,2319781.2508988017
2024-03-13 07:00:00,2319781.2508988017
2024-03-13 13:00:00,2319781.2508988017
2024-03-13 13:30:00,2319781.2508988017
2024-03-13 14:00:00,2319781.2508988017
2024-03-13 14:30:00,2319781.2508988017
2024-03-14 01:00:00,2325104.31195346
2024-03-14 01:30:00,2325104.31195346
2024-03-14 02:00:00,2325104.31195346
2024-03-14 02:30:00,2325104.31195346
2024-03-14 03:00:00,2325104.31195346
2024-03-14 05:00:00,2325104.31195346
2024-03-14 05:30:00,2325104.31195346
2024-03-14 06:00:00,2325104.31195346
2024-03-14 06:30:00,2325104.31195346
2024-03-14 07:00:00,2325104.31195346
2024-03-14 13:00:00,2325104.31195346
2024-03-14 13:30:00,2325104.31195346
2024-03-14 14:00:00,2325104.31195346
2024-03-14 14:30:00,2325104.31195346
2024-03-15 01:00:00,2325104.31195346
2024-03-15 01:30:00,2325104.31195346
2024-03-15 02:00:00,2325104.31195346
2024-03-15 02:30:00,2325104.31195346
2024-03-15 03:00:00,2325104.31195346
2024-03-15 05:00:00,2325104.31195346
2024-03-15 05:30:00,2325104.31195346
2024-03-15 06:00:00,2325104.31195346
2024-03-15 06:30:00,2325104.31195346
2024-03-15 07:00:00,2325104.31195346
2024-03-15 13:00:00,2325104.31195346
2024-03-15 13:30:00,2325104.31195346
2024-03-15 14:00:00,2325104.31195346
2024-03-15 14:30:00,2325104.31195346
2024-03-18 01:00:00,2325104.31195346
2024-03-18 01:30:00,2325104.31195346
2024-03-18 02:00:00,2325104.31195346
2024-03-18 02:30:00,2325104.31195346
2024-03-18 03:00:00,2325104.31195346
2024-03-18 05:00:00,2313148.062887874
2024-03-18 05:30:00,2313148.062887874
2024-03-18 06:00:00,2313148.062887874
2024-03-18 06:30:00,2313301.5789799932
2024-03-18 07:00:00,2313301.5789799932
2024-03-18 13:00:00,2313301.5789799932
2024-03-18 13:30:00,2313016.6428595195
2024-03-18 14:00:00,2313016.6428595195
2024-03-18 14:30:00,2313016.6428595195
2024-03-19 01:00:00,2313016.6428595195
2024-03-19 01:30:00,2313016.6428595195
2024-03-19 02:00:00,2313016.6428595195
2024-03-19 02:30:00,2313016.6428595195
2024-03-19 03:00:00,2312799.1181062674
2024-03-19 05:00:00,2317251.1086941264
2024-03-19 05:30:00,2317251.1086941264
2024-03-19 06:00:00,2317251.1086941264
2024-03-19 06:30:00,2317251.1086941264
2024-03-19 07:00:00,2317251.1086941264
2024-03-19 13:00:00,2317251.1086941264
2024-03-19 13:30:00,2317691.1086941264
2024-03-19 14:00:00,2317691.1086941264
2024-03-19 14:30:00,2317691.1086941264
2024-03-20 01:00:00,2317691.1086941264
2024-03-20 01:30:00,2339233.6855215025
2024-03-20 02:00:00,2339233.6855215025
2024-03-20 02:30:00,2339233.6855215025
2024-03-20 03:00:00,2339233.6855215025
2024-03-20 05:00:00,2339233.6855215025
2024-03-20 05:30:00,2339233.6855215025
2024-03-20 06:00:00,2338797.1932594916
2024-03-20 06:30:00,2338797.1932594916
2024-03-20 07:00:00,2338797.1932594916
2024-03-20 13:00:00,2338797.1932594916
2024-03-20 13:30:00,2338797.1932594916
2024-03-20 14:00:00,2338797.1932594916
2024-03-20 14:30:00,2338797.1932594916
2024-03-21 01:00:00,2338797.1932594916
2024-03-21 01:30:00,2339197.6608830905
2024-03-21 02:00:00,2339197.6608830905
2024-03-21 02:30:00,2339197.6608830905
2024-03-21 03:00:00,2339197.6608830905
2024-03-21 05:00:00,2339197.6608830905
2024-03-21 05:30:00,2339197.6608830905
2024-03-21 06:00:00,2339197.6608830905
2024-03-21 06:30:00,2339197.6608830905
2024-03-21 07:00:00,2339197.6608830905
2024-03-21 13:00:00,2339197.6608830905
2024-03-21 13:30:00,2338084.080480895
2024-03-21 14:00:00,2338084.080480895
2024-03-21 14:30:00,2338084.080480895
2024-03-22 01:00:00,2348985.810847343
2024-03-22 01:30:00,2348521.5564352386
2024-03-22 02:00:00,2348521.5564352386
2024-03-22 02:30:00,2348521.5564352386
2024-03-22 03:00:00,2348521.5564352386
2024-03-22 05:00:00,2348521.5564352386
2024-03-22 05:30:00,2346735.7622594237
2024-03-22 06:00:00,2346735.7622594237
2024-03-22 06:30:00,2346735.7622594237
2024-03-22 07:00:00,2346735.7622594237
2024-03-22 13:00:00,2346735.7622594237
2024-03-22 13:30:00,2346735.7622594237
2024-03-22 14:00:00,2346735.7622594237
2024-03-22 14:30:00,2346735.7622594237
2024-03-25 01:00:00,2346735.7622594237
2024-03-25 01:30:00,2346735.7622594237
2024-03-25 02:00:00,2346735.7622594237
2024-03-25 02:30:00,2346735.7622594237
2024-03-25 03:00:00,2346735.7622594237
2024-03-25 05:00:00,2346735.7622594237
2024-03-25 05:30:00,2346735.7622594237
2024-03-25 06:00:00,2346735.7622594237
2024-03-25 06:30:00,2346735.7622594237
2024-03-25 07:00:00,2346735.7622594237
2024-03-25 13:00:00,2346735.7622594237
2024-03-25 13:30:00,2346735.7622594237
2024-03-25 14:00:00,2346735.7622594237
2024-03-25 14:30:00,2346735.7622594237
2024-03-26 01:00:00,2346735.7622594237
2024-03-26 01:30:00,2346735.7622594237
2024-03-26 02:00:00,2346885.100614086
2024-03-26 02:30:00,2346885.100614086
2024-03-26 03:00:00,2346885.100614086
2024-03-26 05:00:00,2346885.100614086
2024-03-26 05:30:00,2346885.100614086
2024-03-26 06:00:00,2346885.100614086
2024-03-26 06:30:00,2346885.100614086
2024-03-26 07:00:00,2346885.100614086
2024-03-26 13:00:00,2346885.100614086
2024-03-26 13:30:00,2346885.100614086
2024-03-26 14:00:00,2346885.100614086
2024-03-26 14:30:00,2346885.100614086
2024-03-27 01:00:00,2353373.347906858
2024-03-27 01:30:00,2353373.347906858
2024-03-27 02:00:00,2352934.252622131
2024-03-27 02:30:00,2352934.252622131
2024-03-27 03:00:00,2352934.252622131
2024-03-27 05:00:00,2352934.252622131
2024-03-27 05:30:00,2352934.252622131
2024-03-27 06:00:00,2352934.252622131
2024-03-27 06:30:00,2352934.252622131
2024-03-27 07:00:00,2352934.252622131
2024-03-27 13:00:00,2352804.6087355036
2024-03-27 13:30:00,2352804.6087355036
2024-03-27 14:00:00,2352804.6087355036
2024-03-27 14:30:00,2352804.6087355036
2024-03-28 01:00:00,2352804.6087355036
2024-03-28 01:30:00,2353813.854592842
2024-03-28 02:00:00,2353813.854592842
2024-03-28 02:30:00,2353813.854592842
2024-03-28 03:00:00,2352215.9314058963
2024-03-28 05:00:00,2352215.9314058963
2024-03-28 05:30:00,2352215.9314058963
2024-03-28 06:00:00,2352215.9314058963
2024-03-28 06:30:00,2352215.9314058963
2024-03-28 07:00:00,2352215.9314058963
2024-03-28 13:00:00,2352215.9314058963
2024-03-28 13:30:00,2352215.9314058963
2024-03-28 14:00:00,2352215.9314058963
2024-03-28 14:30:00,2352215.9314058963
2024-03-29 01:00:00,2352215.9314058963
2024-03-29 01:30:00,2351598.132836408
2024-03-29 02:00:00,2351598.132836408
2024-03-29 02:30:00,2356420.312363277
2024-03-29 03:00:00,2356420.312363277
2024-03-29 05:00:00,2356420.312363277
2024-03-29 05:30:00,2355966.941671054
2024-03-29 06:00:00,2351331.2613161397
2024-03-29 06:30:00,2351331.2613161397
2024-03-29 07:00:00,2351331.2613161397
2024-03-29 13:00:00,2351331.2613161397
2024-03-29 13:30:00,2351331.2613161397
2024-03-29 14:00:00,2351213.6748014144
2024-03-29 14:30:00,2351213.6748014144
2024-04-01 01:00:00,2351213.6748014144
2024-04-01 01:30:00,2351213.6748014144
2024-04-01 02:00:00,2351213.6748014144
2024-04-01 02:30:00,2351213.6748014144
2024-04-01 03:00:00,2351213.6748014144
2024-04-01 05:00:00,2351213.6748014144
2024-04-01 05:30:00,2351213.6748014144
2024-04-01 06:00:00,2351213.6748014144
2024-04-01 06:30:00,2351213.6748014144
2024-04-01 07:00:00,2351213.6748014144
2024-04-01 13:00:00,2351213.6748014144
2024-04-01 13:30:00,2351213.6748014144
2024-04-01 14:00:00,2351213.6748014144
2024-04-01 14:30:00,2351213.6748014144
2024-04-02 01:00:00,2351213.6748014144
2024-04-02 01:30:00,2351213.6748014144
2024-04-02 02:00:00,2351107.16394921
2024-04-02 02:30:00,2351107.16394921
2024-04-02 03:00:00,2351107.16394921
2024-04-02 05:00:00,2351107.16394921
2024-04-02 05:30:00,2351107.16394921
2024-04-02 06:00:00,2351107.16394921
2024-04-02 06:30:00,2351107.16394921
2024-04-02 07:00:00,2351107.16394921
2024-04-02 13:00:00,2351107.16394921
2024-04-02 13:30:00,2351107.16394921
2024-04-02 14:00:00,2351107.16394921
2024-04-02 14:30:00,2350752.947306359
2024-04-03 01:00:00,2349633.1764114434
2024-04-03 01:30:00,2349633.1764114434
2024-04-03 02:00:00,2349633.1764114434
2024-04-03 02:30:00,2349633.1764114434
2024-04-03 03:00:00,2349633.1764114434
2024-04-03 05:00:00,2349633.1764114434
2024-04-03 05:30:00,2349633.1764114434
2024-04-03 06:00:00,2349633.1764114434
2024-04-03 06:30:00,2349633.1764114434
2024-04-03 07:00:00,2349633.1764114434
2024-04-08 01:00:00,2349633.1764114434
2024-04-08 01:30:00,2348543.298693005
2024-04-08 02:00:00,2348543.298693005
2024-04-08 02:30:00,2348543.298693005
2024-04-08 03:00:00,2348543.298693005
2024-04-08 05:00:00,2348543.298693005
2024-04-08 05:30:00,2348543.298693005
2024-04-08 06:00:00,2348711.082406561
2024-04-08 06:30:00,2348711.082406561
2024-04-08 07:00:00,2348711.082406561
2024-04-08 13:00:00,2348711.082406561
2024-04-08 13:30:00,2348391.082406561
2024-04-08 14:00:00,2348391.082406561
2024-04-08 14:30:00,2348391.082406561
2024-04-09 01:00:00,2348391.082406561
2024-04-09 01:30:00,2348430.28334584
2024-04-09 02:00:00,2348430.28334584
2024-04-09 02:30:00,2348430.28334584
2024-04-09 03:00:00,2351712.027437739
2024-04-09 05:00:00,2351712.027437739
2024-04-09 05:30:00,2351712.027437739
2024-04-09 06:00:00,2351712.027437739
2024-04-09 06:30:00,2351712.027437739
2024-04-09 07:00:00,2351712.027437739
2024-04-09 13:00:00,2351291.8802251457
2024-04-09 13:30:00,2351291.8802251457
2024-04-09 14:00:00,2351291.8802251457
2024-04-09 14:30:00,2351291.8802251457
2024-04-10 01:00:00,2355694.9035084913
2024-04-10 01:30:00,2355694.9035084913
2024-04-10 02:00:00,2355694.9035084913
2024-04-10 02:30:00,2355694.9035084913
2024-04-10 03:00:00,2355694.9035084913
2024-04-10 05:00:00,2355694.9035084913
2024-04-10 05:30:00,2355694.9035084913
2024-04-10 06:00:00,2355694.9035084913
2024-04-10 06:30:00,2362596.77667092
2024-04-10 07:00:00,2362596.77667092
2024-04-10 13:00:00,2362596.77667092
2024-04-10 13:30:00,2362194.0881489017
2024-04-10 14:00:00,2362973.3075501635
2024-04-10 14:30:00,2362973.3075501635
2024-04-11 01:00:00,2362973.3075501635
2024-04-11 01:30:00,2362973.3075501635
2024-04-11 02:00:00,2362973.3075501635
2024-04-11 02:30:00,2362973.3075501635
2024-04-11 03:00:00,2362973.3075501635
2024-04-11 05:00:00,2362973.3075501635
2024-04-11 05:30:00,2362973.3075501635
2024-04-11 06:00:00,2362973.3075501635
2024-04-11 06:30:00,2362973.3075501635
2024-04-11 07:00:00,2362973.3075501635
2024-04-11 13:00:00,2362973.3075501635
2024-04-11 13:30:00,2362973.3075501635
2024-04-11 14:00:00,2362973.3075501635
2024-04-11 14:30:00,2362973.3075501635
2024-04-12 01:00:00,2362973.3075501635
2024-04-12 01:30:00,2362973.3075501635
2024-04-12 02:00:00,2362973.3075501635
2024-04-12 02:30:00,2362973.3075501635
2024-04-12 03:00:00,2362973.3075501635
2024-04-12 05:00:00,2362973.3075501635
2024-04-12 05:30:00,2362973.3075501635
2024-04-12 06:00:00,2362973.3075501635
2024-04-12 06:30:00,2362973.3075501635
2024-04-12 07:00:00,2362973.3075501635
2024-04-12 13:00:00,2362973.3075501635
2024-04-12 13:30:00,2363583.0682468903
2024-04-12 14:00:00,2363583.0682468903
2024-04-12 14:30:00,2363583.0682468903
2024-04-15 01:00:00,2363583.0682468903
2024-04-15 01:30:00,2362810.2022217494
2024-04-15 02:00:00,2362810.2022217494
2024-04-15 02:30:00,2362810.2022217494
2024-04-15 03:00:00,2362810.2022217494
2024-04-15 05:00:00,2362810.2022217494
2024-04-15 05:30:00,2362810.2022217494
2024-04-15 06:00:00,2362810.2022217494
2024-04-15 06:30:00,2354225.957582003
2024-04-15 07:00:00,2354225.957582003
2024-04-15 13:00:00,2354225.957582003
2024-04-15 13:30:00,2354225.957582003
2024-04-15 14:00:00,2355198.8188001793
2024-04-15 14:30:00,2355198.8188001793
2024-04-16 01:00:00,2355198.8188001793
2024-04-16 01:30:00,2355198.8188001793
2024-04-16 02:00:00,2341903.6282689692
2024-04-16 02:30:00,2341903.6282689692
2024-04-16 03:00:00,2341903.6282689692
2024-04-16 05:00:00,2341903.6282689692
2024-04-16 05:30:00,2341903.6282689692
2024-04-16 06:00:00,2341903.6282689692
2024-04-16 06:30:00,2341903.6282689692
2024-04-16 07:00:00,2341903.6282689692
2024-04-16 13:00:00,2341821.975590895
2024-04-16 13:30:00,2341821.975590895
2024-04-16 14:00:00,2341821.975590895
2024-04-16 14:30:00,2341821.975590895
2024-04-17 01:00:00,2341821.975590895
2024-04-17 01:30:00,2341362.8086974495
2024-04-17 02:00:00,2341362.8086974495
2024-04-17 02:30:00,2341362.8086974495
2024-04-17 03:00:00,2341362.8086974495
2024-04-17 05:00:00,2341362.8086974495
2024-04-17 05:30:00,2341362.8086974495
2024-04-17 06:00:00,2341362.8086974495
2024-04-17 06:30:00,2341362.8086974495
2024-04-17 07:00:00,2341362.8086974495
2024-04-17 13:00:00,2343178.574634936
2024-04-17 13:30:00,2343178.574634936
2024-04-17 14:00:00,2344896.887963603
2024-04-17 14:30:00,2344896.887963603
2024-04-18 01:00:00,2344896.887963603
2024-04-18 01:30:00,2344896.887963603
2024-04-18 02:00:00,2344896.887963603
2024-04-18 02:30:00,2344896.887963603
2024-04-18 03:00:00,2344896.887963603
2024-04-18 05:00:00,2344896.887963603
2024-04-18 05:30:00,2344896.887963603
2024-04-18 06:00:00,2344896.887963603
2024-04-18 06:30:00,2344896.887963603
2024-04-18 07:00:00,2344896.887963603
2024-04-18 13:00:00,2344896.887963603
2024-04-18 13:30:00,2344896.887963603
2024-04-18 14:00:00,2344896.887963603
2024-04-18 14:30:00,2345950.5684399614
2024-04-19 01:00:00,2345950.5684399614
2024-04-19 01:30:00,2345950.5684399614
2024-04-19 02:00:00,2345950.5684399614
2024-04-19 02:30:00,2345950.5684399614
2024-04-19 03:00:00,2345950.5684399614
2024-04-19 05:00:00,2345950.5684399614
2024-04-19 05:30:00,2357754.27028541
2024-04-19 06:00:00,2357754.27028541
2024-04-19 06:30:00,2357754.27028541
2024-04-19 07:00:00,2357754.27028541
2024-04-19 13:00:00,2357754.27028541
2024-04-19 13:30:00,2357754.27028541
2024-04-19 14:00:00,2357754.27028541
2024-04-19 14:30:00,2357754.27028541
2024-04-22 01:00:00,2357754.27028541
2024-04-22 01:30:00,2357754.27028541
2024-04-22 02:00:00,2357473.293045693
2024-04-22 02:30:00,2357473.293045693
2024-04-22 03:00:00,2357473.293045693
2024-04-22 05:00:00,2357473.293045693
2024-04-22 05:30:00,2357473.293045693
2024-04-22 06:00:00,2356408.9721889277
2024-04-22 06:30:00,2356408.9721889277
2024-04-22 07:00:00,2356408.9721889277
2024-04-22 13:00:00,2356408.9721889277
2024-04-22 13:30:00,2356408.9721889277
2024-04-22 14:00:00,2356158.347591218
2024-04-22 14:30:00,2356158.347591218
2024-04-23 01:00:00,2356158.347591218
2024-04-23 01:30:00,2356158.347591218
2024-04-23 02:00:00,2356158.347591218
2024-04-23 02:30:00,2356158.347591218
2024-04-23 03:00:00,2356158.347591218
2024-04-23 05:00:00,2356158.347591218
2024-04-23 05:30:00,2356158.347591218
2024-04-23 06:00:00,2356158.347591218
2024-04-23 06:30:00,2356158.347591218
2024-04-23 07:00:00,2356158.347591218
2024-04-23 13:00:00,2355390.8880753466
2024-04-23 13:30:00,2355390.8880753466
2024-04-23 14:00:00,2355390.8880753466
2024-04-23 14:30:00,2355390.8880753466
2024-04-24 01:00:00,2355390.8880753466
2024-04-24 01:30:00,2355390.8880753466
2024-04-24 02:00:00,2355390.8880753466
2024-04-24 02:30:00,2355390.8880753466
2024-04-24 03:00:00,2355390.8880753466
2024-04-24 05:00:00,2355390.8880753466
2024-04-24 05:30:00,2355390.8880753466
2024-04-24 06:00:00,2353984.8474342558
2024-04-24 06:30:00,2353984.8474342558
2024-04-24 07:00:00,2353984.8474342558
2024-04-24 13:00:00,2353984.8474342558
2024-04-24 13:30:00,2353984.8474342558
2024-04-24 14:00:00,2353984.8474342558
2024-04-24 14:30:00,2353984.8474342558
2024-04-25 01:00:00,2353984.8474342558
2024-04-25 01:30:00,2353984.8474342558
2024-04-25 02:00:00,2353984.8474342558
2024-04-25 02:30:00,2353984.8474342558
2024-04-25 03:00:00,2355491.398644451
2024-04-25 05:00:00,2355491.398644451
2024-04-25 05:30:00,2355491.398644451
2024-04-25 06:00:00,2355491.398644451
2024-04-25 06:30:00,2355491.398644451
2024-04-25 07:00:00,2355491.398644451
2024-04-25 13:00:00,2355491.398644451
2024-04-25 13:30:00,2358258.473983781
2024-04-25 14:00:00,2358258.473983781
2024-04-25 14:30:00,2358258.473983781
2024-04-26 01:00:00,2358258.473983781
2024-04-26 01:30:00,2358258.473983781
2024-04-26 02:00:00,2358258.473983781
2024-04-26 02:30:00,2358258.473983781
2024-04-26 03:00:00,2358314.3110246067
2024-04-26 05:00:00,2358314.3110246067
2024-04-26 05:30:00,2358314.3110246067
2024-04-26 06:00:00,2358314.3110246067
2024-04-26 06:30:00,2358314.3110246067
2024-04-26 07:00:00,2358314.3110246067
2024-04-26 13:00:00,2358314.3110246067
2024-04-26 13:30:00,2358314.3110246067
2024-04-26 14:00:00,2358314.3110246067
2024-04-26 14:30:00,2358314.3110246067
2024-04-29 01:00:00,2358314.3110246067
2024-04-29 01:30:00,2357493.4106636713
2024-04-29 02:00:00,2357493.4106636713
2024-04-29 02:30:00,2357493.4106636713
2024-04-29 03:00:00,2357493.4106636713
2024-04-29 05:00:00,2357493.4106636713
2024-04-29 05:30:00,2357493.4106636713
2024-04-29 06:00:00,2357493.4106636713
2024-04-29 06:30:00,2357493.4106636713
2024-04-29 07:00:00,2357493.4106636713
2024-04-29 13:00:00,2357493.4106636713
2024-04-29 13:30:00,2357052.1936293575
2024-04-29 14:00:00,2357052.1936293575
2024-04-29 14:30:00,2357052.1936293575
2024-04-30 01:00:00,2357052.1936293575
2024-04-30 01:30:00,2357052.1936293575
2024-04-30 02:00:00,2360216.063861876
2024-04-30 02:30:00,2360216.063861876
2024-04-30 03:00:00,2360216.063861876
2024-04-30 05:00:00,2360216.063861876
2024-04-30 05:30:00,2360216.063861876
2024-04-30 06:00:00,2360216.063861876
2024-04-30 06:30:00,2360216.063861876
2024-04-30 07:00:00,2360216.063861876
2024-05-06 01:00:00,2360170.710982451
2024-05-06 01:30:00,2360170.710982451
2024-05-06 02:00:00,2360170.710982451
2024-05-06 02:30:00,2360170.710982451
2024-05-06 03:00:00,2360170.710982451
2024-05-06 05:00:00,2360170.710982451
2024-05-06 05:30:00,2360170.710982451
2024-05-06 06:00:00,2360170.710982451
2024-05-06 06:30:00,2360170.710982451
2024-05-06 07:00:00,2360170.710982451
2024-05-06 13:00:00,2360170.710982451
2024-05-06 13:30:00,2360170.710982451
2024-05-06 14:00:00,2360170.710982451
2024-05-06 14:30:00,2360170.710982451
2024-05-07 01:00:00,2360170.710982451
2024-05-07 01:30:00,2361867.846075308
2024-05-07 02:00:00,2362775.686436197
2024-05-07 02:30:00,2362775.686436197
2024-05-07 03:00:00,2364893.325003165
2024-05-07 05:00:00,2364893.325003165
2024-05-07 05:30:00,2365686.665448151
2024-05-07 06:00:00,2365686.665448151
2024-05-07 06:30:00,2366031.198589614
2024-05-07 07:00:00,2366031.198589614
2024-05-07 13:00:00,2366031.198589614
2024-05-07 13:30:00,2366031.198589614
2024-05-07 14:00:00,2366031.198589614
2024-05-07 14:30:00,2366031.198589614
2024-05-08 01:00:00,2366031.198589614
2024-05-08 01:30:00,2366522.2288276954
2024-05-08 02:00:00,2367048.1923566866
2024-05-08 02:30:00,2367048.1923566866
2024-05-08 03:00:00,2367048.1923566866
2024-05-08 05:00:00,2367048.1923566866
2024-05-08 05:30:00,2367048.1923566866
2024-05-08 06:00:00,2367651.6198217454
2024-05-08 06:30:00,2367651.6198217454
2024-05-08 07:00:00,2367651.6198217454
2024-05-08 13:00:00,2367651.6198217454
2024-05-08 13:30:00,2367651.6198217454
2024-05-08 14:00:00,2367651.6198217454
2024-05-08 14:30:00,2367651.6198217454
2024-05-09 01:00:00,2367651.6198217454
2024-05-09 01:30:00,2370389.928223357
2024-05-09 02:00:00,2370389.928223357
2024-05-09 02:30:00,2369611.274434968
2024-05-09 03:00:00,2369611.274434968
2024-05-09 05:00:00,2369611.274434968
2024-05-09 05:30:00,2369611.274434968
2024-05-09 06:00:00,2369611.274434968
2024-05-09 06:30:00,2369611.274434968
2024-05-09 07:00:00,2369611.274434968
2024-05-09 13:00:00,2369611.274434968
2024-05-09 13:30:00,2369611.274434968
2024-05-09 14:00:00,2369611.274434968
2024-05-09 14:30:00,2369611.274434968
2024-05-10 01:00:00,2369005.5766741033
2024-05-10 01:30:00,2369992.5835297685
2024-05-10 02:00:00,2365085.3336108886
2024-05-10 02:30:00,2365085.3336108886
2024-05-10 03:00:00,2365085.3336108886
2024-05-10 05:00:00,2365085.3336108886
2024-05-10 05:30:00,2365085.3336108886
2024-05-10 06:00:00,2365030.152879484
2024-05-10 06:30:00,2365030.152879484
2024-05-10 07:00:00,2365030.152879484
2024-05-10 13:00:00,2365030.152879484
2024-05-10 13:30:00,2365030.152879484
2024-05-10 14:00:00,2365030.152879484
2024-05-10 14:30:00,2365030.152879484
2024-05-13 01:00:00,2365030.152879484
2024-05-13 01:30:00,2365030.152879484
2024-05-13 02:00:00,2365030.152879484
2024-05-13 02:30:00,2365030.152879484
2024-05-13 03:00:00,2364760.389945545
2024-05-13 05:00:00,2364760.389945545
2024-05-13 05:30:00,2364760.389945545
2024-05-13 06:00:00,2364760.389945545
2024-05-13 06:30:00,2364760.389945545
2024-05-13 07:00:00,2364760.389945545
2024-05-13 13:00:00,2364760.389945545
2024-05-13 13:30:00,2364760.389945545
2024-05-13 14:00:00,2363650.7568322564
2024-05-13 14:30:00,2362571.0512955706
2024-05-14 01:00:00,2365082.321771186
2024-05-14 01:30:00,2365082.321771186
2024-05-14 02:00:00,2365082.321771186
2024-05-14 02:30:00,2365050.1060500313
2024-05-14 03:00:00,2365050.1060500313
2024-05-14 05:00:00,2365050.1060500313
2024-05-14 05:30:00,2365050.1060500313
2024-05-14 06:00:00,2365050.1060500313
2024-05-14 06:30:00,2365050.1060500313
2024-05-14 07:00:00,2365050.1060500313
2024-05-14 13:00:00,2365050.1060500313
2024-05-14 13:30:00,2365050.1060500313
2024-05-14 14:00:00,2364361.656746295
2024-05-14 14:30:00,2364361.656746295
2024-05-15 01:00:00,2364361.656746295
2024-05-15 01:30:00,2364361.656746295
2024-05-15 02:00:00,2363741.725949141
2024-05-15 02:30:00,2363741.725949141
2024-05-15 03:00:00,2363741.725949141
2024-05-15 05:00:00,2363741.725949141
2024-05-15 05:30:00,2363741.725949141
2024-05-15 06:00:00,2363741.725949141
2024-05-15 06:30:00,2364882.138328435
2024-05-15 07:00:00,2364882.138328435
2024-05-15 13:00:00,2364367.0266113495
2024-05-15 13:30:00,2364367.0266113495
2024-05-15 14:00:00,2364367.0266113495
2024-05-15 14:30:00,2364367.0266113495
2024-05-16 01:00:00,2364367.0266113495
2024-05-16 01:30:00,2364367.0266113495
2024-05-16 02:00:00,2364367.0266113495
2024-05-16 02:30:00,2364367.0266113495
2024-05-16 03:00:00,2364367.0266113495
2024-05-16 05:00:00,2364367.0266113495
2024-05-16 05:30:00,2364367.0266113495
2024-05-16 06:00:00,2364367.0266113495
2024-05-16 06:30:00,2364367.0266113495
2024-05-16 07:00:00,2364367.0266113495
2024-05-16 13:00:00,2364687.876195667
2024-05-16 13:30:00,2364687.876195667
2024-05-16 14:00:00,2364687.876195667
2024-05-16 14:30:00,2364687.876195667
2024-05-17 01:00:00,2364687.876195667
2024-05-17 01:30:00,2364687.876195667
2024-05-17 02:00:00,2364687.876195667
2024-05-17 02:30:00,2364687.876195667
2024-05-17 03:00:00,2364687.876195667
2024-05-17 05:00:00,2364687.876195667
2024-05-17 05:30:00,2364731.1907999367
2024-05-17 06:00:00,2364731.1907999367
2024-05-17 06:30:00,2364731.1907999367
2024-05-17 07:00:00,2364731.1907999367
2024-05-17 13:00:00,2364731.1907999367
2024-05-17 13:30:00,2365573.2750847572
2024-05-17 14:00:00,2364853.190830478
2024-05-17 14:30:00,2364853.190830478
2024-05-20 01:00:00,2364853.190830478
2024-05-20 01:30:00,2364853.190830478
2024-05-20 02:00:00,2364853.190830478
2024-05-20 02:30:00,2363977.4232875193
2024-05-20 03:00:00,2358105.6440905747
2024-05-20 05:00:00,2358105.6440905747
2024-05-20 05:30:00,2358105.6440905747
2024-05-20 06:00:00,2358105.6440905747
2024-05-20 06:30:00,2358105.6440905747
2024-05-20 07:00:00,2358105.6440905747
2024-05-20 13:00:00,2358105.6440905747
2024-05-20 13:30:00,2358105.6440905747
2024-05-20 14:00:00,2358105.6440905747
2024-05-20 14:30:00,2358105.6440905747
2024-05-21 01:00:00,2358105.6440905747
2024-05-21 01:30:00,2358105.6440905747
2024-05-21 02:00:00,2357825.5091559025
2024-05-21 02:30:00,2357825.5091559025
2024-05-21 03:00:00,2357825.5091559025
2024-05-21 05:00:00,2357825.5091559025
2024-05-21 05:30:00,2357825.5091559025
2024-05-21 06:00:00,2357825.5091559025
2024-05-21 06:30:00,2357825.5091559025
2024-05-21 07:00:00,2357825.5091559025
2024-05-21 13:00:00,2357825.5091559025
2024-05-21 13:30:00,2357825.5091559025
2024-05-21 14:00:00,2357825.5091559025
2024-05-21 14:30:00,2357825.5091559025
2024-05-22 01:00:00,2357825.5091559025
2024-05-22 01:30:00,2357825.5091559025
2024-05-22 02:00:00,2357825.5091559025
2024-05-22 02:30:00,2357825.5091559025
2024-05-22 03:00:00,2357825.5091559025
2024-05-22 05:00:00,2357825.5091559025
2024-05-22 05:30:00,2357825.5091559025
2024-05-22 06:00:00,2357825.5091559025
2024-05-22 06:30:00,2357825.5091559025
2024-05-22 07:00:00,2357825.5091559025
2024-05-22 13:00:00,2357825.5091559025
2024-05-22 13:30:00,2357825.5091559025
2024-05-22 14:00:00,2357825.5091559025
2024-05-22 14:30:00,2357825.5091559025
2024-05-23 01:00:00,2357825.5091559025
2024-05-23 01:30:00,2357825.5091559025
2024-05-23 02:00:00,2357825.5091559025
2024-05-23 02:30:00,2357825.5091559025
2024-05-23 03:00:00,2357825.5091559025
2024-05-23 05:00:00,2357825.5091559025
2024-05-23 05:30:00,2357825.5091559025
2024-05-23 06:00:00,2357825.5091559025
2024-05-23 06:30:00,2357825.5091559025
2024-05-23 07:00:00,2357825.5091559025
2024-05-23 13:00:00,2357825.5091559025
2024-05-23 13:30:00,2357825.5091559025
2024-05-23 14:00:00,2357825.5091559025
2024-05-23 14:30:00,2357825.5091559025
2024-05-23 15:00:00,2357825.5091559025
2024-05-23 15:30:00,2357825.5091559025
2024-05-23 16:00:00,2357825.5091559025
2024-05-23 16:30:00,2357825.5091559025
2024-05-24 01:00:00,2357956.333070991
2024-05-24 01:30:00,2357956.333070991
2024-05-24 02:00:00,2357956.333070991
2024-05-24 02:30:00,2357956.333070991
2024-05-24 03:00:00,2357956.333070991
2024-05-24 05:00:00,2357956.333070991
2024-05-24 05:30:00,2357956.333070991
2024-05-24 06:00:00,2357956.333070991
2024-05-24 06:30:00,2357956.333070991
2024-05-24 07:00:00,2357956.333070991
2024-05-24 13:00:00,2357956.333070991
2024-05-24 13:30:00,2357956.333070991
2024-05-24 14:00:00,2357956.333070991
2024-05-24 14:30:00,2357956.333070991
2024-05-24 15:00:00,2357956.333070991
2024-05-24 15:30:00,2357956.333070991
2024-05-24 16:00:00,2357956.333070991
2024-05-24 16:30:00,2357956.333070991
2024-05-27 01:00:00,2357956.333070991
2024-05-27 01:30:00,2357956.333070991
2024-05-27 02:00:00,2364137.8063914003
2024-05-27 02:30:00,2363477.6872156067
2024-05-27 03:00:00,2362990.4225000655
2024-05-27 05:00:00,2362990.4225000655
2024-05-27 05:30:00,2362990.4225000655
2024-05-27 06:00:00,2362990.4225000655
2024-05-27 06:30:00,2362990.4225000655
2024-05-27 07:00:00,2362990.4225000655
2024-05-27 13:00:00,2362990.4225000655
2024-05-27 13:30:00,2362990.4225000655
2024-05-27 14:00:00,2362990.4225000655
2024-05-27 14:30:00,2362990.4225000655
2024-05-27 15:00:00,2362990.4225000655
2024-05-27 15:30:00,2362990.4225000655
2024-05-27 16:00:00,2362990.4225000655
2024-05-27 16:30:00,2362990.4225000655
2024-05-28 01:00:00,2362990.4225000655
2024-05-28 01:30:00,2362990.4225000655
2024-05-28 02:00:00,2362124.6601357087
2024-05-28 02:30:00,2362124.6601357087
2024-05-28 03:00:00,2362124.6601357087
2024-05-28 05:00:00,2362124.6601357087
2024-05-28 05:30:00,2362124.6601357087
2024-05-28 06:00:00,2359926.9304483794
2024-05-28 06:30:00,2359926.9304483794
2024-05-28 07:00:00,2359926.9304483794
2024-05-28 13:00:00,2361000.391207067
2024-05-28 13:30:00,2361000.391207067
2024-05-28 14:00:00,2361819.4535571784
2024-05-28 14:30:00,2361819.4535571784
2024-05-28 15:00:00,2361819.4535571784
2024-05-28 15:30:00,2361819.4535571784
2024-05-28 16:00:00,2361819.4535571784
2024-05-28 16:30:00,2361819.4535571784
2024-05-29 01:00:00,2362117.730891401
2024-05-29 01:30:00,2362117.730891401
2024-05-29 02:00:00,2362117.730891401
2024-05-29 02:30:00,2362117.730891401
2024-05-29 03:00:00,2362372.5936110127
2024-05-29 05:00:00,2362372.5936110127
2024-05-29 05:30:00,2362372.5936110127
2024-05-29 06:00:00,2362372.5936110127
2024-05-29 06:30:00,2364169.4055883405
2024-05-29 07:00:00,2364169.4055883405
2024-05-29 13:00:00,2364256.904992622
2024-05-29 13:30:00,2364200.836723273
2024-05-29 14:00:00,2364200.836723273
2024-05-29 14:30:00,2364200.836723273
2024-05-29 15:00:00,2364200.836723273
2024-05-29 15:30:00,2364200.836723273
2024-05-29 16:00:00,2364200.836723273
2024-05-29 16:30:00,2364200.836723273
2024-05-30 01:00:00,2364411.4490673817
2024-05-30 01:30:00,2363131.8796243207
2024-05-30 02:00:00,2363061.6602959055
2024-05-30 02:30:00,2363061.6602959055
2024-05-30 03:00:00,2363090.7076118593
2024-05-30 05:00:00,2363090.7076118593
2024-05-30 05:30:00,2363090.7076118593
2024-05-30 06:00:00,2362829.2853846285
2024-05-30 06:30:00,2362947.931457374
2024-05-30 07:00:00,2362947.931457374
2024-05-30 13:00:00,2362947.931457374
2024-05-30 13:30:00,2362947.931457374
2024-05-30 14:00:00,2362947.931457374
2024-05-30 14:30:00,2362947.931457374
2024-05-30 15:00:00,2362947.931457374
2024-05-30 15:30:00,2362947.931457374
2024-05-30 16:00:00,2362947.931457374
2024-05-30 16:30:00,2362947.931457374
2024-05-31 01:00:00,2362947.931457374
2024-05-31 01:30:00,2362947.931457374
2024-05-31 02:00:00,2362947.931457374
2024-05-31 02:30:00,2362947.931457374
2024-05-31 03:00:00,2361567.2350180885
2024-05-31 05:00:00,2361567.2350180885
2024-05-31 05:30:00,2361567.2350180885
2024-05-31 06:00:00,2361162.7829898964
2024-05-31 06:30:00,2361162.7829898964
2024-05-31 07:00:00,2361162.7829898964
2024-05-31 13:00:00,2362773.738630648
2024-05-31 13:30:00,2362773.738630648
2024-05-31 14:00:00,2362773.738630648
2024-05-31 14:30:00,2362773.738630648
2024-05-31 15:00:00,2362773.738630648
2024-05-31 15:30:00,2362773.738630648
2024-05-31 16:00:00,2362773.738630648
2024-05-31 16:30:00,2362773.738630648
2024-06-03 01:00:00,2363268.4374317056
2024-06-03 01:30:00,2363268.4374317056
2024-06-03 02:00:00,2363268.4374317056
2024-06-03 02:30:00,2363268.4374317056
2024-06-03 03:00:00,2363268.4374317056
2024-06-03 05:00:00,2363268.4374317056
2024-06-03 05:30:00,2363268.4374317056
2024-06-03 06:00:00,2363142.780386352
2024-06-03 06:30:00,2363142.780386352
2024-06-03 07:00:00,2363142.780386352
2024-06-03 13:00:00,2363142.780386352
2024-06-03 13:30:00,2363142.780386352
2024-06-03 14:00:00,2363142.780386352
2024-06-03 14:30:00,2363142.780386352
2024-06-03 15:00:00,2363142.780386352
2024-06-03 15:30:00,2363142.780386352
2024-06-03 16:00:00,2363142.780386352
2024-06-03 16:30:00,2363142.780386352
2024-06-04 01:00:00,2363142.780386352
2024-06-04 01:30:00,2363142.780386352
2024-06-04 02:00:00,2363142.780386352
2024-06-04 02:30:00,2370191.54512997
2024-06-04 03:00:00,2370191.54512997
2024-06-04 05:00:00,2370191.54512997
2024-06-04 05:30:00,2371549.166420883
2024-06-04 06:00:00,2371549.166420883
2024-06-04 06:30:00,2374041.916457541
2024-06-04 07:00:00,2374041.916457541
2024-06-04 13:00:00,2374041.916457541
2024-06-04 13:30:00,2374041.916457541
2024-06-04 14:00:00,2374041.916457541
2024-06-04 14:30:00,2376736.947714557
2024-06-04 15:00:00,2376736.947714557
2024-06-04 15:30:00,2376736.947714557
2024-06-04 16:00:00,2376736.947714557
2024-06-04 16:30:00,2376736.947714557
2024-06-05 01:00:00,2380010.6231085924
2024-06-05 01:30:00,2380010.6231085924
2024-06-05 02:00:00,2380010.6231085924
2024-06-05 02:30:00,2380010.6231085924
2024-06-05 03:00:00,2380010.6231085924
2024-06-05 05:00:00,2380010.6231085924
2024-06-05 05:30:00,2382254.8599197
2024-06-05 06:00:00,2382254.8599197
2024-06-05 06:30:00,2376286.9758755276
2024-06-05 07:00:00,2376286.9758755276
2024-06-05 13:00:00,2376286.9758755276
2024-06-05 13:30:00,2376286.9758755276
2024-06-05 14:00:00,2376286.9758755276
2024-06-05 14:30:00,2376286.9758755276
2024-06-05 15:00:00,2376286.9758755276
2024-06-05 15:30:00,2376286.9758755276
2024-06-05 16:00:00,2376286.9758755276
2024-06-05 16:30:00,2376286.9758755276
2024-06-06 01:00:00,2376286.9758755276
2024-06-06 01:30:00,2376286.9758755276
2024-06-06 02:00:00,2376286.9758755276
2024-06-06 02:30:00,2376286.9758755276
2024-06-06 03:00:00,2376286.9758755276
2024-06-06 05:00:00,2376286.9758755276
2024-06-06 05:30:00,2376286.9758755276
2024-06-06 06:00:00,2376286.9758755276
2024-06-06 06:30:00,2376286.9758755276
2024-06-06 07:00:00,2376286.9758755276
2024-06-06 13:00:00,2376286.9758755276
2024-06-06 13:30:00,2376286.9758755276
2024-06-06 14:00:00,2376286.9758755276
2024-06-06 14:30:00,2376286.9758755276
2024-06-06 15:00:00,2376286.9758755276
2024-06-06 15:30:00,2376286.9758755276
2024-06-06 16:00:00,2376286.9758755276
2024-06-06 16:30:00,2376286.9758755276
2024-06-07 01:00:00,2376286.9758755276
2024-06-07 01:30:00,2376286.9758755276
2024-06-07 02:00:00,2378085.6829219917
2024-06-07 02:30:00,2378085.6829219917
2024-06-07 03:00:00,2378085.6829219917
2024-06-07 05:00:00,2378085.6829219917
2024-06-07 05:30:00,2378085.6829219917
2024-06-07 06:00:00,2378085.6829219917
2024-06-07 06:30:00,2378085.6829219917
2024-06-07 07:00:00,2378085.6829219917
2024-06-11 01:00:00,2378085.6829219917
2024-06-11 01:30:00,2378085.6829219917
2024-06-11 02:00:00,2378085.6829219917
2024-06-11 02:30:00,2378085.6829219917
2024-06-11 03:00:00,2378085.6829219917
2024-06-11 05:00:00,2378085.6829219917
2024-06-11 05:30:00,2378085.6829219917
2024-06-11 06:00:00,2378085.6829219917
2024-06-11 06:30:00,2378085.6829219917
2024-06-11 07:00:00,2378085.6829219917
2024-06-11 13:00:00,2377616.701278669
2024-06-11 13:30:00,2377616.701278669
2024-06-11 14:00:00,2377616.701278669
2024-06-11 14:30:00,2377616.701278669
2024-06-11 15:00:00,2377616.701278669
2024-06-11 15:30:00,2377616.701278669
2024-06-11 16:00:00,2377616.701278669
2024-06-11 16:30:00,2377616.701278669
2024-06-12 01:00:00,2378092.0985777024
2024-06-12 01:30:00,2381401.8308471977
2024-06-12 02:00:00,2383754.080952306
2024-06-12 02:30:00,2383754.080952306
2024-06-12 03:00:00,2383754.080952306
2024-06-12 05:00:00,2383754.080952306
2024-06-12 05:30:00,2383584.33012754
2024-06-12 06:00:00,2383584.33012754
2024-06-12 06:30:00,2386889.0895457724
2024-06-12 07:00:00,2386889.0895457724
2024-06-12 13:00:00,2386889.0895457724
2024-06-12 13:30:00,2386889.0895457724
2024-06-12 14:00:00,2386889.0895457724
2024-06-12 14:30:00,2386889.0895457724
2024-06-12 15:00:00,2386889.0895457724
2024-06-12 15:30:00,2386889.0895457724
2024-06-12 16:00:00,2386889.0895457724
2024-06-12 16:30:00,2386889.0895457724
2024-06-13 01:00:00,2386460.2221653145
2024-06-13 01:30:00,2393457.681923276
2024-06-13 02:00:00,2393457.681923276
2024-06-13 02:30:00,2393457.681923276
2024-06-13 03:00:00,2393457.681923276
2024-06-13 05:00:00,2393457.681923276
2024-06-13 05:30:00,2393457.681923276
2024-06-13 06:00:00,2393457.681923276
2024-06-13 06:30:00,2391157.261597199
2024-06-13 07:00:00,2391157.261597199
2024-06-13 13:00:00,2391157.261597199
2024-06-13 13:30:00,2391157.261597199
2024-06-13 14:00:00,2391157.261597199
2024-06-13 14:30:00,2391157.261597199
2024-06-13 15:00:00,2391157.261597199
2024-06-13 15:30:00,2391157.261597199
2024-06-13 16:00:00,2391157.261597199
2024-06-13 16:30:00,2391157.261597199
2024-06-14 01:00:00,2391157.261597199
2024-06-14 01:30:00,2391157.261597199
2024-06-14 02:00:00,2391832.7939673243
2024-06-14 02:30:00,2391832.7939673243
2024-06-14 03:00:00,2391832.7939673243
2024-06-14 05:00:00,2391832.7939673243
2024-06-14 05:30:00,2391832.7939673243
2024-06-14 06:00:00,2391408.26472405
2024-06-14 06:30:00,2391408.26472405
2024-06-14 07:00:00,2391408.26472405
2024-06-14 13:00:00,2391408.26472405
2024-06-14 13:30:00,2390760.3781542713
2024-06-14 14:00:00,2390760.3781542713
2024-06-14 14:30:00,2390760.3781542713
2024-06-14 15:00:00,2390760.3781542713
2024-06-14 15:30:00,2390760.3781542713
2024-06-14 16:00:00,2390760.3781542713
2024-06-14 16:30:00,2390760.3781542713
2024-06-17 01:00:00,2390760.3781542713
2024-06-17 01:30:00,2390760.3781542713
2024-06-17 02:00:00,2390760.3781542713
2024-06-17 02:30:00,2390760.3781542713
2024-06-17 03:00:00,2390760.3781542713
2024-06-17 05:00:00,2390760.3781542713
2024-06-17 05:30:00,2390760.3781542713
2024-06-17 06:00:00,2390760.3781542713
2024-06-17 06:30:00,2390760.3781542713
2024-06-17 07:00:00,2390760.3781542713
2024-06-17 13:00:00,2390760.3781542713
2024-06-17 13:30:00,2388978.0224941154
2024-06-17 14:00:00,2389594.627588372
2024-06-17 14:30:00,2389594.627588372
2024-06-17 15:00:00,2389594.627588372
2024-06-17 15:30:00,2389594.627588372
2024-06-17 16:00:00,2389594.627588372
2024-06-17 16:30:00,2389594.627588372
2024-06-18 01:00:00,2389594.627588372
2024-06-18 01:30:00,2388742.2321189344
2024-06-18 02:00:00,2388742.2321189344
2024-06-18 02:30:00,2388800.3363969103
2024-06-18 03:00:00,2388800.3363969103
2024-06-18 05:00:00,2388800.3363969103
2024-06-18 05:30:00,2388800.3363969103
2024-06-18 06:00:00,2388800.3363969103
2024-06-18 06:30:00,2388800.3363969103
2024-06-18 07:00:00,2388800.3363969103
2024-06-18 13:00:00,2388800.3363969103
2024-06-18 13:30:00,2388800.3363969103
2024-06-18 14:00:00,2388800.3363969103
2024-06-18 14:30:00,2388800.3363969103
2024-06-18 15:00:00,2388800.3363969103
2024-06-18 15:30:00,2388800.3363969103
2024-06-18 16:00:00,2388800.3363969103
2024-06-18 16:30:00,2388800.3363969103
2024-06-19 01:00:00,2388894.144962447
2024-06-19 01:30:00,2395728.5568344737
2024-06-19 02:00:00,2395510.6945233447
2024-06-19 02:30:00,2395510.6945233447
2024-06-19 03:00:00,2395510.6945233447
2024-06-19 05:00:00,2395510.6945233447
2024-06-19 05:30:00,2395510.6945233447
2024-06-19 06:00:00,2395510.6945233447
2024-06-19 06:30:00,2395510.6945233447
2024-06-19 07:00:00,2395510.6945233447
2024-06-19 13:00:00,2395510.6945233447
2024-06-19 13:30:00,2395510.6945233447
2024-06-19 14:00:00,2395510.6945233447
2024-06-19 14:30:00,2395510.6945233447
2024-06-19 15:00:00,2395510.6945233447
2024-06-19 15:30:00,2395510.6945233447
2024-06-19 16:00:00,2395510.6945233447
2024-06-19 16:30:00,2395510.6945233447
2024-06-20 01:00:00,2395510.6945233447
2024-06-20 01:30:00,2395510.6945233447
2024-06-20 02:00:00,2395510.6945233447
2024-06-20 02:30:00,2395510.6945233447
2024-06-20 03:00:00,2395510.6945233447
2024-06-20 05:00:00,2395510.6945233447
2024-06-20 05:30:00,2395510.6945233447
2024-06-20 06:00:00,2394807.8864490283
2024-06-20 06:30:00,2394807.8864490283
2024-06-20 07:00:00,2394807.8864490283
2024-06-20 13:00:00,2394807.8864490283
2024-06-20 13:30:00,2394807.8864490283
2024-06-20 14:00:00,2394807.8864490283
2024-06-20 14:30:00,2394807.8864490283
2024-06-20 15:00:00,2394807.8864490283
2024-06-20 15:30:00,2394807.8864490283
2024-06-20 16:00:00,2394807.8864490283
2024-06-20 16:30:00,2394807.8864490283
2024-06-21 01:00:00,2394807.8864490283
2024-06-21 01:30:00,2398991.041309529
2024-06-21 02:00:00,2398991.041309529
2024-06-21 02:30:00,2418885.2013766286
2024-06-21 03:00:00,2418885.2013766286
2024-06-21 05:00:00,2418885.2013766286
2024-06-21 05:30:00,2418885.2013766286
2024-06-21 06:00:00,2418885.2013766286
2024-06-21 06:30:00,2418885.2013766286
2024-06-21 07:00:00,2418885.2013766286
2024-06-21 13:00:00,2418885.2013766286
2024-06-21 13:30:00,2418885.2013766286
2024-06-21 14:00:00,2419157.558484027
2024-06-21 14:30:00,2419157.558484027
2024-06-21 15:00:00,2419157.558484027
2024-06-21 15:30:00,2419157.558484027
2024-06-21 16:00:00,2419157.558484027
2024-06-21 16:30:00,2419157.558484027
2024-06-24 01:00:00,2419157.558484027
2024-06-24 01:30:00,2419157.558484027
2024-06-24 02:00:00,2419157.558484027
2024-06-24 02:30:00,2418593.083758941
2024-06-24 03:00:00,2418593.083758941
2024-06-24 05:00:00,2418593.083758941
2024-06-24 05:30:00,2418593.083758941
2024-06-24 06:00:00,2418593.083758941
2024-06-24 06:30:00,2418593.083758941
2024-06-24 07:00:00,2418593.083758941
2024-06-24 13:00:00,2418593.083758941
2024-06-24 13:30:00,2418593.083758941
2024-06-24 14:00:00,2418593.083758941
2024-06-24 14:30:00,2420592.046596521
2024-06-24 15:00:00,2420592.046596521
2024-06-24 15:30:00,2420592.046596521
2024-06-24 16:00:00,2419541.15153047
2024-06-24 16:30:00,2419209.0198702104
2024-06-25 01:00:00,2419209.0198702104
2024-06-25 01:30:00,2417511.0764200343
2024-06-25 02:00:00,2416772.4287620187
2024-06-25 02:30:00,2416772.4287620187
2024-06-25 03:00:00,2416772.4287620187
2024-06-25 05:00:00,2416772.4287620187
2024-06-25 05:30:00,2416772.4287620187
2024-06-25 06:00:00,2416576.1189072863
2024-06-25 06:30:00,2416576.1189072863
2024-06-25 07:00:00,2416576.1189072863
2024-06-25 13:00:00,2416576.1189072863
2024-06-25 13:30:00,2416576.1189072863
2024-06-25 14:00:00,2419104.0914441124
2024-06-25 14:30:00,2419104.0914441124
2024-06-25 15:00:00,2419104.0914441124
2024-06-25 15:30:00,2419104.0914441124
2024-06-25 16:00:00,2419104.0914441124
2024-06-25 16:30:00,2419104.0914441124
2024-06-26 01:00:00,2419104.0914441124
2024-06-26 01:30:00,2419104.0914441124
2024-06-26 02:00:00,2419104.0914441124
2024-06-26 02:30:00,2419104.0914441124
2024-06-26 03:00:00,2418411.590086749
2024-06-26 05:00:00,2418411.590086749
2024-06-26 05:30:00,2418411.590086749
2024-06-26 06:00:00,2418353.5041873143
2024-06-26 06:30:00,2418353.5041873143
2024-06-26 07:00:00,2418353.5041873143
2024-06-26 13:00:00,2418392.4445509235
2024-06-26 13:30:00,2418392.4445509235
2024-06-26 14:00:00,2418392.4445509235
2024-06-26 14:30:00,2418392.4445509235
2024-06-26 15:00:00,2418392.4445509235
2024-06-26 15:30:00,2418392.4445509235
2024-06-26 16:00:00,2417379.9798190016
2024-06-26 16:30:00,2417379.9798190016
2024-06-27 01:00:00,2417379.9798190016
2024-06-27 01:30:00,2417379.9798190016
2024-06-27 02:00:00,2417379.9798190016
2024-06-27 02:30:00,2417379.9798190016
2024-06-27 03:00:00,2417379.9798190016
2024-06-27 05:00:00,2417379.9798190016
2024-06-27 05:30:00,2417379.9798190016
2024-06-27 06:00:00,2417379.9798190016
2024-06-27 06:30:00,2417379.9798190016
2024-06-27 07:00:00,2417379.9798190016
2024-06-27 13:00:00,2417379.9798190016
2024-06-27 13:30:00,2417019.9798190016
2024-06-27 14:00:00,2417019.9798190016
2024-06-27 14:30:00,2417019.9798190016
2024-06-27 15:00:00,2417019.9798190016
2024-06-27 15:30:00,2415945.0476432545
2024-06-27 16:00:00,2415945.0476432545
2024-06-27 16:30:00,2415945.0476432545
2024-06-28 01:00:00,2415945.0476432545
2024-06-28 01:30:00,2415365.0476432545
2024-06-28 02:00:00,2414477.836277671
2024-06-28 02:30:00,2414477.836277671
2024-06-28 03:00:00,2414477.836277671
2024-06-28 05:00:00,2414477.836277671
2024-06-28 05:30:00,2414477.836277671
2024-06-28 06:00:00,2414477.836277671
2024-06-28 06:30:00,2414477.836277671
2024-06-28 07:00:00,2414477.836277671
2024-06-28 13:00:00,2414477.836277671
2024-06-28 13:30:00,2414477.836277671
2024-06-28 14:00:00,2416069.671175636
2024-06-28 14:30:00,2416069.671175636
2024-06-28 15:00:00,2416069.671175636
2024-06-28 15:30:00,2416069.671175636
2024-06-28 16:00:00,2416069.671175636
2024-06-28 16:30:00,2416069.671175636
2024-07-01 01:00:00,2416069.671175636
2024-07-01 01:30:00,2416069.671175636
2024-07-01 02:00:00,2416069.671175636
2024-07-01 02:30:00,2415619.671175636
2024-07-01 03:00:00,2415619.671175636
2024-07-01 05:00:00,2415619.671175636
2024-07-01 05:30:00,2415619.671175636
2024-07-01 06:00:00,2415619.671175636
2024-07-01 06:30:00,2415619.671175636
2024-07-01 07:00:00,2415619.671175636
2024-07-01 13:00:00,2415619.671175636
2024-07-01 13:30:00,2415619.671175636
2024-07-01 14:00:00,2415619.671175636
2024-07-01 14:30:00,2415619.671175636
2024-07-01 15:00:00,2415619.671175636
2024-07-01 15:30:00,2415619.671175636
2024-07-01 16:00:00,2415619.671175636
2024-07-01 16:30:00,2415619.671175636
2024-07-02 01:00:00,2415619.671175636
2024-07-02 01:30:00,2417231.664524022
2024-07-02 02:00:00,2417231.664524022
2024-07-02 02:30:00,2417231.664524022
2024-07-02 03:00:00,2417231.664524022
2024-07-02 05:00:00,2417231.664524022
2024-07-02 05:30:00,2417231.664524022
2024-07-02 06:00:00,2417231.664524022
2024-07-02 06:30:00,2417231.664524022
2024-07-02 07:00:00,2417231.664524022
2024-07-02 13:00:00,2417231.664524022
2024-07-02 13:30:00,2417206.2269846355
2024-07-02 14:00:00,2417206.2269846355
2024-07-02 14:30:00,2417206.2269846355
2024-07-02 15:00:00,2417206.2269846355
2024-07-02 15:30:00,2417206.2269846355
2024-07-02 16:00:00,2417206.2269846355
2024-07-02 16:30:00,2417206.2269846355
2024-07-03 01:00:00,2417206.2269846355
2024-07-03 01:30:00,2408044.895637943
2024-07-03 02:00:00,2408044.895637943
2024-07-03 02:30:00,2408044.895637943
2024-07-03 03:00:00,2408044.895637943
2024-07-03 05:00:00,2408044.895637943
2024-07-03 05:30:00,2408044.895637943
2024-07-03 06:00:00,2408044.895637943
2024-07-03 06:30:00,2408044.895637943
2024-07-03 07:00:00,2408044.895637943
2024-07-03 13:00:00,2408044.895637943
2024-07-03 13:30:00,2408044.895637943
2024-07-03 14:00:00,2408044.895637943
2024-07-03 14:30:00,2408044.895637943
2024-07-03 15:00:00,2408044.895637943
2024-07-03 15:30:00,2408044.895637943
2024-07-03 16:00:00,2408044.895637943
2024-07-03 16:30:00,2408044.895637943
2024-07-04 01:00:00,2408044.895637943
2024-07-04 01:30:00,2408044.895637943
2024-07-04 02:00:00,2408044.895637943
2024-07-04 02:30:00,2408044.895637943
2024-07-04 03:00:00,2408044.895637943
2024-07-04 05:00:00,2408044.895637943
2024-07-04 05:30:00,2408044.895637943
2024-07-04 06:00:00,2408044.895637943
2024-07-04 06:30:00,2408044.895637943
2024-07-04 07:00:00,2408044.895637943
2024-07-04 13:00:00,2408044.895637943
2024-07-04 13:30:00,2408044.895637943
2024-07-04 14:00:00,2408044.895637943
2024-07-04 14:30:00,2408044.895637943
2024-07-04 15:00:00,2408044.895637943
2024-07-04 15:30:00,2408044.895637943
2024-07-04 16:00:00,2408044.895637943
2024-07-04 16:30:00,2408044.895637943
2024-07-05 01:00:00,2408044.895637943
2024-07-05 01:30:00,2407241.9351555044
2024-07-05 02:00:00,2407241.9351555044
2024-07-05 02:30:00,2407241.9351555044
2024-07-05 03:00:00,2407241.9351555044
2024-07-05 05:00:00,2407241.9351555044
2024-07-05 05:30:00,2407241.9351555044
2024-07-05 06:00:00,2407241.9351555044
2024-07-05 06:30:00,2407241.9351555044
2024-07-05 07:00:00,2407241.9351555044
2024-07-05 13:00:00,2407241.9351555044
2024-07-05 13:30:00,2407241.9351555044
2024-07-05 14:00:00,2407241.9351555044
2024-07-05 14:30:00,2407241.9351555044
2024-07-05 15:00:00,2407241.9351555044
2024-07-05 15:30:00,2407241.9351555044
2024-07-05 16:00:00,2407241.9351555044
2024-07-05 16:30:00,2407241.9351555044
2024-07-08 01:00:00,2407241.9351555044
2024-07-08 01:30:00,2406910.024929971
2024-07-08 02:00:00,2406541.193247008
2024-07-08 02:30:00,2406960.3368361723
2024-07-08 03:00:00,2406960.3368361723
2024-07-08 05:00:00,2406960.3368361723
2024-07-08 05:30:00,2406960.3368361723
2024-07-08 06:00:00,2406960.3368361723
2024-07-08 06:30:00,2406960.3368361723
2024-07-08 07:00:00,2406960.3368361723
2024-07-08 13:00:00,2406960.3368361723
2024-07-08 13:30:00,2406960.3368361723
2024-07-08 14:00:00,2406960.3368361723
2024-07-08 14:30:00,2406960.3368361723
2024-07-08 15:00:00,2406960.3368361723
2024-07-08 15:30:00,2406960.3368361723
2024-07-08 16:00:00,2406960.3368361723
2024-07-08 16:30:00,2406960.3368361723
2024-07-09 01:00:00,2406960.3368361723
2024-07-09 01:30:00,2406960.3368361723
2024-07-09 02:00:00,2406960.3368361723
2024-07-09 02:30:00,2406960.3368361723
2024-07-09 03:00:00,2406960.3368361723
2024-07-09 05:00:00,2406960.3368361723
2024-07-09 05:30:00,2405370.7899779663
2024-07-09 06:00:00,2404679.9637713158
2024-07-09 06:30:00,2404679.9637713158
2024-07-09 07:00:00,2404679.9637713158
2024-07-09 13:00:00,2404679.9637713158
2024-07-09 13:30:00,2404679.9637713158
2024-07-09 14:00:00,2404679.9637713158
2024-07-09 14:30:00,2404299.30511106
2024-07-09 15:00:00,2404299.30511106
2024-07-09 15:30:00,2404299.30511106
2024-07-09 16:00:00,2404299.30511106
2024-07-09 16:30:00,2404299.30511106
2024-07-10 01:00:00,2404299.30511106
2024-07-10 01:30:00,2404299.30511106
2024-07-10 02:00:00,2404299.30511106
2024-07-10 02:30:00,2404299.30511106
2024-07-10 03:00:00,2404299.30511106
2024-07-10 05:00:00,2404299.30511106
2024-07-10 05:30:00,2404299.30511106
2024-07-10 06:00:00,2404299.30511106
2024-07-10 06:30:00,2404299.30511106
2024-07-10 07:00:00,2404299.30511106
2024-07-10 13:00:00,2404299.30511106
2024-07-10 13:30:00,2404299.30511106
2024-07-10 14:00:00,2404299.30511106
2024-07-10 14:30:00,2403747.039707892
2024-07-10 15:00:00,2403747.039707892
2024-07-10 15:30:00,2403747.039707892
2024-07-10 16:00:00,2403747.039707892
2024-07-10 16:30:00,2403747.039707892
2024-07-11 01:00:00,2403747.039707892
2024-07-11 01:30:00,2407975.7376486342
2024-07-11 02:00:00,2407975.7376486342
2024-07-11 02:30:00,2407975.7376486342
2024-07-11 03:00:00,2407975.7376486342
2024-07-11 05:00:00,2407975.7376486342
2024-07-11 05:30:00,2407975.7376486342
2024-07-11 06:00:00,2407975.7376486342
2024-07-11 06:30:00,2407975.7376486342
2024-07-11 07:00:00,2407975.7376486342
2024-07-11 13:00:00,2407975.7376486342
2024-07-11 13:30:00,2408136.527765386
2024-07-11 14:00:00,2408354.1308728596
2024-07-11 14:30:00,2408354.1308728596
2024-07-11 15:00:00,2408354.1308728596
2024-07-11 15:30:00,2408354.1308728596
2024-07-11 16:00:00,2408354.1308728596
2024-07-11 16:30:00,2408354.1308728596
2024-07-12 01:00:00,2408354.1308728596
2024-07-12 01:30:00,2408354.1308728596
2024-07-12 02:00:00,2408354.1308728596
2024-07-12 02:30:00,2408354.1308728596
2024-07-12 03:00:00,2408354.1308728596
2024-07-12 05:00:00,2408354.1308728596
2024-07-12 05:30:00,2408354.1308728596
2024-07-12 06:00:00,2408354.1308728596
2024-07-12 06:30:00,2408354.1308728596
2024-07-12 07:00:00,2408354.1308728596
2024-07-12 13:00:00,2408354.1308728596
2024-07-12 13:30:00,2408354.1308728596
2024-07-12 14:00:00,2408354.1308728596
2024-07-12 14:30:00,2408354.1308728596
2024-07-12 15:00:00,2408354.1308728596
2024-07-12 15:30:00,2408354.1308728596
2024-07-12 16:00:00,2408354.1308728596
2024-07-12 16:30:00,2408354.1308728596
2024-07-15 01:00:00,2409641.2961898986
2024-07-15 01:30:00,2409479.3475806145
2024-07-15 02:00:00,2409479.3475806145
2024-07-15 02:30:00,2409479.3475806145
2024-07-15 03:00:00,2409479.3475806145
2024-07-15 05:00:00,2409479.3475806145
2024-07-15 05:30:00,2409479.3475806145
2024-07-15 06:00:00,2409993.09897493
2024-07-15 06:30:00,2409993.09897493
2024-07-15 07:00:00,2409993.09897493
2024-07-15 13:00:00,2410284.1566649927
2024-07-15 13:30:00,2409948.9235000983
2024-07-15 14:00:00,2409948.9235000983
2024-07-15 14:30:00,2409948.9235000983
2024-07-15 15:00:00,2409948.9235000983
2024-07-15 15:30:00,2409948.9235000983
2024-07-15 16:00:00,2409948.9235000983
2024-07-15 16:30:00,2409948.9235000983
2024-07-16 01:00:00,2409948.9235000983
2024-07-16 01:30:00,2409948.9235000983
2024-07-16 02:00:00,2419994.4230938437
2024-07-16 02:30:00,2419994.4230938437
2024-07-16 03:00:00,2419994.4230938437
2024-07-16 05:00:00,2419994.4230938437
2024-07-16 05:30:00,2419994.4230938437
2024-07-16 06:00:00,2419412.905064976
2024-07-16 06:30:00,2419412.905064976
2024-07-16 07:00:00,2419412.905064976
2024-07-16 13:00:00,2419412.905064976
2024-07-16 13:30:00,2419412.905064976
2024-07-16 14:00:00,2419412.905064976
2024-07-16 14:30:00,2419412.905064976
2024-07-16 15:00:00,2419412.905064976
2024-07-16 15:30:00,2419412.905064976
2024-07-16 16:00:00,2419412.905064976
2024-07-16 16:30:00,2419412.905064976
2024-07-17 01:00:00,2419412.905064976
2024-07-17 01:30:00,2417783.8992511486
2024-07-17 02:00:00,2417369.4433630602
2024-07-17 02:30:00,2417369.4433630602
2024-07-17 03:00:00,2417369.4433630602
2024-07-17 05:00:00,2417369.4433630602
2024-07-17 05:30:00,2417369.4433630602
2024-07-17 06:00:00,2416818.984682798
2024-07-17 06:30:00,2416818.984682798
2024-07-17 07:00:00,2416818.984682798
2024-07-17 13:00:00,2416818.984682798
2024-07-17 13:30:00,2416818.984682798
2024-07-17 14:00:00,2416818.984682798
2024-07-17 14:30:00,2416818.984682798
2024-07-17 15:00:00,2416818.984682798
2024-07-17 15:30:00,2416818.984682798
2024-07-17 16:00:00,2416818.984682798
2024-07-17 16:30:00,2416818.984682798
2024-07-18 01:00:00,2416818.984682798
2024-07-18 01:30:00,2416818.984682798
2024-07-18 02:00:00,2416818.984682798
2024-07-18 02:30:00,2416818.984682798
2024-07-18 03:00:00,2416818.984682798
2024-07-18 05:00:00,2416818.984682798
2024-07-18 05:30:00,2416818.984682798
2024-07-18 06:00:00,2418321.046141081
2024-07-18 06:30:00,2418321.046141081
2024-07-18 07:00:00,2418321.046141081
2024-07-18 13:00:00,2418321.046141081
2024-07-18 13:30:00,2418321.046141081
2024-07-18 14:00:00,2418273.082040297
2024-07-18 14:30:00,2418273.082040297
2024-07-18 15:00:00,2418273.082040297
2024-07-18 15:30:00,2418273.082040297
2024-07-18 16:00:00,2418273.082040297
2024-07-18 16:30:00,2418273.082040297
2024-07-19 01:00:00,2417399.3538895617
2024-07-19 01:30:00,2417399.3538895617
2024-07-19 02:00:00,2417399.3538895617
2024-07-19 02:30:00,2417399.3538895617
2024-07-19 03:00:00,2417399.3538895617
2024-07-19 05:00:00,2417399.3538895617
2024-07-19 05:30:00,2417399.3538895617
2024-07-19 06:00:00,2417526.8874659645
2024-07-19 06:30:00,2417526.8874659645
2024-07-19 07:00:00,2417526.8874659645
2024-07-19 13:00:00,2417178.2997893593
2024-07-19 13:30:00,2417178.2997893593
2024-07-19 14:00:00,2425225.33141246
2024-07-19 14:30:00,2425225.33141246
2024-07-19 15:00:00,2425225.33141246
2024-07-19 15:30:00,2425225.33141246
2024-07-19 16:00:00,2425225.33141246
2024-07-19 16:30:00,2425225.33141246
2024-07-22 01:00:00,2425261.690003952
2024-07-22 01:30:00,2425261.690003952
2024-07-22 02:00:00,2425261.690003952
2024-07-22 02:30:00,2425261.690003952
2024-07-22 03:00:00,2425138.5661542565
2024-07-22 05:00:00,2425138.5661542565
2024-07-22 05:30:00,2425066.53685903
2024-07-22 06:00:00,2425066.53685903
2024-07-22 06:30:00,2425066.53685903
2024-07-22 07:00:00,2425066.53685903
2024-07-22 13:00:00,2425066.53685903
2024-07-22 13:30:00,2425066.53685903
2024-07-22 14:00:00,2425066.53685903
2024-07-22 14:30:00,2423866.53685903
2024-07-22 15:00:00,2423866.53685903
2024-07-22 15:30:00,2423866.53685903
2024-07-22 16:00:00,2423866.53685903
2024-07-22 16:30:00,2423866.53685903
2024-07-23 01:00:00,2423866.53685903
2024-07-23 01:30:00,2423866.53685903
2024-07-23 02:00:00,2423866.53685903
2024-07-23 02:30:00,2423866.53685903
2024-07-23 03:00:00,2423004.9206548184
2024-07-23 05:00:00,2423004.9206548184
2024-07-23 05:30:00,2423004.9206548184
2024-07-23 06:00:00,2423004.9206548184
2024-07-23 06:30:00,2423004.9206548184
2024-07-23 07:00:00,2423004.9206548184
2024-07-23 13:00:00,2423004.9206548184
2024-07-23 13:30:00,2423004.9206548184
2024-07-23 14:00:00,2423004.9206548184
2024-07-23 14:30:00,2423757.769653561
2024-07-23 15:00:00,2423757.769653561
2024-07-23 15:30:00,2423757.769653561
2024-07-23 16:00:00,2423757.769653561
2024-07-23 16:30:00,2423757.769653561
2024-07-24 01:00:00,2423757.769653561
2024-07-24 01:30:00,2423757.769653561
2024-07-24 02:00:00,2423757.769653561
2024-07-24 02:30:00,2423757.769653561
2024-07-24 03:00:00,2423757.769653561
2024-07-24 05:00:00,2423757.769653561
2024-07-24 05:30:00,2423757.769653561
2024-07-24 06:00:00,2423757.769653561
2024-07-24 06:30:00,2423757.769653561
2024-07-24 07:00:00,2423757.769653561
2024-07-24 13:00:00,2423757.769653561
2024-07-24 13:30:00,2423757.769653561
2024-07-24 14:00:00,2423757.769653561
2024-07-24 14:30:00,2423757.769653561
2024-07-24 15:00:00,2423757.769653561
2024-07-24 15:30:00,2423757.769653561
2024-07-24 16:00:00,2423757.769653561
2024-07-24 16:30:00,2423757.769653561
2024-07-25 01:00:00,2423840.908590118
2024-07-25 01:30:00,2423202.9931165515
2024-07-25 02:00:00,2423202.9931165515
2024-07-25 02:30:00,2423202.9931165515
2024-07-25 03:00:00,2423202.9931165515
2024-07-25 05:00:00,2423202.9931165515
2024-07-25 05:30:00,2423202.9931165515
2024-07-25 06:00:00,2423202.9931165515
2024-07-25 06:30:00,2422064.063068198
2024-07-25 07:00:00,2422064.063068198
2024-07-25 13:00:00,2422064.063068198
2024-07-25 13:30:00,2421506.3130173446
2024-07-25 14:00:00,2421506.3130173446
2024-07-25 14:30:00,2421506.3130173446
2024-07-25 15:00:00,2421506.3130173446
2024-07-25 15:30:00,2421506.3130173446
2024-07-25 16:00:00,2421506.3130173446
2024-07-25 16:30:00,2421506.3130173446
2024-07-26 01:00:00,2421506.3130173446
2024-07-26 01:30:00,2421515.6774187507
2024-07-26 02:00:00,2421515.6774187507
2024-07-26 02:30:00,2421515.6774187507
2024-07-26 03:00:00,2421515.6774187507
2024-07-26 05:00:00,2421515.6774187507
2024-07-26 05:30:00,2421496.6229137518
2024-07-26 06:00:00,2421496.6229137518
2024-07-26 06:30:00,2421496.6229137518
2024-07-26 07:00:00,2421496.6229137518
2024-07-26 13:00:00,2421496.6229137518
2024-07-26 13:30:00,2421366.839339893
2024-07-26 14:00:00,2421366.839339893
2024-07-26 14:30:00,2421366.839339893
2024-07-26 15:00:00,2421366.839339893
2024-07-26 15:30:00,2421366.839339893
2024-07-26 16:00:00,2421366.839339893
2024-07-26 16:30:00,2421366.839339893
2024-07-29 01:00:00,2421326.102570537
2024-07-29 01:30:00,2421326.102570537
2024-07-29 02:00:00,2421326.102570537
2024-07-29 02:30:00,2421326.102570537
2024-07-29 03:00:00,2419788.0294880145
2024-07-29 05:00:00,2419788.0294880145
2024-07-29 05:30:00,2418243.907338515
2024-07-29 06:00:00,2417414.0055840826
2024-07-29 06:30:00,2417414.0055840826
2024-07-29 07:00:00,2417414.0055840826
2024-07-29 13:00:00,2417414.0055840826
2024-07-29 13:30:00,2417414.0055840826
2024-07-29 14:00:00,2417414.0055840826
2024-07-29 14:30:00,2417414.0055840826
2024-07-29 15:00:00,2417414.0055840826
2024-07-29 15:30:00,2417414.0055840826
2024-07-29 16:00:00,2417414.0055840826
2024-07-29 16:30:00,2417414.0055840826
2024-07-30 01:00:00,2417414.0055840826
2024-07-30 01:30:00,2417414.0055840826
2024-07-30 02:00:00,2417414.0055840826
2024-07-30 02:30:00,2417414.0055840826
2024-07-30 03:00:00,2416288.7348162294
2024-07-30 05:00:00,2416288.7348162294
2024-07-30 05:30:00,2416288.7348162294
2024-07-30 06:00:00,2416288.7348162294
2024-07-30 06:30:00,2416288.7348162294
2024-07-30 07:00:00,2416288.7348162294
2024-07-30 13:00:00,2416288.7348162294
2024-07-30 13:30:00,2416288.7348162294
2024-07-30 14:00:00,2416288.7348162294
2024-07-30 14:30:00,2420709.5910366564
2024-07-30 15:00:00,2420709.5910366564
2024-07-30 15:30:00,2420709.5910366564
2024-07-30 16:00:00,2420709.5910366564
2024-07-30 16:30:00,2420709.5910366564
2024-07-31 01:00:00,2420709.5910366564
2024-07-31 01:30:00,2420709.5910366564
2024-07-31 02:00:00,2420709.5910366564
2024-07-31 02:30:00,2420709.5910366564
2024-07-31 03:00:00,2420709.5910366564
2024-07-31 05:00:00,2420709.5910366564
2024-07-31 05:30:00,2420709.5910366564
2024-07-31 06:00:00,2420709.5910366564
2024-07-31 06:30:00,2420709.5910366564
2024-07-31 07:00:00,2420709.5910366564
2024-07-31 13:00:00,2420709.5910366564
2024-07-31 13:30:00,2420709.5910366564
2024-07-31 14:00:00,2420709.5910366564
2024-07-31 14:30:00,2420709.5910366564
2024-07-31 15:00:00,2420709.5910366564
2024-07-31 15:30:00,2420709.5910366564
2024-07-31 16:00:00,2420709.5910366564
2024-07-31 16:30:00,2420709.5910366564
2024-08-01 01:00:00,2420709.5910366564
2024-08-01 01:30:00,2420709.5910366564
2024-08-01 02:00:00,2420728.7732210765
2024-08-01 02:30:00,2420728.7732210765
2024-08-01 03:00:00,2425808.229167804
2024-08-01 05:00:00,2425808.229167804
2024-08-01 05:30:00,2425808.229167804
2024-08-01 06:00:00,2425808.229167804
2024-08-01 06:30:00,2425808.229167804
2024-08-01 07:00:00,2425808.229167804
2024-08-01 13:00:00,2425808.229167804
2024-08-01 13:30:00,2425808.229167804
2024-08-01 14:00:00,2425808.229167804
2024-08-01 14:30:00,2425808.229167804
2024-08-01 15:00:00,2425808.229167804
2024-08-01 15:30:00,2425808.229167804
2024-08-01 16:00:00,2425808.229167804
2024-08-01 16:30:00,2425808.229167804
2024-08-02 01:00:00,2425808.229167804
2024-08-02 01:30:00,2425808.229167804
2024-08-02 02:00:00,2425808.229167804
2024-08-02 02:30:00,2425808.229167804
2024-08-02 03:00:00,2425808.229167804
2024-08-02 05:00:00,2425808.229167804
2024-08-02 05:30:00,2425808.229167804
2024-08-02 06:00:00,2425808.229167804
2024-08-02 06:30:00,2425808.229167804
2024-08-02 07:00:00,2425808.229167804
2024-08-02 13:00:00,2425808.229167804
2024-08-02 13:30:00,2426261.8805824975
2024-08-02 14:00:00,2426261.8805824975
2024-08-02 14:30:00,2426261.8805824975
2024-08-02 15:00:00,2426261.8805824975
2024-08-02 15:30:00,2426261.8805824975
2024-08-02 16:00:00,2426261.8805824975
2024-08-02 16:30:00,2426261.8805824975
2024-08-05 01:00:00,2426693.0612855824
2024-08-05 01:30:00,2426693.0612855824
2024-08-05 02:00:00,2425061.0875827605
2024-08-05 02:30:00,2425061.0875827605
2024-08-05 03:00:00,2425061.0875827605
2024-08-05 05:00:00,2425061.0875827605
2024-08-05 05:30:00,2423734.566682915
2024-08-05 06:00:00,2422021.4736787057
2024-08-05 06:30:00,2422021.4736787057
2024-08-05 07:00:00,2422021.4736787057
2024-08-05 13:00:00,2422021.4736787057
2024-08-05 13:30:00,2420581.4736787057
2024-08-05 14:00:00,2420581.4736787057
2024-08-05 14:30:00,2420581.4736787057
2024-08-05 15:00:00,2420581.4736787057
2024-08-05 15:30:00,2420581.4736787057
2024-08-05 16:00:00,2420581.4736787057
2024-08-05 16:30:00,2420581.4736787057
2024-08-06 01:00:00,2420894.113618997
2024-08-06 01:30:00,2424383.4084648457
2024-08-06 02:00:00,2424383.4084648457
2024-08-06 02:30:00,2424383.4084648457
2024-08-06 03:00:00,2424383.4084648457
2024-08-06 05:00:00,2424383.4084648457
2024-08-06 05:30:00,2424383.4084648457
2024-08-06 06:00:00,2424383.4084648457
2024-08-06 06:30:00,2424383.4084648457
2024-08-06 07:00:00,2424383.4084648457
2024-08-06 13:00:00,2424383.4084648457
2024-08-06 13:30:00,2424383.4084648457
2024-08-06 14:00:00,2424383.4084648457
2024-08-06 14:30:00,2424383.4084648457
2024-08-06 15:00:00,2424383.4084648457
2024-08-06 15:30:00,2424383.4084648457
2024-08-06 16:00:00,2424383.4084648457
2024-08-06 16:30:00,2424383.4084648457
2024-08-07 01:00:00,2424383.4084648457
2024-08-07 01:30:00,2424383.4084648457
2024-08-07 02:00:00,2424383.4084648457
2024-08-07 02:30:00,2424383.4084648457
2024-08-07 03:00:00,2424383.4084648457
2024-08-07 05:00:00,2424383.4084648457
2024-08-07 05:30:00,2424383.4084648457
2024-08-07 06:00:00,2424383.4084648457
2024-08-07 06:30:00,2424383.4084648457
2024-08-07 07:00:00,2424383.4084648457
2024-08-07 13:00:00,2424383.4084648457
2024-08-07 13:30:00,2424383.4084648457
2024-08-07 14:00:00,2424383.4084648457
2024-08-07 14:30:00,2424383.4084648457
2024-08-07 15:00:00,2424383.4084648457
2024-08-07 15:30:00,2424383.4084648457
2024-08-07 16:00:00,2424383.4084648457
2024-08-07 16:30:00,2424383.4084648457
2024-08-08 01:00:00,2424383.4084648457
2024-08-08 01:30:00,2424383.4084648457
2024-08-08 02:00:00,2424383.4084648457
2024-08-08 02:30:00,2424118.383823854
2024-08-08 03:00:00,2424118.383823854
2024-08-08 05:00:00,2424118.383823854
2024-08-08 05:30:00,2424118.383823854
2024-08-08 06:00:00,2424118.383823854
2024-08-08 06:30:00,2424118.383823854
2024-08-08 07:00:00,2424118.383823854
2024-08-08 13:00:00,2424718.383823854
2024-08-08 13:30:00,2428968.50708066
2024-08-08 14:00:00,2428968.50708066
2024-08-08 14:30:00,2428968.50708066
2024-08-08 15:00:00,2428968.50708066
2024-08-08 15:30:00,2428968.50708066
2024-08-08 16:00:00,2428968.50708066
2024-08-08 16:30:00,2428968.50708066
2024-08-09 01:00:00,2428968.50708066
2024-08-09 01:30:00,2428968.50708066
2024-08-09 02:00:00,2428968.50708066
2024-08-09 02:30:00,2428968.50708066
2024-08-09 03:00:00,2428968.50708066
2024-08-09 05:00:00,2428968.50708066
2024-08-09 05:30:00,2408920.889313866
2024-08-09 06:00:00,2408920.889313866
2024-08-09 06:30:00,2408451.11751928
2024-08-09 07:00:00,2408451.11751928
2024-08-09 13:00:00,2408451.11751928
2024-08-09 13:30:00,2407757.0603834116
2024-08-09 14:00:00,2407757.0603834116
2024-08-09 14:30:00,2407757.0603834116
2024-08-09 15:00:00,2407757.0603834116
2024-08-09 15:30:00,2407757.0603834116
2024-08-09 16:00:00,2407757.0603834116
2024-08-09 16:30:00,2407757.0603834116
2024-08-12 01:00:00,2407757.0603834116
2024-08-12 01:30:00,2408860.815761567
2024-08-12 02:00:00,2408860.815761567
2024-08-12 02:30:00,2408860.815761567
2024-08-12 03:00:00,2408860.815761567
2024-08-12 05:00:00,2408860.815761567
2024-08-12 05:30:00,2408860.815761567
2024-08-12 06:00:00,2408860.815761567
2024-08-12 06:30:00,2408860.815761567
2024-08-12 07:00:00,2408860.815761567
2024-08-12 13:00:00,2408860.815761567
2024-08-12 13:30:00,2408860.815761567
2024-08-12 14:00:00,2408860.815761567
2024-08-12 14:30:00,2408860.815761567
2024-08-12 15:00:00,2408860.815761567
2024-08-12 15:30:00,2408860.815761567
2024-08-12 16:00:00,2408860.815761567
2024-08-12 16:30:00,2408860.815761567
2024-08-13 01:00:00,2408860.815761567
2024-08-13 01:30:00,2408860.815761567
2024-08-13 02:00:00,2408080.841089797
2024-08-13 02:30:00,2408080.841089797
2024-08-13 03:00:00,2408080.841089797
2024-08-13 05:00:00,2408080.841089797
2024-08-13 05:30:00,2408080.841089797
2024-08-13 06:00:00,2408080.841089797
2024-08-13 06:30:00,2408080.841089797
2024-08-13 07:00:00,2408080.841089797
2024-08-13 13:00:00,2408080.841089797
2024-08-13 13:30:00,2408080.841089797
2024-08-13 14:00:00,2408080.841089797
2024-08-13 14:30:00,2408080.841089797
2024-08-13 15:00:00,2408080.841089797
2024-08-13 15:30:00,2408080.841089797
2024-08-13 16:00:00,2408080.841089797
2024-08-13 16:30:00,2408080.841089797
2024-08-14 01:00:00,2408080.841089797
2024-08-14 01:30:00,2408080.841089797
2024-08-14 02:00:00,2408080.841089797
2024-08-14 02:30:00,2408080.841089797
2024-08-14 03:00:00,2406116.05393726
2024-08-14 05:00:00,2406116.05393726
2024-08-14 05:30:00,2406116.05393726
2024-08-14 06:00:00,2410452.7510552495
2024-08-14 06:30:00,2410452.7510552495
2024-08-14 07:00:00,2410452.7510552495
2024-08-14 13:00:00,2410452.7510552495
2024-08-14 13:30:00,2418012.7510552495
2024-08-14 14:00:00,2418012.7510552495
2024-08-14 14:30:00,2418012.7510552495
2024-08-14 15:00:00,2418012.7510552495
2024-08-14 15:30:00,2416035.2044376004
2024-08-14 16:00:00,2416035.2044376004
2024-08-14 16:30:00,2416035.2044376004
2024-08-15 01:00:00,2415898.574828527
2024-08-15 01:30:00,2415898.574828527
2024-08-15 02:00:00,2415898.574828527
2024-08-15 02:30:00,2415942.0103515643
2024-08-15 03:00:00,2415664.811030891
2024-08-15 05:00:00,2415664.811030891
2024-08-15 05:30:00,2415664.811030891
2024-08-15 06:00:00,2416932.844333513
2024-08-15 06:30:00,2416932.844333513
2024-08-15 07:00:00,2416932.844333513
2024-08-15 13:00:00,2416932.844333513
2024-08-15 13:30:00,2416932.844333513
2024-08-15 14:00:00,2416932.844333513
2024-08-15 14:30:00,2416932.844333513
2024-08-15 15:00:00,2416932.844333513
2024-08-15 15:30:00,2416932.844333513
2024-08-15 16:00:00,2416932.844333513
2024-08-15 16:30:00,2416932.844333513
2024-08-16 01:00:00,2416932.844333513
2024-08-16 01:30:00,2416932.844333513
2024-08-16 02:00:00,2416932.844333513
2024-08-16 02:30:00,2416932.844333513
2024-08-16 03:00:00,2417186.9409691473
2024-08-16 05:00:00,2417186.9409691473
2024-08-16 05:30:00,2417186.9409691473
2024-08-16 06:00:00,2417186.9409691473
2024-08-16 06:30:00,2417186.9409691473
2024-08-16 07:00:00,2417186.9409691473
2024-08-16 13:00:00,2417186.9409691473
2024-08-16 13:30:00,2417186.9409691473
2024-08-16 14:00:00,2417186.9409691473
2024-08-16 14:30:00,2415818.88837429
2024-08-16 15:00:00,2415818.88837429
2024-08-16 15:30:00,2415818.88837429
2024-08-16 16:00:00,2415818.88837429
2024-08-16 16:30:00,2415818.88837429
2024-08-19 01:00:00,2415818.88837429
2024-08-19 01:30:00,2415818.88837429
2024-08-19 02:00:00,2415818.88837429
2024-08-19 02:30:00,2415818.88837429
2024-08-19 03:00:00,2415818.88837429
2024-08-19 05:00:00,2415818.88837429
2024-08-19 05:30:00,2415818.88837429
2024-08-19 06:00:00,2415818.88837429
2024-08-19 06:30:00,2415818.88837429
2024-08-19 07:00:00,2415818.88837429
2024-08-19 13:00:00,2415818.88837429
2024-08-19 13:30:00,2415818.88837429
2024-08-19 14:00:00,2415818.88837429
2024-08-19 14:30:00,2415818.88837429
2024-08-19 15:00:00,2415818.88837429
2024-08-19 15:30:00,2415818.88837429
2024-08-19 16:00:00,2415818.88837429
2024-08-19 16:30:00,2415818.88837429
2024-08-20 01:00:00,2415818.88837429
2024-08-20 01:30:00,2415818.88837429
2024-08-20 02:00:00,2415818.88837429
2024-08-20 02:30:00,2415818.88837429
2024-08-20 03:00:00,2415818.88837429
2024-08-20 05:00:00,2415818.88837429
2024-08-20 05:30:00,2415818.88837429
2024-08-20 06:00:00,2415420.2092720824
2024-08-20 06:30:00,2415420.2092720824
2024-08-20 07:00:00,2415420.2092720824
2024-08-20 13:00:00,2415420.2092720824
2024-08-20 13:30:00,2415420.2092720824
2024-08-20 14:00:00,2415420.2092720824
2024-08-20 14:30:00,2415420.2092720824
2024-08-20 15:00:00,2415420.2092720824
2024-08-20 15:30:00,2415420.2092720824
2024-08-20 16:00:00,2415420.2092720824
2024-08-20 16:30:00,2415420.2092720824
2024-08-21 01:00:00,2415420.2092720824
2024-08-21 01:30:00,2415655.9786911043
2024-08-21 02:00:00,2415655.9786911043
2024-08-21 02:30:00,2415655.9786911043
2024-08-21 03:00:00,2415655.9786911043
2024-08-21 05:00:00,2415655.9786911043
2024-08-21 05:30:00,2415655.9786911043
2024-08-21 06:00:00,2415136.9729642845
2024-08-21 06:30:00,2415136.9729642845
2024-08-21 07:00:00,2415136.9729642845
2024-08-21 13:00:00,2415136.9729642845
2024-08-21 13:30:00,2415136.9729642845
2024-08-21 14:00:00,2415136.9729642845
2024-08-21 14:30:00,2415136.9729642845
2024-08-21 15:00:00,2415136.9729642845
2024-08-21 15:30:00,2415136.9729642845
2024-08-21 16:00:00,2415136.9729642845
2024-08-21 16:30:00,2415136.9729642845
2024-08-22 01:00:00,2415136.9729642845
2024-08-22 01:30:00,2417172.440935272
2024-08-22 02:00:00,2419689.2335537225
2024-08-22 02:30:00,2419689.2335537225
2024-08-22 03:00:00,2419689.2335537225
2024-08-22 05:00:00,2419689.2335537225
2024-08-22 05:30:00,2419689.2335537225
2024-08-22 06:00:00,2419689.2335537225
2024-08-22 06:30:00,2419689.2335537225
2024-08-22 07:00:00,2419689.2335537225
2024-08-22 13:00:00,2419689.2335537225
2024-08-22 13:30:00,2419689.2335537225
2024-08-22 14:00:00,2419689.2335537225
2024-08-22 14:30:00,2419689.2335537225
2024-08-22 15:00:00,2419689.2335537225
2024-08-22 15:30:00,2419689.2335537225
2024-08-22 16:00:00,2419689.2335537225
2024-08-22 16:30:00,2419689.2335537225
2024-08-23 01:00:00,2419689.2335537225
2024-08-23 01:30:00,2419180.585188505
2024-08-23 02:00:00,2419180.585188505
2024-08-23 02:30:00,2419180.585188505
2024-08-23 03:00:00,2419180.585188505
2024-08-23 05:00:00,2419180.585188505
2024-08-23 05:30:00,2422001.334635698
2024-08-23 06:00:00,2422001.334635698
2024-08-23 06:30:00,2422001.334635698
2024-08-23 07:00:00,2422001.334635698
2024-08-23 13:00:00,2422001.334635698
2024-08-23 13:30:00,2422001.334635698
2024-08-23 14:00:00,2422001.334635698
2024-08-23 14:30:00,2424067.2374876817
2024-08-23 15:00:00,2424067.2374876817
2024-08-23 15:30:00,2424067.2374876817
2024-08-23 16:00:00,2424067.2374876817
2024-08-23 16:30:00,2424067.2374876817
2024-08-26 01:00:00,2424845.8904896253
2024-08-26 01:30:00,2424845.8904896253
2024-08-26 02:00:00,2424334.367154554
2024-08-26 02:30:00,2419504.111597925
2024-08-26 03:00:00,2418746.2800061624
2024-08-26 05:00:00,2418746.2800061624
2024-08-26 05:30:00,2418746.2800061624
2024-08-26 06:00:00,2418746.2800061624
2024-08-26 06:30:00,2418746.2800061624
2024-08-26 07:00:00,2418746.2800061624
2024-08-26 13:00:00,2418746.2800061624
2024-08-26 13:30:00,2418746.2800061624
2024-08-26 14:00:00,2418746.2800061624
2024-08-26 14:30:00,2418746.2800061624
2024-08-26 15:00:00,2422465.69181419
2024-08-26 15:30:00,2422465.69181419
2024-08-26 16:00:00,2422465.69181419
2024-08-26 16:30:00,2422465.69181419
2024-08-27 01:00:00,2422465.69181419
2024-08-27 01:30:00,2424054.9116633
2024-08-27 02:00:00,2423122.3335859505
2024-08-27 02:30:00,2423122.3335859505
2024-08-27 03:00:00,2423122.3335859505
2024-08-27 05:00:00,2423122.3335859505
2024-08-27 05:30:00,2423122.3335859505
2024-08-27 06:00:00,2423122.3335859505
2024-08-27 06:30:00,2423122.3335859505
2024-08-27 07:00:00,2423122.3335859505
2024-08-27 13:00:00,2425988.5839009634
2024-08-27 13:30:00,2425988.5839009634
2024-08-27 14:00:00,2425988.5839009634
2024-08-27 14:30:00,2427748.103488446
2024-08-27 15:00:00,2427748.103488446
2024-08-27 15:30:00,2427748.103488446
2024-08-27 16:00:00,2427748.103488446
2024-08-27 16:30:00,2427748.103488446
2024-08-28 01:00:00,2427748.103488446
2024-08-28 01:30:00,2427748.103488446
2024-08-28 02:00:00,2428525.858275546
2024-08-28 02:30:00,2431714.5082325265
2024-08-28 03:00:00,2434354.5082325265
2024-08-28 05:00:00,2434354.5082325265
2024-08-28 05:30:00,2434354.5082325265
2024-08-28 06:00:00,2434354.5082325265
2024-08-28 06:30:00,2434354.5082325265
2024-08-28 07:00:00,2434354.5082325265
2024-08-28 13:00:00,2434354.5082325265
2024-08-28 13:30:00,2435336.306449078
2024-08-28 14:00:00,2435336.306449078
2024-08-28 14:30:00,2435336.306449078
2024-08-28 15:00:00,2435336.306449078
2024-08-28 15:30:00,2435336.306449078
2024-08-28 16:00:00,2435336.306449078
2024-08-28 16:30:00,2435336.306449078
2024-08-29 01:00:00,2435336.306449078
2024-08-29 01:30:00,2435336.306449078
2024-08-29 02:00:00,2435336.306449078
2024-08-29 02:30:00,2435336.306449078
2024-08-29 03:00:00,2434267.115442859
2024-08-29 05:00:00,2434267.115442859
2024-08-29 05:30:00,2433718.149333151
2024-08-29 06:00:00,2436804.857890201
2024-08-29 06:30:00,2436804.857890201
2024-08-29 07:00:00,2436804.857890201
2024-08-29 13:00:00,2436804.857890201
2024-08-29 13:30:00,2436841.280469816
2024-08-29 14:00:00,2436841.280469816
2024-08-29 14:30:00,2436841.280469816
2024-08-29 15:00:00,2436841.280469816
2024-08-29 15:30:00,2436841.280469816
2024-08-29 16:00:00,2436841.280469816
2024-08-29 16:30:00,2436841.280469816
2024-08-30 01:00:00,2436841.280469816
2024-08-30 01:30:00,2436841.280469816
2024-08-30 02:00:00,2436841.280469816
2024-08-30 02:30:00,2436841.280469816
2024-08-30 03:00:00,2436841.280469816
2024-08-30 05:00:00,2436841.280469816
2024-08-30 05:30:00,2436841.280469816
2024-08-30 06:00:00,2436841.280469816
2024-08-30 06:30:00,2436042.0728206467
2024-08-30 07:00:00,2436042.0728206467
2024-08-30 13:00:00,2436042.0728206467
2024-08-30 13:30:00,2436042.0728206467
2024-08-30 14:00:00,2436042.0728206467
2024-08-30 14:30:00,2436042.0728206467
2024-08-30 15:00:00,2436042.0728206467
2024-08-30 15:30:00,2436042.0728206467
2024-08-30 16:00:00,2436042.0728206467
2024-08-30 16:30:00,2436042.0728206467
2024-09-02 01:00:00,2436042.0728206467
2024-09-02 01:30:00,2440727.7038568943
2024-09-02 02:00:00,2440727.7038568943
2024-09-02 02:30:00,2440727.7038568943
2024-09-02 03:00:00,2440727.7038568943
2024-09-02 05:00:00,2440727.7038568943
2024-09-02 05:30:00,2440727.7038568943
2024-09-02 06:00:00,2441072.9808036177
2024-09-02 06:30:00,2441072.9808036177
2024-09-02 07:00:00,2441072.9808036177
2024-09-02 13:00:00,2441072.9808036177
2024-09-02 13:30:00,2441072.9808036177
2024-09-02 14:00:00,2441072.9808036177
2024-09-02 14:30:00,2441072.9808036177
2024-09-02 15:00:00,2441072.9808036177
2024-09-02 15:30:00,2441072.9808036177
2024-09-02 16:00:00,2441072.9808036177
2024-09-02 16:30:00,2441072.9808036177
2024-09-03 01:00:00,2440087.020774941
2024-09-03 01:30:00,2439461.894977079
2024-09-03 02:00:00,2440450.7738508955
2024-09-03 02:30:00,2443850.969820145
2024-09-03 03:00:00,2443850.969820145
2024-09-03 05:00:00,2443850.969820145
2024-09-03 05:30:00,2444230.969820145
2024-09-03 06:00:00,2447667.3980446444
2024-09-03 06:30:00,2447667.3980446444
2024-09-03 07:00:00,2447667.3980446444
2024-09-03 13:00:00,2447667.3980446444
2024-09-03 13:30:00,2446483.1473662867
2024-09-03 14:00:00,2446483.1473662867
2024-09-03 14:30:00,2446483.1473662867
2024-09-03 15:00:00,2446483.1473662867
2024-09-03 15:30:00,2446483.1473662867
2024-09-03 16:00:00,2446483.1473662867
2024-09-03 16:30:00,2446483.1473662867
2024-09-04 01:00:00,2455548.8335197237
2024-09-04 01:30:00,2455548.8335197237
2024-09-04 02:00:00,2455548.8335197237
2024-09-04 02:30:00,2455548.8335197237
2024-09-04 03:00:00,2455548.8335197237
2024-09-04 05:00:00,2455548.8335197237
2024-09-04 05:30:00,2455548.8335197237
2024-09-04 06:00:00,2455548.8335197237
2024-09-04 06:30:00,2455548.8335197237
2024-09-04 07:00:00,2455548.8335197237
2024-09-04 13:00:00,2455548.8335197237
2024-09-04 13:30:00,2464748.8335197237
2024-09-04 14:00:00,2464748.8335197237
2024-09-04 14:30:00,2466545.833831308
2024-09-04 15:00:00,2466545.833831308
2024-09-04 15:30:00,2466545.833831308
2024-09-04 16:00:00,2466545.833831308
2024-09-04 16:30:00,2466545.833831308
2024-09-05 01:00:00,2466479.247924501
2024-09-05 01:30:00,2466479.247924501
2024-09-05 02:00:00,2466479.247924501
2024-09-05 02:30:00,2466479.247924501
2024-09-05 03:00:00,2467040.756417984
2024-09-05 05:00:00,2467040.756417984
2024-09-05 05:30:00,2467040.756417984
2024-09-05 06:00:00,2467040.756417984
2024-09-05 06:30:00,2467040.756417984
2024-09-05 07:00:00,2467040.756417984
2024-09-05 13:00:00,2466631.844836776
2024-09-05 13:30:00,2466631.844836776
2024-09-05 14:00:00,2466631.844836776
2024-09-05 14:30:00,2466631.844836776
2024-09-05 15:00:00,2466631.844836776
2024-09-05 15:30:00,2466631.844836776
2024-09-05 16:00:00,2466631.844836776
2024-09-05 16:30:00,2466631.844836776
2024-09-06 01:00:00,2466631.844836776
2024-09-06 01:30:00,2466631.844836776
2024-09-06 02:00:00,2477456.5665287604
2024-09-06 02:30:00,2477456.5665287604
2024-09-06 03:00:00,2477456.5665287604
2024-09-06 05:00:00,2477456.5665287604
2024-09-06 05:30:00,2477456.5665287604
2024-09-06 06:00:00,2477456.5665287604
2024-09-06 06:30:00,2477456.5665287604
2024-09-06 07:00:00,2477456.5665287604
2024-09-06 13:00:00,2477456.5665287604
2024-09-06 13:30:00,2476969.193490804
2024-09-06 14:00:00,2476969.193490804
2024-09-06 14:30:00,2476969.193490804
2024-09-06 15:00:00,2476969.193490804
2024-09-06 15:30:00,2476969.193490804
2024-09-06 16:00:00,2476969.193490804
2024-09-06 16:30:00,2476969.193490804
2024-09-09 01:00:00,2476969.193490804
2024-09-09 01:30:00,2476969.193490804
2024-09-09 02:00:00,2476969.193490804
2024-09-09 02:30:00,2476969.193490804
2024-09-09 03:00:00,2476969.193490804
2024-09-09 05:00:00,2476969.193490804
2024-09-09 05:30:00,2476969.193490804
2024-09-09 06:00:00,2476969.193490804
2024-09-09 06:30:00,2476969.193490804
2024-09-09 07:00:00,2476969.193490804
2024-09-09 13:00:00,2477399.608881564
2024-09-09 13:30:00,2477399.608881564
2024-09-09 14:00:00,2477399.608881564
2024-09-09 14:30:00,2477399.608881564
2024-09-09 15:00:00,2477399.608881564
2024-09-09 15:30:00,2477399.608881564
2024-09-09 16:00:00,2477399.608881564
2024-09-09 16:30:00,2477399.608881564
2024-09-10 01:00:00,2477399.608881564
2024-09-10 01:30:00,2477399.608881564
2024-09-10 02:00:00,2477399.608881564
2024-09-10 02:30:00,2476499.954486549
2024-09-10 03:00:00,2475824.709680501
2024-09-10 05:00:00,2475824.709680501
2024-09-10 05:30:00,2514924.151818979
2024-09-10 06:00:00,2514376.0460167346
2024-09-10 06:30:00,2514376.0460167346
2024-09-10 07:00:00,2514376.0460167346
2024-09-10 13:00:00,2514376.0460167346
2024-09-10 13:30:00,2512896.0460167346
2024-09-10 14:00:00,2512896.0460167346
2024-09-10 14:30:00,2512896.0460167346
2024-09-10 15:00:00,2511028.5533449347
2024-09-10 15:30:00,2511028.5533449347
2024-09-10 16:00:00,2511028.5533449347
2024-09-10 16:30:00,2511028.5533449347
2024-09-11 01:00:00,2511028.5533449347
2024-09-11 01:30:00,2511028.5533449347
2024-09-11 02:00:00,2511028.5533449347
2024-09-11 02:30:00,2511028.5533449347
2024-09-11 03:00:00,2511028.5533449347
2024-09-11 05:00:00,2511028.5533449347
2024-09-11 05:30:00,2511028.5533449347
2024-09-11 06:00:00,2511028.5533449347
2024-09-11 06:30:00,2511028.5533449347
2024-09-11 07:00:00,2511028.5533449347
2024-09-11 13:00:00,2511028.5533449347
2024-09-11 13:30:00,2511028.5533449347
2024-09-11 14:00:00,2511028.5533449347
2024-09-11 14:30:00,2510916.5969136157
2024-09-11 15:00:00,2510916.5969136157
2024-09-11 15:30:00,2510916.5969136157
2024-09-11 16:00:00,2510916.5969136157
2024-09-11 16:30:00,2510916.5969136157
2024-09-11 17:00:00,2510916.5969136157
2024-09-11 17:30:00,2510916.5969136157
2024-09-11 18:00:00,2510916.5969136157
2024-09-12 01:00:00,2510666.1062151296
2024-09-12 01:30:00,2510666.1062151296
2024-09-12 02:00:00,2510666.1062151296
2024-09-12 02:30:00,2510666.1062151296
2024-09-12 03:00:00,2510666.1062151296
2024-09-12 05:00:00,2510666.1062151296
2024-09-12 05:30:00,2510666.1062151296
2024-09-12 06:00:00,2510666.1062151296
2024-09-12 06:30:00,2510666.1062151296
2024-09-12 07:00:00,2510666.1062151296
2024-09-12 13:00:00,2510666.1062151296
2024-09-12 13:30:00,2510666.1062151296
2024-09-12 14:00:00,2510666.1062151296
2024-09-12 14:30:00,2510045.4575105826
2024-09-12 15:00:00,2510045.4575105826
2024-09-12 15:30:00,2510045.4575105826
2024-09-12 16:00:00,2510045.4575105826
2024-09-12 16:30:00,2510045.4575105826
2024-09-12 17:00:00,2510045.4575105826
2024-09-12 17:30:00,2510045.4575105826
2024-09-12 18:00:00,2510045.4575105826
2024-09-13 01:00:00,2510045.4575105826
2024-09-13 01:30:00,2510045.4575105826
2024-09-13 02:00:00,2510045.4575105826
2024-09-13 02:30:00,2510045.4575105826
2024-09-13 03:00:00,2509336.4782172497
2024-09-13 05:00:00,2509336.4782172497
2024-09-13 05:30:00,2509336.4782172497
2024-09-13 06:00:00,2514296.4782172497
2024-09-13 06:30:00,2514296.4782172497
2024-09-13 07:00:00,2514296.4782172497
2024-09-18 01:00:00,2514296.4782172497
2024-09-18 01:30:00,2515123.178796191
2024-09-18 02:00:00,2515123.178796191
2024-09-18 02:30:00,2515123.178796191
2024-09-18 03:00:00,2515123.178796191
2024-09-18 05:00:00,2515123.178796191
2024-09-18 05:30:00,2515123.178796191
2024-09-18 06:00:00,2515123.178796191
2024-09-18 06:30:00,2515123.178796191
2024-09-18 07:00:00,2515123.178796191
2024-09-18 13:00:00,2517631.5689525413
2024-09-18 13:30:00,2517631.5689525413
2024-09-18 14:00:00,2517631.5689525413
2024-09-18 14:30:00,2517569.5945099844
2024-09-18 15:00:00,2517569.5945099844
2024-09-18 15:30:00,2517569.5945099844
2024-09-18 16:00:00,2517569.5945099844
2024-09-18 16:30:00,2517569.5945099844
2024-09-18 17:00:00,2517569.5945099844
2024-09-18 17:30:00,2517569.5945099844
2024-09-18 18:00:00,2517569.5945099844
2024-09-19 01:00:00,2517569.5945099844
2024-09-19 01:30:00,2518940.019678984
2024-09-19 02:00:00,2518940.019678984
2024-09-19 02:30:00,2518009.604654406
2024-09-19 03:00:00,2516615.887651532
2024-09-19 05:00:00,2493198.8309849924
2024-09-19 05:30:00,2493198.8309849924
2024-09-19 06:00:00,2493198.8309849924
2024-09-19 06:30:00,2493198.8309849924
2024-09-19 07:00:00,2493198.8309849924
2024-09-19 13:00:00,2493198.8309849924
2024-09-19 13:30:00,2493198.8309849924
2024-09-19 14:00:00,2493198.8309849924
2024-09-19 14:30:00,2493198.8309849924
2024-09-19 15:00:00,2493198.8309849924
2024-09-19 15:30:00,2493198.8309849924
2024-09-19 16:00:00,2493198.8309849924
2024-09-19 16:30:00,2493198.8309849924
2024-09-19 17:00:00,2493198.8309849924
2024-09-19 17:30:00,2493198.8309849924
2024-09-19 18:00:00,2493198.8309849924
2024-09-20 01:00:00,2493198.8309849924
2024-09-20 01:30:00,2493198.8309849924
2024-09-20 02:00:00,2493198.8309849924
2024-09-20 02:30:00,2492928.3818981717
2024-09-20 03:00:00,2492928.3818981717
2024-09-20 05:00:00,2492928.3818981717
2024-09-20 05:30:00,2492961.409718549
2024-09-20 06:00:00,2492961.409718549
2024-09-20 06:30:00,2492961.409718549
2024-09-20 07:00:00,2492961.409718549
2024-09-20 13:00:00,2492961.409718549
2024-09-20 13:30:00,2492961.409718549
2024-09-20 14:00:00,2492961.409718549
2024-09-20 14:30:00,2492961.409718549
2024-09-20 15:00:00,2492961.409718549
2024-09-20 15:30:00,2492961.409718549
2024-09-20 16:00:00,2492961.409718549
2024-09-20 16:30:00,2492961.409718549
2024-09-20 17:00:00,2492961.409718549
2024-09-20 17:30:00,2492961.409718549
2024-09-20 18:00:00,2492961.409718549
2024-09-23 01:00:00,2492033.881959275
2024-09-23 01:30:00,2492410.342017064
2024-09-23 02:00:00,2481191.1219085413
2024-09-23 02:30:00,2481191.1219085413
2024-09-23 03:00:00,2481191.1219085413
2024-09-23 05:00:00,2481191.1219085413
2024-09-23 05:30:00,2481191.1219085413
2024-09-23 06:00:00,2480123.43886872
2024-09-23 06:30:00,2470686.974949129
2024-09-23 07:00:00,2470686.974949129
2024-09-23 13:00:00,2470686.974949129
2024-09-23 13:30:00,2470686.974949129
2024-09-23 14:00:00,2468878.7316406425
2024-09-23 14:30:00,2470380.8995533646
2024-09-23 15:00:00,2470380.8995533646
2024-09-23 15:30:00,2470380.8995533646
2024-09-23 16:00:00,2470380.8995533646
2024-09-23 16:30:00,2470380.8995533646
2024-09-23 17:00:00,2470380.8995533646
2024-09-23 17:30:00,2471989.5850242064
2024-09-23 18:00:00,2471989.5850242064
2024-09-24 01:00:00,2470491.200306496
2024-09-24 01:30:00,2469487.234796093
2024-09-24 02:00:00,2469487.234796093
2024-09-24 02:30:00,2468848.7357937717
2024-09-24 03:00:00,2467554.896593758
2024-09-24 05:00:00,2476145.0308311973
2024-09-24 05:30:00,2476145.0308311973
2024-09-24 06:00:00,2476145.0308311973
2024-09-24 06:30:00,2476461.3432481512
2024-09-24 07:00:00,2476461.3432481512
2024-09-24 13:00:00,2476461.3432481512
2024-09-24 13:30:00,2476461.3432481512
2024-09-24 14:00:00,2476461.3432481512
2024-09-24 14:30:00,2476461.3432481512
2024-09-24 15:00:00,2479873.701139373
2024-09-24 15:30:00,2479873.701139373
2024-09-24 16:00:00,2479873.701139373
2024-09-24 16:30:00,2479873.701139373
2024-09-24 17:00:00,2479873.701139373
2024-09-24 17:30:00,2479873.701139373
2024-09-24 18:00:00,2479873.701139373
2024-09-25 01:00:00,2479873.701139373
2024-09-25 01:30:00,2479873.701139373
2024-09-25 02:00:00,2479873.701139373
2024-09-25 02:30:00,2479873.701139373
2024-09-25 03:00:00,2479873.701139373
2024-09-25 05:00:00,2523537.374556181
2024-09-25 05:30:00,2525952.498953166
2024-09-25 06:00:00,2547348.4837780674
2024-09-25 06:30:00,2547348.4837780674
2024-09-25 07:00:00,2547348.4837780674
2024-09-25 13:00:00,2547348.4837780674
2024-09-25 13:30:00,2549439.281942733
2024-09-25 14:00:00,2549439.281942733
2024-09-25 14:30:00,2549439.281942733
2024-09-25 15:00:00,2549439.281942733
2024-09-25 15:30:00,2549439.281942733
2024-09-25 16:00:00,2549439.281942733
2024-09-25 16:30:00,2549439.281942733
2024-09-25 17:00:00,2549439.281942733
2024-09-25 17:30:00,2549439.281942733
2024-09-25 18:00:00,2549439.281942733
2024-09-26 01:00:00,2549439.281942733
2024-09-26 01:30:00,2549439.281942733
2024-09-26 02:00:00,2549439.281942733
2024-09-26 02:30:00,2549439.281942733
2024-09-26 03:00:00,2549439.281942733
2024-09-26 05:00:00,2549439.281942733
2024-09-26 05:30:00,2549439.281942733
2024-09-26 06:00:00,2549439.281942733
2024-09-26 06:30:00,2549824.8418518016
2024-09-26 07:00:00,2549824.8418518016
2024-09-26 13:00:00,2549322.1800238127
2024-09-26 13:30:00,2549322.1800238127
2024-09-26 14:00:00,2549322.1800238127
2024-09-26 14:30:00,2549322.1800238127
2024-09-26 15:00:00,2549322.1800238127
2024-09-26 15:30:00,2549322.1800238127
2024-09-26 16:00:00,2549322.1800238127
2024-09-26 16:30:00,2549322.1800238127
2024-09-26 17:00:00,2549322.1800238127
2024-09-26 17:30:00,2549322.1800238127
2024-09-26 18:00:00,2549322.1800238127
2024-09-27 01:00:00,2549322.1800238127
2024-09-27 01:30:00,2549322.1800238127
2024-09-27 02:00:00,2549322.1800238127
2024-09-27 02:30:00,2549322.1800238127
2024-09-27 03:00:00,2549322.1800238127
2024-09-27 05:00:00,2549322.1800238127
2024-09-27 05:30:00,2549322.1800238127
2024-09-27 06:00:00,2549322.1800238127
2024-09-27 06:30:00,2549322.1800238127
2024-09-27 07:00:00,2549322.1800238127
2024-09-27 13:00:00,2546991.6655744817
2024-09-27 13:30:00,2546991.6655744817
2024-09-27 14:00:00,2546991.6655744817
2024-09-27 14:30:00,2546991.6655744817
2024-09-27 15:00:00,2546991.6655744817
2024-09-27 15:30:00,2546991.6655744817
2024-09-27 16:00:00,2546991.6655744817
2024-09-27 16:30:00,2546991.6655744817
2024-09-27 17:00:00,2546991.6655744817
2024-09-27 17:30:00,2546991.6655744817
2024-09-27 18:00:00,2546991.6655744817
2024-09-30 01:00:00,2546991.6655744817
2024-09-30 01:30:00,2546991.6655744817
2024-09-30 02:00:00,2548196.1648811973
2024-09-30 02:30:00,2548196.1648811973
2024-09-30 03:00:00,2548196.1648811973
2024-09-30 05:00:00,2548196.1648811973
2024-09-30 05:30:00,2548196.1648811973
2024-09-30 06:00:00,2548196.1648811973
2024-09-30 06:30:00,2548196.1648811973
2024-09-30 07:00:00,2548196.1648811973
2024-10-08 01:00:00,2548196.1648811973
2024-10-08 01:30:00,2551228.9325500363
2024-10-08 02:00:00,2551228.9325500363
2024-10-08 02:30:00,2551228.9325500363
2024-10-08 03:00:00,2567391.182170613
2024-10-08 05:00:00,2567391.182170613
2024-10-08 05:30:00,2567391.182170613
2024-10-08 06:00:00,2571465.490447116
2024-10-08 06:30:00,2571465.490447116
2024-10-08 07:00:00,2571465.490447116
2024-10-08 13:00:00,2571465.490447116
2024-10-08 13:30:00,2618998.4903475875
2024-10-08 14:00:00,2618998.4903475875
2024-10-08 14:30:00,2618998.4903475875
2024-10-08 15:00:00,2618998.4903475875
2024-10-08 15:30:00,2618998.4903475875
2024-10-08 16:00:00,2618998.4903475875
2024-10-08 16:30:00,2618998.4903475875
2024-10-08 17:00:00,2618998.4903475875
2024-10-08 17:30:00,2618998.4903475875
2024-10-08 18:00:00,2618998.4903475875
2024-10-09 01:00:00,2618998.4903475875
2024-10-09 01:30:00,2622283.497969079
2024-10-09 02:00:00,2622283.497969079
2024-10-09 02:30:00,2622283.497969079
2024-10-09 03:00:00,2623536.7510417034
2024-10-09 05:00:00,2623536.7510417034
2024-10-09 05:30:00,2623536.7510417034
2024-10-09 06:00:00,2623908.669468875
2024-10-09 06:30:00,2623908.669468875
2024-10-09 07:00:00,2623908.669468875
2024-10-09 13:00:00,2623908.669468875
2024-10-09 13:30:00,2623908.669468875
2024-10-09 14:00:00,2623908.669468875
2024-10-09 14:30:00,2623908.669468875
2024-10-09 15:00:00,2623908.669468875
2024-10-09 15:30:00,2623908.669468875
2024-10-09 16:00:00,2623908.669468875
2024-10-09 16:30:00,2623908.669468875
2024-10-09 17:00:00,2623908.669468875
2024-10-09 17:30:00,2623908.669468875
2024-10-09 18:00:00,2623908.669468875
2024-10-10 01:00:00,2623795.833824038
2024-10-10 01:30:00,2622955.833824038
2024-10-10 02:00:00,2622955.833824038
2024-10-10 02:30:00,2622955.833824038
2024-10-10 03:00:00,2622375.8690846595
2024-10-10 05:00:00,2622375.8690846595
2024-10-10 05:30:00,2622375.8690846595
2024-10-10 06:00:00,2622375.8690846595
2024-10-10 06:30:00,2622375.8690846595
2024-10-10 07:00:00,2622375.8690846595
2024-10-10 13:00:00,2621428.1245686603
2024-10-10 13:30:00,2621428.1245686603
2024-10-10 14:00:00,2621428.1245686603
2024-10-10 14:30:00,2620690.2539871424
2024-10-10 15:00:00,2620690.2539871424
2024-10-10 15:30:00,2620690.2539871424
2024-10-10 16:00:00,2620690.2539871424
2024-10-10 16:30:00,2620690.2539871424
2024-10-10 17:00:00,2620690.2539871424
2024-10-10 17:30:00,2620690.2539871424
2024-10-10 18:00:00,2620690.2539871424
2024-10-11 01:00:00,2620690.2539871424
2024-10-11 01:30:00,2620690.2539871424
2024-10-11 02:00:00,2620690.2539871424
2024-10-11 02:30:00,2620690.2539871424
2024-10-11 03:00:00,2620690.2539871424
2024-10-11 05:00:00,2620690.2539871424
2024-10-11 05:30:00,2620690.2539871424
2024-10-11 06:00:00,2620690.2539871424
2024-10-11 06:30:00,2621188.9580077343
2024-10-11 07:00:00,2621188.9580077343
2024-10-11 13:00:00,2621235.709843651
2024-10-11 13:30:00,2620373.26147714
2024-10-11 14:00:00,2620373.26147714
2024-10-11 14:30:00,2619189.143426812
2024-10-11 15:00:00,2619189.143426812
2024-10-11 15:30:00,2619189.143426812
2024-10-11 16:00:00,2619189.143426812
2024-10-11 16:30:00,2619189.143426812
2024-10-11 17:00:00,2619189.143426812
2024-10-11 17:30:00,2619189.143426812
2024-10-11 18:00:00,2619189.143426812
2024-10-14 01:00:00,2619189.143426812
2024-10-14 01:30:00,2617181.9410095424
2024-10-14 02:00:00,2617181.9410095424
2024-10-14 02:30:00,2616999.8200445627
2024-10-14 03:00:00,2615019.354068054
2024-10-14 05:00:00,2615019.354068054
2024-10-14 05:30:00,2615019.354068054
2024-10-14 06:00:00,2615019.354068054
2024-10-14 06:30:00,2615019.354068054
2024-10-14 07:00:00,2615019.354068054
2024-10-14 13:00:00,2615019.354068054
2024-10-14 13:30:00,2615019.354068054
2024-10-14 14:00:00,2615019.354068054
2024-10-14 14:30:00,2615019.354068054
2024-10-14 15:00:00,2615019.354068054
2024-10-14 15:30:00,2615019.354068054
2024-10-14 16:00:00,2615019.354068054
2024-10-14 16:30:00,2615019.354068054
2024-10-14 17:00:00,2615019.354068054
2024-10-14 17:30:00,2615019.354068054
2024-10-14 18:00:00,2615019.354068054
2024-10-15 01:00:00,2615019.354068054
2024-10-15 01:30:00,2615019.354068054
2024-10-15 02:00:00,2615019.354068054
2024-10-15 02:30:00,2615019.354068054
2024-10-15 03:00:00,2624893.7696791254
2024-10-15 05:00:00,2624893.7696791254
2024-10-15 05:30:00,2624893.7696791254
2024-10-15 06:00:00,2624893.7696791254
2024-10-15 06:30:00,2624893.7696791254
2024-10-15 07:00:00,2624893.7696791254
2024-10-15 13:00:00,2624893.7696791254
2024-10-15 13:30:00,2624893.7696791254
2024-10-15 14:00:00,2624893.7696791254
2024-10-15 14:30:00,2624932.4835368292
2024-10-15 15:00:00,2624932.4835368292
2024-10-15 15:30:00,2624932.4835368292
2024-10-15 16:00:00,2624932.4835368292
2024-10-15 16:30:00,2624932.4835368292
2024-10-15 17:00:00,2624932.4835368292
2024-10-15 17:30:00,2624932.4835368292
2024-10-15 18:00:00,2624932.4835368292
2024-10-16 01:00:00,2624932.4835368292
2024-10-16 01:30:00,2622843.163384843
2024-10-16 02:00:00,2624128.182420532
2024-10-16 02:30:00,2624128.182420532
2024-10-16 03:00:00,2623327.669101777
2024-10-16 05:00:00,2623327.669101777
2024-10-16 05:30:00,2619739.765379778
2024-10-16 06:00:00,2619739.765379778
2024-10-16 06:30:00,2619739.765379778
2024-10-16 07:00:00,2619739.765379778
2024-10-16 13:00:00,2619739.765379778
2024-10-16 13:30:00,2619363.125500379
2024-10-16 14:00:00,2619363.125500379
2024-10-16 14:30:00,2619363.125500379
2024-10-16 15:00:00,2619363.125500379
2024-10-16 15:30:00,2621574.417345699
2024-10-16 16:00:00,2621574.417345699
2024-10-16 16:30:00,2621574.417345699
2024-10-16 17:00:00,2621574.417345699
2024-10-16 17:30:00,2621574.417345699
2024-10-16 18:00:00,2621574.417345699
2024-10-17 01:00:00,2621574.417345699
2024-10-17 01:30:00,2622154.417345699
2024-10-17 02:00:00,2622154.417345699
2024-10-17 02:30:00,2623437.746954416
2024-10-17 03:00:00,2624297.8329184526
2024-10-17 05:00:00,2624297.8329184526
2024-10-17 05:30:00,2624297.8329184526
2024-10-17 06:00:00,2624297.8329184526
2024-10-17 06:30:00,2624297.8329184526
2024-10-17 07:00:00,2624297.8329184526
2024-10-17 13:00:00,2624297.8329184526
2024-10-17 13:30:00,2626347.6188803767
2024-10-17 14:00:00,2626347.6188803767
2024-10-17 14:30:00,2626347.6188803767
2024-10-17 15:00:00,2626347.6188803767
2024-10-17 15:30:00,2626347.6188803767
2024-10-17 16:00:00,2626347.6188803767
2024-10-17 16:30:00,2625135.214853805
2024-10-17 17:00:00,2625135.214853805
2024-10-17 17:30:00,2625135.214853805
2024-10-17 18:00:00,2625135.214853805
2024-10-18 01:00:00,2625135.214853805
2024-10-18 01:30:00,2625205.214853805
2024-10-18 02:00:00,2625205.214853805
2024-10-18 02:30:00,2625205.214853805
2024-10-18 03:00:00,2625205.214853805
2024-10-18 05:00:00,2625205.214853805
2024-10-18 05:30:00,2623095.4703373
2024-10-18 06:00:00,2623095.4703373
2024-10-18 06:30:00,2622503.319338508
2024-10-18 07:00:00,2622503.319338508
2024-10-18 13:00:00,2622503.319338508
2024-10-18 13:30:00,2624250.568315914
2024-10-18 14:00:00,2624250.568315914
2024-10-18 14:30:00,2624250.568315914
2024-10-18 15:00:00,2622822.9433536385
2024-10-18 15:30:00,2622822.9433536385
2024-10-18 16:00:00,2622822.9433536385
2024-10-18 16:30:00,2622822.9433536385
2024-10-18 17:00:00,2622822.9433536385
2024-10-18 17:30:00,2622822.9433536385
2024-10-18 18:00:00,2622822.9433536385
2024-10-21 01:00:00,2622822.9433536385
2024-10-21 01:30:00,2623132.9433536385
2024-10-21 02:00:00,2623132.9433536385
2024-10-21 02:30:00,2623132.9433536385
2024-10-21 03:00:00,2624052.215894829
2024-10-21 05:00:00,2624052.215894829
2024-10-21 05:30:00,2624052.215894829
2024-10-21 06:00:00,2624052.215894829
2024-10-21 06:30:00,2624052.215894829
2024-10-21 07:00:00,2624052.215894829
2024-10-21 13:00:00,2624052.215894829
2024-10-21 13:30:00,2624052.215894829
2024-10-21 14:00:00,2624052.215894829
2024-10-21 14:30:00,2624052.215894829
2024-10-21 15:00:00,2624052.215894829
2024-10-21 15:30:00,2624052.215894829
2024-10-21 16:00:00,2624052.215894829
2024-10-21 16:30:00,2624052.215894829
2024-10-21 17:00:00,2624052.215894829
2024-10-21 17:30:00,2624052.215894829
2024-10-21 18:00:00,2624052.215894829
2024-10-22 01:00:00,2624052.215894829
2024-10-22 01:30:00,2624052.215894829
2024-10-22 02:00:00,2635987.466609613
2024-10-22 02:30:00,2635987.466609613
2024-10-22 03:00:00,2635987.466609613
2024-10-22 05:00:00,2635987.466609613
2024-10-22 05:30:00,2635987.466609613
2024-10-22 06:00:00,2635987.466609613
2024-10-22 06:30:00,2635987.466609613
2024-10-22 07:00:00,2635987.466609613
2024-10-22 13:00:00,2635987.466609613
2024-10-22 13:30:00,2635987.466609613
2024-10-22 14:00:00,2635987.466609613
2024-10-22 14:30:00,2635987.466609613
2024-10-22 15:00:00,2635987.466609613
2024-10-22 15:30:00,2635987.466609613
2024-10-22 16:00:00,2635987.466609613
2024-10-22 16:30:00,2635987.466609613
2024-10-22 17:00:00,2635987.466609613
2024-10-22 17:30:00,2635987.466609613
2024-10-22 18:00:00,2635987.466609613
2024-10-23 01:00:00,2635987.466609613
2024-10-23 01:30:00,2635987.466609613
2024-10-23 02:00:00,2635987.466609613
2024-10-23 02:30:00,2635987.466609613
2024-10-23 03:00:00,2635891.564988266
2024-10-23 05:00:00,2635891.564988266
2024-10-23 05:30:00,2635891.564988266
2024-10-23 06:00:00,2635891.564988266
2024-10-23 06:30:00,2636076.924034393
2024-10-23 07:00:00,2636076.924034393
2024-10-23 13:00:00,2636076.924034393
2024-10-23 13:30:00,2636076.924034393
2024-10-23 14:00:00,2636076.924034393
2024-10-23 14:30:00,2636076.924034393
2024-10-23 15:00:00,2636076.924034393
2024-10-23 15:30:00,2636076.924034393
2024-10-23 16:00:00,2636076.924034393
2024-10-23 16:30:00,2636076.924034393
2024-10-23 17:00:00,2636076.924034393
2024-10-23 17:30:00,2636076.924034393
2024-10-23 18:00:00,2636076.924034393
2024-10-24 01:00:00,2635962.9767346885
2024-10-24 01:30:00,2637184.1412941907
2024-10-24 02:00:00,2637184.1412941907
2024-10-24 02:30:00,2637184.1412941907
2024-10-24 03:00:00,2637184.1412941907
2024-10-24 05:00:00,2637184.1412941907
2024-10-24 05:30:00,2637184.1412941907
2024-10-24 06:00:00,2637184.1412941907
2024-10-24 06:30:00,2637184.1412941907
2024-10-24 07:00:00,2637184.1412941907
2024-10-24 13:00:00,2637184.1412941907
2024-10-24 13:30:00,2637184.1412941907
2024-10-24 14:00:00,2637184.1412941907
2024-10-24 14:30:00,2637184.1412941907
2024-10-24 15:00:00,2637184.1412941907
2024-10-24 15:30:00,2637184.1412941907
2024-10-24 16:00:00,2637184.1412941907
2024-10-24 16:30:00,2637184.1412941907
2024-10-24 17:00:00,2637184.1412941907
2024-10-24 17:30:00,2637184.1412941907
2024-10-24 18:00:00,2637184.1412941907
2024-10-25 01:00:00,2636162.2892082357
2024-10-25 01:30:00,2636162.2892082357
2024-10-25 02:00:00,2634344.837739371
2024-10-25 02:30:00,2634344.837739371
2024-10-25 03:00:00,2633244.837739371
2024-10-25 05:00:00,2633244.837739371
2024-10-25 05:30:00,2633244.837739371
2024-10-25 06:00:00,2633244.837739371
2024-10-25 06:30:00,2633244.837739371
2024-10-25 07:00:00,2633244.837739371
2024-10-25 13:00:00,2633244.837739371
2024-10-25 13:30:00,2633244.837739371
2024-10-25 14:00:00,2633244.837739371
2024-10-25 14:30:00,2633244.837739371
2024-10-25 15:00:00,2633244.837739371
2024-10-25 15:30:00,2633244.837739371
2024-10-25 16:00:00,2633244.837739371
2024-10-25 16:30:00,2633244.837739371
2024-10-25 17:00:00,2633244.837739371
2024-10-25 17:30:00,2633244.837739371
2024-10-25 18:00:00,2633244.837739371
2024-10-28 01:00:00,2633244.837739371
2024-10-28 01:30:00,2632104.837739371
2024-10-28 02:00:00,2632104.837739371
2024-10-28 02:30:00,2630930.1579700597
2024-10-28 03:00:00,2630930.1579700597
2024-10-28 05:00:00,2630930.1579700597
2024-10-28 05:30:00,2631026.75929358
2024-10-28 06:00:00,2631026.75929358
2024-10-28 06:30:00,2630018.5156966015
2024-10-28 07:00:00,2630018.5156966015
2024-10-28 13:00:00,2629456.953084183
2024-10-28 13:30:00,2628086.8853794653
2024-10-28 14:00:00,2628086.8853794653
2024-10-28 14:30:00,2628840.9019327047
2024-10-28 15:00:00,2628840.9019327047
2024-10-28 15:30:00,2628840.9019327047
2024-10-28 16:00:00,2628840.9019327047
2024-10-28 16:30:00,2628840.9019327047
2024-10-28 17:00:00,2628840.9019327047
2024-10-28 17:30:00,2628840.9019327047
2024-10-28 18:00:00,2628840.9019327047
2024-10-29 01:00:00,2628840.9019327047
2024-10-29 01:30:00,2628840.9019327047
2024-10-29 02:00:00,2628840.9019327047
2024-10-29 02:30:00,2628072.8432416157
2024-10-29 03:00:00,2628072.8432416157
2024-10-29 05:00:00,2628072.8432416157
2024-10-29 05:30:00,2628072.8432416157
2024-10-29 06:00:00,2628072.8432416157
2024-10-29 06:30:00,2628072.8432416157
2024-10-29 07:00:00,2628072.8432416157
2024-10-29 13:00:00,2628072.8432416157
2024-10-29 13:30:00,2634045.4332303405
2024-10-29 14:00:00,2634045.4332303405
2024-10-29 14:30:00,2634045.4332303405
2024-10-29 15:00:00,2634045.4332303405
2024-10-29 15:30:00,2634045.4332303405
2024-10-29 16:00:00,2634045.4332303405
2024-10-29 16:30:00,2634045.4332303405
2024-10-29 17:00:00,2634045.4332303405
2024-10-29 17:30:00,2634045.4332303405
2024-10-29 18:00:00,2634045.4332303405
2024-10-30 01:00:00,2634045.4332303405
2024-10-30 01:30:00,2634575.5037448914
2024-10-30 02:00:00,2634575.5037448914
2024-10-30 02:30:00,2634575.5037448914
2024-10-30 03:00:00,2633414.9234733097
2024-10-30 05:00:00,2633414.9234733097
2024-10-30 05:30:00,2633414.9234733097
2024-10-30 06:00:00,2633414.9234733097
2024-10-30 06:30:00,2633414.9234733097
2024-10-30 07:00:00,2633414.9234733097
2024-10-30 13:00:00,2633339.883422196
2024-10-30 13:30:00,2633339.883422196
2024-10-30 14:00:00,2633339.883422196
2024-10-30 14:30:00,2633339.883422196
2024-10-30 15:00:00,2633339.883422196
2024-10-30 15:30:00,2633339.883422196
2024-10-30 16:00:00,2633339.883422196
2024-10-30 16:30:00,2633339.883422196
2024-10-30 17:00:00,2633339.883422196
2024-10-30 17:30:00,2633339.883422196
2024-10-30 18:00:00,2633339.883422196
2024-10-31 01:00:00,2633339.883422196
2024-10-31 01:30:00,2633339.883422196
2024-10-31 02:00:00,2633339.883422196
2024-10-31 02:30:00,2633339.883422196
2024-10-31 03:00:00,2633339.883422196
2024-10-31 05:00:00,2633339.883422196
2024-10-31 05:30:00,2633339.883422196
2024-10-31 06:00:00,2633339.883422196
2024-10-31 06:30:00,2633339.883422196
2024-10-31 07:00:00,2633339.883422196
2024-10-31 13:00:00,2633339.883422196
2024-10-31 13:30:00,2632214.3537874226
2024-10-31 14:00:00,2632214.3537874226
2024-10-31 14:30:00,2632214.3537874226
2024-10-31 15:00:00,2632214.3537874226
2024-10-31 15:30:00,2632214.3537874226
2024-10-31 16:00:00,2632214.3537874226
2024-10-31 16:30:00,2632214.3537874226
2024-10-31 17:00:00,2632214.3537874226
2024-10-31 17:30:00,2632214.3537874226
2024-10-31 18:00:00,2632214.3537874226
2024-11-01 01:00:00,2632214.3537874226
2024-11-01 01:30:00,2632214.3537874226
2024-11-01 02:00:00,2632214.3537874226
2024-11-01 02:30:00,2632214.3537874226
2024-11-01 03:00:00,2632214.3537874226
2024-11-01 05:00:00,2632214.3537874226
2024-11-01 05:30:00,2632214.3537874226
2024-11-01 06:00:00,2631691.2437342103
2024-11-01 06:30:00,2633136.119029915
2024-11-01 07:00:00,2633136.119029915
2024-11-01 13:00:00,2633136.119029915
2024-11-01 13:30:00,2633136.119029915
2024-11-01 14:00:00,2633136.119029915
2024-11-01 14:30:00,2633136.119029915
2024-11-01 15:00:00,2633136.119029915
2024-11-01 15:30:00,2633136.119029915
2024-11-01 16:00:00,2633136.119029915
2024-11-01 16:30:00,2633136.119029915
2024-11-01 17:00:00,2633136.119029915
2024-11-01 17:30:00,2633136.119029915
2024-11-01 18:00:00,2633136.119029915
2024-11-04 01:00:00,2633136.119029915
2024-11-04 01:30:00,2631458.9261111603
2024-11-04 02:00:00,2625478.2801898476
2024-11-04 02:30:00,2625478.2801898476
2024-11-04 03:00:00,2629501.5971737737
2024-11-04 05:00:00,2629501.5971737737
2024-11-04 05:30:00,2628601.5931658316
2024-11-04 06:00:00,2627586.7766863285
2024-11-04 06:30:00,2621240.685472109
2024-11-04 07:00:00,2621240.685472109
2024-11-04 13:00:00,2621240.685472109
2024-11-04 13:30:00,2621240.685472109
2024-11-04 14:00:00,2621240.685472109
2024-11-04 14:30:00,2621240.685472109
2024-11-04 15:00:00,2621240.685472109
2024-11-04 15:30:00,2621240.685472109
2024-11-04 16:00:00,2621240.685472109
2024-11-04 16:30:00,2621240.685472109
2024-11-04 17:00:00,2621240.685472109
2024-11-04 17:30:00,2621240.685472109
2024-11-04 18:00:00,2621240.685472109
2024-11-05 01:00:00,2621240.685472109
2024-11-05 01:30:00,2621240.685472109
2024-11-05 02:00:00,2621240.685472109
2024-11-05 02:30:00,2620720.0197577747
2024-11-05 03:00:00,2620720.0197577747
2024-11-05 05:00:00,2620720.0197577747
2024-11-05 05:30:00,2620720.0197577747
2024-11-05 06:00:00,2619973.1526047494
2024-11-05 06:30:00,2619973.1526047494
2024-11-05 07:00:00,2619973.1526047494
2024-11-05 13:00:00,2619973.1526047494
2024-11-05 13:30:00,2620247.842405492
2024-11-05 14:00:00,2620954.7959452746
2024-11-05 14:30:00,2621638.6506861504
2024-11-05 15:00:00,2621638.6506861504
2024-11-05 15:30:00,2621638.6506861504
2024-11-05 16:00:00,2621638.6506861504
2024-11-05 16:30:00,2621638.6506861504
2024-11-05 17:00:00,2621638.6506861504
2024-11-05 17:30:00,2621638.6506861504
2024-11-05 18:00:00,2621638.6506861504
2024-11-06 01:00:00,2621638.6506861504
2024-11-06 01:30:00,2621638.6506861504
2024-11-06 02:00:00,2621010.254435947
2024-11-06 02:30:00,2621010.254435947
2024-11-06 03:00:00,2621010.254435947
2024-11-06 05:00:00,2621010.254435947
2024-11-06 05:30:00,2620218.3475652994
2024-11-06 06:00:00,2620218.3475652994
2024-11-06 06:30:00,2618708.7668156363
2024-11-06 07:00:00,2618708.7668156363
2024-11-06 13:00:00,2618708.7668156363
2024-11-06 13:30:00,2618708.7668156363
2024-11-06 14:00:00,2618708.7668156363
2024-11-06 14:30:00,2618547.9563992005
2024-11-06 15:00:00,2618547.9563992005
2024-11-06 15:30:00,2618547.9563992005
2024-11-06 16:00:00,2622010.766064757
2024-11-06 16:30:00,2622010.766064757
2024-11-06 17:00:00,2622010.766064757
2024-11-06 17:30:00,2622010.766064757
2024-11-06 18:00:00,2622010.766064757
2024-11-07 01:00:00,2622010.766064757
2024-11-07 01:30:00,2628731.322337451
2024-11-07 02:00:00,2628731.322337451
2024-11-07 02:30:00,2629518.793488912
2024-11-07 03:00:00,2629518.793488912
2024-11-07 05:00:00,2629518.793488912
2024-11-07 05:30:00,2629518.793488912
2024-11-07 06:00:00,2628412.6601874745
2024-11-07 06:30:00,2628412.6601874745
2024-11-07 07:00:00,2628412.6601874745
2024-11-07 13:00:00,2628412.6601874745
2024-11-07 13:30:00,2640212.485170189
2024-11-07 14:00:00,2640212.485170189
2024-11-07 14:30:00,2640212.485170189
2024-11-07 15:00:00,2640212.485170189
2024-11-07 15:30:00,2640212.485170189
2024-11-07 16:00:00,2640212.485170189
2024-11-07 16:30:00,2640212.485170189
2024-11-07 17:00:00,2640212.485170189
2024-11-07 17:30:00,2640212.485170189
2024-11-07 18:00:00,2640212.485170189
2024-11-08 01:00:00,2640212.485170189
2024-11-08 01:30:00,2640212.485170189
2024-11-08 02:00:00,2641372.653701317
2024-11-08 02:30:00,2641521.867482078
2024-11-08 03:00:00,2641704.2169016926
2024-11-08 05:00:00,2641704.2169016926
2024-11-08 05:30:00,2642335.5378744495
2024-11-08 06:00:00,2642864.4364111093
2024-11-08 06:30:00,2642864.4364111093
2024-11-08 07:00:00,2642864.4364111093
2024-11-08 13:00:00,2642864.4364111093
2024-11-08 13:30:00,2642137.4491263498
2024-11-08 14:00:00,2642137.4491263498
2024-11-08 14:30:00,2641655.687044907
2024-11-08 15:00:00,2641225.1126773353
2024-11-08 15:30:00,2641225.1126773353
2024-11-08 16:00:00,2641225.1126773353
2024-11-08 16:30:00,2641225.1126773353
2024-11-08 17:00:00,2641225.1126773353
2024-11-08 17:30:00,2641225.1126773353
2024-11-08 18:00:00,2641225.1126773353
2024-11-11 01:00:00,2641225.1126773353
2024-11-11 01:30:00,2641225.1126773353
2024-11-11 02:00:00,2641225.1126773353
2024-11-11 02:30:00,2641225.1126773353
2024-11-11 03:00:00,2641225.1126773353
2024-11-11 05:00:00,2641225.1126773353
2024-11-11 05:30:00,2641225.1126773353
2024-11-11 06:00:00,2641332.3495847066
2024-11-11 06:30:00,2641332.3495847066
2024-11-11 07:00:00,2641332.3495847066
2024-11-11 13:00:00,2643221.5687263384
2024-11-11 13:30:00,2642561.5687263384
2024-11-11 14:00:00,2643601.169935194
2024-11-11 14:30:00,2643601.169935194
2024-11-11 15:00:00,2643601.169935194
2024-11-11 15:30:00,2643601.169935194
2024-11-11 16:00:00,2643601.169935194
2024-11-11 16:30:00,2643601.169935194
2024-11-11 17:00:00,2643601.169935194
2024-11-11 17:30:00,2643601.169935194
2024-11-11 18:00:00,2643601.169935194
2024-11-12 01:00:00,2643601.169935194
2024-11-12 01:30:00,2641825.6922080945
2024-11-12 02:00:00,2643459.375691418
2024-11-12 02:30:00,2643459.375691418
2024-11-12 03:00:00,2643459.375691418
2024-11-12 05:00:00,2643459.375691418
2024-11-12 05:30:00,2643459.375691418
2024-11-12 06:00:00,2643459.375691418
2024-11-12 06:30:00,2643459.375691418
2024-11-12 07:00:00,2643459.375691418
2024-11-12 13:00:00,2644964.5464256597
2024-11-12 13:30:00,2644964.5464256597
2024-11-12 14:00:00,2644964.5464256597
2024-11-12 14:30:00,2644964.5464256597
2024-11-12 15:00:00,2644964.5464256597
2024-11-12 15:30:00,2644964.5464256597
2024-11-12 16:00:00,2644964.5464256597
2024-11-12 16:30:00,2644964.5464256597
2024-11-12 17:00:00,2644964.5464256597
2024-11-12 17:30:00,2644964.5464256597
2024-11-12 18:00:00,2644964.5464256597
2024-11-13 01:00:00,2645076.3439205433
2024-11-13 01:30:00,2645076.3439205433
2024-11-13 02:00:00,2645076.3439205433
2024-11-13 02:30:00,2645076.3439205433
2024-11-13 03:00:00,2645076.3439205433
2024-11-13 05:00:00,2645076.3439205433
2024-11-13 05:30:00,2645076.3439205433
2024-11-13 06:00:00,2645076.3439205433
2024-11-13 06:30:00,2645076.3439205433
2024-11-13 07:00:00,2645076.3439205433
2024-11-13 13:00:00,2645076.3439205433
2024-11-13 13:30:00,2645076.3439205433
2024-11-13 14:00:00,2645076.3439205433
2024-11-13 14:30:00,2645076.3439205433
2024-11-13 15:00:00,2645076.3439205433
2024-11-13 15:30:00,2645076.3439205433
2024-11-13 16:00:00,2645076.3439205433
2024-11-13 16:30:00,2645076.3439205433
2024-11-13 17:00:00,2645076.3439205433
2024-11-13 17:30:00,2645076.3439205433
2024-11-13 18:00:00,2645076.3439205433
2024-11-14 01:00:00,2645183.9414765243
2024-11-14 01:30:00,2645183.9414765243
2024-11-14 02:00:00,2645183.9414765243
2024-11-14 02:30:00,2645183.9414765243
2024-11-14 03:00:00,2645183.9414765243
2024-11-14 05:00:00,2645183.9414765243
2024-11-14 05:30:00,2644462.5436506947
2024-11-14 06:00:00,2644462.5436506947
2024-11-14 06:30:00,2644462.5436506947
2024-11-14 07:00:00,2644462.5436506947
2024-11-14 13:00:00,2644462.5436506947
2024-11-14 13:30:00,2646250.8575871126
2024-11-14 14:00:00,2646250.8575871126
2024-11-14 14:30:00,2646250.8575871126
2024-11-14 15:00:00,2646250.8575871126
2024-11-14 15:30:00,2646250.8575871126
2024-11-14 16:00:00,2646250.8575871126
2024-11-14 16:30:00,2646250.8575871126
2024-11-14 17:00:00,2646250.8575871126
2024-11-14 17:30:00,2646250.8575871126
2024-11-14 18:00:00,2646250.8575871126
2024-11-15 01:00:00,2646250.8575871126
2024-11-15 01:30:00,2646250.8575871126
2024-11-15 02:00:00,2646250.8575871126
2024-11-15 02:30:00,2646250.8575871126
2024-11-15 03:00:00,2646250.8575871126
2024-11-15 05:00:00,2646250.8575871126
2024-11-15 05:30:00,2646250.8575871126
2024-11-15 06:00:00,2646504.8492770013
2024-11-15 06:30:00,2646504.8492770013
2024-11-15 07:00:00,2646504.8492770013
2024-11-15 13:00:00,2646504.8492770013
2024-11-15 13:30:00,2645484.8492770013
2024-11-15 14:00:00,2645484.8492770013
2024-11-15 14:30:00,2645484.8492770013
2024-11-15 15:00:00,2646112.9370920295
2024-11-15 15:30:00,2646112.9370920295
2024-11-15 16:00:00,2646112.9370920295
2024-11-15 16:30:00,2646112.9370920295
2024-11-15 17:00:00,2646112.9370920295
2024-11-15 17:30:00,2646112.9370920295
2024-11-15 18:00:00,2646112.9370920295
2024-11-18 01:00:00,2646112.9370920295
2024-11-18 01:30:00,2647504.846332668
2024-11-18 02:00:00,2647504.846332668
2024-11-18 02:30:00,2648630.2321796757
2024-11-18 03:00:00,2648630.2321796757
2024-11-18 05:00:00,2648630.2321796757
2024-11-18 05:30:00,2648630.2321796757
2024-11-18 06:00:00,2651514.37308186
2024-11-18 06:30:00,2651514.37308186
2024-11-18 07:00:00,2651514.37308186
2024-11-18 13:00:00,2651663.735177886
2024-11-18 13:30:00,2651663.735177886
2024-11-18 14:00:00,2651663.735177886
2024-11-18 14:30:00,2651663.735177886
2024-11-18 15:00:00,2651663.735177886
2024-11-18 15:30:00,2651663.735177886
2024-11-18 16:00:00,2650783.2696064664
2024-11-18 16:30:00,2650783.2696064664
2024-11-18 17:00:00,2650783.2696064664
2024-11-18 17:30:00,2650783.2696064664
2024-11-18 18:00:00,2650783.2696064664
2024-11-19 01:00:00,2650041.966322203
2024-11-19 01:30:00,2651081.966322203
2024-11-19 02:00:00,2651081.966322203
2024-11-19 02:30:00,2651081.966322203
2024-11-19 03:00:00,2651562.500948146
2024-11-19 05:00:00,2651562.500948146
2024-11-19 05:30:00,2651562.500948146
2024-11-19 06:00:00,2651562.500948146
2024-11-19 06:30:00,2651562.500948146
2024-11-19 07:00:00,2651562.500948146
2024-11-19 13:00:00,2651562.500948146
2024-11-19 13:30:00,2659080.9954257254
2024-11-19 14:00:00,2659080.9954257254
2024-11-19 14:30:00,2659080.9954257254
2024-11-19 15:00:00,2659080.9954257254
2024-11-19 15:30:00,2659080.9954257254
2024-11-19 16:00:00,2659080.9954257254
2024-11-19 16:30:00,2659080.9954257254
2024-11-19 17:00:00,2659080.9954257254
2024-11-19 17:30:00,2659080.9954257254
2024-11-19 18:00:00,2659080.9954257254
2024-11-20 01:00:00,2659080.9954257254
2024-11-20 01:30:00,2659080.9954257254
2024-11-20 02:00:00,2659080.9954257254
2024-11-20 02:30:00,2659129.996122409
2024-11-20 03:00:00,2659129.996122409
2024-11-20 05:00:00,2659129.996122409
2024-11-20 05:30:00,2659129.996122409
2024-11-20 06:00:00,2659129.996122409
2024-11-20 06:30:00,2659129.996122409
2024-11-20 07:00:00,2659129.996122409
2024-11-20 13:00:00,2659129.996122409
2024-11-20 13:30:00,2659129.996122409
2024-11-20 14:00:00,2659129.996122409
2024-11-20 14:30:00,2659129.996122409
2024-11-20 15:00:00,2659129.996122409
2024-11-20 15:30:00,2659129.996122409
2024-11-20 16:00:00,2659129.996122409
2024-11-20 16:30:00,2659129.996122409
2024-11-20 17:00:00,2659129.996122409
2024-11-20 17:30:00,2659129.996122409
2024-11-20 18:00:00,2659129.996122409
2024-11-21 01:00:00,2659129.996122409
2024-11-21 01:30:00,2659129.996122409
2024-11-21 02:00:00,2659129.996122409
2024-11-21 02:30:00,2659129.996122409
2024-11-21 03:00:00,2659129.996122409
2024-11-21 05:00:00,2659129.996122409
2024-11-21 05:30:00,2659129.996122409
2024-11-21 06:00:00,2659129.996122409
2024-11-21 06:30:00,2661548.6147721084
2024-11-21 07:00:00,2661548.6147721084
2024-11-21 13:00:00,2661548.6147721084
2024-11-21 13:30:00,2661548.6147721084
2024-11-21 14:00:00,2661548.6147721084
2024-11-21 14:30:00,2661548.6147721084
2024-11-21 15:00:00,2661548.6147721084
2024-11-21 15:30:00,2661548.6147721084
2024-11-21 16:00:00,2661548.6147721084
2024-11-21 16:30:00,2661548.6147721084
2024-11-21 17:00:00,2661548.6147721084
2024-11-21 17:30:00,2661548.6147721084
2024-11-21 18:00:00,2661001.707835728
2024-11-22 01:00:00,2660265.582150962
2024-11-22 01:30:00,2660265.582150962
2024-11-22 02:00:00,2660265.582150962
2024-11-22 02:30:00,2660265.582150962
2024-11-22 03:00:00,2660265.582150962
2024-11-22 05:00:00,2660265.582150962
2024-11-22 05:30:00,2660265.582150962
2024-11-22 06:00:00,2660265.582150962
2024-11-22 06:30:00,2660265.582150962
2024-11-22 07:00:00,2660265.582150962
2024-11-22 13:00:00,2661568.3395375153
2024-11-22 13:30:00,2661568.3395375153
2024-11-22 14:00:00,2661568.3395375153
2024-11-22 14:30:00,2661568.3395375153
2024-11-22 15:00:00,2661568.3395375153
2024-11-22 15:30:00,2661568.3395375153
2024-11-22 16:00:00,2661568.3395375153
2024-11-22 16:30:00,2661568.3395375153
2024-11-22 17:00:00,2661568.3395375153
2024-11-22 17:30:00,2661568.3395375153
2024-11-22 18:00:00,2661568.3395375153
2024-11-25 01:00:00,2661568.3395375153
2024-11-25 01:30:00,2661323.0820740866
2024-11-25 02:00:00,2661323.0820740866
2024-11-25 02:30:00,2661323.0820740866
2024-11-25 03:00:00,2661323.0820740866
2024-11-25 05:00:00,2661323.0820740866
2024-11-25 05:30:00,2660887.4827749045
2024-11-25 06:00:00,2660887.4827749045
2024-11-25 06:30:00,2660648.431808221
2024-11-25 07:00:00,2660648.431808221
2024-11-25 13:00:00,2660648.431808221
2024-11-25 13:30:00,2660648.431808221
2024-11-25 14:00:00,2660648.431808221
2024-11-25 14:30:00,2660648.431808221
2024-11-25 15:00:00,2660648.431808221
2024-11-25 15:30:00,2660648.431808221
2024-11-25 16:00:00,2660648.431808221
2024-11-25 16:30:00,2660648.431808221
2024-11-25 17:00:00,2660648.431808221
2024-11-25 17:30:00,2660648.431808221
2024-11-25 18:00:00,2660648.431808221
2024-11-26 01:00:00,2660648.431808221
2024-11-26 01:30:00,2660309.8936150516
2024-11-26 02:00:00,2660309.8936150516
2024-11-26 02:30:00,2660309.8936150516
2024-11-26 03:00:00,2660309.8936150516
2024-11-26 05:00:00,2660309.8936150516
2024-11-26 05:30:00,2662210.0906781103
2024-11-26 06:00:00,2662210.0906781103
2024-11-26 06:30:00,2662210.0906781103
2024-11-26 07:00:00,2662210.0906781103
2024-11-26 13:00:00,2662210.0906781103
2024-11-26 13:30:00,2662210.0906781103
2024-11-26 14:00:00,2662210.0906781103
2024-11-26 14:30:00,2662210.0906781103
2024-11-26 15:00:00,2662210.0906781103
2024-11-26 15:30:00,2662210.0906781103
2024-11-26 16:00:00,2662210.0906781103
2024-11-26 16:30:00,2662210.0906781103
2024-11-26 17:00:00,2662210.0906781103
2024-11-26 17:30:00,2662210.0906781103
2024-11-26 18:00:00,2662210.0906781103
2024-11-27 01:00:00,2662210.0906781103
2024-11-27 01:30:00,2662210.0906781103
2024-11-27 02:00:00,2662210.0906781103
2024-11-27 02:30:00,2662210.0906781103
2024-11-27 03:00:00,2662210.0906781103
2024-11-27 05:00:00,2662210.0906781103
2024-11-27 05:30:00,2662210.0906781103
2024-11-27 06:00:00,2662210.0906781103
2024-11-27 06:30:00,2662210.0906781103
2024-11-27 07:00:00,2662210.0906781103
2024-11-27 13:00:00,2662210.0906781103
2024-11-27 13:30:00,2660987.249258085
2024-11-27 14:00:00,2660987.249258085
2024-11-27 14:30:00,2660987.249258085
2024-11-27 15:00:00,2660987.249258085
2024-11-27 15:30:00,2660987.249258085
2024-11-27 16:00:00,2660987.249258085
2024-11-27 16:30:00,2660987.249258085
2024-11-27 17:00:00,2660987.249258085
2024-11-27 17:30:00,2660987.249258085
2024-11-27 18:00:00,2660987.249258085
2024-11-28 01:00:00,2660987.249258085
2024-11-28 01:30:00,2659860.972155356
2024-11-28 02:00:00,2659148.481764498
2024-11-28 02:30:00,2659148.481764498
2024-11-28 03:00:00,2659148.481764498
2024-11-28 05:00:00,2659148.481764498
2024-11-28 05:30:00,2659148.481764498
2024-11-28 06:00:00,2646176.9941218174
2024-11-28 06:30:00,2646176.9941218174
2024-11-28 07:00:00,2646176.9941218174
2024-11-28 13:00:00,2646176.9941218174
2024-11-28 13:30:00,2645710.3804628965
2024-11-28 14:00:00,2645710.3804628965
2024-11-28 14:30:00,2644314.090204379
2024-11-28 15:00:00,2644314.090204379
2024-11-28 15:30:00,2644314.090204379
2024-11-28 16:00:00,2644314.090204379
2024-11-28 16:30:00,2644314.090204379
2024-11-28 17:00:00,2644314.090204379
2024-11-28 17:30:00,2644314.090204379
2024-11-28 18:00:00,2644314.090204379
2024-11-29 01:00:00,2644314.090204379
2024-11-29 01:30:00,2642052.4888227233
2024-11-29 02:00:00,2641922.4952445873
2024-11-29 02:30:00,2641922.4952445873
2024-11-29 03:00:00,2641922.4952445873
2024-11-29 05:00:00,2641922.4952445873
2024-11-29 05:30:00,2641922.4952445873
2024-11-29 06:00:00,2641922.4952445873
2024-11-29 06:30:00,2641922.4952445873
2024-11-29 07:00:00,2641922.4952445873
2024-11-29 13:00:00,2642590.5889306217
2024-11-29 13:30:00,2642590.5889306217
2024-11-29 14:00:00,2642590.5889306217
2024-11-29 14:30:00,2642590.5889306217
2024-11-29 15:00:00,2641809.3153465176
2024-11-29 15:30:00,2641809.3153465176
2024-11-29 16:00:00,2641809.3153465176
2024-11-29 16:30:00,2641809.3153465176
2024-11-29 17:00:00,2641809.3153465176
2024-11-29 17:30:00,2641809.3153465176
2024-11-29 18:00:00,2641809.3153465176
2024-12-02 01:00:00,2641809.3153465176
2024-12-02 01:30:00,2641809.3153465176
2024-12-02 02:00:00,2641809.3153465176
2024-12-02 02:30:00,2639298.678411612
2024-12-02 03:00:00,2639298.678411612
2024-12-02 05:00:00,2639298.678411612
2024-12-02 05:30:00,2639298.678411612
2024-12-02 06:00:00,2639298.678411612
2024-12-02 06:30:00,2639298.678411612
2024-12-02 07:00:00,2639298.678411612
2024-12-02 13:00:00,2639298.678411612
2024-12-02 13:30:00,2640162.912479027
2024-12-02 14:00:00,2640162.912479027
2024-12-02 14:30:00,2640162.912479027
2024-12-02 15:00:00,2640162.912479027
2024-12-02 15:30:00,2640162.912479027
2024-12-02 16:00:00,2640162.912479027
2024-12-02 16:30:00,2640162.912479027
2024-12-02 17:00:00,2640162.912479027
2024-12-02 17:30:00,2640162.912479027
2024-12-02 18:00:00,2640162.912479027
2024-12-03 01:00:00,2640162.912479027
2024-12-03 01:30:00,2640267.9211671734
2024-12-03 02:00:00,2640770.3182306774
2024-12-03 02:30:00,2640770.3182306774
2024-12-03 03:00:00,2640770.3182306774
2024-12-03 05:00:00,2640770.3182306774
2024-12-03 05:30:00,2639590.843842496
2024-12-03 06:00:00,2639590.843842496
2024-12-03 06:30:00,2639590.843842496
2024-12-03 07:00:00,2639590.843842496
2024-12-03 13:00:00,2639590.843842496
2024-12-03 13:30:00,2639181.9216060173
2024-12-03 14:00:00,2639181.9216060173
2024-12-03 14:30:00,2639181.9216060173
2024-12-03 15:00:00,2639181.9216060173
2024-12-03 15:30:00,2639181.9216060173
2024-12-03 16:00:00,2639181.9216060173
2024-12-03 16:30:00,2639181.9216060173
2024-12-03 17:00:00,2639181.9216060173
2024-12-03 17:30:00,2639181.9216060173
2024-12-03 18:00:00,2639181.9216060173
2024-12-04 01:00:00,2639181.9216060173
2024-12-04 01:30:00,2639181.9216060173
2024-12-04 02:00:00,2639181.9216060173
2024-12-04 02:30:00,2639181.9216060173
2024-12-04 03:00:00,2639701.9216060173
2024-12-04 05:00:00,2639701.9216060173
2024-12-04 05:30:00,2639701.9216060173
2024-12-04 06:00:00,2639701.9216060173
2024-12-04 06:30:00,2639701.9216060173
2024-12-04 07:00:00,2639701.9216060173
2024-12-04 13:00:00,2639701.9216060173
2024-12-04 13:30:00,2639701.9216060173
2024-12-04 14:00:00,2639701.9216060173
2024-12-04 14:30:00,2639701.9216060173
2024-12-04 15:00:00,2639701.9216060173
2024-12-04 15:30:00,2639701.9216060173
2024-12-04 16:00:00,2639701.9216060173
2024-12-04 16:30:00,2639701.9216060173
2024-12-04 17:00:00,2639701.9216060173
2024-12-04 17:30:00,2639701.9216060173
2024-12-04 18:00:00,2639701.9216060173
2024-12-05 01:00:00,2639701.9216060173
2024-12-05 01:30:00,2639701.9216060173
2024-12-05 02:00:00,2639701.9216060173
2024-12-05 02:30:00,2639701.9216060173
2024-12-05 03:00:00,2639701.9216060173
2024-12-05 05:00:00,2639701.9216060173
2024-12-05 05:30:00,2639701.9216060173
2024-12-05 06:00:00,2639701.9216060173
2024-12-05 06:30:00,2639701.9216060173
2024-12-05 07:00:00,2639701.9216060173
2024-12-05 13:00:00,2639701.9216060173
2024-12-05 13:30:00,2639701.9216060173
2024-12-05 14:00:00,2639701.9216060173
2024-12-05 14:30:00,2639701.9216060173
2024-12-05 15:00:00,2639701.9216060173
2024-12-05 15:30:00,2639701.9216060173
2024-12-05 16:00:00,2639654.06374788
2024-12-05 16:30:00,2639654.06374788
2024-12-05 17:00:00,2639654.06374788
2024-12-05 17:30:00,2639654.06374788
2024-12-05 18:00:00,2639654.06374788
2024-12-06 01:00:00,2639654.06374788
2024-12-06 01:30:00,2639654.06374788
2024-12-06 02:00:00,2639654.06374788
2024-12-06 02:30:00,2639654.06374788
2024-12-06 03:00:00,2639654.06374788
2024-12-06 05:00:00,2639654.06374788
2024-12-06 05:30:00,2639648.5790844555
2024-12-06 06:00:00,2639648.5790844555
2024-12-06 06:30:00,2639648.5790844555
2024-12-06 07:00:00,2639648.5790844555
2024-12-06 13:00:00,2639648.5790844555
2024-12-06 13:30:00,2639648.5790844555
2024-12-06 14:00:00,2639648.5790844555
2024-12-06 14:30:00,2639648.5790844555
2024-12-06 15:00:00,2639648.5790844555
2024-12-06 15:30:00,2639648.5790844555
2024-12-06 16:00:00,2639648.5790844555
2024-12-06 16:30:00,2639648.5790844555
2024-12-06 17:00:00,2639648.5790844555
2024-12-06 17:30:00,2639648.5790844555
2024-12-06 18:00:00,2639648.5790844555
2024-12-09 01:00:00,2639648.5790844555
2024-12-09 01:30:00,2639292.222414646
2024-12-09 02:00:00,2639292.222414646
2024-12-09 02:30:00,2639292.222414646
2024-12-09 03:00:00,2638450.868921562
2024-12-09 05:00:00,2634546.8547834055
2024-12-09 05:30:00,2633727.5419255337
2024-12-09 06:00:00,2633106.955358706
2024-12-09 06:30:00,2633106.955358706
2024-12-09 07:00:00,2633106.955358706
2024-12-09 13:00:00,2633106.955358706
2024-12-09 13:30:00,2632735.997225656
2024-12-09 14:00:00,2632735.997225656
2024-12-09 14:30:00,2632735.997225656
2024-12-09 15:00:00,2632735.997225656
2024-12-09 15:30:00,2632735.997225656
2024-12-09 16:00:00,2632735.997225656
2024-12-09 16:30:00,2632735.997225656
2024-12-09 17:00:00,2632735.997225656
2024-12-09 17:30:00,2632735.997225656
2024-12-09 18:00:00,2632735.997225656
2024-12-10 01:00:00,2632735.997225656
2024-12-10 01:30:00,2632735.997225656
2024-12-10 02:00:00,2632735.997225656
2024-12-10 02:30:00,2632735.997225656
2024-12-10 03:00:00,2632735.997225656
2024-12-10 05:00:00,2632735.997225656
2024-12-10 05:30:00,2633999.511203761
2024-12-10 06:00:00,2633999.511203761
2024-12-10 06:30:00,2633841.2653872515
2024-12-10 07:00:00,2633841.2653872515
2024-12-10 13:00:00,2633841.2653872515
2024-12-10 13:30:00,2633841.2653872515
2024-12-10 14:00:00,2633841.2653872515
2024-12-10 14:30:00,2633841.2653872515
2024-12-10 15:00:00,2633841.2653872515
2024-12-10 15:30:00,2633841.2653872515
2024-12-10 16:00:00,2633841.2653872515
2024-12-10 16:30:00,2633841.2653872515
2024-12-10 17:00:00,2633841.2653872515
2024-12-10 17:30:00,2633841.2653872515
2024-12-10 18:00:00,2633841.2653872515
2024-12-11 01:00:00,2633242.310504748
2024-12-11 01:30:00,2633242.310504748
2024-12-11 02:00:00,2633242.310504748
2024-12-11 02:30:00,2633242.310504748
2024-12-11 03:00:00,2633242.310504748
2024-12-11 05:00:00,2633242.310504748
2024-12-11 05:30:00,2633242.310504748
2024-12-11 06:00:00,2633098.4465853134
2024-12-11 06:30:00,2633098.4465853134
2024-12-11 07:00:00,2633098.4465853134
2024-12-11 13:00:00,2633098.4465853134
2024-12-11 13:30:00,2633098.4465853134
2024-12-11 14:00:00,2633098.4465853134
2024-12-11 14:30:00,2633098.4465853134
2024-12-11 15:00:00,2633098.4465853134
2024-12-11 15:30:00,2633098.4465853134
2024-12-11 16:00:00,2633098.4465853134
2024-12-11 16:30:00,2633098.4465853134
2024-12-11 17:00:00,2633098.4465853134
2024-12-11 17:30:00,2633098.4465853134
2024-12-11 18:00:00,2633098.4465853134
2024-12-12 01:00:00,2633098.4465853134
2024-12-12 01:30:00,2633098.4465853134
2024-12-12 02:00:00,2632962.980386011
2024-12-12 02:30:00,2632962.980386011
2024-12-12 03:00:00,2632962.980386011
2024-12-12 05:00:00,2632962.980386011
2024-12-12 05:30:00,2632962.980386011
2024-12-12 06:00:00,2632962.980386011
2024-12-12 06:30:00,2632962.980386011
2024-12-12 07:00:00,2632962.980386011
2024-12-12 13:00:00,2632962.980386011
2024-12-12 13:30:00,2633442.980386011
2024-12-12 14:00:00,2633442.980386011
2024-12-12 14:30:00,2633442.980386011
2024-12-12 15:00:00,2633442.980386011
2024-12-12 15:30:00,2633442.980386011
2024-12-12 16:00:00,2635391.249574023
2024-12-12 16:30:00,2635391.249574023
2024-12-12 17:00:00,2635391.249574023
2024-12-12 17:30:00,2635391.249574023
2024-12-12 18:00:00,2635391.249574023
2024-12-13 01:00:00,2635391.249574023
2024-12-13 01:30:00,2635391.249574023
2024-12-13 02:00:00,2635391.249574023
2024-12-13 02:30:00,2635391.249574023
2024-12-13 03:00:00,2635391.249574023
2024-12-13 05:00:00,2635391.249574023
2024-12-13 05:30:00,2635391.249574023
2024-12-13 06:00:00,2636768.127287261
2024-12-13 06:30:00,2636768.127287261
2024-12-13 07:00:00,2636768.127287261
2024-12-13 13:00:00,2636768.127287261
2024-12-13 13:30:00,2636768.127287261
2024-12-13 14:00:00,2636768.127287261
2024-12-13 14:30:00,2636768.127287261
2024-12-13 15:00:00,2636768.127287261
2024-12-13 15:30:00,2636768.127287261
2024-12-13 16:00:00,2636768.127287261
2024-12-13 16:30:00,2636768.127287261
2024-12-13 17:00:00,2638981.5099948454
2024-12-13 17:30:00,2638981.5099948454
2024-12-13 18:00:00,2638981.5099948454
2024-12-16 01:00:00,2638981.5099948454
2024-12-16 01:30:00,2638981.5099948454
2024-12-16 02:00:00,2638981.5099948454
2024-12-16 02:30:00,2638981.5099948454
2024-12-16 03:00:00,2638981.5099948454
2024-12-16 05:00:00,2638981.5099948454
2024-12-16 05:30:00,2638981.5099948454
2024-12-16 06:00:00,2638981.5099948454
2024-12-16 06:30:00,2638981.5099948454
2024-12-16 07:00:00,2638981.5099948454
2024-12-16 13:00:00,2641432.15570582
2024-12-16 13:30:00,2642020.710760257
2024-12-16 14:00:00,2642020.710760257
2024-12-16 14:30:00,2642020.710760257
2024-12-16 15:00:00,2642020.710760257
2024-12-16 15:30:00,2642020.710760257
2024-12-16 16:00:00,2642020.710760257
2024-12-16 16:30:00,2642020.710760257
2024-12-16 17:00:00,2642020.710760257
2024-12-16 17:30:00,2642020.710760257
2024-12-16 18:00:00,2642020.710760257
2024-12-17 01:00:00,2642020.710760257
2024-12-17 01:30:00,2642493.2824393874
2024-12-17 02:00:00,2642493.2824393874
2024-12-17 02:30:00,2642493.2824393874
2024-12-17 03:00:00,2642493.2824393874
2024-12-17 05:00:00,2642493.2824393874
2024-12-17 05:30:00,2642493.2824393874
2024-12-17 06:00:00,2642493.2824393874
2024-12-17 06:30:00,2642265.11568268
2024-12-17 07:00:00,2642265.11568268
2024-12-17 13:00:00,2642265.11568268
2024-12-17 13:30:00,2642265.11568268
2024-12-17 14:00:00,2642265.11568268
2024-12-17 14:30:00,2642265.11568268
2024-12-17 15:00:00,2642265.11568268
2024-12-17 15:30:00,2642265.11568268
2024-12-17 16:00:00,2642265.11568268
2024-12-17 16:30:00,2642265.11568268
2024-12-17 17:00:00,2642265.11568268
2024-12-17 17:30:00,2642265.11568268
2024-12-17 18:00:00,2642265.11568268
2024-12-18 01:00:00,2642265.11568268
2024-12-18 01:30:00,2636599.403104058
2024-12-18 02:00:00,2636599.403104058
2024-12-18 02:30:00,2636599.403104058
2024-12-18 03:00:00,2636599.403104058
2024-12-18 05:00:00,2636599.403104058
2024-12-18 05:30:00,2636599.403104058
2024-12-18 06:00:00,2636628.1349331303
2024-12-18 06:30:00,2636628.1349331303
2024-12-18 07:00:00,2636628.1349331303
2024-12-18 13:00:00,2636628.1349331303
2024-12-18 13:30:00,2636628.1349331303
2024-12-18 14:00:00,2636628.1349331303
2024-12-18 14:30:00,2635804.346917315
2024-12-18 15:00:00,2634640.545112121
2024-12-18 15:30:00,2634640.545112121
2024-12-18 16:00:00,2634640.545112121
2024-12-18 16:30:00,2634640.545112121
2024-12-18 17:00:00,2634640.545112121
2024-12-18 17:30:00,2634640.545112121
2024-12-18 18:00:00,2634640.545112121
2024-12-19 01:00:00,2637597.899001703
2024-12-19 01:30:00,2637597.899001703
2024-12-19 02:00:00,2637597.899001703
2024-12-19 02:30:00,2637597.899001703
2024-12-19 03:00:00,2637597.899001703
2024-12-19 05:00:00,2637597.899001703
2024-12-19 05:30:00,2639727.7986751767
2024-12-19 06:00:00,2639727.7986751767
2024-12-19 06:30:00,2640641.793977779
2024-12-19 07:00:00,2640641.793977779
2024-12-19 13:00:00,2640641.793977779
2024-12-19 13:30:00,2640641.793977779
2024-12-19 14:00:00,2640641.793977779
2024-12-19 14:30:00,2640641.793977779
2024-12-19 15:00:00,2640641.793977779
2024-12-19 15:30:00,2640641.793977779
2024-12-19 16:00:00,2640641.793977779
2024-12-19 16:30:00,2640641.793977779
2024-12-19 17:00:00,2640641.793977779
2024-12-19 17:30:00,2640641.793977779
2024-12-19 18:00:00,2640641.793977779
2024-12-20 01:00:00,2640641.793977779
2024-12-20 01:30:00,2639154.8383691423
2024-12-20 02:00:00,2639154.8383691423
2024-12-20 02:30:00,2639154.8383691423
2024-12-20 03:00:00,2639154.8383691423
2024-12-20 05:00:00,2639154.8383691423
2024-12-20 05:30:00,2639154.8383691423
2024-12-20 06:00:00,2639154.8383691423
2024-12-20 06:30:00,2639154.8383691423
2024-12-20 07:00:00,2639154.8383691423
2024-12-20 13:00:00,2638866.6754348413
2024-12-20 13:30:00,2638866.6754348413
2024-12-20 14:00:00,2638866.6754348413
2024-12-20 14:30:00,2638866.6754348413
2024-12-20 15:00:00,2638866.6754348413
2024-12-20 15:30:00,2638866.6754348413
2024-12-20 16:00:00,2638866.6754348413
2024-12-20 16:30:00,2638866.6754348413
2024-12-20 17:00:00,2638866.6754348413
2024-12-20 17:30:00,2638866.6754348413
2024-12-20 18:00:00,2638866.6754348413
2024-12-23 01:00:00,2638866.6754348413
2024-12-23 01:30:00,2638866.6754348413
2024-12-23 02:00:00,2636277.7345304536
2024-12-23 02:30:00,2636277.7345304536
2024-12-23 03:00:00,2636277.7345304536
2024-12-23 05:00:00,2636277.7345304536
2024-12-23 05:30:00,2636277.7345304536
2024-12-23 06:00:00,2636277.7345304536
2024-12-23 06:30:00,2630335.1752545126
2024-12-23 07:00:00,2630335.1752545126
2024-12-23 13:00:00,2630335.1752545126
2024-12-23 13:30:00,2629634.4519480844
2024-12-23 14:00:00,2629634.4519480844
2024-12-23 14:30:00,2629634.4519480844
2024-12-23 15:00:00,2629634.4519480844
2024-12-23 15:30:00,2629634.4519480844
2024-12-23 16:00:00,2629634.4519480844
2024-12-23 16:30:00,2629634.4519480844
2024-12-23 17:00:00,2629634.4519480844
2024-12-23 17:30:00,2629634.4519480844
2024-12-23 18:00:00,2629634.4519480844
2024-12-24 01:00:00,2629634.4519480844
2024-12-24 01:30:00,2629634.4519480844
2024-12-24 02:00:00,2629634.4519480844
2024-12-24 02:30:00,2629634.4519480844
2024-12-24 03:00:00,2630549.9488434643
2024-12-24 05:00:00,2630549.9488434643
2024-12-24 05:30:00,2630549.9488434643
2024-12-24 06:00:00,2630549.9488434643
2024-12-24 06:30:00,2630279.695046145
2024-12-24 07:00:00,2630279.695046145
2024-12-24 13:00:00,2630919.695046145
2024-12-24 13:30:00,2630919.695046145
2024-12-24 14:00:00,2630919.695046145
2024-12-24 14:30:00,2630919.695046145
2024-12-24 15:00:00,2630919.695046145
2024-12-24 15:30:00,2630919.695046145
2024-12-24 16:00:00,2630919.695046145
2024-12-24 16:30:00,2630919.695046145
2024-12-24 17:00:00,2630919.695046145
2024-12-24 17:30:00,2630919.695046145
2024-12-24 18:00:00,2630919.695046145
2024-12-25 01:00:00,2630919.695046145
2024-12-25 01:30:00,2629898.346343858
2024-12-25 02:00:00,2629283.586376771
2024-12-25 02:30:00,2629283.586376771
2024-12-25 03:00:00,2629283.586376771
2024-12-25 05:00:00,2629283.586376771
2024-12-25 05:30:00,2629283.586376771
2024-12-25 06:00:00,2632450.62221898
2024-12-25 06:30:00,2632450.62221898
2024-12-25 07:00:00,2632450.62221898
2024-12-25 13:00:00,2632450.62221898
2024-12-25 13:30:00,2632450.62221898
2024-12-25 14:00:00,2632450.62221898
2024-12-25 14:30:00,2632450.62221898
2024-12-25 15:00:00,2632450.62221898
2024-12-25 15:30:00,2632450.62221898
2024-12-25 16:00:00,2632450.62221898
2024-12-25 16:30:00,2632450.62221898
2024-12-25 17:00:00,2632450.62221898
2024-12-25 17:30:00,2632450.62221898
2024-12-25 18:00:00,2632450.62221898
2024-12-26 01:00:00,2632450.62221898
2024-12-26 01:30:00,2633022.679238498
2024-12-26 02:00:00,2633022.679238498
2024-12-26 02:30:00,2633022.679238498
2024-12-26 03:00:00,2633022.679238498
2024-12-26 05:00:00,2633022.679238498
2024-12-26 05:30:00,2633022.679238498
2024-12-26 06:00:00,2633022.679238498
2024-12-26 06:30:00,2633022.679238498
2024-12-26 07:00:00,2633022.679238498
2024-12-26 13:00:00,2633022.679238498
2024-12-26 13:30:00,2633022.679238498
2024-12-26 14:00:00,2633022.679238498
2024-12-26 14:30:00,2632389.077286288
2024-12-26 15:00:00,2632389.077286288
2024-12-26 15:30:00,2632389.077286288
2024-12-26 16:00:00,2632389.077286288
2024-12-26 16:30:00,2632389.077286288
2024-12-26 17:00:00,2632389.077286288
2024-12-26 17:30:00,2632389.077286288
2024-12-26 18:00:00,2632389.077286288
2024-12-27 01:00:00,2632389.077286288
2024-12-27 01:30:00,2632389.077286288
2024-12-27 02:00:00,2632389.077286288
2024-12-27 02:30:00,2632389.077286288
2024-12-27 03:00:00,2632389.077286288
2024-12-27 05:00:00,2632389.077286288
2024-12-27 05:30:00,2632434.0954264207
2024-12-27 06:00:00,2632434.0954264207
2024-12-27 06:30:00,2640577.8702553804
2024-12-27 07:00:00,2640577.8702553804
2024-12-27 13:00:00,2640577.8702553804
2024-12-27 13:30:00,2640577.8702553804
2024-12-27 14:00:00,2640577.8702553804
2024-12-27 14:30:00,2640577.8702553804
2024-12-27 15:00:00,2640577.8702553804
2024-12-27 15:30:00,2640577.8702553804
2024-12-27 16:00:00,2640577.8702553804
2024-12-27 16:30:00,2640577.8702553804
2024-12-27 17:00:00,2640577.8702553804
2024-12-27 17:30:00,2640577.8702553804
2024-12-27 18:00:00,2640577.8702553804
2024-12-30 01:00:00,2640577.8702553804
2024-12-30 01:30:00,2640920.6473025056
2024-12-30 02:00:00,2640920.6473025056
2024-12-30 02:30:00,2640920.6473025056
2024-12-30 03:00:00,2643076.7328643976
2024-12-30 05:00:00,2643076.7328643976
2024-12-30 05:30:00,2643076.7328643976
2024-12-30 06:00:00,2642890.3113115937
2024-12-30 06:30:00,2642890.3113115937
2024-12-30 07:00:00,2642890.3113115937
2024-12-30 13:00:00,2642890.3113115937
2024-12-30 13:30:00,2642890.3113115937
2024-12-30 14:00:00,2642816.4252590747
2024-12-30 14:30:00,2642816.4252590747
2024-12-30 15:00:00,2642816.4252590747
2024-12-30 15:30:00,2642816.4252590747
2024-12-30 16:00:00,2642816.4252590747
2024-12-30 16:30:00,2642816.4252590747
2024-12-30 17:00:00,2642816.4252590747
2024-12-30 17:30:00,2642816.4252590747
2024-12-30 18:00:00,2642816.4252590747
2024-12-31 01:00:00,2642816.4252590747
2024-12-31 01:30:00,2643111.383410073
2024-12-31 02:00:00,2643111.383410073
2024-12-31 02:30:00,2643864.9829957993
2024-12-31 03:00:00,2643864.9829957993
2024-12-31 05:00:00,2643864.9829957993
2024-12-31 05:30:00,2643864.9829957993
2024-12-31 06:00:00,2643864.9829957993
2024-12-31 06:30:00,2643864.9829957993
2024-12-31 07:00:00,2643864.9829957993
2025-01-02 01:00:00,2643732.2722273436
2025-01-02 01:30:00,2642781.0118779037
2025-01-02 02:00:00,2642781.0118779037
2025-01-02 02:30:00,2642781.0118779037
2025-01-02 03:00:00,2642781.0118779037
2025-01-02 05:00:00,2642781.0118779037
2025-01-02 05:30:00,2642669.6316995546
2025-01-02 06:00:00,2642669.6316995546
2025-01-02 06:30:00,2642669.6316995546
2025-01-02 07:00:00,2642669.6316995546
2025-01-02 13:00:00,2642669.6316995546
2025-01-02 13:30:00,2642669.6316995546
2025-01-02 14:00:00,2642669.6316995546
2025-01-02 14:30:00,2642669.6316995546
2025-01-02 15:00:00,2642669.6316995546
2025-01-02 15:30:00,2642669.6316995546
2025-01-02 16:00:00,2642669.6316995546
2025-01-02 16:30:00,2642669.6316995546
2025-01-02 17:00:00,2642669.6316995546
2025-01-02 17:30:00,2642669.6316995546
2025-01-02 18:00:00,2642669.6316995546
2025-01-03 01:00:00,2642669.6316995546
2025-01-03 01:30:00,2642669.6316995546
2025-01-03 02:00:00,2642669.6316995546
2025-01-03 02:30:00,2642669.6316995546
2025-01-03 03:00:00,2642669.6316995546
2025-01-03 05:00:00,2642669.6316995546
2025-01-03 05:30:00,2642669.6316995546
2025-01-03 06:00:00,2643551.175474193
2025-01-03 06:30:00,2643551.175474193
2025-01-03 07:00:00,2643551.175474193
2025-01-03 13:00:00,2643551.175474193
2025-01-03 13:30:00,2643551.175474193
2025-01-03 14:00:00,2643551.175474193
2025-01-03 14:30:00,2643551.175474193
2025-01-03 15:00:00,2643551.175474193
2025-01-03 15:30:00,2643551.175474193
2025-01-03 16:00:00,2643551.175474193
2025-01-03 16:30:00,2643551.175474193
2025-01-03 17:00:00,2643551.175474193
2025-01-03 17:30:00,2643551.175474193
2025-01-03 18:00:00,2643551.175474193
2025-01-06 01:00:00,2644038.1518613547
2025-01-06 01:30:00,2643604.5450912146
2025-01-06 02:00:00,2646322.1465926226
2025-01-06 02:30:00,2646322.1465926226
2025-01-06 03:00:00,2645349.801813469
2025-01-06 05:00:00,2645349.801813469
2025-01-06 05:30:00,2645349.801813469
2025-01-06 06:00:00,2645349.801813469
2025-01-06 06:30:00,2645349.801813469
2025-01-06 07:00:00,2645349.801813469
2025-01-06 13:00:00,2645349.801813469
2025-01-06 13:30:00,2647462.4954566387
2025-01-06 14:00:00,2647462.4954566387
2025-01-06 14:30:00,2646582.124027979
2025-01-06 15:00:00,2646582.124027979
2025-01-06 15:30:00,2646582.124027979
2025-01-06 16:00:00,2646582.124027979
2025-01-06 16:30:00,2646582.124027979
2025-01-06 17:00:00,2646582.124027979
2025-01-06 17:30:00,2646582.124027979
2025-01-06 18:00:00,2646582.124027979
2025-01-07 01:00:00,2646582.124027979
2025-01-07 01:30:00,2646582.124027979
2025-01-07 02:00:00,2646582.124027979
2025-01-07 02:30:00,2646582.124027979
2025-01-07 03:00:00,2646582.124027979
2025-01-07 05:00:00,2646582.124027979
2025-01-07 05:30:00,2646582.124027979
2025-01-07 06:00:00,2646582.124027979
2025-01-07 06:30:00,2717198.1476831213
2025-01-07 07:00:00,2717198.1476831213
2025-01-07 13:00:00,2720720.009811742
2025-01-07 13:30:00,2720720.009811742
2025-01-07 14:00:00,2720720.009811742
2025-01-07 14:30:00,2720720.009811742
2025-01-07 15:00:00,2720720.009811742
2025-01-07 15:30:00,2720720.009811742
2025-01-07 16:00:00,2720720.009811742
2025-01-07 16:30:00,2720720.009811742
2025-01-07 17:00:00,2720720.009811742
2025-01-07 17:30:00,2720720.009811742
2025-01-07 18:00:00,2720720.009811742
2025-01-08 01:00:00,2720473.059493825
2025-01-08 01:30:00,2720473.059493825
2025-01-08 02:00:00,2720473.059493825
2025-01-08 02:30:00,2720473.059493825
2025-01-08 03:00:00,2720473.059493825
2025-01-08 05:00:00,2720473.059493825
2025-01-08 05:30:00,2720473.059493825
2025-01-08 06:00:00,2720473.059493825
2025-01-08 06:30:00,2720473.059493825
2025-01-08 07:00:00,2720473.059493825
2025-01-08 13:00:00,2720473.059493825
2025-01-08 13:30:00,2720473.059493825
2025-01-08 14:00:00,2720473.059493825
2025-01-08 14:30:00,2720473.059493825
2025-01-08 15:00:00,2720473.059493825
2025-01-08 15:30:00,2720473.059493825
2025-01-08 16:00:00,2720473.059493825
2025-01-08 16:30:00,2720473.059493825
2025-01-08 17:00:00,2720473.059493825
2025-01-08 17:30:00,2720473.059493825
2025-01-08 18:00:00,2720473.059493825
2025-01-09 01:00:00,2720473.059493825
2025-01-09 01:30:00,2720240.254817461
2025-01-09 02:00:00,2720240.254817461
2025-01-09 02:30:00,2720240.254817461
2025-01-09 03:00:00,2719655.4147866424
2025-01-09 05:00:00,2719655.4147866424
2025-01-09 05:30:00,2722675.2757952674
2025-01-09 06:00:00,2722675.2757952674
2025-01-09 06:30:00,2722675.2757952674
2025-01-09 07:00:00,2722675.2757952674
2025-01-09 13:00:00,2722675.2757952674
2025-01-09 13:30:00,2722675.2757952674
2025-01-09 14:00:00,2722675.2757952674
2025-01-09 14:30:00,2722675.2757952674
2025-01-09 15:00:00,2722675.2757952674
2025-01-09 15:30:00,2722675.2757952674
2025-01-09 16:00:00,2722675.2757952674
2025-01-09 16:30:00,2722675.2757952674
2025-01-09 17:00:00,2722675.2757952674
2025-01-09 17:30:00,2722675.2757952674
2025-01-09 18:00:00,2722675.2757952674
2025-01-10 01:00:00,2722675.2757952674
2025-01-10 01:30:00,2722675.2757952674
2025-01-10 02:00:00,2722675.2757952674
2025-01-10 02:30:00,2722675.2757952674
2025-01-10 03:00:00,2722675.2757952674
2025-01-10 05:00:00,2722675.2757952674
2025-01-10 05:30:00,2722675.2757952674
2025-01-10 06:00:00,2722675.2757952674
2025-01-10 06:30:00,2722547.3082849
2025-01-10 07:00:00,2722547.3082849
2025-01-10 13:00:00,2722547.3082849
2025-01-10 13:30:00,2722547.3082849
2025-01-10 14:00:00,2722547.3082849
2025-01-10 14:30:00,2720906.5606238386
2025-01-10 15:00:00,2720906.5606238386
2025-01-10 15:30:00,2720906.5606238386
2025-01-10 16:00:00,2720906.5606238386
2025-01-10 16:30:00,2720906.5606238386
2025-01-10 17:00:00,2720906.5606238386
2025-01-10 17:30:00,2720906.5606238386
2025-01-10 18:00:00,2720906.5606238386
2025-01-13 01:00:00,2720906.5606238386
2025-01-13 01:30:00,2720906.5606238386
2025-01-13 02:00:00,2720906.5606238386
2025-01-13 02:30:00,2720906.5606238386
2025-01-13 03:00:00,2720906.5606238386
2025-01-13 05:00:00,2720906.5606238386
2025-01-13 05:30:00,2720906.5606238386
2025-01-13 06:00:00,2720906.5606238386
2025-01-13 06:30:00,2720906.5606238386
2025-01-13 07:00:00,2720906.5606238386
2025-01-13 13:00:00,2720906.5606238386
2025-01-13 13:30:00,2720906.5606238386
2025-01-13 14:00:00,2720906.5606238386
2025-01-13 14:30:00,2720906.5606238386
2025-01-13 15:00:00,2720906.5606238386
2025-01-13 15:30:00,2720906.5606238386
2025-01-13 16:00:00,2720906.5606238386
2025-01-13 16:30:00,2720906.5606238386
2025-01-13 17:00:00,2720906.5606238386
2025-01-13 17:30:00,2720906.5606238386
2025-01-13 18:00:00,2720906.5606238386
2025-01-14 01:00:00,2720906.5606238386
2025-01-14 01:30:00,2719967.047644562
2025-01-14 02:00:00,2719967.047644562
2025-01-14 02:30:00,2719967.047644562
2025-01-14 03:00:00,2719967.047644562
2025-01-14 05:00:00,2719967.047644562
2025-01-14 05:30:00,2719967.047644562
2025-01-14 06:00:00,2719967.047644562
2025-01-14 06:30:00,2719967.047644562
2025-01-14 07:00:00,2719967.047644562
2025-01-14 13:00:00,2719967.047644562
2025-01-14 13:30:00,2719967.047644562
2025-01-14 14:00:00,2719967.047644562
2025-01-14 14:30:00,2719967.047644562
2025-01-14 15:00:00,2719967.047644562
2025-01-14 15:30:00,2719967.047644562
2025-01-14 16:00:00,2719967.047644562
2025-01-14 16:30:00,2719967.047644562
2025-01-14 17:00:00,2719967.047644562
2025-01-14 17:30:00,2719967.047644562
2025-01-14 18:00:00,2719967.047644562
2025-01-15 01:00:00,2719967.047644562
2025-01-15 01:30:00,2719967.047644562
2025-01-15 02:00:00,2719967.047644562
2025-01-15 02:30:00,2719967.047644562
2025-01-15 03:00:00,2719967.047644562
2025-01-15 05:00:00,2719967.047644562
2025-01-15 05:30:00,2719967.047644562
2025-01-15 06:00:00,2719967.047644562
2025-01-15 06:30:00,2719967.047644562
2025-01-15 07:00:00,2719967.047644562
2025-01-15 13:00:00,2719967.047644562
2025-01-15 13:30:00,2720435.762364852
2025-01-15 14:00:00,2720435.762364852
2025-01-15 14:30:00,2720435.762364852
2025-01-15 15:00:00,2720435.762364852
2025-01-15 15:30:00,2720435.762364852
2025-01-15 16:00:00,2719780.84197946
2025-01-15 16:30:00,2719780.84197946
2025-01-15 17:00:00,2719780.84197946
2025-01-15 17:30:00,2719780.84197946
2025-01-15 18:00:00,2719780.84197946
2025-01-16 01:00:00,2719780.84197946
2025-01-16 01:30:00,2719780.84197946
2025-01-16 02:00:00,2719780.84197946
2025-01-16 02:30:00,2719780.84197946
2025-01-16 03:00:00,2719780.84197946
2025-01-16 05:00:00,2719780.84197946
2025-01-16 05:30:00,2719780.84197946
2025-01-16 06:00:00,2719780.84197946
2025-01-16 06:30:00,2719780.84197946
2025-01-16 07:00:00,2719780.84197946
2025-01-16 13:00:00,2719780.84197946
2025-01-16 13:30:00,2719780.84197946
2025-01-16 14:00:00,2719780.84197946
2025-01-16 14:30:00,2719780.84197946
2025-01-16 15:00:00,2719780.84197946
2025-01-16 15:30:00,2719780.84197946
2025-01-16 16:00:00,2719780.84197946
2025-01-16 16:30:00,2719780.84197946
2025-01-16 17:00:00,2719780.84197946
2025-01-16 17:30:00,2719780.84197946
2025-01-16 18:00:00,2719780.84197946
2025-01-17 01:00:00,2719780.84197946
2025-01-17 01:30:00,2719067.9994845935
2025-01-17 02:00:00,2719067.9994845935
2025-01-17 02:30:00,2719067.9994845935
2025-01-17 03:00:00,2719067.9994845935
2025-01-17 05:00:00,2719067.9994845935
2025-01-17 05:30:00,2719067.9994845935
2025-01-17 06:00:00,2719067.9994845935
2025-01-17 06:30:00,2719067.9994845935
2025-01-17 07:00:00,2719067.9994845935
2025-01-17 13:00:00,2719067.9994845935
2025-01-17 13:30:00,2719067.9994845935
2025-01-17 14:00:00,2719067.9994845935
2025-01-17 14:30:00,2719067.9994845935
2025-01-17 15:00:00,2719067.9994845935
2025-01-17 15:30:00,2719067.9994845935
2025-01-17 16:00:00,2719067.9994845935
2025-01-17 16:30:00,2719067.9994845935
2025-01-17 17:00:00,2718981.300063558
2025-01-17 17:30:00,2718981.300063558
2025-01-17 18:00:00,2718981.300063558
2025-01-20 01:00:00,2718981.300063558
2025-01-20 01:30:00,2718981.300063558
2025-01-20 02:00:00,2718981.300063558
2025-01-20 02:30:00,2718981.300063558
2025-01-20 03:00:00,2718981.300063558
2025-01-20 05:00:00,2718981.300063558
2025-01-20 05:30:00,2718981.300063558
2025-01-20 06:00:00,2718981.300063558
2025-01-20 06:30:00,2718981.300063558
2025-01-20 07:00:00,2718981.300063558
2025-01-20 13:00:00,2718981.300063558
2025-01-20 13:30:00,2718981.300063558
2025-01-20 14:00:00,2718981.300063558
2025-01-20 14:30:00,2718981.300063558
2025-01-20 15:00:00,2718981.300063558
2025-01-20 15:30:00,2718981.300063558
2025-01-20 16:00:00,2718981.300063558
2025-01-20 16:30:00,2718981.300063558
2025-01-20 17:00:00,2718981.300063558
2025-01-20 17:30:00,2718981.300063558
2025-01-20 18:00:00,2718981.300063558
2025-01-21 01:00:00,2718981.300063558
2025-01-21 01:30:00,2718834.8995180964
2025-01-21 02:00:00,2718834.8995180964
2025-01-21 02:30:00,2718834.8995180964
2025-01-21 03:00:00,2717401.3772170725
2025-01-21 05:00:00,2717401.3772170725
2025-01-21 05:30:00,2717401.3772170725
2025-01-21 06:00:00,2717401.3772170725
2025-01-21 06:30:00,2717401.3772170725
2025-01-21 07:00:00,2717401.3772170725
2025-01-21 13:00:00,2717401.3772170725
2025-01-21 13:30:00,2717113.5200675637
2025-01-21 14:00:00,2717113.5200675637
2025-01-21 14:30:00,2717113.5200675637
2025-01-21 15:00:00,2717113.5200675637
2025-01-21 15:30:00,2717113.5200675637
2025-01-21 16:00:00,2717113.5200675637
2025-01-21 16:30:00,2717113.5200675637
2025-01-21 17:00:00,2717113.5200675637
2025-01-21 17:30:00,2717113.5200675637
2025-01-21 18:00:00,2717113.5200675637
2025-01-22 01:00:00,2719723.6556575876
2025-01-22 01:30:00,2718478.605124683
2025-01-22 02:00:00,2718478.605124683
2025-01-22 02:30:00,2718478.605124683
2025-01-22 03:00:00,2718478.605124683
2025-01-22 05:00:00,2718478.605124683
2025-01-22 05:30:00,2718478.605124683
2025-01-22 06:00:00,2718478.605124683
2025-01-22 06:30:00,2718478.605124683
2025-01-22 07:00:00,2718478.605124683
2025-01-22 13:00:00,2718478.605124683
2025-01-22 13:30:00,2716670.9818392657
2025-01-22 14:00:00,2716670.9818392657
2025-01-22 14:30:00,2716670.9818392657
2025-01-22 15:00:00,2716670.9818392657
2025-01-22 15:30:00,2716670.9818392657
2025-01-22 16:00:00,2712782.845408011
2025-01-22 16:30:00,2712782.845408011
2025-01-22 17:00:00,2712782.845408011
2025-01-22 17:30:00,2712782.845408011
2025-01-22 18:00:00,2712782.845408011
2025-01-23 01:00:00,2712782.845408011
2025-01-23 01:30:00,2712782.845408011
2025-01-23 02:00:00,2712083.8285871036
2025-01-23 02:30:00,2712393.334078095
2025-01-23 03:00:00,2712393.334078095
2025-01-23 05:00:00,2712393.334078095
2025-01-23 05:30:00,2712393.334078095
2025-01-23 06:00:00,2712393.334078095
2025-01-23 06:30:00,2712393.334078095
2025-01-23 07:00:00,2712393.334078095
2025-01-23 13:00:00,2712393.334078095
2025-01-23 13:30:00,2713194.627995759
2025-01-23 14:00:00,2713194.627995759
2025-01-23 14:30:00,2713194.627995759
2025-01-23 15:00:00,2713194.627995759
2025-01-23 15:30:00,2713194.627995759
2025-01-23 16:00:00,2713194.627995759
2025-01-23 16:30:00,2713194.627995759
2025-01-23 17:00:00,2713194.627995759
2025-01-23 17:30:00,2713194.627995759
2025-01-23 18:00:00,2713194.627995759
2025-01-24 01:00:00,2712660.338382907
2025-01-24 01:30:00,2712254.1248503793
2025-01-24 02:00:00,2711543.734600646
2025-01-24 02:30:00,2711543.734600646
2025-01-24 03:00:00,2711543.734600646
2025-01-24 05:00:00,2711543.734600646
2025-01-24 05:30:00,2711543.734600646
2025-01-24 06:00:00,2711543.734600646
2025-01-24 06:30:00,2711543.734600646
2025-01-24 07:00:00,2711543.734600646
2025-01-24 13:00:00,2711543.734600646
2025-01-24 13:30:00,2710082.0692802905
2025-01-24 14:00:00,2710082.0692802905
2025-01-24 14:30:00,2710082.0692802905
2025-01-24 15:00:00,2710082.0692802905
2025-01-24 15:30:00,2710082.0692802905
2025-01-24 16:00:00,2710082.0692802905
2025-01-24 16:30:00,2710082.0692802905
2025-01-24 17:00:00,2710082.0692802905
2025-01-24 17:30:00,2710082.0692802905
2025-01-24 18:00:00,2710082.0692802905
2025-01-27 01:00:00,2710082.0692802905
2025-01-27 01:30:00,2710082.0692802905
2025-01-27 02:00:00,2710082.0692802905
2025-01-27 02:30:00,2710082.0692802905
2025-01-27 03:00:00,2706099.7012282126
2025-01-27 05:00:00,2703882.5722457105
2025-01-27 05:30:00,2703882.5722457105
2025-01-27 06:00:00,2704076.7646513567
2025-01-27 06:30:00,2704076.7646513567
2025-01-27 07:00:00,2704076.7646513567
2025-02-05 01:00:00,2704076.7646513567
2025-02-05 01:30:00,2703980.046050045
2025-02-05 02:00:00,2703980.046050045
2025-02-05 02:30:00,2703980.046050045
2025-02-05 03:00:00,2703118.2213815795
2025-02-05 05:00:00,2703118.2213815795
2025-02-05 05:30:00,2705306.531940181
2025-02-05 06:00:00,2705306.531940181
2025-02-05 06:30:00,2705306.531940181
2025-02-05 07:00:00,2705306.531940181
2025-02-05 13:00:00,2705306.531940181
2025-02-05 13:30:00,2706955.6967528057
2025-02-05 14:00:00,2706955.6967528057
2025-02-05 14:30:00,2707226.8419343606
2025-02-05 15:00:00,2707226.8419343606
2025-02-05 15:30:00,2707226.8419343606
2025-02-05 16:00:00,2707226.8419343606
2025-02-05 16:30:00,2707226.8419343606
2025-02-05 17:00:00,2707226.8419343606
2025-02-05 17:30:00,2707226.8419343606
2025-02-05 18:00:00,2707226.8419343606
2025-02-06 01:00:00,2707226.8419343606
2025-02-06 01:30:00,2707226.8419343606
2025-02-06 02:00:00,2707226.8419343606
2025-02-06 02:30:00,2706088.3528007166
2025-02-06 03:00:00,2716446.205797304
2025-02-06 05:00:00,2716446.205797304
2025-02-06 05:30:00,2716446.205797304
2025-02-06 06:00:00,2716965.4939186415
2025-02-06 06:30:00,2716629.039566235
2025-02-06 07:00:00,2716629.039566235
2025-02-06 13:00:00,2716629.039566235
2025-02-06 13:30:00,2716629.039566235
2025-02-06 14:00:00,2716629.039566235
2025-02-06 14:30:00,2716629.039566235
2025-02-06 15:00:00,2716629.039566235
2025-02-06 15:30:00,2719046.6973691494
2025-02-06 16:00:00,2719046.6973691494
2025-02-06 16:30:00,2715164.8585780663
2025-02-06 17:00:00,2715164.8585780663
2025-02-06 17:30:00,2715164.8585780663
2025-02-06 18:00:00,2715164.8585780663
2025-02-07 01:00:00,2715164.8585780663
2025-02-07 01:30:00,2715000.7876769872
2025-02-07 02:00:00,2709784.3547356543
2025-02-07 02:30:00,2709784.3547356543
2025-02-07 03:00:00,2709784.3547356543
2025-02-07 05:00:00,2709784.3547356543
2025-02-07 05:30:00,2709784.3547356543
2025-02-07 06:00:00,2750386.5740024736
2025-02-07 06:30:00,2805832.1479048748
2025-02-07 07:00:00,2805832.1479048748
2025-02-07 13:00:00,2805832.1479048748
2025-02-07 13:30:00,2804252.7120953123
2025-02-07 14:00:00,2804252.7120953123
2025-02-07 14:30:00,2804252.7120953123
2025-02-07 15:00:00,2804252.7120953123
2025-02-07 15:30:00,2804252.7120953123
2025-02-07 16:00:00,2804252.7120953123
2025-02-07 16:30:00,2804252.7120953123
2025-02-07 17:00:00,2804252.7120953123
2025-02-07 17:30:00,2804252.7120953123
2025-02-07 18:00:00,2804252.7120953123
2025-02-10 01:00:00,2804252.7120953123
2025-02-10 01:30:00,2803434.4067400717
2025-02-10 02:00:00,2803434.4067400717
2025-02-10 02:30:00,2803434.4067400717
2025-02-10 03:00:00,2803434.4067400717
2025-02-10 05:00:00,2803434.4067400717
2025-02-10 05:30:00,2803434.4067400717
2025-02-10 06:00:00,2803434.4067400717
2025-02-10 06:30:00,2802345.4394089966
2025-02-10 07:00:00,2802345.4394089966
2025-02-10 13:00:00,2802112.011991837
2025-02-10 13:30:00,2802112.011991837
2025-02-10 14:00:00,2802112.011991837
2025-02-10 14:30:00,2802112.011991837
2025-02-10 15:00:00,2802112.011991837
2025-02-10 15:30:00,2802112.011991837
2025-02-10 16:00:00,2802112.011991837
2025-02-10 16:30:00,2802112.011991837
2025-02-10 17:00:00,2802112.011991837
2025-02-10 17:30:00,2802112.011991837
2025-02-10 18:00:00,2802112.011991837
2025-02-11 01:00:00,2801427.9631720507
2025-02-11 01:30:00,2801427.9631720507
2025-02-11 02:00:00,2801427.9631720507
2025-02-11 02:30:00,2801427.9631720507
2025-02-11 03:00:00,2801427.9631720507
2025-02-11 05:00:00,2801427.9631720507
2025-02-11 05:30:00,2801427.9631720507
2025-02-11 06:00:00,2801539.466805217
2025-02-11 06:30:00,2801539.466805217
2025-02-11 07:00:00,2801539.466805217
2025-02-11 13:00:00,2801539.466805217
2025-02-11 13:30:00,2801539.466805217
2025-02-11 14:00:00,2801539.466805217
2025-02-11 14:30:00,2801539.466805217
2025-02-11 15:00:00,2802143.077122867
2025-02-11 15:30:00,2802143.077122867
2025-02-11 16:00:00,2802143.077122867
2025-02-11 16:30:00,2802143.077122867
2025-02-11 17:00:00,2802143.077122867
2025-02-11 17:30:00,2802143.077122867
2025-02-11 18:00:00,2802143.077122867
2025-02-12 01:00:00,2802143.077122867
2025-02-12 01:30:00,2802143.077122867
2025-02-12 02:00:00,2802143.077122867
2025-02-12 02:30:00,2802143.077122867
2025-02-12 03:00:00,2802143.077122867
2025-02-12 05:00:00,2802143.077122867
2025-02-12 05:30:00,2802143.077122867
2025-02-12 06:00:00,2802143.077122867
2025-02-12 06:30:00,2800709.2704586145
2025-02-12 07:00:00,2800709.2704586145
2025-02-12 13:00:00,2800709.2704586145
2025-02-12 13:30:00,2800709.2704586145
2025-02-12 14:00:00,2800709.2704586145
2025-02-12 14:30:00,2800682.2597830324
2025-02-12 15:00:00,2800682.2597830324
2025-02-12 15:30:00,2800682.2597830324
2025-02-12 16:00:00,2800682.2597830324
2025-02-12 16:30:00,2800682.2597830324
2025-02-12 17:00:00,2800682.2597830324
2025-02-12 17:30:00,2800682.2597830324
2025-02-12 18:00:00,2800682.2597830324
2025-02-13 01:00:00,2800682.2597830324
2025-02-13 01:30:00,2800444.0247814935
2025-02-13 02:00:00,2800444.0247814935
2025-02-13 02:30:00,2800444.0247814935
2025-02-13 03:00:00,2800444.0247814935
2025-02-13 05:00:00,2800444.0247814935
2025-02-13 05:30:00,2799266.691065384
2025-02-13 06:00:00,2799266.691065384
2025-02-13 06:30:00,2798942.6944919187
2025-02-13 07:00:00,2798942.6944919187
2025-02-13 13:00:00,2798942.6944919187
2025-02-13 13:30:00,2799130.3384023383
2025-02-13 14:00:00,2798466.3294525016
2025-02-13 14:30:00,2798466.3294525016
2025-02-13 15:00:00,2798466.3294525016
2025-02-13 15:30:00,2798466.3294525016
2025-02-13 16:00:00,2798466.3294525016
2025-02-13 16:30:00,2798466.3294525016
2025-02-13 17:00:00,2798466.3294525016
2025-02-13 17:30:00,2798466.3294525016
2025-02-13 18:00:00,2798466.3294525016
2025-02-14 01:00:00,2799966.5131585314
2025-02-14 01:30:00,2799892.4836721
2025-02-14 02:00:00,2799892.4836721
2025-02-14 02:30:00,2799892.4836721
2025-02-14 03:00:00,2799892.4836721
2025-02-14 05:00:00,2799892.4836721
2025-02-14 05:30:00,2799892.4836721
2025-02-14 06:00:00,2799892.4836721
2025-02-14 06:30:00,2799172.0330038914
2025-02-14 07:00:00,2799172.0330038914
2025-02-14 13:00:00,2799172.0330038914
2025-02-14 13:30:00,2798778.4745899118
2025-02-14 14:00:00,2800504.2366983797
2025-02-14 14:30:00,2800504.2366983797
2025-02-14 15:00:00,2800504.2366983797
2025-02-14 15:30:00,2800504.2366983797
2025-02-14 16:00:00,2800504.2366983797
2025-02-14 16:30:00,2800504.2366983797
2025-02-14 17:00:00,2800504.2366983797
2025-02-14 17:30:00,2800504.2366983797
2025-02-14 18:00:00,2800504.2366983797
2025-02-17 01:00:00,2800357.7314398405
2025-02-17 01:30:00,2799394.8844311903
2025-02-17 02:00:00,2799394.8844311903
2025-02-17 02:30:00,2799394.8844311903
2025-02-17 03:00:00,2799394.8844311903
2025-02-17 05:00:00,2799394.8844311903
2025-02-17 05:30:00,2799394.8844311903
2025-02-17 06:00:00,2799394.8844311903
2025-02-17 06:30:00,2799700.5340229296
2025-02-17 07:00:00,2799700.5340229296
2025-02-17 13:00:00,2799182.8690403095
2025-02-17 13:30:00,2799182.8690403095
2025-02-17 14:00:00,2799182.8690403095
2025-02-17 14:30:00,2799026.8889700035
2025-02-17 15:00:00,2799026.8889700035
2025-02-17 15:30:00,2799026.8889700035
2025-02-17 16:00:00,2799026.8889700035
2025-02-17 16:30:00,2799026.8889700035
2025-02-17 17:00:00,2799026.8889700035
2025-02-17 17:30:00,2799026.8889700035
2025-02-17 18:00:00,2799026.8889700035
2025-02-18 01:00:00,2799026.8889700035
2025-02-18 01:30:00,2799026.8889700035
2025-02-18 02:00:00,2799026.8889700035
2025-02-18 02:30:00,2799026.8889700035
2025-02-18 03:00:00,2799379.5329275103
2025-02-18 05:00:00,2799379.5329275103
2025-02-18 05:30:00,2799379.5329275103
2025-02-18 06:00:00,2799443.000791871
2025-02-18 06:30:00,2799443.000791871
2025-02-18 07:00:00,2799443.000791871
2025-02-18 13:00:00,2799443.000791871
2025-02-18 13:30:00,2799443.000791871
2025-02-18 14:00:00,2799443.000791871
2025-02-18 14:30:00,2799443.000791871
2025-02-18 15:00:00,2799443.000791871
2025-02-18 15:30:00,2799443.000791871
2025-02-18 16:00:00,2799443.000791871
2025-02-18 16:30:00,2799443.000791871
2025-02-18 17:00:00,2799443.000791871
2025-02-18 17:30:00,2799443.000791871
2025-02-18 18:00:00,2799443.000791871
2025-02-19 01:00:00,2799443.000791871
2025-02-19 01:30:00,2799443.000791871
2025-02-19 02:00:00,2799443.000791871
2025-02-19 02:30:00,2799443.000791871
2025-02-19 03:00:00,2800110.9635416935
2025-02-19 05:00:00,2800110.9635416935
2025-02-19 05:30:00,2800110.9635416935
2025-02-19 06:00:00,2800110.9635416935
2025-02-19 06:30:00,2800110.9635416935
2025-02-19 07:00:00,2800110.9635416935
2025-02-19 13:00:00,2800110.9635416935
2025-02-19 13:30:00,2800110.9635416935
2025-02-19 14:00:00,2800110.9635416935
2025-02-19 14:30:00,2800110.9635416935
2025-02-19 15:00:00,2800110.9635416935
2025-02-19 15:30:00,2800110.9635416935
2025-02-19 16:00:00,2800110.9635416935
2025-02-19 16:30:00,2800110.9635416935
2025-02-19 17:00:00,2800110.9635416935
2025-02-19 17:30:00,2800110.9635416935
2025-02-19 18:00:00,2800110.9635416935
2025-02-20 01:00:00,2800110.9635416935
2025-02-20 01:30:00,2800990.89221937
2025-02-20 02:00:00,2800990.89221937
2025-02-20 02:30:00,2800990.89221937
2025-02-20 03:00:00,2800990.89221937
2025-02-20 05:00:00,2800990.89221937
2025-02-20 05:30:00,2800990.89221937
2025-02-20 06:00:00,2800990.89221937
2025-02-20 06:30:00,2800990.89221937
2025-02-20 07:00:00,2800990.89221937
2025-02-20 13:00:00,2800990.89221937
2025-02-20 13:30:00,2800990.89221937
2025-02-20 14:00:00,2800990.89221937
2025-02-20 14:30:00,2800990.89221937
2025-02-20 15:00:00,2800990.89221937
2025-02-20 15:30:00,2800990.89221937
2025-02-20 16:00:00,2800990.89221937
2025-02-20 16:30:00,2800990.89221937
2025-02-20 17:00:00,2800990.89221937
2025-02-20 17:30:00,2800990.89221937
2025-02-20 18:00:00,2800990.89221937
2025-02-21 01:00:00,2800990.89221937
2025-02-21 01:30:00,2800990.89221937
2025-02-21 02:00:00,2800990.89221937
2025-02-21 02:30:00,2800990.89221937
2025-02-21 03:00:00,2800990.89221937
2025-02-21 05:00:00,2800990.89221937
2025-02-21 05:30:00,2800990.89221937
2025-02-21 06:00:00,2800990.89221937
2025-02-21 06:30:00,2800990.89221937
2025-02-21 07:00:00,2800990.89221937
2025-02-21 13:00:00,2800990.89221937
2025-02-21 13:30:00,2799786.7242802554
2025-02-21 14:00:00,2799786.7242802554
2025-02-21 14:30:00,2799786.7242802554
2025-02-21 15:00:00,2799786.7242802554
2025-02-21 15:30:00,2799786.7242802554
2025-02-21 16:00:00,2799786.7242802554
2025-02-21 16:30:00,2799786.7242802554
2025-02-21 17:00:00,2799786.7242802554
2025-02-21 17:30:00,2799786.7242802554
2025-02-21 18:00:00,2799786.7242802554
2025-02-24 01:00:00,2799786.7242802554
2025-02-24 01:30:00,2800143.5160127846
2025-02-24 02:00:00,2813213.654041395
2025-02-24 02:30:00,2813213.654041395
2025-02-24 03:00:00,2813213.654041395
2025-02-24 05:00:00,2813213.654041395
2025-02-24 05:30:00,2813213.654041395
2025-02-24 06:00:00,2813213.654041395
2025-02-24 06:30:00,2813213.654041395
2025-02-24 07:00:00,2813213.654041395
2025-02-24 13:00:00,2813213.654041395
2025-02-24 13:30:00,2813213.654041395
2025-02-24 14:00:00,2813213.654041395
2025-02-24 14:30:00,2813213.654041395
2025-02-24 15:00:00,2813213.654041395
2025-02-24 15:30:00,2813213.654041395
2025-02-24 16:00:00,2813213.654041395
2025-02-24 16:30:00,2813213.654041395
2025-02-24 17:00:00,2813213.654041395
2025-02-24 17:30:00,2813213.654041395
2025-02-24 18:00:00,2813213.654041395
2025-02-25 01:00:00,2813213.654041395
2025-02-25 01:30:00,2813213.654041395
2025-02-25 02:00:00,2813213.654041395
2025-02-25 02:30:00,2813213.654041395
2025-02-25 03:00:00,2813213.654041395
2025-02-25 05:00:00,2813213.654041395
2025-02-25 05:30:00,2812556.6557257036
2025-02-25 06:00:00,2812556.6557257036
2025-02-25 06:30:00,2812556.6557257036
2025-02-25 07:00:00,2812556.6557257036
2025-02-25 13:00:00,2812556.6557257036
2025-02-25 13:30:00,2812556.6557257036
2025-02-25 14:00:00,2812556.6557257036
2025-02-25 14:30:00,2811251.8397013373
2025-02-25 15:00:00,2811251.8397013373
2025-02-25 15:30:00,2811251.8397013373
2025-02-25 16:00:00,2811251.8397013373
2025-02-25 16:30:00,2811251.8397013373
2025-02-25 17:00:00,2811251.8397013373
2025-02-25 17:30:00,2811251.8397013373
2025-02-25 18:00:00,2811251.8397013373
2025-02-26 01:00:00,2811251.8397013373
2025-02-26 01:30:00,2811251.8397013373
2025-02-26 02:00:00,2811251.8397013373
2025-02-26 02:30:00,2811251.8397013373
2025-02-26 03:00:00,2811251.8397013373
2025-02-26 05:00:00,2811251.8397013373
2025-02-26 05:30:00,2811338.577259477
2025-02-26 06:00:00,2811338.577259477
2025-02-26 06:30:00,2811338.577259477
2025-02-26 07:00:00,2811338.577259477
2025-02-26 13:00:00,2811338.577259477
2025-02-26 13:30:00,2811338.577259477
2025-02-26 14:00:00,2811338.577259477
2025-02-26 14:30:00,2810872.9442892238
2025-02-26 15:00:00,2810872.9442892238
2025-02-26 15:30:00,2810872.9442892238
2025-02-26 16:00:00,2810872.9442892238
2025-02-26 16:30:00,2810872.9442892238
2025-02-26 17:00:00,2810872.9442892238
2025-02-26 17:30:00,2810872.9442892238
2025-02-26 18:00:00,2810872.9442892238
2025-02-27 01:00:00,2810872.9442892238
2025-02-27 01:30:00,2810872.9442892238
2025-02-27 02:00:00,2810872.9442892238
2025-02-27 02:30:00,2811313.75958199
2025-02-27 03:00:00,2811313.75958199
2025-02-27 05:00:00,2811313.75958199
2025-02-27 05:30:00,2811313.75958199
2025-02-27 06:00:00,2810733.75958199
2025-02-27 06:30:00,2810733.75958199
2025-02-27 07:00:00,2810733.75958199
2025-02-27 13:00:00,2810733.75958199
2025-02-27 13:30:00,2810733.75958199
2025-02-27 14:00:00,2810733.75958199
2025-02-27 14:30:00,2811607.100634461
2025-02-27 15:00:00,2811607.100634461
2025-02-27 15:30:00,2811607.100634461
2025-02-27 16:00:00,2811607.100634461
2025-02-27 16:30:00,2811607.100634461
2025-02-27 17:00:00,2811607.100634461
2025-02-27 17:30:00,2811607.100634461
2025-02-27 18:00:00,2811607.100634461
2025-02-28 01:00:00,2811607.100634461
2025-02-28 01:30:00,2811607.100634461
2025-02-28 02:00:00,2811607.100634461
2025-02-28 02:30:00,2811607.100634461
2025-02-28 03:00:00,2811607.100634461
2025-02-28 05:00:00,2811607.100634461
2025-02-28 05:30:00,2811607.100634461
2025-02-28 06:00:00,2811607.100634461
2025-02-28 06:30:00,2811607.100634461
2025-02-28 07:00:00,2811607.100634461
2025-02-28 13:00:00,2811607.100634461
2025-02-28 13:30:00,2810767.6627653544
2025-02-28 14:00:00,2810767.6627653544
2025-02-28 14:30:00,2810767.6627653544
2025-02-28 15:00:00,2810767.6627653544
2025-02-28 15:30:00,2810767.6627653544
2025-02-28 16:00:00,2810767.6627653544
2025-02-28 16:30:00,2810767.6627653544
2025-02-28 17:00:00,2810767.6627653544
2025-02-28 17:30:00,2810767.6627653544
2025-02-28 18:00:00,2810767.6627653544
2025-03-03 01:00:00,2810106.1647054125
2025-03-03 01:30:00,2809006.1647054125
2025-03-03 02:00:00,2809006.1647054125
2025-03-03 02:30:00,2809006.1647054125
2025-03-03 03:00:00,2809006.1647054125
2025-03-03 05:00:00,2809006.1647054125
2025-03-03 05:30:00,2805006.50830887
2025-03-03 06:00:00,2805006.50830887
2025-03-03 06:30:00,2804910.121480542
2025-03-03 07:00:00,2804910.121480542
2025-03-03 13:00:00,2804910.121480542
2025-03-03 13:30:00,2804910.121480542
2025-03-03 14:00:00,2803118.1678712047
2025-03-03 14:30:00,2803118.1678712047
2025-03-03 15:00:00,2803118.1678712047
2025-03-03 15:30:00,2803118.1678712047
2025-03-03 16:00:00,2803118.1678712047
2025-03-03 16:30:00,2803118.1678712047
2025-03-03 17:00:00,2803118.1678712047
2025-03-03 17:30:00,2803118.1678712047
2025-03-03 18:00:00,2803118.1678712047
2025-03-04 01:00:00,2803118.1678712047
2025-03-04 01:30:00,2803984.731451932
2025-03-04 02:00:00,2803984.731451932
2025-03-04 02:30:00,2803984.731451932
2025-03-04 03:00:00,2802178.470482501
2025-03-04 05:00:00,2802178.470482501
2025-03-04 05:30:00,2802178.470482501
2025-03-04 06:00:00,2802178.470482501
2025-03-04 06:30:00,2801876.942694207
2025-03-04 07:00:00,2801876.942694207
2025-03-04 13:00:00,2801876.942694207
2025-03-04 13:30:00,2802576.942694207
2025-03-04 14:00:00,2802576.942694207
2025-03-04 14:30:00,2802576.942694207
2025-03-04 15:00:00,2802576.942694207
2025-03-04 15:30:00,2802576.942694207
2025-03-04 16:00:00,2802576.942694207
2025-03-04 16:30:00,2802576.942694207
2025-03-04 17:00:00,2802576.942694207
2025-03-04 17:30:00,2802576.942694207
2025-03-04 18:00:00,2802576.942694207
2025-03-05 01:00:00,2801437.234640471
2025-03-05 01:30:00,2801743.067656989
2025-03-05 02:00:00,2801743.067656989
2025-03-05 02:30:00,2801743.067656989
2025-03-05 03:00:00,2801743.067656989
2025-03-05 05:00:00,2801743.067656989
2025-03-05 05:30:00,2801743.067656989
2025-03-05 06:00:00,2801743.067656989
2025-03-05 06:30:00,2801743.067656989
2025-03-05 07:00:00,2801743.067656989
2025-03-05 13:00:00,2801743.067656989
2025-03-05 13:30:00,2801251.638197123
2025-03-05 14:00:00,2801251.638197123
2025-03-05 14:30:00,2801251.638197123
2025-03-05 15:00:00,2801251.638197123
2025-03-05 15:30:00,2801251.638197123
2025-03-05 16:00:00,2801251.638197123
2025-03-05 16:30:00,2801251.638197123
2025-03-05 17:00:00,2801251.638197123
2025-03-05 17:30:00,2801251.638197123
2025-03-05 18:00:00,2801251.638197123
2025-03-06 01:00:00,2801251.638197123
2025-03-06 01:30:00,2801251.638197123
2025-03-06 02:00:00,2804501.9886535425
2025-03-06 02:30:00,2804501.9886535425
2025-03-06 03:00:00,2804501.9886535425
2025-03-06 05:00:00,2804501.9886535425
2025-03-06 05:30:00,2804501.9886535425
2025-03-06 06:00:00,2807414.3495435454
2025-03-06 06:30:00,2807414.3495435454
2025-03-06 07:00:00,2807414.3495435454
2025-03-06 13:00:00,2806587.193440713
2025-03-06 13:30:00,2806587.193440713
2025-03-06 14:00:00,2806587.193440713
2025-03-06 14:30:00,2806587.193440713
2025-03-06 15:00:00,2806587.193440713
2025-03-06 15:30:00,2806587.193440713
2025-03-06 16:00:00,2806587.193440713
2025-03-06 16:30:00,2806587.193440713
2025-03-06 17:00:00,2806587.193440713
2025-03-06 17:30:00,2806587.193440713
2025-03-06 18:00:00,2806587.193440713
2025-03-07 01:00:00,2806587.193440713
2025-03-07 01:30:00,2806587.193440713
2025-03-07 02:00:00,2806587.193440713
2025-03-07 02:30:00,2806587.193440713
2025-03-07 03:00:00,2818038.0947602303
2025-03-07 05:00:00,2818038.0947602303
2025-03-07 05:30:00,2818038.0947602303
2025-03-07 06:00:00,2818038.0947602303
2025-03-07 06:30:00,2818038.0947602303
2025-03-07 07:00:00,2818038.0947602303
2025-03-07 13:00:00,2818038.0947602303
2025-03-07 13:30:00,2818038.0947602303
2025-03-07 14:00:00,2818038.0947602303
2025-03-07 14:30:00,2818038.0947602303
2025-03-07 15:00:00,2818038.0947602303
2025-03-07 15:30:00,2818038.0947602303
2025-03-07 16:00:00,2818038.0947602303
2025-03-07 16:30:00,2818038.0947602303
2025-03-07 17:00:00,2818038.0947602303
2025-03-07 17:30:00,2818038.0947602303
2025-03-07 18:00:00,2818038.0947602303
2025-03-10 01:00:00,2818038.0947602303
2025-03-10 01:30:00,2818038.0947602303
2025-03-10 02:00:00,2818038.0947602303
2025-03-10 02:30:00,2818038.0947602303
2025-03-10 03:00:00,2818038.0947602303
2025-03-10 05:00:00,2818038.0947602303
2025-03-10 05:30:00,2818038.0947602303
2025-03-10 06:00:00,2817454.131370808
2025-03-10 06:30:00,2817454.131370808
2025-03-10 07:00:00,2817454.131370808
2025-03-10 13:00:00,2817454.131370808
2025-03-10 13:30:00,2817454.131370808
2025-03-10 14:00:00,2817454.131370808
2025-03-10 14:30:00,2817454.131370808
2025-03-10 15:00:00,2817454.131370808
2025-03-10 15:30:00,2817454.131370808
2025-03-10 16:00:00,2817454.131370808
2025-03-10 16:30:00,2817454.131370808
2025-03-10 17:00:00,2817454.131370808
2025-03-10 17:30:00,2817454.131370808
2025-03-10 18:00:00,2817454.131370808
2025-03-11 01:00:00,2817454.131370808
2025-03-11 01:30:00,2813195.9992401237
2025-03-11 02:00:00,2813195.9992401237
2025-03-11 02:30:00,2813195.9992401237
2025-03-11 03:00:00,2813195.9992401237
2025-03-11 05:00:00,2813195.9992401237
2025-03-11 05:30:00,2813195.9992401237
2025-03-11 06:00:00,2813195.9992401237
2025-03-11 06:30:00,2813195.9992401237
2025-03-11 07:00:00,2813195.9992401237
2025-03-11 13:00:00,2813195.9992401237
2025-03-11 13:30:00,2813195.9992401237
2025-03-11 14:00:00,2813195.9992401237
2025-03-11 14:30:00,2813195.9992401237
2025-03-11 15:00:00,2813195.9992401237
2025-03-11 15:30:00,2813195.9992401237
2025-03-11 16:00:00,2813195.9992401237
2025-03-11 16:30:00,2813195.9992401237
2025-03-11 17:00:00,2813195.9992401237
2025-03-11 17:30:00,2813195.9992401237
2025-03-11 18:00:00,2813195.9992401237
2025-03-12 01:00:00,2813105.5418266417
2025-03-12 01:30:00,2813105.5418266417
2025-03-12 02:00:00,2813105.5418266417
2025-03-12 02:30:00,2813105.5418266417
2025-03-12 03:00:00,2813105.5418266417
2025-03-12 05:00:00,2813105.5418266417
2025-03-12 05:30:00,2813105.5418266417
2025-03-12 06:00:00,2813105.5418266417
2025-03-12 06:30:00,2813105.5418266417
2025-03-12 07:00:00,2813105.5418266417
2025-03-12 13:00:00,2813105.5418266417
2025-03-12 13:30:00,2814645.9174424508
2025-03-12 14:00:00,2814645.9174424508
2025-03-12 14:30:00,2814645.9174424508
2025-03-12 15:00:00,2814645.9174424508
2025-03-12 15:30:00,2814645.9174424508
2025-03-12 16:00:00,2814645.9174424508
2025-03-12 16:30:00,2814645.9174424508
2025-03-12 17:00:00,2814645.9174424508
2025-03-12 17:30:00,2814645.9174424508
2025-03-12 18:00:00,2814645.9174424508
2025-03-13 01:00:00,2814645.9174424508
2025-03-13 01:30:00,2814645.9174424508
2025-03-13 02:00:00,2812741.739931287
2025-03-13 02:30:00,2812741.739931287
2025-03-13 03:00:00,2812741.739931287
2025-03-13 05:00:00,2812741.739931287
2025-03-13 05:30:00,2812741.739931287
2025-03-13 06:00:00,2812741.739931287
2025-03-13 06:30:00,2812741.739931287
2025-03-13 07:00:00,2812741.739931287
2025-03-13 13:00:00,2812741.739931287
2025-03-13 13:30:00,2812741.739931287
2025-03-13 14:00:00,2812741.739931287
2025-03-13 14:30:00,2812741.739931287
2025-03-13 15:00:00,2812741.739931287
2025-03-13 15:30:00,2812741.739931287
2025-03-13 16:00:00,2812741.739931287
2025-03-13 16:30:00,2812741.739931287
2025-03-13 17:00:00,2812741.739931287
2025-03-13 17:30:00,2812741.739931287
2025-03-13 18:00:00,2812741.739931287
2025-03-14 01:00:00,2812741.739931287
2025-03-14 01:30:00,2812741.739931287
2025-03-14 02:00:00,2808392.747395808
2025-03-14 02:30:00,2808392.747395808
2025-03-14 03:00:00,2808392.747395808
2025-03-14 05:00:00,2808392.747395808
2025-03-14 05:30:00,2808392.747395808
2025-03-14 06:00:00,2808392.747395808
2025-03-14 06:30:00,2808392.747395808
2025-03-14 07:00:00,2808392.747395808
2025-03-14 13:00:00,2808392.747395808
2025-03-14 13:30:00,2807894.617826537
2025-03-14 14:00:00,2807894.617826537
2025-03-14 14:30:00,2807894.617826537
2025-03-14 15:00:00,2807894.617826537
2025-03-14 15:30:00,2807894.617826537
2025-03-14 16:00:00,2807894.617826537
2025-03-14 16:30:00,2807894.617826537
2025-03-14 17:00:00,2807894.617826537
2025-03-14 17:30:00,2807894.617826537
2025-03-14 18:00:00,2807894.617826537
2025-03-17 01:00:00,2807894.617826537
2025-03-17 01:30:00,2807407.4432022823
2025-03-17 02:00:00,2807407.4432022823
2025-03-17 02:30:00,2807407.4432022823
2025-03-17 03:00:00,2807407.4432022823
2025-03-17 05:00:00,2807407.4432022823
2025-03-17 05:30:00,2807407.4432022823
2025-03-17 06:00:00,2807407.4432022823
2025-03-17 06:30:00,2807407.4432022823
2025-03-17 07:00:00,2807407.4432022823
2025-03-17 13:00:00,2807407.4432022823
2025-03-17 13:30:00,2807407.4432022823
2025-03-17 14:00:00,2807407.4432022823
2025-03-17 14:30:00,2807407.4432022823
2025-03-17 15:00:00,2807407.4432022823
2025-03-17 15:30:00,2807407.4432022823
2025-03-17 16:00:00,2807407.4432022823
2025-03-17 16:30:00,2807407.4432022823
2025-03-17 17:00:00,2807407.4432022823
2025-03-17 17:30:00,2807407.4432022823
2025-03-17 18:00:00,2807407.4432022823
2025-03-18 01:00:00,2807407.4432022823
2025-03-18 01:30:00,2805676.6901435773
2025-03-18 02:00:00,2805676.6901435773
2025-03-18 02:30:00,2805764.6310246955
2025-03-18 03:00:00,2805764.6310246955
2025-03-18 05:00:00,2805764.6310246955
2025-03-18 05:30:00,2822715.8698932813
2025-03-18 06:00:00,2822715.8698932813
2025-03-18 06:30:00,2822715.8698932813
2025-03-18 07:00:00,2822715.8698932813
2025-03-18 13:00:00,2822715.8698932813
2025-03-18 13:30:00,2822715.8698932813
2025-03-18 14:00:00,2822715.8698932813
2025-03-18 14:30:00,2822715.8698932813
2025-03-18 15:00:00,2822715.8698932813
2025-03-18 15:30:00,2822715.8698932813
2025-03-18 16:00:00,2822715.8698932813
2025-03-18 16:30:00,2822715.8698932813
2025-03-18 17:00:00,2822715.8698932813
2025-03-18 17:30:00,2822715.8698932813
2025-03-18 18:00:00,2822715.8698932813
2025-03-19 01:00:00,2822715.8698932813
2025-03-19 01:30:00,2822715.8698932813
2025-03-19 02:00:00,2838935.880700503
2025-03-19 02:30:00,2838935.880700503
2025-03-19 03:00:00,2838935.880700503
2025-03-19 05:00:00,2838935.880700503
2025-03-19 05:30:00,2838935.880700503
2025-03-19 06:00:00,2838414.997740058
2025-03-19 06:30:00,2838414.997740058
2025-03-19 07:00:00,2838414.997740058
2025-03-19 13:00:00,2838414.997740058
2025-03-19 13:30:00,2842987.6625734577
2025-03-19 14:00:00,2842987.6625734577
2025-03-19 14:30:00,2842987.6625734577
2025-03-19 15:00:00,2842987.6625734577
2025-03-19 15:30:00,2842987.6625734577
2025-03-19 16:00:00,2842987.6625734577
2025-03-19 16:30:00,2842987.6625734577
2025-03-19 17:00:00,2842987.6625734577
2025-03-19 17:30:00,2842987.6625734577
2025-03-19 18:00:00,2842987.6625734577
2025-03-20 01:00:00,2842987.6625734577
2025-03-20 01:30:00,2842618.850947212
2025-03-20 02:00:00,2842618.850947212
2025-03-20 02:30:00,2841241.2169705904
2025-03-20 03:00:00,2841241.2169705904
2025-03-20 05:00:00,2841241.2169705904
2025-03-20 05:30:00,2841241.2169705904
2025-03-20 06:00:00,2841241.2169705904
2025-03-20 06:30:00,2842017.678859651
2025-03-20 07:00:00,2842017.678859651
2025-03-20 13:00:00,2841021.7983146184
2025-03-20 13:30:00,2841021.7983146184
2025-03-20 14:00:00,2841308.686011804
2025-03-20 14:30:00,2841308.686011804
2025-03-20 15:00:00,2841308.686011804
2025-03-20 15:30:00,2841308.686011804
2025-03-20 16:00:00,2841308.686011804
2025-03-20 16:30:00,2841308.686011804
2025-03-20 17:00:00,2841308.686011804
2025-03-20 17:30:00,2841308.686011804
2025-03-20 18:00:00,2841308.686011804
2025-03-21 01:00:00,2841308.686011804
2025-03-21 01:30:00,2841308.686011804
2025-03-21 02:00:00,2841308.686011804
2025-03-21 02:30:00,2841308.686011804
2025-03-21 03:00:00,2841308.686011804
2025-03-21 05:00:00,2841308.686011804
2025-03-21 05:30:00,2841308.686011804
2025-03-21 06:00:00,2841307.903113973
2025-03-21 06:30:00,2841307.903113973
2025-03-21 07:00:00,2841307.903113973
2025-03-21 13:00:00,2838745.158350463
2025-03-21 13:30:00,2838745.158350463
2025-03-21 14:00:00,2838745.158350463
2025-03-21 14:30:00,2838745.158350463
2025-03-21 15:00:00,2838745.158350463
2025-03-21 15:30:00,2838745.158350463
2025-03-21 16:00:00,2838745.158350463
2025-03-21 16:30:00,2838745.158350463
2025-03-21 17:00:00,2838745.158350463
2025-03-21 17:30:00,2838745.158350463
2025-03-21 18:00:00,2838745.158350463
2025-03-24 01:00:00,2839423.0878871167
2025-03-24 01:30:00,2839423.0878871167
2025-03-24 02:00:00,2839423.0878871167
2025-03-24 02:30:00,2839423.0878871167
2025-03-24 03:00:00,2839423.0878871167
2025-03-24 05:00:00,2839423.0878871167
2025-03-24 05:30:00,2839423.0878871167
2025-03-24 06:00:00,2839423.0878871167
2025-03-24 06:30:00,2839423.0878871167
2025-03-24 07:00:00,2839423.0878871167
2025-03-24 13:00:00,2839423.0878871167
2025-03-24 13:30:00,2839423.0878871167
2025-03-24 14:00:00,2839423.0878871167
2025-03-24 14:30:00,2839423.0878871167
2025-03-24 15:00:00,2839423.0878871167
2025-03-24 15:30:00,2839423.0878871167
2025-03-24 16:00:00,2839423.0878871167
2025-03-24 16:30:00,2839423.0878871167
2025-03-24 17:00:00,2839423.0878871167
2025-03-24 17:30:00,2839423.0878871167
2025-03-24 18:00:00,2839423.0878871167
2025-03-25 01:00:00,2839423.0878871167
2025-03-25 01:30:00,2840166.2840150916
2025-03-25 02:00:00,2840166.2840150916
2025-03-25 02:30:00,2840166.2840150916
2025-03-25 03:00:00,2840166.2840150916
2025-03-25 05:00:00,2840166.2840150916
2025-03-25 05:30:00,2840166.2840150916
2025-03-25 06:00:00,2840166.2840150916
2025-03-25 06:30:00,2840166.2840150916
2025-03-25 07:00:00,2840166.2840150916
2025-03-25 13:00:00,2840166.2840150916
2025-03-25 13:30:00,2840166.2840150916
2025-03-25 14:00:00,2840166.2840150916
2025-03-25 14:30:00,2840166.2840150916
2025-03-25 15:00:00,2840166.2840150916
2025-03-25 15:30:00,2840166.2840150916
2025-03-25 16:00:00,2840166.2840150916
2025-03-25 16:30:00,2840166.2840150916
2025-03-25 17:00:00,2840166.2840150916
2025-03-25 17:30:00,2840166.2840150916
2025-03-25 18:00:00,2840166.2840150916
2025-03-26 01:00:00,2840166.2840150916
2025-03-26 01:30:00,2840166.2840150916
2025-03-26 02:00:00,2840166.2840150916
2025-03-26 02:30:00,2840166.2840150916
2025-03-26 03:00:00,2840166.2840150916
2025-03-26 05:00:00,2840166.2840150916
2025-03-26 05:30:00,2840166.2840150916
2025-03-26 06:00:00,2840166.2840150916
2025-03-26 06:30:00,2840166.2840150916
2025-03-26 07:00:00,2840166.2840150916
2025-03-26 13:00:00,2840166.2840150916
2025-03-26 13:30:00,2840166.2840150916
2025-03-26 14:00:00,2840166.2840150916
2025-03-26 14:30:00,2840166.2840150916
2025-03-26 15:00:00,2840166.2840150916
2025-03-26 15:30:00,2840166.2840150916
2025-03-26 16:00:00,2840166.2840150916
2025-03-26 16:30:00,2840166.2840150916
2025-03-26 17:00:00,2840166.2840150916
2025-03-26 17:30:00,2840166.2840150916
2025-03-26 18:00:00,2840166.2840150916
2025-03-27 01:00:00,2840166.2840150916
2025-03-27 01:30:00,2839884.4330891506
2025-03-27 02:00:00,2839884.4330891506
2025-03-27 02:30:00,2839884.4330891506
2025-03-27 03:00:00,2840435.4524882194
2025-03-27 05:00:00,2840435.4524882194
2025-03-27 05:30:00,2840435.4524882194
2025-03-27 06:00:00,2840435.4524882194
2025-03-27 06:30:00,2840435.4524882194
2025-03-27 07:00:00,2840435.4524882194
2025-03-27 13:00:00,2840435.4524882194
2025-03-27 13:30:00,2840435.4524882194
2025-03-27 14:00:00,2840110.223498671
2025-03-27 14:30:00,2840110.223498671
2025-03-27 15:00:00,2840110.223498671
2025-03-27 15:30:00,2840110.223498671
2025-03-27 16:00:00,2840110.223498671
2025-03-27 16:30:00,2840110.223498671
2025-03-27 17:00:00,2840110.223498671
2025-03-27 17:30:00,2840110.223498671
2025-03-27 18:00:00,2840110.223498671
2025-03-28 01:00:00,2840110.223498671
2025-03-28 01:30:00,2840110.223498671
2025-03-28 02:00:00,2840110.223498671
2025-03-28 02:30:00,2840110.223498671
2025-03-28 03:00:00,2840110.223498671
2025-03-28 05:00:00,2840110.223498671
2025-03-28 05:30:00,2839615.866357451
2025-03-28 06:00:00,2839615.866357451
2025-03-28 06:30:00,2839615.866357451
2025-03-28 07:00:00,2839615.866357451
2025-03-28 13:00:00,2839615.866357451
2025-03-28 13:30:00,2839615.866357451
2025-03-28 14:00:00,2839615.866357451
2025-03-28 14:30:00,2839615.866357451
2025-03-28 15:00:00,2839615.866357451
2025-03-28 15:30:00,2839615.866357451
2025-03-28 16:00:00,2839615.866357451
2025-03-28 16:30:00,2839615.866357451
2025-03-28 17:00:00,2839615.866357451
2025-03-28 17:30:00,2839615.866357451
2025-03-28 18:00:00,2839615.866357451
2025-03-31 01:00:00,2839615.866357451
2025-03-31 01:30:00,2839213.7708871868
2025-03-31 02:00:00,2839213.7708871868
2025-03-31 02:30:00,2839213.7708871868
2025-03-31 03:00:00,2839213.7708871868
2025-03-31 05:00:00,2839213.7708871868
2025-03-31 05:30:00,2837998.2823535223
2025-03-31 06:00:00,2837745.1958340905
2025-03-31 06:30:00,2837745.1958340905
2025-03-31 07:00:00,2837745.1958340905
2025-03-31 13:00:00,2836459.737424875
2025-03-31 13:30:00,2836459.737424875
2025-03-31 14:00:00,2836459.737424875
2025-03-31 14:30:00,2836459.737424875
2025-03-31 15:00:00,2836459.737424875
2025-03-31 15:30:00,2836459.737424875
2025-03-31 16:00:00,2836459.737424875
2025-03-31 16:30:00,2836459.737424875
2025-03-31 17:00:00,2836459.737424875
2025-03-31 17:30:00,2836459.737424875
2025-03-31 18:00:00,2836459.737424875
2025-04-01 01:00:00,2836459.737424875
2025-04-01 01:30:00,2836459.737424875
2025-04-01 02:00:00,2836459.737424875
2025-04-01 02:30:00,2835718.4505378203
2025-04-01 03:00:00,2834683.0175813423
2025-04-01 05:00:00,2834683.0175813423
2025-04-01 05:30:00,2834683.0175813423
2025-04-01 06:00:00,2834683.0175813423
2025-04-01 06:30:00,2834683.0175813423
2025-04-01 07:00:00,2834683.0175813423
2025-04-01 13:00:00,2834683.0175813423
2025-04-01 13:30:00,2834683.0175813423
2025-04-01 14:00:00,2834683.0175813423
2025-04-01 14:30:00,2834683.0175813423
2025-04-01 15:00:00,2834683.0175813423
2025-04-01 15:30:00,2834683.0175813423
2025-04-01 16:00:00,2844723.877745932
2025-04-01 16:30:00,2844723.877745932
2025-04-01 17:00:00,2844723.877745932
2025-04-01 17:30:00,2844723.877745932
2025-04-01 18:00:00,2844723.877745932
2025-04-02 01:00:00,2844723.877745932
2025-04-02 01:30:00,2844723.877745932
2025-04-02 02:00:00,2844723.877745932
2025-04-02 02:30:00,2844723.877745932
2025-04-02 03:00:00,2844723.877745932
2025-04-02 05:00:00,2844723.877745932
2025-04-02 05:30:00,2844723.877745932
2025-04-02 06:00:00,2844371.6808677083
2025-04-02 06:30:00,2844371.6808677083
2025-04-02 07:00:00,2844371.6808677083
2025-04-02 13:00:00,2844371.6808677083
2025-04-02 13:30:00,2844371.6808677083
2025-04-02 14:00:00,2844371.6808677083
2025-04-02 14:30:00,2844371.6808677083
2025-04-02 15:00:00,2844371.6808677083
2025-04-02 15:30:00,2844371.6808677083
2025-04-02 16:00:00,2844371.6808677083
2025-04-02 16:30:00,2844371.6808677083
2025-04-02 17:00:00,2844371.6808677083
2025-04-02 17:30:00,2844371.6808677083
2025-04-02 18:00:00,2844371.6808677083
2025-04-03 01:00:00,2844371.6808677083
2025-04-03 01:30:00,2833377.922781342
2025-04-03 02:00:00,2832248.5765768653
2025-04-03 02:30:00,2832248.5765768653
2025-04-03 03:00:00,2832248.5765768653
2025-04-03 05:00:00,2832248.5765768653
2025-04-03 05:30:00,2832248.5765768653
2025-04-03 06:00:00,2832248.5765768653
2025-04-03 06:30:00,2832248.5765768653
2025-04-03 07:00:00,2832248.5765768653
2025-04-07 01:00:00,2831949.355185005
2025-04-07 01:30:00,2832988.473204893
2025-04-07 02:00:00,2832988.473204893
2025-04-07 02:30:00,2832988.473204893
2025-04-07 03:00:00,2834715.747474147
2025-04-07 05:00:00,2834715.747474147
2025-04-07 05:30:00,2834715.747474147
2025-04-07 06:00:00,2834715.747474147
2025-04-07 06:30:00,2834715.747474147
2025-04-07 07:00:00,2834715.747474147
2025-04-07 13:00:00,2834715.747474147
2025-04-07 13:30:00,2834715.747474147
2025-04-07 14:00:00,2834715.747474147
2025-04-07 14:30:00,2859166.850548942
2025-04-07 15:00:00,2859166.850548942
2025-04-07 15:30:00,2859166.850548942
2025-04-07 16:00:00,2859166.850548942
2025-04-07 16:30:00,2859166.850548942
2025-04-07 17:00:00,2859166.850548942
2025-04-07 17:30:00,2859166.850548942
2025-04-07 18:00:00,2859166.850548942
2025-04-08 01:00:00,2859166.850548942
2025-04-08 01:30:00,2859166.850548942
2025-04-08 02:00:00,2859166.850548942
2025-04-08 02:30:00,2868327.8950002273
2025-04-08 03:00:00,2868327.8950002273
2025-04-08 05:00:00,2868327.8950002273
2025-04-08 05:30:00,2868327.8950002273
2025-04-08 06:00:00,2868327.8950002273
2025-04-08 06:30:00,2868327.8950002273
2025-04-08 07:00:00,2868327.8950002273
2025-04-08 13:00:00,2868327.8950002273
2025-04-08 13:30:00,2868327.8950002273
2025-04-08 14:00:00,2868327.8950002273
2025-04-08 14:30:00,2868327.8950002273
2025-04-08 15:00:00,2868327.8950002273
2025-04-08 15:30:00,2868327.8950002273
2025-04-08 16:00:00,2868327.8950002273
2025-04-08 16:30:00,2868327.8950002273
2025-04-08 17:00:00,2868327.8950002273
2025-04-08 17:30:00,2868327.8950002273
2025-04-08 18:00:00,2868327.8950002273
2025-04-09 01:00:00,2868327.8950002273
2025-04-09 01:30:00,2868327.8950002273
2025-04-09 02:00:00,2868327.8950002273
2025-04-09 02:30:00,2868327.8950002273
2025-04-09 03:00:00,2868327.8950002273
2025-04-09 05:00:00,2868327.8950002273
2025-04-09 05:30:00,2868327.8950002273
2025-04-09 06:00:00,2868327.8950002273
2025-04-09 06:30:00,2868327.8950002273
2025-04-09 07:00:00,2868327.8950002273
2025-04-09 13:00:00,2868327.8950002273
2025-04-09 13:30:00,2868327.8950002273
2025-04-09 14:00:00,2868327.8950002273
2025-04-09 14:30:00,2868327.8950002273
2025-04-09 15:00:00,2868327.8950002273
2025-04-09 15:30:00,2868327.8950002273
2025-04-09 16:00:00,2868327.8950002273
2025-04-09 16:30:00,2868327.8950002273
2025-04-09 17:00:00,2868327.8950002273
2025-04-09 17:30:00,2868327.8950002273
2025-04-09 18:00:00,2868327.8950002273
2025-04-10 01:00:00,2868327.8950002273
2025-04-10 01:30:00,2870687.8950002273
2025-04-10 02:00:00,2870687.8950002273
2025-04-10 02:30:00,2870687.8950002273
2025-04-10 03:00:00,2870687.8950002273
2025-04-10 05:00:00,2870687.8950002273
2025-04-10 05:30:00,2870687.8950002273
2025-04-10 06:00:00,2870687.8950002273
2025-04-10 06:30:00,2870687.8950002273
2025-04-10 07:00:00,2870687.8950002273
2025-04-10 13:00:00,2870687.8950002273
2025-04-10 13:30:00,2870687.8950002273
2025-04-10 14:00:00,2870687.8950002273
2025-04-10 14:30:00,2870687.8950002273
2025-04-10 15:00:00,2870687.8950002273
2025-04-10 15:30:00,2870687.8950002273
2025-04-10 16:00:00,2870687.8950002273
2025-04-10 16:30:00,2870687.8950002273
2025-04-10 17:00:00,2870687.8950002273
2025-04-10 17:30:00,2870687.8950002273
2025-04-10 18:00:00,2870687.8950002273
2025-04-11 01:00:00,2870687.8950002273
2025-04-11 01:30:00,2870687.8950002273
2025-04-11 02:00:00,2870687.8950002273
2025-04-11 02:30:00,2870687.8950002273
2025-04-11 03:00:00,2870687.8950002273
2025-04-11 05:00:00,2870687.8950002273
2025-04-11 05:30:00,2870687.8950002273
2025-04-11 06:00:00,2870687.8950002273
2025-04-11 06:30:00,2870687.8950002273
2025-04-11 07:00:00,2870687.8950002273
2025-04-11 13:00:00,2870687.8950002273
2025-04-11 13:30:00,2870687.8950002273
2025-04-11 14:00:00,2870687.8950002273
2025-04-11 14:30:00,2870687.8950002273
2025-04-11 15:00:00,2870687.8950002273
2025-04-11 15:30:00,2870687.8950002273
2025-04-11 16:00:00,2870687.8950002273
2025-04-11 16:30:00,2870687.8950002273
2025-04-11 17:00:00,2864452.3312067813
2025-04-11 17:30:00,2864452.3312067813
2025-04-11 18:00:00,2864452.3312067813
2025-04-14 01:00:00,2864452.3312067813
2025-04-14 01:30:00,2864452.3312067813
2025-04-14 02:00:00,2864452.3312067813
2025-04-14 02:30:00,2866489.62327213
2025-04-14 03:00:00,2866489.62327213
2025-04-14 05:00:00,2866489.62327213
2025-04-14 05:30:00,2868902.240168734
2025-04-14 06:00:00,2868902.240168734
2025-04-14 06:30:00,2868902.240168734
2025-04-14 07:00:00,2868902.240168734
2025-04-14 13:00:00,2868902.240168734
2025-04-14 13:30:00,2868902.240168734
2025-04-14 14:00:00,2868902.240168734
2025-04-14 14:30:00,2868902.240168734
2025-04-14 15:00:00,2868902.240168734
2025-04-14 15:30:00,2868902.240168734
2025-04-14 16:00:00,2868902.240168734
2025-04-14 16:30:00,2868902.240168734
2025-04-14 17:00:00,2868902.240168734
2025-04-14 17:30:00,2868902.240168734
2025-04-14 18:00:00,2868902.240168734
2025-04-15 01:00:00,2868902.240168734
2025-04-15 01:30:00,2868902.240168734
2025-04-15 02:00:00,2868902.240168734
2025-04-15 02:30:00,2868902.240168734
2025-04-15 03:00:00,2868902.240168734
2025-04-15 05:00:00,2868902.240168734
2025-04-15 05:30:00,2868841.089293605
2025-04-15 06:00:00,2868747.2867223215
2025-04-15 06:30:00,2868747.2867223215
2025-04-15 07:00:00,2868747.2867223215
2025-04-15 13:00:00,2868747.2867223215
2025-04-15 13:30:00,2868281.9775429373
2025-04-15 14:00:00,2868281.9775429373
2025-04-15 14:30:00,2868281.9775429373
2025-04-15 15:00:00,2868281.9775429373
2025-04-15 15:30:00,2868281.9775429373
2025-04-15 16:00:00,2868281.9775429373
2025-04-15 16:30:00,2868281.9775429373
2025-04-15 17:00:00,2868281.9775429373
2025-04-15 17:30:00,2868281.9775429373
2025-04-15 18:00:00,2868281.9775429373
2025-04-16 01:00:00,2868281.9775429373
2025-04-16 01:30:00,2868929.987979032
2025-04-16 02:00:00,2868929.987979032
2025-04-16 02:30:00,2868929.987979032
2025-04-16 03:00:00,2868929.987979032
2025-04-16 05:00:00,2868929.987979032
2025-04-16 05:30:00,2868521.020016111
2025-04-16 06:00:00,2867972.690658656
2025-04-16 06:30:00,2867972.690658656
2025-04-16 07:00:00,2867972.690658656
2025-04-16 13:00:00,2867972.690658656
2025-04-16 13:30:00,2867972.690658656
2025-04-16 14:00:00,2867972.690658656
2025-04-16 14:30:00,2867972.690658656
2025-04-16 15:00:00,2867972.690658656
2025-04-16 15:30:00,2867972.690658656
2025-04-16 16:00:00,2867972.690658656
2025-04-16 16:30:00,2867972.690658656
2025-04-16 17:00:00,2867972.690658656
2025-04-16 17:30:00,2867972.690658656
2025-04-16 18:00:00,2867972.690658656
2025-04-17 01:00:00,2867972.690658656
2025-04-17 01:30:00,2867972.690658656
2025-04-17 02:00:00,2867972.690658656
2025-04-17 02:30:00,2867972.690658656
2025-04-17 03:00:00,2867972.690658656
2025-04-17 05:00:00,2867972.690658656
2025-04-17 05:30:00,2867972.690658656
2025-04-17 06:00:00,2867972.690658656
2025-04-17 06:30:00,2867935.1097812806
2025-04-17 07:00:00,2867935.1097812806
2025-04-17 13:00:00,2866739.55590826
2025-04-17 13:30:00,2866739.55590826
2025-04-17 14:00:00,2866739.55590826
2025-04-17 14:30:00,2866739.55590826
2025-04-17 15:00:00,2866739.55590826
2025-04-17 15:30:00,2866739.55590826
2025-04-17 16:00:00,2866739.55590826
2025-04-17 16:30:00,2866739.55590826
2025-04-17 17:00:00,2866739.55590826
2025-04-17 17:30:00,2866739.55590826
2025-04-17 18:00:00,2866739.55590826
2025-04-18 01:00:00,2866739.55590826
2025-04-18 01:30:00,2879168.7591196727
2025-04-18 02:00:00,2869623.586123764
2025-04-18 02:30:00,2869623.586123764
2025-04-18 03:00:00,2869623.586123764
2025-04-18 05:00:00,2869623.586123764
2025-04-18 05:30:00,2869623.586123764
2025-04-18 06:00:00,2858599.678514538
2025-04-18 06:30:00,2858599.678514538
2025-04-18 07:00:00,2858599.678514538
2025-04-18 13:00:00,2858599.678514538
2025-04-18 13:30:00,2858599.678514538
2025-04-18 14:00:00,2858599.678514538
2025-04-18 14:30:00,2858599.678514538
2025-04-18 15:00:00,2858599.678514538
2025-04-18 15:30:00,2858599.678514538
2025-04-18 16:00:00,2858599.678514538
2025-04-18 16:30:00,2858599.678514538
2025-04-18 17:00:00,2858599.678514538
2025-04-18 17:30:00,2858599.678514538
2025-04-18 18:00:00,2858599.678514538
2025-04-21 01:00:00,2864352.637632293
2025-04-21 01:30:00,2864591.461539204
2025-04-21 02:00:00,2851671.461539204
2025-04-21 02:30:00,2851671.461539204
2025-04-21 03:00:00,2851671.461539204
2025-04-21 05:00:00,2851671.461539204
2025-04-21 05:30:00,2851671.461539204
2025-04-21 06:00:00,2851671.461539204
2025-04-21 06:30:00,2850510.141926357
2025-04-21 07:00:00,2850510.141926357
2025-04-21 13:00:00,2850510.141926357
2025-04-21 13:30:00,2850510.141926357
2025-04-21 14:00:00,2850510.141926357
2025-04-21 14:30:00,2850510.141926357
2025-04-21 15:00:00,2850170.8734543007
2025-04-21 15:30:00,2850170.8734543007
2025-04-21 16:00:00,2850170.8734543007
2025-04-21 16:30:00,2850170.8734543007
2025-04-21 17:00:00,2850170.8734543007
2025-04-21 17:30:00,2850170.8734543007
2025-04-21 18:00:00,2850170.8734543007
2025-04-22 01:00:00,2850170.8734543007
2025-04-22 01:30:00,2850170.8734543007
2025-04-22 02:00:00,2850170.8734543007
2025-04-22 02:30:00,2849810.3637187397
2025-04-22 03:00:00,2849810.3637187397
2025-04-22 05:00:00,2849810.3637187397
2025-04-22 05:30:00,2849810.3637187397
2025-04-22 06:00:00,2849810.3637187397
2025-04-22 06:30:00,2849810.3637187397
2025-04-22 07:00:00,2849810.3637187397
2025-04-22 13:00:00,2849810.3637187397
2025-04-22 13:30:00,2848616.740140945
2025-04-22 14:00:00,2848616.740140945
2025-04-22 14:30:00,2848616.740140945
2025-04-22 15:00:00,2848616.740140945
2025-04-22 15:30:00,2848616.740140945
2025-04-22 16:00:00,2848616.740140945
2025-04-22 16:30:00,2848616.740140945
2025-04-22 17:00:00,2848616.740140945
2025-04-22 17:30:00,2848616.740140945
2025-04-22 18:00:00,2853105.1200969494
2025-04-23 01:00:00,2853105.1200969494
2025-04-23 01:30:00,2853105.1200969494
2025-04-23 02:00:00,2853105.1200969494
2025-04-23 02:30:00,2853105.1200969494
2025-04-23 03:00:00,2852745.341749374
2025-04-23 05:00:00,2852745.341749374
2025-04-23 05:30:00,2852745.341749374
2025-04-23 06:00:00,2852745.341749374
2025-04-23 06:30:00,2867830.664145939
2025-04-23 07:00:00,2867830.664145939
2025-04-23 13:00:00,2867830.664145939
2025-04-23 13:30:00,2868881.941786841
2025-04-23 14:00:00,2868881.941786841
2025-04-23 14:30:00,2868881.941786841
2025-04-23 15:00:00,2868881.941786841
2025-04-23 15:30:00,2868881.941786841
2025-04-23 16:00:00,2868881.941786841
2025-04-23 16:30:00,2868881.941786841
2025-04-23 17:00:00,2868881.941786841
2025-04-23 17:30:00,2868881.941786841
2025-04-23 18:00:00,2868881.941786841
2025-04-24 01:00:00,2868881.941786841
2025-04-24 01:30:00,2870121.9989983146
2025-04-24 02:00:00,2870486.737718246
2025-04-24 02:30:00,2870486.737718246
2025-04-24 03:00:00,2869819.207260902
2025-04-24 05:00:00,2869819.207260902
2025-04-24 05:30:00,2869221.6094802613
2025-04-24 06:00:00,2869221.6094802613
2025-04-24 06:30:00,2869221.6094802613
2025-04-24 07:00:00,2869221.6094802613
2025-04-24 13:00:00,2868477.2170801056
2025-04-24 13:30:00,2868477.2170801056
2025-04-24 14:00:00,2868477.2170801056
2025-04-24 14:30:00,2867717.2170801056
2025-04-24 15:00:00,2867717.2170801056
2025-04-24 15:30:00,2867717.2170801056
2025-04-24 16:00:00,2867717.2170801056
2025-04-24 16:30:00,2867717.2170801056
2025-04-24 17:00:00,2867717.2170801056
2025-04-24 17:30:00,2867717.2170801056
2025-04-24 18:00:00,2867717.2170801056
2025-04-25 01:00:00,2867717.2170801056
2025-04-25 01:30:00,2867717.2170801056
2025-04-25 02:00:00,2868096.9577119783
2025-04-25 02:30:00,2868096.9577119783
2025-04-25 03:00:00,2868096.9577119783
2025-04-25 05:00:00,2868096.9577119783
2025-04-25 05:30:00,2868783.642608155
2025-04-25 06:00:00,2868783.642608155
2025-04-25 06:30:00,2868783.642608155
2025-04-25 07:00:00,2868783.642608155
2025-04-25 13:00:00,2868783.642608155
2025-04-25 13:30:00,2860669.012660659
2025-04-25 14:00:00,2860669.012660659
2025-04-25 14:30:00,2860669.012660659
2025-04-25 15:00:00,2860669.012660659
2025-04-25 15:30:00,2860669.012660659
2025-04-25 16:00:00,2860669.012660659
2025-04-25 16:30:00,2860669.012660659
2025-04-25 17:00:00,2860669.012660659
2025-04-25 17:30:00,2860669.012660659
2025-04-25 18:00:00,2860294.879702157
2025-04-28 01:00:00,2860294.879702157
2025-04-28 01:30:00,2859834.0331649743
2025-04-28 02:00:00,2859834.0331649743
2025-04-28 02:30:00,2859834.0331649743
2025-04-28 03:00:00,2859834.0331649743
2025-04-28 05:00:00,2859834.0331649743
2025-04-28 05:30:00,2859834.0331649743
2025-04-28 06:00:00,2859834.0331649743
2025-04-28 06:30:00,2859834.0331649743
2025-04-28 07:00:00,2859834.0331649743
2025-04-28 13:00:00,2859834.0331649743
2025-04-28 13:30:00,2860280.8554191
2025-04-28 14:00:00,2860114.5933878403
2025-04-28 14:30:00,2860114.5933878403
2025-04-28 15:00:00,2860114.5933878403
2025-04-28 15:30:00,2860114.5933878403
2025-04-28 16:00:00,2860114.5933878403
2025-04-28 16:30:00,2860114.5933878403
2025-04-28 17:00:00,2860114.5933878403
2025-04-28 17:30:00,2860114.5933878403
2025-04-28 18:00:00,2860114.5933878403
2025-04-29 01:00:00,2860114.5933878403
2025-04-29 01:30:00,2859227.312728776
2025-04-29 02:00:00,2852493.241479288
2025-04-29 02:30:00,2852493.241479288
2025-04-29 03:00:00,2852493.241479288
2025-04-29 05:00:00,2852493.241479288
2025-04-29 05:30:00,2852493.241479288
2025-04-29 06:00:00,2852493.241479288
2025-04-29 06:30:00,2852493.241479288
2025-04-29 07:00:00,2852493.241479288
2025-04-29 13:00:00,2852493.241479288
2025-04-29 13:30:00,2852493.241479288
2025-04-29 14:00:00,2852493.241479288
2025-04-29 14:30:00,2852493.241479288
2025-04-29 15:00:00,2852493.241479288
2025-04-29 15:30:00,2852493.241479288
2025-04-29 16:00:00,2852493.241479288
2025-04-29 16:30:00,2852493.241479288
2025-04-29 17:00:00,2852493.241479288
2025-04-29 17:30:00,2852493.241479288
2025-04-29 18:00:00,2852493.241479288
2025-04-30 01:00:00,2852493.241479288
2025-04-30 01:30:00,2856296.4407966575
2025-04-30 02:00:00,2856296.4407966575
2025-04-30 02:30:00,2856296.4407966575
2025-04-30 03:00:00,2855195.239139351
2025-04-30 05:00:00,2855195.239139351
2025-04-30 05:30:00,2855195.239139351
2025-04-30 06:00:00,2855195.239139351
2025-04-30 06:30:00,2855195.239139351
2025-04-30 07:00:00,2855195.239139351
2025-05-06 01:00:00,2855261.388470011
2025-05-06 01:30:00,2854541.388470011
2025-05-06 02:00:00,2854541.388470011
2025-05-06 02:30:00,2855265.0211161496
2025-05-06 03:00:00,2856170.689914122
2025-05-06 05:00:00,2856170.689914122
2025-05-06 05:30:00,2856170.689914122
2025-05-06 06:00:00,2856170.689914122
2025-05-06 06:30:00,2856170.689914122
2025-05-06 07:00:00,2856170.689914122
2025-05-06 13:00:00,2856029.5926628327
2025-05-06 13:30:00,2885660.5556144076
2025-05-06 14:00:00,2885660.5556144076
2025-05-06 14:30:00,2885660.5556144076
2025-05-06 15:00:00,2885660.5556144076
2025-05-06 15:30:00,2885660.5556144076
2025-05-06 16:00:00,2885660.5556144076
2025-05-06 16:30:00,2884915.1391857746
2025-05-06 17:00:00,2884915.1391857746
2025-05-06 17:30:00,2884915.1391857746
2025-05-06 18:00:00,2884915.1391857746
2025-05-07 01:00:00,2884915.1391857746
2025-05-07 01:30:00,2884915.1391857746
2025-05-07 02:00:00,2884453.6547257183
2025-05-07 02:30:00,2884737.73425313
2025-05-07 03:00:00,2884292.365588898
2025-05-07 05:00:00,2884292.365588898
2025-05-07 05:30:00,2884292.365588898
2025-05-07 06:00:00,2884931.325456711
2025-05-07 06:30:00,2884931.325456711
2025-05-07 07:00:00,2884931.325456711
2025-05-07 13:00:00,2884931.325456711
2025-05-07 13:30:00,2884305.224669707
2025-05-07 14:00:00,2884305.224669707
2025-05-07 14:30:00,2884305.224669707
2025-05-07 15:00:00,2884305.224669707
2025-05-07 15:30:00,2884305.224669707
2025-05-07 16:00:00,2884305.224669707
2025-05-07 16:30:00,2884305.224669707
2025-05-07 17:00:00,2884305.224669707
2025-05-07 17:30:00,2884305.224669707
2025-05-07 18:00:00,2884305.224669707
2025-05-08 01:00:00,2883755.5209106216
2025-05-08 01:30:00,2883755.5209106216
2025-05-08 02:00:00,2883654.8359367005
2025-05-08 02:30:00,2883019.057593272
2025-05-08 03:00:00,2883019.057593272
2025-05-08 05:00:00,2883019.057593272
2025-05-08 05:30:00,2883019.057593272
2025-05-08 06:00:00,2882611.9188971464
2025-05-08 06:30:00,2882611.9188971464
2025-05-08 07:00:00,2882611.9188971464
2025-05-08 13:00:00,2882611.9188971464
2025-05-08 13:30:00,2882611.9188971464
2025-05-08 14:00:00,2882611.9188971464
2025-05-08 14:30:00,2882611.9188971464
2025-05-08 15:00:00,2882611.9188971464
2025-05-08 15:30:00,2882611.9188971464
2025-05-08 16:00:00,2882611.9188971464
2025-05-08 16:30:00,2882611.9188971464
2025-05-08 17:00:00,2882611.9188971464
2025-05-08 17:30:00,2882611.9188971464
2025-05-08 18:00:00,2882611.9188971464
2025-05-09 01:00:00,2882611.9188971464
2025-05-09 01:30:00,2882611.9188971464
2025-05-09 02:00:00,2882611.9188971464
2025-05-09 02:30:00,2882611.9188971464
2025-05-09 03:00:00,2882611.9188971464
2025-05-09 05:00:00,2882611.9188971464
2025-05-09 05:30:00,2882294.1786109796
2025-05-09 06:00:00,2882294.1786109796
2025-05-09 06:30:00,2882294.1786109796
2025-05-09 07:00:00,2882294.1786109796
2025-05-09 13:00:00,2882294.1786109796
2025-05-09 13:30:00,2882294.1786109796
2025-05-09 14:00:00,2882294.1786109796
2025-05-09 14:30:00,2882294.1786109796
2025-05-09 15:00:00,2880718.1452593165
2025-05-09 15:30:00,2880718.1452593165
2025-05-09 16:00:00,2880718.1452593165
2025-05-09 16:30:00,2880718.1452593165
2025-05-09 17:00:00,2880718.1452593165
2025-05-09 17:30:00,2880718.1452593165
2025-05-09 18:00:00,2880718.1452593165
2025-05-12 01:00:00,2880718.1452593165
2025-05-12 01:30:00,2880718.1452593165
2025-05-12 02:00:00,2880718.1452593165
2025-05-12 02:30:00,2880718.1452593165
2025-05-12 03:00:00,2880718.1452593165
2025-05-12 05:00:00,2880718.1452593165
2025-05-12 05:30:00,2880718.1452593165
2025-05-12 06:00:00,2880718.1452593165
2025-05-12 06:30:00,2880718.1452593165
2025-05-12 07:00:00,2880718.1452593165
2025-05-12 13:00:00,2880718.1452593165
2025-05-12 13:30:00,2880718.1452593165
2025-05-12 14:00:00,2880718.1452593165
2025-05-12 14:30:00,2880718.1452593165
2025-05-12 15:00:00,2880718.1452593165
2025-05-12 15:30:00,2880718.1452593165
2025-05-12 16:00:00,2880718.1452593165
2025-05-12 16:30:00,2880718.1452593165
2025-05-12 17:00:00,2880718.1452593165
2025-05-12 17:30:00,2880718.1452593165
2025-05-12 18:00:00,2880718.1452593165
2025-05-13 01:00:00,2880718.1452593165
2025-05-13 01:30:00,2887137.419313426
2025-05-13 02:00:00,2887137.419313426
2025-05-13 02:30:00,2887137.419313426
2025-05-13 03:00:00,2887137.419313426
2025-05-13 05:00:00,2887137.419313426
2025-05-13 05:30:00,2887137.419313426
2025-05-13 06:00:00,2886564.6122695426
2025-05-13 06:30:00,2886564.6122695426
2025-05-13 07:00:00,2886564.6122695426
2025-05-13 13:00:00,2886564.6122695426
2025-05-13 13:30:00,2887219.6770720086
2025-05-13 14:00:00,2887219.6770720086
2025-05-13 14:30:00,2887219.6770720086
2025-05-13 15:00:00,2887219.6770720086
2025-05-13 15:30:00,2887219.6770720086
2025-05-13 16:00:00,2887219.6770720086
2025-05-13 16:30:00,2887219.6770720086
2025-05-13 17:00:00,2887219.6770720086
2025-05-13 17:30:00,2887219.6770720086
2025-05-13 18:00:00,2887219.6770720086
2025-05-14 01:00:00,2887219.6770720086
2025-05-14 01:30:00,2887219.6770720086
2025-05-14 02:00:00,2887219.6770720086
2025-05-14 02:30:00,2887219.6770720086
2025-05-14 03:00:00,2887219.6770720086
2025-05-14 05:00:00,2887219.6770720086
2025-05-14 05:30:00,2887219.6770720086
2025-05-14 06:00:00,2887219.6770720086
2025-05-14 06:30:00,2887219.6770720086
2025-05-14 07:00:00,2887219.6770720086
2025-05-14 13:00:00,2887219.6770720086
2025-05-14 13:30:00,2886747.338251487
2025-05-14 14:00:00,2886747.338251487
2025-05-14 14:30:00,2886747.338251487
2025-05-14 15:00:00,2886747.338251487
2025-05-14 15:30:00,2886747.338251487
2025-05-14 16:00:00,2886747.338251487
2025-05-14 16:30:00,2886747.338251487
2025-05-14 17:00:00,2886747.338251487
2025-05-14 17:30:00,2886747.338251487
2025-05-14 18:00:00,2886747.338251487
2025-05-15 01:00:00,2886747.338251487
2025-05-15 01:30:00,2886747.338251487
2025-05-15 02:00:00,2886747.338251487
2025-05-15 02:30:00,2886747.338251487
2025-05-15 03:00:00,2886747.338251487
2025-05-15 05:00:00,2886747.338251487
2025-05-15 05:30:00,2886747.338251487
2025-05-15 06:00:00,2886747.338251487
2025-05-15 06:30:00,2886747.338251487
2025-05-15 07:00:00,2886747.338251487
2025-05-15 13:00:00,2886747.338251487
2025-05-15 13:30:00,2886148.5815254455
2025-05-15 14:00:00,2886148.5815254455
2025-05-15 14:30:00,2886148.5815254455
2025-05-15 15:00:00,2886148.5815254455
2025-05-15 15:30:00,2886148.5815254455
2025-05-15 16:00:00,2886148.5815254455
2025-05-15 16:30:00,2886148.5815254455
2025-05-15 17:00:00,2886148.5815254455
2025-05-15 17:30:00,2886148.5815254455
2025-05-15 18:00:00,2886148.5815254455
2025-05-16 01:00:00,2886148.5815254455
2025-05-16 01:30:00,2886018.636168184
2025-05-16 02:00:00,2886018.636168184
2025-05-16 02:30:00,2886018.636168184
2025-05-16 03:00:00,2886018.636168184
2025-05-16 05:00:00,2886018.636168184
2025-05-16 05:30:00,2885552.489923529
2025-05-16 06:00:00,2885552.489923529
2025-05-16 06:30:00,2885552.489923529
2025-05-16 07:00:00,2885552.489923529
2025-05-16 13:00:00,2885552.489923529
2025-05-16 13:30:00,2886677.455355087
2025-05-16 14:00:00,2886677.455355087
2025-05-16 14:30:00,2886342.429063542
2025-05-16 15:00:00,2886342.429063542
2025-05-16 15:30:00,2886342.429063542
2025-05-16 16:00:00,2886342.429063542
2025-05-16 16:30:00,2886342.429063542
2025-05-16 17:00:00,2886342.429063542
2025-05-16 17:30:00,2886342.429063542
2025-05-16 18:00:00,2886342.429063542
2025-05-19 01:00:00,2886342.429063542
2025-05-19 01:30:00,2885026.119778294
2025-05-19 02:00:00,2885026.119778294
2025-05-19 02:30:00,2885026.119778294
2025-05-19 03:00:00,2886613.508223071
2025-05-19 05:00:00,2886613.508223071
2025-05-19 05:30:00,2886062.872638567
2025-05-19 06:00:00,2886062.872638567
2025-05-19 06:30:00,2886062.872638567
2025-05-19 07:00:00,2886062.872638567
2025-05-19 13:00:00,2885950.3384899334
2025-05-19 13:30:00,2885950.3384899334
2025-05-19 14:00:00,2885950.3384899334
2025-05-19 14:30:00,2885950.3384899334
2025-05-19 15:00:00,2885950.3384899334
2025-05-19 15:30:00,2885950.3384899334
2025-05-19 16:00:00,2885950.3384899334
2025-05-19 16:30:00,2885950.3384899334
2025-05-19 17:00:00,2885950.3384899334
2025-05-19 17:30:00,2885950.3384899334
2025-05-19 18:00:00,2885950.3384899334
2025-05-20 01:00:00,2885950.3384899334
2025-05-20 01:30:00,2885950.3384899334
2025-05-20 02:00:00,2885950.3384899334
2025-05-20 02:30:00,2885950.3384899334
2025-05-20 03:00:00,2885950.3384899334
2025-05-20 05:00:00,2885950.3384899334
2025-05-20 05:30:00,2885950.3384899334
2025-05-20 06:00:00,2885950.3384899334
2025-05-20 06:30:00,2885950.3384899334
2025-05-20 07:00:00,2885950.3384899334
2025-05-20 13:00:00,2885950.3384899334
2025-05-20 13:30:00,2886549.630896797
2025-05-20 14:00:00,2885533.812485245
2025-05-20 14:30:00,2885533.812485245
2025-05-20 15:00:00,2885533.812485245
2025-05-20 15:30:00,2885533.812485245
2025-05-20 16:00:00,2885533.812485245
2025-05-20 16:30:00,2882790.224353237
2025-05-20 17:00:00,2882790.224353237
2025-05-20 17:30:00,2882790.224353237
2025-05-20 18:00:00,2882711.0590761486
2025-05-21 01:00:00,2882711.0590761486
2025-05-21 01:30:00,2888758.417900714
2025-05-21 02:00:00,2888758.417900714
2025-05-21 02:30:00,2888758.417900714
2025-05-21 03:00:00,2888758.417900714
2025-05-21 05:00:00,2888758.417900714
2025-05-21 05:30:00,2888758.417900714
2025-05-21 06:00:00,2888758.417900714
2025-05-21 06:30:00,2888758.417900714
2025-05-21 07:00:00,2888758.417900714
2025-05-21 13:00:00,2888758.417900714
2025-05-21 13:30:00,2888758.417900714
2025-05-21 14:00:00,2888758.417900714
2025-05-21 14:30:00,2888758.417900714
2025-05-21 15:00:00,2888758.417900714
2025-05-21 15:30:00,2888758.417900714
2025-05-21 16:00:00,2888758.417900714
2025-05-21 16:30:00,2888758.417900714
2025-05-21 17:00:00,2888758.417900714
2025-05-21 17:30:00,2888758.417900714
2025-05-21 18:00:00,2888758.417900714
2025-05-22 01:00:00,2888758.417900714
2025-05-22 01:30:00,2888758.417900714
2025-05-22 02:00:00,2888758.417900714
2025-05-22 02:30:00,2888758.417900714
2025-05-22 03:00:00,2888758.417900714
2025-05-22 05:00:00,2888758.417900714
2025-05-22 05:30:00,2891615.1557040857
2025-05-22 06:00:00,2891615.1557040857
2025-05-22 06:30:00,2891615.1557040857
2025-05-22 07:00:00,2891615.1557040857
2025-05-22 13:00:00,2891858.388987548
2025-05-22 13:30:00,2891858.388987548
2025-05-22 14:00:00,2891858.388987548
2025-05-22 14:30:00,2891858.388987548
2025-05-22 15:00:00,2891858.388987548
2025-05-22 15:30:00,2891858.388987548
2025-05-22 16:00:00,2891858.388987548
2025-05-22 16:30:00,2891858.388987548
2025-05-22 17:00:00,2891858.388987548
2025-05-22 17:30:00,2891858.388987548
2025-05-22 18:00:00,2891858.388987548
2025-05-23 01:00:00,2891858.388987548
2025-05-23 01:30:00,2891858.388987548
2025-05-23 02:00:00,2892074.1710720453
2025-05-23 02:30:00,2892074.1710720453
2025-05-23 03:00:00,2892074.1710720453
2025-05-23 05:00:00,2892074.1710720453
2025-05-23 05:30:00,2892074.1710720453
2025-05-23 06:00:00,2892074.1710720453
2025-05-23 06:30:00,2892074.1710720453
2025-05-23 07:00:00,2892074.1710720453
2025-05-23 13:00:00,2892074.1710720453
2025-05-23 13:30:00,2892548.9479786498
2025-05-23 14:00:00,2892548.9479786498
2025-05-23 14:30:00,2892548.9479786498
2025-05-23 15:00:00,2892548.9479786498
2025-05-23 15:30:00,2892548.9479786498
2025-05-23 16:00:00,2892548.9479786498
2025-05-23 16:30:00,2892548.9479786498
2025-05-23 17:00:00,2892548.9479786498
2025-05-23 17:30:00,2892548.9479786498
2025-05-23 18:00:00,2892548.9479786498
2025-05-26 01:00:00,2892548.9479786498
2025-05-26 01:30:00,2891936.9542193064
2025-05-26 02:00:00,2891936.9542193064
2025-05-26 02:30:00,2891936.9542193064
2025-05-26 03:00:00,2892329.829656166
2025-05-26 05:00:00,2892329.829656166
2025-05-26 05:30:00,2892329.829656166
2025-05-26 06:00:00,2891056.060463302
2025-05-26 06:30:00,2891056.060463302
2025-05-26 07:00:00,2891056.060463302
2025-05-26 13:00:00,2891056.060463302
2025-05-26 13:30:00,2891056.060463302
2025-05-26 14:00:00,2891056.060463302
2025-05-26 14:30:00,2891056.060463302
2025-05-26 15:00:00,2891056.060463302
2025-05-26 15:30:00,2891056.060463302
2025-05-26 16:00:00,2891056.060463302
2025-05-26 16:30:00,2891056.060463302
2025-05-26 17:00:00,2891056.060463302
2025-05-26 17:30:00,2891056.060463302
2025-05-26 18:00:00,2891056.060463302
2025-05-27 01:00:00,2891056.060463302
2025-05-27 01:30:00,2892630.0717096883
2025-05-27 02:00:00,2892630.0717096883
2025-05-27 02:30:00,2892630.0717096883
2025-05-27 03:00:00,2892630.0717096883
2025-05-27 05:00:00,2892630.0717096883
2025-05-27 05:30:00,2892630.0717096883
2025-05-27 06:00:00,2892630.0717096883
2025-05-27 06:30:00,2892630.0717096883
2025-05-27 07:00:00,2892630.0717096883
2025-05-27 13:00:00,2892630.0717096883
2025-05-27 13:30:00,2892137.0518024545
2025-05-27 14:00:00,2892137.0518024545
2025-05-27 14:30:00,2892137.0518024545
2025-05-27 15:00:00,2892137.0518024545
2025-05-27 15:30:00,2892137.0518024545
2025-05-27 16:00:00,2892137.0518024545
2025-05-27 16:30:00,2892137.0518024545
2025-05-27 17:00:00,2892137.0518024545
2025-05-27 17:30:00,2892137.0518024545
2025-05-27 18:00:00,2892137.0518024545
2025-05-28 01:00:00,2892137.0518024545
2025-05-28 01:30:00,2892137.0518024545
2025-05-28 02:00:00,2892137.0518024545
2025-05-28 02:30:00,2892137.0518024545
2025-05-28 03:00:00,2892137.0518024545
2025-05-28 05:00:00,2892137.0518024545
2025-05-28 05:30:00,2892137.0518024545
2025-05-28 06:00:00,2892137.0518024545
2025-05-28 06:30:00,2892137.0518024545
2025-05-28 07:00:00,2892137.0518024545
2025-05-28 13:00:00,2892137.0518024545
2025-05-28 13:30:00,2892137.0518024545
2025-05-28 14:00:00,2892137.0518024545
2025-05-28 14:30:00,2892137.0518024545
2025-05-28 15:00:00,2892137.0518024545
2025-05-28 15:30:00,2892137.0518024545
2025-05-28 16:00:00,2892137.0518024545
2025-05-28 16:30:00,2892137.0518024545
2025-05-28 17:00:00,2891859.5061127786
2025-05-28 17:30:00,2891859.5061127786
2025-05-28 18:00:00,2891859.5061127786
2025-05-29 01:00:00,2890840.9530618833
2025-05-29 01:30:00,2890840.9530618833
2025-05-29 02:00:00,2899741.3818395454
2025-05-29 02:30:00,2899741.3818395454
2025-05-29 03:00:00,2899741.3818395454
2025-05-29 05:00:00,2899741.3818395454
2025-05-29 05:30:00,2899741.3818395454
2025-05-29 06:00:00,2899741.3818395454
2025-05-29 06:30:00,2899741.3818395454
2025-05-29 07:00:00,2899741.3818395454
2025-05-29 13:00:00,2899741.3818395454
2025-05-29 13:30:00,2899741.3818395454
2025-05-29 14:00:00,2899741.3818395454
2025-05-29 14:30:00,2899741.3818395454
2025-05-29 15:00:00,2899741.3818395454
2025-05-29 15:30:00,2899741.3818395454
2025-05-29 16:00:00,2899741.3818395454
2025-05-29 16:30:00,2899741.3818395454
2025-05-29 17:00:00,2899741.3818395454
2025-05-29 17:30:00,2899741.3818395454
2025-05-29 18:00:00,2899741.3818395454
2025-05-30 01:00:00,2898591.035413074
2025-05-30 01:30:00,2898431.3581296573
2025-05-30 02:00:00,2898428.6460575587
2025-05-30 02:30:00,2898428.6460575587
2025-05-30 03:00:00,2898044.349877121
2025-05-30 05:00:00,2893696.900542451
2025-05-30 05:30:00,2893696.900542451
2025-05-30 06:00:00,2893696.900542451
2025-05-30 06:30:00,2893252.8833950097
2025-05-30 07:00:00,2893252.8833950097
2025-06-03 01:00:00,2893252.8833950097
2025-06-03 01:30:00,2884912.8833950097
2025-06-03 02:00:00,2884912.8833950097
2025-06-03 02:30:00,2884912.8833950097
2025-06-03 03:00:00,2883656.8610341363
2025-06-03 05:00:00,2883656.8610341363
2025-06-03 05:30:00,2883656.8610341363
2025-06-03 06:00:00,2878785.768226574
2025-06-03 06:30:00,2878785.768226574
2025-06-03 07:00:00,2878785.768226574
2025-06-03 13:00:00,2878785.768226574
2025-06-03 13:30:00,2877816.5230451263
2025-06-03 14:00:00,2877816.5230451263
2025-06-03 14:30:00,2877816.5230451263
2025-06-03 15:00:00,2877816.5230451263
2025-06-03 15:30:00,2877816.5230451263
2025-06-03 16:00:00,2877816.5230451263
2025-06-03 16:30:00,2877816.5230451263
2025-06-03 17:00:00,2877816.5230451263
2025-06-03 17:30:00,2877816.5230451263
2025-06-03 18:00:00,2877816.5230451263
2025-06-04 01:00:00,2877816.5230451263
2025-06-04 01:30:00,2877816.5230451263
2025-06-04 02:00:00,2878959.5042947996
2025-06-04 02:30:00,2878848.732843711
2025-06-04 03:00:00,2878848.732843711
2025-06-04 05:00:00,2878848.732843711
2025-06-04 05:30:00,2877400.6914765183
2025-06-04 06:00:00,2877400.6914765183
2025-06-04 06:30:00,2876367.305560002
2025-06-04 07:00:00,2876367.305560002
2025-06-04 13:00:00,2876367.305560002
2025-06-04 13:30:00,2876367.305560002
2025-06-04 14:00:00,2876367.305560002
2025-06-04 14:30:00,2877461.847331707
2025-06-04 15:00:00,2877461.847331707
2025-06-04 15:30:00,2877461.847331707
2025-06-04 16:00:00,2877461.847331707
2025-06-04 16:30:00,2877461.847331707
2025-06-04 17:00:00,2877461.847331707
2025-06-04 17:30:00,2877461.847331707
2025-06-04 18:00:00,2877461.847331707
2025-06-05 01:00:00,2877461.847331707
2025-06-05 01:30:00,2877461.847331707
2025-06-05 02:00:00,2877461.847331707
2025-06-05 02:30:00,2877461.847331707
2025-06-05 03:00:00,2877461.847331707
2025-06-05 05:00:00,2877461.847331707
2025-06-05 05:30:00,2877461.847331707
2025-06-05 06:00:00,2877461.847331707
2025-06-05 06:30:00,2877461.847331707
2025-06-05 07:00:00,2877461.847331707
2025-06-05 13:00:00,2877461.847331707
2025-06-05 13:30:00,2874109.0474244077
2025-06-05 14:00:00,2874109.0474244077
2025-06-05 14:30:00,2874109.0474244077
2025-06-05 15:00:00,2874109.0474244077
2025-06-05 15:30:00,2874109.0474244077
2025-06-05 16:00:00,2874109.0474244077
2025-06-05 16:30:00,2874109.0474244077
2025-06-05 17:00:00,2874109.0474244077
2025-06-05 17:30:00,2874109.0474244077
2025-06-05 18:00:00,2874109.0474244077
2025-06-06 01:00:00,2874109.0474244077
2025-06-06 01:30:00,2874109.0474244077
2025-06-06 02:00:00,2874109.0474244077
2025-06-06 02:30:00,2874109.0474244077
2025-06-06 03:00:00,2874109.0474244077
2025-06-06 05:00:00,2874109.0474244077
2025-06-06 05:30:00,2874246.207803623
2025-06-06 06:00:00,2873447.491712108
2025-06-06 06:30:00,2873447.491712108
2025-06-06 07:00:00,2873447.491712108
2025-06-06 13:00:00,2873447.491712108
2025-06-06 13:30:00,2873133.6085835947
2025-06-06 14:00:00,2872982.1819568006
2025-06-06 14:30:00,2872982.1819568006
2025-06-06 15:00:00,2872982.1819568006
2025-06-06 15:30:00,2872982.1819568006
2025-06-06 16:00:00,2872982.1819568006
2025-06-06 16:30:00,2872982.1819568006
2025-06-06 17:00:00,2872982.1819568006
2025-06-06 17:30:00,2872982.1819568006
2025-06-06 18:00:00,2872982.1819568006
2025-06-09 01:00:00,2873794.774853769
2025-06-09 01:30:00,2873794.774853769
2025-06-09 02:00:00,2873794.774853769
2025-06-09 02:30:00,2873794.774853769
2025-06-09 03:00:00,2873794.774853769
2025-06-09 05:00:00,2873794.774853769
2025-06-09 05:30:00,2873794.774853769
2025-06-09 06:00:00,2873794.774853769
2025-06-09 06:30:00,2873794.774853769
2025-06-09 07:00:00,2873794.774853769
2025-06-09 13:00:00,2873794.774853769
2025-06-09 13:30:00,2875094.029456543
2025-06-09 14:00:00,2875094.029456543
2025-06-09 14:30:00,2875094.029456543
2025-06-09 15:00:00,2875094.029456543
2025-06-09 15:30:00,2875094.029456543
2025-06-09 16:00:00,2875094.029456543
2025-06-09 16:30:00,2875094.029456543
2025-06-09 17:00:00,2875094.029456543
2025-06-09 17:30:00,2875094.029456543
2025-06-09 18:00:00,2875094.029456543
2025-06-10 01:00:00,2875094.029456543
2025-06-10 01:30:00,2875161.794995473
2025-06-10 02:00:00,2874291.2162260516
2025-06-10 02:30:00,2874291.2162260516
2025-06-10 03:00:00,2873747.2523448556
2025-06-10 05:00:00,2873747.2523448556
2025-06-10 05:30:00,2873747.2523448556
2025-06-10 06:00:00,2873747.2523448556
2025-06-10 06:30:00,2873747.2523448556
2025-06-10 07:00:00,2873747.2523448556
2025-06-10 13:00:00,2873747.2523448556
2025-06-10 13:30:00,2873747.2523448556
2025-06-10 14:00:00,2873747.2523448556
2025-06-10 14:30:00,2873747.2523448556
2025-06-10 15:00:00,2873747.2523448556
2025-06-10 15:30:00,2873747.2523448556
2025-06-10 16:00:00,2873747.2523448556
2025-06-10 16:30:00,2873747.2523448556
2025-06-10 17:00:00,2873747.2523448556
2025-06-10 17:30:00,2873747.2523448556
2025-06-10 18:00:00,2873747.2523448556
2025-06-11 01:00:00,2873747.2523448556
2025-06-11 01:30:00,2873747.2523448556
2025-06-11 02:00:00,2870017.1590571124
2025-06-11 02:30:00,2870017.1590571124
2025-06-11 03:00:00,2870017.1590571124
2025-06-11 05:00:00,2870017.1590571124
2025-06-11 05:30:00,2870093.2615925428
2025-06-11 06:00:00,2868887.914676013
2025-06-11 06:30:00,2868887.914676013
2025-06-11 07:00:00,2868887.914676013
2025-06-11 13:00:00,2868887.914676013
2025-06-11 13:30:00,2868887.914676013
2025-06-11 14:00:00,2868887.914676013
2025-06-11 14:30:00,2868887.914676013
2025-06-11 15:00:00,2868887.914676013
2025-06-11 15:30:00,2868887.914676013
2025-06-11 16:00:00,2868887.914676013
2025-06-11 16:30:00,2868887.914676013
2025-06-11 17:00:00,2868887.914676013
2025-06-11 17:30:00,2868887.914676013
2025-06-11 18:00:00,2868887.914676013
2025-06-12 01:00:00,2868887.914676013
2025-06-12 01:30:00,2868887.914676013
2025-06-12 02:00:00,2854607.914676013
2025-06-12 02:30:00,2854607.914676013
2025-06-12 03:00:00,2854607.914676013
2025-06-12 05:00:00,2854607.914676013
2025-06-12 05:30:00,2854607.914676013
2025-06-12 06:00:00,2854286.856115861
2025-06-12 06:30:00,2854286.856115861
2025-06-12 07:00:00,2854286.856115861
2025-06-12 13:00:00,2854286.856115861
2025-06-12 13:30:00,2854286.856115861
2025-06-12 14:00:00,2854286.856115861
2025-06-12 14:30:00,2854286.856115861
2025-06-12 15:00:00,2854286.856115861
2025-06-12 15:30:00,2854286.856115861
2025-06-12 16:00:00,2854286.856115861
2025-06-12 16:30:00,2854286.856115861
2025-06-12 17:00:00,2854286.856115861
2025-06-12 17:30:00,2854286.856115861
2025-06-12 18:00:00,2854286.856115861
2025-06-13 01:00:00,2854286.856115861
2025-06-13 01:30:00,2856891.141251184
2025-06-13 02:00:00,2856891.141251184
2025-06-13 02:30:00,2856891.141251184
2025-06-13 03:00:00,2856891.141251184
2025-06-13 05:00:00,2856891.141251184
2025-06-13 05:30:00,2856891.141251184
2025-06-13 06:00:00,2857543.6024463046
2025-06-13 06:30:00,2857543.6024463046
2025-06-13 07:00:00,2857543.6024463046
2025-06-13 13:00:00,2858334.1239374005
2025-06-13 13:30:00,2858334.1239374005
2025-06-13 14:00:00,2858334.1239374005
2025-06-13 14:30:00,2858334.1239374005
2025-06-13 15:00:00,2858334.1239374005
2025-06-13 15:30:00,2858334.1239374005
2025-06-13 16:00:00,2858334.1239374005
2025-06-13 16:30:00,2858334.1239374005
2025-06-13 17:00:00,2858334.1239374005
2025-06-13 17:30:00,2858334.1239374005
2025-06-13 18:00:00,2858334.1239374005
2025-06-16 01:00:00,2858334.1239374005
2025-06-16 01:30:00,2858334.1239374005
2025-06-16 02:00:00,2857842.786671941
2025-06-16 02:30:00,2857842.786671941
2025-06-16 03:00:00,2857842.786671941
2025-06-16 05:00:00,2857842.786671941
2025-06-16 05:30:00,2857842.786671941
2025-06-16 06:00:00,2857842.786671941
2025-06-16 06:30:00,2857842.786671941
2025-06-16 07:00:00,2857842.786671941
2025-06-16 13:00:00,2857842.786671941
2025-06-16 13:30:00,2857842.786671941
2025-06-16 14:00:00,2857333.2347221524
2025-06-16 14:30:00,2857333.2347221524
2025-06-16 15:00:00,2857333.2347221524
2025-06-16 15:30:00,2857333.2347221524
2025-06-16 16:00:00,2857333.2347221524
2025-06-16 16:30:00,2857333.2347221524
2025-06-16 17:00:00,2857333.2347221524
2025-06-16 17:30:00,2857333.2347221524
2025-06-16 18:00:00,2857333.2347221524
2025-06-17 01:00:00,2857143.1161861685
2025-06-17 01:30:00,2857143.1161861685
2025-06-17 02:00:00,2851613.456412918
2025-06-17 02:30:00,2851613.456412918
2025-06-17 03:00:00,2851613.456412918
2025-06-17 05:00:00,2851613.456412918
2025-06-17 05:30:00,2851613.456412918
2025-06-17 06:00:00,2851613.456412918
2025-06-17 06:30:00,2851613.456412918
2025-06-17 07:00:00,2851613.456412918
2025-06-17 13:00:00,2851613.456412918
2025-06-17 13:30:00,2851613.456412918
2025-06-17 14:00:00,2851613.456412918
2025-06-17 14:30:00,2851613.456412918
2025-06-17 15:00:00,2851613.456412918
2025-06-17 15:30:00,2851613.456412918
2025-06-17 16:00:00,2851613.456412918
2025-06-17 16:30:00,2851613.456412918
2025-06-17 17:00:00,2851613.456412918
2025-06-17 17:30:00,2851613.456412918
2025-06-17 18:00:00,2851613.456412918
2025-06-18 01:00:00,2851613.456412918
2025-06-18 01:30:00,2851613.456412918
2025-06-18 02:00:00,2851613.456412918
2025-06-18 02:30:00,2851613.456412918
2025-06-18 03:00:00,2851613.456412918
2025-06-18 05:00:00,2851613.456412918
2025-06-18 05:30:00,2851613.456412918
2025-06-18 06:00:00,2851613.456412918
2025-06-18 06:30:00,2851613.456412918
2025-06-18 07:00:00,2851613.456412918
2025-06-18 13:00:00,2851613.456412918
2025-06-18 13:30:00,2851613.456412918
2025-06-18 14:00:00,2851613.456412918
2025-06-18 14:30:00,2851613.456412918
2025-06-18 15:00:00,2851613.456412918
2025-06-18 15:30:00,2851613.456412918
2025-06-18 16:00:00,2851613.456412918
2025-06-18 16:30:00,2851613.456412918
2025-06-18 17:00:00,2851613.456412918
2025-06-18 17:30:00,2851613.456412918
2025-06-18 18:00:00,2851613.456412918
2025-06-19 01:00:00,2851613.456412918
2025-06-19 01:30:00,2851613.456412918
2025-06-19 02:00:00,2851613.456412918
2025-06-19 02:30:00,2851613.456412918
2025-06-19 03:00:00,2851613.456412918
2025-06-19 05:00:00,2851613.456412918
2025-06-19 05:30:00,2851613.456412918
2025-06-19 06:00:00,2851613.456412918
2025-06-19 06:30:00,2851613.456412918
2025-06-19 07:00:00,2851613.456412918
2025-06-19 13:00:00,2851613.456412918
2025-06-19 13:30:00,2851613.456412918
2025-06-19 14:00:00,2851613.456412918
2025-06-19 14:30:00,2851613.456412918
2025-06-19 15:00:00,2851613.456412918
2025-06-19 15:30:00,2851613.456412918
2025-06-19 16:00:00,2851613.456412918
2025-06-19 16:30:00,2851613.456412918
2025-06-19 17:00:00,2851613.456412918
2025-06-19 17:30:00,2851613.456412918
2025-06-19 18:00:00,2851613.456412918
2025-06-20 01:00:00,2851613.456412918
2025-06-20 01:30:00,2851613.456412918
2025-06-20 02:00:00,2850484.4468788346
2025-06-20 02:30:00,2850484.4468788346
2025-06-20 03:00:00,2850484.4468788346
2025-06-20 05:00:00,2850484.4468788346
2025-06-20 05:30:00,2848404.2505609407
2025-06-20 06:00:00,2847585.5157462936
2025-06-20 06:30:00,2847585.5157462936
2025-06-20 07:00:00,2847585.5157462936
2025-06-20 13:00:00,2847585.5157462936
2025-06-20 13:30:00,2847585.5157462936
2025-06-20 14:00:00,2847585.5157462936
2025-06-20 14:30:00,2847585.5157462936
2025-06-20 15:00:00,2847585.5157462936
2025-06-20 15:30:00,2847585.5157462936
2025-06-20 16:00:00,2847585.5157462936
2025-06-20 16:30:00,2847585.5157462936
2025-06-20 17:00:00,2847585.5157462936
2025-06-20 17:30:00,2847585.5157462936
2025-06-20 18:00:00,2847585.5157462936
2025-06-23 01:00:00,2847585.5157462936
2025-06-23 01:30:00,2847585.5157462936
2025-06-23 02:00:00,2846563.138486205
2025-06-23 02:30:00,2846563.138486205
2025-06-23 03:00:00,2837763.138486205
2025-06-23 05:00:00,2837763.138486205
2025-06-23 05:30:00,2837763.138486205
2025-06-23 06:00:00,2837003.2847561794
2025-06-23 06:30:00,2837003.2847561794
2025-06-23 07:00:00,2837003.2847561794
2025-06-23 13:00:00,2837003.2847561794
2025-06-23 13:30:00,2835658.7206820357
2025-06-23 14:00:00,2835658.7206820357
2025-06-23 14:30:00,2835148.7846928984
2025-06-23 15:00:00,2835148.7846928984
2025-06-23 15:30:00,2835148.7846928984
2025-06-23 16:00:00,2835148.7846928984
2025-06-23 16:30:00,2830393.9236720046
2025-06-23 17:00:00,2830393.9236720046
2025-06-23 17:30:00,2830393.9236720046
2025-06-23 18:00:00,2830393.9236720046
2025-06-24 01:00:00,2830393.9236720046
2025-06-24 01:30:00,2826808.9236720046
2025-06-24 02:00:00,2826808.9236720046
2025-06-24 02:30:00,2826808.9236720046
2025-06-24 03:00:00,2826808.9236720046
2025-06-24 05:00:00,2826808.9236720046
2025-06-24 05:30:00,2825701.1292093634
2025-06-24 06:00:00,2825701.1292093634
2025-06-24 06:30:00,2825701.1292093634
2025-06-24 07:00:00,2825701.1292093634
2025-06-24 13:00:00,2825701.1292093634
2025-06-24 13:30:00,2825701.1292093634
2025-06-24 14:00:00,2825701.1292093634
2025-06-24 14:30:00,2825701.1292093634
2025-06-24 15:00:00,2825701.1292093634
2025-06-24 15:30:00,2825701.1292093634
2025-06-24 16:00:00,2825701.1292093634
2025-06-24 16:30:00,2825701.1292093634
2025-06-24 17:00:00,2825701.1292093634
2025-06-24 17:30:00,2825701.1292093634
2025-06-24 18:00:00,2825701.1292093634
2025-06-25 01:00:00,2825701.1292093634
2025-06-25 01:30:00,2825701.1292093634
2025-06-25 02:00:00,2825701.1292093634
2025-06-25 02:30:00,2825701.1292093634
2025-06-25 03:00:00,2825701.1292093634
2025-06-25 05:00:00,2825701.1292093634
2025-06-25 05:30:00,2825701.1292093634
2025-06-25 06:00:00,2825070.447849787
2025-06-25 06:30:00,2825070.447849787
2025-06-25 07:00:00,2825070.447849787
2025-06-25 13:00:00,2825070.447849787
2025-06-25 13:30:00,2825070.447849787
2025-06-25 14:00:00,2825070.447849787
2025-06-25 14:30:00,2825070.447849787
2025-06-25 15:00:00,2825070.447849787
2025-06-25 15:30:00,2825070.447849787
2025-06-25 16:00:00,2825070.447849787
2025-06-25 16:30:00,2825070.447849787
2025-06-25 17:00:00,2825070.447849787
2025-06-25 17:30:00,2825070.447849787
2025-06-25 18:00:00,2825070.447849787
2025-06-26 01:00:00,2825070.447849787
2025-06-26 01:30:00,2824651.2826212617
2025-06-26 02:00:00,2824651.2826212617
2025-06-26 02:30:00,2824651.2826212617
2025-06-26 03:00:00,2824651.2826212617
2025-06-26 05:00:00,2824651.2826212617
2025-06-26 05:30:00,2824651.2826212617
2025-06-26 06:00:00,2824651.2826212617
2025-06-26 06:30:00,2841230.3803631226
2025-06-26 07:00:00,2841230.3803631226
2025-06-26 13:00:00,2841230.3803631226
2025-06-26 13:30:00,2841230.3803631226
2025-06-26 14:00:00,2841230.3803631226
2025-06-26 14:30:00,2843462.2265740503
2025-06-26 15:00:00,2843462.2265740503
2025-06-26 15:30:00,2843462.2265740503
2025-06-26 16:00:00,2843462.2265740503
2025-06-26 16:30:00,2843462.2265740503
2025-06-26 17:00:00,2843462.2265740503
2025-06-26 17:30:00,2843462.2265740503
2025-06-26 18:00:00,2843462.2265740503
2025-06-27 01:00:00,2843462.2265740503
2025-06-27 01:30:00,2843462.2265740503
2025-06-27 02:00:00,2843462.2265740503
2025-06-27 02:30:00,2843462.2265740503
2025-06-27 03:00:00,2843462.2265740503
2025-06-27 05:00:00,2843462.2265740503
2025-06-27 05:30:00,2843462.2265740503
2025-06-27 06:00:00,2843462.2265740503
2025-06-27 06:30:00,2843462.2265740503
2025-06-27 07:00:00,2843462.2265740503
2025-06-27 13:00:00,2843462.2265740503
2025-06-27 13:30:00,2843462.2265740503
2025-06-27 14:00:00,2843462.2265740503
2025-06-27 14:30:00,2843462.2265740503
2025-06-27 15:00:00,2843462.2265740503
2025-06-27 15:30:00,2843462.2265740503
2025-06-27 16:00:00,2843462.2265740503
2025-06-27 16:30:00,2843462.2265740503
2025-06-27 17:00:00,2843462.2265740503
2025-06-27 17:30:00,2843462.2265740503
2025-06-27 18:00:00,2843462.2265740503
2025-06-30 01:00:00,2843462.2265740503
2025-06-30 01:30:00,2846149.1910978793
2025-06-30 02:00:00,2850652.990061785
2025-06-30 02:30:00,2850652.990061785
2025-06-30 03:00:00,2850652.990061785
2025-06-30 05:00:00,2850652.990061785
2025-06-30 05:30:00,2850652.990061785
2025-06-30 06:00:00,2850652.990061785
2025-06-30 06:30:00,2850652.990061785
2025-06-30 07:00:00,2850652.990061785
2025-06-30 13:00:00,2850652.990061785
2025-06-30 13:30:00,2850652.990061785
2025-06-30 14:00:00,2850652.990061785
2025-06-30 14:30:00,2850652.990061785
2025-06-30 15:00:00,2850652.990061785
2025-06-30 15:30:00,2850652.990061785
2025-06-30 16:00:00,2850652.990061785
2025-06-30 16:30:00,2850652.990061785
2025-06-30 17:00:00,2850652.990061785
2025-06-30 17:30:00,2850652.990061785
2025-06-30 18:00:00,2850652.990061785
2025-07-01 01:00:00,2850652.990061785
2025-07-01 01:30:00,2850652.990061785
2025-07-01 02:00:00,2850652.990061785
2025-07-01 02:30:00,2850652.990061785
2025-07-01 03:00:00,2850652.990061785
2025-07-01 05:00:00,2850652.990061785
2025-07-01 05:30:00,2850652.990061785
2025-07-01 06:00:00,2850652.990061785
2025-07-01 06:30:00,2850810.1254417347
2025-07-01 07:00:00,2850810.1254417347
2025-07-01 13:00:00,2850810.1254417347
2025-07-01 13:30:00,2850810.1254417347
2025-07-01 14:00:00,2850810.1254417347
2025-07-01 14:30:00,2850810.1254417347
2025-07-01 15:00:00,2849438.2094082255
2025-07-01 15:30:00,2849438.2094082255
2025-07-01 16:00:00,2849438.2094082255
2025-07-01 16:30:00,2849438.2094082255
2025-07-01 17:00:00,2849438.2094082255
2025-07-01 17:30:00,2849438.2094082255
2025-07-01 18:00:00,2849438.2094082255
2025-07-02 01:00:00,2849438.2094082255
2025-07-02 01:30:00,2849438.2094082255
2025-07-02 02:00:00,2849438.2094082255
2025-07-02 02:30:00,2849438.2094082255
2025-07-02 03:00:00,2849578.2094082255
2025-07-02 05:00:00,2849578.2094082255
2025-07-02 05:30:00,2849578.2094082255
2025-07-02 06:00:00,2849578.2094082255
2025-07-02 06:30:00,2849578.2094082255
2025-07-02 07:00:00,2849578.2094082255
2025-07-02 13:00:00,2849563.5841016644
2025-07-02 13:30:00,2849998.6759743206
2025-07-02 14:00:00,2852886.6317982823
2025-07-02 14:30:00,2852886.6317982823
2025-07-02 15:00:00,2852886.6317982823
2025-07-02 15:30:00,2852886.6317982823
2025-07-02 16:00:00,2852886.6317982823
2025-07-02 16:30:00,2852886.6317982823
2025-07-02 17:00:00,2852886.6317982823
2025-07-02 17:30:00,2852886.6317982823
2025-07-02 18:00:00,2852886.6317982823
2025-07-03 01:00:00,2852886.6317982823
2025-07-03 01:30:00,2853237.77120664
2025-07-03 02:00:00,2854005.309497297
2025-07-03 02:30:00,2854005.309497297
2025-07-03 03:00:00,2854005.309497297
2025-07-03 05:00:00,2854005.309497297
2025-07-03 05:30:00,2854005.309497297
2025-07-03 06:00:00,2854005.309497297
2025-07-03 06:30:00,2853117.6384946504
2025-07-03 07:00:00,2853117.6384946504
2025-07-03 13:00:00,2853117.6384946504
2025-07-03 13:30:00,2855961.322312954
2025-07-03 14:00:00,2855961.322312954
2025-07-03 14:30:00,2855961.322312954
2025-07-03 15:00:00,2855961.322312954
2025-07-03 15:30:00,2855961.322312954
2025-07-03 16:00:00,2855961.322312954
2025-07-03 16:30:00,2855961.322312954
2025-07-03 17:00:00,2855961.322312954
2025-07-03 17:30:00,2855961.322312954
2025-07-03 18:00:00,2855961.322312954
2025-07-04 01:00:00,2855961.322312954
2025-07-04 01:30:00,2855961.322312954
2025-07-04 02:00:00,2855961.322312954
2025-07-04 02:30:00,2855961.322312954
2025-07-04 03:00:00,2855961.322312954
2025-07-04 05:00:00,2855961.322312954
2025-07-04 05:30:00,2855961.322312954
2025-07-04 06:00:00,2857441.083910241
2025-07-04 06:30:00,2856105.7248336384
2025-07-04 07:00:00,2856105.7248336384
2025-07-04 13:00:00,2856105.7248336384
2025-07-04 13:30:00,2856105.7248336384
2025-07-04 14:00:00,2856105.7248336384
2025-07-04 14:30:00,2856105.7248336384
2025-07-04 15:00:00,2856105.7248336384
2025-07-04 15:30:00,2856105.7248336384
2025-07-04 16:00:00,2856105.7248336384
2025-07-04 16:30:00,2856105.7248336384
2025-07-04 17:00:00,2856105.7248336384
2025-07-04 17:30:00,2856105.7248336384
2025-07-04 18:00:00,2856105.7248336384
2025-07-07 01:00:00,2856105.7248336384
2025-07-07 01:30:00,2856105.7248336384
2025-07-07 02:00:00,2856105.7248336384
2025-07-07 02:30:00,2856105.7248336384
2025-07-07 03:00:00,2856105.7248336384
2025-07-07 05:00:00,2856105.7248336384
2025-07-07 05:30:00,2856105.7248336384
2025-07-07 06:00:00,2856105.7248336384
2025-07-07 06:30:00,2855045.929041108
2025-07-07 07:00:00,2855045.929041108
2025-07-07 13:00:00,2855045.929041108
2025-07-07 13:30:00,2855045.929041108
2025-07-07 14:00:00,2855045.929041108
2025-07-07 14:30:00,2855045.929041108
2025-07-07 15:00:00,2855045.929041108
2025-07-07 15:30:00,2855045.929041108
2025-07-07 16:00:00,2855045.929041108
2025-07-07 16:30:00,2855045.929041108
2025-07-07 17:00:00,2855045.929041108
2025-07-07 17:30:00,2855045.929041108
2025-07-07 18:00:00,2855045.929041108
2025-07-08 01:00:00,2855045.929041108
2025-07-08 01:30:00,2855045.929041108
2025-07-08 02:00:00,2843760.117653139
2025-07-08 02:30:00,2843760.117653139
2025-07-08 03:00:00,2843760.117653139
2025-07-08 05:00:00,2843760.117653139
2025-07-08 05:30:00,2843760.117653139
2025-07-08 06:00:00,2843760.117653139
2025-07-08 06:30:00,2843760.117653139
2025-07-08 07:00:00,2843760.117653139
2025-07-08 13:00:00,2843760.117653139
2025-07-08 13:30:00,2843760.117653139
2025-07-08 14:00:00,2843760.117653139
2025-07-08 14:30:00,2843760.117653139
2025-07-08 15:00:00,2843760.117653139
2025-07-08 15:30:00,2843760.117653139
2025-07-08 16:00:00,2843760.117653139
2025-07-08 16:30:00,2843760.117653139
2025-07-08 17:00:00,2843760.117653139
2025-07-08 17:30:00,2843760.117653139
2025-07-08 18:00:00,2843760.117653139
2025-07-09 01:00:00,2843760.117653139
2025-07-09 01:30:00,2849140.8784683347
2025-07-09 02:00:00,2849140.8784683347
2025-07-09 02:30:00,2849140.8784683347
2025-07-09 03:00:00,2849140.8784683347
2025-07-09 05:00:00,2849140.8784683347
2025-07-09 05:30:00,2849140.8784683347
2025-07-09 06:00:00,2849140.8784683347
2025-07-09 06:30:00,2849140.8784683347
2025-07-09 07:00:00,2849140.8784683347
2025-07-09 13:00:00,2849140.8784683347
2025-07-09 13:30:00,2849140.8784683347
2025-07-09 14:00:00,2849140.8784683347
2025-07-09 14:30:00,2849140.8784683347
2025-07-09 15:00:00,2849140.8784683347
2025-07-09 15:30:00,2849140.8784683347
2025-07-09 16:00:00,2849140.8784683347
2025-07-09 16:30:00,2849140.8784683347
2025-07-09 17:00:00,2849140.8784683347
2025-07-09 17:30:00,2849140.8784683347
2025-07-09 18:00:00,2849140.8784683347
2025-07-10 01:00:00,2849140.8784683347
2025-07-10 01:30:00,2852178.0403407076
2025-07-10 02:00:00,2857959.110775159
2025-07-10 02:30:00,2857959.110775159
2025-07-10 03:00:00,2857959.110775159
2025-07-10 05:00:00,2857959.110775159
2025-07-10 05:30:00,2857959.110775159
2025-07-10 06:00:00,2857959.110775159
2025-07-10 06:30:00,2857959.110775159
2025-07-10 07:00:00,2857959.110775159
2025-07-10 13:00:00,2857959.110775159
2025-07-10 13:30:00,2857959.110775159
2025-07-10 14:00:00,2857959.110775159
2025-07-10 14:30:00,2857959.110775159
2025-07-10 15:00:00,2857959.110775159
2025-07-10 15:30:00,2857959.110775159
2025-07-10 16:00:00,2857959.110775159
2025-07-10 16:30:00,2857959.110775159
2025-07-10 17:00:00,2857959.110775159
2025-07-10 17:30:00,2857959.110775159
2025-07-10 18:00:00,2857959.110775159
2025-07-11 01:00:00,2857959.110775159
2025-07-11 01:30:00,2857959.110775159
2025-07-11 02:00:00,2857959.110775159
2025-07-11 02:30:00,2857959.110775159
2025-07-11 03:00:00,2857959.110775159
2025-07-11 05:00:00,2857959.110775159
2025-07-11 05:30:00,2857959.110775159
2025-07-11 06:00:00,2857959.110775159
2025-07-11 06:30:00,2857959.110775159
2025-07-11 07:00:00,2857959.110775159
2025-07-11 13:00:00,2857959.110775159
2025-07-11 13:30:00,2857959.110775159
2025-07-11 14:00:00,2861957.525129225
2025-07-11 14:30:00,2861957.525129225
2025-07-11 15:00:00,2861957.525129225
2025-07-11 15:30:00,2861957.525129225
2025-07-11 16:00:00,2861957.525129225
2025-07-11 16:30:00,2861957.525129225
2025-07-11 17:00:00,2861957.525129225
2025-07-11 17:30:00,2861957.525129225
2025-07-11 18:00:00,2861957.525129225
2025-07-14 01:00:00,2861957.525129225
2025-07-14 01:30:00,2861957.525129225
2025-07-14 02:00:00,2861106.261436833
2025-07-14 02:30:00,2861106.261436833
2025-07-14 03:00:00,2858771.426500943
2025-07-14 05:00:00,2858771.426500943
2025-07-14 05:30:00,2858771.426500943
2025-07-14 06:00:00,2858771.426500943
2025-07-14 06:30:00,2858771.426500943
2025-07-14 07:00:00,2858771.426500943
2025-07-14 13:00:00,2858771.426500943
2025-07-14 13:30:00,2858771.426500943
2025-07-14 14:00:00,2858771.426500943
2025-07-14 14:30:00,2858771.426500943
2025-07-14 15:00:00,2858771.426500943
2025-07-14 15:30:00,2858771.426500943
2025-07-14 16:00:00,2858771.426500943
2025-07-14 16:30:00,2858771.426500943
2025-07-14 17:00:00,2858771.426500943
2025-07-14 17:30:00,2858771.426500943
2025-07-14 18:00:00,2858771.426500943
2025-07-15 01:00:00,2857389.353308556
2025-07-15 01:30:00,2856250.185179545
2025-07-15 02:00:00,2856250.185179545
2025-07-15 02:30:00,2856250.185179545
2025-07-15 03:00:00,2856250.185179545
2025-07-15 05:00:00,2856250.185179545
2025-07-15 05:30:00,2856250.185179545
2025-07-15 06:00:00,2856250.185179545
2025-07-15 06:30:00,2856250.185179545
2025-07-15 07:00:00,2856250.185179545
2025-07-15 13:00:00,2856379.789497969
2025-07-15 13:30:00,2856086.3586421814
2025-07-15 14:00:00,2856086.3586421814
2025-07-15 14:30:00,2856086.3586421814
2025-07-15 15:00:00,2856086.3586421814
2025-07-15 15:30:00,2856086.3586421814
2025-07-15 16:00:00,2856086.3586421814
2025-07-15 16:30:00,2856086.3586421814
2025-07-15 17:00:00,2856086.3586421814
2025-07-15 17:30:00,2856086.3586421814
2025-07-15 18:00:00,2856086.3586421814
2025-07-16 01:00:00,2856086.3586421814
2025-07-16 01:30:00,2856086.3586421814
2025-07-16 02:00:00,2856086.3586421814
2025-07-16 02:30:00,2856086.3586421814
2025-07-16 03:00:00,2855855.4945155648
2025-07-16 05:00:00,2855855.4945155648
2025-07-16 05:30:00,2855855.4945155648
2025-07-16 06:00:00,2855855.4945155648
2025-07-16 06:30:00,2855855.4945155648
2025-07-16 07:00:00,2855855.4945155648
2025-07-16 13:00:00,2855855.4945155648
2025-07-16 13:30:00,2855855.4945155648
2025-07-16 14:00:00,2855855.4945155648
2025-07-16 14:30:00,2855855.4945155648
2025-07-16 15:00:00,2855855.4945155648
2025-07-16 15:30:00,2855855.4945155648
2025-07-16 16:00:00,2855855.4945155648
2025-07-16 16:30:00,2855855.4945155648
2025-07-16 17:00:00,2855855.4945155648
2025-07-16 17:30:00,2855855.4945155648
2025-07-16 18:00:00,2855855.4945155648
2025-07-17 01:00:00,2855855.4945155648
2025-07-17 01:30:00,2855855.4945155648
2025-07-17 02:00:00,2855855.4945155648
2025-07-17 02:30:00,2855205.4945155648
2025-07-17 03:00:00,2855205.4945155648
2025-07-17 05:00:00,2855205.4945155648
2025-07-17 05:30:00,2854927.8235499677
2025-07-17 06:00:00,2854856.613578907
2025-07-17 06:30:00,2854856.613578907
2025-07-17 07:00:00,2854856.613578907
2025-07-17 13:00:00,2854471.705524558
2025-07-17 13:30:00,2854471.705524558
2025-07-17 14:00:00,2854471.705524558
2025-07-17 14:30:00,2854471.705524558
2025-07-17 15:00:00,2854471.705524558
2025-07-17 15:30:00,2854471.705524558
2025-07-17 16:00:00,2854471.705524558
2025-07-17 16:30:00,2854471.705524558
2025-07-17 17:00:00,2854471.705524558
2025-07-17 17:30:00,2854471.705524558
2025-07-17 18:00:00,2854471.705524558
2025-07-18 01:00:00,2854471.705524558
2025-07-18 01:30:00,2854471.705524558
2025-07-18 02:00:00,2854471.705524558
2025-07-18 02:30:00,2854471.705524558
2025-07-18 03:00:00,2855857.516365978
2025-07-18 05:00:00,2855857.516365978
2025-07-18 05:30:00,2852944.599714039
2025-07-18 06:00:00,2852944.599714039
2025-07-18 06:30:00,2852944.599714039
2025-07-18 07:00:00,2852944.599714039
2025-07-18 13:00:00,2852944.599714039
2025-07-18 13:30:00,2852944.599714039
2025-07-18 14:00:00,2852944.599714039
2025-07-18 14:30:00,2852944.599714039
2025-07-18 15:00:00,2852944.599714039
2025-07-18 15:30:00,2853578.003774075
2025-07-18 16:00:00,2853578.003774075
2025-07-18 16:30:00,2853578.003774075
2025-07-18 17:00:00,2853578.003774075
2025-07-18 17:30:00,2853578.003774075
2025-07-18 18:00:00,2853578.003774075
2025-07-21 01:00:00,2853578.003774075
2025-07-21 01:30:00,2855729.9418748063
2025-07-21 02:00:00,2855729.9418748063
2025-07-21 02:30:00,2855729.9418748063
2025-07-21 03:00:00,2855729.9418748063
2025-07-21 05:00:00,2855729.9418748063
2025-07-21 05:30:00,2855729.9418748063
2025-07-21 06:00:00,2855729.9418748063
2025-07-21 06:30:00,2855729.9418748063
2025-07-21 07:00:00,2855729.9418748063
2025-07-21 13:00:00,2855729.9418748063
2025-07-21 13:30:00,2855729.9418748063
2025-07-21 14:00:00,2855729.9418748063
2025-07-21 14:30:00,2855729.9418748063
2025-07-21 15:00:00,2855729.9418748063
2025-07-21 15:30:00,2855729.9418748063
2025-07-21 16:00:00,2855729.9418748063
2025-07-21 16:30:00,2855729.9418748063
2025-07-21 17:00:00,2855729.9418748063
2025-07-21 17:30:00,2855729.9418748063
2025-07-21 18:00:00,2855729.9418748063
2025-07-22 01:00:00,2855729.9418748063
2025-07-22 01:30:00,2855729.9418748063
2025-07-22 02:00:00,2855729.9418748063
2025-07-22 02:30:00,2856140.552430382
2025-07-22 03:00:00,2859158.064695818
2025-07-22 05:00:00,2859158.064695818
2025-07-22 05:30:00,2859158.064695818
2025-07-22 06:00:00,2859158.064695818
2025-07-22 06:30:00,2859158.064695818
2025-07-22 07:00:00,2859158.064695818
2025-07-22 13:00:00,2859158.064695818
2025-07-22 13:30:00,2859158.064695818
2025-07-22 14:00:00,2859158.064695818
2025-07-22 14:30:00,2859158.064695818
2025-07-22 15:00:00,2859158.064695818
2025-07-22 15:30:00,2859158.064695818
2025-07-22 16:00:00,2859158.064695818
2025-07-22 16:30:00,2859158.064695818
2025-07-22 17:00:00,2859158.064695818
2025-07-22 17:30:00,2859158.064695818
2025-07-22 18:00:00,2859158.064695818
2025-07-23 01:00:00,2859158.064695818
2025-07-23 01:30:00,2859158.064695818
2025-07-23 02:00:00,2859158.064695818
2025-07-23 02:30:00,2859158.064695818
2025-07-23 03:00:00,2859158.064695818
2025-07-23 05:00:00,2859158.064695818
2025-07-23 05:30:00,2859158.064695818
2025-07-23 06:00:00,2859158.064695818
2025-07-23 06:30:00,2859158.064695818
2025-07-23 07:00:00,2859158.064695818
2025-07-23 13:00:00,2859158.064695818
2025-07-23 13:30:00,2859158.064695818
2025-07-23 14:00:00,2859158.064695818
2025-07-23 14:30:00,2859158.064695818
2025-07-23 15:00:00,2859158.064695818
2025-07-23 15:30:00,2859158.064695818
2025-07-23 16:00:00,2859158.064695818
2025-07-23 16:30:00,2859158.064695818
2025-07-23 17:00:00,2859158.064695818
2025-07-23 17:30:00,2859158.064695818
2025-07-23 18:00:00,2859158.064695818
2025-07-24 01:00:00,2859158.064695818
2025-07-24 01:30:00,2859158.064695818
2025-07-24 02:00:00,2859158.064695818
2025-07-24 02:30:00,2859158.064695818
2025-07-24 03:00:00,2859158.064695818
2025-07-24 05:00:00,2859158.064695818
2025-07-24 05:30:00,2859158.064695818
2025-07-24 06:00:00,2859158.064695818
2025-07-24 06:30:00,2859158.064695818
2025-07-24 07:00:00,2859158.064695818
2025-07-24 13:00:00,2859158.064695818
2025-07-24 13:30:00,2859158.064695818
2025-07-24 14:00:00,2859158.064695818
2025-07-24 14:30:00,2859158.064695818
2025-07-24 15:00:00,2859158.064695818
2025-07-24 15:30:00,2859158.064695818
2025-07-24 16:00:00,2859158.064695818
2025-07-24 16:30:00,2859158.064695818
2025-07-24 17:00:00,2859158.064695818
2025-07-24 17:30:00,2859158.064695818
2025-07-24 18:00:00,2859158.064695818
2025-07-25 01:00:00,2859158.064695818
2025-07-25 01:30:00,2859158.064695818
2025-07-25 02:00:00,2859158.064695818
2025-07-25 02:30:00,2859158.064695818
2025-07-25 03:00:00,2859158.064695818
2025-07-25 05:00:00,2859158.064695818
2025-07-25 05:30:00,2859158.064695818
2025-07-25 06:00:00,2859158.064695818
2025-07-25 06:30:00,2860193.0766528626
2025-07-25 07:00:00,2860193.0766528626
2025-07-25 13:00:00,2860193.0766528626
2025-07-25 13:30:00,2860193.0766528626
2025-07-25 14:00:00,2860193.0766528626
2025-07-25 14:30:00,2860193.0766528626
2025-07-25 15:00:00,2860193.0766528626
2025-07-25 15:30:00,2860193.0766528626
2025-07-25 16:00:00,2860193.0766528626
2025-07-25 16:30:00,2860193.0766528626
2025-07-25 17:00:00,2860193.0766528626
2025-07-25 17:30:00,2860193.0766528626
2025-07-25 18:00:00,2860193.0766528626
2025-07-28 01:00:00,2860193.0766528626
2025-07-28 01:30:00,2860990.3398067374
2025-07-28 02:00:00,2860990.3398067374
2025-07-28 02:30:00,2865023.7839503377
2025-07-28 03:00:00,2865023.7839503377
2025-07-28 05:00:00,2865023.7839503377
2025-07-28 05:30:00,2865023.7839503377
2025-07-28 06:00:00,2865023.7839503377
2025-07-28 06:30:00,2865023.7839503377
2025-07-28 07:00:00,2865023.7839503377
2025-07-28 13:00:00,2865023.7839503377
2025-07-28 13:30:00,2864953.4071435616
2025-07-28 14:00:00,2864953.4071435616
2025-07-28 14:30:00,2864953.4071435616
2025-07-28 15:00:00,2864953.4071435616
2025-07-28 15:30:00,2864953.4071435616
2025-07-28 16:00:00,2864953.4071435616
2025-07-28 16:30:00,2864953.4071435616
2025-07-28 17:00:00,2864953.4071435616
2025-07-28 17:30:00,2864953.4071435616
2025-07-28 18:00:00,2864953.4071435616
2025-07-29 01:00:00,2864953.4071435616
2025-07-29 01:30:00,2864953.4071435616
2025-07-29 02:00:00,2864953.4071435616
2025-07-29 02:30:00,2864953.4071435616
2025-07-29 03:00:00,2864953.4071435616
2025-07-29 05:00:00,2864953.4071435616
2025-07-29 05:30:00,2864953.4071435616
2025-07-29 06:00:00,2864953.4071435616
2025-07-29 06:30:00,2864953.4071435616
2025-07-29 07:00:00,2864953.4071435616
2025-07-29 13:00:00,2864953.4071435616
2025-07-29 13:30:00,2864953.4071435616
2025-07-29 14:00:00,2864953.4071435616
2025-07-29 14:30:00,2864953.4071435616
2025-07-29 15:00:00,2864953.4071435616
2025-07-29 15:30:00,2864953.4071435616
2025-07-29 16:00:00,2864953.4071435616
2025-07-29 16:30:00,2864953.4071435616
2025-07-29 17:00:00,2864953.4071435616
2025-07-29 17:30:00,2864953.4071435616
2025-07-29 18:00:00,2864953.4071435616
2025-07-30 01:00:00,2864953.4071435616
2025-07-30 01:30:00,2868927.3073522868
2025-07-30 02:00:00,2868361.2711923956
2025-07-30 02:30:00,2868361.2711923956
2025-07-30 03:00:00,2868361.2711923956
2025-07-30 05:00:00,2868361.2711923956
2025-07-30 05:30:00,2868361.2711923956
2025-07-30 06:00:00,2868361.2711923956
2025-07-30 06:30:00,2868361.2711923956
2025-07-30 07:00:00,2868361.2711923956
2025-07-30 13:00:00,2868361.2711923956
2025-07-30 13:30:00,2868361.2711923956
2025-07-30 14:00:00,2868361.2711923956
2025-07-30 14:30:00,2868361.2711923956
2025-07-30 15:00:00,2868361.2711923956
2025-07-30 15:30:00,2868361.2711923956
2025-07-30 16:00:00,2868361.2711923956
2025-07-30 16:30:00,2868361.2711923956
2025-07-30 17:00:00,2868361.2711923956
2025-07-30 17:30:00,2868361.2711923956
2025-07-30 18:00:00,2868361.2711923956
2025-07-31 01:00:00,2885399.075705612
2025-07-31 01:30:00,2885399.075705612
2025-07-31 02:00:00,2885399.075705612
2025-07-31 02:30:00,2886729.3733423394
2025-07-31 03:00:00,2886729.3733423394
2025-07-31 05:00:00,2886729.3733423394
2025-07-31 05:30:00,2886729.3733423394
2025-07-31 06:00:00,2886729.3733423394
2025-07-31 06:30:00,2886729.3733423394
2025-07-31 07:00:00,2886729.3733423394
2025-07-31 13:00:00,2886729.3733423394
2025-07-31 13:30:00,2888415.9526817664
2025-07-31 14:00:00,2888415.9526817664
2025-07-31 14:30:00,2891007.613355456
2025-07-31 15:00:00,2891007.613355456
2025-07-31 15:30:00,2891007.613355456
2025-07-31 16:00:00,2891007.613355456
2025-07-31 16:30:00,2891007.613355456
2025-07-31 17:00:00,2891007.613355456
2025-07-31 17:30:00,2891007.613355456
2025-07-31 18:00:00,2891007.613355456
2025-08-01 01:00:00,2891172.390574812
2025-08-01 01:30:00,2889880.8430464133
2025-08-01 02:00:00,2893158.9472099775
2025-08-01 02:30:00,2896360.836356342
2025-08-01 03:00:00,2896360.836356342
2025-08-01 05:00:00,2896360.836356342
2025-08-01 05:30:00,2896360.836356342
2025-08-01 06:00:00,2896360.836356342
2025-08-01 06:30:00,2896360.836356342
2025-08-01 07:00:00,2896360.836356342
2025-08-01 13:00:00,2896360.836356342
2025-08-01 13:30:00,2896360.836356342
2025-08-01 14:00:00,2896360.836356342
2025-08-01 14:30:00,2896360.836356342
2025-08-01 15:00:00,2896360.836356342
2025-08-01 15:30:00,2896360.836356342
2025-08-01 16:00:00,2896360.836356342
2025-08-01 16:30:00,2896360.836356342
2025-08-01 17:00:00,2896360.836356342
2025-08-01 17:30:00,2896360.836356342
2025-08-01 18:00:00,2896360.836356342
2025-08-04 01:00:00,2896360.836356342
2025-08-04 01:30:00,2900951.870635241
2025-08-04 02:00:00,2900951.870635241
2025-08-04 02:30:00,2900951.870635241
2025-08-04 03:00:00,2900951.870635241
2025-08-04 05:00:00,2900951.870635241
2025-08-04 05:30:00,2900951.870635241
2025-08-04 06:00:00,2900951.870635241
2025-08-04 06:30:00,2900951.870635241
2025-08-04 07:00:00,2900951.870635241
2025-08-04 13:00:00,2900951.870635241
2025-08-04 13:30:00,2905169.966250305
2025-08-04 14:00:00,2905169.966250305
2025-08-04 14:30:00,2905169.966250305
2025-08-04 15:00:00,2905169.966250305
2025-08-04 15:30:00,2905169.966250305
2025-08-04 16:00:00,2905169.966250305
2025-08-04 16:30:00,2905169.966250305
2025-08-04 17:00:00,2905169.966250305
2025-08-04 17:30:00,2905169.966250305
2025-08-04 18:00:00,2905169.966250305
2025-08-05 01:00:00,2905169.966250305
2025-08-05 01:30:00,2905169.966250305
2025-08-05 02:00:00,2905195.156133896
2025-08-05 02:30:00,2905195.156133896
2025-08-05 03:00:00,2905195.156133896
2025-08-05 05:00:00,2905195.156133896
2025-08-05 05:30:00,2905195.156133896
2025-08-05 06:00:00,2905195.156133896
2025-08-05 06:30:00,2905195.156133896
2025-08-05 07:00:00,2905195.156133896
2025-08-05 13:00:00,2905195.156133896
2025-08-05 13:30:00,2905195.156133896
2025-08-05 14:00:00,2905195.156133896
2025-08-05 14:30:00,2905195.156133896
2025-08-05 15:00:00,2905195.156133896
2025-08-05 15:30:00,2905195.156133896
2025-08-05 16:00:00,2905195.156133896
2025-08-05 16:30:00,2905195.156133896
2025-08-05 17:00:00,2905195.156133896
2025-08-05 17:30:00,2905195.156133896
2025-08-05 18:00:00,2905195.156133896
2025-08-06 01:00:00,2905195.156133896
2025-08-06 01:30:00,2905195.156133896
2025-08-06 02:00:00,2905195.156133896
2025-08-06 02:30:00,2905195.156133896
2025-08-06 03:00:00,2908836.309884502
2025-08-06 05:00:00,2908836.309884502
2025-08-06 05:30:00,2908836.309884502
2025-08-06 06:00:00,2908836.309884502
2025-08-06 06:30:00,2908836.309884502
2025-08-06 07:00:00,2908836.309884502
2025-08-06 13:00:00,2908836.309884502
2025-08-06 13:30:00,2908836.309884502
2025-08-06 14:00:00,2908836.309884502
2025-08-06 14:30:00,2908836.309884502
2025-08-06 15:00:00,2908836.309884502
2025-08-06 15:30:00,2908836.309884502
2025-08-06 16:00:00,2908836.309884502
2025-08-06 16:30:00,2908836.309884502
2025-08-06 17:00:00,2908836.309884502
2025-08-06 17:30:00,2908836.309884502
2025-08-06 18:00:00,2908836.309884502
2025-08-07 01:00:00,2908836.309884502
2025-08-07 01:30:00,2908836.309884502
2025-08-07 02:00:00,2908836.309884502
2025-08-07 02:30:00,2943206.2984791836
2025-08-07 03:00:00,2943206.2984791836
2025-08-07 05:00:00,2943206.2984791836
2025-08-07 05:30:00,2942722.6660015765
2025-08-07 06:00:00,2942722.6660015765
2025-08-07 06:30:00,2942722.6660015765
2025-08-07 07:00:00,2942722.6660015765
2025-08-07 13:00:00,2942722.6660015765
2025-08-07 13:30:00,2942722.6660015765
2025-08-07 14:00:00,2942722.6660015765
2025-08-07 14:30:00,2942722.6660015765
2025-08-07 15:00:00,2942722.6660015765
2025-08-07 15:30:00,2942722.6660015765
2025-08-07 16:00:00,2942722.6660015765
2025-08-07 16:30:00,2942722.6660015765
2025-08-07 17:00:00,2942722.6660015765
2025-08-07 17:30:00,2942722.6660015765
2025-08-07 18:00:00,2942722.6660015765
2025-08-08 01:00:00,2942722.6660015765
2025-08-08 01:30:00,2942722.6660015765
2025-08-08 02:00:00,2942722.6660015765
2025-08-08 02:30:00,2942722.6660015765
2025-08-08 03:00:00,2942722.6660015765
2025-08-08 05:00:00,2942722.6660015765
2025-08-08 05:30:00,2942722.6660015765
2025-08-08 06:00:00,2942722.6660015765
2025-08-08 06:30:00,2942722.6660015765
2025-08-08 07:00:00,2942722.6660015765
2025-08-08 13:00:00,2942722.6660015765
2025-08-08 13:30:00,2943459.033265353
2025-08-08 14:00:00,2943259.928803432
2025-08-08 14:30:00,2943259.928803432
2025-08-08 15:00:00,2943259.928803432
2025-08-08 15:30:00,2943259.928803432
2025-08-08 16:00:00,2943259.928803432
2025-08-08 16:30:00,2943259.928803432
2025-08-08 17:00:00,2943259.928803432
2025-08-08 17:30:00,2943259.928803432
2025-08-08 18:00:00,2943259.928803432
2025-08-11 01:00:00,2943259.928803432
2025-08-11 01:30:00,2943259.928803432
2025-08-11 02:00:00,2943259.928803432
2025-08-11 02:30:00,2943259.928803432
2025-08-11 03:00:00,2943259.928803432
2025-08-11 05:00:00,2943259.928803432
2025-08-11 05:30:00,2943259.928803432
2025-08-11 06:00:00,2943259.928803432
2025-08-11 06:30:00,2943259.928803432
2025-08-11 07:00:00,2943259.928803432
2025-08-11 13:00:00,2943259.928803432
2025-08-11 13:30:00,2943259.928803432
2025-08-11 14:00:00,2943259.928803432
2025-08-11 14:30:00,2943259.928803432
2025-08-11 15:00:00,2943259.928803432
2025-08-11 15:30:00,2943259.928803432
2025-08-11 16:00:00,2943259.928803432
2025-08-11 16:30:00,2943259.928803432
2025-08-11 17:00:00,2943259.928803432
2025-08-11 17:30:00,2943259.928803432
2025-08-11 18:00:00,2943259.928803432
2025-08-12 01:00:00,2943259.928803432
2025-08-12 01:30:00,2941934.8810497187
2025-08-12 02:00:00,2941934.8810497187
2025-08-12 02:30:00,2941934.8810497187
2025-08-12 03:00:00,2942254.8810497187
2025-08-12 05:00:00,2942254.8810497187
2025-08-12 05:30:00,2942254.8810497187
2025-08-12 06:00:00,2942254.8810497187
2025-08-12 06:30:00,2942254.8810497187
2025-08-12 07:00:00,2942254.8810497187
2025-08-12 13:00:00,2942254.8810497187
2025-08-12 13:30:00,2942254.8810497187
2025-08-12 14:00:00,2942254.8810497187
2025-08-12 14:30:00,2962900.04435575
2025-08-12 15:00:00,2962900.04435575
2025-08-12 15:30:00,2962900.04435575
2025-08-12 16:00:00,2962900.04435575
2025-08-12 16:30:00,2962900.04435575
2025-08-12 17:00:00,2962900.04435575
2025-08-12 17:30:00,2962900.04435575
2025-08-12 18:00:00,2962900.04435575
2025-08-13 01:00:00,2962900.04435575
2025-08-13 01:30:00,2962900.04435575
2025-08-13 02:00:00,2962900.04435575
2025-08-13 02:30:00,2962900.04435575
2025-08-13 03:00:00,2962900.04435575
2025-08-13 05:00:00,2962900.04435575
2025-08-13 05:30:00,2962900.04435575
2025-08-13 06:00:00,2962900.04435575
2025-08-13 06:30:00,2962900.04435575
2025-08-13 07:00:00,2962900.04435575
2025-08-13 13:00:00,2962900.04435575
2025-08-13 13:30:00,2959240.04435575
2025-08-13 14:00:00,2959240.04435575
2025-08-13 14:30:00,2959240.04435575
2025-08-13 15:00:00,2959240.04435575
2025-08-13 15:30:00,2959240.04435575
2025-08-13 16:00:00,2959240.04435575
2025-08-13 16:30:00,2959240.04435575
2025-08-13 17:00:00,2959240.04435575
2025-08-13 17:30:00,2959240.04435575
2025-08-13 18:00:00,2959240.04435575
2025-08-14 01:00:00,2959240.04435575
2025-08-14 01:30:00,2959240.04435575
2025-08-14 02:00:00,2959240.04435575
2025-08-14 02:30:00,2959240.04435575
2025-08-14 03:00:00,2959240.04435575
2025-08-14 05:00:00,2959240.04435575
2025-08-14 05:30:00,2959240.04435575
2025-08-14 06:00:00,2959240.04435575
2025-08-14 06:30:00,2959240.04435575
2025-08-14 07:00:00,2959240.04435575
2025-08-14 13:00:00,2959240.04435575
2025-08-14 13:30:00,2959240.04435575
2025-08-14 14:00:00,2959240.04435575
2025-08-14 14:30:00,2959240.04435575
2025-08-14 15:00:00,2959240.04435575
2025-08-14 15:30:00,2959240.04435575
2025-08-14 16:00:00,2959240.04435575
2025-08-14 16:30:00,2959240.04435575
2025-08-14 17:00:00,2959240.04435575
2025-08-14 17:30:00,2959240.04435575
2025-08-14 18:00:00,2959240.04435575
2025-08-15 01:00:00,2959240.04435575
2025-08-15 01:30:00,2959240.04435575
2025-08-15 02:00:00,2959240.04435575
2025-08-15 02:30:00,2959240.04435575
2025-08-15 03:00:00,2959240.04435575
2025-08-15 05:00:00,2959240.04435575
2025-08-15 05:30:00,2959240.04435575
2025-08-15 06:00:00,2959240.04435575
2025-08-15 06:30:00,2959240.04435575
2025-08-15 07:00:00,2959240.04435575
2025-08-15 13:00:00,2959240.04435575
2025-08-15 13:30:00,2962067.166042414
2025-08-15 14:00:00,2962067.166042414
2025-08-15 14:30:00,2962067.166042414
2025-08-15 15:00:00,2962067.166042414
2025-08-15 15:30:00,2962067.166042414
2025-08-15 16:00:00,2962067.166042414
2025-08-15 16:30:00,2962067.166042414
2025-08-15 17:00:00,2962067.166042414
2025-08-15 17:30:00,2962067.166042414
2025-08-15 18:00:00,2962067.166042414
2025-08-18 01:00:00,2962067.166042414
2025-08-18 01:30:00,2963028.999985515
2025-08-18 02:00:00,2963028.999985515
2025-08-18 02:30:00,2963028.999985515
2025-08-18 03:00:00,2963028.999985515
2025-08-18 05:00:00,2963028.999985515
2025-08-18 05:30:00,2963028.999985515
2025-08-18 06:00:00,2963028.999985515
2025-08-18 06:30:00,2963028.999985515
2025-08-18 07:00:00,2963028.999985515
2025-08-18 13:00:00,2963028.999985515
2025-08-18 13:30:00,2960734.973305982
2025-08-18 14:00:00,2960734.973305982
2025-08-18 14:30:00,2960734.973305982
2025-08-18 15:00:00,2960734.973305982
2025-08-18 15:30:00,2960734.973305982
2025-08-18 16:00:00,2960734.973305982
2025-08-18 16:30:00,2960734.973305982
2025-08-18 17:00:00,2960734.973305982
2025-08-18 17:30:00,2960734.973305982
2025-08-18 18:00:00,2960734.973305982
2025-08-19 01:00:00,2960734.973305982
2025-08-19 01:30:00,2960734.973305982
2025-08-19 02:00:00,2960734.973305982
2025-08-19 02:30:00,2956146.0462468984
2025-08-19 03:00:00,2956146.0462468984
2025-08-19 05:00:00,2956146.0462468984
2025-08-19 05:30:00,2956146.0462468984
2025-08-19 06:00:00,2956146.0462468984
2025-08-19 06:30:00,2956146.0462468984
2025-08-19 07:00:00,2956146.0462468984
2025-08-19 13:00:00,2956217.329104072
2025-08-19 13:30:00,2956217.329104072
2025-08-19 14:00:00,2956217.329104072
2025-08-19 14:30:00,2956217.329104072
2025-08-19 15:00:00,2956217.329104072
2025-08-19 15:30:00,2956217.329104072
2025-08-19 16:00:00,2956217.329104072
2025-08-19 16:30:00,2956217.329104072
2025-08-19 17:00:00,2956217.329104072
2025-08-19 17:30:00,2956217.329104072
2025-08-19 18:00:00,2956217.329104072
2025-08-20 01:00:00,2956217.329104072
2025-08-20 01:30:00,2956217.329104072
2025-08-20 02:00:00,2956217.329104072
2025-08-20 02:30:00,2956217.329104072
2025-08-20 03:00:00,2956217.329104072
2025-08-20 05:00:00,2956217.329104072
2025-08-20 05:30:00,2956217.329104072
2025-08-20 06:00:00,2956414.6653011795
2025-08-20 06:30:00,2956411.1697920146
2025-08-20 07:00:00,2956411.1697920146
2025-08-20 13:00:00,2956411.1697920146
2025-08-20 13:30:00,2955326.042416627
2025-08-20 14:00:00,2954059.098970736
2025-08-20 14:30:00,2957037.2637714064
2025-08-20 15:00:00,2957037.2637714064
2025-08-20 15:30:00,2957037.2637714064
2025-08-20 16:00:00,2957037.2637714064
2025-08-20 16:30:00,2957037.2637714064
2025-08-20 17:00:00,2957037.2637714064
2025-08-20 17:30:00,2957037.2637714064
2025-08-20 18:00:00,2957037.2637714064
2025-08-21 01:00:00,2957037.2637714064
2025-08-21 01:30:00,2957780.633721699
2025-08-21 02:00:00,2957780.633721699
2025-08-21 02:30:00,2957780.633721699
2025-08-21 03:00:00,2957780.633721699
2025-08-21 05:00:00,2957780.633721699
2025-08-21 05:30:00,2957780.633721699
2025-08-21 06:00:00,2957780.633721699
2025-08-21 06:30:00,2957780.633721699
2025-08-21 07:00:00,2957780.633721699
2025-08-21 13:00:00,2957780.633721699
2025-08-21 13:30:00,2957780.633721699
2025-08-21 14:00:00,2957780.633721699
2025-08-21 14:30:00,2957780.633721699
2025-08-21 15:00:00,2957780.633721699
2025-08-21 15:30:00,2957780.633721699
2025-08-21 16:00:00,2957780.633721699
2025-08-21 16:30:00,2957780.633721699
2025-08-21 17:00:00,2957780.633721699
2025-08-21 17:30:00,2957780.633721699
2025-08-21 18:00:00,2957780.633721699
2025-08-22 01:00:00,2957780.633721699
2025-08-22 01:30:00,2957780.633721699
2025-08-22 02:00:00,2957282.9454515954
2025-08-22 02:30:00,2957282.9454515954
2025-08-22 03:00:00,2957282.9454515954
2025-08-22 05:00:00,2957282.9454515954
2025-08-22 05:30:00,2957282.9454515954
2025-08-22 06:00:00,2957282.9454515954
2025-08-22 06:30:00,2957282.9454515954
2025-08-22 07:00:00,2957282.9454515954
2025-08-22 13:00:00,2957282.9454515954
2025-08-22 13:30:00,2957382.9454515954
2025-08-22 14:00:00,2956772.496459458
2025-08-22 14:30:00,2956772.496459458
2025-08-22 15:00:00,2956772.496459458
2025-08-22 15:30:00,2957535.1241082205
2025-08-22 16:00:00,2957535.1241082205
2025-08-22 16:30:00,2957535.1241082205
2025-08-22 17:00:00,2957535.1241082205
2025-08-22 17:30:00,2957535.1241082205
2025-08-22 18:00:00,2957535.1241082205
2025-08-25 01:00:00,2957535.1241082205
2025-08-25 01:30:00,2957173.3915595687
2025-08-25 02:00:00,2957173.3915595687
2025-08-25 02:30:00,2957173.3915595687
2025-08-25 03:00:00,2957173.3915595687
2025-08-25 05:00:00,2957173.3915595687
2025-08-25 05:30:00,2957173.3915595687
2025-08-25 06:00:00,2957173.3915595687
2025-08-25 06:30:00,2957173.3915595687
2025-08-25 07:00:00,2957173.3915595687
2025-08-25 13:00:00,2957173.3915595687
2025-08-25 13:30:00,2957173.3915595687
2025-08-25 14:00:00,2957173.3915595687
2025-08-25 14:30:00,2957173.3915595687
2025-08-25 15:00:00,2957173.3915595687
2025-08-25 15:30:00,2957173.3915595687
2025-08-25 16:00:00,2957173.3915595687
2025-08-25 16:30:00,2957173.3915595687
2025-08-25 17:00:00,2957173.3915595687
2025-08-25 17:30:00,2957173.3915595687
2025-08-25 18:00:00,2957173.3915595687
2025-08-26 01:00:00,2957173.3915595687
2025-08-26 01:30:00,2957507.597249394
2025-08-26 02:00:00,2957507.597249394
2025-08-26 02:30:00,2957507.597249394
2025-08-26 03:00:00,2957507.597249394
2025-08-26 05:00:00,2957507.597249394
2025-08-26 05:30:00,2957507.597249394
2025-08-26 06:00:00,2957507.597249394
2025-08-26 06:30:00,2959740.513435718
2025-08-26 07:00:00,2959740.513435718
2025-08-26 13:00:00,2959740.513435718
2025-08-26 13:30:00,2959740.513435718
2025-08-26 14:00:00,2959740.513435718
2025-08-26 14:30:00,2959463.546580167
2025-08-26 15:00:00,2959463.546580167
2025-08-26 15:30:00,2959463.546580167
2025-08-26 16:00:00,2959463.546580167
2025-08-26 16:30:00,2959463.546580167
2025-08-26 17:00:00,2959463.546580167
2025-08-26 17:30:00,2959463.546580167
2025-08-26 18:00:00,2959463.546580167
2025-08-27 01:00:00,2959463.546580167
2025-08-27 01:30:00,2959463.546580167
2025-08-27 02:00:00,2959463.546580167
2025-08-27 02:30:00,2959463.546580167
2025-08-27 03:00:00,2959463.546580167
2025-08-27 05:00:00,2959463.546580167
2025-08-27 05:30:00,2959483.3102981145
2025-08-27 06:00:00,2959483.3102981145
2025-08-27 06:30:00,2959483.3102981145
2025-08-27 07:00:00,2959483.3102981145
2025-08-27 13:00:00,2959483.3102981145
2025-08-27 13:30:00,2959483.3102981145
2025-08-27 14:00:00,2959483.3102981145
2025-08-27 14:30:00,2959483.3102981145
2025-08-27 15:00:00,2959483.3102981145
2025-08-27 15:30:00,2959483.3102981145
2025-08-27 16:00:00,2959483.3102981145
2025-08-27 16:30:00,2959483.3102981145
2025-08-27 17:00:00,2959483.3102981145
2025-08-27 17:30:00,2959483.3102981145
2025-08-27 18:00:00,2959483.3102981145
2025-08-28 01:00:00,2959483.3102981145
2025-08-28 01:30:00,2959483.3102981145
2025-08-28 02:00:00,2959483.3102981145
2025-08-28 02:30:00,2959483.3102981145
2025-08-28 03:00:00,2959483.3102981145
2025-08-28 05:00:00,2959483.3102981145
2025-08-28 05:30:00,2959483.3102981145
2025-08-28 06:00:00,2959483.3102981145
2025-08-28 06:30:00,2959483.3102981145
2025-08-28 07:00:00,2959483.3102981145
2025-08-28 13:00:00,2959483.3102981145
2025-08-28 13:30:00,2959483.3102981145
2025-08-28 14:00:00,2959483.3102981145
2025-08-28 14:30:00,2959483.3102981145
2025-08-28 15:00:00,2959483.3102981145
2025-08-28 15:30:00,2959483.3102981145
2025-08-28 16:00:00,2959483.3102981145
2025-08-28 16:30:00,2959483.3102981145
2025-08-28 17:00:00,2959483.3102981145
2025-08-28 17:30:00,2959483.3102981145
2025-08-28 18:00:00,2959483.3102981145
2025-08-29 01:00:00,2959483.3102981145
2025-08-29 01:30:00,2959131.853492317
2025-08-29 02:00:00,2959131.853492317
2025-08-29 02:30:00,2959131.853492317
2025-08-29 03:00:00,2959131.853492317
2025-08-29 05:00:00,2959131.853492317
2025-08-29 05:30:00,2959131.853492317
2025-08-29 06:00:00,2959131.853492317
2025-08-29 06:30:00,2959131.853492317
2025-08-29 07:00:00,2959131.853492317
2025-08-29 13:00:00,2959131.853492317
2025-08-29 13:30:00,2958603.560106781
2025-08-29 14:00:00,2958603.560106781
2025-08-29 14:30:00,2958603.560106781
2025-08-29 15:00:00,2958603.560106781
2025-08-29 15:30:00,2958603.560106781
2025-08-29 16:00:00,2958603.560106781
2025-08-29 16:30:00,2958603.560106781
2025-08-29 17:00:00,2958603.560106781
2025-08-29 17:30:00,2958603.560106781
2025-08-29 18:00:00,2958603.560106781
2025-09-01 01:00:00,2957515.970841852
2025-09-01 01:30:00,2957515.970841852
2025-09-01 02:00:00,2957515.970841852
2025-09-01 02:30:00,2957515.970841852
2025-09-01 03:00:00,2957515.970841852
2025-09-01 05:00:00,2957515.970841852
2025-09-01 05:30:00,2957515.970841852
2025-09-01 06:00:00,2957515.970841852
2025-09-01 06:30:00,2957515.970841852
2025-09-01 07:00:00,2957515.970841852
2025-09-01 13:00:00,2959308.7783623384
2025-09-01 13:30:00,2960608.7783623384
2025-09-01 14:00:00,2960608.7783623384
2025-09-01 14:30:00,2960608.7783623384
2025-09-01 15:00:00,2960608.7783623384
2025-09-01 15:30:00,2960608.7783623384
2025-09-01 16:00:00,2960608.7783623384
2025-09-01 16:30:00,2960608.7783623384
2025-09-01 17:00:00,2960608.7783623384
2025-09-01 17:30:00,2960608.7783623384
2025-09-01 18:00:00,2960608.7783623384
2025-09-02 01:00:00,2960608.7783623384
2025-09-02 01:30:00,2960608.7783623384
2025-09-02 02:00:00,2960608.7783623384
2025-09-02 02:30:00,2960608.7783623384
2025-09-02 03:00:00,2960814.8425074434
2025-09-02 05:00:00,2956665.9927979894
2025-09-02 05:30:00,2956665.9927979894
2025-09-02 06:00:00,2955766.5532854237
2025-09-02 06:30:00,2955766.5532854237
2025-09-02 07:00:00,2955766.5532854237
2025-09-02 13:00:00,2955766.5532854237
2025-09-02 13:30:00,2955766.5532854237
2025-09-02 14:00:00,2955766.5532854237
2025-09-02 14:30:00,2955766.5532854237
2025-09-02 15:00:00,2955766.5532854237
2025-09-02 15:30:00,2955766.5532854237
2025-09-02 16:00:00,2955766.5532854237
2025-09-02 16:30:00,2955766.5532854237
2025-09-02 17:00:00,2955766.5532854237
2025-09-02 17:30:00,2955766.5532854237
2025-09-02 18:00:00,2955766.5532854237
2025-09-03 01:00:00,2955766.5532854237
2025-09-03 01:30:00,2955766.5532854237
2025-09-03 02:00:00,2955766.5532854237
2025-09-03 02:30:00,2955463.6269074436
2025-09-03 03:00:00,2955463.6269074436
2025-09-03 05:00:00,2955463.6269074436
2025-09-03 05:30:00,2955085.887834978
2025-09-03 06:00:00,2955085.887834978
2025-09-03 06:30:00,2955085.887834978
2025-09-03 07:00:00,2955085.887834978
2025-09-03 13:00:00,2955085.887834978
2025-09-03 13:30:00,2955085.887834978
2025-09-03 14:00:00,2955085.887834978
2025-09-03 14:30:00,2955085.887834978
2025-09-03 15:00:00,2955085.887834978
2025-09-03 15:30:00,2955085.887834978
2025-09-03 16:00:00,2955085.887834978
2025-09-03 16:30:00,2955085.887834978
2025-09-03 17:00:00,2955085.887834978
2025-09-03 17:30:00,2955085.887834978
2025-09-03 18:00:00,2955085.887834978
2025-09-04 01:00:00,2955085.887834978
2025-09-04 01:30:00,2955085.887834978
2025-09-04 02:00:00,2955085.887834978
2025-09-04 02:30:00,2955085.887834978
2025-09-04 03:00:00,2954793.2671206086
2025-09-04 05:00:00,2954793.2671206086
2025-09-04 05:30:00,2954793.2671206086
2025-09-04 06:00:00,2954793.2671206086
2025-09-04 06:30:00,2954793.2671206086
2025-09-04 07:00:00,2954793.2671206086
2025-09-04 13:00:00,2954793.2671206086
2025-09-04 13:30:00,2954793.2671206086
2025-09-04 14:00:00,2954793.2671206086
2025-09-04 14:30:00,2954793.2671206086
2025-09-04 15:00:00,2954793.2671206086
2025-09-04 15:30:00,2954793.2671206086
2025-09-04 16:00:00,2954793.2671206086
2025-09-04 16:30:00,2954793.2671206086
2025-09-04 17:00:00,2954793.2671206086
2025-09-04 17:30:00,2954793.2671206086
2025-09-04 18:00:00,2954793.2671206086
2025-09-05 01:00:00,2954793.2671206086
2025-09-05 01:30:00,2954793.2671206086
2025-09-05 02:00:00,3079379.0793670896
2025-09-05 02:30:00,3079379.0793670896
2025-09-05 03:00:00,3079379.0793670896
2025-09-05 05:00:00,3079379.0793670896
2025-09-05 05:30:00,3079379.0793670896
2025-09-05 06:00:00,3079379.0793670896
2025-09-05 06:30:00,3079379.0793670896
2025-09-05 07:00:00,3079379.0793670896
2025-09-05 13:00:00,3079379.0793670896
2025-09-05 13:30:00,3079761.2223011376
2025-09-05 14:00:00,3079761.2223011376
2025-09-05 14:30:00,3079761.2223011376
2025-09-05 15:00:00,3079761.2223011376
2025-09-05 15:30:00,3079761.2223011376
2025-09-05 16:00:00,3079761.2223011376
2025-09-05 16:30:00,3079761.2223011376
2025-09-05 17:00:00,3079761.2223011376
2025-09-05 17:30:00,3079761.2223011376
2025-09-05 18:00:00,3079761.2223011376
2025-09-08 01:00:00,3079761.2223011376
2025-09-08 01:30:00,3080292.8399692257
2025-09-08 02:00:00,3080292.8399692257
2025-09-08 02:30:00,3080292.8399692257
2025-09-08 03:00:00,3080292.8399692257
2025-09-08 05:00:00,3080292.8399692257
2025-09-08 05:30:00,3080292.8399692257
2025-09-08 06:00:00,3080880.1115950984
2025-09-08 06:30:00,3080880.1115950984
2025-09-08 07:00:00,3080880.1115950984
2025-09-08 13:00:00,3080880.1115950984
2025-09-08 13:30:00,3080880.1115950984
2025-09-08 14:00:00,3080880.1115950984
2025-09-08 14:30:00,3080880.1115950984
2025-09-08 15:00:00,3080880.1115950984
2025-09-08 15:30:00,3080880.1115950984
2025-09-08 16:00:00,3080880.1115950984
2025-09-08 16:30:00,3080880.1115950984
2025-09-08 17:00:00,3080880.1115950984
2025-09-08 17:30:00,3080880.1115950984
2025-09-08 18:00:00,3080880.1115950984
2025-09-09 01:00:00,3080880.1115950984
2025-09-09 01:30:00,3080880.1115950984
2025-09-09 02:00:00,3080880.1115950984
2025-09-09 02:30:00,3080880.1115950984
2025-09-09 03:00:00,3080880.1115950984
2025-09-09 05:00:00,3080880.1115950984
2025-09-09 05:30:00,3072516.757044309
2025-09-09 06:00:00,3072516.757044309
2025-09-09 06:30:00,3072516.757044309
2025-09-09 07:00:00,3072516.757044309
2025-09-09 13:00:00,3072516.757044309
2025-09-09 13:30:00,3072516.757044309
2025-09-09 14:00:00,3072516.757044309
2025-09-09 14:30:00,3072516.757044309
2025-09-09 15:00:00,3072516.757044309
2025-09-09 15:30:00,3072516.757044309
2025-09-09 16:00:00,3072516.757044309
2025-09-09 16:30:00,3072516.757044309
2025-09-09 17:00:00,3072516.757044309
2025-09-09 17:30:00,3072516.757044309
2025-09-09 18:00:00,3072516.757044309
2025-09-10 01:00:00,3072516.757044309
2025-09-10 01:30:00,3072936.757044309
2025-09-10 02:00:00,3065241.2113939566
2025-09-10 02:30:00,3064508.4459309527
2025-09-10 03:00:00,3048540.3359477804
2025-09-10 05:00:00,3048540.3359477804
2025-09-10 05:30:00,3048540.3359477804
2025-09-10 06:00:00,3048540.3359477804
2025-09-10 06:30:00,3048540.3359477804
2025-09-10 07:00:00,3048540.3359477804
2025-09-10 13:00:00,3048540.3359477804
2025-09-10 13:30:00,3046853.414320409
2025-09-10 14:00:00,3046853.414320409
2025-09-10 14:30:00,3046853.414320409
2025-09-10 15:00:00,3046853.414320409
2025-09-10 15:30:00,3046853.414320409
2025-09-10 16:00:00,3046853.414320409
2025-09-10 16:30:00,3046853.414320409
2025-09-10 17:00:00,3046853.414320409
2025-09-10 17:30:00,3046853.414320409
2025-09-10 18:00:00,3046853.414320409
2025-09-11 01:00:00,3045140.3947375314
2025-09-11 01:30:00,3045140.3947375314
2025-09-11 02:00:00,3045140.3947375314
2025-09-11 02:30:00,3045140.3947375314
2025-09-11 03:00:00,3045140.3947375314
2025-09-11 05:00:00,3045140.3947375314
2025-09-11 05:30:00,3043514.5256742174
2025-09-11 06:00:00,3043514.5256742174
2025-09-11 06:30:00,3043514.5256742174
2025-09-11 07:00:00,3043514.5256742174
2025-09-11 13:00:00,3043514.5256742174
2025-09-11 13:30:00,3041865.4545014417
2025-09-11 14:00:00,3041865.4545014417
2025-09-11 14:30:00,3041865.4545014417
2025-09-11 15:00:00,3041865.4545014417
2025-09-11 15:30:00,3041865.4545014417
2025-09-11 16:00:00,3041865.4545014417
2025-09-11 16:30:00,3041865.4545014417
2025-09-11 17:00:00,3041865.4545014417
2025-09-11 17:30:00,3041865.4545014417
2025-09-11 18:00:00,3041865.4545014417
2025-09-12 01:00:00,3041865.4545014417
2025-09-12 01:30:00,3041283.905866272
2025-09-12 02:00:00,3041283.905866272
2025-09-12 02:30:00,3041283.905866272
2025-09-12 03:00:00,3041283.905866272
2025-09-12 05:00:00,3041283.905866272
2025-09-12 05:30:00,3039642.6471144194
2025-09-12 06:00:00,3039642.6471144194
2025-09-12 06:30:00,3038866.167162133
2025-09-12 07:00:00,3038866.167162133
2025-09-12 13:00:00,3038866.167162133
2025-09-12 13:30:00,3037726.167162133
2025-09-12 14:00:00,3037726.167162133
2025-09-12 14:30:00,3037726.167162133
2025-09-12 15:00:00,3037726.167162133
2025-09-12 15:30:00,3037726.167162133
2025-09-12 16:00:00,3037726.167162133
2025-09-12 16:30:00,3037726.167162133
2025-09-12 17:00:00,3037726.167162133
2025-09-12 17:30:00,3037726.167162133
2025-09-12 18:00:00,3037726.167162133
2025-09-15 01:00:00,3037173.6819684915
2025-09-15 01:30:00,3037173.6819684915
2025-09-15 02:00:00,3037173.6819684915
2025-09-15 02:30:00,3037173.6819684915
2025-09-15 03:00:00,3037173.6819684915
2025-09-15 05:00:00,3037173.6819684915
2025-09-15 05:30:00,3037173.6819684915
2025-09-15 06:00:00,3037173.6819684915
2025-09-15 06:30:00,3037173.6819684915
2025-09-15 07:00:00,3037173.6819684915
2025-09-15 13:00:00,3037173.6819684915
2025-09-15 13:30:00,3037921.0024095788
2025-09-15 14:00:00,3037921.0024095788
2025-09-15 14:30:00,3037921.0024095788
2025-09-15 15:00:00,3037921.0024095788
2025-09-15 15:30:00,3037921.0024095788
2025-09-15 16:00:00,3037921.0024095788
2025-09-15 16:30:00,3037921.0024095788
2025-09-15 17:00:00,3037921.0024095788
2025-09-15 17:30:00,3037921.0024095788
2025-09-15 18:00:00,3037921.0024095788
2025-09-16 01:00:00,3037921.0024095788
2025-09-16 01:30:00,3037921.0024095788
2025-09-16 02:00:00,3037178.4071481135
2025-09-16 02:30:00,3037178.4071481135
2025-09-16 03:00:00,3037178.4071481135
2025-09-16 05:00:00,3037178.4071481135
2025-09-16 05:30:00,3037178.4071481135
2025-09-16 06:00:00,3036591.0031138556
2025-09-16 06:30:00,3036591.0031138556
2025-09-16 07:00:00,3036591.0031138556
2025-09-16 13:00:00,3036591.0031138556
2025-09-16 13:30:00,3036591.0031138556
2025-09-16 14:00:00,3036591.0031138556
2025-09-16 14:30:00,3036591.0031138556
2025-09-16 15:00:00,3036591.0031138556
2025-09-16 15:30:00,3036591.0031138556
2025-09-16 16:00:00,3036591.0031138556
2025-09-16 16:30:00,3036591.0031138556
2025-09-16 17:00:00,3036591.0031138556
2025-09-16 17:30:00,3036591.0031138556
2025-09-16 18:00:00,3036591.0031138556
2025-09-17 01:00:00,3036591.0031138556
2025-09-17 01:30:00,3036591.0031138556
2025-09-17 02:00:00,3036591.0031138556
2025-09-17 02:30:00,3036591.0031138556
2025-09-17 03:00:00,3036591.0031138556
2025-09-17 05:00:00,3036591.0031138556
2025-09-17 05:30:00,3036012.982563926
2025-09-17 06:00:00,3036012.982563926
2025-09-17 06:30:00,3036012.982563926
2025-09-17 07:00:00,3036012.982563926
2025-09-17 13:00:00,3036012.982563926
2025-09-17 13:30:00,3036012.982563926
2025-09-17 14:00:00,3036012.982563926
2025-09-17 14:30:00,3036012.982563926
2025-09-17 15:00:00,3036012.982563926
2025-09-17 15:30:00,3036012.982563926
2025-09-17 16:00:00,3036012.982563926
2025-09-17 16:30:00,3036012.982563926
2025-09-17 17:00:00,3036012.982563926
2025-09-17 17:30:00,3036012.982563926
2025-09-17 18:00:00,3036012.982563926
2025-09-18 01:00:00,3036012.982563926
2025-09-18 01:30:00,3036012.982563926
2025-09-18 02:00:00,3036012.982563926
2025-09-18 02:30:00,3036012.982563926
2025-09-18 03:00:00,3036012.982563926
2025-09-18 05:00:00,3036012.982563926
2025-09-18 05:30:00,3036012.982563926
2025-09-18 06:00:00,3036012.982563926
2025-09-18 06:30:00,3036012.982563926
2025-09-18 07:00:00,3036012.982563926
2025-09-18 13:00:00,3038764.5153457867
2025-09-18 13:30:00,3038341.027167302
2025-09-18 14:00:00,3038341.027167302
2025-09-18 14:30:00,3038341.027167302
2025-09-18 15:00:00,3038341.027167302
2025-09-18 15:30:00,3038341.027167302
2025-09-18 16:00:00,3038341.027167302
2025-09-18 16:30:00,3038341.027167302
2025-09-18 17:00:00,3038341.027167302
2025-09-18 17:30:00,3038341.027167302
2025-09-18 18:00:00,3038341.027167302
2025-09-19 01:00:00,3036950.004385638
2025-09-19 01:30:00,3037269.8951592613
2025-09-19 02:00:00,3037269.8951592613
2025-09-19 02:30:00,3037269.8951592613
2025-09-19 03:00:00,3037269.8951592613
2025-09-19 05:00:00,3037269.8951592613
2025-09-19 05:30:00,3037269.8951592613
2025-09-19 06:00:00,3037269.8951592613
2025-09-19 06:30:00,3037269.8951592613
2025-09-19 07:00:00,3037269.8951592613
2025-09-19 13:00:00,3037269.8951592613
2025-09-19 13:30:00,3037269.8951592613
2025-09-19 14:00:00,3037269.8951592613
2025-09-19 14:30:00,3036531.5359150893
2025-09-19 15:00:00,3036531.5359150893
2025-09-19 15:30:00,3036531.5359150893
2025-09-19 16:00:00,3036531.5359150893
2025-09-19 16:30:00,3036531.5359150893
2025-09-19 17:00:00,3036531.5359150893
2025-09-19 17:30:00,3036531.5359150893
2025-09-19 18:00:00,3036531.5359150893
2025-09-22 01:00:00,3036531.5359150893
2025-09-22 01:30:00,3034609.8207036443
2025-09-22 02:00:00,3034609.8207036443
2025-09-22 02:30:00,3034609.8207036443
2025-09-22 03:00:00,3034609.8207036443
2025-09-22 05:00:00,3034609.8207036443
2025-09-22 05:30:00,3034609.8207036443
2025-09-22 06:00:00,3034609.8207036443
2025-09-22 06:30:00,3034609.8207036443
2025-09-22 07:00:00,3034609.8207036443
2025-09-22 13:00:00,3034609.8207036443
2025-09-22 13:30:00,3034609.8207036443
2025-09-22 14:00:00,3034609.8207036443
2025-09-22 14:30:00,3034609.8207036443
2025-09-22 15:00:00,3034609.8207036443
2025-09-22 15:30:00,3034609.8207036443
2025-09-22 16:00:00,3034609.8207036443
2025-09-22 16:30:00,3034609.8207036443
2025-09-22 17:00:00,3034609.8207036443
2025-09-22 17:30:00,3034609.8207036443
2025-09-22 18:00:00,3034609.8207036443
2025-09-23 01:00:00,3034609.8207036443
2025-09-23 01:30:00,3033659.8207036443
2025-09-23 02:00:00,3033659.8207036443
2025-09-23 02:30:00,3033659.8207036443
2025-09-23 03:00:00,3033659.8207036443
2025-09-23 05:00:00,3033659.8207036443
2025-09-23 05:30:00,3033659.8207036443
2025-09-23 06:00:00,3033659.8207036443
2025-09-23 06:30:00,3033659.8207036443
2025-09-23 07:00:00,3033659.8207036443
2025-09-23 13:00:00,3034981.911310274
2025-09-23 13:30:00,3035136.0217223307
2025-09-23 14:00:00,3035136.0217223307
2025-09-23 14:30:00,3035136.0217223307
2025-09-23 15:00:00,3035136.0217223307
2025-09-23 15:30:00,3035136.0217223307
2025-09-23 16:00:00,3035136.0217223307
2025-09-23 16:30:00,3035136.0217223307
2025-09-23 17:00:00,3035136.0217223307
2025-09-23 17:30:00,3035136.0217223307
2025-09-23 18:00:00,3035136.0217223307
2025-09-24 01:00:00,3035136.0217223307
2025-09-24 01:30:00,3033252.3750985707
2025-09-24 02:00:00,3033252.3750985707
2025-09-24 02:30:00,3031418.556532418
2025-09-24 03:00:00,3031652.425639338
2025-09-24 05:00:00,3031652.425639338
2025-09-24 05:30:00,3031652.425639338
2025-09-24 06:00:00,3035024.4211069597
2025-09-24 06:30:00,3035024.4211069597
2025-09-24 07:00:00,3035024.4211069597
2025-09-24 13:00:00,3035024.4211069597
2025-09-24 13:30:00,3040424.4211069597
2025-09-24 14:00:00,3040424.4211069597
2025-09-24 14:30:00,3040424.4211069597
2025-09-24 15:00:00,3040424.4211069597
2025-09-24 15:30:00,3040424.4211069597
2025-09-24 16:00:00,3040424.4211069597
2025-09-24 16:30:00,3040424.4211069597
2025-09-24 17:00:00,3040424.4211069597
2025-09-24 17:30:00,3040424.4211069597
2025-09-24 18:00:00,3040424.4211069597
2025-09-25 01:00:00,3040424.4211069597
2025-09-25 01:30:00,3040424.4211069597
2025-09-25 02:00:00,3040424.4211069597
2025-09-25 02:30:00,3040424.4211069597
2025-09-25 03:00:00,3040424.4211069597
2025-09-25 05:00:00,3040424.4211069597
2025-09-25 05:30:00,3040424.4211069597
2025-09-25 06:00:00,3040424.4211069597
2025-09-25 06:30:00,3040424.4211069597
2025-09-25 07:00:00,3040424.4211069597
2025-09-25 13:00:00,3040424.4211069597
2025-09-25 13:30:00,3040424.4211069597
2025-09-25 14:00:00,3040486.3596768235
2025-09-25 14:30:00,3040486.3596768235
2025-09-25 15:00:00,3040486.3596768235
2025-09-25 15:30:00,3040486.3596768235
2025-09-25 16:00:00,3040486.3596768235
2025-09-25 16:30:00,3040486.3596768235
2025-09-25 17:00:00,3040486.3596768235
2025-09-25 17:30:00,3040486.3596768235
2025-09-25 18:00:00,3040486.3596768235
2025-09-26 01:00:00,3040486.3596768235
2025-09-26 01:30:00,3038613.984200098
2025-09-26 02:00:00,3038613.984200098
2025-09-26 02:30:00,3058647.999623483
2025-09-26 03:00:00,3058647.999623483
2025-09-26 05:00:00,3058647.999623483
2025-09-26 05:30:00,3058647.999623483
2025-09-26 06:00:00,3058647.999623483
2025-09-26 06:30:00,3057885.585182022
2025-09-26 07:00:00,3057885.585182022
2025-09-26 13:00:00,3057885.585182022
2025-09-26 13:30:00,3057885.585182022
2025-09-26 14:00:00,3057885.585182022
2025-09-26 14:30:00,3057885.585182022
2025-09-26 15:00:00,3057885.585182022
2025-09-26 15:30:00,3057885.585182022
2025-09-26 16:00:00,3057885.585182022
2025-09-26 16:30:00,3057885.585182022
2025-09-26 17:00:00,3057885.585182022
2025-09-26 17:30:00,3057885.585182022
2025-09-26 18:00:00,3057885.585182022
2025-09-29 01:00:00,3055967.4198170044
2025-09-29 01:30:00,3056157.4198170044
2025-09-29 02:00:00,3056157.4198170044
2025-09-29 02:30:00,3056157.4198170044
2025-09-29 03:00:00,3056157.4198170044
2025-09-29 05:00:00,3056157.4198170044
2025-09-29 05:30:00,3055511.967359814
2025-09-29 06:00:00,3055511.967359814
2025-09-29 06:30:00,3061610.167410941
2025-09-29 07:00:00,3061610.167410941
2025-09-29 13:00:00,3061411.364239893
2025-09-29 13:30:00,3060736.500531256
2025-09-29 14:00:00,3060736.500531256
2025-09-29 14:30:00,3060736.500531256
2025-09-29 15:00:00,3063716.5729570766
2025-09-29 15:30:00,3063716.5729570766
2025-09-29 16:00:00,3063716.5729570766
2025-09-29 16:30:00,3063716.5729570766
2025-09-29 17:00:00,3063716.5729570766
2025-09-29 17:30:00,3063716.5729570766
2025-09-29 18:00:00,3063716.5729570766
2025-09-30 01:00:00,3063716.5729570766
2025-09-30 01:30:00,3062770.6031432287
2025-09-30 02:00:00,3062770.6031432287
2025-09-30 02:30:00,3062770.6031432287
2025-09-30 03:00:00,3062770.6031432287
2025-09-30 05:00:00,3062770.6031432287
2025-09-30 05:30:00,3062770.6031432287
2025-09-30 06:00:00,3062770.6031432287
2025-09-30 06:30:00,3062770.6031432287
2025-09-30 07:00:00,3062770.6031432287
2025-10-09 01:00:00,3062432.9139128756
2025-10-09 01:30:00,3061356.6158946888
2025-10-09 02:00:00,3061356.6158946888
2025-10-09 02:30:00,3061356.6158946888
2025-10-09 03:00:00,3061356.6158946888
2025-10-09 05:00:00,3061356.6158946888
2025-10-09 05:30:00,3061356.6158946888
2025-10-09 06:00:00,3062562.282622366
2025-10-09 06:30:00,3062562.282622366
2025-10-09 07:00:00,3062562.282622366
2025-10-09 13:00:00,3062562.282622366
2025-10-09 13:30:00,3065241.7368258554
2025-10-09 14:00:00,3067144.2636789395
2025-10-09 14:30:00,3067144.2636789395
2025-10-09 15:00:00,3067144.2636789395
2025-10-09 15:30:00,3067144.2636789395
2025-10-09 16:00:00,3067144.2636789395
2025-10-09 16:30:00,3067144.2636789395
2025-10-09 17:00:00,3067144.2636789395
2025-10-09 17:30:00,3067144.2636789395
2025-10-09 18:00:00,3067144.2636789395
2025-10-10 01:00:00,3067811.863595696
2025-10-10 01:30:00,3067811.863595696
2025-10-10 02:00:00,3066990.435110166
2025-10-10 02:30:00,3066990.435110166
2025-10-10 03:00:00,3066990.435110166
2025-10-10 05:00:00,3066990.435110166
2025-10-10 05:30:00,3066990.435110166
2025-10-10 06:00:00,3067610.435110166
2025-10-10 06:30:00,3067610.435110166
2025-10-10 07:00:00,3067610.435110166
2025-10-10 13:00:00,3067610.435110166
2025-10-10 13:30:00,3067610.435110166
2025-10-10 14:00:00,3067610.435110166
2025-10-10 14:30:00,3067610.435110166
2025-10-10 15:00:00,3067610.435110166
2025-10-10 15:30:00,3067610.435110166
2025-10-10 16:00:00,3065643.5799244936
2025-10-10 16:30:00,3065643.5799244936
2025-10-10 17:00:00,3065643.5799244936
2025-10-10 17:30:00,3065643.5799244936
2025-10-10 18:00:00,3065643.5799244936
2025-10-13 01:00:00,3065643.5799244936
2025-10-13 01:30:00,3064375.2715253746
2025-10-13 02:00:00,3064375.2715253746
2025-10-13 02:30:00,3064375.2715253746
2025-10-13 03:00:00,3064375.2715253746
2025-10-13 05:00:00,3064375.2715253746
2025-10-13 05:30:00,3064375.2715253746
2025-10-13 06:00:00,3064375.2715253746
2025-10-13 06:30:00,3063110.5885665948
2025-10-13 07:00:00,3063110.5885665948
2025-10-13 13:00:00,3063110.5885665948
2025-10-13 13:30:00,3064460.5885665948
2025-10-13 14:00:00,3064460.5885665948
2025-10-13 14:30:00,3064460.5885665948
2025-10-13 15:00:00,3064460.5885665948
2025-10-13 15:30:00,3064460.5885665948
2025-10-13 16:00:00,3064460.5885665948
2025-10-13 16:30:00,3064460.5885665948
2025-10-13 17:00:00,3064460.5885665948
2025-10-13 17:30:00,3064460.5885665948
2025-10-13 18:00:00,3064460.5885665948
2025-10-14 01:00:00,3064460.5885665948
2025-10-14 01:30:00,3064460.5885665948
2025-10-14 02:00:00,3064460.5885665948
2025-10-14 02:30:00,3064460.5885665948
2025-10-14 03:00:00,3064460.5885665948
2025-10-14 05:00:00,3064460.5885665948
2025-10-14 05:30:00,3064460.5885665948
2025-10-14 06:00:00,3064460.5885665948
2025-10-14 06:30:00,3064460.5885665948
2025-10-14 07:00:00,3064460.5885665948
2025-10-14 13:00:00,3064460.5885665948
2025-10-14 13:30:00,3064460.5885665948
2025-10-14 14:00:00,3065116.712570959
2025-10-14 14:30:00,3065116.712570959
2025-10-14 15:00:00,3065116.712570959
2025-10-14 15:30:00,3065116.712570959
2025-10-14 16:00:00,3065116.712570959
2025-10-14 16:30:00,3065116.712570959
2025-10-14 17:00:00,3065116.712570959
2025-10-14 17:30:00,3065116.712570959
2025-10-14 18:00:00,3065116.712570959
2025-10-15 01:00:00,3065116.712570959
2025-10-15 01:30:00,3063491.961845415
2025-10-15 02:00:00,3063491.961845415
2025-10-15 02:30:00,3063491.961845415
2025-10-15 03:00:00,3063491.961845415
2025-10-15 05:00:00,3063491.961845415
2025-10-15 05:30:00,3062748.4514429597
2025-10-15 06:00:00,3061208.9630377274
2025-10-15 06:30:00,3061208.9630377274
2025-10-15 07:00:00,3061208.9630377274
2025-10-15 13:00:00,3059157.899923282
2025-10-15 13:30:00,3059157.899923282
2025-10-15 14:00:00,3059157.899923282
2025-10-15 14:30:00,3059157.899923282
2025-10-15 15:00:00,3059157.899923282
2025-10-15 15:30:00,3059157.899923282
2025-10-15 16:00:00,3059157.899923282
2025-10-15 16:30:00,3059157.899923282
2025-10-15 17:00:00,3059157.899923282
2025-10-15 17:30:00,3059157.899923282
2025-10-15 18:00:00,3059157.899923282
2025-10-16 01:00:00,3059157.899923282
2025-10-16 01:30:00,3059157.899923282
2025-10-16 02:00:00,3059157.899923282
2025-10-16 02:30:00,3059157.899923282
2025-10-16 03:00:00,3059157.899923282
2025-10-16 05:00:00,3059157.899923282
2025-10-16 05:30:00,3059874.849553264
2025-10-16 06:00:00,3052175.620861187
2025-10-16 06:30:00,3052175.620861187
2025-10-16 07:00:00,3052175.620861187
2025-10-16 13:00:00,3052175.620861187
2025-10-16 13:30:00,3052175.620861187
2025-10-16 14:00:00,3052175.620861187
2025-10-16 14:30:00,3052175.620861187
2025-10-16 15:00:00,3052175.620861187
2025-10-16 15:30:00,3052175.620861187
2025-10-16 16:00:00,3052175.620861187
2025-10-16 16:30:00,3052175.620861187
2025-10-16 17:00:00,3052175.620861187
2025-10-16 17:30:00,3052175.620861187
2025-10-16 18:00:00,3052175.620861187
2025-10-17 01:00:00,3052175.620861187
2025-10-17 01:30:00,3052175.620861187
2025-10-17 02:00:00,3052175.620861187
2025-10-17 02:30:00,3052175.620861187
2025-10-17 03:00:00,3052175.620861187
2025-10-17 05:00:00,3052175.620861187
2025-10-17 05:30:00,3052175.620861187
2025-10-17 06:00:00,3052175.620861187
2025-10-17 06:30:00,3052175.620861187
2025-10-17 07:00:00,3052175.620861187
2025-10-17 13:00:00,3052175.620861187
2025-10-17 13:30:00,3052561.8440851723
2025-10-17 14:00:00,3052561.8440851723
2025-10-17 14:30:00,3052561.8440851723
2025-10-17 15:00:00,3052561.8440851723
2025-10-17 15:30:00,3052561.8440851723
2025-10-17 16:00:00,3052561.8440851723
2025-10-17 16:30:00,3052561.8440851723
2025-10-17 17:00:00,3052561.8440851723
2025-10-17 17:30:00,3052561.8440851723
2025-10-17 18:00:00,3052561.8440851723
2025-10-20 01:00:00,3052561.8440851723
2025-10-20 01:30:00,3052561.8440851723
2025-10-20 02:00:00,3054453.878650456
2025-10-20 02:30:00,3054453.878650456
2025-10-20 03:00:00,3053999.082233677
2025-10-20 05:00:00,3053999.082233677
2025-10-20 05:30:00,3053040.079632018
2025-10-20 06:00:00,3053040.079632018
2025-10-20 06:30:00,3053040.079632018
2025-10-20 07:00:00,3053040.079632018
2025-10-20 13:00:00,3052585.215852777
2025-10-20 13:30:00,3052585.215852777
2025-10-20 14:00:00,3052585.215852777
2025-10-20 14:30:00,3052585.215852777
2025-10-20 15:00:00,3052585.215852777
2025-10-20 15:30:00,3052585.215852777
2025-10-20 16:00:00,3052585.215852777
2025-10-20 16:30:00,3052585.215852777
2025-10-20 17:00:00,3052585.215852777
2025-10-20 17:30:00,3052585.215852777
2025-10-20 18:00:00,3052585.215852777
2025-10-21 01:00:00,3052585.215852777
2025-10-21 01:30:00,3051340.7521508145
2025-10-21 02:00:00,3051221.450920755
2025-10-21 02:30:00,3051221.450920755
2025-10-21 03:00:00,3051221.450920755
2025-10-21 05:00:00,3051221.450920755
2025-10-21 05:30:00,3051221.450920755
2025-10-21 06:00:00,3051221.450920755
2025-10-21 06:30:00,3051221.450920755
2025-10-21 07:00:00,3051221.450920755
2025-10-21 13:00:00,3050798.292429852
2025-10-21 13:30:00,3050798.292429852
2025-10-21 14:00:00,3050798.292429852
2025-10-21 14:30:00,3050798.292429852
2025-10-21 15:00:00,3050798.292429852
2025-10-21 15:30:00,3047518.751809597
2025-10-21 16:00:00,3047518.751809597
2025-10-21 16:30:00,3047518.751809597
2025-10-21 17:00:00,3047518.751809597
2025-10-21 17:30:00,3047518.751809597
2025-10-21 18:00:00,3047518.751809597
2025-10-22 01:00:00,3047518.751809597
2025-10-22 01:30:00,3047518.751809597
2025-10-22 02:00:00,3041466.7966267196
2025-10-22 02:30:00,3041466.7966267196
2025-10-22 03:00:00,3041466.7966267196
2025-10-22 05:00:00,3041466.7966267196
2025-10-22 05:30:00,3043166.7966267196
2025-10-22 06:00:00,3050666.7966267196
2025-10-22 06:30:00,3050666.7966267196
2025-10-22 07:00:00,3050666.7966267196
2025-10-22 13:00:00,3050666.7966267196
2025-10-22 13:30:00,3050666.7966267196
2025-10-22 14:00:00,3050666.7966267196
2025-10-22 14:30:00,3050666.7966267196
2025-10-22 15:00:00,3050666.7966267196
2025-10-22 15:30:00,3050666.7966267196
2025-10-22 16:00:00,3050666.7966267196
2025-10-22 16:30:00,3050666.7966267196
2025-10-22 17:00:00,3050666.7966267196
2025-10-22 17:30:00,3050666.7966267196
2025-10-22 18:00:00,3050666.7966267196
2025-10-23 01:00:00,3050666.7966267196
2025-10-23 01:30:00,3050666.7966267196
2025-10-23 02:00:00,3050666.7966267196
2025-10-23 02:30:00,3050666.7966267196
2025-10-23 03:00:00,3050666.7966267196
2025-10-23 05:00:00,3050666.7966267196
2025-10-23 05:30:00,3050666.7966267196
2025-10-23 06:00:00,3052233.606089441
2025-10-23 06:30:00,3022940.597608787
2025-10-23 07:00:00,3022940.597608787
2025-10-23 13:00:00,3022940.597608787
2025-10-23 13:30:00,3022940.597608787
2025-10-23 14:00:00,3022940.597608787
2025-10-23 14:30:00,3022940.597608787
2025-10-23 15:00:00,3022940.597608787
2025-10-23 15:30:00,3022940.597608787
2025-10-23 16:00:00,3022940.597608787
2025-10-23 16:30:00,3022940.597608787
2025-10-23 17:00:00,3022940.597608787
2025-10-23 17:30:00,3022940.597608787
2025-10-23 18:00:00,3022940.597608787
2025-10-24 01:00:00,3022940.597608787
2025-10-24 01:30:00,3022149.605160357
2025-10-24 02:00:00,3022149.605160357
2025-10-24 02:30:00,3022149.605160357
2025-10-24 03:00:00,3022149.605160357
2025-10-24 05:00:00,3022149.605160357
2025-10-24 05:30:00,3021526.168301015
2025-10-24 06:00:00,3021526.168301015
2025-10-24 06:30:00,3021526.168301015
2025-10-24 07:00:00,3021526.168301015
2025-10-24 13:00:00,3020098.757843402
2025-10-24 13:30:00,3019612.565531017
2025-10-24 14:00:00,3019612.565531017
2025-10-24 14:30:00,3019612.565531017
2025-10-24 15:00:00,3019612.565531017
2025-10-24 15:30:00,3019612.565531017
2025-10-24 16:00:00,3019612.565531017
2025-10-24 16:30:00,3019612.565531017
2025-10-24 17:00:00,3019612.565531017
2025-10-24 17:30:00,3019612.565531017
2025-10-24 18:00:00,3018324.04659657
2025-10-27 01:00:00,3018265.5389776193
2025-10-27 01:30:00,3017604.1940006814
2025-10-27 02:00:00,3017068.601697401
2025-10-27 02:30:00,3016984.9902226445
2025-10-27 03:00:00,3016984.9902226445
2025-10-27 05:00:00,3016984.9902226445
2025-10-27 05:30:00,3016984.9902226445
2025-10-27 06:00:00,3016984.9902226445
2025-10-27 06:30:00,3016984.9902226445
2025-10-27 07:00:00,3016984.9902226445
2025-10-27 13:00:00,3016984.9902226445
2025-10-27 13:30:00,3015051.481405312
2025-10-27 14:00:00,3015051.481405312
2025-10-27 14:30:00,3015051.481405312
2025-10-27 15:00:00,3015051.481405312
2025-10-27 15:30:00,3015051.481405312
2025-10-27 16:00:00,3015051.481405312
2025-10-27 16:30:00,3015051.481405312
2025-10-27 17:00:00,3015051.481405312
2025-10-27 17:30:00,3015051.481405312
2025-10-27 18:00:00,3015051.481405312
2025-10-28 01:00:00,3015051.481405312
2025-10-28 01:30:00,3015051.481405312
2025-10-28 02:00:00,3015802.4740141057
2025-10-28 02:30:00,3015802.4740141057
2025-10-28 03:00:00,3015450.0152307707
2025-10-28 05:00:00,3015450.0152307707
2025-10-28 05:30:00,3015450.0152307707
2025-10-28 06:00:00,3122168.5542831253
2025-10-28 06:30:00,3122168.5542831253
2025-10-28 07:00:00,3122168.5542831253
2025-10-28 13:00:00,3122768.5542831253
2025-10-28 13:30:00,3122768.5542831253
2025-10-28 14:00:00,3122472.6377911293
2025-10-28 14:30:00,3122472.6377911293
2025-10-28 15:00:00,3122472.6377911293
2025-10-28 15:30:00,3122472.6377911293
2025-10-28 16:00:00,3122472.6377911293
2025-10-28 16:30:00,3122472.6377911293
2025-10-28 17:00:00,3122472.6377911293
2025-10-28 17:30:00,3122472.6377911293
2025-10-28 18:00:00,3122472.6377911293
2025-10-29 01:00:00,3122472.6377911293
2025-10-29 01:30:00,3122472.6377911293
2025-10-29 02:00:00,3122472.6377911293
2025-10-29 02:30:00,3121609.7804726427
2025-10-29 03:00:00,3121609.7804726427
2025-10-29 05:00:00,3121609.7804726427
2025-10-29 05:30:00,3121232.897559399
2025-10-29 06:00:00,3121232.897559399
2025-10-29 06:30:00,3121232.897559399
2025-10-29 07:00:00,3121232.897559399
2025-10-29 13:00:00,3121232.897559399
2025-10-29 13:30:00,3121493.2310868423
2025-10-29 14:00:00,3121493.2310868423
2025-10-29 14:30:00,3121493.2310868423
2025-10-29 15:00:00,3121493.2310868423
2025-10-29 15:30:00,3121493.2310868423
2025-10-29 16:00:00,3121493.2310868423
2025-10-29 16:30:00,3121493.2310868423
2025-10-29 17:00:00,3121493.2310868423
2025-10-29 17:30:00,3121493.2310868423
2025-10-29 18:00:00,3121493.2310868423
2025-10-30 01:00:00,3121493.2310868423
2025-10-30 01:30:00,3121493.2310868423
2025-10-30 02:00:00,3121493.2310868423
2025-10-30 02:30:00,3121493.2310868423
2025-10-30 03:00:00,3121493.2310868423
2025-10-30 05:00:00,3121493.2310868423
2025-10-30 05:30:00,3121493.2310868423
2025-10-30 06:00:00,3121493.2310868423
2025-10-30 06:30:00,3121493.2310868423
2025-10-30 07:00:00,3121493.2310868423
2025-10-30 13:00:00,3121493.2310868423
2025-10-30 13:30:00,3121179.6413557758
2025-10-30 14:00:00,3121179.6413557758
2025-10-30 14:30:00,3121179.6413557758
2025-10-30 15:00:00,3121179.6413557758
2025-10-30 15:30:00,3121179.6413557758
2025-10-30 16:00:00,3121179.6413557758
2025-10-30 16:30:00,3121179.6413557758
2025-10-30 17:00:00,3121179.6413557758
2025-10-30 17:30:00,3121179.6413557758
2025-10-30 18:00:00,3121179.6413557758
2025-10-31 01:00:00,3121179.6413557758
2025-10-31 01:30:00,3121179.6413557758
2025-10-31 02:00:00,3121179.6413557758
2025-10-31 02:30:00,3121179.6413557758
2025-10-31 03:00:00,3125937.730739816
2025-10-31 05:00:00,3125937.730739816
2025-10-31 05:30:00,3125937.730739816
2025-10-31 06:00:00,3125937.730739816
2025-10-31 06:30:00,3125937.730739816
2025-10-31 07:00:00,3125937.730739816
2025-10-31 13:00:00,3125937.730739816
2025-10-31 13:30:00,3125937.730739816
2025-10-31 14:00:00,3125937.730739816
2025-10-31 14:30:00,3124744.237969152
2025-10-31 15:00:00,3124744.237969152
2025-10-31 15:30:00,3124744.237969152
2025-10-31 16:00:00,3124744.237969152
2025-10-31 16:30:00,3124744.237969152
2025-10-31 17:00:00,3124744.237969152
2025-10-31 17:30:00,3124744.237969152
2025-10-31 18:00:00,3124744.237969152
2025-11-03 01:00:00,3124744.237969152
2025-11-03 01:30:00,3125055.3843041174
2025-11-03 02:00:00,3125055.3843041174
2025-11-03 02:30:00,3125055.3843041174
2025-11-03 03:00:00,3122546.0125827696
2025-11-03 05:00:00,3122546.0125827696
2025-11-03 05:30:00,3122546.0125827696
2025-11-03 06:00:00,3122546.0125827696
2025-11-03 06:30:00,3122546.0125827696
2025-11-03 07:00:00,3122546.0125827696
2025-11-03 13:00:00,3122546.0125827696
2025-11-03 13:30:00,3122546.0125827696
2025-11-03 14:00:00,3122546.0125827696
2025-11-03 14:30:00,3122546.0125827696
2025-11-03 15:00:00,3122546.0125827696
2025-11-03 15:30:00,3121960.1945594535
2025-11-03 16:00:00,3121960.1945594535
2025-11-03 16:30:00,3121960.1945594535
2025-11-03 17:00:00,3121960.1945594535
2025-11-03 17:30:00,3121960.1945594535
2025-11-03 18:00:00,3121960.1945594535
2025-11-04 01:00:00,3121960.1945594535
2025-11-04 01:30:00,3121960.1945594535
2025-11-04 02:00:00,3113344.838837112
2025-11-04 02:30:00,3113344.838837112
2025-11-04 03:00:00,3113344.838837112
2025-11-04 05:00:00,3113344.838837112
2025-11-04 05:30:00,3112934.7360978806
2025-11-04 06:00:00,3112934.7360978806
2025-11-04 06:30:00,3112934.7360978806
2025-11-04 07:00:00,3112934.7360978806
2025-11-04 13:00:00,3112934.7360978806
2025-11-04 13:30:00,3114551.1958121588
2025-11-04 14:00:00,3114551.1958121588
2025-11-04 14:30:00,3114551.1958121588
2025-11-04 15:00:00,3114551.1958121588
2025-11-04 15:30:00,3114551.1958121588
2025-11-04 16:00:00,3114551.1958121588
2025-11-04 16:30:00,3114551.1958121588
2025-11-04 17:00:00,3114551.1958121588
2025-11-04 17:30:00,3114551.1958121588
2025-11-04 18:00:00,3114551.1958121588
2025-11-05 01:00:00,3114551.1958121588
2025-11-05 01:30:00,3115207.6226025387
2025-11-05 02:00:00,3114339.281051845
2025-11-05 02:30:00,3114339.281051845
2025-11-05 03:00:00,3114339.281051845
2025-11-05 05:00:00,3115938.6641144487
2025-11-05 05:30:00,3115938.6641144487
2025-11-05 06:00:00,3115938.6641144487
2025-11-05 06:30:00,3115938.6641144487
2025-11-05 07:00:00,3115938.6641144487
2025-11-05 13:00:00,3115938.6641144487
2025-11-05 13:30:00,3115938.6641144487
2025-11-05 14:00:00,3115938.6641144487
2025-11-05 14:30:00,3115938.6641144487
2025-11-05 15:00:00,3115938.6641144487
2025-11-05 15:30:00,3115938.6641144487
2025-11-05 16:00:00,3115938.6641144487
2025-11-05 16:30:00,3115938.6641144487
2025-11-05 17:00:00,3115938.6641144487
2025-11-05 17:30:00,3115938.6641144487
2025-11-05 18:00:00,3115938.6641144487
2025-11-06 01:00:00,3115938.6641144487
2025-11-06 01:30:00,3117324.624402307
2025-11-06 02:00:00,3116319.783847028
2025-11-06 02:30:00,3116319.783847028
2025-11-06 03:00:00,3116319.783847028
2025-11-06 05:00:00,3116319.783847028
2025-11-06 05:30:00,3116319.783847028
2025-11-06 06:00:00,3116303.400034952
2025-11-06 06:30:00,3116303.400034952
2025-11-06 07:00:00,3116303.400034952
2025-11-06 13:00:00,3116303.400034952
2025-11-06 13:30:00,3116303.400034952
2025-11-06 14:00:00,3116303.400034952
2025-11-06 14:30:00,3116303.400034952
2025-11-06 15:00:00,3116303.400034952
2025-11-06 15:30:00,3116303.400034952
2025-11-06 16:00:00,3116303.400034952
2025-11-06 16:30:00,3116303.400034952
2025-11-06 17:00:00,3116303.400034952
2025-11-06 17:30:00,3116303.400034952
2025-11-06 18:00:00,3116303.400034952
2025-11-07 01:00:00,3116303.400034952
2025-11-07 01:30:00,3116303.400034952
2025-11-07 02:00:00,3116303.400034952
2025-11-07 02:30:00,3116303.400034952
2025-11-07 03:00:00,3116303.400034952
2025-11-07 05:00:00,3116303.400034952
2025-11-07 05:30:00,3116303.400034952
2025-11-07 06:00:00,3116303.400034952
2025-11-07 06:30:00,3116303.400034952
2025-11-07 07:00:00,3116303.400034952
2025-11-07 13:00:00,3116303.400034952
2025-11-07 13:30:00,3116303.400034952
2025-11-07 14:00:00,3116303.400034952
2025-11-07 14:30:00,3116303.400034952
2025-11-07 15:00:00,3116303.400034952
2025-11-07 15:30:00,3116303.400034952
2025-11-07 16:00:00,3116303.400034952
2025-11-07 16:30:00,3116303.400034952
2025-11-07 17:00:00,3116303.400034952
2025-11-07 17:30:00,3116303.400034952
2025-11-07 18:00:00,3116303.400034952
2025-11-10 01:00:00,3116303.400034952
2025-11-10 01:30:00,3116303.400034952
2025-11-10 02:00:00,3116303.400034952
2025-11-10 02:30:00,3116303.400034952
2025-11-10 03:00:00,3116194.9883034546
2025-11-10 05:00:00,3116194.9883034546
2025-11-10 05:30:00,3115359.8142947573
2025-11-10 06:00:00,3115359.8142947573
2025-11-10 06:30:00,3118463.3583962093
2025-11-10 07:00:00,3118463.3583962093
2025-11-10 13:00:00,3118463.3583962093
2025-11-10 13:30:00,3118463.3583962093
2025-11-10 14:00:00,3118463.3583962093
2025-11-10 14:30:00,3118463.3583962093
2025-11-10 15:00:00,3118463.3583962093
2025-11-10 15:30:00,3118463.3583962093
2025-11-10 16:00:00,3117514.399336889
2025-11-10 16:30:00,3117514.399336889
2025-11-10 17:00:00,3117514.399336889
2025-11-10 17:30:00,3117514.399336889
2025-11-10 18:00:00,3115432.795873286
2025-11-11 01:00:00,3115432.795873286
2025-11-11 01:30:00,3115432.795873286
2025-11-11 02:00:00,3115432.795873286
2025-11-11 02:30:00,3115432.795873286
2025-11-11 03:00:00,3115855.8132806025
2025-11-11 05:00:00,3115855.8132806025
2025-11-11 05:30:00,3115855.8132806025
2025-11-11 06:00:00,3115855.8132806025
2025-11-11 06:30:00,3115855.8132806025
2025-11-11 07:00:00,3115855.8132806025
2025-11-11 13:00:00,3115855.8132806025
2025-11-11 13:30:00,3116436.8656810485
2025-11-11 14:00:00,3116436.8656810485
2025-11-11 14:30:00,3116436.8656810485
2025-11-11 15:00:00,3116436.8656810485
2025-11-11 15:30:00,3116436.8656810485
2025-11-11 16:00:00,3116436.8656810485
2025-11-11 16:30:00,3116436.8656810485
2025-11-11 17:00:00,3116436.8656810485
2025-11-11 17:30:00,3116436.8656810485
2025-11-11 18:00:00,3116436.8656810485
2025-11-12 01:00:00,3116436.8656810485
2025-11-12 01:30:00,3116436.8656810485
2025-11-12 02:00:00,3116436.8656810485
2025-11-12 02:30:00,3119224.9484565896
2025-11-12 03:00:00,3118782.246832941
2025-11-12 05:00:00,3118782.246832941
2025-11-12 05:30:00,3118782.246832941
2025-11-12 06:00:00,3118782.246832941
2025-11-12 06:30:00,3118782.246832941
2025-11-12 07:00:00,3118782.246832941
2025-11-12 13:00:00,3118782.246832941
2025-11-12 13:30:00,3118782.246832941
2025-11-12 14:00:00,3118782.246832941
2025-11-12 14:30:00,3118782.246832941
2025-11-12 15:00:00,3118782.246832941
2025-11-12 15:30:00,3118782.246832941
2025-11-12 16:00:00,3118782.246832941
2025-11-12 16:30:00,3118782.246832941
2025-11-12 17:00:00,3118782.246832941
2025-11-12 17:30:00,3118782.246832941
2025-11-12 18:00:00,3118782.246832941
2025-11-13 01:00:00,3118782.246832941
2025-11-13 01:30:00,3117530.47750355
2025-11-13 02:00:00,3117530.47750355
2025-11-13 02:30:00,3117530.47750355
2025-11-13 03:00:00,3117530.47750355
2025-11-13 05:00:00,3117530.47750355
2025-11-13 05:30:00,3117530.47750355
2025-11-13 06:00:00,3117530.47750355
2025-11-13 06:30:00,3117530.47750355
2025-11-13 07:00:00,3117530.47750355
2025-11-13 13:00:00,3117530.47750355
2025-11-13 13:30:00,3123830.47750355
2025-11-13 14:00:00,3123252.2935859375
2025-11-13 14:30:00,3123252.2935859375
2025-11-13 15:00:00,3123252.2935859375
2025-11-13 15:30:00,3123252.2935859375
2025-11-13 16:00:00,3123252.2935859375
2025-11-13 16:30:00,3123252.2935859375
2025-11-13 17:00:00,3123252.2935859375
2025-11-13 17:30:00,3123252.2935859375
2025-11-13 18:00:00,3123252.2935859375
2025-11-14 01:00:00,3124092.6023677015
2025-11-14 01:30:00,3124092.6023677015
2025-11-14 02:00:00,3129064.553748683
2025-11-14 02:30:00,3129064.553748683
2025-11-14 03:00:00,3129064.553748683
2025-11-14 05:00:00,3129064.553748683
2025-11-14 05:30:00,3129064.553748683
2025-11-14 06:00:00,3129244.0580189796
2025-11-14 06:30:00,3129244.0580189796
2025-11-14 07:00:00,3129244.0580189796
2025-11-14 13:00:00,3129244.0580189796
2025-11-14 13:30:00,3128718.726355061
2025-11-14 14:00:00,3128718.726355061
2025-11-14 14:30:00,3128718.726355061
2025-11-14 15:00:00,3128718.726355061
2025-11-14 15:30:00,3128718.726355061
2025-11-14 16:00:00,3128718.726355061
2025-11-14 16:30:00,3128718.726355061
2025-11-14 17:00:00,3128718.726355061
2025-11-14 17:30:00,3128718.726355061
2025-11-14 18:00:00,3128718.726355061
2025-11-17 01:00:00,3128718.726355061
2025-11-17 01:30:00,3127537.197780338
2025-11-17 02:00:00,3128200.0666229245
2025-11-17 02:30:00,3128200.0666229245
2025-11-17 03:00:00,3122970.001310048
2025-11-17 05:00:00,3122970.001310048
2025-11-17 05:30:00,3122970.001310048
2025-11-17 06:00:00,3122970.001310048
2025-11-17 06:30:00,3122970.001310048
2025-11-17 07:00:00,3122970.001310048
2025-11-17 13:00:00,3122970.001310048
2025-11-17 13:30:00,3122391.267034234
2025-11-17 14:00:00,3122391.267034234
2025-11-17 14:30:00,3122391.267034234
2025-11-17 15:00:00,3122391.267034234
2025-11-17 15:30:00,3122391.267034234
2025-11-17 16:00:00,3122391.267034234
2025-11-17 16:30:00,3122391.267034234
2025-11-17 17:00:00,3122391.267034234
2025-11-17 17:30:00,3122391.267034234
2025-11-17 18:00:00,3122391.267034234
2025-11-18 01:00:00,3122391.267034234
2025-11-18 01:30:00,3122391.267034234
2025-11-18 02:00:00,3122391.267034234
2025-11-18 02:30:00,3122391.267034234
2025-11-18 03:00:00,3126695.266174132
2025-11-18 05:00:00,3126695.266174132
2025-11-18 05:30:00,3126695.266174132
2025-11-18 06:00:00,3126695.266174132
2025-11-18 06:30:00,3126695.266174132
2025-11-18 07:00:00,3126695.266174132
2025-11-18 13:00:00,3126695.266174132
2025-11-18 13:30:00,3126695.266174132
2025-11-18 14:00:00,3126695.266174132
2025-11-18 14:30:00,3126695.266174132
2025-11-18 15:00:00,3126695.266174132
2025-11-18 15:30:00,3126695.266174132
2025-11-18 16:00:00,3126695.266174132
2025-11-18 16:30:00,3126695.266174132
2025-11-18 17:00:00,3126695.266174132
2025-11-18 17:30:00,3126695.266174132
2025-11-18 18:00:00,3126695.266174132
2025-11-19 01:00:00,3126695.266174132
2025-11-19 01:30:00,3126695.266174132
2025-11-19 02:00:00,3152600.3335342333
2025-11-19 02:30:00,3152600.3335342333
2025-11-19 03:00:00,3152600.3335342333
2025-11-19 05:00:00,3152600.3335342333
2025-11-19 05:30:00,3153301.818223101
2025-11-19 06:00:00,3153301.818223101
2025-11-19 06:30:00,3153301.818223101
2025-11-19 07:00:00,3153301.818223101
2025-11-19 13:00:00,3153301.818223101
2025-11-19 13:30:00,3151737.313448152
2025-11-19 14:00:00,3151737.313448152
2025-11-19 14:30:00,3150337.313448152
2025-11-19 15:00:00,3150337.313448152
2025-11-19 15:30:00,3150337.313448152
2025-11-19 16:00:00,3150337.313448152
2025-11-19 16:30:00,3150337.313448152
2025-11-19 17:00:00,3150337.313448152
2025-11-19 17:30:00,3150337.313448152
2025-11-19 18:00:00,3150337.313448152
2025-11-20 01:00:00,3150337.313448152
2025-11-20 01:30:00,3150337.313448152
2025-11-20 02:00:00,3150337.313448152
2025-11-20 02:30:00,3150337.313448152
2025-11-20 03:00:00,3150337.313448152
2025-11-20 05:00:00,3150337.313448152
2025-11-20 05:30:00,3158107.9059324656
2025-11-20 06:00:00,3162329.989598022
2025-11-20 06:30:00,3162329.989598022
2025-11-20 07:00:00,3162329.989598022
2025-11-20 13:00:00,3162329.989598022
2025-11-20 13:30:00,3162329.989598022
2025-11-20 14:00:00,3162329.989598022
2025-11-20 14:30:00,3162329.989598022
2025-11-20 15:00:00,3162329.989598022
2025-11-20 15:30:00,3162329.989598022
2025-11-20 16:00:00,3162329.989598022
2025-11-20 16:30:00,3162329.989598022
2025-11-20 17:00:00,3160568.000820527
2025-11-20 17:30:00,3160568.000820527
2025-11-20 18:00:00,3160568.000820527
2025-11-21 01:00:00,3160568.000820527
2025-11-21 01:30:00,3159723.7123645954
2025-11-21 02:00:00,3159723.7123645954
2025-11-21 02:30:00,3159723.7123645954
2025-11-21 03:00:00,3159723.7123645954
2025-11-21 05:00:00,3159723.7123645954
2025-11-21 05:30:00,3159723.7123645954
2025-11-21 06:00:00,3159723.7123645954
2025-11-21 06:30:00,3159376.9945372404
2025-11-21 07:00:00,3159376.9945372404
2025-11-21 13:00:00,3159376.9945372404
2025-11-21 13:30:00,3158996.9945372404
2025-11-21 14:00:00,3158996.9945372404
2025-11-21 14:30:00,3158996.9945372404
2025-11-21 15:00:00,3158996.9945372404
2025-11-21 15:30:00,3158996.9945372404
2025-11-21 16:00:00,3158996.9945372404
2025-11-21 16:30:00,3158996.9945372404
2025-11-21 17:00:00,3158996.9945372404
2025-11-21 17:30:00,3158996.9945372404
2025-11-21 18:00:00,3158996.9945372404
2025-11-24 01:00:00,3159019.1095884163
2025-11-24 01:30:00,3162159.887883218
2025-11-24 02:00:00,3162159.887883218
2025-11-24 02:30:00,3162159.887883218
2025-11-24 03:00:00,3162159.887883218
2025-11-24 05:00:00,3162159.887883218
2025-11-24 05:30:00,3162159.887883218
2025-11-24 06:00:00,3162159.887883218
2025-11-24 06:30:00,3162159.887883218
2025-11-24 07:00:00,3162159.887883218
2025-11-24 13:00:00,3161670.3309761817
2025-11-24 13:30:00,3161199.083516851
2025-11-24 14:00:00,3161199.083516851
2025-11-24 14:30:00,3161199.083516851
2025-11-24 15:00:00,3161199.083516851
2025-11-24 15:30:00,3161199.083516851
2025-11-24 16:00:00,3161199.083516851
2025-11-24 16:30:00,3161199.083516851
2025-11-24 17:00:00,3161199.083516851
2025-11-24 17:30:00,3161199.083516851
2025-11-24 18:00:00,3161199.083516851
2025-11-25 01:00:00,3161199.083516851
2025-11-25 01:30:00,3163689.6430016793
2025-11-25 02:00:00,3163689.6430016793
2025-11-25 02:30:00,3163689.6430016793
2025-11-25 03:00:00,3163072.3997393833
2025-11-25 05:00:00,3163072.3997393833
2025-11-25 05:30:00,3163072.3997393833
2025-11-25 06:00:00,3163072.3997393833
2025-11-25 06:30:00,3163072.3997393833
2025-11-25 07:00:00,3163072.3997393833
2025-11-25 13:00:00,3163072.3997393833
2025-11-25 13:30:00,3162714.578530499
2025-11-25 14:00:00,3162714.578530499
2025-11-25 14:30:00,3162714.578530499
2025-11-25 15:00:00,3162714.578530499
2025-11-25 15:30:00,3162714.578530499
2025-11-25 16:00:00,3162714.578530499
2025-11-25 16:30:00,3162714.578530499
2025-11-25 17:00:00,3162714.578530499
2025-11-25 17:30:00,3162667.0224270383
2025-11-25 18:00:00,3162667.0224270383
2025-11-26 01:00:00,3162667.0224270383
2025-11-26 01:30:00,3162185.3308129143
2025-11-26 02:00:00,3162185.3308129143
2025-11-26 02:30:00,3162185.3308129143
2025-11-26 03:00:00,3162185.3308129143
2025-11-26 05:00:00,3162185.3308129143
2025-11-26 05:30:00,3162185.3308129143
2025-11-26 06:00:00,3162185.3308129143
2025-11-26 06:30:00,3150480.244370511
2025-11-26 07:00:00,3150480.244370511
2025-11-26 13:00:00,3150480.244370511
2025-11-26 13:30:00,3149962.5565273184
2025-11-26 14:00:00,3149962.5565273184
2025-11-26 14:30:00,3149962.5565273184
2025-11-26 15:00:00,3149962.5565273184
2025-11-26 15:30:00,3149962.5565273184
2025-11-26 16:00:00,3149962.5565273184
2025-11-26 16:30:00,3149962.5565273184
2025-11-26 17:00:00,3149962.5565273184
2025-11-26 17:30:00,3149962.5565273184
2025-11-26 18:00:00,3149962.5565273184
2025-11-27 01:00:00,3147581.0246017883
2025-11-27 01:30:00,3147581.0246017883
2025-11-27 02:00:00,3147581.0246017883
2025-11-27 02:30:00,3147581.0246017883
2025-11-27 03:00:00,3147581.0246017883
2025-11-27 05:00:00,3147581.0246017883
2025-11-27 05:30:00,3147581.0246017883
2025-11-27 06:00:00,3147581.0246017883
2025-11-27 06:30:00,3147581.699608649
2025-11-27 07:00:00,3147581.699608649
2025-11-27 13:00:00,3147581.699608649
2025-11-27 13:30:00,3147581.699608649
2025-11-27 14:00:00,3147581.699608649
2025-11-27 14:30:00,3147581.699608649
2025-11-27 15:00:00,3147581.699608649
2025-11-27 15:30:00,3147581.699608649
2025-11-27 16:00:00,3147581.699608649
2025-11-27 16:30:00,3147581.699608649
2025-11-27 17:00:00,3147581.699608649
2025-11-27 17:30:00,3147581.699608649
2025-11-27 18:00:00,3147581.699608649
2025-11-28 01:00:00,3147581.699608649
2025-11-28 01:30:00,3147581.699608649
2025-11-28 02:00:00,3148109.4707338917
2025-11-28 02:30:00,3147608.875001657
2025-11-28 03:00:00,3147608.875001657
2025-11-28 05:00:00,3147608.875001657
2025-11-28 05:30:00,3147608.875001657
2025-11-28 06:00:00,3147608.875001657
2025-11-28 06:30:00,3147608.875001657
2025-11-28 07:00:00,3147608.875001657
2025-11-28 13:00:00,3147608.875001657
2025-11-28 13:30:00,3147608.875001657
2025-11-28 14:00:00,3147608.875001657
2025-11-28 14:30:00,3147608.875001657
2025-11-28 15:00:00,3147608.875001657
2025-11-28 15:30:00,3147608.875001657
2025-11-28 16:00:00,3147608.875001657
2025-11-28 16:30:00,3147608.875001657
2025-11-28 17:00:00,3147608.875001657
2025-11-28 17:30:00,3147608.875001657
2025-11-28 18:00:00,3147608.875001657
2025-12-01 01:00:00,3147608.875001657
2025-12-01 01:30:00,3147101.044505299
2025-12-01 02:00:00,3147101.044505299
2025-12-01 02:30:00,3147101.044505299
2025-12-01 03:00:00,3148235.4443369606
2025-12-01 05:00:00,3148235.4443369606
2025-12-01 05:30:00,3148235.4443369606
2025-12-01 06:00:00,3148235.4443369606
2025-12-01 06:30:00,3148235.4443369606
2025-12-01 07:00:00,3148235.4443369606
2025-12-01 13:00:00,3147202.178945711
2025-12-01 13:30:00,3147202.178945711
2025-12-01 14:00:00,3147202.178945711
2025-12-01 14:30:00,3147202.178945711
2025-12-01 15:00:00,3147202.178945711
2025-12-01 15:30:00,3147202.178945711
2025-12-01 16:00:00,3147202.178945711
2025-12-01 16:30:00,3147202.178945711
2025-12-01 17:00:00,3147202.178945711
2025-12-01 17:30:00,3147202.178945711
2025-12-01 18:00:00,3147202.178945711
2025-12-02 01:00:00,3145929.0197675703
2025-12-02 01:30:00,3144274.7849633186
2025-12-02 02:00:00,3152915.2874438665
2025-12-02 02:30:00,3152677.8943797206
2025-12-02 03:00:00,3152677.8943797206
2025-12-02 05:00:00,3152677.8943797206
2025-12-02 05:30:00,3152677.8943797206
2025-12-02 06:00:00,3152677.8943797206
2025-12-02 06:30:00,3152677.8943797206
2025-12-02 07:00:00,3152677.8943797206
2025-12-02 13:00:00,3152677.8943797206
2025-12-02 13:30:00,3152677.8943797206
2025-12-02 14:00:00,3152677.8943797206
2025-12-02 14:30:00,3152677.8943797206
2025-12-02 15:00:00,3152677.8943797206
2025-12-02 15:30:00,3152677.8943797206
2025-12-02 16:00:00,3152677.8943797206
2025-12-02 16:30:00,3152677.8943797206
2025-12-02 17:00:00,3152677.8943797206
2025-12-02 17:30:00,3152677.8943797206
2025-12-02 18:00:00,3152677.8943797206
2025-12-03 01:00:00,3152677.8943797206
2025-12-03 01:30:00,3152677.8943797206
2025-12-03 02:00:00,3152677.8943797206
2025-12-03 02:30:00,3152677.8943797206
2025-12-03 03:00:00,3152677.8943797206
2025-12-03 05:00:00,3152677.8943797206
2025-12-03 05:30:00,3152677.8943797206
2025-12-03 06:00:00,3152000.5488636065
2025-12-03 06:30:00,3152000.5488636065
2025-12-03 07:00:00,3152000.5488636065
2025-12-03 13:00:00,3152000.5488636065
2025-12-03 13:30:00,3153032.2547057066
2025-12-03 14:00:00,3153032.2547057066
2025-12-03 14:30:00,3153032.2547057066
2025-12-03 15:00:00,3153032.2547057066
2025-12-03 15:30:00,3153032.2547057066
2025-12-03 16:00:00,3153032.2547057066
2025-12-03 16:30:00,3153032.2547057066
2025-12-03 17:00:00,3153032.2547057066
2025-12-03 17:30:00,3153032.2547057066
2025-12-03 18:00:00,3153032.2547057066
2025-12-04 01:00:00,3153032.2547057066
2025-12-04 01:30:00,3154354.864082969
2025-12-04 02:00:00,3154354.864082969
2025-12-04 02:30:00,3154354.864082969
2025-12-04 03:00:00,3154354.864082969
2025-12-04 05:00:00,3154354.864082969
2025-12-04 05:30:00,3154354.864082969
2025-12-04 06:00:00,3154354.864082969
2025-12-04 06:30:00,3154354.864082969
2025-12-04 07:00:00,3154354.864082969
2025-12-04 13:00:00,3154354.864082969
2025-12-04 13:30:00,3154354.864082969
2025-12-04 14:00:00,3154354.864082969
2025-12-04 14:30:00,3154354.864082969
2025-12-04 15:00:00,3154354.864082969
2025-12-04 15:30:00,3154354.864082969
2025-12-04 16:00:00,3154354.864082969
2025-12-04 16:30:00,3154354.864082969
2025-12-04 17:00:00,3154354.864082969
2025-12-04 17:30:00,3154354.864082969
2025-12-04 18:00:00,3154354.864082969
2025-12-05 01:00:00,3154354.864082969
2025-12-05 01:30:00,3153770.667199193
2025-12-05 02:00:00,3153770.667199193
2025-12-05 02:30:00,3153770.667199193
2025-12-05 03:00:00,3161892.7284531523
2025-12-05 05:00:00,3161892.7284531523
2025-12-05 05:30:00,3161892.7284531523
2025-12-05 06:00:00,3161892.7284531523
2025-12-05 06:30:00,3161892.7284531523
2025-12-05 07:00:00,3161892.7284531523
2025-12-05 13:00:00,3161892.7284531523
2025-12-05 13:30:00,3161892.7284531523
2025-12-05 14:00:00,3161892.7284531523
2025-12-05 14:30:00,3161892.7284531523
2025-12-05 15:00:00,3161892.7284531523
2025-12-05 15:30:00,3161892.7284531523
2025-12-05 16:00:00,3161892.7284531523
2025-12-05 16:30:00,3164627.278205262
2025-12-05 17:00:00,3164627.278205262
2025-12-05 17:30:00,3164627.278205262
2025-12-05 18:00:00,3164627.278205262
2025-12-08 01:00:00,3164627.278205262
2025-12-08 01:30:00,3164627.278205262
2025-12-08 02:00:00,3164627.278205262
2025-12-08 02:30:00,3164627.278205262
2025-12-08 03:00:00,3164627.278205262
2025-12-08 05:00:00,3164627.278205262
2025-12-08 05:30:00,3164627.278205262
2025-12-08 06:00:00,3164627.278205262
2025-12-08 06:30:00,3164627.278205262
2025-12-08 07:00:00,3164627.278205262
2025-12-08 13:00:00,3167522.76025862
2025-12-08 13:30:00,3164705.5385419256
2025-12-08 14:00:00,3164705.5385419256
2025-12-08 14:30:00,3164705.5385419256
2025-12-08 15:00:00,3164705.5385419256
2025-12-08 15:30:00,3164705.5385419256
2025-12-08 16:00:00,3164705.5385419256
2025-12-08 16:30:00,3164705.5385419256
2025-12-08 17:00:00,3164705.5385419256
2025-12-08 17:30:00,3164705.5385419256
2025-12-08 18:00:00,3164705.5385419256
2025-12-09 01:00:00,3164705.5385419256
2025-12-09 01:30:00,3164705.5385419256
2025-12-09 02:00:00,3164705.5385419256
2025-12-09 02:30:00,3164705.5385419256
2025-12-09 03:00:00,3164705.5385419256
2025-12-09 05:00:00,3164705.5385419256
2025-12-09 05:30:00,3164705.5385419256
2025-12-09 06:00:00,3164085.0287833447
2025-12-09 06:30:00,3164085.0287833447
2025-12-09 07:00:00,3164085.0287833447
2025-12-09 13:00:00,3164085.0287833447
2025-12-09 13:30:00,3160980.0287833447
2025-12-09 14:00:00,3160980.0287833447
2025-12-09 14:30:00,3160980.0287833447
2025-12-09 15:00:00,3160980.0287833447
2025-12-09 15:30:00,3160980.0287833447
2025-12-09 16:00:00,3160980.0287833447
2025-12-09 16:30:00,3160980.0287833447
2025-12-09 17:00:00,3160980.0287833447
2025-12-09 17:30:00,3160980.0287833447
2025-12-09 18:00:00,3160980.0287833447
2025-12-10 01:00:00,3160980.0287833447
2025-12-10 01:30:00,3160980.0287833447
2025-12-10 02:00:00,3160980.0287833447
2025-12-10 02:30:00,3160980.0287833447
2025-12-10 03:00:00,3160980.0287833447
2025-12-10 05:00:00,3160980.0287833447
2025-12-10 05:30:00,3160980.0287833447
2025-12-10 06:00:00,3160980.0287833447
2025-12-10 06:30:00,3150538.313819492
2025-12-10 07:00:00,3150538.313819492
2025-12-10 13:00:00,3151206.222773678
2025-12-10 13:30:00,3153026.842107022
2025-12-10 14:00:00,3153026.842107022
2025-12-10 14:30:00,3153026.842107022
2025-12-10 15:00:00,3153026.842107022
2025-12-10 15:30:00,3153026.842107022
2025-12-10 16:00:00,3153026.842107022
2025-12-10 16:30:00,3153026.842107022
2025-12-10 17:00:00,3153026.842107022
2025-12-10 17:30:00,3153026.842107022
2025-12-10 18:00:00,3153026.842107022
2025-12-11 01:00:00,3152164.124032192
2025-12-11 01:30:00,3152164.124032192
2025-12-11 02:00:00,3152164.124032192
2025-12-11 02:30:00,3152164.124032192
2025-12-11 03:00:00,3150649.001208715
2025-12-11 05:00:00,3150649.001208715
2025-12-11 05:30:00,3150649.001208715
2025-12-11 06:00:00,3150649.001208715
2025-12-11 06:30:00,3150649.001208715
2025-12-11 07:00:00,3150649.001208715
2025-12-11 13:00:00,3150649.001208715
2025-12-11 13:30:00,3150649.001208715
2025-12-11 14:00:00,3150649.001208715
2025-12-11 14:30:00,3150649.001208715
2025-12-11 15:00:00,3150649.001208715
2025-12-11 15:30:00,3150649.001208715
2025-12-11 16:00:00,3150649.001208715
2025-12-11 16:30:00,3150649.001208715
2025-12-11 17:00:00,3150649.001208715
2025-12-11 17:30:00,3150649.001208715
2025-12-11 18:00:00,3150649.001208715
2025-12-12 01:00:00,3150649.001208715
2025-12-12 01:30:00,3150132.366501757
2025-12-12 02:00:00,3150132.366501757
2025-12-12 02:30:00,3152941.219226079
2025-12-12 03:00:00,3152941.219226079
2025-12-12 05:00:00,3152941.219226079
2025-12-12 05:30:00,3152941.219226079
2025-12-12 06:00:00,3151887.8717364715
2025-12-12 06:30:00,3151887.8717364715
2025-12-12 07:00:00,3151887.8717364715
2025-12-12 13:00:00,3151503.4527071835
2025-12-12 13:30:00,3150353.4527071835
2025-12-12 14:00:00,3150353.4527071835
2025-12-12 14:30:00,3150353.4527071835
2025-12-12 15:00:00,3150353.4527071835
2025-12-12 15:30:00,3150353.4527071835
2025-12-12 16:00:00,3150353.4527071835
2025-12-12 16:30:00,3150353.4527071835
2025-12-12 17:00:00,3150353.4527071835
2025-12-12 17:30:00,3150353.4527071835
2025-12-12 18:00:00,3150353.4527071835
2025-12-15 01:00:00,3150353.4527071835
2025-12-15 01:30:00,3150353.4527071835
2025-12-15 02:00:00,3150353.4527071835
2025-12-15 02:30:00,3150353.4527071835
2025-12-15 03:00:00,3150327.247064763
2025-12-15 05:00:00,3150327.247064763
2025-12-15 05:30:00,3150327.247064763
2025-12-15 06:00:00,3150817.742058204
2025-12-15 06:30:00,3150817.742058204
2025-12-15 07:00:00,3150817.742058204
2025-12-15 13:00:00,3150817.742058204
2025-12-15 13:30:00,3150817.742058204
2025-12-15 14:00:00,3150817.742058204
2025-12-15 14:30:00,3150817.742058204
2025-12-15 15:00:00,3150817.742058204
2025-12-15 15:30:00,3150817.742058204
2025-12-15 16:00:00,3150817.742058204
2025-12-15 16:30:00,3150817.742058204
2025-12-15 17:00:00,3150817.742058204
2025-12-15 17:30:00,3150817.742058204
2025-12-15 18:00:00,3150817.742058204
2025-12-16 01:00:00,3150817.742058204
2025-12-16 01:30:00,3150817.742058204
2025-12-16 02:00:00,3150817.742058204
2025-12-16 02:30:00,3150817.742058204
2025-12-16 03:00:00,3150817.742058204
2025-12-16 05:00:00,3150817.742058204
2025-12-16 05:30:00,3150817.742058204
2025-12-16 06:00:00,3151004.0279145036
2025-12-16 06:30:00,3151004.0279145036
2025-12-16 07:00:00,3151004.0279145036
2025-12-16 13:00:00,3151004.0279145036
2025-12-16 13:30:00,3151004.0279145036
2025-12-16 14:00:00,3149721.7458957434
2025-12-16 14:30:00,3149721.7458957434
2025-12-16 15:00:00,3149721.7458957434
2025-12-16 15:30:00,3149721.7458957434
2025-12-16 16:00:00,3149721.7458957434
2025-12-16 16:30:00,3149721.7458957434
2025-12-16 17:00:00,3149721.7458957434
2025-12-16 17:30:00,3149721.7458957434
2025-12-16 18:00:00,3149721.7458957434
2025-12-17 01:00:00,3149721.7458957434
2025-12-17 01:30:00,3150869.69392895
2025-12-17 02:00:00,3150869.69392895
2025-12-17 02:30:00,3150869.69392895
2025-12-17 03:00:00,3150869.69392895
2025-12-17 05:00:00,3152273.726923784
2025-12-17 05:30:00,3152273.726923784
2025-12-17 06:00:00,3152273.726923784
2025-12-17 06:30:00,3152273.726923784
2025-12-17 07:00:00,3152273.726923784
2025-12-17 13:00:00,3155312.301402143
2025-12-17 13:30:00,3158162.301402143
2025-12-17 14:00:00,3158162.301402143
2025-12-17 14:30:00,3158162.301402143
2025-12-17 15:00:00,3158162.301402143
2025-12-17 15:30:00,3158162.301402143
2025-12-17 16:00:00,3158162.301402143
2025-12-17 16:30:00,3158162.301402143
2025-12-17 17:00:00,3158162.301402143
2025-12-17 17:30:00,3158162.301402143
2025-12-17 18:00:00,3158162.301402143
2025-12-18 01:00:00,3158162.301402143
2025-12-18 01:30:00,3160875.3957094876
2025-12-18 02:00:00,3101355.3957094876
2025-12-18 02:30:00,3101355.3957094876
2025-12-18 03:00:00,3101355.3957094876
2025-12-18 05:00:00,3101355.3957094876
2025-12-18 05:30:00,3101355.3957094876
2025-12-18 06:00:00,3101355.3957094876
2025-12-18 06:30:00,3101355.3957094876
2025-12-18 07:00:00,3101355.3957094876
2025-12-18 13:00:00,3101355.3957094876
2025-12-18 13:30:00,3101355.3957094876
2025-12-18 14:00:00,3104615.975212989
2025-12-18 14:30:00,3104615.975212989
2025-12-18 15:00:00,3101640.8656635047
2025-12-18 15:30:00,3101640.8656635047
2025-12-18 16:00:00,3101640.8656635047
2025-12-18 16:30:00,3101640.8656635047
2025-12-18 17:00:00,3101640.8656635047
2025-12-18 17:30:00,3101640.8656635047
2025-12-18 18:00:00,3101640.8656635047
2025-12-19 01:00:00,3101640.8656635047
2025-12-19 01:30:00,3101640.8656635047
2025-12-19 02:00:00,3101640.8656635047
2025-12-19 02:30:00,3101640.8656635047
2025-12-19 03:00:00,3101640.8656635047
2025-12-19 05:00:00,3101640.8656635047
2025-12-19 05:30:00,3101640.8656635047
2025-12-19 06:00:00,3101640.8656635047
2025-12-19 06:30:00,3092597.836879323
2025-12-19 07:00:00,3092597.836879323
2025-12-19 13:00:00,3092597.836879323
2025-12-19 13:30:00,3092597.836879323
2025-12-19 14:00:00,3092597.836879323
2025-12-19 14:30:00,3092597.836879323
2025-12-19 15:00:00,3092597.836879323
2025-12-19 15:30:00,3092597.836879323
2025-12-19 16:00:00,3092597.836879323
2025-12-19 16:30:00,3092597.836879323
2025-12-19 17:00:00,3092597.836879323
2025-12-19 17:30:00,3092597.836879323
2025-12-19 18:00:00,3092597.836879323
2025-12-22 01:00:00,3092597.836879323
2025-12-22 01:30:00,3093113.038516555
2025-12-22 02:00:00,3093113.038516555
2025-12-22 02:30:00,3093113.038516555
2025-12-22 03:00:00,3093113.038516555
2025-12-22 05:00:00,3093113.038516555
2025-12-22 05:30:00,3093113.038516555
2025-12-22 06:00:00,3093113.038516555
2025-12-22 06:30:00,3093113.038516555
2025-12-22 07:00:00,3093113.038516555
2025-12-22 13:00:00,3093113.038516555
2025-12-22 13:30:00,3093113.038516555
2025-12-22 14:00:00,3093113.038516555
2025-12-22 14:30:00,3094154.832754278
2025-12-22 15:00:00,3094154.832754278
2025-12-22 15:30:00,3094154.832754278
2025-12-22 16:00:00,3094154.832754278
2025-12-22 16:30:00,3094154.832754278
2025-12-22 17:00:00,3094154.832754278
2025-12-22 17:30:00,3094154.832754278
2025-12-22 18:00:00,3094154.832754278
2025-12-23 01:00:00,3094154.832754278
2025-12-23 01:30:00,3094510.4337574774
2025-12-23 02:00:00,3094510.4337574774
2025-12-23 02:30:00,3093620.7604706767
2025-12-23 03:00:00,3093620.7604706767
2025-12-23 05:00:00,3093620.7604706767
2025-12-23 05:30:00,3093620.7604706767
2025-12-23 06:00:00,3093620.7604706767
2025-12-23 06:30:00,3093620.7604706767
2025-12-23 07:00:00,3093620.7604706767
2025-12-23 13:00:00,3093761.591438255
2025-12-23 13:30:00,3093761.591438255
2025-12-23 14:00:00,3093761.591438255
2025-12-23 14:30:00,3093761.591438255
2025-12-23 15:00:00,3093761.591438255
2025-12-23 15:30:00,3093761.591438255
2025-12-23 16:00:00,3093761.591438255
2025-12-23 16:30:00,3093761.591438255
2025-12-23 17:00:00,3093761.591438255
2025-12-23 17:30:00,3093761.591438255
2025-12-23 18:00:00,3093761.591438255
2025-12-24 01:00:00,3093761.591438255
2025-12-24 01:30:00,3093761.591438255
2025-12-24 02:00:00,3093761.591438255
2025-12-24 02:30:00,3091203.6985286395
2025-12-24 03:00:00,3091203.6985286395
2025-12-24 05:00:00,3091203.6985286395
2025-12-24 05:30:00,3091203.6985286395
2025-12-24 06:00:00,3091203.6985286395
2025-12-24 06:30:00,3091203.6985286395
2025-12-24 07:00:00,3091203.6985286395
2025-12-24 13:00:00,3091203.6985286395
2025-12-24 13:30:00,3091203.6985286395
2025-12-24 14:00:00,3091203.6985286395
2025-12-24 14:30:00,3091203.6985286395
2025-12-24 15:00:00,3091203.6985286395
2025-12-24 15:30:00,3091203.6985286395
2025-12-24 16:00:00,3091203.6985286395
2025-12-24 16:30:00,3091203.6985286395
2025-12-24 17:00:00,3091203.6985286395
2025-12-24 17:30:00,3091203.6985286395
2025-12-24 18:00:00,3091203.6985286395
2025-12-25 01:00:00,3091203.6985286395
2025-12-25 01:30:00,3091203.6985286395
2025-12-25 02:00:00,3090950.8099771026
2025-12-25 02:30:00,3090950.8099771026
2025-12-25 03:00:00,3090950.8099771026
2025-12-25 05:00:00,3090950.8099771026
2025-12-25 05:30:00,3090950.8099771026
2025-12-25 06:00:00,3090950.8099771026
2025-12-25 06:30:00,3090950.8099771026
2025-12-25 07:00:00,3090950.8099771026
2025-12-25 13:00:00,3090950.8099771026
2025-12-25 13:30:00,3090950.8099771026
2025-12-25 14:00:00,3090950.8099771026
2025-12-25 14:30:00,3090950.8099771026
2025-12-25 15:00:00,3090950.8099771026
2025-12-25 15:30:00,3090950.8099771026
2025-12-25 16:00:00,3090950.8099771026
2025-12-25 16:30:00,3090950.8099771026
2025-12-25 17:00:00,3090950.8099771026
2025-12-25 17:30:00,3090950.8099771026
2025-12-25 18:00:00,3090950.8099771026
2025-12-26 01:00:00,3090950.8099771026
2025-12-26 01:30:00,3090950.8099771026
2025-12-26 02:00:00,3090950.8099771026
2025-12-26 02:30:00,3090829.0515809474
2025-12-26 03:00:00,3090283.2587748654
2025-12-26 05:00:00,3145518.153486673
2025-12-26 05:30:00,3145518.153486673
2025-12-26 06:00:00,3145518.153486673
2025-12-26 06:30:00,3143610.801173177
2025-12-26 07:00:00,3143610.801173177
2025-12-26 13:00:00,3143610.801173177
2025-12-26 13:30:00,3143610.801173177
2025-12-26 14:00:00,3143610.801173177
2025-12-26 14:30:00,3143512.548593016
2025-12-26 15:00:00,3143512.548593016
2025-12-26 15:30:00,3143512.548593016
2025-12-26 16:00:00,3143512.548593016
2025-12-26 16:30:00,3143512.548593016
2025-12-26 17:00:00,3143512.548593016
2025-12-26 17:30:00,3143512.548593016
2025-12-26 18:00:00,3143512.548593016
2025-12-29 01:00:00,3144609.867087987
2025-12-29 01:30:00,3144609.867087987
2025-12-29 02:00:00,3144609.867087987
2025-12-29 02:30:00,3144609.867087987
2025-12-29 03:00:00,3144609.867087987
2025-12-29 05:00:00,3144609.867087987
2025-12-29 05:30:00,3144609.867087987
2025-12-29 06:00:00,3144609.867087987
2025-12-29 06:30:00,3144609.867087987
2025-12-29 07:00:00,3144609.867087987
2025-12-29 13:00:00,3145975.644664074
2025-12-29 13:30:00,3145975.644664074
2025-12-29 14:00:00,3145975.644664074
2025-12-29 14:30:00,3145975.644664074
2025-12-29 15:00:00,3145975.644664074
2025-12-29 15:30:00,3145975.644664074
2025-12-29 16:00:00,3145975.644664074
2025-12-29 16:30:00,3145975.644664074
2025-12-29 17:00:00,3145975.644664074
2025-12-29 17:30:00,3145975.644664074
2025-12-29 18:00:00,3145975.644664074
2025-12-30 01:00:00,3145975.644664074
2025-12-30 01:30:00,3148897.4340507574
2025-12-30 02:00:00,3148897.4340507574
2025-12-30 02:30:00,3150297.1270943256
2025-12-30 03:00:00,3156038.0744752856
2025-12-30 05:00:00,3156038.0744752856
2025-12-30 05:30:00,3156038.0744752856
2025-12-30 06:00:00,3156038.0744752856
2025-12-30 06:30:00,3156038.0744752856
2025-12-30 07:00:00,3156038.0744752856
2025-12-30 13:00:00,3156038.0744752856
2025-12-30 13:30:00,3156038.0744752856
2025-12-30 14:00:00,3156038.0744752856
2025-12-30 14:30:00,3156038.0744752856
2025-12-30 15:00:00,3156038.0744752856
2025-12-30 15:30:00,3156038.0744752856
2025-12-30 16:00:00,3156038.0744752856
2025-12-30 16:30:00,3156038.0744752856
2025-12-30 17:00:00,3156038.0744752856
2025-12-30 17:30:00,3156038.0744752856
2025-12-30 18:00:00,3156038.0744752856
2025-12-31 01:00:00,3156038.0744752856
2025-12-31 01:30:00,3158871.0678945906
2025-12-31 02:00:00,3159889.744346424
2025-12-31 02:30:00,3159688.5040490367
2025-12-31 03:00:00,3156167.759968486
2025-12-31 05:00:00,3156167.759968486
2025-12-31 05:30:00,3156167.759968486
2025-12-31 06:00:00,3156167.759968486
2025-12-31 06:30:00,3156167.759968486
2025-12-31 07:00:00,3156167.759968486
2026-01-05 01:00:00,3156167.759968486
2026-01-05 01:30:00,3151467.759968486
2026-01-05 02:00:00,3151467.759968486
2026-01-05 02:30:00,3151467.759968486
2026-01-05 03:00:00,3151467.759968486
2026-01-05 05:00:00,3151467.759968486
2026-01-05 05:30:00,3151467.759968486
2026-01-05 06:00:00,3150566.31641583
2026-01-05 06:30:00,3150566.31641583
2026-01-05 07:00:00,3150566.31641583
2026-01-05 13:00:00,3150566.31641583
2026-01-05 13:30:00,3150566.31641583
2026-01-05 14:00:00,3150566.31641583
2026-01-05 14:30:00,3150566.31641583
2026-01-05 15:00:00,3150566.31641583
2026-01-05 15:30:00,3150566.31641583
2026-01-05 16:00:00,3150566.31641583
2026-01-05 16:30:00,3150566.31641583
2026-01-05 17:00:00,3150566.31641583
2026-01-05 17:30:00,3150566.31641583
2026-01-05 18:00:00,3150566.31641583
2026-01-06 01:00:00,3150566.31641583
2026-01-06 01:30:00,3149990.115549497
2026-01-06 02:00:00,3151488.67096791
2026-01-06 02:30:00,3151488.67096791
2026-01-06 03:00:00,3151488.67096791
2026-01-06 05:00:00,3151488.67096791
2026-01-06 05:30:00,3153812.966837819
2026-01-06 06:00:00,3153812.966837819
2026-01-06 06:30:00,3153812.966837819
2026-01-06 07:00:00,3153812.966837819
2026-01-06 13:00:00,3153812.966837819
2026-01-06 13:30:00,3153812.966837819
2026-01-06 14:00:00,3173410.114413278
2026-01-06 14:30:00,3173410.114413278
2026-01-06 15:00:00,3173410.114413278
2026-01-06 15:30:00,3173410.114413278
2026-01-06 16:00:00,3173410.114413278
2026-01-06 16:30:00,3173410.114413278
2026-01-06 17:00:00,3173410.114413278
2026-01-06 17:30:00,3173410.114413278
2026-01-06 18:00:00,3173410.114413278
2026-01-07 01:00:00,3173410.114413278
2026-01-07 01:30:00,3173410.114413278
2026-01-07 02:00:00,3173410.114413278
2026-01-07 02:30:00,3173709.4144956386
2026-01-07 03:00:00,3172592.088336113
2026-01-07 05:00:00,3172592.088336113
2026-01-07 05:30:00,3172066.202131029
2026-01-07 06:00:00,3194006.239236353
2026-01-07 06:30:00,3194006.239236353
2026-01-07 07:00:00,3194006.239236353
2026-01-07 13:00:00,3194006.239236353
2026-01-07 13:30:00,3194006.239236353
2026-01-07 14:00:00,3193167.3981996034
2026-01-07 14:30:00,3193167.3981996034
2026-01-07 15:00:00,3193167.3981996034
2026-01-07 15:30:00,3193167.3981996034
2026-01-07 16:00:00,3193167.3981996034
2026-01-07 16:30:00,3193167.3981996034
2026-01-07 17:00:00,3193167.3981996034
2026-01-07 17:30:00,3193167.3981996034
2026-01-07 18:00:00,3193167.3981996034
2026-01-08 01:00:00,3193167.3981996034
2026-01-08 01:30:00,3206679.7869432853
2026-01-08 02:00:00,3206679.7869432853
2026-01-08 02:30:00,3206679.7869432853
2026-01-08 03:00:00,3205883.725191607
2026-01-08 05:00:00,3205883.725191607
2026-01-08 05:30:00,3208153.754649923
2026-01-08 06:00:00,3208153.754649923
2026-01-08 06:30:00,3208153.754649923
2026-01-08 07:00:00,3208153.754649923
2026-01-08 13:00:00,3208153.754649923
2026-01-08 13:30:00,3208153.754649923
2026-01-08 14:00:00,3208153.754649923
2026-01-08 14:30:00,3208153.754649923
2026-01-08 15:00:00,3208153.754649923
2026-01-08 15:30:00,3208153.754649923
2026-01-08 16:00:00,3208153.754649923
2026-01-08 16:30:00,3208153.754649923
2026-01-08 17:00:00,3208153.754649923
2026-01-08 17:30:00,3208153.754649923
2026-01-08 18:00:00,3208153.754649923
2026-01-09 01:00:00,3208153.754649923
2026-01-09 01:30:00,3207807.999374554
2026-01-09 02:00:00,3207807.999374554
2026-01-09 02:30:00,3207807.999374554
2026-01-09 03:00:00,3208087.721242075
2026-01-09 05:00:00,3208087.721242075
2026-01-09 05:30:00,3208087.721242075
2026-01-09 06:00:00,3208087.721242075
2026-01-09 06:30:00,3208087.721242075
2026-01-09 07:00:00,3208087.721242075
2026-01-09 13:00:00,3208087.721242075
2026-01-09 13:30:00,3208087.721242075
2026-01-09 14:00:00,3208087.721242075
2026-01-09 14:30:00,3208087.721242075
2026-01-09 15:00:00,3208087.721242075
2026-01-09 15:30:00,3208087.721242075
2026-01-09 16:00:00,3208087.721242075
2026-01-09 16:30:00,3208087.721242075
2026-01-09 17:00:00,3208087.721242075
2026-01-09 17:30:00,3208087.721242075
2026-01-09 18:00:00,3208087.721242075
2026-01-12 01:00:00,3208087.721242075
2026-01-12 01:30:00,3210798.8227520688
2026-01-12 02:00:00,3210798.8227520688
2026-01-12 02:30:00,3210798.8227520688
2026-01-12 03:00:00,3211065.1736099836
2026-01-12 05:00:00,3211065.1736099836
2026-01-12 05:30:00,3211065.1736099836
2026-01-12 06:00:00,3211065.1736099836
2026-01-12 06:30:00,3211065.1736099836
2026-01-12 07:00:00,3211065.1736099836
2026-01-12 13:00:00,3211065.1736099836
2026-01-12 13:30:00,3211065.1736099836
2026-01-12 14:00:00,3211448.3258257993
2026-01-12 14:30:00,3211385.7581783836
2026-01-12 15:00:00,3211385.7581783836
2026-01-12 15:30:00,3211385.7581783836
2026-01-12 16:00:00,3211385.7581783836
2026-01-12 16:30:00,3211385.7581783836
2026-01-12 17:00:00,3211385.7581783836
2026-01-12 17:30:00,3211385.7581783836
2026-01-12 18:00:00,3211385.7581783836
2026-01-13 01:00:00,3211385.7581783836
2026-01-13 01:30:00,3205752.4559866777
2026-01-13 02:00:00,3205752.4559866777
2026-01-13 02:30:00,3205752.4559866777
2026-01-13 03:00:00,3205959.3190783123
2026-01-13 05:00:00,3205959.3190783123
2026-01-13 05:30:00,3205959.3190783123
2026-01-13 06:00:00,3201430.202145711
2026-01-13 06:30:00,3201430.202145711
2026-01-13 07:00:00,3201430.202145711
2026-01-13 13:00:00,3200144.4675468747
2026-01-13 13:30:00,3200144.4675468747
2026-01-13 14:00:00,3200144.4675468747
2026-01-13 14:30:00,3200144.4675468747
2026-01-13 15:00:00,3200144.4675468747
2026-01-13 15:30:00,3200144.4675468747
2026-01-13 16:00:00,3200144.4675468747
2026-01-13 16:30:00,3200144.4675468747
2026-01-13 17:00:00,3200144.4675468747
2026-01-13 17:30:00,3200144.4675468747
2026-01-13 18:00:00,3200144.4675468747
2026-01-14 01:00:00,3200144.4675468747
2026-01-14 01:30:00,3200144.4675468747
2026-01-14 02:00:00,3199456.7632656074
2026-01-14 02:30:00,3199456.7632656074
2026-01-14 03:00:00,3198892.881794815
2026-01-14 05:00:00,3198892.881794815
2026-01-14 05:30:00,3198474.962987166
2026-01-14 06:00:00,3198474.962987166
2026-01-14 06:30:00,3198474.962987166
2026-01-14 07:00:00,3198474.962987166
2026-01-14 13:00:00,3198474.962987166
2026-01-14 13:30:00,3196946.5789653407
2026-01-14 14:00:00,3196946.5789653407
2026-01-14 14:30:00,3196946.5789653407
2026-01-14 15:00:00,3196946.5789653407
2026-01-14 15:30:00,3196946.5789653407
2026-01-14 16:00:00,3196946.5789653407
2026-01-14 16:30:00,3196946.5789653407
2026-01-14 17:00:00,3196946.5789653407
2026-01-14 17:30:00,3196946.5789653407
2026-01-14 18:00:00,3196946.5789653407
2026-01-15 01:00:00,3196946.5789653407
2026-01-15 01:30:00,3196264.4341515303
2026-01-15 02:00:00,3196264.4341515303
2026-01-15 02:30:00,3196264.4341515303
2026-01-15 03:00:00,3196264.4341515303
2026-01-15 05:00:00,3196264.4341515303
2026-01-15 05:30:00,3196264.4341515303
2026-01-15 06:00:00,3196264.4341515303
2026-01-15 06:30:00,3196264.4341515303
2026-01-15 07:00:00,3196264.4341515303
2026-01-15 13:00:00,3196264.4341515303
2026-01-15 13:30:00,3194555.1060352
2026-01-15 14:00:00,3194555.1060352
2026-01-15 14:30:00,3194555.1060352
2026-01-15 15:00:00,3194555.1060352
2026-01-15 15:30:00,3194555.1060352
2026-01-15 16:00:00,3194555.1060352
2026-01-15 16:30:00,3194555.1060352
2026-01-15 17:00:00,3194555.1060352
2026-01-15 17:30:00,3194555.1060352
2026-01-15 18:00:00,3194555.1060352
2026-01-16 01:00:00,3194555.1060352
2026-01-16 01:30:00,3197193.183064012
2026-01-16 02:00:00,3197193.183064012
2026-01-16 02:30:00,3197193.183064012
2026-01-16 03:00:00,3196202.3519320446
2026-01-16 05:00:00,3196202.3519320446
2026-01-16 05:30:00,3195717.7018817198
2026-01-16 06:00:00,3195717.7018817198
2026-01-16 06:30:00,3195717.7018817198
2026-01-16 07:00:00,3195717.7018817198
2026-01-16 13:00:00,3195717.7018817198
2026-01-16 13:30:00,3194967.7018817198
2026-01-16 14:00:00,3194967.7018817198
2026-01-16 14:30:00,3194967.7018817198
2026-01-16 15:00:00,3194967.7018817198
2026-01-16 15:30:00,3194967.7018817198
2026-01-16 16:00:00,3194967.7018817198
2026-01-16 16:30:00,3194967.7018817198
2026-01-16 17:00:00,3194967.7018817198
2026-01-16 17:30:00,3194967.7018817198
2026-01-16 18:00:00,3194967.7018817198
2026-01-19 01:00:00,3194967.7018817198
2026-01-19 01:30:00,3194967.7018817198
2026-01-19 02:00:00,3194967.7018817198
2026-01-19 02:30:00,3194967.7018817198
2026-01-19 03:00:00,3194967.7018817198
2026-01-19 05:00:00,3194967.7018817198
2026-01-19 05:30:00,3194967.7018817198
2026-01-19 06:00:00,3194967.7018817198
2026-01-19 06:30:00,3194967.7018817198
2026-01-19 07:00:00,3194967.7018817198
2026-01-19 13:00:00,3194967.7018817198
2026-01-19 13:30:00,3194967.7018817198
2026-01-19 14:00:00,3194967.7018817198
2026-01-19 14:30:00,3194967.7018817198
2026-01-19 15:00:00,3194967.7018817198
2026-01-19 15:30:00,3194913.3217112455
2026-01-19 16:00:00,3194913.3217112455
2026-01-19 16:30:00,3194913.3217112455
2026-01-19 17:00:00,3194913.3217112455
2026-01-19 17:30:00,3194913.3217112455
2026-01-19 18:00:00,3194913.3217112455
2026-01-20 01:00:00,3194913.3217112455
2026-01-20 01:30:00,3194913.3217112455
2026-01-20 02:00:00,3194913.3217112455
2026-01-20 02:30:00,3194913.3217112455
2026-01-20 03:00:00,3194913.3217112455
2026-01-20 05:00:00,3194913.3217112455
2026-01-20 05:30:00,3194913.3217112455
2026-01-20 06:00:00,3194913.3217112455
2026-01-20 06:30:00,3194913.3217112455
2026-01-20 07:00:00,3194913.3217112455
2026-01-20 13:00:00,3194913.3217112455
2026-01-20 13:30:00,3194913.3217112455
2026-01-20 14:00:00,3194913.3217112455
2026-01-20 14:30:00,3194913.3217112455
2026-01-20 15:00:00,3194913.3217112455
2026-01-20 15:30:00,3194913.3217112455
2026-01-20 16:00:00,3193420.6456400906
2026-01-20 16:30:00,3193420.6456400906
2026-01-20 17:00:00,3193420.6456400906
2026-01-20 17:30:00,3193420.6456400906
2026-01-20 18:00:00,3193420.6456400906
2026-01-21 01:00:00,3193420.6456400906
2026-01-21 01:30:00,3193420.6456400906
2026-01-21 02:00:00,3197161.8728359384
2026-01-21 02:30:00,3197161.8728359384
2026-01-21 03:00:00,3197161.8728359384
2026-01-21 05:00:00,3197161.8728359384
2026-01-21 05:30:00,3197161.8728359384
2026-01-21 06:00:00,3198011.6865116763
2026-01-21 06:30:00,3198011.6865116763
2026-01-21 07:00:00,3198011.6865116763
2026-01-21 13:00:00,3198011.6865116763
2026-01-21 13:30:00,3197087.558682281
2026-01-21 14:00:00,3205899.3855790487
2026-01-21 14:30:00,3205899.3855790487
2026-01-21 15:00:00,3205899.3855790487
2026-01-21 15:30:00,3202176.6743825073
2026-01-21 16:00:00,3202176.6743825073
2026-01-21 16:30:00,3202176.6743825073
2026-01-21 17:00:00,3202176.6743825073
2026-01-21 17:30:00,3202176.6743825073
2026-01-21 18:00:00,3202176.6743825073
2026-01-22 01:00:00,3202176.6743825073
2026-01-22 01:30:00,3200572.2554567163
2026-01-22 02:00:00,3200572.2554567163
2026-01-22 02:30:00,3200572.2554567163
2026-01-22 03:00:00,3200572.2554567163
2026-01-22 05:00:00,3200572.2554567163
2026-01-22 05:30:00,3198700.061356178
2026-01-22 06:00:00,3198700.061356178
2026-01-22 06:30:00,3198700.061356178
2026-01-22 07:00:00,3198700.061356178
2026-01-22 13:00:00,3198700.061356178
2026-01-22 13:30:00,3198700.061356178
2026-01-22 14:00:00,3198700.061356178
2026-01-22 14:30:00,3198700.061356178
2026-01-22 15:00:00,3198700.061356178
2026-01-22 15:30:00,3198700.061356178
2026-01-22 16:00:00,3198700.061356178
2026-01-22 16:30:00,3198700.061356178
2026-01-22 17:00:00,3198700.061356178
2026-01-22 17:30:00,3198700.061356178
2026-01-22 18:00:00,3198700.061356178
2026-01-23 01:00:00,3198700.061356178
2026-01-23 01:30:00,3198700.061356178
2026-01-23 02:00:00,3198700.061356178
2026-01-23 02:30:00,3198700.061356178
2026-01-23 03:00:00,3198700.061356178
2026-01-23 05:00:00,3198700.061356178
2026-01-23 05:30:00,3198700.061356178
2026-01-23 06:00:00,3198700.061356178
2026-01-23 06:30:00,3198700.061356178
2026-01-23 07:00:00,3198700.061356178
2026-01-23 13:00:00,3198700.061356178
2026-01-23 13:30:00,3198700.061356178
2026-01-23 14:00:00,3198700.061356178
2026-01-23 14:30:00,3198700.061356178
2026-01-23 15:00:00,3198700.061356178
2026-01-23 15:30:00,3198700.061356178
2026-01-23 16:00:00,3198700.061356178
2026-01-23 16:30:00,3198700.061356178
2026-01-23 17:00:00,3198700.061356178
2026-01-23 17:30:00,3198700.061356178
2026-01-23 18:00:00,3198700.061356178
2026-01-26 01:00:00,3198700.061356178
2026-01-26 01:30:00,3198285.0573713942
2026-01-26 02:00:00,3244885.5389565993
2026-01-26 02:30:00,3244885.5389565993
2026-01-26 03:00:00,3244885.5389565993
2026-01-26 05:00:00,3230185.5389565993
2026-01-26 05:30:00,3230185.5389565993
2026-01-26 06:00:00,3230185.5389565993
2026-01-26 06:30:00,3232285.5389565993
2026-01-26 07:00:00,3232285.5389565993
2026-01-26 13:00:00,3232285.5389565993
2026-01-26 13:30:00,3232285.5389565993
2026-01-26 14:00:00,3232285.5389565993
2026-01-26 14:30:00,3232285.5389565993
2026-01-26 15:00:00,3232285.5389565993
2026-01-26 15:30:00,3232285.5389565993
2026-01-26 16:00:00,3232285.5389565993
2026-01-26 16:30:00,3232285.5389565993
2026-01-26 17:00:00,3232285.5389565993
2026-01-26 17:30:00,3232285.5389565993
2026-01-26 18:00:00,3232285.5389565993
2026-01-27 01:00:00,3232285.5389565993
2026-01-27 01:30:00,3232285.5389565993
2026-01-27 02:00:00,3232285.5389565993
2026-01-27 02:30:00,3232285.5389565993
2026-01-27 03:00:00,3232285.5389565993
2026-01-27 05:00:00,3232285.5389565993
2026-01-27 05:30:00,3232285.5389565993
2026-01-27 06:00:00,3232285.5389565993
2026-01-27 06:30:00,3232285.5389565993
2026-01-27 07:00:00,3232285.5389565993
2026-01-27 13:00:00,3232285.5389565993
2026-01-27 13:30:00,3232285.5389565993
2026-01-27 14:00:00,3232285.5389565993
2026-01-27 14:30:00,3233342.248954054
2026-01-27 15:00:00,3233342.248954054
2026-01-27 15:30:00,3233342.248954054
2026-01-27 16:00:00,3233342.248954054
2026-01-27 16:30:00,3233342.248954054
2026-01-27 17:00:00,3233342.248954054
2026-01-27 17:30:00,3233342.248954054
2026-01-27 18:00:00,3233342.248954054
2026-01-28 01:00:00,3233342.248954054
2026-01-28 01:30:00,3233342.248954054
2026-01-28 02:00:00,3233342.248954054
2026-01-28 02:30:00,3233342.248954054
2026-01-28 03:00:00,3233342.248954054
2026-01-28 05:00:00,3233342.248954054
2026-01-28 05:30:00,3233342.248954054
2026-01-28 06:00:00,3233342.248954054
2026-01-28 06:30:00,3233342.248954054
2026-01-28 07:00:00,3233342.248954054
2026-01-28 13:00:00,3233342.248954054
2026-01-28 13:30:00,3230832.8244604096
2026-01-28 14:00:00,3230832.8244604096
2026-01-28 14:30:00,3230832.8244604096
2026-01-28 15:00:00,3230832.8244604096
2026-01-28 15:30:00,3230832.8244604096
2026-01-28 16:00:00,3230832.8244604096
2026-01-28 16:30:00,3230832.8244604096
2026-01-28 17:00:00,3230832.8244604096
2026-01-28 17:30:00,3230832.8244604096
2026-01-28 18:00:00,3230832.8244604096
2026-01-29 01:00:00,3230832.8244604096
2026-01-29 01:30:00,3230832.8244604096
2026-01-29 02:00:00,3229112.1462829043
2026-01-29 02:30:00,3229112.1462829043
2026-01-29 03:00:00,3229112.1462829043
2026-01-29 05:00:00,3229112.1462829043
2026-01-29 05:30:00,3224536.782119537
2026-01-29 06:00:00,3224536.782119537
2026-01-29 06:30:00,3224536.782119537
2026-01-29 07:00:00,3224536.782119537
2026-01-29 13:00:00,3224536.782119537
2026-01-29 13:30:00,3224536.782119537
2026-01-29 14:00:00,3224536.782119537
2026-01-29 14:30:00,3224536.782119537
2026-01-29 15:00:00,3224536.782119537
2026-01-29 15:30:00,3224536.782119537
2026-01-29 16:00:00,3224536.782119537
2026-01-29 16:30:00,3224536.782119537
2026-01-29 17:00:00,3224536.782119537
2026-01-29 17:30:00,3224536.782119537
2026-01-29 18:00:00,3224536.782119537
2026-01-30 01:00:00,3224536.782119537
2026-01-30 01:30:00,3223707.3309789947
2026-01-30 02:00:00,3223707.3309789947
2026-01-30 02:30:00,3223707.3309789947
2026-01-30 03:00:00,3223707.3309789947
2026-01-30 05:00:00,3226188.2695839447
2026-01-30 05:30:00,3223035.7802031143
2026-01-30 06:00:00,3223035.7802031143
2026-01-30 06:30:00,3223035.7802031143
2026-01-30 07:00:00,3223035.7802031143
2026-01-30 13:00:00,3223035.7802031143
2026-01-30 13:30:00,3223483.454762662
2026-01-30 14:00:00,3223483.454762662
2026-01-30 14:30:00,3223483.454762662
2026-01-30 15:00:00,3223483.454762662
2026-01-30 15:30:00,3223483.454762662
2026-01-30 16:00:00,3223483.454762662
2026-01-30 16:30:00,3223483.454762662
2026-01-30 17:00:00,3223483.454762662
2026-01-30 17:30:00,3223483.454762662
2026-01-30 18:00:00,3223483.454762662
2026-02-02 01:00:00,3223483.454762662
2026-02-02 01:30:00,3223339.245886968
2026-02-02 02:00:00,3223339.245886968
2026-02-02 02:30:00,3223339.245886968
2026-02-02 03:00:00,3221480.0818962026
2026-02-02 05:00:00,3221480.0818962026
2026-02-02 05:30:00,3221480.0818962026
2026-02-02 06:00:00,3221480.0818962026
2026-02-02 06:30:00,3220603.9560659947
2026-02-02 07:00:00,3220603.9560659947
2026-02-02 13:00:00,3220603.9560659947
2026-02-02 13:30:00,3231718.614470299
2026-02-02 14:00:00,3231718.614470299
2026-02-02 14:30:00,3237018.530720105
2026-02-02 15:00:00,3237018.530720105
2026-02-02 15:30:00,3237018.530720105
2026-02-02 16:00:00,3237018.530720105
2026-02-02 16:30:00,3237018.530720105
2026-02-02 17:00:00,3237018.530720105
2026-02-02 17:30:00,3237018.530720105
2026-02-02 18:00:00,3237018.530720105
2026-02-03 01:00:00,3237018.530720105
2026-02-03 01:30:00,3242582.20822548
2026-02-03 02:00:00,3241519.1335802753
2026-02-03 02:30:00,3241519.1335802753
2026-02-03 03:00:00,3239660.763169134
2026-02-03 05:00:00,3239660.763169134
2026-02-03 05:30:00,3239660.763169134
2026-02-03 06:00:00,3239660.763169134
2026-02-03 06:30:00,3239660.763169134
2026-02-03 07:00:00,3239660.763169134
2026-02-03 13:00:00,3239660.763169134
2026-02-03 13:30:00,3239660.763169134
2026-02-03 14:00:00,3239660.763169134
2026-02-03 14:30:00,3239660.763169134
2026-02-03 15:00:00,3239660.763169134
2026-02-03 15:30:00,3239660.763169134
2026-02-03 16:00:00,3239660.763169134
2026-02-03 16:30:00,3239660.763169134
2026-02-03 17:00:00,3239660.763169134
2026-02-03 17:30:00,3239660.763169134
2026-02-03 18:00:00,3239660.763169134
2026-02-04 01:00:00,3239660.763169134
2026-02-04 01:30:00,3239660.763169134
2026-02-04 02:00:00,3239660.763169134
2026-02-04 02:30:00,3239660.763169134
2026-02-04 03:00:00,3239660.763169134
2026-02-04 05:00:00,3239660.763169134
2026-02-04 05:30:00,3239660.763169134
2026-02-04 06:00:00,3239660.763169134
2026-02-04 06:30:00,3239660.763169134
2026-02-04 07:00:00,3239660.763169134
2026-02-04 13:00:00,3239660.763169134
2026-02-04 13:30:00,3239204.927007056
2026-02-04 14:00:00,3239204.927007056
2026-02-04 14:30:00,3239204.927007056
2026-02-04 15:00:00,3239204.927007056
2026-02-04 15:30:00,3239204.927007056
2026-02-04 16:00:00,3239204.927007056
2026-02-04 16:30:00,3239204.927007056
2026-02-04 17:00:00,3239204.927007056
2026-02-04 17:30:00,3239204.927007056
2026-02-04 18:00:00,3239204.927007056
2026-02-05 01:00:00,3239204.927007056
2026-02-05 01:30:00,3239204.927007056
2026-02-05 02:00:00,3239204.927007056
2026-02-05 02:30:00,3239204.927007056
2026-02-05 03:00:00,3239204.927007056
2026-02-05 05:00:00,3239204.927007056
2026-02-05 05:30:00,3239051.5862962296
2026-02-05 06:00:00,3239051.5862962296
2026-02-05 06:30:00,3239051.5862962296
2026-02-05 07:00:00,3239051.5862962296
2026-02-05 13:00:00,3239815.1072003446
2026-02-05 13:30:00,3239815.1072003446
2026-02-05 14:00:00,3239815.1072003446
2026-02-05 14:30:00,3239815.1072003446
2026-02-05 15:00:00,3238581.103968652
2026-02-05 15:30:00,3238581.103968652
2026-02-05 16:00:00,3238581.103968652
2026-02-05 16:30:00,3238581.103968652
2026-02-05 17:00:00,3238581.103968652
2026-02-05 17:30:00,3238581.103968652
2026-02-05 18:00:00,3238581.103968652
2026-02-06 01:00:00,3238581.103968652
2026-02-06 01:30:00,3238581.103968652
2026-02-06 02:00:00,3257335.080495937
2026-02-06 02:30:00,3260245.6007423564
2026-02-06 03:00:00,3260245.6007423564
2026-02-06 05:00:00,3260245.6007423564
2026-02-06 05:30:00,3260245.6007423564
2026-02-06 06:00:00,3260245.6007423564
2026-02-06 06:30:00,3260245.6007423564
2026-02-06 07:00:00,3260245.6007423564
2026-02-06 13:00:00,3260245.6007423564
2026-02-06 13:30:00,3260245.6007423564
2026-02-06 14:00:00,3260245.6007423564
2026-02-06 14:30:00,3260245.6007423564
2026-02-06 15:00:00,3260245.6007423564
2026-02-06 15:30:00,3260245.6007423564
2026-02-06 16:00:00,3260245.6007423564
2026-02-06 16:30:00,3260245.6007423564
2026-02-06 17:00:00,3260245.6007423564
2026-02-06 17:30:00,3260245.6007423564
2026-02-06 18:00:00,3260245.6007423564
2026-02-09 01:00:00,3260245.6007423564
2026-02-09 01:30:00,3260245.6007423564
2026-02-09 02:00:00,3260245.6007423564
2026-02-09 02:30:00,3264315.1910713236
2026-02-09 03:00:00,3264315.1910713236
2026-02-09 05:00:00,3264315.1910713236
2026-02-09 05:30:00,3264315.1910713236
2026-02-09 06:00:00,3262691.563605051
2026-02-09 06:30:00,3262691.563605051
2026-02-09 07:00:00,3262691.563605051
2026-02-09 13:00:00,3262691.563605051
2026-02-09 13:30:00,3261892.0281210556
2026-02-09 14:00:00,3261892.0281210556
2026-02-09 14:30:00,3261892.0281210556
2026-02-09 15:00:00,3261892.0281210556
2026-02-09 15:30:00,3261892.0281210556
2026-02-09 16:00:00,3261892.0281210556
2026-02-09 16:30:00,3261892.0281210556
2026-02-09 17:00:00,3261892.0281210556
2026-02-09 17:30:00,3261892.0281210556
2026-02-09 18:00:00,3261892.0281210556
2026-02-10 01:00:00,3261892.0281210556
2026-02-10 01:30:00,3261707.6701351535
2026-02-10 02:00:00,3261707.6701351535
2026-02-10 02:30:00,3261707.6701351535
2026-02-10 03:00:00,3261707.6701351535
2026-02-10 05:00:00,3261707.6701351535
2026-02-10 05:30:00,3261707.6701351535
2026-02-10 06:00:00,3261707.6701351535
2026-02-10 06:30:00,3261707.6701351535
2026-02-10 07:00:00,3261707.6701351535
2026-02-10 13:00:00,3261707.6701351535
2026-02-10 13:30:00,3261707.6701351535
2026-02-10 14:00:00,3261707.6701351535
2026-02-10 14:30:00,3261707.6701351535
2026-02-10 15:00:00,3260924.776480511
2026-02-10 15:30:00,3259831.463601196
2026-02-10 16:00:00,3259831.463601196
2026-02-10 16:30:00,3259831.463601196
2026-02-10 17:00:00,3259831.463601196
2026-02-10 17:30:00,3259831.463601196
2026-02-10 18:00:00,3259831.463601196
2026-02-11 01:00:00,3259831.463601196
2026-02-11 01:30:00,3259831.463601196
2026-02-11 02:00:00,3259831.463601196
2026-02-11 02:30:00,3259831.463601196
2026-02-11 03:00:00,3259831.463601196
2026-02-11 05:00:00,3259831.463601196
2026-02-11 05:30:00,3259556.367487321
2026-02-11 06:00:00,3259556.367487321
2026-02-11 06:30:00,3259556.367487321
2026-02-11 07:00:00,3259556.367487321
2026-02-11 13:00:00,3259556.367487321
2026-02-11 13:30:00,3259556.367487321
2026-02-11 14:00:00,3259032.6976600615
2026-02-11 14:30:00,3259032.6976600615
2026-02-11 15:00:00,3259032.6976600615
2026-02-11 15:30:00,3259032.6976600615
2026-02-11 16:00:00,3259032.6976600615
2026-02-11 16:30:00,3259032.6976600615
2026-02-11 17:00:00,3259032.6976600615
2026-02-11 17:30:00,3259032.6976600615
2026-02-11 18:00:00,3259032.6976600615
2026-02-12 01:00:00,3259032.6976600615
2026-02-12 01:30:00,3259032.6976600615
2026-02-12 02:00:00,3259032.6976600615
2026-02-12 02:30:00,3259032.6976600615
2026-02-12 03:00:00,3259032.6976600615
2026-02-12 05:00:00,3259032.6976600615
2026-02-12 05:30:00,3259032.6976600615
2026-02-12 06:00:00,3259032.6976600615
2026-02-12 06:30:00,3257428.4007800207
2026-02-12 07:00:00,3257428.4007800207
2026-02-12 13:00:00,3261902.614055001
2026-02-12 13:30:00,3261902.614055001
2026-02-12 14:00:00,3261902.614055001
2026-02-12 14:30:00,3261902.614055001
2026-02-12 15:00:00,3256753.524805983
2026-02-12 15:30:00,3256753.524805983
2026-02-12 16:00:00,3256753.524805983
2026-02-12 16:30:00,3256753.524805983
2026-02-12 17:00:00,3256753.524805983
2026-02-12 17:30:00,3256753.524805983
2026-02-12 18:00:00,3256753.524805983
2026-02-13 01:00:00,3256753.524805983
2026-02-13 01:30:00,3256753.524805983
2026-02-13 02:00:00,3256753.524805983
2026-02-13 02:30:00,3256753.524805983
2026-02-13 03:00:00,3256753.524805983
2026-02-13 05:00:00,3256753.524805983
2026-02-13 05:30:00,3256753.524805983
2026-02-13 06:00:00,3256753.524805983
2026-02-13 06:30:00,3256753.524805983
2026-02-13 07:00:00,3256753.524805983
2026-02-24 01:00:00,3256678.9202276426
2026-02-24 01:30:00,3258428.9202276426
2026-02-24 02:00:00,3258428.9202276426
2026-02-24 02:30:00,3258428.9202276426
2026-02-24 03:00:00,3258072.3443795787
2026-02-24 05:00:00,3258072.3443795787
2026-02-24 05:30:00,3258072.3443795787
2026-02-24 06:00:00,3258072.3443795787
2026-02-24 06:30:00,3258072.3443795787
2026-02-24 07:00:00,3258072.3443795787
2026-02-24 13:00:00,3256640.033725211
2026-02-24 13:30:00,3256640.033725211
2026-02-24 14:00:00,3257096.756361137
2026-02-24 14:30:00,3258410.703419286
2026-02-24 15:00:00,3258410.703419286
2026-02-24 15:30:00,3258410.703419286
2026-02-24 16:00:00,3258410.703419286
2026-02-24 16:30:00,3258410.703419286
2026-02-24 17:00:00,3258410.703419286
2026-02-24 17:30:00,3258410.703419286
2026-02-24 18:00:00,3258410.703419286
2026-02-25 01:00:00,3258410.703419286
2026-02-25 01:30:00,3259378.2637885003
2026-02-25 02:00:00,3259724.738480788
2026-02-25 02:30:00,3258344.738480788
2026-02-25 03:00:00,3258344.738480788
2026-02-25 05:00:00,3258344.738480788
2026-02-25 05:30:00,3265150.9016675795
2026-02-25 06:00:00,3270858.951262777
2026-02-25 06:30:00,3270858.951262777
2026-02-25 07:00:00,3270858.951262777
2026-02-25 13:00:00,3270858.951262777
2026-02-25 13:30:00,3270858.951262777
2026-02-25 14:00:00,3270858.951262777
2026-02-25 14:30:00,3270858.951262777
2026-02-25 15:00:00,3270858.951262777
2026-02-25 15:30:00,3270858.951262777
2026-02-25 16:00:00,3270858.951262777
2026-02-25 16:30:00,3270858.951262777
2026-02-25 17:00:00,3270858.951262777
2026-02-25 17:30:00,3270858.951262777
2026-02-25 18:00:00,3270858.951262777
2026-02-26 01:00:00,3270858.951262777
2026-02-26 01:30:00,3269544.4768526754
2026-02-26 02:00:00,3269729.776687551
2026-02-26 02:30:00,3269729.776687551
2026-02-26 03:00:00,3266823.1300962497
2026-02-26 05:00:00,3266823.1300962497
2026-02-26 05:30:00,3266823.1300962497
2026-02-26 06:00:00,3266823.1300962497
2026-02-26 06:30:00,3266823.1300962497
2026-02-26 07:00:00,3266823.1300962497
2026-02-26 13:00:00,3265824.939261624
2026-02-26 13:30:00,3265824.939261624
2026-02-26 14:00:00,3265824.939261624
2026-02-26 14:30:00,3265824.939261624
2026-02-26 15:00:00,3265824.939261624
2026-02-26 15:30:00,3265824.939261624
2026-02-26 16:00:00,3265824.939261624
2026-02-26 16:30:00,3265824.939261624
2026-02-26 17:00:00,3265824.939261624
2026-02-26 17:30:00,3265824.939261624
2026-02-26 18:00:00,3265824.939261624
2026-02-27 01:00:00,3265824.939261624
2026-02-27 01:30:00,3261716.4071266833
2026-02-27 02:00:00,3261676.2477488397
2026-02-27 02:30:00,3265255.162904306
2026-02-27 03:00:00,3268808.1744407606
2026-02-27 05:00:00,3268808.1744407606
2026-02-27 05:30:00,3268808.1744407606
2026-02-27 06:00:00,3268808.1744407606
2026-02-27 06:30:00,3268808.1744407606
2026-02-27 07:00:00,3268808.1744407606
2026-02-27 13:00:00,3268808.1744407606
2026-02-27 13:30:00,3268808.1744407606
2026-02-27 14:00:00,3265773.3026869893
2026-02-27 14:30:00,3264061.0070334203
2026-02-27 15:00:00,3264061.0070334203
2026-02-27 15:30:00,3264061.0070334203
2026-02-27 16:00:00,3264061.0070334203
2026-02-27 16:30:00,3264061.0070334203
2026-02-27 17:00:00,3264061.0070334203
2026-02-27 17:30:00,3264061.0070334203
2026-02-27 18:00:00,3264061.0070334203
2026-03-02 01:00:00,3261900.7200960354
2026-03-02 01:30:00,3263045.6684715697
2026-03-02 02:00:00,3263045.6684715697
2026-03-02 02:30:00,3263045.6684715697
2026-03-02 03:00:00,3263045.6684715697
2026-03-02 05:00:00,3263045.6684715697
2026-03-02 05:30:00,3263045.6684715697
2026-03-02 06:00:00,3262834.750355147
2026-03-02 06:30:00,3263755.5776114548
2026-03-02 07:00:00,3263755.5776114548
2026-03-02 13:00:00,3263755.5776114548
2026-03-02 13:30:00,3261780.6015995783
2026-03-02 14:00:00,3260787.9790191054
2026-03-02 14:30:00,3260787.9790191054
2026-03-02 15:00:00,3260787.9790191054
2026-03-02 15:30:00,3260787.9790191054
2026-03-02 16:00:00,3260787.9790191054
2026-03-02 16:30:00,3260787.9790191054
2026-03-02 17:00:00,3260787.9790191054
2026-03-02 17:30:00,3260787.9790191054
2026-03-02 18:00:00,3260787.9790191054
2026-03-03 01:00:00,3260787.9790191054
2026-03-03 01:30:00,3262577.845108159
2026-03-03 02:00:00,3262577.845108159
2026-03-03 02:30:00,3262577.845108159
2026-03-03 03:00:00,3253090.709828379
2026-03-03 05:00:00,3253090.709828379
2026-03-03 05:30:00,3252821.0843495764
2026-03-03 06:00:00,3252821.0843495764
2026-03-03 06:30:00,3252821.0843495764
2026-03-03 07:00:00,3252821.0843495764
2026-03-03 13:00:00,3252821.0843495764
2026-03-03 13:30:00,3252821.0843495764
2026-03-03 14:00:00,3252821.0843495764
2026-03-03 14:30:00,3252821.0843495764
2026-03-03 15:00:00,3252821.0843495764
2026-03-03 15:30:00,3252821.0843495764
2026-03-03 16:00:00,3252821.0843495764
2026-03-03 16:30:00,3252821.0843495764
2026-03-03 17:00:00,3252821.0843495764
2026-03-03 17:30:00,3252821.0843495764
2026-03-03 18:00:00,3252821.0843495764
2026-03-04 01:00:00,3252821.0843495764
2026-03-04 01:30:00,3253112.164995628
2026-03-04 02:00:00,3253112.164995628
2026-03-04 02:30:00,3253112.164995628
2026-03-04 03:00:00,3251611.3096193685
2026-03-04 05:00:00,3251611.3096193685
2026-03-04 05:30:00,3251611.3096193685
2026-03-04 06:00:00,3251611.3096193685
2026-03-04 06:30:00,3251611.3096193685
2026-03-04 07:00:00,3251611.3096193685
2026-03-04 13:00:00,3251611.3096193685
2026-03-04 13:30:00,3251611.3096193685
2026-03-04 14:00:00,3251611.3096193685
2026-03-04 14:30:00,3251611.3096193685
2026-03-04 15:00:00,3251611.3096193685
2026-03-04 15:30:00,3251611.3096193685
2026-03-04 16:00:00,3251611.3096193685
2026-03-04 16:30:00,3251611.3096193685
2026-03-04 17:00:00,3251611.3096193685
2026-03-04 17:30:00,3251611.3096193685
2026-03-04 18:00:00,3251611.3096193685
2026-03-05 01:00:00,3251611.3096193685
2026-03-05 01:30:00,3251611.3096193685
2026-03-05 02:00:00,3250637.216473668
2026-03-05 02:30:00,3250637.216473668
2026-03-05 03:00:00,3250637.216473668
2026-03-05 05:00:00,3250637.216473668
2026-03-05 05:30:00,3250637.216473668
2026-03-05 06:00:00,3250637.216473668
2026-03-05 06:30:00,3250637.216473668
2026-03-05 07:00:00,3250637.216473668
2026-03-05 13:00:00,3250637.216473668
2026-03-05 13:30:00,3250803.5758862463
2026-03-05 14:00:00,3250803.5758862463
2026-03-05 14:30:00,3250803.5758862463
2026-03-05 15:00:00,3250803.5758862463
2026-03-05 15:30:00,3250803.5758862463
2026-03-05 16:00:00,3250803.5758862463
2026-03-05 16:30:00,3250803.5758862463
2026-03-05 17:00:00,3250803.5758862463
2026-03-05 17:30:00,3250803.5758862463
2026-03-05 18:00:00,3250803.5758862463
2026-03-06 01:00:00,3250803.5758862463
2026-03-06 01:30:00,3250803.5758862463
2026-03-06 02:00:00,3250803.5758862463
2026-03-06 02:30:00,3250803.5758862463
2026-03-06 03:00:00,3250803.5758862463
2026-03-06 05:00:00,3250803.5758862463
2026-03-06 05:30:00,3250803.5758862463
2026-03-06 06:00:00,3250803.5758862463
2026-03-06 06:30:00,3250803.5758862463
2026-03-06 07:00:00,3250803.5758862463
2026-03-06 13:00:00,3250803.5758862463
2026-03-06 13:30:00,3244492.0323573165
2026-03-06 14:00:00,3244492.0323573165
2026-03-06 14:30:00,3244492.0323573165
2026-03-06 15:00:00,3244492.0323573165
2026-03-06 15:30:00,3244492.0323573165
2026-03-06 16:00:00,3244492.0323573165
2026-03-06 16:30:00,3244492.0323573165
2026-03-06 17:00:00,3244492.0323573165
2026-03-06 17:30:00,3244492.0323573165
2026-03-06 18:00:00,3244492.0323573165
2026-03-09 01:00:00,3244492.0323573165
2026-03-09 01:30:00,3235042.0323573165
2026-03-09 02:00:00,3235042.0323573165
2026-03-09 02:30:00,3225974.2639207006
2026-03-09 03:00:00,3212158.358178551
2026-03-09 05:00:00,3189481.989552183
2026-03-09 05:30:00,3189481.989552183
2026-03-09 06:00:00,3201072.8861503243
2026-03-09 06:30:00,3201072.8861503243
2026-03-09 07:00:00,3201072.8861503243
2026-03-09 13:00:00,3201072.8861503243
2026-03-09 13:30:00,3201072.8861503243
2026-03-09 14:00:00,3201072.8861503243
2026-03-09 14:30:00,3201072.8861503243
2026-03-09 15:00:00,3201072.8861503243
2026-03-09 15:30:00,3201072.8861503243
2026-03-09 16:00:00,3201072.8861503243
2026-03-09 16:30:00,3201072.8861503243
2026-03-09 17:00:00,3201072.8861503243
2026-03-09 17:30:00,3201072.8861503243
2026-03-09 18:00:00,3201072.8861503243
2026-03-10 01:00:00,3201072.8861503243
2026-03-10 01:30:00,3201072.8861503243
2026-03-10 02:00:00,3200018.962730661
2026-03-10 02:30:00,3200018.962730661
2026-03-10 03:00:00,3200514.9954505684
2026-03-10 05:00:00,3200514.9954505684
2026-03-10 05:30:00,3200514.9954505684
2026-03-10 06:00:00,3200514.9954505684
2026-03-10 06:30:00,3200514.9954505684
2026-03-10 07:00:00,3200514.9954505684
2026-03-10 13:00:00,3200514.9954505684
2026-03-10 13:30:00,3200514.9954505684
2026-03-10 14:00:00,3200514.9954505684
2026-03-10 14:30:00,3202540.7491861265
2026-03-10 15:00:00,3202540.7491861265
2026-03-10 15:30:00,3202540.7491861265
2026-03-10 16:00:00,3202540.7491861265
2026-03-10 16:30:00,3202540.7491861265
2026-03-10 17:00:00,3202540.7491861265
2026-03-10 17:30:00,3202540.7491861265
2026-03-10 18:00:00,3202540.7491861265
2026-03-11 01:00:00,3216416.528657554
2026-03-11 01:30:00,3216416.528657554
2026-03-11 02:00:00,3216416.528657554
2026-03-11 02:30:00,3216416.528657554
2026-03-11 03:00:00,3216454.307093856
2026-03-11 05:00:00,3216454.307093856
2026-03-11 05:30:00,3216454.307093856
2026-03-11 06:00:00,3216454.307093856
2026-03-11 06:30:00,3216454.307093856
2026-03-11 07:00:00,3216454.307093856
2026-03-11 13:00:00,3216454.307093856
2026-03-11 13:30:00,3216454.307093856
2026-03-11 14:00:00,3216454.307093856
2026-03-11 14:30:00,3216454.307093856
2026-03-11 15:00:00,3216454.307093856
2026-03-11 15:30:00,3216454.307093856
2026-03-11 16:00:00,3216454.307093856
2026-03-11 16:30:00,3216454.307093856
2026-03-11 17:00:00,3216454.307093856
2026-03-11 17:30:00,3216454.307093856
2026-03-11 18:00:00,3216454.307093856
2026-03-12 01:00:00,3216454.307093856
2026-03-12 01:30:00,3216867.3914929284
2026-03-12 02:00:00,3216867.3914929284
2026-03-12 02:30:00,3216867.3914929284
2026-03-12 03:00:00,3218880.0443406953
2026-03-12 05:00:00,3218880.0443406953
2026-03-12 05:30:00,3218880.0443406953
2026-03-12 06:00:00,3218880.0443406953
2026-03-12 06:30:00,3218880.0443406953
2026-03-12 07:00:00,3218880.0443406953
2026-03-12 13:00:00,3220780.803638632
2026-03-12 13:30:00,3220780.803638632
2026-03-12 14:00:00,3220780.803638632
2026-03-12 14:30:00,3220780.803638632
2026-03-12 15:00:00,3220780.803638632
2026-03-12 15:30:00,3220780.803638632
2026-03-12 16:00:00,3220780.803638632
2026-03-12 16:30:00,3220780.803638632
2026-03-12 17:00:00,3220780.803638632
2026-03-12 17:30:00,3220780.803638632
2026-03-12 18:00:00,3220780.803638632
2026-03-13 01:00:00,3220780.803638632
2026-03-13 01:30:00,3220175.824617215
2026-03-13 02:00:00,3220175.824617215
2026-03-13 02:30:00,3220175.824617215
2026-03-13 03:00:00,3220175.824617215
2026-03-13 05:00:00,3220175.824617215
2026-03-13 05:30:00,3220175.824617215
2026-03-13 06:00:00,3220175.824617215
2026-03-13 06:30:00,3220175.824617215
2026-03-13 07:00:00,3220175.824617215
2026-03-13 13:00:00,3220175.824617215
2026-03-13 13:30:00,3220175.824617215
2026-03-13 14:00:00,3220175.824617215
2026-03-13 14:30:00,3220175.824617215
2026-03-13 15:00:00,3220175.824617215
2026-03-13 15:30:00,3220175.824617215
2026-03-13 16:00:00,3220175.824617215
2026-03-13 16:30:00,3220175.824617215
2026-03-13 17:00:00,3220175.824617215
2026-03-13 17:30:00,3220175.824617215
2026-03-13 18:00:00,3220175.824617215
2026-03-16 01:00:00,3220175.824617215
2026-03-16 01:30:00,3220175.824617215
2026-03-16 02:00:00,3220175.824617215
2026-03-16 02:30:00,3220175.824617215
2026-03-16 03:00:00,3219730.697632714
2026-03-16 05:00:00,3219730.697632714
2026-03-16 05:30:00,3219730.697632714
2026-03-16 06:00:00,3220514.533044052
2026-03-16 06:30:00,3220514.533044052
2026-03-16 07:00:00,3220514.533044052
2026-03-16 13:00:00,3220514.533044052
2026-03-16 13:30:00,3220514.533044052
2026-03-16 14:00:00,3220514.533044052
2026-03-16 14:30:00,3220514.533044052
2026-03-16 15:00:00,3220514.533044052
2026-03-16 15:30:00,3220514.533044052
2026-03-16 16:00:00,3220514.533044052
2026-03-16 16:30:00,3219638.1188511634
2026-03-16 17:00:00,3219638.1188511634
2026-03-16 17:30:00,3219638.1188511634
2026-03-16 18:00:00,3219638.1188511634
2026-03-17 01:00:00,3219638.1188511634
2026-03-17 01:30:00,3219638.1188511634
2026-03-17 02:00:00,3219638.1188511634
2026-03-17 02:30:00,3219638.1188511634
2026-03-17 03:00:00,3219638.1188511634
2026-03-17 05:00:00,3219638.1188511634
2026-03-17 05:30:00,3219638.1188511634
2026-03-17 06:00:00,3218178.1701991265
2026-03-17 06:30:00,3216572.779510855
2026-03-17 07:00:00,3216572.779510855
2026-03-17 13:00:00,3216572.779510855
2026-03-17 13:30:00,3216572.779510855
2026-03-17 14:00:00,3216572.779510855
2026-03-17 14:30:00,3216572.779510855
2026-03-17 15:00:00,3216572.779510855
2026-03-17 15:30:00,3216572.779510855
2026-03-17 16:00:00,3216572.779510855
2026-03-17 16:30:00,3216572.779510855
2026-03-17 17:00:00,3216572.779510855
2026-03-17 17:30:00,3216572.779510855
2026-03-17 18:00:00,3216572.779510855
2026-03-18 01:00:00,3216572.779510855
2026-03-18 01:30:00,3220378.188863672
2026-03-18 02:00:00,3220378.188863672
2026-03-18 02:30:00,3220378.188863672
2026-03-18 03:00:00,3216869.427620151
2026-03-18 05:00:00,3216869.427620151
2026-03-18 05:30:00,3216869.427620151
2026-03-18 06:00:00,3216869.427620151
2026-03-18 06:30:00,3216869.427620151
2026-03-18 07:00:00,3216869.427620151
2026-03-18 13:00:00,3216869.427620151
2026-03-18 13:30:00,3161899.427620151
2026-03-18 14:00:00,3161899.427620151
2026-03-18 14:30:00,3161899.427620151
2026-03-18 15:00:00,3161899.427620151
2026-03-18 15:30:00,3161899.427620151
2026-03-18 16:00:00,3161899.427620151
2026-03-18 16:30:00,3161899.427620151
2026-03-18 17:00:00,3161899.427620151
2026-03-18 17:30:00,3161899.427620151
2026-03-18 18:00:00,3162715.35164579
2026-03-19 01:00:00,3162715.35164579
2026-03-19 01:30:00,3162715.35164579
2026-03-19 02:00:00,3162715.35164579
2026-03-19 02:30:00,3162715.35164579
2026-03-19 03:00:00,3162715.35164579
2026-03-19 05:00:00,3162715.35164579
2026-03-19 05:30:00,3162715.35164579
2026-03-19 06:00:00,3162715.35164579
2026-03-19 06:30:00,3167394.05659692
2026-03-19 07:00:00,3167394.05659692
2026-03-19 13:00:00,3174279.698544849
2026-03-19 13:30:00,3173846.546213356
2026-03-19 14:00:00,3173846.546213356
2026-03-19 14:30:00,3173846.546213356
2026-03-19 15:00:00,3173846.546213356
2026-03-19 15:30:00,3173846.546213356
2026-03-19 16:00:00,3173846.546213356
2026-03-19 16:30:00,3173846.546213356
2026-03-19 17:00:00,3173846.546213356
2026-03-19 17:30:00,3173846.546213356
2026-03-19 18:00:00,3173846.546213356
2026-03-20 01:00:00,3173846.546213356
2026-03-20 01:30:00,3181421.242458028
2026-03-20 02:00:00,3181421.242458028
2026-03-20 02:30:00,3181421.242458028
2026-03-20 03:00:00,3181421.242458028
2026-03-20 05:00:00,3181421.242458028
2026-03-20 05:30:00,3181157.7941579497
2026-03-20 06:00:00,3181157.7941579497
2026-03-20 06:30:00,3181157.7941579497
2026-03-20 07:00:00,3181157.7941579497
2026-03-20 13:00:00,3185516.402786845
2026-03-20 13:30:00,3182766.402786845
2026-03-20 14:00:00,3182766.402786845
2026-03-20 14:30:00,3182850.7697615167
2026-03-20 15:00:00,3182850.7697615167
2026-03-20 15:30:00,3182850.7697615167
2026-03-20 16:00:00,3182850.7697615167
2026-03-20 16:30:00,3182850.7697615167
2026-03-20 17:00:00,3182850.7697615167
2026-03-20 17:30:00,3182850.7697615167
2026-03-20 18:00:00,3182850.7697615167
2026-03-23 01:00:00,3182850.7697615167
2026-03-23 01:30:00,3182412.737167165
2026-03-23 02:00:00,3182412.737167165
2026-03-23 02:30:00,3182412.737167165
2026-03-23 03:00:00,3182412.737167165
2026-03-23 05:00:00,3182412.737167165
2026-03-23 05:30:00,3182412.737167165
2026-03-23 06:00:00,3182412.737167165
2026-03-23 06:30:00,3182412.737167165
2026-03-23 07:00:00,3182412.737167165
2026-03-23 13:00:00,3182412.737167165
2026-03-23 13:30:00,3180051.6547684814
2026-03-23 14:00:00,3180051.6547684814
2026-03-23 14:30:00,3180051.6547684814
2026-03-23 15:00:00,3180051.6547684814
2026-03-23 15:30:00,3180051.6547684814
2026-03-23 16:00:00,3178393.0003882735
2026-03-23 16:30:00,3178393.0003882735
2026-03-23 17:00:00,3178393.0003882735
2026-03-23 17:30:00,3178393.0003882735
2026-03-23 18:00:00,3178393.0003882735
2026-03-24 01:00:00,3178393.0003882735
2026-03-24 01:30:00,3178393.0003882735
2026-03-24 02:00:00,3177609.956928147
2026-03-24 02:30:00,3177609.956928147
2026-03-24 03:00:00,3177609.956928147
2026-03-24 05:00:00,3177609.956928147
2026-03-24 05:30:00,3177609.956928147
2026-03-24 06:00:00,3177609.956928147
2026-03-24 06:30:00,3177609.956928147
2026-03-24 07:00:00,3177609.956928147
2026-03-24 13:00:00,3177609.956928147
2026-03-24 13:30:00,3177609.956928147
2026-03-24 14:00:00,3177609.956928147
2026-03-24 14:30:00,3177609.956928147
2026-03-24 15:00:00,3177609.956928147
2026-03-24 15:30:00,3177193.367999399
2026-03-24 16:00:00,3177193.367999399
2026-03-24 16:30:00,3177193.367999399
2026-03-24 17:00:00,3177193.367999399
2026-03-24 17:30:00,3177193.367999399
2026-03-24 18:00:00,3177193.367999399
2026-03-25 01:00:00,3177193.367999399
2026-03-25 01:30:00,3177193.367999399
2026-03-25 02:00:00,3177193.367999399
2026-03-25 02:30:00,3177193.367999399
2026-03-25 03:00:00,3182572.4550114525
2026-03-25 05:00:00,3182572.4550114525
2026-03-25 05:30:00,3182572.4550114525
2026-03-25 06:00:00,3182572.4550114525
2026-03-25 06:30:00,3182572.4550114525
2026-03-25 07:00:00,3182572.4550114525
2026-03-25 13:00:00,3181304.2288893326
2026-03-25 13:30:00,3181304.2288893326
2026-03-25 14:00:00,3181304.2288893326
2026-03-25 14:30:00,3181304.2288893326
2026-03-25 15:00:00,3181304.2288893326
2026-03-25 15:30:00,3181304.2288893326
2026-03-25 16:00:00,3181304.2288893326
2026-03-25 16:30:00,3181304.2288893326
2026-03-25 17:00:00,3181304.2288893326
2026-03-25 17:30:00,3181304.2288893326
2026-03-25 18:00:00,3181304.2288893326
2026-03-26 01:00:00,3181304.2288893326
2026-03-26 01:30:00,3182009.7768151443
2026-03-26 02:00:00,3182009.7768151443
2026-03-26 02:30:00,3182009.7768151443
2026-03-26 03:00:00,3182009.7768151443
2026-03-26 05:00:00,3182009.7768151443
2026-03-26 05:30:00,3182009.7768151443
2026-03-26 06:00:00,3182009.7768151443
2026-03-26 06:30:00,3182009.7768151443
2026-03-26 07:00:00,3182009.7768151443
2026-03-26 13:00:00,3182009.7768151443
2026-03-26 13:30:00,3182489.7768151443
2026-03-26 14:00:00,3182489.7768151443
2026-03-26 14:30:00,3182489.7768151443
2026-03-26 15:00:00,3173163.908491525
2026-03-26 15:30:00,3173163.908491525
2026-03-26 16:00:00,3173163.908491525
2026-03-26 16:30:00,3173163.908491525
2026-03-26 17:00:00,3173163.908491525
2026-03-26 17:30:00,3173163.908491525
2026-03-26 18:00:00,3173163.908491525
2026-03-27 01:00:00,3173163.908491525
2026-03-27 01:30:00,3173163.908491525
2026-03-27 02:00:00,3173163.908491525
2026-03-27 02:30:00,3173163.908491525
2026-03-27 03:00:00,3173163.908491525
2026-03-27 05:00:00,3173163.908491525
2026-03-27 05:30:00,3173163.908491525
2026-03-27 06:00:00,3182676.197691292
2026-03-27 06:30:00,3182676.197691292
2026-03-27 07:00:00,3182676.197691292
2026-03-27 13:00:00,3178032.9830777585
2026-03-27 13:30:00,3178032.9830777585
2026-03-27 14:00:00,3178032.9830777585
2026-03-27 14:30:00,3178032.9830777585
2026-03-27 15:00:00,3178032.9830777585
2026-03-27 15:30:00,3178032.9830777585
2026-03-27 16:00:00,3178032.9830777585
2026-03-27 16:30:00,3178032.9830777585
2026-03-27 17:00:00,3178032.9830777585
2026-03-27 17:30:00,3187794.2177494415
2026-03-27 18:00:00,3187794.2177494415
2026-03-30 01:00:00,3187794.2177494415
2026-03-30 01:30:00,3187794.2177494415
2026-03-30 02:00:00,3187794.2177494415
2026-03-30 02:30:00,3187794.2177494415
2026-03-30 03:00:00,3187794.2177494415
2026-03-30 05:00:00,3187794.2177494415
2026-03-30 05:30:00,3187794.2177494415
2026-03-30 06:00:00,3187794.2177494415
2026-03-30 06:30:00,3187794.2177494415
2026-03-30 07:00:00,3187794.2177494415
2026-03-30 13:00:00,3187270.9641896924
2026-03-30 13:30:00,3187270.9641896924
2026-03-30 14:00:00,3187270.9641896924
2026-03-30 14:30:00,3187270.9641896924
2026-03-30 15:00:00,3187270.9641896924
2026-03-30 15:30:00,3187270.9641896924
2026-03-30 16:00:00,3187270.9641896924
2026-03-30 16:30:00,3187270.9641896924
2026-03-30 17:00:00,3187270.9641896924
2026-03-30 17:30:00,3187270.9641896924
2026-03-30 18:00:00,3187270.9641896924
2026-03-31 01:00:00,3187270.9641896924
2026-03-31 01:30:00,3187270.9641896924
2026-03-31 02:00:00,3187205.494446877
2026-03-31 02:30:00,3187205.494446877
2026-03-31 03:00:00,3187205.494446877
2026-03-31 05:00:00,3187205.494446877
2026-03-31 05:30:00,3187205.494446877
2026-03-31 06:00:00,3187205.494446877
2026-03-31 06:30:00,3187205.494446877
2026-03-31 07:00:00,3187205.494446877
2026-03-31 13:00:00,3187205.494446877
2026-03-31 13:30:00,3187184.291965135
2026-03-31 14:00:00,3187184.291965135
2026-03-31 14:30:00,3187184.291965135
2026-03-31 15:00:00,3187369.687558821
2026-03-31 15:30:00,3187369.687558821
2026-03-31 16:00:00,3187369.687558821
2026-03-31 16:30:00,3187369.687558821
2026-03-31 17:00:00,3187369.687558821
2026-03-31 17:30:00,3187369.687558821
2026-03-31 18:00:00,3187369.687558821
2026-04-01 01:00:00,3187369.687558821
2026-04-01 01:30:00,3186888.6734534614
2026-04-01 02:00:00,3186888.6734534614
2026-04-01 02:30:00,3186888.6734534614
2026-04-01 03:00:00,3189039.0609940384
2026-04-01 05:00:00,3189039.0609940384
2026-04-01 05:30:00,3189039.0609940384
2026-04-01 06:00:00,3189039.0609940384
2026-04-01 06:30:00,3188379.1739800796
2026-04-01 07:00:00,3188379.1739800796
2026-04-01 13:00:00,3188379.1739800796
2026-04-01 13:30:00,3188379.1739800796
2026-04-01 14:00:00,3188379.1739800796
2026-04-01 14:30:00,3188379.1739800796
2026-04-01 15:00:00,3188379.1739800796
2026-04-01 15:30:00,3188379.1739800796
2026-04-01 16:00:00,3188379.1739800796
2026-04-01 16:30:00,3188379.1739800796
2026-04-01 17:00:00,3188379.1739800796
2026-04-01 17:30:00,3188379.1739800796
2026-04-01 18:00:00,3188379.1739800796
2026-04-02 01:00:00,3188379.1739800796
2026-04-02 01:30:00,3189945.7077474575
2026-04-02 02:00:00,3189945.7077474575
2026-04-02 02:30:00,3195337.6937206984
2026-04-02 03:00:00,3195337.6937206984
2026-04-02 05:00:00,3195337.6937206984
2026-04-02 05:30:00,3195337.6937206984
2026-04-02 06:00:00,3195337.6937206984
2026-04-02 06:30:00,3195337.6937206984
2026-04-02 07:00:00,3195337.6937206984
2026-04-02 13:00:00,3195337.6937206984
2026-04-02 13:30:00,3195337.6937206984
2026-04-02 14:00:00,3196116.6108372994
2026-04-02 14:30:00,3196447.329403381
2026-04-02 15:00:00,3196447.329403381
2026-04-02 15:30:00,3196447.329403381
2026-04-02 16:00:00,3196447.329403381
2026-04-02 16:30:00,3196447.329403381
2026-04-02 17:00:00,3196447.329403381
2026-04-02 17:30:00,3196447.329403381
2026-04-02 18:00:00,3196447.329403381
2026-04-03 01:00:00,3197320.9902538895
2026-04-03 01:30:00,3197320.9902538895
2026-04-03 02:00:00,3197320.9902538895
2026-04-03 02:30:00,3197320.9902538895
2026-04-03 03:00:00,3197320.9902538895
2026-04-03 05:00:00,3197320.9902538895
2026-04-03 05:30:00,3197320.9902538895
2026-04-03 06:00:00,3197320.9902538895
2026-04-03 06:30:00,3195236.145323364
2026-04-03 07:00:00,3195236.145323364
2026-04-07 01:00:00,3195236.145323364
2026-04-07 01:30:00,3192936.145323364
2026-04-07 02:00:00,3192936.145323364
2026-04-07 02:30:00,3192936.145323364
2026-04-07 03:00:00,3192936.145323364
2026-04-07 05:00:00,3192936.145323364
2026-04-07 05:30:00,3192936.145323364
2026-04-07 06:00:00,3192936.145323364
2026-04-07 06:30:00,3192936.145323364
2026-04-07 07:00:00,3192936.145323364
2026-04-07 13:00:00,3192936.145323364
2026-04-07 13:30:00,3192936.145323364
2026-04-07 14:00:00,3192936.145323364
2026-04-07 14:30:00,3192936.145323364
2026-04-07 15:00:00,3192936.145323364
2026-04-07 15:30:00,3192936.145323364
2026-04-07 16:00:00,3192936.145323364
2026-04-07 16:30:00,3192936.145323364
2026-04-07 17:00:00,3192936.145323364
2026-04-07 17:30:00,3192936.145323364
2026-04-07 18:00:00,3192936.145323364
2026-04-08 01:00:00,3192936.145323364
2026-04-08 01:30:00,3192936.145323364
2026-04-08 02:00:00,3192936.145323364
2026-04-08 02:30:00,3192936.145323364
2026-04-08 03:00:00,3192936.145323364
2026-04-08 05:00:00,3192936.145323364
2026-04-08 05:30:00,3192936.145323364
2026-04-08 06:00:00,3192936.145323364
2026-04-08 06:30:00,3192936.145323364
2026-04-08 07:00:00,3192936.145323364
2026-04-08 13:00:00,3192936.145323364
2026-04-08 13:30:00,3192936.145323364
2026-04-08 14:00:00,3192936.145323364
2026-04-08 14:30:00,3192936.145323364
2026-04-08 15:00:00,3192936.145323364
2026-04-08 15:30:00,3192936.145323364
2026-04-08 16:00:00,3192936.145323364
2026-04-08 16:30:00,3192936.145323364
2026-04-08 17:00:00,3192936.145323364
2026-04-08 17:30:00,3192936.145323364
2026-04-08 18:00:00,3192936.145323364
2026-04-09 01:00:00,3192936.145323364
2026-04-09 01:30:00,3203165.303043069
2026-04-09 02:00:00,3234198.6221421617
2026-04-09 02:30:00,3234198.6221421617
2026-04-09 03:00:00,3230051.716325844
2026-04-09 05:00:00,3230051.716325844
2026-04-09 05:30:00,3230051.716325844
2026-04-09 06:00:00,3230051.716325844
2026-04-09 06:30:00,3230051.716325844
2026-04-09 07:00:00,3230051.716325844
2026-04-09 13:00:00,3230051.716325844
2026-04-09 13:30:00,3230051.716325844
2026-04-09 14:00:00,3230051.716325844
2026-04-09 14:30:00,3230051.716325844
2026-04-09 15:00:00,3230051.716325844
2026-04-09 15:30:00,3230051.716325844
2026-04-09 16:00:00,3230051.716325844
2026-04-09 16:30:00,3230051.716325844
2026-04-09 17:00:00,3230051.716325844
2026-04-09 17:30:00,3230051.716325844
2026-04-09 18:00:00,3230051.716325844
2026-04-10 01:00:00,3230051.716325844
2026-04-10 01:30:00,3233691.8134811795
2026-04-10 02:00:00,3234343.6634788387
2026-04-10 02:30:00,3234343.6634788387
2026-04-10 03:00:00,3234343.6634788387
2026-04-10 05:00:00,3234343.6634788387
2026-04-10 05:30:00,3234343.6634788387
2026-04-10 06:00:00,3234343.6634788387
2026-04-10 06:30:00,3234343.6634788387
2026-04-10 07:00:00,3234343.6634788387
2026-04-10 13:00:00,3234343.6634788387
2026-04-10 13:30:00,3234343.6634788387
2026-04-10 14:00:00,3234343.6634788387
2026-04-10 14:30:00,3234343.6634788387
2026-04-10 15:00:00,3234343.6634788387
2026-04-10 15:30:00,3234343.6634788387
2026-04-10 16:00:00,3234343.6634788387
2026-04-10 16:30:00,3234343.6634788387
2026-04-10 17:00:00,3234343.6634788387
2026-04-10 17:30:00,3234343.6634788387
2026-04-10 18:00:00,3234343.6634788387
2026-04-13 01:00:00,3234343.6634788387
2026-04-13 01:30:00,3232363.6634788387
2026-04-13 02:00:00,3232363.6634788387
2026-04-13 02:30:00,3232363.6634788387
2026-04-13 03:00:00,3232363.6634788387
2026-04-13 05:00:00,3232363.6634788387
2026-04-13 05:30:00,3232363.6634788387
2026-04-13 06:00:00,3229047.9846874718
2026-04-13 06:30:00,3229047.9846874718
2026-04-13 07:00:00,3229047.9846874718
2026-04-13 13:00:00,3229047.9846874718
2026-04-13 13:30:00,3229047.9846874718
2026-04-13 14:00:00,3229047.9846874718
2026-04-13 14:30:00,3229047.9846874718
2026-04-13 15:00:00,3229047.9846874718
2026-04-13 15:30:00,3229047.9846874718
2026-04-13 16:00:00,3229047.9846874718
2026-04-13 16:30:00,3229047.9846874718
2026-04-13 17:00:00,3229047.9846874718
2026-04-13 17:30:00,3229047.9846874718
2026-04-13 18:00:00,3229047.9846874718
2026-04-14 01:00:00,3229047.9846874718
2026-04-14 01:30:00,3229047.9846874718
2026-04-14 02:00:00,3229047.9846874718
2026-04-14 02:30:00,3229047.9846874718
2026-04-14 03:00:00,3229047.9846874718
2026-04-14 05:00:00,3229047.9846874718
2026-04-14 05:30:00,3229047.9846874718
2026-04-14 06:00:00,3229047.9846874718
2026-04-14 06:30:00,3229047.9846874718
2026-04-14 07:00:00,3229047.9846874718
2026-04-14 13:00:00,3229047.9846874718
2026-04-14 13:30:00,3229047.9846874718
2026-04-14 14:00:00,3229047.9846874718
2026-04-14 14:30:00,3229047.9846874718
2026-04-14 15:00:00,3229047.9846874718
2026-04-14 15:30:00,3229047.9846874718
2026-04-14 16:00:00,3229047.9846874718
2026-04-14 16:30:00,3229047.9846874718
2026-04-14 17:00:00,3229047.9846874718
2026-04-14 17:30:00,3229047.9846874718
2026-04-14 18:00:00,3229047.9846874718
2026-04-15 01:00:00,3229047.9846874718
2026-04-15 01:30:00,3229047.9846874718
2026-04-15 02:00:00,3229047.9846874718
2026-04-15 02:30:00,3229047.9846874718
2026-04-15 03:00:00,3254645.801593977
2026-04-15 05:00:00,3254645.801593977
2026-04-15 05:30:00,3254645.801593977
2026-04-15 06:00:00,3254645.801593977
2026-04-15 06:30:00,3254645.801593977
2026-04-15 07:00:00,3254645.801593977
2026-04-15 13:00:00,3254645.801593977
2026-04-15 13:30:00,3239081.2765352125
2026-04-15 14:00:00,3239081.2765352125
2026-04-15 14:30:00,3239081.2765352125
2026-04-15 15:00:00,3239081.2765352125
2026-04-15 15:30:00,3239081.2765352125
2026-04-15 16:00:00,3239081.2765352125
2026-04-15 16:30:00,3239081.2765352125
2026-04-15 17:00:00,3239081.2765352125
2026-04-15 17:30:00,3239081.2765352125
2026-04-15 18:00:00,3239081.2765352125
2026-04-16 01:00:00,3239081.2765352125
2026-04-16 01:30:00,3239081.2765352125
2026-04-16 02:00:00,3239081.2765352125
2026-04-16 02:30:00,3239081.2765352125
2026-04-16 03:00:00,3239081.2765352125
2026-04-16 05:00:00,3239081.2765352125
2026-04-16 05:30:00,3239081.2765352125
2026-04-16 06:00:00,3239081.2765352125
2026-04-16 06:30:00,3239081.2765352125
2026-04-16 07:00:00,3239081.2765352125
2026-04-16 13:00:00,3239081.2765352125
2026-04-16 13:30:00,3239081.2765352125
2026-04-16 14:00:00,3237332.6923410664
2026-04-16 14:30:00,3237332.6923410664
2026-04-16 15:00:00,3237332.6923410664
2026-04-16 15:30:00,3237332.6923410664
2026-04-16 16:00:00,3237332.6923410664
2026-04-16 16:30:00,3237332.6923410664
2026-04-16 17:00:00,3237332.6923410664
2026-04-16 17:30:00,3237332.6923410664
2026-04-16 18:00:00,3237332.6923410664
2026-04-17 01:00:00,3237332.6923410664
2026-04-17 01:30:00,3237332.6923410664
2026-04-17 02:00:00,3237332.6923410664
2026-04-17 02:30:00,3237332.6923410664
2026-04-17 03:00:00,3237332.6923410664
2026-04-17 05:00:00,3237332.6923410664
2026-04-17 05:30:00,3237332.6923410664
2026-04-17 06:00:00,3237332.6923410664
2026-04-17 06:30:00,3237332.6923410664
2026-04-17 07:00:00,3237332.6923410664
2026-04-17 13:00:00,3235441.943859281
2026-04-17 13:30:00,3235948.033040395
2026-04-17 14:00:00,3235948.033040395
2026-04-17 14:30:00,3235948.033040395
2026-04-17 15:00:00,3235948.033040395
2026-04-17 15:30:00,3235948.033040395
2026-04-17 16:00:00,3235948.033040395
2026-04-17 16:30:00,3235948.033040395
2026-04-17 17:00:00,3235948.033040395
2026-04-17 17:30:00,3235948.033040395
2026-04-17 18:00:00,3235948.033040395
2026-04-20 01:00:00,3235948.033040395
2026-04-20 01:30:00,3235648.033040395
2026-04-20 02:00:00,3235648.033040395
2026-04-20 02:30:00,3235648.033040395
2026-04-20 03:00:00,3235648.033040395
2026-04-20 05:00:00,3235648.033040395
2026-04-20 05:30:00,3235648.033040395
2026-04-20 06:00:00,3235648.033040395
2026-04-20 06:30:00,3235648.033040395
2026-04-20 07:00:00,3235648.033040395
2026-04-20 13:00:00,3235648.033040395
2026-04-20 13:30:00,3234865.6598006054
2026-04-20 14:00:00,3234865.6598006054
2026-04-20 14:30:00,3234865.6598006054
2026-04-20 15:00:00,3234865.6598006054
2026-04-20 15:30:00,3234865.6598006054
2026-04-20 16:00:00,3234865.6598006054
2026-04-20 16:30:00,3234865.6598006054
2026-04-20 17:00:00,3234865.6598006054
2026-04-20 17:30:00,3234865.6598006054
2026-04-20 18:00:00,3234865.6598006054
2026-04-21 01:00:00,3234865.6598006054
2026-04-21 01:30:00,3232312.1787285316
2026-04-21 02:00:00,3231614.172154567
2026-04-21 02:30:00,3231614.172154567
2026-04-21 03:00:00,3231793.4611045327
2026-04-21 05:00:00,3231793.4611045327
2026-04-21 05:30:00,3231793.4611045327
2026-04-21 06:00:00,3232755.8366526705
2026-04-21 06:30:00,3232755.8366526705
2026-04-21 07:00:00,3232755.8366526705
2026-04-21 13:00:00,3232755.8366526705
2026-04-21 13:30:00,3232755.8366526705
2026-04-21 14:00:00,3232755.8366526705
2026-04-21 14:30:00,3232755.8366526705
2026-04-21 15:00:00,3232755.8366526705
2026-04-21 15:30:00,3232755.8366526705
2026-04-21 16:00:00,3232755.8366526705
2026-04-21 16:30:00,3232755.8366526705
2026-04-21 17:00:00,3232755.8366526705
2026-04-21 17:30:00,3232755.8366526705
2026-04-21 18:00:00,3232755.8366526705
2026-04-22 01:00:00,3232755.8366526705
2026-04-22 01:30:00,3232648.696416982
2026-04-22 02:00:00,3232648.696416982
2026-04-22 02:30:00,3232648.696416982
2026-04-22 03:00:00,3232648.696416982
2026-04-22 05:00:00,3232648.696416982
2026-04-22 05:30:00,3232648.696416982
2026-04-22 06:00:00,3232648.696416982
2026-04-22 06:30:00,3232648.696416982
2026-04-22 07:00:00,3232648.696416982
2026-04-22 13:00:00,3232648.696416982
2026-04-22 13:30:00,3232648.696416982
2026-04-22 14:00:00,3232648.696416982
2026-04-22 14:30:00,3232648.696416982
2026-04-22 15:00:00,3232648.696416982
2026-04-22 15:30:00,3232648.696416982
2026-04-22 16:00:00,3232648.696416982
2026-04-22 16:30:00,3232648.696416982
2026-04-22 17:00:00,3232648.696416982
2026-04-22 17:30:00,3232648.696416982
2026-04-22 18:00:00,3232648.696416982
2026-04-23 01:00:00,3232648.696416982
2026-04-23 01:30:00,3231048.708881113
2026-04-23 02:00:00,3231048.708881113
2026-04-23 02:30:00,3231048.708881113
2026-04-23 03:00:00,3231048.708881113
2026-04-23 05:00:00,3231048.708881113
2026-04-23 05:30:00,3231048.708881113
2026-04-23 06:00:00,3231048.708881113
2026-04-23 06:30:00,3233155.9672422353
2026-04-23 07:00:00,3233155.9672422353
2026-04-23 13:00:00,3233155.9672422353
2026-04-23 13:30:00,3233155.9672422353
2026-04-23 14:00:00,3233155.9672422353
2026-04-23 14:30:00,3233155.9672422353
2026-04-23 15:00:00,3233155.9672422353
2026-04-23 15:30:00,3233155.9672422353
2026-04-23 16:00:00,3233155.9672422353
2026-04-23 16:30:00,3233155.9672422353
2026-04-23 17:00:00,3233155.9672422353
2026-04-23 17:30:00,3233155.9672422353
2026-04-23 18:00:00,3233155.9672422353
2026-04-24 01:00:00,3233155.9672422353
2026-04-24 01:30:00,3233155.9672422353
2026-04-24 02:00:00,3232600.090966736
2026-04-24 02:30:00,3232600.090966736
2026-04-24 03:00:00,3233425.7523710337
2026-04-24 05:00:00,3233425.7523710337
2026-04-24 05:30:00,3233425.7523710337
2026-04-24 06:00:00,3233425.7523710337
2026-04-24 06:30:00,3231785.9567865515
2026-04-24 07:00:00,3231785.9567865515
2026-04-24 13:00:00,3231785.9567865515
2026-04-24 13:30:00,3231785.9567865515
2026-04-24 14:00:00,3231785.9567865515
2026-04-24 14:30:00,3231785.9567865515
2026-04-24 15:00:00,3231785.9567865515
2026-04-24 15:30:00,3231785.9567865515
2026-04-24 16:00:00,3231785.9567865515
2026-04-24 16:30:00,3231785.9567865515
2026-04-24 17:00:00,3231785.9567865515
2026-04-24 17:30:00,3231785.9567865515
2026-04-24 18:00:00,3231785.9567865515
2026-04-27 01:00:00,3231785.9567865515
2026-04-27 01:30:00,3228622.7006009845
2026-04-27 02:00:00,3212858.8448865484
2026-04-27 02:30:00,3212858.8448865484
2026-04-27 03:00:00,3212858.8448865484
2026-04-27 05:00:00,3212858.8448865484
2026-04-27 05:30:00,3212858.8448865484
2026-04-27 06:00:00,3212858.8448865484
2026-04-27 06:30:00,3212858.8448865484
2026-04-27 07:00:00,3212858.8448865484
2026-04-27 13:00:00,3212858.8448865484
2026-04-27 13:30:00,3212858.8448865484
2026-04-27 14:00:00,3212858.8448865484
2026-04-27 14:30:00,3212858.8448865484
2026-04-27 15:00:00,3212858.8448865484
2026-04-27 15:30:00,3212858.8448865484
2026-04-27 16:00:00,3212858.8448865484
2026-04-27 16:30:00,3212858.8448865484
2026-04-27 17:00:00,3212858.8448865484
2026-04-27 17:30:00,3212858.8448865484
2026-04-27 18:00:00,3212858.8448865484
2026-04-28 01:00:00,3212858.8448865484
2026-04-28 01:30:00,3213334.289342478
2026-04-28 02:00:00,3206489.048910833
2026-04-28 02:30:00,3206489.048910833
2026-04-28 03:00:00,3206489.048910833
2026-04-28 05:00:00,3206489.048910833
2026-04-28 05:30:00,3204915.431259578
2026-04-28 06:00:00,3204915.431259578
2026-04-28 06:30:00,3204915.431259578
2026-04-28 07:00:00,3204915.431259578
2026-04-28 13:00:00,3205296.883516054
2026-04-28 13:30:00,3205716.883516054
2026-04-28 14:00:00,3205716.883516054
2026-04-28 14:30:00,3205716.883516054
2026-04-28 15:00:00,3205716.883516054
2026-04-28 15:30:00,3205716.883516054
2026-04-28 16:00:00,3205716.883516054
2026-04-28 16:30:00,3205716.883516054
2026-04-28 17:00:00,3217525.7917206376
2026-04-28 17:30:00,3217525.7917206376
2026-04-28 18:00:00,3217525.7917206376
2026-04-29 01:00:00,3217525.7917206376
2026-04-29 01:30:00,3217525.7917206376
2026-04-29 02:00:00,3217933.358261784
2026-04-29 02:30:00,3217933.358261784
2026-04-29 03:00:00,3217933.358261784
2026-04-29 05:00:00,3217933.358261784
2026-04-29 05:30:00,3217933.358261784
2026-04-29 06:00:00,3213368.295110252
2026-04-29 06:30:00,3213368.295110252
2026-04-29 07:00:00,3213368.295110252
2026-04-29 13:00:00,3213368.295110252
2026-04-29 13:30:00,3213368.295110252
2026-04-29 14:00:00,3213368.295110252
2026-04-29 14:30:00,3213368.295110252
2026-04-29 15:00:00,3213368.295110252
2026-04-29 15:30:00,3213368.295110252
2026-04-29 16:00:00,3213368.295110252
2026-04-29 16:30:00,3213368.295110252
2026-04-29 17:00:00,3213368.295110252
2026-04-29 17:30:00,3213368.295110252
2026-04-29 18:00:00,3213368.295110252
2026-04-30 01:00:00,3213368.295110252
2026-04-30 01:30:00,3218037.2411770723
2026-04-30 02:00:00,3218037.2411770723
2026-04-30 02:30:00,3218037.2411770723
2026-04-30 03:00:00,3228109.1360892504
2026-04-30 05:00:00,3228109.1360892504
2026-04-30 05:30:00,3228109.1360892504
2026-04-30 06:00:00,3227963.2132004243
2026-04-30 06:30:00,3227963.2132004243
2026-04-30 07:00:00,3227963.2132004243
2026-05-06 01:00:00,3227963.2132004243
2026-05-06 01:30:00,3225743.2132004243
2026-05-06 02:00:00,3225743.2132004243
2026-05-06 02:30:00,3225743.2132004243
2026-05-06 03:00:00,3225743.2132004243
2026-05-06 05:00:00,3225743.2132004243
2026-05-06 05:30:00,3225743.2132004243
2026-05-06 06:00:00,3225743.2132004243
2026-05-06 06:30:00,3287288.8442770224
2026-05-06 07:00:00,3287288.8442770224
2026-05-06 13:00:00,3287288.8442770224
2026-05-06 13:30:00,3287238.8442770224
2026-05-06 14:00:00,3287238.8442770224
2026-05-06 14:30:00,3287238.8442770224
2026-05-06 15:00:00,3287238.8442770224
2026-05-06 15:30:00,3287238.8442770224
2026-05-06 16:00:00,3287238.8442770224
2026-05-06 16:30:00,3287238.8442770224
2026-05-06 17:00:00,3287238.8442770224
2026-05-06 17:30:00,3287238.8442770224
2026-05-06 18:00:00,3287238.8442770224
2026-05-07 01:00:00,3287238.8442770224
2026-05-07 01:30:00,3287238.8442770224
2026-05-07 02:00:00,3301178.820110868
2026-05-07 02:30:00,3301178.820110868
2026-05-07 03:00:00,3301178.820110868
2026-05-07 05:00:00,3301178.820110868
2026-05-07 05:30:00,3301178.820110868
2026-05-07 06:00:00,3301010.8272173596
2026-05-07 06:30:00,3301010.8272173596
2026-05-07 07:00:00,3301010.8272173596
2026-05-07 13:00:00,3301010.8272173596
2026-05-07 13:30:00,3301010.8272173596
2026-05-07 14:00:00,3301010.8272173596
2026-05-07 14:30:00,3301010.8272173596
2026-05-07 15:00:00,3301010.8272173596
2026-05-07 15:30:00,3301010.8272173596
2026-05-07 16:00:00,3301010.8272173596
2026-05-07 16:30:00,3301010.8272173596
2026-05-07 17:00:00,3301010.8272173596
2026-05-07 17:30:00,3301010.8272173596
2026-05-07 18:00:00,3301010.8272173596
2026-05-08 01:00:00,3301010.8272173596
2026-05-08 01:30:00,3301010.8272173596
2026-05-08 02:00:00,3301010.8272173596
2026-05-08 02:30:00,3301010.8272173596
2026-05-08 03:00:00,3301010.8272173596
2026-05-08 05:00:00,3385591.4829315864
2026-05-08 05:30:00,3384815.7760395263
2026-05-08 06:00:00,3384815.7760395263
2026-05-08 06:30:00,3386530.711143201
2026-05-08 07:00:00,3386530.711143201
2026-05-08 13:00:00,3386530.711143201
2026-05-08 13:30:00,3386530.711143201
2026-05-08 14:00:00,3386530.711143201
2026-05-08 14:30:00,3386530.711143201
2026-05-08 15:00:00,3386530.711143201
2026-05-08 15:30:00,3386530.711143201
2026-05-08 16:00:00,3386530.711143201
2026-05-08 16:30:00,3386530.711143201
2026-05-08 17:00:00,3386530.711143201
2026-05-08 17:30:00,3386530.711143201
2026-05-08 18:00:00,3386530.711143201
2026-05-11 01:00:00,3386530.711143201
2026-05-11 01:30:00,3386530.711143201
2026-05-11 02:00:00,3386530.711143201
2026-05-11 02:30:00,3387776.384198401
2026-05-11 03:00:00,3387776.384198401
2026-05-11 05:00:00,3387776.384198401
2026-05-11 05:30:00,3387776.384198401
2026-05-11 06:00:00,3387776.384198401
2026-05-11 06:30:00,3387776.384198401
2026-05-11 07:00:00,3387776.384198401
2026-05-11 13:00:00,3387776.384198401
2026-05-11 13:30:00,3387572.186791068
2026-05-11 14:00:00,3387572.186791068
2026-05-11 14:30:00,3387572.186791068
2026-05-11 15:00:00,3387572.186791068
2026-05-11 15:30:00,3387572.186791068
2026-05-11 16:00:00,3387572.186791068
2026-05-11 16:30:00,3387572.186791068
2026-05-11 17:00:00,3387572.186791068
2026-05-11 17:30:00,3387572.186791068
2026-05-11 18:00:00,3387572.186791068
2026-05-12 01:00:00,3387572.186791068
2026-05-12 01:30:00,3387572.186791068
2026-05-12 02:00:00,3387572.186791068
2026-05-12 02:30:00,3387572.186791068
2026-05-12 03:00:00,3387572.186791068
2026-05-12 05:00:00,3387572.186791068
2026-05-12 05:30:00,3387572.186791068
2026-05-12 06:00:00,3387572.186791068
2026-05-12 06:30:00,3387572.186791068
2026-05-12 07:00:00,3387572.186791068
2026-05-12 13:00:00,3387572.186791068
2026-05-12 13:30:00,3387572.186791068
2026-05-12 14:00:00,3386898.5658093668
2026-05-12 14:30:00,3386898.5658093668
2026-05-12 15:00:00,3386898.5658093668
2026-05-12 15:30:00,3386898.5658093668
2026-05-12 16:00:00,3386898.5658093668
2026-05-12 16:30:00,3386898.5658093668
2026-05-12 17:00:00,3386898.5658093668
2026-05-12 17:30:00,3386898.5658093668
2026-05-12 18:00:00,3386898.5658093668
2026-05-13 01:00:00,3389768.4584981566
2026-05-13 01:30:00,3388592.3825502885
2026-05-13 02:00:00,3388592.3825502885
2026-05-13 02:30:00,3394624.1402040403
2026-05-13 03:00:00,3394624.1402040403
2026-05-13 05:00:00,3394624.1402040403
2026-05-13 05:30:00,3394624.1402040403
2026-05-13 06:00:00,3393595.9504050245
2026-05-13 06:30:00,3393595.9504050245
2026-05-13 07:00:00,3393595.9504050245
2026-05-13 13:00:00,3392737.267376572
2026-05-13 13:30:00,3392587.267376572
2026-05-13 14:00:00,3392587.267376572
2026-05-13 14:30:00,3392587.267376572
2026-05-13 15:00:00,3392587.267376572
2026-05-13 15:30:00,3392587.267376572
2026-05-13 16:00:00,3392587.267376572
2026-05-13 16:30:00,3392587.267376572
2026-05-13 17:00:00,3392587.267376572
2026-05-13 17:30:00,3392587.267376572
2026-05-13 18:00:00,3392587.267376572
2026-05-14 01:00:00,3391593.587098584
2026-05-14 01:30:00,3391593.587098584
2026-05-14 02:00:00,3391593.587098584
2026-05-14 02:30:00,3391593.587098584
2026-05-14 03:00:00,3391593.587098584
2026-05-14 05:00:00,3391593.587098584
2026-05-14 05:30:00,3391593.587098584
2026-05-14 06:00:00,3391593.587098584
2026-05-14 06:30:00,3391593.587098584
2026-05-14 07:00:00,3391593.587098584
2026-05-14 13:00:00,3391593.587098584
2026-05-14 13:30:00,3391593.587098584
2026-05-14 14:00:00,3391593.587098584
2026-05-14 14:30:00,3391593.587098584
2026-05-14 15:00:00,3391593.587098584
2026-05-14 15:30:00,3391593.587098584
2026-05-14 16:00:00,3391593.587098584
2026-05-14 16:30:00,3397126.639778536
2026-05-14 17:00:00,3397126.639778536
2026-05-14 17:30:00,3397126.639778536
2026-05-14 18:00:00,3397126.639778536
2026-05-15 01:00:00,3397126.639778536
2026-05-15 01:30:00,3397126.639778536
2026-05-15 02:00:00,3397126.639778536
2026-05-15 02:30:00,3397126.639778536
2026-05-15 03:00:00,3397126.639778536
2026-05-15 05:00:00,3406206.405386949
2026-05-15 05:30:00,3406206.405386949
2026-05-15 06:00:00,3406206.405386949
2026-05-15 06:30:00,3406206.405386949
2026-05-15 07:00:00,3406206.405386949
2026-05-15 13:00:00,3406206.405386949
2026-05-15 13:30:00,3406206.405386949
2026-05-15 14:00:00,3404840.329031354
2026-05-15 14:30:00,3404840.329031354
2026-05-15 15:00:00,3404840.329031354
2026-05-15 15:30:00,3404840.329031354
2026-05-15 16:00:00,3404840.329031354
2026-05-15 16:30:00,3404840.329031354
2026-05-15 17:00:00,3404840.329031354
2026-05-15 17:30:00,3404840.329031354
2026-05-15 18:00:00,3404840.329031354
2026-05-18 01:00:00,3404840.329031354
2026-05-18 01:30:00,3405340.329031354
2026-05-18 02:00:00,3410753.139372999
2026-05-18 02:30:00,3410753.139372999
2026-05-18 03:00:00,3413993.9415736143
2026-05-18 05:00:00,3413993.9415736143
2026-05-18 05:30:00,3413993.9415736143
2026-05-18 06:00:00,3412886.994757026
2026-05-18 06:30:00,3412886.994757026
2026-05-18 07:00:00,3412886.994757026
2026-05-18 13:00:00,3412886.994757026
2026-05-18 13:30:00,3409316.994757026
2026-05-18 14:00:00,3409316.994757026
2026-05-18 14:30:00,3407561.9648729004
2026-05-18 15:00:00,3407561.9648729004
2026-05-18 15:30:00,3407561.9648729004
2026-05-18 16:00:00,3407561.9648729004
2026-05-18 16:30:00,3407561.9648729004
2026-05-18 17:00:00,3407561.9648729004
2026-05-18 17:30:00,3407561.9648729004
2026-05-18 18:00:00,3407561.9648729004
2026-05-19 01:00:00,3405131.129117165
2026-05-19 01:30:00,3405131.129117165
2026-05-19 02:00:00,3405131.129117165
2026-05-19 02:30:00,3405131.129117165
2026-05-19 03:00:00,3404595.9276551534
2026-05-19 05:00:00,3404595.9276551534
2026-05-19 05:30:00,3404595.9276551534
2026-05-19 06:00:00,3404595.9276551534
2026-05-19 06:30:00,3403936.6745494255
2026-05-19 07:00:00,3403936.6745494255
2026-05-19 13:00:00,3403936.6745494255
2026-05-19 13:30:00,3403936.6745494255
2026-05-19 14:00:00,3403936.6745494255
2026-05-19 14:30:00,3402333.0411402173
2026-05-19 15:00:00,3402333.0411402173
2026-05-19 15:30:00,3402333.0411402173
2026-05-19 16:00:00,3402333.0411402173
2026-05-19 16:30:00,3402333.0411402173
2026-05-19 17:00:00,3402333.0411402173
2026-05-19 17:30:00,3402333.0411402173
2026-05-19 18:00:00,3402333.0411402173
2026-05-20 01:00:00,3402333.0411402173
2026-05-20 01:30:00,3402333.0411402173
2026-05-20 02:00:00,3402333.0411402173
2026-05-20 02:30:00,3402333.0411402173
2026-05-20 03:00:00,3402333.0411402173
2026-05-20 05:00:00,3402333.0411402173
2026-05-20 05:30:00,3402333.0411402173
2026-05-20 06:00:00,3402333.0411402173
2026-05-20 06:30:00,3402333.0411402173
2026-05-20 07:00:00,3402333.0411402173
2026-05-20 13:00:00,3402333.0411402173
2026-05-20 13:30:00,3402333.0411402173
2026-05-20 14:00:00,3402333.0411402173
2026-05-20 14:30:00,3402333.0411402173
2026-05-20 15:00:00,3402333.0411402173
2026-05-20 15:30:00,3402333.0411402173
2026-05-20 16:00:00,3402333.0411402173
2026-05-20 16:30:00,3402333.0411402173
2026-05-20 17:00:00,3402333.0411402173
2026-05-20 17:30:00,3402333.0411402173
2026-05-20 18:00:00,3402333.0411402173
2026-05-21 01:00:00,3402333.0411402173
2026-05-21 01:30:00,3402333.0411402173
2026-05-21 02:00:00,3402333.0411402173
2026-05-21 02:30:00,3402333.0411402173
2026-05-21 03:00:00,3402333.0411402173
2026-05-21 05:00:00,3402333.0411402173
2026-05-21 05:30:00,3402333.0411402173
2026-05-21 06:00:00,3402333.0411402173
2026-05-21 06:30:00,3402333.0411402173
2026-05-21 07:00:00,3402333.0411402173
2026-05-21 13:00:00,3402333.0411402173
2026-05-21 13:30:00,3402273.1630669083
2026-05-21 14:00:00,3400196.7805375904
2026-05-21 14:30:00,3400196.7805375904
2026-05-21 15:00:00,3400196.7805375904
2026-05-21 15:30:00,3400196.7805375904
2026-05-21 16:00:00,3400196.7805375904
2026-05-21 16:30:00,3400196.7805375904
2026-05-21 17:00:00,3400196.7805375904
2026-05-21 17:30:00,3400196.7805375904
2026-05-21 18:00:00,3400196.7805375904
2026-05-22 01:00:00,3400196.7805375904
2026-05-22 01:30:00,3397369.1033544964
2026-05-22 02:00:00,3397369.1033544964
2026-05-22 02:30:00,3397369.1033544964
2026-05-22 03:00:00,3397369.1033544964
2026-05-22 05:00:00,3397369.1033544964
2026-05-22 05:30:00,3381309.508912434
2026-05-22 06:00:00,3373770.4355993494
2026-05-22 06:30:00,3373770.4355993494
2026-05-22 07:00:00,3373770.4355993494
2026-05-22 13:00:00,3373770.4355993494
2026-05-22 13:30:00,3373770.4355993494
2026-05-22 14:00:00,3373770.4355993494
2026-05-22 14:30:00,3373770.4355993494
2026-05-22 15:00:00,3373770.4355993494
2026-05-22 15:30:00,3373770.4355993494
2026-05-22 16:00:00,3373770.4355993494
2026-05-22 16:30:00,3370259.3435352826
2026-05-22 17:00:00,3370259.3435352826
2026-05-22 17:30:00,3370259.3435352826
2026-05-22 18:00:00,3370259.3435352826
2026-05-25 01:00:00,3370259.3435352826
2026-05-25 01:30:00,3367059.3435352826
2026-05-25 02:00:00,3367759.03071682
2026-05-25 02:30:00,3367759.03071682
2026-05-25 03:00:00,3367759.03071682
2026-05-25 05:00:00,3367759.03071682
2026-05-25 05:30:00,3367759.03071682
2026-05-25 06:00:00,3367759.03071682
2026-05-25 06:30:00,3367759.03071682
2026-05-25 07:00:00,3367759.03071682
2026-05-25 13:00:00,3367759.03071682
2026-05-25 13:30:00,3366948.425347808
2026-05-25 14:00:00,3366948.425347808
2026-05-25 14:30:00,3366948.425347808
2026-05-25 15:00:00,3367668.425347808
2026-05-25 15:30:00,3367668.425347808
2026-05-25 16:00:00,3367668.425347808
2026-05-25 16:30:00,3366874.167375809
2026-05-25 17:00:00,3366874.167375809
2026-05-25 17:30:00,3366874.167375809
2026-05-25 18:00:00,3366874.167375809
2026-05-26 01:00:00,3366874.167375809
2026-05-26 01:30:00,3366874.167375809
2026-05-26 02:00:00,3366874.167375809
2026-05-26 02:30:00,3366874.167375809
2026-05-26 03:00:00,3366874.167375809
2026-05-26 05:00:00,3366874.167375809
2026-05-26 05:30:00,3366874.167375809
2026-05-26 06:00:00,3366874.167375809
2026-05-26 06:30:00,3366874.167375809
2026-05-26 07:00:00,3366874.167375809
2026-05-26 13:00:00,3366874.167375809
2026-05-26 13:30:00,3366874.167375809
2026-05-26 14:00:00,3366874.167375809
2026-05-26 14:30:00,3366874.167375809
2026-05-26 15:00:00,3366874.167375809
2026-05-26 15:30:00,3366874.167375809
2026-05-26 16:00:00,3366874.167375809
2026-05-26 16:30:00,3366874.167375809
2026-05-26 17:00:00,3366874.167375809
2026-05-26 17:30:00,3366874.167375809
2026-05-26 18:00:00,3366874.167375809
2026-05-27 01:00:00,3366874.167375809
2026-05-27 01:30:00,3344471.8256585053
2026-05-27 02:00:00,3344471.8256585053
2026-05-27 02:30:00,3344471.8256585053
2026-05-27 03:00:00,3344471.8256585053
2026-05-27 05:00:00,3344471.8256585053
2026-05-27 05:30:00,3344471.8256585053
2026-05-27 06:00:00,3345890.0554869073
2026-05-27 06:30:00,3345890.0554869073
2026-05-27 07:00:00,3345890.0554869073
2026-05-27 13:00:00,3345890.0554869073
2026-05-27 13:30:00,3347365.949078161
2026-05-27 14:00:00,3347365.949078161
2026-05-27 14:30:00,3347365.949078161
2026-05-27 15:00:00,3347365.949078161
2026-05-27 15:30:00,3347365.949078161
2026-05-27 16:00:00,3347365.949078161
2026-05-27 16:30:00,3347365.949078161
2026-05-27 17:00:00,3347365.949078161
2026-05-27 17:30:00,3347365.949078161
2026-05-27 18:00:00,3347365.949078161
2026-05-28 01:00:00,3347365.949078161
2026-05-28 01:30:00,3347365.949078161
2026-05-28 02:00:00,3349998.3801842527
2026-05-28 02:30:00,3349998.3801842527
2026-05-28 03:00:00,3349998.3801842527
2026-05-28 05:00:00,3349998.3801842527
2026-05-28 05:30:00,3349998.3801842527
2026-05-28 06:00:00,3335806.2056576987
2026-05-28 06:30:00,3335806.2056576987
2026-05-28 07:00:00,3335806.2056576987
2026-05-28 13:00:00,3335806.2056576987
2026-05-28 13:30:00,3335806.2056576987
2026-05-28 14:00:00,3335806.2056576987
2026-05-28 14:30:00,3335806.2056576987
2026-05-28 15:00:00,3335806.2056576987
2026-05-28 15:30:00,3335806.2056576987
2026-05-28 16:00:00,3335806.2056576987
2026-05-28 16:30:00,3335806.2056576987
2026-05-28 17:00:00,3335806.2056576987
2026-05-28 17:30:00,3335806.2056576987
2026-05-28 18:00:00,3335806.2056576987
2026-05-29 01:00:00,3335806.2056576987
2026-05-29 01:30:00,3335806.2056576987
2026-05-29 02:00:00,3341611.936552685
2026-05-29 02:30:00,3341611.936552685
2026-05-29 03:00:00,3341611.936552685
2026-05-29 05:00:00,3341611.936552685
2026-05-29 05:30:00,3341611.936552685
2026-05-29 06:00:00,3341611.936552685
2026-05-29 06:30:00,3341206.979242585
2026-05-29 07:00:00,3341206.979242585
2026-05-29 13:00:00,3341206.979242585
2026-05-29 13:30:00,3341206.979242585
2026-05-29 14:00:00,3341206.979242585
2026-05-29 14:30:00,3341206.979242585
2026-05-29 15:00:00,3341206.979242585
2026-05-29 15:30:00,3341206.979242585
2026-05-29 16:00:00,3341206.979242585
2026-05-29 16:30:00,3341206.979242585
2026-05-29 17:00:00,3341206.979242585
2026-05-29 17:30:00,3341206.979242585
2026-05-29 18:00:00,3341206.979242585
2026-06-01 01:00:00,3341206.979242585
2026-06-01 01:30:00,3345998.0376921617
2026-06-01 02:00:00,3345998.0376921617
2026-06-01 02:30:00,3345998.0376921617
2026-06-01 03:00:00,3345998.0376921617
2026-06-01 05:00:00,3345998.0376921617
2026-06-01 05:30:00,3345998.0376921617
2026-06-01 06:00:00,3348306.592696031
2026-06-01 06:30:00,3348306.592696031
2026-06-01 07:00:00,3348306.592696031
2026-06-01 13:00:00,3348306.592696031
2026-06-01 13:30:00,3348306.592696031
2026-06-01 14:00:00,3348306.592696031
2026-06-01 14:30:00,3348306.592696031
2026-06-01 15:00:00,3348306.592696031
2026-06-01 15:30:00,3348306.592696031
2026-06-01 16:00:00,3348306.592696031
2026-06-01 16:30:00,3348306.592696031
2026-06-01 17:00:00,3348306.592696031
2026-06-01 17:30:00,3348306.592696031
2026-06-01 18:00:00,3348306.592696031
2026-06-02 01:00:00,3348306.592696031
2026-06-02 01:30:00,3350657.7730256137
2026-06-02 02:00:00,3350657.7730256137
2026-06-02 02:30:00,3347387.7730256137
2026-06-02 03:00:00,3347100.4079758157
2026-06-02 05:00:00,3347100.4079758157
2026-06-02 05:30:00,3347100.4079758157
2026-06-02 06:00:00,3347100.4079758157
2026-06-02 06:30:00,3347100.4079758157
2026-06-02 07:00:00,3347100.4079758157
2026-06-02 13:00:00,3347100.4079758157
2026-06-02 13:30:00,3347100.4079758157
2026-06-02 14:00:00,3347100.4079758157
2026-06-02 14:30:00,3347100.4079758157
2026-06-02 15:00:00,3347100.4079758157
2026-06-02 15:30:00,3347100.4079758157
2026-06-02 16:00:00,3347100.4079758157
2026-06-02 16:30:00,3347100.4079758157
2026-06-02 17:00:00,3347100.4079758157
2026-06-02 17:30:00,3347100.4079758157
2026-06-02 18:00:00,3347100.4079758157
2026-06-03 01:00:00,3347100.4079758157
2026-06-03 01:30:00,3347100.4079758157
2026-06-03 02:00:00,3347100.4079758157
2026-06-03 02:30:00,3347100.4079758157
2026-06-03 03:00:00,3348236.8746227245
2026-06-03 05:00:00,3348236.8746227245
2026-06-03 05:30:00,3344894.2750957925
2026-06-03 06:00:00,3344894.2750957925
2026-06-03 06:30:00,3350996.6768246577
2026-06-03 07:00:00,3350996.6768246577
2026-06-03 13:00:00,3350996.6768246577
2026-06-03 13:30:00,3350987.737262571
2026-06-03 14:00:00,3350987.737262571
2026-06-03 14:30:00,3350987.737262571
2026-06-03 15:00:00,3350987.737262571
2026-06-03 15:30:00,3350987.737262571
2026-06-03 16:00:00,3350987.737262571
2026-06-03 16:30:00,3350987.737262571
2026-06-03 17:00:00,3350987.737262571
2026-06-03 17:30:00,3350987.737262571
2026-06-03 18:00:00,3350987.737262571
2026-06-04 01:00:00,3350987.737262571
2026-06-04 01:30:00,3350987.737262571
2026-06-04 02:00:00,3350987.737262571
2026-06-04 02:30:00,3350987.737262571
2026-06-04 03:00:00,3350987.737262571
2026-06-04 05:00:00,3350987.737262571
2026-06-04 05:30:00,3350987.737262571
2026-06-04 06:00:00,3350987.737262571
2026-06-04 06:30:00,3350987.737262571
2026-06-04 07:00:00,3350987.737262571
2026-06-04 13:00:00,3350987.737262571
2026-06-04 13:30:00,3350987.737262571
2026-06-04 14:00:00,3350987.737262571
2026-06-04 14:30:00,3350987.737262571
2026-06-04 15:00:00,3350987.737262571
2026-06-04 15:30:00,3350987.737262571
2026-06-04 16:00:00,3350987.737262571
2026-06-04 16:30:00,3350987.737262571
2026-06-04 17:00:00,3350987.737262571
2026-06-04 17:30:00,3350987.737262571
2026-06-04 18:00:00,3350987.737262571
2026-06-05 01:00:00,3350987.737262571
2026-06-05 01:30:00,3358894.812981674
2026-06-05 02:00:00,3358894.812981674
2026-06-05 02:30:00,3358894.812981674
2026-06-05 03:00:00,3358826.215793128
2026-06-05 05:00:00,3358826.215793128
2026-06-05 05:30:00,3359835.194334531
2026-06-05 06:00:00,3359835.194334531
2026-06-05 06:30:00,3358407.554487804
2026-06-05 07:00:00,3358407.554487804
2026-06-05 13:00:00,3358407.554487804
2026-06-05 13:30:00,3361858.249144986
2026-06-05 14:00:00,3361858.249144986
2026-06-05 14:30:00,3361858.249144986
2026-06-05 15:00:00,3361858.249144986
2026-06-05 15:30:00,3361858.249144986
2026-06-05 16:00:00,3361858.249144986
2026-06-05 16:30:00,3361858.249144986
2026-06-05 17:00:00,3361858.249144986
2026-06-05 17:30:00,3361858.249144986
2026-06-05 18:00:00,3361858.249144986
2026-06-08 01:00:00,3361858.249144986
2026-06-08 01:30:00,3361103.7913267943
2026-06-08 02:00:00,3361103.7913267943
2026-06-08 02:30:00,3366563.473747619
2026-06-08 03:00:00,3366563.473747619
2026-06-08 05:00:00,3366563.473747619
2026-06-08 05:30:00,3366563.473747619
2026-06-08 06:00:00,3366563.473747619
2026-06-08 06:30:00,3366563.473747619
2026-06-08 07:00:00,3366563.473747619
2026-06-08 13:00:00,3366563.473747619
2026-06-08 13:30:00,3368192.546134926
2026-06-08 14:00:00,3368192.546134926
2026-06-08 14:30:00,3368192.546134926
2026-06-08 15:00:00,3368192.546134926
2026-06-08 15:30:00,3368192.546134926
2026-06-08 16:00:00,3368192.546134926
2026-06-08 16:30:00,3368192.546134926
2026-06-08 17:00:00,3368192.546134926
2026-06-08 17:30:00,3368192.546134926
2026-06-08 18:00:00,3368192.546134926
2026-06-09 01:00:00,3368192.546134926
2026-06-09 01:30:00,3368192.546134926
2026-06-09 02:00:00,3368192.546134926
2026-06-09 02:30:00,3368192.546134926
2026-06-09 03:00:00,3368192.546134926
2026-06-09 05:00:00,3368192.546134926
2026-06-09 05:30:00,3368192.546134926
2026-06-09 06:00:00,3368192.546134926
2026-06-09 06:30:00,3368192.546134926
2026-06-09 07:00:00,3368192.546134926
2026-06-09 13:00:00,3368192.546134926
2026-06-09 13:30:00,3366391.650679364
2026-06-09 14:00:00,3366391.650679364
2026-06-09 14:30:00,3366391.650679364
2026-06-09 15:00:00,3366391.650679364
2026-06-09 15:30:00,3366391.650679364
2026-06-09 16:00:00,3366391.650679364
2026-06-09 16:30:00,3366391.650679364
2026-06-09 17:00:00,3383250.5134269535
2026-06-09 17:30:00,3383250.5134269535
2026-06-09 18:00:00,3383250.5134269535
2026-06-10 01:00:00,3382443.342986487
2026-06-10 01:30:00,3385417.478419938
2026-06-10 02:00:00,3385417.478419938
2026-06-10 02:30:00,3385417.478419938
2026-06-10 03:00:00,3383374.6891179285
2026-06-10 05:00:00,3383374.6891179285
2026-06-10 05:30:00,3383374.6891179285
2026-06-10 06:00:00,3383374.6891179285
2026-06-10 06:30:00,3383374.6891179285
2026-06-10 07:00:00,3383374.6891179285
2026-06-10 13:00:00,3383374.6891179285
2026-06-10 13:30:00,3383374.6891179285
2026-06-10 14:00:00,3383374.6891179285
2026-06-10 14:30:00,3383374.6891179285
2026-06-10 15:00:00,3383374.6891179285
2026-06-10 15:30:00,3383374.6891179285
2026-06-10 16:00:00,3383374.6891179285
2026-06-10 16:30:00,3383374.6891179285
2026-06-10 17:00:00,3383374.6891179285
2026-06-10 17:30:00,3383374.6891179285
2026-06-10 18:00:00,3383374.6891179285
2026-06-11 01:00:00,3383374.6891179285
2026-06-11 01:30:00,3383374.6891179285
2026-06-11 02:00:00,3383374.6891179285
2026-06-11 02:30:00,3383374.6891179285
2026-06-11 03:00:00,3382470.680971854
2026-06-11 05:00:00,3382470.680971854
2026-06-11 05:30:00,3382470.680971854
2026-06-11 06:00:00,3383730.680971854
2026-06-11 06:30:00,3383730.680971854
2026-06-11 07:00:00,3383730.680971854
2026-06-11 13:00:00,3383730.680971854
2026-06-11 13:30:00,3383730.680971854
2026-06-11 14:00:00,3383730.680971854
2026-06-11 14:30:00,3383730.680971854
2026-06-11 15:00:00,3383730.680971854
2026-06-11 15:30:00,3383730.680971854
2026-06-11 16:00:00,3380277.128758783
2026-06-11 16:30:00,3380277.128758783
2026-06-11 17:00:00,3380277.128758783
2026-06-11 17:30:00,3380277.128758783
2026-06-11 18:00:00,3380277.128758783
2026-06-12 01:00:00,3380277.128758783
2026-06-12 01:30:00,3380277.128758783
2026-06-12 02:00:00,3380277.128758783
2026-06-12 02:30:00,3380277.128758783
2026-06-12 03:00:00,3380277.128758783
2026-06-12 05:00:00,3380277.128758783
2026-06-12 05:30:00,3378216.1549630733
2026-06-12 06:00:00,3378216.1549630733
2026-06-12 06:30:00,3378216.1549630733
2026-06-12 07:00:00,3378216.1549630733
2026-06-12 13:00:00,3378216.1549630733
2026-06-12 13:30:00,3378216.1549630733
2026-06-12 14:00:00,3378216.1549630733
2026-06-12 14:30:00,3378216.1549630733
2026-06-12 15:00:00,3378216.1549630733
2026-06-12 15:30:00,3378216.1549630733
2026-06-12 16:00:00,3378216.1549630733
2026-06-12 16:30:00,3378216.1549630733
2026-06-12 17:00:00,3378216.1549630733
2026-06-12 17:30:00,3378216.1549630733
2026-06-12 18:00:00,3378216.1549630733
2026-06-15 01:00:00,3377924.8874407816
2026-06-15 01:30:00,3377327.092066983
2026-06-15 02:00:00,3377327.092066983
2026-06-15 02:30:00,3377327.092066983
2026-06-15 03:00:00,3377327.092066983
2026-06-15 05:00:00,3377327.092066983
2026-06-15 05:30:00,3377327.092066983
2026-06-15 06:00:00,3377327.092066983
2026-06-15 06:30:00,3377327.092066983
2026-06-15 07:00:00,3377327.092066983
2026-06-15 13:00:00,3377327.092066983
2026-06-15 13:30:00,3377327.092066983
2026-06-15 14:00:00,3377327.092066983
2026-06-15 14:30:00,3377327.092066983
2026-06-15 15:00:00,3377327.092066983
2026-06-15 15:30:00,3377327.092066983
2026-06-15 16:00:00,3377327.092066983
2026-06-15 16:30:00,3377327.092066983
2026-06-15 17:00:00,3377327.092066983
2026-06-15 17:30:00,3377327.092066983
2026-06-15 18:00:00,3377327.092066983
2026-06-16 01:00:00,3377327.092066983
2026-06-16 01:30:00,3380185.7308380464
2026-06-16 02:00:00,3380185.7308380464
2026-06-16 02:30:00,3380185.7308380464
2026-06-16 03:00:00,3380185.7308380464
2026-06-16 05:00:00,3380185.7308380464
2026-06-16 05:30:00,3380185.7308380464
2026-06-16 06:00:00,3380185.7308380464
2026-06-16 06:30:00,3380113.603545875
2026-06-16 07:00:00,3380113.603545875
2026-06-16 13:00:00,3383232.1869856785
2026-06-16 13:30:00,3385030.49883281
2026-06-16 14:00:00,3385030.49883281
2026-06-16 14:30:00,3385030.49883281
2026-06-16 15:00:00,3385030.49883281
2026-06-16 15:30:00,3385030.49883281
2026-06-16 16:00:00,3385030.49883281
2026-06-16 16:30:00,3385030.49883281
2026-06-16 17:00:00,3385030.49883281
2026-06-16 17:30:00,3385030.49883281
2026-06-16 18:00:00,3385030.49883281
2026-06-17 01:00:00,3385192.584491539
2026-06-17 01:30:00,3384572.6213600542
2026-06-17 02:00:00,3384572.6213600542
2026-06-17 02:30:00,3384572.6213600542
2026-06-17 03:00:00,3384572.6213600542
2026-06-17 05:00:00,3384572.6213600542
2026-06-17 05:30:00,3384572.6213600542
2026-06-17 06:00:00,3383875.9898021873
2026-06-17 06:30:00,3383875.9898021873
2026-06-17 07:00:00,3383875.9898021873
2026-06-17 13:00:00,3383875.9898021873
2026-06-17 13:30:00,3394575.9898021873
2026-06-17 14:00:00,3394575.9898021873
2026-06-17 14:30:00,3394575.9898021873
2026-06-17 15:00:00,3394575.9898021873
2026-06-17 15:30:00,3394575.9898021873
2026-06-17 16:00:00,3394575.9898021873
2026-06-17 16:30:00,3394575.9898021873
2026-06-17 17:00:00,3394575.9898021873
2026-06-17 17:30:00,3394575.9898021873
2026-06-17 18:00:00,3394575.9898021873
2026-06-18 01:00:00,3394575.9898021873
2026-06-18 01:30:00,3394520.78253718
2026-06-18 02:00:00,3394520.78253718
2026-06-18 02:30:00,3394520.78253718
2026-06-18 03:00:00,3394520.78253718
2026-06-18 05:00:00,3394520.78253718
2026-06-18 05:30:00,3394520.78253718
2026-06-18 06:00:00,3394520.78253718
2026-06-18 06:30:00,3394520.78253718
2026-06-18 07:00:00,3394520.78253718
2026-06-22 01:00:00,3394520.78253718
2026-06-22 01:30:00,3399235.7981651328
2026-06-22 02:00:00,3399235.7981651328
2026-06-22 02:30:00,3399235.7981651328
2026-06-22 03:00:00,3397988.1360138725
2026-06-22 05:00:00,3397988.1360138725
2026-06-22 05:30:00,3397988.1360138725
2026-06-22 06:00:00,3397988.1360138725
2026-06-22 06:30:00,3397988.1360138725
2026-06-22 07:00:00,3397988.1360138725
2026-06-22 13:00:00,3396777.3017202597
2026-06-22 13:30:00,3396777.3017202597
2026-06-22 14:00:00,3396777.3017202597
2026-06-22 14:30:00,3396777.3017202597
2026-06-22 15:00:00,3396777.3017202597
2026-06-22 15:30:00,3396777.3017202597
2026-06-22 16:00:00,3396777.3017202597
2026-06-22 16:30:00,3396777.3017202597
2026-06-22 17:00:00,3396777.3017202597
2026-06-22 17:30:00,3396777.3017202597
2026-06-22 18:00:00,3396777.3017202597
2026-06-23 01:00:00,3396777.3017202597
2026-06-23 01:30:00,3396777.3017202597
2026-06-23 02:00:00,3396254.5871292134
2026-06-23 02:30:00,3396254.5871292134
2026-06-23 03:00:00,3396254.5871292134
2026-06-23 05:00:00,3396254.5871292134
2026-06-23 05:30:00,3396254.5871292134
2026-06-23 06:00:00,3396254.5871292134
2026-06-23 06:30:00,3396254.5871292134
2026-06-23 07:00:00,3396254.5871292134
2026-06-23 13:00:00,3396254.5871292134
2026-06-23 13:30:00,3396254.5871292134
2026-06-23 14:00:00,3396254.5871292134
2026-06-23 14:30:00,3396254.5871292134
2026-06-23 15:00:00,3396254.5871292134
2026-06-23 15:30:00,3396254.5871292134
2026-06-23 16:00:00,3396254.5871292134
2026-06-23 16:30:00,3396254.5871292134
2026-06-23 17:00:00,3396254.5871292134
2026-06-23 17:30:00,3396254.5871292134
2026-06-23 18:00:00,3396254.5871292134
2026-06-24 01:00:00,3396254.5871292134
2026-06-24 01:30:00,3397218.319284675
2026-06-24 02:00:00,3397218.319284675
2026-06-24 02:30:00,3397218.319284675
2026-06-24 03:00:00,3397218.319284675
2026-06-24 05:00:00,3397218.319284675
2026-06-24 05:30:00,3397218.319284675
2026-06-24 06:00:00,3397218.319284675
2026-06-24 06:30:00,3397218.319284675
2026-06-24 07:00:00,3397218.319284675
2026-06-24 13:00:00,3397218.319284675
2026-06-24 13:30:00,3397218.319284675
2026-06-24 14:00:00,3397218.319284675
2026-06-24 14:30:00,3397218.319284675
2026-06-24 15:00:00,3397218.319284675
2026-06-24 15:30:00,3397218.319284675
2026-06-24 16:00:00,3397218.319284675
2026-06-24 16:30:00,3397218.319284675
2026-06-24 17:00:00,3397218.319284675
2026-06-24 17:30:00,3397218.319284675
2026-06-24 18:00:00,3397218.319284675
2026-06-25 01:00:00,3397218.319284675
2026-06-25 01:30:00,3397578.319284675
2026-06-25 02:00:00,3397578.319284675
2026-06-25 02:30:00,3397578.319284675
2026-06-25 03:00:00,3397578.319284675
2026-06-25 05:00:00,3397578.319284675
2026-06-25 05:30:00,3397578.319284675
2026-06-25 06:00:00,3397578.319284675
2026-06-25 06:30:00,3397578.319284675
2026-06-25 07:00:00,3397578.319284675
2026-06-25 13:00:00,3397578.319284675
2026-06-25 13:30:00,3398389.0246928525
2026-06-25 14:00:00,3398389.0246928525
2026-06-25 14:30:00,3398389.0246928525
2026-06-25 15:00:00,3398389.0246928525
2026-06-25 15:30:00,3398389.0246928525
2026-06-25 16:00:00,3398389.0246928525
2026-06-25 16:30:00,3398389.0246928525
2026-06-25 17:00:00,3398389.0246928525
2026-06-25 17:30:00,3398389.0246928525
2026-06-25 18:00:00,3398389.0246928525
2026-06-26 01:00:00,3398389.0246928525
2026-06-26 01:30:00,3398389.0246928525
2026-06-26 02:00:00,3396352.953952344
2026-06-26 02:30:00,3396352.953952344
2026-06-26 03:00:00,3439401.096026234
