datetime,equity
2022-05-12 05:00:00,2000000.0
2022-05-12 05:30:00,2000000.0
2022-05-12 06:00:00,2000000.0
2022-05-12 06:30:00,2000000.0
2022-05-13 01:00:00,2000000.0
2022-05-13 01:30:00,2000000.0
2022-05-13 02:00:00,2000000.0
2022-05-13 02:30:00,2000000.0
2022-05-13 03:00:00,2000000.0
2022-05-13 05:00:00,2000000.0
2022-05-13 05:30:00,2000000.0
2022-05-13 06:00:00,2000000.0
2022-05-13 06:30:00,2000000.0
2022-05-16 01:00:00,2000000.0
2022-05-16 01:30:00,2000000.0
2022-05-16 02:00:00,2000000.0
2022-05-16 02:30:00,2000000.0
2022-05-16 03:00:00,2000000.0
2022-05-16 05:00:00,2000000.0
2022-05-16 05:30:00,2000000.0
2022-05-16 06:00:00,2000000.0
2022-05-16 06:30:00,2000000.0
2022-05-17 01:00:00,2000000.0
2022-05-17 01:30:00,2000000.0
2022-05-17 02:00:00,1998310.8744736006
2022-05-17 02:30:00,1998310.8744736006
2022-05-17 03:00:00,1998310.8744736006
2022-05-17 05:00:00,1998310.8744736006
2022-05-17 05:30:00,1998310.8744736006
2022-05-17 06:00:00,1998310.8744736006
2022-05-17 06:30:00,1998310.8744736006
2022-05-18 01:00:00,1998310.8744736006
2022-05-18 01:30:00,1998560.7996791303
2022-05-18 02:00:00,1998560.7996791303
2022-05-18 02:30:00,1998560.7996791303
2022-05-18 03:00:00,1998560.7996791303
2022-05-18 05:00:00,1998560.7996791303
2022-05-18 05:30:00,1995877.6356540932
2022-05-18 06:00:00,1995877.6356540932
2022-05-18 06:30:00,1995877.6356540932
2022-05-19 01:00:00,1995877.6356540932
2022-05-19 01:30:00,1992104.092614749
2022-05-19 02:00:00,1982204.092614749
2022-05-19 02:30:00,1982204.092614749
2022-05-19 03:00:00,1982204.092614749
2022-05-19 05:00:00,1982204.092614749
2022-05-19 05:30:00,1982204.092614749
2022-05-19 06:00:00,1982204.092614749
2022-05-19 06:30:00,1982204.092614749
2022-05-20 01:00:00,1982204.092614749
2022-05-20 01:30:00,1982204.092614749
2022-05-20 02:00:00,1982204.092614749
2022-05-20 02:30:00,1982204.092614749
2022-05-20 03:00:00,1982204.092614749
2022-05-20 05:00:00,1982204.092614749
2022-05-20 05:30:00,1982204.092614749
2022-05-20 06:00:00,1982204.092614749
2022-05-20 06:30:00,1982204.092614749
2022-05-23 01:00:00,1982204.092614749
2022-05-23 01:30:00,1982204.092614749
2022-05-23 02:00:00,1982204.092614749
2022-05-23 02:30:00,1984788.4686024913
2022-05-23 03:00:00,1984788.4686024913
2022-05-23 05:00:00,1984788.4686024913
2022-05-23 05:30:00,1984788.4686024913
2022-05-23 06:00:00,1984788.4686024913
2022-05-23 06:30:00,1984788.4686024913
2022-05-24 01:00:00,1984788.4686024913
2022-05-24 01:30:00,1984788.4686024913
2022-05-24 02:00:00,1984788.4686024913
2022-05-24 02:30:00,1975988.5554710892
2022-05-24 03:00:00,1975988.5554710892
2022-05-24 05:00:00,1975988.5554710892
2022-05-24 05:30:00,1975988.5554710892
2022-05-24 06:00:00,1975988.5554710892
2022-05-24 06:30:00,1975988.5554710892
2022-05-25 01:00:00,1975988.5554710892
2022-05-25 01:30:00,1975988.5554710892
2022-05-25 02:00:00,1975988.5554710892
2022-05-25 02:30:00,1975988.5554710892
2022-05-25 03:00:00,1975988.5554710892
2022-05-25 05:00:00,1975988.5554710892
2022-05-25 05:30:00,1964441.7855581993
2022-05-25 06:00:00,1964441.7855581993
2022-05-25 06:30:00,1964441.7855581993
2022-05-26 01:00:00,1964441.7855581993
2022-05-26 01:30:00,1961910.883667735
2022-05-26 02:00:00,1961910.883667735
2022-05-26 02:30:00,1961910.883667735
2022-05-26 03:00:00,1979454.0198618625
2022-05-26 05:00:00,1979454.0198618625
2022-05-26 05:30:00,1979454.0198618625
2022-05-26 06:00:00,1979454.0198618625
2022-05-26 06:30:00,1979454.0198618625
2022-05-27 01:00:00,1979454.0198618625
2022-05-27 01:30:00,1979454.0198618625
2022-05-27 02:00:00,1981309.4866715735
2022-05-27 02:30:00,1981309.4866715735
2022-05-27 03:00:00,1981309.4866715735
2022-05-27 05:00:00,1981309.4866715735
2022-05-27 05:30:00,1981309.4866715735
2022-05-27 06:00:00,1981309.4866715735
2022-05-27 06:30:00,1981309.4866715735
2022-05-30 01:00:00,1981309.4866715735
2022-05-30 01:30:00,1981309.4866715735
2022-05-30 02:00:00,1981309.4866715735
2022-05-30 02:30:00,1981309.4866715735
2022-05-30 03:00:00,1981309.4866715735
2022-05-30 05:00:00,1981309.4866715735
2022-05-30 05:30:00,1981309.4866715735
2022-05-30 06:00:00,1981309.4866715735
2022-05-30 06:30:00,1981309.4866715735
2022-05-31 01:00:00,1978435.9060859631
2022-05-31 01:30:00,1966937.3049126542
2022-05-31 02:00:00,1966937.3049126542
2022-05-31 02:30:00,1966937.3049126542
2022-05-31 03:00:00,1966937.3049126542
2022-05-31 05:00:00,1966937.3049126542
2022-05-31 05:30:00,1966937.3049126542
2022-05-31 06:00:00,1966937.3049126542
2022-05-31 06:30:00,1966937.3049126542
2022-06-01 01:00:00,1966937.3049126542
2022-06-01 01:30:00,1966937.3049126542
2022-06-01 02:00:00,1966937.3049126542
2022-06-01 02:30:00,1966937.3049126542
2022-06-01 03:00:00,1967542.6804909639
2022-06-01 05:00:00,1967542.6804909639
2022-06-01 05:30:00,1967542.6804909639
2022-06-01 06:00:00,1967542.6804909639
2022-06-01 06:30:00,1967542.6804909639
2022-06-02 01:00:00,1967542.6804909639
2022-06-02 01:30:00,1967542.6804909639
2022-06-02 02:00:00,1967542.6804909639
2022-06-02 02:30:00,1967542.6804909639
2022-06-02 03:00:00,1967542.6804909639
2022-06-02 05:00:00,1967542.6804909639
2022-06-02 05:30:00,1967542.6804909639
2022-06-02 06:00:00,1967542.6804909639
2022-06-02 06:30:00,1967542.6804909639
2022-06-06 01:00:00,1967542.6804909639
2022-06-06 01:30:00,1967542.6804909639
2022-06-06 02:00:00,1967542.6804909639
2022-06-06 02:30:00,1967542.6804909639
2022-06-06 03:00:00,1967542.6804909639
2022-06-06 05:00:00,1967542.6804909639
2022-06-06 05:30:00,1967542.6804909639
2022-06-06 06:00:00,1967542.6804909639
2022-06-06 06:30:00,1967542.6804909639
2022-06-07 01:00:00,1967542.6804909639
2022-06-07 01:30:00,1967542.6804909639
2022-06-07 02:00:00,1967542.6804909639
2022-06-07 02:30:00,1967542.6804909639
2022-06-07 03:00:00,1967542.6804909639
2022-06-07 05:00:00,1967542.6804909639
2022-06-07 05:30:00,1967542.6804909639
2022-06-07 06:00:00,1969834.2399860423
2022-06-07 06:30:00,1969834.2399860423
2022-06-08 01:00:00,1969834.2399860423
2022-06-08 01:30:00,1969834.2399860423
2022-06-08 02:00:00,1969834.2399860423
2022-06-08 02:30:00,1969834.2399860423
2022-06-08 03:00:00,1969834.2399860423
2022-06-08 05:00:00,1985894.1668592647
2022-06-08 05:30:00,1985894.1668592647
2022-06-08 06:00:00,1985894.1668592647
2022-06-08 06:30:00,1985894.1668592647
2022-06-09 01:00:00,1985894.1668592647
2022-06-09 01:30:00,1985894.1668592647
2022-06-09 02:00:00,1985894.1668592647
2022-06-09 02:30:00,1985894.1668592647
2022-06-09 03:00:00,1985894.1668592647
2022-06-09 05:00:00,1985894.1668592647
2022-06-09 05:30:00,1985894.1668592647
2022-06-09 06:00:00,1990001.8510650853
2022-06-09 06:30:00,1990001.8510650853
2022-06-10 01:00:00,1990001.8510650853
2022-06-10 01:30:00,1990001.8510650853
2022-06-10 02:00:00,1990001.8510650853
2022-06-10 02:30:00,1990001.8510650853
2022-06-10 03:00:00,1990001.8510650853
2022-06-10 05:00:00,1990001.8510650853
2022-06-10 05:30:00,1990001.8510650853
2022-06-10 06:00:00,1990001.8510650853
2022-06-10 06:30:00,1990001.8510650853
2022-06-13 01:00:00,1990001.8510650853
2022-06-13 01:30:00,1990001.8510650853
2022-06-13 02:00:00,1990001.8510650853
2022-06-13 02:30:00,1990001.8510650853
2022-06-13 03:00:00,1977206.0821595665
2022-06-13 05:00:00,1977206.0821595665
2022-06-13 05:30:00,1977206.0821595665
2022-06-13 06:00:00,1977206.0821595665
2022-06-13 06:30:00,1977206.0821595665
2022-06-14 01:00:00,1977206.0821595665
2022-06-14 01:30:00,1977206.0821595665
2022-06-14 02:00:00,1977206.0821595665
2022-06-14 02:30:00,1977206.0821595665
2022-06-14 03:00:00,1977206.0821595665
2022-06-14 05:00:00,1977206.0821595665
2022-06-14 05:30:00,1977206.0821595665
2022-06-14 06:00:00,1975859.7298346818
2022-06-14 06:30:00,1975859.7298346818
2022-06-15 01:00:00,1975859.7298346818
2022-06-15 01:30:00,1975859.7298346818
2022-06-15 02:00:00,1975859.7298346818
2022-06-15 02:30:00,1975859.7298346818
2022-06-15 03:00:00,1975859.7298346818
2022-06-15 05:00:00,1975859.7298346818
2022-06-15 05:30:00,1977071.7949003442
2022-06-15 06:00:00,1977071.7949003442
2022-06-15 06:30:00,1977071.7949003442
2022-06-16 01:00:00,1977071.7949003442
2022-06-16 01:30:00,1995398.4942581344
2022-06-16 02:00:00,1995398.4942581344
2022-06-16 02:30:00,1995398.4942581344
2022-06-16 03:00:00,1995398.4942581344
2022-06-16 05:00:00,1995398.4942581344
2022-06-16 05:30:00,1995398.4942581344
2022-06-16 06:00:00,1995398.4942581344
2022-06-16 06:30:00,1995398.4942581344
2022-06-17 01:00:00,1995398.4942581344
2022-06-17 01:30:00,1995398.4942581344
2022-06-17 02:00:00,1995398.4942581344
2022-06-17 02:30:00,1995398.4942581344
2022-06-17 03:00:00,1955706.1195026971
2022-06-17 05:00:00,1955706.1195026971
2022-06-17 05:30:00,1955706.1195026971
2022-06-17 06:00:00,1955706.1195026971
2022-06-17 06:30:00,1955706.1195026971
2022-06-20 01:00:00,1955706.1195026971
2022-06-20 01:30:00,1955706.1195026971
2022-06-20 02:00:00,1955706.1195026971
2022-06-20 02:30:00,1955706.1195026971
2022-06-20 03:00:00,1955706.1195026971
2022-06-20 05:00:00,1946114.4564299255
2022-06-20 05:30:00,1946114.4564299255
2022-06-20 06:00:00,1946114.4564299255
2022-06-20 06:30:00,1946114.4564299255
2022-06-21 01:00:00,1946114.4564299255
2022-06-21 01:30:00,1946114.4564299255
2022-06-21 02:00:00,1946114.4564299255
2022-06-21 02:30:00,1946114.4564299255
2022-06-21 03:00:00,1946114.4564299255
2022-06-21 05:00:00,1946114.4564299255
2022-06-21 05:30:00,1946114.4564299255
2022-06-21 06:00:00,1946114.4564299255
2022-06-21 06:30:00,1924436.3334481756
2022-06-22 01:00:00,1924436.3334481756
2022-06-22 01:30:00,1924436.3334481756
2022-06-22 02:00:00,1924436.3334481756
2022-06-22 02:30:00,1924436.3334481756
2022-06-22 03:00:00,1924436.3334481756
2022-06-22 05:00:00,1924436.3334481756
2022-06-22 05:30:00,1924436.3334481756
2022-06-22 06:00:00,1924436.3334481756
2022-06-22 06:30:00,1924436.3334481756
2022-06-23 01:00:00,1924436.3334481756
2022-06-23 01:30:00,1924436.3334481756
2022-06-23 02:00:00,1924436.3334481756
2022-06-23 02:30:00,1924436.3334481756
2022-06-23 03:00:00,1924436.3334481756
2022-06-23 05:00:00,1916137.3434195283
2022-06-23 05:30:00,1916137.3434195283
2022-06-23 06:00:00,1916137.3434195283
2022-06-23 06:30:00,1916137.3434195283
2022-06-24 01:00:00,1916137.3434195283
2022-06-24 01:30:00,1916137.3434195283
2022-06-24 02:00:00,1916137.3434195283
2022-06-24 02:30:00,1916137.3434195283
2022-06-24 03:00:00,1916137.3434195283
2022-06-24 05:00:00,1916137.3434195283
2022-06-24 05:30:00,1916137.3434195283
2022-06-24 06:00:00,1916137.3434195283
2022-06-24 06:30:00,1916137.3434195283
2022-06-27 01:00:00,1916137.3434195283
2022-06-27 01:30:00,1916137.3434195283
2022-06-27 02:00:00,1916137.3434195283
2022-06-27 02:30:00,1916137.3434195283
2022-06-27 03:00:00,1916137.3434195283
2022-06-27 05:00:00,1916137.3434195283
2022-06-27 05:30:00,1934113.511657129
2022-06-27 06:00:00,1934113.511657129
2022-06-27 06:30:00,1934113.511657129
2022-06-28 01:00:00,1934113.511657129
2022-06-28 01:30:00,1934113.511657129
2022-06-28 02:00:00,1934113.511657129
2022-06-28 02:30:00,1934113.511657129
2022-06-28 03:00:00,1934113.511657129
2022-06-28 05:00:00,1934113.511657129
2022-06-28 05:30:00,1934113.511657129
2022-06-28 06:00:00,1934113.511657129
2022-06-28 06:30:00,1937151.1226103813
2022-06-29 01:00:00,1937151.1226103813
2022-06-29 01:30:00,1937151.1226103813
2022-06-29 02:00:00,1937151.1226103813
2022-06-29 02:30:00,1937151.1226103813
2022-06-29 03:00:00,1937151.1226103813
2022-06-29 05:00:00,1937151.1226103813
2022-06-29 05:30:00,1937151.1226103813
2022-06-29 06:00:00,1937151.1226103813
2022-06-29 06:30:00,1937151.1226103813
2022-06-30 01:00:00,1937151.1226103813
2022-06-30 01:30:00,1937151.1226103813
2022-06-30 02:00:00,1937151.1226103813
2022-06-30 02:30:00,1937151.1226103813
2022-06-30 03:00:00,1937151.1226103813
2022-06-30 05:00:00,1937151.1226103813
2022-06-30 05:30:00,1937151.1226103813
2022-06-30 06:00:00,1937151.1226103813
2022-06-30 06:30:00,1937151.1226103813
2022-07-01 01:00:00,1937151.1226103813
2022-07-01 01:30:00,1937151.1226103813
2022-07-01 02:00:00,1937151.1226103813
2022-07-01 02:30:00,1937151.1226103813
2022-07-01 03:00:00,1937151.1226103813
2022-07-01 05:00:00,1937151.1226103813
2022-07-01 05:30:00,1937151.1226103813
2022-07-01 06:00:00,1937151.1226103813
2022-07-01 06:30:00,1937151.1226103813
2022-07-04 01:00:00,1937151.1226103813
2022-07-04 01:30:00,1937151.1226103813
2022-07-04 02:00:00,1937151.1226103813
2022-07-04 02:30:00,1937151.1226103813
2022-07-04 03:00:00,1937151.1226103813
2022-07-04 05:00:00,1937151.1226103813
2022-07-04 05:30:00,1937151.1226103813
2022-07-04 06:00:00,1937151.1226103813
2022-07-04 06:30:00,1937151.1226103813
2022-07-05 01:00:00,1937151.1226103813
2022-07-05 01:30:00,1937151.1226103813
2022-07-05 02:00:00,1937151.1226103813
2022-07-05 02:30:00,1937151.1226103813
2022-07-05 03:00:00,1937151.1226103813
2022-07-05 05:00:00,1937151.1226103813
2022-07-05 05:30:00,1937151.1226103813
2022-07-05 06:00:00,1937151.1226103813
2022-07-05 06:30:00,1937151.1226103813
2022-07-06 01:00:00,1937151.1226103813
2022-07-06 01:30:00,1937151.1226103813
2022-07-06 02:00:00,1937151.1226103813
2022-07-06 02:30:00,1937151.1226103813
2022-07-06 03:00:00,1937151.1226103813
2022-07-06 05:00:00,1937151.1226103813
2022-07-06 05:30:00,1937151.1226103813
2022-07-06 06:00:00,1937151.1226103813
2022-07-06 06:30:00,1937151.1226103813
2022-07-07 01:00:00,1937151.1226103813
2022-07-07 01:30:00,1937151.1226103813
2022-07-07 02:00:00,1937151.1226103813
2022-07-07 02:30:00,1937151.1226103813
2022-07-07 03:00:00,1937151.1226103813
2022-07-07 05:00:00,1937151.1226103813
2022-07-07 05:30:00,1937151.1226103813
2022-07-07 06:00:00,1937151.1226103813
2022-07-07 06:30:00,1937151.1226103813
2022-07-08 01:00:00,1937151.1226103813
2022-07-08 01:30:00,1937151.1226103813
2022-07-08 02:00:00,1937151.1226103813
2022-07-08 02:30:00,1937151.1226103813
2022-07-08 03:00:00,1937151.1226103813
2022-07-08 05:00:00,1937151.1226103813
2022-07-08 05:30:00,1937151.1226103813
2022-07-08 06:00:00,1937151.1226103813
2022-07-08 06:30:00,1937151.1226103813
2022-07-11 01:00:00,1937151.1226103813
2022-07-11 01:30:00,1939631.1226103813
2022-07-11 02:00:00,1939631.1226103813
2022-07-11 02:30:00,1939631.1226103813
2022-07-11 03:00:00,1939631.1226103813
2022-07-11 05:00:00,1939631.1226103813
2022-07-11 05:30:00,1939631.1226103813
2022-07-11 06:00:00,1939631.1226103813
2022-07-11 06:30:00,1939631.1226103813
2022-07-12 01:00:00,1939631.1226103813
2022-07-12 01:30:00,1939631.1226103813
2022-07-12 02:00:00,1939631.1226103813
2022-07-12 02:30:00,1936461.9297680827
2022-07-12 03:00:00,1937540.6704591368
2022-07-12 05:00:00,1937540.6704591368
2022-07-12 05:30:00,1937540.6704591368
2022-07-12 06:00:00,1937540.6704591368
2022-07-12 06:30:00,1937540.6704591368
2022-07-13 01:00:00,1937540.6704591368
2022-07-13 01:30:00,1937540.6704591368
2022-07-13 02:00:00,1937540.6704591368
2022-07-13 02:30:00,1937540.6704591368
2022-07-13 03:00:00,1937540.6704591368
2022-07-13 05:00:00,1937540.6704591368
2022-07-13 05:30:00,1943240.2349706206
2022-07-13 06:00:00,1943240.2349706206
2022-07-13 06:30:00,1943240.2349706206
2022-07-14 01:00:00,1943240.2349706206
2022-07-14 01:30:00,1943240.2349706206
2022-07-14 02:00:00,1943240.2349706206
2022-07-14 02:30:00,1943240.2349706206
2022-07-14 03:00:00,1943240.2349706206
2022-07-14 05:00:00,1943240.2349706206
2022-07-14 05:30:00,1943240.2349706206
2022-07-14 06:00:00,1943240.2349706206
2022-07-14 06:30:00,1937457.5745012641
2022-07-15 01:00:00,1937457.5745012641
2022-07-15 01:30:00,1937457.5745012641
2022-07-15 02:00:00,1937457.5745012641
2022-07-15 02:30:00,1937457.5745012641
2022-07-15 03:00:00,1937457.5745012641
2022-07-15 05:00:00,1937457.5745012641
2022-07-15 05:30:00,1937457.5745012641
2022-07-15 06:00:00,1937457.5745012641
2022-07-15 06:30:00,1937457.5745012641
2022-07-18 01:00:00,1937457.5745012641
2022-07-18 01:30:00,1940723.2400791806
2022-07-18 02:00:00,1940723.2400791806
2022-07-18 02:30:00,1940723.2400791806
2022-07-18 03:00:00,1929129.4820953617
2022-07-18 05:00:00,1929129.4820953617
2022-07-18 05:30:00,1929129.4820953617
2022-07-18 06:00:00,1929129.4820953617
2022-07-18 06:30:00,1929129.4820953617
2022-07-19 01:00:00,1929129.4820953617
2022-07-19 01:30:00,1929129.4820953617
2022-07-19 02:00:00,1929129.4820953617
2022-07-19 02:30:00,1929129.4820953617
2022-07-19 03:00:00,1929129.4820953617
2022-07-19 05:00:00,1929129.4820953617
2022-07-19 05:30:00,1929129.4820953617
2022-07-19 06:00:00,1929129.4820953617
2022-07-19 06:30:00,1929129.4820953617
2022-07-20 01:00:00,1929129.4820953617
2022-07-20 01:30:00,1929129.4820953617
2022-07-20 02:00:00,1929129.4820953617
2022-07-20 02:30:00,1929129.4820953617
2022-07-20 03:00:00,1929129.4820953617
2022-07-20 05:00:00,1929129.4820953617
2022-07-20 05:30:00,1929129.4820953617
2022-07-20 06:00:00,1929129.4820953617
2022-07-20 06:30:00,1929129.4820953617
2022-07-21 01:00:00,1929129.4820953617
2022-07-21 01:30:00,1929129.4820953617
2022-07-21 02:00:00,1929129.4820953617
2022-07-21 02:30:00,1929129.4820953617
2022-07-21 03:00:00,1929129.4820953617
2022-07-21 05:00:00,1929129.4820953617
2022-07-21 05:30:00,1929129.4820953617
2022-07-21 06:00:00,1929129.4820953617
2022-07-21 06:30:00,1929129.4820953617
2022-07-22 01:00:00,1929129.4820953617
2022-07-22 01:30:00,1924447.6704670875
2022-07-22 02:00:00,1936300.1961737582
2022-07-22 02:30:00,1929546.2644323464
2022-07-22 03:00:00,1929546.2644323464
2022-07-22 05:00:00,1929546.2644323464
2022-07-22 05:30:00,1929546.2644323464
2022-07-22 06:00:00,1929546.2644323464
2022-07-22 06:30:00,1929546.2644323464
2022-07-25 01:00:00,1929546.2644323464
2022-07-25 01:30:00,1928456.6322205546
2022-07-25 02:00:00,1928456.6322205546
2022-07-25 02:30:00,1928456.6322205546
2022-07-25 03:00:00,1928456.6322205546
2022-07-25 05:00:00,1928456.6322205546
2022-07-25 05:30:00,1928456.6322205546
2022-07-25 06:00:00,1928456.6322205546
2022-07-25 06:30:00,1928456.6322205546
2022-07-26 01:00:00,1928456.6322205546
2022-07-26 01:30:00,1928456.6322205546
2022-07-26 02:00:00,1914956.6322205546
2022-07-26 02:30:00,1914956.6322205546
2022-07-26 03:00:00,1914956.6322205546
2022-07-26 05:00:00,1914956.6322205546
2022-07-26 05:30:00,1914956.6322205546
2022-07-26 06:00:00,1914956.6322205546
2022-07-26 06:30:00,1914956.6322205546
2022-07-27 01:00:00,1914956.6322205546
2022-07-27 01:30:00,1914956.6322205546
2022-07-27 02:00:00,1914956.6322205546
2022-07-27 02:30:00,1914956.6322205546
2022-07-27 03:00:00,1914956.6322205546
2022-07-27 05:00:00,1914956.6322205546
2022-07-27 05:30:00,1914956.6322205546
2022-07-27 06:00:00,1914956.6322205546
2022-07-27 06:30:00,1914956.6322205546
2022-07-28 01:00:00,1914956.6322205546
2022-07-28 01:30:00,1914956.6322205546
2022-07-28 02:00:00,1914956.6322205546
2022-07-28 02:30:00,1914956.6322205546
2022-07-28 03:00:00,1914956.6322205546
2022-07-28 05:00:00,1914956.6322205546
2022-07-28 05:30:00,1900368.0007103404
2022-07-28 06:00:00,1900368.0007103404
2022-07-28 06:30:00,1900368.0007103404
2022-07-29 01:00:00,1900368.0007103404
2022-07-29 01:30:00,1900368.0007103404
2022-07-29 02:00:00,1900368.0007103404
2022-07-29 02:30:00,1900368.0007103404
2022-07-29 03:00:00,1876548.0007103407
2022-07-29 05:00:00,1876548.0007103407
2022-07-29 05:30:00,1876548.0007103407
2022-07-29 06:00:00,1876548.0007103407
2022-07-29 06:30:00,1876548.0007103407
2022-08-01 01:00:00,1876548.0007103407
2022-08-01 01:30:00,1876548.0007103407
2022-08-01 02:00:00,1876548.0007103407
2022-08-01 02:30:00,1876548.0007103407
2022-08-01 03:00:00,1876548.0007103407
2022-08-01 05:00:00,1876548.0007103407
2022-08-01 05:30:00,1876548.0007103407
2022-08-01 06:00:00,1876548.0007103407
2022-08-01 06:30:00,1876548.0007103407
2022-08-02 01:00:00,1876548.0007103407
2022-08-02 01:30:00,1876548.0007103407
2022-08-02 02:00:00,1876548.0007103407
2022-08-02 02:30:00,1876548.0007103407
2022-08-02 03:00:00,1876548.0007103407
2022-08-02 05:00:00,1876548.0007103407
2022-08-02 05:30:00,1876548.0007103407
2022-08-02 06:00:00,1876548.0007103407
2022-08-02 06:30:00,1876548.0007103407
2022-08-03 01:00:00,1876548.0007103407
2022-08-03 01:30:00,1876548.0007103407
2022-08-03 02:00:00,1876548.0007103407
2022-08-03 02:30:00,1876548.0007103407
2022-08-03 03:00:00,1876548.0007103407
2022-08-03 05:00:00,1876548.0007103407
2022-08-03 05:30:00,1876548.0007103407
2022-08-03 06:00:00,1876548.0007103407
2022-08-03 06:30:00,1876548.0007103407
2022-08-04 01:00:00,1876548.0007103407
2022-08-04 01:30:00,1876548.0007103407
2022-08-04 02:00:00,1876548.0007103407
2022-08-04 02:30:00,1876548.0007103407
2022-08-04 03:00:00,1876548.0007103407
2022-08-04 05:00:00,1876548.0007103407
2022-08-04 05:30:00,1876548.0007103407
2022-08-04 06:00:00,1876548.0007103407
2022-08-04 06:30:00,1876548.0007103407
2022-08-05 01:00:00,1876548.0007103407
2022-08-05 01:30:00,1876548.0007103407
2022-08-05 02:00:00,1877828.0007103407
2022-08-05 02:30:00,1877828.0007103407
2022-08-05 03:00:00,1877828.0007103407
2022-08-05 05:00:00,1877828.0007103407
2022-08-05 05:30:00,1877828.0007103407
2022-08-05 06:00:00,1877828.0007103407
2022-08-05 06:30:00,1877828.0007103407
2022-08-08 01:00:00,1877828.0007103407
2022-08-08 01:30:00,1877828.0007103407
2022-08-08 02:00:00,1877828.0007103407
2022-08-08 02:30:00,1877828.0007103407
2022-08-08 03:00:00,1877828.0007103407
2022-08-08 05:00:00,1877828.0007103407
2022-08-08 05:30:00,1877828.0007103407
2022-08-08 06:00:00,1877828.0007103407
2022-08-08 06:30:00,1877828.0007103407
2022-08-09 01:00:00,1877828.0007103407
2022-08-09 01:30:00,1877828.0007103407
2022-08-09 02:00:00,1877828.0007103407
2022-08-09 02:30:00,1877828.0007103407
2022-08-09 03:00:00,1877828.0007103407
2022-08-09 05:00:00,1877828.0007103407
2022-08-09 05:30:00,1877828.0007103407
2022-08-09 06:00:00,1877828.0007103407
2022-08-09 06:30:00,1877828.0007103407
2022-08-10 01:00:00,1877828.0007103407
2022-08-10 01:30:00,1877828.0007103407
2022-08-10 02:00:00,1877828.0007103407
2022-08-10 02:30:00,1877828.0007103407
2022-08-10 03:00:00,1877828.0007103407
2022-08-10 05:00:00,1877828.0007103407
2022-08-10 05:30:00,1877828.0007103407
2022-08-10 06:00:00,1877828.0007103407
2022-08-10 06:30:00,1894137.6468570884
2022-08-11 01:00:00,1894137.6468570884
2022-08-11 01:30:00,1894137.6468570884
2022-08-11 02:00:00,1893000.5055925418
2022-08-11 02:30:00,1893000.5055925418
2022-08-11 03:00:00,1893000.5055925418
2022-08-11 05:00:00,1893000.5055925418
2022-08-11 05:30:00,1893000.5055925418
2022-08-11 06:00:00,1893000.5055925418
2022-08-11 06:30:00,1893000.5055925418
2022-08-12 01:00:00,1893000.5055925418
2022-08-12 01:30:00,1893000.5055925418
2022-08-12 02:00:00,1893000.5055925418
2022-08-12 02:30:00,1893000.5055925418
2022-08-12 03:00:00,1893000.5055925418
2022-08-12 05:00:00,1893000.5055925418
2022-08-12 05:30:00,1893000.5055925418
2022-08-12 06:00:00,1893000.5055925418
2022-08-12 06:30:00,1893000.5055925418
2022-08-15 01:00:00,1893000.5055925418
2022-08-15 01:30:00,1893000.5055925418
2022-08-15 02:00:00,1896491.0653735423
2022-08-15 02:30:00,1902543.3294650565
2022-08-15 03:00:00,1894983.3294650565
2022-08-15 05:00:00,1894983.3294650565
2022-08-15 05:30:00,1894983.3294650565
2022-08-15 06:00:00,1894983.3294650565
2022-08-15 06:30:00,1894983.3294650565
2022-08-16 01:00:00,1894983.3294650565
2022-08-16 01:30:00,1894983.3294650565
2022-08-16 02:00:00,1894983.3294650565
2022-08-16 02:30:00,1894983.3294650565
2022-08-16 03:00:00,1894983.3294650565
2022-08-16 05:00:00,1894983.3294650565
2022-08-16 05:30:00,1894983.3294650565
2022-08-16 06:00:00,1894983.3294650565
2022-08-16 06:30:00,1894983.3294650565
2022-08-17 01:00:00,1894983.3294650565
2022-08-17 01:30:00,1894983.3294650565
2022-08-17 02:00:00,1894983.3294650565
2022-08-17 02:30:00,1894983.3294650565
2022-08-17 03:00:00,1887012.8517189445
2022-08-17 05:00:00,1887012.8517189445
2022-08-17 05:30:00,1887012.8517189445
2022-08-17 06:00:00,1887012.8517189445
2022-08-17 06:30:00,1887012.8517189445
2022-08-18 01:00:00,1887012.8517189445
2022-08-18 01:30:00,1887012.8517189445
2022-08-18 02:00:00,1887012.8517189445
2022-08-18 02:30:00,1887012.8517189445
2022-08-18 03:00:00,1887012.8517189445
2022-08-18 05:00:00,1887012.8517189445
2022-08-18 05:30:00,1887012.8517189445
2022-08-18 06:00:00,1887012.8517189445
2022-08-18 06:30:00,1887012.8517189445
2022-08-19 01:00:00,1887012.8517189445
2022-08-19 01:30:00,1887012.8517189445
2022-08-19 02:00:00,1887012.8517189445
2022-08-19 02:30:00,1887012.8517189445
2022-08-19 03:00:00,1887012.8517189445
2022-08-19 05:00:00,1887012.8517189445
2022-08-19 05:30:00,1887012.8517189445
2022-08-19 06:00:00,1887012.8517189445
2022-08-19 06:30:00,1887012.8517189445
2022-08-22 01:00:00,1887012.8517189445
2022-08-22 01:30:00,1887012.8517189445
2022-08-22 02:00:00,1887012.8517189445
2022-08-22 02:30:00,1887012.8517189445
2022-08-22 03:00:00,1887012.8517189445
2022-08-22 05:00:00,1887012.8517189445
2022-08-22 05:30:00,1887012.8517189445
2022-08-22 06:00:00,1881686.630543745
2022-08-22 06:30:00,1881334.2217436074
2022-08-23 01:00:00,1881334.2217436074
2022-08-23 01:30:00,1881334.2217436074
2022-08-23 02:00:00,1877015.0279569954
2022-08-23 02:30:00,1877015.0279569954
2022-08-23 03:00:00,1877015.0279569954
2022-08-23 05:00:00,1871543.8113626374
2022-08-23 05:30:00,1871543.8113626374
2022-08-23 06:00:00,1871543.8113626374
2022-08-23 06:30:00,1871543.8113626374
2022-08-24 01:00:00,1871543.8113626374
2022-08-24 01:30:00,1871543.8113626374
2022-08-24 02:00:00,1861788.1494131272
2022-08-24 02:30:00,1861788.1494131272
2022-08-24 03:00:00,1861788.1494131272
2022-08-24 05:00:00,1861788.1494131272
2022-08-24 05:30:00,1861788.1494131272
2022-08-24 06:00:00,1861788.1494131272
2022-08-24 06:30:00,1861788.1494131272
2022-08-25 01:00:00,1861788.1494131272
2022-08-25 01:30:00,1861788.1494131272
2022-08-25 02:00:00,1872242.0393169608
2022-08-25 02:30:00,1872242.0393169608
2022-08-25 03:00:00,1872242.0393169608
2022-08-25 05:00:00,1872242.0393169608
2022-08-25 05:30:00,1872242.0393169608
2022-08-25 06:00:00,1872242.0393169608
2022-08-25 06:30:00,1872242.0393169608
2022-08-26 01:00:00,1872242.0393169608
2022-08-26 01:30:00,1940898.2959248365
2022-08-26 02:00:00,1940898.2959248365
2022-08-26 02:30:00,1940898.2959248365
2022-08-26 03:00:00,1940898.2959248365
2022-08-26 05:00:00,1940898.2959248365
2022-08-26 05:30:00,1940898.2959248365
2022-08-26 06:00:00,1930028.7969981623
2022-08-26 06:30:00,1930028.7969981623
2022-08-29 01:00:00,1930028.7969981623
2022-08-29 01:30:00,1930028.7969981623
2022-08-29 02:00:00,1914188.7969981623
2022-08-29 02:30:00,1914188.7969981623
2022-08-29 03:00:00,1914188.7969981623
2022-08-29 05:00:00,1914188.7969981623
2022-08-29 05:30:00,1914188.7969981623
2022-08-29 06:00:00,1914188.7969981623
2022-08-29 06:30:00,1914188.7969981623
2022-08-30 01:00:00,1914188.7969981623
2022-08-30 01:30:00,1914188.7969981623
2022-08-30 02:00:00,1914188.7969981623
2022-08-30 02:30:00,1914188.7969981623
2022-08-30 03:00:00,1914188.7969981623
2022-08-30 05:00:00,1914188.7969981623
2022-08-30 05:30:00,1914188.7969981623
2022-08-30 06:00:00,1914188.7969981623
2022-08-30 06:30:00,1911842.9752927267
2022-08-31 01:00:00,1911842.9752927267
2022-08-31 01:30:00,1911842.9752927267
2022-08-31 02:00:00,1911842.9752927267
2022-08-31 02:30:00,1911842.9752927267
2022-08-31 03:00:00,1911842.9752927267
2022-08-31 05:00:00,1911842.9752927267
2022-08-31 05:30:00,1911842.9752927267
2022-08-31 06:00:00,1908734.7858785957
2022-08-31 06:30:00,1908734.7858785957
2022-09-01 01:00:00,1908734.7858785957
2022-09-01 01:30:00,1908734.7858785957
2022-09-01 02:00:00,1909432.7207249696
2022-09-01 02:30:00,1909432.7207249696
2022-09-01 03:00:00,1908779.2177258695
2022-09-01 05:00:00,1908779.2177258695
2022-09-01 05:30:00,1908779.2177258695
2022-09-01 06:00:00,1908779.2177258695
2022-09-01 06:30:00,1908779.2177258695
2022-09-02 01:00:00,1908779.2177258695
2022-09-02 01:30:00,1908779.2177258695
2022-09-02 02:00:00,1908779.2177258695
2022-09-02 02:30:00,1908779.2177258695
2022-09-02 03:00:00,1908779.2177258695
2022-09-02 05:00:00,1908779.2177258695
2022-09-02 05:30:00,1908779.2177258695
2022-09-02 06:00:00,1908779.2177258695
2022-09-02 06:30:00,1908779.2177258695
2022-09-05 01:00:00,1908779.2177258695
2022-09-05 01:30:00,1907739.2177258695
2022-09-05 02:00:00,1907739.2177258695
2022-09-05 02:30:00,1907739.2177258695
2022-09-05 03:00:00,1903651.9249341046
2022-09-05 05:00:00,1903651.9249341046
2022-09-05 05:30:00,1912301.3299804784
2022-09-05 06:00:00,1912301.3299804784
2022-09-05 06:30:00,1912301.3299804784
2022-09-06 01:00:00,1912301.3299804784
2022-09-06 01:30:00,1922277.7779116104
2022-09-06 02:00:00,1922277.7779116104
2022-09-06 02:30:00,1922277.7779116104
2022-09-06 03:00:00,1922277.7779116104
2022-09-06 05:00:00,1922277.7779116104
2022-09-06 05:30:00,1922277.7779116104
2022-09-06 06:00:00,1922277.7779116104
2022-09-06 06:30:00,1922277.7779116104
2022-09-07 01:00:00,1922277.7779116104
2022-09-07 01:30:00,1922277.7779116104
2022-09-07 02:00:00,1922277.7779116104
2022-09-07 02:30:00,1922277.7779116104
2022-09-07 03:00:00,1922277.7779116104
2022-09-07 05:00:00,1922277.7779116104
2022-09-07 05:30:00,1922277.7779116104
2022-09-07 06:00:00,1922277.7779116104
2022-09-07 06:30:00,1922676.2372221448
2022-09-08 01:00:00,1922676.2372221448
2022-09-08 01:30:00,1922676.2372221448
2022-09-08 02:00:00,1922676.2372221448
2022-09-08 02:30:00,1922676.2372221448
2022-09-08 03:00:00,1922676.2372221448
2022-09-08 05:00:00,1922676.2372221448
2022-09-08 05:30:00,1922676.2372221448
2022-09-08 06:00:00,1920816.8267377052
2022-09-08 06:30:00,1920816.8267377052
2022-09-09 01:00:00,1920816.8267377052
2022-09-09 01:30:00,1920816.8267377052
2022-09-09 02:00:00,1920816.8267377052
2022-09-09 02:30:00,1920816.8267377052
2022-09-09 03:00:00,1920816.8267377052
2022-09-09 05:00:00,1920816.8267377052
2022-09-09 05:30:00,1919311.5203798385
2022-09-09 06:00:00,1919311.5203798385
2022-09-09 06:30:00,1919311.5203798385
2022-09-13 01:00:00,1919311.5203798385
2022-09-13 01:30:00,1919311.5203798385
2022-09-13 02:00:00,1919311.5203798385
2022-09-13 02:30:00,1919311.5203798385
2022-09-13 03:00:00,1919311.5203798385
2022-09-13 05:00:00,1919311.5203798385
2022-09-13 05:30:00,1919311.5203798385
2022-09-13 06:00:00,1919311.5203798385
2022-09-13 06:30:00,1919311.5203798385
2022-09-14 01:00:00,1919311.5203798385
2022-09-14 01:30:00,1919311.5203798385
2022-09-14 02:00:00,1919311.5203798385
2022-09-14 02:30:00,1919311.5203798385
2022-09-14 03:00:00,1919311.5203798385
2022-09-14 05:00:00,1919311.5203798385
2022-09-14 05:30:00,1919311.5203798385
2022-09-14 06:00:00,1919311.5203798385
2022-09-14 06:30:00,1919311.5203798385
2022-09-15 01:00:00,1919311.5203798385
2022-09-15 01:30:00,1919221.7664306199
2022-09-15 02:00:00,1919221.7664306199
2022-09-15 02:30:00,1919221.7664306199
2022-09-15 03:00:00,1919221.7664306199
2022-09-15 05:00:00,1914465.4510847481
2022-09-15 05:30:00,1914465.4510847481
2022-09-15 06:00:00,1914322.9341776052
2022-09-15 06:30:00,1914322.9341776052
2022-09-16 01:00:00,1914322.9341776052
2022-09-16 01:30:00,1914322.9341776052
2022-09-16 02:00:00,1914322.9341776052
2022-09-16 02:30:00,1914322.9341776052
2022-09-16 03:00:00,1914322.9341776052
2022-09-16 05:00:00,1914322.9341776052
2022-09-16 05:30:00,1914322.9341776052
2022-09-16 06:00:00,1914322.9341776052
2022-09-16 06:30:00,1914322.9341776052
2022-09-19 01:00:00,1914322.9341776052
2022-09-19 01:30:00,1914322.9341776052
2022-09-19 02:00:00,1914322.9341776052
2022-09-19 02:30:00,1914322.9341776052
2022-09-19 03:00:00,1914322.9341776052
2022-09-19 05:00:00,1914322.9341776052
2022-09-19 05:30:00,1914322.9341776052
2022-09-19 06:00:00,1916643.4284833586
2022-09-19 06:30:00,1916643.4284833586
2022-09-20 01:00:00,1916643.4284833586
2022-09-20 01:30:00,1916643.4284833586
2022-09-20 02:00:00,1916643.4284833586
2022-09-20 02:30:00,1916643.4284833586
2022-09-20 03:00:00,1916643.4284833586
2022-09-20 05:00:00,1916643.4284833586
2022-09-20 05:30:00,1916643.4284833586
2022-09-20 06:00:00,1916643.4284833586
2022-09-20 06:30:00,1916643.4284833586
2022-09-21 01:00:00,1916643.4284833586
2022-09-21 01:30:00,1916643.4284833586
2022-09-21 02:00:00,1916643.4284833586
2022-09-21 02:30:00,1916643.4284833586
2022-09-21 03:00:00,1916643.4284833586
2022-09-21 05:00:00,1916643.4284833586
2022-09-21 05:30:00,1931297.9329865142
2022-09-21 06:00:00,1931297.9329865142
2022-09-21 06:30:00,1931297.9329865142
2022-09-22 01:00:00,1931297.9329865142
2022-09-22 01:30:00,1939460.5381747414
2022-09-22 02:00:00,1939460.5381747414
2022-09-22 02:30:00,1939460.5381747414
2022-09-22 03:00:00,1939460.5381747414
2022-09-22 05:00:00,1939460.5381747414
2022-09-22 05:30:00,1939460.5381747414
2022-09-22 06:00:00,1939460.5381747414
2022-09-22 06:30:00,1939460.5381747414
2022-09-23 01:00:00,1939460.5381747414
2022-09-23 01:30:00,1939460.5381747414
2022-09-23 02:00:00,1939460.5381747414
2022-09-23 02:30:00,1939460.5381747414
2022-09-23 03:00:00,1939460.5381747414
2022-09-23 05:00:00,1939460.5381747414
2022-09-23 05:30:00,1920087.6339309763
2022-09-23 06:00:00,1920087.6339309763
2022-09-23 06:30:00,1920087.6339309763
2022-09-26 01:00:00,1920087.6339309763
2022-09-26 01:30:00,1920087.6339309763
2022-09-26 02:00:00,1902167.6339309763
2022-09-26 02:30:00,1902167.6339309763
2022-09-26 03:00:00,1902167.6339309763
2022-09-26 05:00:00,1902167.6339309763
2022-09-26 05:30:00,1902167.6339309763
2022-09-26 06:00:00,1902167.6339309763
2022-09-26 06:30:00,1902167.6339309763
2022-09-27 01:00:00,1902167.6339309763
2022-09-27 01:30:00,1902167.6339309763
2022-09-27 02:00:00,1902167.6339309763
2022-09-27 02:30:00,1902167.6339309763
2022-09-27 03:00:00,1902167.6339309763
2022-09-27 05:00:00,1902167.6339309763
2022-09-27 05:30:00,1888034.5451262426
2022-09-27 06:00:00,1888034.5451262426
2022-09-27 06:30:00,1888034.5451262426
2022-09-28 01:00:00,1888034.5451262426
2022-09-28 01:30:00,1888034.5451262426
2022-09-28 02:00:00,1888034.5451262426
2022-09-28 02:30:00,1888034.5451262426
2022-09-28 03:00:00,1888034.5451262426
2022-09-28 05:00:00,1888034.5451262426
2022-09-28 05:30:00,1888034.5451262426
2022-09-28 06:00:00,1888034.5451262426
2022-09-28 06:30:00,1888034.5451262426
2022-09-29 01:00:00,1888034.5451262426
2022-09-29 01:30:00,1888034.5451262426
2022-09-29 02:00:00,1890008.2659841494
2022-09-29 02:30:00,1890008.2659841494
2022-09-29 03:00:00,1890008.2659841494
2022-09-29 05:00:00,1890008.2659841494
2022-09-29 05:30:00,1880442.3349068784
2022-09-29 06:00:00,1867191.5125036642
2022-09-29 06:30:00,1867191.5125036642
2022-09-30 01:00:00,1867191.5125036642
2022-09-30 01:30:00,1867191.5125036642
2022-09-30 02:00:00,1867191.5125036642
2022-09-30 02:30:00,1867191.5125036642
2022-09-30 03:00:00,1867191.5125036642
2022-09-30 05:00:00,1867191.5125036642
2022-09-30 05:30:00,1867191.5125036642
2022-09-30 06:00:00,1867191.5125036642
2022-09-30 06:30:00,1867191.5125036642
2022-10-10 01:00:00,1867191.5125036642
2022-10-10 01:30:00,1867191.5125036642
2022-10-10 02:00:00,1867191.5125036642
2022-10-10 02:30:00,1867191.5125036642
2022-10-10 03:00:00,1867191.5125036642
2022-10-10 05:00:00,1867191.5125036642
2022-10-10 05:30:00,1867191.5125036642
2022-10-10 06:00:00,1867191.5125036642
2022-10-10 06:30:00,1867191.5125036642
2022-10-11 01:00:00,1867191.5125036642
2022-10-11 01:30:00,1867191.5125036642
2022-10-11 02:00:00,1867191.5125036642
2022-10-11 02:30:00,1867191.5125036642
2022-10-11 03:00:00,1867191.5125036642
2022-10-11 05:00:00,1879579.3062012196
2022-10-11 05:30:00,1879579.3062012196
2022-10-11 06:00:00,1879579.3062012196
2022-10-11 06:30:00,1879579.3062012196
2022-10-12 01:00:00,1879579.3062012196
2022-10-12 01:30:00,1879579.3062012196
2022-10-12 02:00:00,1879579.3062012196
2022-10-12 02:30:00,1879579.3062012196
2022-10-12 03:00:00,1879579.3062012196
2022-10-12 05:00:00,1879579.3062012196
2022-10-12 05:30:00,1879579.3062012196
2022-10-12 06:00:00,1953403.4520851308
2022-10-12 06:30:00,1953403.4520851308
2022-10-13 01:00:00,1953403.4520851308
2022-10-13 01:30:00,1953403.4520851308
2022-10-13 02:00:00,1953403.4520851308
2022-10-13 02:30:00,1953403.4520851308
2022-10-13 03:00:00,1953403.4520851308
2022-10-13 05:00:00,1953403.4520851308
2022-10-13 05:30:00,1953403.4520851308
2022-10-13 06:00:00,1953403.4520851308
2022-10-13 06:30:00,1953403.4520851308
2022-10-14 01:00:00,1953403.4520851308
2022-10-14 01:30:00,1953403.4520851308
2022-10-14 02:00:00,1953403.4520851308
2022-10-14 02:30:00,1953403.4520851308
2022-10-14 03:00:00,1953403.4520851308
2022-10-14 05:00:00,1953403.4520851308
2022-10-14 05:30:00,1953403.4520851308
2022-10-14 06:00:00,1953403.4520851308
2022-10-14 06:30:00,1953403.4520851308
2022-10-17 01:00:00,1953403.4520851308
2022-10-17 01:30:00,1953403.4520851308
2022-10-17 02:00:00,1953403.4520851308
2022-10-17 02:30:00,1953403.4520851308
2022-10-17 03:00:00,1953403.4520851308
2022-10-17 05:00:00,1953403.4520851308
2022-10-17 05:30:00,1953403.4520851308
2022-10-17 06:00:00,1953403.4520851308
2022-10-17 06:30:00,1953403.4520851308
2022-10-18 01:00:00,1953403.4520851308
2022-10-18 01:30:00,1953403.4520851308
2022-10-18 02:00:00,1953403.4520851308
2022-10-18 02:30:00,1953403.4520851308
2022-10-18 03:00:00,1953403.4520851308
2022-10-18 05:00:00,1953403.4520851308
2022-10-18 05:30:00,1953403.4520851308
2022-10-18 06:00:00,1953403.4520851308
2022-10-18 06:30:00,1953403.4520851308
2022-10-19 01:00:00,1953403.4520851308
2022-10-19 01:30:00,1953403.4520851308
2022-10-19 02:00:00,1948843.4520851308
2022-10-19 02:30:00,1948843.4520851308
2022-10-19 03:00:00,1948843.4520851308
2022-10-19 05:00:00,1948843.4520851308
2022-10-19 05:30:00,1948843.4520851308
2022-10-19 06:00:00,1948843.4520851308
2022-10-19 06:30:00,1948843.4520851308
2022-10-20 01:00:00,1948843.4520851308
2022-10-20 01:30:00,1948843.4520851308
2022-10-20 02:00:00,1948843.4520851308
2022-10-20 02:30:00,1948843.4520851308
2022-10-20 03:00:00,1948843.4520851308
2022-10-20 05:00:00,1948843.4520851308
2022-10-20 05:30:00,1948843.4520851308
2022-10-20 06:00:00,1948843.4520851308
2022-10-20 06:30:00,1948843.4520851308
2022-10-21 01:00:00,1948843.4520851308
2022-10-21 01:30:00,1948843.4520851308
2022-10-21 02:00:00,1948843.4520851308
2022-10-21 02:30:00,1948843.4520851308
2022-10-21 03:00:00,1948843.4520851308
2022-10-21 05:00:00,1948843.4520851308
2022-10-21 05:30:00,1948843.4520851308
2022-10-21 06:00:00,1948843.4520851308
2022-10-21 06:30:00,1948843.4520851308
2022-10-24 01:00:00,1948843.4520851308
2022-10-24 01:30:00,1948843.4520851308
2022-10-24 02:00:00,1948843.4520851308
2022-10-24 02:30:00,1948843.4520851308
2022-10-24 03:00:00,1948843.4520851308
2022-10-24 05:00:00,1948843.4520851308
2022-10-24 05:30:00,1948843.4520851308
2022-10-24 06:00:00,1948843.4520851308
2022-10-24 06:30:00,1948843.4520851308
2022-10-25 01:00:00,1948843.4520851308
2022-10-25 01:30:00,1948843.4520851308
2022-10-25 02:00:00,1962102.823683572
2022-10-25 02:30:00,1962102.823683572
2022-10-25 03:00:00,1962102.823683572
2022-10-25 05:00:00,1962102.823683572
2022-10-25 05:30:00,1962102.823683572
2022-10-25 06:00:00,1962102.823683572
2022-10-25 06:30:00,1962102.823683572
2022-10-25 07:00:00,1962102.823683572
2022-10-26 01:00:00,1962102.823683572
2022-10-26 01:30:00,1962102.823683572
2022-10-26 02:00:00,1962102.823683572
2022-10-26 02:30:00,1962102.823683572
2022-10-26 03:00:00,1962102.823683572
2022-10-26 05:00:00,1962102.823683572
2022-10-26 05:30:00,1962102.823683572
2022-10-26 06:00:00,1962102.823683572
2022-10-26 06:30:00,1962102.823683572
2022-10-26 07:00:00,1962102.823683572
2022-10-27 01:00:00,1962102.823683572
2022-10-27 01:30:00,1962102.823683572
2022-10-27 02:00:00,1962102.823683572
2022-10-27 02:30:00,1962102.823683572
2022-10-27 03:00:00,1962102.823683572
2022-10-27 05:00:00,1962102.823683572
2022-10-27 05:30:00,1962102.823683572
2022-10-27 06:00:00,1962102.823683572
2022-10-27 06:30:00,1962102.823683572
2022-10-27 07:00:00,1962102.823683572
2022-10-28 01:00:00,1962102.823683572
2022-10-28 01:30:00,1976733.3345199805
2022-10-28 02:00:00,1976733.3345199805
2022-10-28 02:30:00,1976733.3345199805
2022-10-28 03:00:00,1976733.3345199805
2022-10-28 05:00:00,1976733.3345199805
2022-10-28 05:30:00,1976733.3345199805
2022-10-28 06:00:00,1976733.3345199805
2022-10-28 06:30:00,1976733.3345199805
2022-10-28 07:00:00,1976733.3345199805
2022-10-31 01:00:00,1976733.3345199805
2022-10-31 01:30:00,1976733.3345199805
2022-10-31 02:00:00,1976733.3345199805
2022-10-31 02:30:00,1976733.3345199805
2022-10-31 03:00:00,1988769.5446844976
2022-10-31 05:00:00,1988769.5446844976
2022-10-31 05:30:00,1988769.5446844976
2022-10-31 06:00:00,1988769.5446844976
2022-10-31 06:30:00,1988769.5446844976
2022-10-31 07:00:00,1988769.5446844976
2022-11-01 01:00:00,1988769.5446844976
2022-11-01 01:30:00,1988769.5446844976
2022-11-01 02:00:00,1988769.5446844976
2022-11-01 02:30:00,1988769.5446844976
2022-11-01 03:00:00,1988769.5446844976
2022-11-01 05:00:00,1988769.5446844976
2022-11-01 05:30:00,1988769.5446844976
2022-11-01 06:00:00,1988769.5446844976
2022-11-01 06:30:00,1988769.5446844976
2022-11-01 07:00:00,1988769.5446844976
2022-11-02 01:00:00,1988769.5446844976
2022-11-02 01:30:00,1988769.5446844976
2022-11-02 02:00:00,1988769.5446844976
2022-11-02 02:30:00,1988769.5446844976
2022-11-02 03:00:00,1988769.5446844976
2022-11-02 05:00:00,1988769.5446844976
2022-11-02 05:30:00,1988769.5446844976
2022-11-02 06:00:00,1988769.5446844976
2022-11-02 06:30:00,1988769.5446844976
2022-11-02 07:00:00,1988769.5446844976
2022-11-03 01:00:00,1988769.5446844976
2022-11-03 01:30:00,1988769.5446844976
2022-11-03 02:00:00,1988769.5446844976
2022-11-03 02:30:00,1988769.5446844976
2022-11-03 03:00:00,1988769.5446844976
2022-11-03 05:00:00,1988769.5446844976
2022-11-03 05:30:00,1988769.5446844976
2022-11-03 06:00:00,1988769.5446844976
2022-11-03 06:30:00,1988769.5446844976
2022-11-03 07:00:00,1988769.5446844976
2022-11-04 01:00:00,1988769.5446844976
2022-11-04 01:30:00,1988769.5446844976
2022-11-04 02:00:00,1988769.5446844976
2022-11-04 02:30:00,1988769.5446844976
2022-11-04 03:00:00,1988769.5446844976
2022-11-04 05:00:00,1988769.5446844976
2022-11-04 05:30:00,1988769.5446844976
2022-11-04 06:00:00,1987276.2727073194
2022-11-04 06:30:00,1987276.2727073194
2022-11-04 07:00:00,1986829.8398311762
2022-11-07 01:00:00,1986829.8398311762
2022-11-07 01:30:00,1986829.8398311762
2022-11-07 02:00:00,1986829.8398311762
2022-11-07 02:30:00,1986829.8398311762
2022-11-07 03:00:00,1986829.8398311762
2022-11-07 05:00:00,1986829.8398311762
2022-11-07 05:30:00,1986829.8398311762
2022-11-07 06:00:00,1986829.8398311762
2022-11-07 06:30:00,1986829.8398311762
2022-11-07 07:00:00,1986829.8398311762
2022-11-08 01:00:00,1986829.8398311762
2022-11-08 01:30:00,1986829.8398311762
2022-11-08 02:00:00,1984106.8639529694
2022-11-08 02:30:00,1984106.8639529694
2022-11-08 03:00:00,1984106.8639529694
2022-11-08 05:00:00,1984106.8639529694
2022-11-08 05:30:00,1984106.8639529694
2022-11-08 06:00:00,1984106.8639529694
2022-11-08 06:30:00,1984106.8639529694
2022-11-08 07:00:00,1984106.8639529694
2022-11-09 01:00:00,1984106.8639529694
2022-11-09 01:30:00,1984106.8639529694
2022-11-09 02:00:00,1984106.8639529694
2022-11-09 02:30:00,1984106.8639529694
2022-11-09 03:00:00,1984106.8639529694
2022-11-09 05:00:00,1984106.8639529694
2022-11-09 05:30:00,1984106.8639529694
2022-11-09 06:00:00,1983619.9293907322
2022-11-09 06:30:00,1983619.9293907322
2022-11-09 07:00:00,1983619.9293907322
2022-11-10 01:00:00,1983619.9293907322
2022-11-10 01:30:00,1989939.9293907322
2022-11-10 02:00:00,1989939.9293907322
2022-11-10 02:30:00,1989939.9293907322
2022-11-10 03:00:00,1989939.9293907322
2022-11-10 05:00:00,1989939.9293907322
2022-11-10 05:30:00,1989939.9293907322
2022-11-10 06:00:00,1989939.9293907322
2022-11-10 06:30:00,1989939.9293907322
2022-11-10 07:00:00,1989939.9293907322
2022-11-11 01:00:00,1989939.9293907322
2022-11-11 01:30:00,1985934.046371582
2022-11-11 02:00:00,1985934.046371582
2022-11-11 02:30:00,1985934.046371582
2022-11-11 03:00:00,1985934.046371582
2022-11-11 05:00:00,1985934.046371582
2022-11-11 05:30:00,1985934.046371582
2022-11-11 06:00:00,1986582.8759499397
2022-11-11 06:30:00,1988008.995158489
2022-11-11 07:00:00,1988008.995158489
2022-11-14 01:00:00,1988008.995158489
2022-11-14 01:30:00,1988008.995158489
2022-11-14 02:00:00,1988008.995158489
2022-11-14 02:30:00,1988008.995158489
2022-11-14 03:00:00,1988008.995158489
2022-11-14 05:00:00,1988008.995158489
2022-11-14 05:30:00,1988008.995158489
2022-11-14 06:00:00,1980826.126442419
2022-11-14 06:30:00,1980826.126442419
2022-11-14 07:00:00,1980826.126442419
2022-11-15 01:00:00,1980826.126442419
2022-11-15 01:30:00,1981931.8653308714
2022-11-15 02:00:00,1981931.8653308714
2022-11-15 02:30:00,1981931.8653308714
2022-11-15 03:00:00,1981931.8653308714
2022-11-15 05:00:00,1981931.8653308714
2022-11-15 05:30:00,1981931.8653308714
2022-11-15 06:00:00,1981931.8653308714
2022-11-15 06:30:00,1985674.27037582
2022-11-15 07:00:00,1985674.27037582
2022-11-16 01:00:00,1985674.27037582
2022-11-16 01:30:00,1985674.27037582
2022-11-16 02:00:00,1986627.4936629185
2022-11-16 02:30:00,1986627.4936629185
2022-11-16 03:00:00,1986627.4936629185
2022-11-16 05:00:00,1986627.4936629185
2022-11-16 05:30:00,2003588.4997874224
2022-11-16 06:00:00,2014514.5176238716
2022-11-16 06:30:00,2014514.5176238716
2022-11-16 07:00:00,2014514.5176238716
2022-11-17 01:00:00,2014514.5176238716
2022-11-17 01:30:00,2014514.5176238716
2022-11-17 02:00:00,2020514.5176238716
2022-11-17 02:30:00,2020514.5176238716
2022-11-17 03:00:00,2020514.5176238716
2022-11-17 05:00:00,2020514.5176238716
2022-11-17 05:30:00,2020514.5176238716
2022-11-17 06:00:00,2020514.5176238716
2022-11-17 06:30:00,2020514.5176238716
2022-11-17 07:00:00,2020514.5176238716
2022-11-18 01:00:00,2020514.5176238716
2022-11-18 01:30:00,2010188.895787665
2022-11-18 02:00:00,2010188.895787665
2022-11-18 02:30:00,2010188.895787665
2022-11-18 03:00:00,2010188.895787665
2022-11-18 05:00:00,2010188.895787665
2022-11-18 05:30:00,2010188.895787665
2022-11-18 06:00:00,2010188.895787665
2022-11-18 06:30:00,2002791.698194256
2022-11-18 07:00:00,2002791.698194256
2022-11-21 01:00:00,2002791.698194256
2022-11-21 01:30:00,2005311.537684686
2022-11-21 02:00:00,1993991.537684686
2022-11-21 02:30:00,1981609.2948570792
2022-11-21 03:00:00,1981609.2948570792
2022-11-21 05:00:00,1981609.2948570792
2022-11-21 05:30:00,1981609.2948570792
2022-11-21 06:00:00,1971227.7537192858
2022-11-21 06:30:00,1960535.3940852806
2022-11-21 07:00:00,1960535.3940852806
2022-11-22 01:00:00,1960535.3940852806
2022-11-22 01:30:00,1960535.3940852806
2022-11-22 02:00:00,1960535.3940852806
2022-11-22 02:30:00,1960535.3940852806
2022-11-22 03:00:00,1960535.3940852806
2022-11-22 05:00:00,1950360.7202146268
2022-11-22 05:30:00,1950360.7202146268
2022-11-22 06:00:00,1950360.7202146268
2022-11-22 06:30:00,1939440.7202146268
2022-11-22 07:00:00,1939440.7202146268
2022-11-23 01:00:00,1939440.7202146268
2022-11-23 01:30:00,1939440.7202146268
2022-11-23 02:00:00,1934440.7202146268
2022-11-23 02:30:00,1934440.7202146268
2022-11-23 03:00:00,1934440.7202146268
2022-11-23 05:00:00,1934440.7202146268
2022-11-23 05:30:00,1929910.8759685443
2022-11-23 06:00:00,1929910.8759685443
2022-11-23 06:30:00,1929910.8759685443
2022-11-23 07:00:00,1929910.8759685443
2022-11-24 01:00:00,1929910.8759685443
2022-11-24 01:30:00,1929910.8759685443
2022-11-24 02:00:00,1927610.875968544
2022-11-24 02:30:00,1927610.875968544
2022-11-24 03:00:00,1922268.0386804428
2022-11-24 05:00:00,1922268.0386804428
2022-11-24 05:30:00,1922268.0386804428
2022-11-24 06:00:00,1922268.0386804428
2022-11-24 06:30:00,1922268.0386804428
2022-11-24 07:00:00,1922268.0386804428
2022-11-25 01:00:00,1930943.2713803255
2022-11-25 01:30:00,1930943.2713803255
2022-11-25 02:00:00,1930943.2713803255
2022-11-25 02:30:00,1931690.6496475802
2022-11-25 03:00:00,1931690.6496475802
2022-11-25 05:00:00,1931690.6496475802
2022-11-25 05:30:00,1931690.6496475802
2022-11-25 06:00:00,1931690.6496475802
2022-11-25 06:30:00,1931690.6496475802
2022-11-25 07:00:00,1931690.6496475802
2022-11-28 01:00:00,1931690.6496475802
2022-11-28 01:30:00,1931690.6496475802
2022-11-28 02:00:00,1930490.6496475802
2022-11-28 02:30:00,1930490.6496475802
2022-11-28 03:00:00,1930490.6496475802
2022-11-28 05:00:00,1930490.6496475802
2022-11-28 05:30:00,1930490.6496475802
2022-11-28 06:00:00,1930490.6496475802
2022-11-28 06:30:00,1924015.3129018587
2022-11-28 07:00:00,1924015.3129018587
2022-11-29 01:00:00,1924015.3129018587
2022-11-29 01:30:00,1924015.3129018587
2022-11-29 02:00:00,1924015.3129018587
2022-11-29 02:30:00,1924015.3129018587
2022-11-29 03:00:00,1924015.3129018587
2022-11-29 05:00:00,1924015.3129018587
2022-11-29 05:30:00,1924015.3129018587
2022-11-29 06:00:00,1924015.3129018587
2022-11-29 06:30:00,1924015.3129018587
2022-11-29 07:00:00,1924015.3129018587
2022-11-30 01:00:00,1924015.3129018587
2022-11-30 01:30:00,1924015.3129018587
2022-11-30 02:00:00,1924015.3129018587
2022-11-30 02:30:00,1924015.3129018587
2022-11-30 03:00:00,1924015.3129018587
2022-11-30 05:00:00,1924015.3129018587
2022-11-30 05:30:00,1924015.3129018587
2022-11-30 06:00:00,1924015.3129018587
2022-11-30 06:30:00,1924015.3129018587
2022-11-30 07:00:00,1924015.3129018587
2022-12-01 01:00:00,1924015.3129018587
2022-12-01 01:30:00,1924015.3129018587
2022-12-01 02:00:00,1924015.3129018587
2022-12-01 02:30:00,1924015.3129018587
2022-12-01 03:00:00,1924015.3129018587
2022-12-01 05:00:00,1924015.3129018587
2022-12-01 05:30:00,1924015.3129018587
2022-12-01 06:00:00,1924015.3129018587
2022-12-01 06:30:00,1924015.3129018587
2022-12-01 07:00:00,1924015.3129018587
2022-12-02 01:00:00,1924015.3129018587
2022-12-02 01:30:00,1947244.5455966098
2022-12-02 02:00:00,1982044.5455966098
2022-12-02 02:30:00,1982044.5455966098
2022-12-02 03:00:00,1982044.5455966098
2022-12-02 05:00:00,1982044.5455966098
2022-12-02 05:30:00,1982044.5455966098
2022-12-02 06:00:00,1982044.5455966098
2022-12-02 06:30:00,1982044.5455966098
2022-12-02 07:00:00,1982044.5455966098
2022-12-05 01:00:00,1982044.5455966098
2022-12-05 01:30:00,1988204.5455966098
2022-12-05 02:00:00,1988204.5455966098
2022-12-05 02:30:00,1988204.5455966098
2022-12-05 03:00:00,1988204.5455966098
2022-12-05 05:00:00,1988204.5455966098
2022-12-05 05:30:00,1988204.5455966098
2022-12-05 06:00:00,1988204.5455966098
2022-12-05 06:30:00,1988204.5455966098
2022-12-05 07:00:00,1988204.5455966098
2022-12-06 01:00:00,1988204.5455966098
2022-12-06 01:30:00,1985324.5455966098
2022-12-06 02:00:00,1985324.5455966098
2022-12-06 02:30:00,1985324.5455966098
2022-12-06 03:00:00,1985324.5455966098
2022-12-06 05:00:00,1985324.5455966098
2022-12-06 05:30:00,1985324.5455966098
2022-12-06 06:00:00,1985324.5455966098
2022-12-06 06:30:00,1985324.5455966098
2022-12-06 07:00:00,1985324.5455966098
2022-12-07 01:00:00,1985324.5455966098
2022-12-07 01:30:00,1985324.5455966098
2022-12-07 02:00:00,1985324.5455966098
2022-12-07 02:30:00,1985324.5455966098
2022-12-07 03:00:00,1985431.6318143923
2022-12-07 05:00:00,1985431.6318143923
2022-12-07 05:30:00,1985431.6318143923
2022-12-07 06:00:00,1985431.6318143923
2022-12-07 06:30:00,1985431.6318143923
2022-12-07 07:00:00,1985431.6318143923
2022-12-08 01:00:00,1985431.6318143923
2022-12-08 01:30:00,1985431.6318143923
2022-12-08 02:00:00,1985431.6318143923
2022-12-08 02:30:00,1985431.6318143923
2022-12-08 03:00:00,1985431.6318143923
2022-12-08 05:00:00,1985431.6318143923
2022-12-08 05:30:00,1985431.6318143923
2022-12-08 06:00:00,1985431.6318143923
2022-12-08 06:30:00,1985431.6318143923
2022-12-08 07:00:00,1985431.6318143923
2022-12-09 01:00:00,1985431.6318143923
2022-12-09 01:30:00,1985431.6318143923
2022-12-09 02:00:00,1984231.6318143925
2022-12-09 02:30:00,1984231.6318143925
2022-12-09 03:00:00,1984231.6318143925
2022-12-09 05:00:00,1984231.6318143925
2022-12-09 05:30:00,1984231.6318143925
2022-12-09 06:00:00,1984231.6318143925
2022-12-09 06:30:00,1984231.6318143925
2022-12-09 07:00:00,1984231.6318143925
2022-12-12 01:00:00,1984231.6318143925
2022-12-12 01:30:00,1984231.6318143925
2022-12-12 02:00:00,1984231.6318143925
2022-12-12 02:30:00,1984231.6318143925
2022-12-12 03:00:00,1983276.7952277656
2022-12-12 05:00:00,1983276.7952277656
2022-12-12 05:30:00,1983276.7952277656
2022-12-12 06:00:00,1975056.7766578698
2022-12-12 06:30:00,1975056.7766578698
2022-12-12 07:00:00,1975056.7766578698
2022-12-13 01:00:00,1975056.7766578698
2022-12-13 01:30:00,1975056.7766578698
2022-12-13 02:00:00,1975056.7766578698
2022-12-13 02:30:00,1975056.7766578698
2022-12-13 03:00:00,1975056.7766578698
2022-12-13 05:00:00,1975056.7766578698
2022-12-13 05:30:00,1975056.7766578698
2022-12-13 06:00:00,1975056.7766578698
2022-12-13 06:30:00,1975056.7766578698
2022-12-13 07:00:00,1974691.4884276749
2022-12-14 01:00:00,1974691.4884276749
2022-12-14 01:30:00,1974691.4884276749
2022-12-14 02:00:00,1974691.4884276749
2022-12-14 02:30:00,1974691.4884276749
2022-12-14 03:00:00,1974691.4884276749
2022-12-14 05:00:00,1974691.4884276749
2022-12-14 05:30:00,1974691.4884276749
2022-12-14 06:00:00,1974691.4884276749
2022-12-14 06:30:00,1974691.4884276749
2022-12-14 07:00:00,1974691.4884276749
2022-12-15 01:00:00,1974691.4884276749
2022-12-15 01:30:00,1974691.4884276749
2022-12-15 02:00:00,1970749.5362060324
2022-12-15 02:30:00,1970749.5362060324
2022-12-15 03:00:00,1970749.5362060324
2022-12-15 05:00:00,1970749.5362060324
2022-12-15 05:30:00,1970749.5362060324
2022-12-15 06:00:00,1970749.5362060324
2022-12-15 06:30:00,1963805.2192742764
2022-12-15 07:00:00,1963805.2192742764
2022-12-16 01:00:00,1963805.2192742764
2022-12-16 01:30:00,1963805.2192742764
2022-12-16 02:00:00,1963805.2192742764
2022-12-16 02:30:00,1963805.2192742764
2022-12-16 03:00:00,1963805.2192742764
2022-12-16 05:00:00,1963805.2192742764
2022-12-16 05:30:00,1957981.2644237545
2022-12-16 06:00:00,1957981.2644237545
2022-12-16 06:30:00,1957981.2644237545
2022-12-16 07:00:00,1957981.2644237545
2022-12-19 01:00:00,1957981.2644237545
2022-12-19 01:30:00,1964897.8884962713
2022-12-19 02:00:00,1964897.8884962713
2022-12-19 02:30:00,1964897.8884962713
2022-12-19 03:00:00,1964897.8884962713
2022-12-19 05:00:00,1964897.8884962713
2022-12-19 05:30:00,1964897.8884962713
2022-12-19 06:00:00,1964897.8884962713
2022-12-19 06:30:00,1964897.8884962713
2022-12-19 07:00:00,1964897.8884962713
2022-12-20 01:00:00,1964897.8884962713
2022-12-20 01:30:00,1964897.8884962713
2022-12-20 02:00:00,1964897.8884962713
2022-12-20 02:30:00,1964897.8884962713
2022-12-20 03:00:00,1964897.8884962713
2022-12-20 05:00:00,1964897.8884962713
2022-12-20 05:30:00,1964897.8884962713
2022-12-20 06:00:00,1964897.8884962713
2022-12-20 06:30:00,1964897.8884962713
2022-12-20 07:00:00,1964897.8884962713
2022-12-21 01:00:00,1964897.8884962713
2022-12-21 01:30:00,1964897.8884962713
2022-12-21 02:00:00,1985357.8884962713
2022-12-21 02:30:00,2012616.4201681293
2022-12-21 03:00:00,2012616.4201681293
2022-12-21 05:00:00,2012616.4201681293
2022-12-21 05:30:00,2012616.4201681293
2022-12-21 06:00:00,2012616.4201681293
2022-12-21 06:30:00,2012616.4201681293
2022-12-21 07:00:00,2012616.4201681293
2022-12-22 01:00:00,2012616.4201681293
2022-12-22 01:30:00,2012616.4201681293
2022-12-22 02:00:00,2005656.4201681293
2022-12-22 02:30:00,2005656.4201681293
2022-12-22 03:00:00,2005656.4201681293
2022-12-22 05:00:00,2005656.4201681293
2022-12-22 05:30:00,2005656.4201681293
2022-12-22 06:00:00,1999908.0799131829
2022-12-22 06:30:00,1999908.0799131829
2022-12-22 07:00:00,1999908.0799131829
2022-12-23 01:00:00,1999908.0799131829
2022-12-23 01:30:00,1999908.0799131829
2022-12-23 02:00:00,1999908.0799131829
2022-12-23 02:30:00,1999908.0799131829
2022-12-23 03:00:00,1999908.0799131829
2022-12-23 05:00:00,1999908.0799131829
2022-12-23 05:30:00,1999908.0799131829
2022-12-23 06:00:00,1999908.0799131829
2022-12-23 06:30:00,1999908.0799131829
2022-12-23 07:00:00,1999908.0799131829
2022-12-26 01:00:00,1999908.0799131829
2022-12-26 01:30:00,1999908.0799131829
2022-12-26 02:00:00,1999898.553065304
2022-12-26 02:30:00,1999898.553065304
2022-12-26 03:00:00,1999898.553065304
2022-12-26 05:00:00,1999898.553065304
2022-12-26 05:30:00,1999898.553065304
2022-12-26 06:00:00,1999898.553065304
2022-12-26 06:30:00,1999898.553065304
2022-12-26 07:00:00,1999898.553065304
2022-12-27 01:00:00,1999898.553065304
2022-12-27 01:30:00,1996468.110640737
2022-12-27 02:00:00,1996468.110640737
2022-12-27 02:30:00,1996468.110640737
2022-12-27 03:00:00,1996468.110640737
2022-12-27 05:00:00,1996468.110640737
2022-12-27 05:30:00,1996468.110640737
2022-12-27 06:00:00,1996468.110640737
2022-12-27 06:30:00,1996468.110640737
2022-12-27 07:00:00,1996468.110640737
2022-12-28 01:00:00,1996468.110640737
2022-12-28 01:30:00,1996468.110640737
2022-12-28 02:00:00,1993124.8832226384
2022-12-28 02:30:00,1993124.8832226384
2022-12-28 03:00:00,1993124.8832226384
2022-12-28 05:00:00,1993124.8832226384
2022-12-28 05:30:00,1993124.8832226384
2022-12-28 06:00:00,1993124.8832226384
2022-12-28 06:30:00,1993124.8832226384
2022-12-28 07:00:00,1993124.8832226384
2022-12-29 01:00:00,1993124.8832226384
2022-12-29 01:30:00,1990769.2315967837
2022-12-29 02:00:00,1990769.2315967837
2022-12-29 02:30:00,1990769.2315967837
2022-12-29 03:00:00,1983665.989546607
2022-12-29 05:00:00,1983665.989546607
2022-12-29 05:30:00,1983665.989546607
2022-12-29 06:00:00,1983665.989546607
2022-12-29 06:30:00,1983665.989546607
2022-12-29 07:00:00,1983665.989546607
2022-12-30 01:00:00,1983665.989546607
2022-12-30 01:30:00,1983665.989546607
2022-12-30 02:00:00,1983015.870842013
2022-12-30 02:30:00,1983015.870842013
2022-12-30 03:00:00,1983015.870842013
2022-12-30 05:00:00,1983015.870842013
2022-12-30 05:30:00,1983015.870842013
2022-12-30 06:00:00,1983015.870842013
2022-12-30 06:30:00,1983015.870842013
2022-12-30 07:00:00,1983015.870842013
2023-01-03 01:00:00,1983015.870842013
2023-01-03 01:30:00,1983015.870842013
2023-01-03 02:00:00,1966327.985111888
2023-01-03 02:30:00,1966327.985111888
2023-01-03 03:00:00,1959018.6208394303
2023-01-03 05:00:00,1953402.662002194
2023-01-03 05:30:00,1953402.662002194
2023-01-03 06:00:00,1953402.662002194
2023-01-03 06:30:00,1953402.662002194
2023-01-03 07:00:00,1953402.662002194
2023-01-04 01:00:00,1953402.662002194
2023-01-04 01:30:00,1953402.662002194
2023-01-04 02:00:00,1953402.662002194
2023-01-04 02:30:00,1953402.662002194
2023-01-04 03:00:00,1962058.2656159692
2023-01-04 05:00:00,1962058.2656159692
2023-01-04 05:30:00,1979524.4608658203
2023-01-04 06:00:00,1979524.4608658203
2023-01-04 06:30:00,1979524.4608658203
2023-01-04 07:00:00,1979524.4608658203
2023-01-05 01:00:00,1979524.4608658203
2023-01-05 01:30:00,1979524.4608658203
2023-01-05 02:00:00,1947084.4608658203
2023-01-05 02:30:00,1947084.4608658203
2023-01-05 03:00:00,1947084.4608658203
2023-01-05 05:00:00,1947084.4608658203
2023-01-05 05:30:00,1947084.4608658203
2023-01-05 06:00:00,1947084.4608658203
2023-01-05 06:30:00,1947084.4608658203
2023-01-05 07:00:00,1947084.4608658203
2023-01-06 01:00:00,1947084.4608658203
2023-01-06 01:30:00,1947084.4608658203
2023-01-06 02:00:00,1947084.4608658203
2023-01-06 02:30:00,1947084.4608658203
2023-01-06 03:00:00,1947084.4608658203
2023-01-06 05:00:00,1947084.4608658203
2023-01-06 05:30:00,1953711.0178219501
2023-01-06 06:00:00,1955731.8822429625
2023-01-06 06:30:00,1955731.8822429625
2023-01-06 07:00:00,1955731.8822429625
2023-01-09 01:00:00,1955731.8822429625
2023-01-09 01:30:00,1955731.8822429625
2023-01-09 02:00:00,1955731.8822429625
2023-01-09 02:30:00,1955731.8822429625
2023-01-09 03:00:00,1955731.8822429625
2023-01-09 05:00:00,1955731.8822429625
2023-01-09 05:30:00,1955731.8822429625
2023-01-09 06:00:00,1955731.8822429625
2023-01-09 06:30:00,1955731.8822429625
2023-01-09 07:00:00,1955731.8822429625
2023-01-10 01:00:00,1955731.8822429625
2023-01-10 01:30:00,1955731.8822429625
2023-01-10 02:00:00,1983466.6486502418
2023-01-10 02:30:00,1983466.6486502418
2023-01-10 03:00:00,1983466.6486502418
2023-01-10 05:00:00,1983466.6486502418
2023-01-10 05:30:00,1983466.6486502418
2023-01-10 06:00:00,1983466.6486502418
2023-01-10 06:30:00,1983466.6486502418
2023-01-10 07:00:00,1983466.6486502418
2023-01-11 01:00:00,1983466.6486502418
2023-01-11 01:30:00,1983466.6486502418
2023-01-11 02:00:00,1983466.6486502418
2023-01-11 02:30:00,1983466.6486502418
2023-01-11 03:00:00,1983466.6486502418
2023-01-11 05:00:00,1983466.6486502418
2023-01-11 05:30:00,1983466.6486502418
2023-01-11 06:00:00,1983466.6486502418
2023-01-11 06:30:00,1983466.6486502418
2023-01-11 07:00:00,1983466.6486502418
2023-01-12 01:00:00,1983466.6486502418
2023-01-12 01:30:00,1983466.6486502418
2023-01-12 02:00:00,1983466.6486502418
2023-01-12 02:30:00,1983466.6486502418
2023-01-12 03:00:00,1983466.6486502418
2023-01-12 05:00:00,1976793.080280228
2023-01-12 05:30:00,1976793.080280228
2023-01-12 06:00:00,1976793.080280228
2023-01-12 06:30:00,1976793.080280228
2023-01-12 07:00:00,1976793.080280228
2023-01-13 01:00:00,1976793.080280228
2023-01-13 01:30:00,1976793.080280228
2023-01-13 02:00:00,1976793.080280228
2023-01-13 02:30:00,1976793.080280228
2023-01-13 03:00:00,1976793.080280228
2023-01-13 05:00:00,1976793.080280228
2023-01-13 05:30:00,1976793.080280228
2023-01-13 06:00:00,1976793.080280228
2023-01-13 06:30:00,1976793.080280228
2023-01-13 07:00:00,1976156.3787816842
2023-01-16 01:00:00,1976156.3787816842
2023-01-16 01:30:00,1976156.3787816842
2023-01-16 02:00:00,1976156.3787816842
2023-01-16 02:30:00,1976156.3787816842
2023-01-16 03:00:00,1976156.3787816842
2023-01-16 05:00:00,1976156.3787816842
2023-01-16 05:30:00,1976156.3787816842
2023-01-16 06:00:00,1988441.2707798353
2023-01-16 06:30:00,2002332.3543131724
2023-01-16 07:00:00,2002332.3543131724
2023-01-17 01:00:00,2002332.3543131724
2023-01-17 01:30:00,2002332.3543131724
2023-01-17 02:00:00,2002132.3543131724
2023-01-17 02:30:00,2002132.3543131724
2023-01-17 03:00:00,2002132.3543131724
2023-01-17 05:00:00,2001481.8667967431
2023-01-17 05:30:00,2001481.8667967431
2023-01-17 06:00:00,2001481.8667967431
2023-01-17 06:30:00,2001481.8667967431
2023-01-17 07:00:00,2001481.8667967431
2023-01-18 01:00:00,2001481.8667967431
2023-01-18 01:30:00,2001481.8667967431
2023-01-18 02:00:00,1998931.2620865
2023-01-18 02:30:00,1998931.2620865
2023-01-18 03:00:00,1998931.2620865
2023-01-18 05:00:00,1998931.2620865
2023-01-18 05:30:00,1998273.1812185862
2023-01-18 06:00:00,1998273.1812185862
2023-01-18 06:30:00,1998273.1812185862
2023-01-18 07:00:00,1998273.1812185862
2023-01-19 01:00:00,1998273.1812185862
2023-01-19 01:30:00,1996071.7995808804
2023-01-19 02:00:00,1995474.4765696945
2023-01-19 02:30:00,1995474.4765696945
2023-01-19 03:00:00,1995474.4765696945
2023-01-19 05:00:00,1995474.4765696945
2023-01-19 05:30:00,1995474.4765696945
2023-01-19 06:00:00,1995474.4765696945
2023-01-19 06:30:00,1995474.4765696945
2023-01-19 07:00:00,1995474.4765696945
2023-01-20 01:00:00,1995474.4765696945
2023-01-20 01:30:00,1993215.0658818015
2023-01-20 02:00:00,1993215.0658818015
2023-01-20 02:30:00,1993215.0658818015
2023-01-20 03:00:00,1993215.0658818015
2023-01-20 05:00:00,2012933.129318062
2023-01-20 05:30:00,2012933.129318062
2023-01-20 06:00:00,2012933.129318062
2023-01-20 06:30:00,2012933.129318062
2023-01-20 07:00:00,2012933.129318062
2023-01-30 01:00:00,2012933.129318062
2023-01-30 01:30:00,2001653.129318062
2023-01-30 02:00:00,2001343.8368688738
2023-01-30 02:30:00,2001343.8368688738
2023-01-30 03:00:00,2001343.8368688738
2023-01-30 05:00:00,2001343.8368688738
2023-01-30 05:30:00,2001343.8368688738
2023-01-30 06:00:00,2001343.8368688738
2023-01-30 06:30:00,2001343.8368688738
2023-01-30 07:00:00,2001343.8368688738
2023-01-31 01:00:00,2001343.8368688738
2023-01-31 01:30:00,2001343.8368688738
2023-01-31 02:00:00,2001343.8368688738
2023-01-31 02:30:00,2001343.8368688738
2023-01-31 03:00:00,2001343.8368688738
2023-01-31 05:00:00,2001343.8368688738
2023-01-31 05:30:00,2001343.8368688738
2023-01-31 06:00:00,2001343.8368688738
2023-01-31 06:30:00,2001343.8368688738
2023-01-31 07:00:00,2001343.8368688738
2023-02-01 01:00:00,1998642.9720724765
2023-02-01 01:30:00,1998642.9720724765
2023-02-01 02:00:00,1999635.9814267647
2023-02-01 02:30:00,1999635.9814267647
2023-02-01 03:00:00,1999635.9814267647
2023-02-01 05:00:00,1999635.9814267647
2023-02-01 05:30:00,2008770.6741936035
2023-02-01 06:00:00,2008770.6741936035
2023-02-01 06:30:00,2010805.035987812
2023-02-01 07:00:00,2010805.035987812
2023-02-02 01:00:00,2010805.035987812
2023-02-02 01:30:00,2009110.223796761
2023-02-02 02:00:00,2009110.223796761
2023-02-02 02:30:00,2009110.223796761
2023-02-02 03:00:00,2009110.223796761
2023-02-02 05:00:00,2009110.223796761
2023-02-02 05:30:00,2009110.223796761
2023-02-02 06:00:00,2009110.223796761
2023-02-02 06:30:00,2009110.223796761
2023-02-02 07:00:00,2009110.223796761
2023-02-03 01:00:00,2009110.223796761
2023-02-03 01:30:00,2009110.223796761
2023-02-03 02:00:00,2009110.223796761
2023-02-03 02:30:00,2009110.223796761
2023-02-03 03:00:00,2009110.223796761
2023-02-03 05:00:00,2009110.223796761
2023-02-03 05:30:00,2009110.223796761
2023-02-03 06:00:00,2009110.223796761
2023-02-03 06:30:00,2005465.801233671
2023-02-03 07:00:00,2005465.801233671
2023-02-06 01:00:00,2005465.801233671
2023-02-06 01:30:00,2005465.801233671
2023-02-06 02:00:00,2005465.801233671
2023-02-06 02:30:00,2005465.801233671
2023-02-06 03:00:00,1992145.801233671
2023-02-06 05:00:00,1992145.801233671
2023-02-06 05:30:00,1992145.801233671
2023-02-06 06:00:00,1992145.801233671
2023-02-06 06:30:00,1992145.801233671
2023-02-06 07:00:00,1992145.801233671
2023-02-07 01:00:00,1992145.801233671
2023-02-07 01:30:00,1992145.801233671
2023-02-07 02:00:00,1992145.801233671
2023-02-07 02:30:00,1992145.801233671
2023-02-07 03:00:00,1992145.801233671
2023-02-07 05:00:00,1992145.801233671
2023-02-07 05:30:00,1992145.801233671
2023-02-07 06:00:00,1992145.801233671
2023-02-07 06:30:00,1992145.801233671
2023-02-07 07:00:00,1992145.801233671
2023-02-08 01:00:00,1992145.801233671
2023-02-08 01:30:00,1983464.6667978584
2023-02-08 02:00:00,1983464.6667978584
2023-02-08 02:30:00,1983464.6667978584
2023-02-08 03:00:00,1983464.6667978584
2023-02-08 05:00:00,1983464.6667978584
2023-02-08 05:30:00,1983464.6667978584
2023-02-08 06:00:00,1983464.6667978584
2023-02-08 06:30:00,1983464.6667978584
2023-02-08 07:00:00,1983464.6667978584
2023-02-09 01:00:00,1983464.6667978584
2023-02-09 01:30:00,1983464.6667978584
2023-02-09 02:00:00,1983464.6667978584
2023-02-09 02:30:00,1976878.9082433209
2023-02-09 03:00:00,1976343.541193936
2023-02-09 05:00:00,1976343.541193936
2023-02-09 05:30:00,1976343.541193936
2023-02-09 06:00:00,1974289.2122818222
2023-02-09 06:30:00,1974289.2122818222
2023-02-09 07:00:00,1974289.2122818222
2023-02-10 01:00:00,1974289.2122818222
2023-02-10 01:30:00,1974289.2122818222
2023-02-10 02:00:00,1974289.2122818222
2023-02-10 02:30:00,1973642.0774018713
2023-02-10 03:00:00,1973642.0774018713
2023-02-10 05:00:00,1980872.3529844466
2023-02-10 05:30:00,1979279.2576255866
2023-02-10 06:00:00,1979279.2576255866
2023-02-10 06:30:00,1970443.8148634213
2023-02-10 07:00:00,1970443.8148634213
2023-02-13 01:00:00,1970443.8148634213
2023-02-13 01:30:00,1970443.8148634213
2023-02-13 02:00:00,1970443.8148634213
2023-02-13 02:30:00,1970443.8148634213
2023-02-13 03:00:00,1970443.8148634213
2023-02-13 05:00:00,1970443.8148634213
2023-02-13 05:30:00,1970443.8148634213
2023-02-13 06:00:00,1970443.8148634213
2023-02-13 06:30:00,1970443.8148634213
2023-02-13 07:00:00,1970728.152030308
2023-02-14 01:00:00,1970728.152030308
2023-02-14 01:30:00,1970728.152030308
2023-02-14 02:00:00,1970728.152030308
2023-02-14 02:30:00,1970728.152030308
2023-02-14 03:00:00,1970728.152030308
2023-02-14 05:00:00,1970728.152030308
2023-02-14 05:30:00,1970728.152030308
2023-02-14 06:00:00,1970728.152030308
2023-02-14 06:30:00,1970728.152030308
2023-02-14 07:00:00,1970728.152030308
2023-02-15 01:00:00,1970728.152030308
2023-02-15 01:30:00,1970728.152030308
2023-02-15 02:00:00,1970728.152030308
2023-02-15 02:30:00,1971571.143927141
2023-02-15 03:00:00,1971571.143927141
2023-02-15 05:00:00,1971571.143927141
2023-02-15 05:30:00,1971297.813522729
2023-02-15 06:00:00,1971297.813522729
2023-02-15 06:30:00,1971297.813522729
2023-02-15 07:00:00,1971297.813522729
2023-02-16 01:00:00,1971297.813522729
2023-02-16 01:30:00,1971297.813522729
2023-02-16 02:00:00,1967920.3114631318
2023-02-16 02:30:00,1967920.3114631318
2023-02-16 03:00:00,1967920.3114631318
2023-02-16 05:00:00,1967920.3114631318
2023-02-16 05:30:00,1967920.3114631318
2023-02-16 06:00:00,1967798.0870097145
2023-02-16 06:30:00,1967798.0870097145
2023-02-16 07:00:00,1967798.0870097145
2023-02-17 01:00:00,1967798.0870097145
2023-02-17 01:30:00,1967798.0870097145
2023-02-17 02:00:00,1967066.2580152806
2023-02-17 02:30:00,1967066.2580152806
2023-02-17 03:00:00,1967066.2580152806
2023-02-17 05:00:00,1967066.2580152806
2023-02-17 05:30:00,1967066.2580152806
2023-02-17 06:00:00,1967066.2580152806
2023-02-17 06:30:00,1967066.2580152806
2023-02-17 07:00:00,1967066.2580152806
2023-02-20 01:00:00,1967066.2580152806
2023-02-20 01:30:00,1967066.2580152806
2023-02-20 02:00:00,1967066.2580152806
2023-02-20 02:30:00,1978669.073919134
2023-02-20 03:00:00,1982113.3294850544
2023-02-20 05:00:00,1982113.3294850544
2023-02-20 05:30:00,1982113.3294850544
2023-02-20 06:00:00,1982113.3294850544
2023-02-20 06:30:00,1982113.3294850544
2023-02-20 07:00:00,1982113.3294850544
2023-02-21 01:00:00,1982113.3294850544
2023-02-21 01:30:00,1982113.3294850544
2023-02-21 02:00:00,1982113.3294850544
2023-02-21 02:30:00,1982113.3294850544
2023-02-21 03:00:00,1982113.3294850544
2023-02-21 05:00:00,1973310.400778948
2023-02-21 05:30:00,1973310.400778948
2023-02-21 06:00:00,1973310.400778948
2023-02-21 06:30:00,1973310.400778948
2023-02-21 07:00:00,1973310.400778948
2023-02-22 01:00:00,1973310.400778948
2023-02-22 01:30:00,1973310.400778948
2023-02-22 02:00:00,1971908.9372992888
2023-02-22 02:30:00,1971908.9372992888
2023-02-22 03:00:00,1962948.6039187836
2023-02-22 05:00:00,1962948.6039187836
2023-02-22 05:30:00,1962948.6039187836
2023-02-22 06:00:00,1962948.6039187836
2023-02-22 06:30:00,1969775.4130928451
2023-02-22 07:00:00,1969775.4130928451
2023-02-23 01:00:00,1969775.4130928451
2023-02-23 01:30:00,1969775.4130928451
2023-02-23 02:00:00,1969775.4130928451
2023-02-23 02:30:00,1969775.4130928451
2023-02-23 03:00:00,1969775.4130928451
2023-02-23 05:00:00,1969775.4130928451
2023-02-23 05:30:00,1974890.9420059877
2023-02-23 06:00:00,1974890.9420059877
2023-02-23 06:30:00,1974890.9420059877
2023-02-23 07:00:00,1974890.9420059877
2023-02-24 01:00:00,1974890.9420059877
2023-02-24 01:30:00,1974890.9420059877
2023-02-24 02:00:00,1974890.9420059877
2023-02-24 02:30:00,1974890.9420059877
2023-02-24 03:00:00,1964765.6485619189
2023-02-24 05:00:00,1964765.6485619189
2023-02-24 05:30:00,1964765.6485619189
2023-02-24 06:00:00,1964765.6485619189
2023-02-24 06:30:00,1964765.6485619189
2023-02-24 07:00:00,1964765.6485619189
2023-02-27 01:00:00,1964765.6485619189
2023-02-27 01:30:00,1964765.6485619189
2023-02-27 02:00:00,1964765.6485619189
2023-02-27 02:30:00,1964765.6485619189
2023-02-27 03:00:00,1964765.6485619189
2023-02-27 05:00:00,1964765.6485619189
2023-02-27 05:30:00,1964765.6485619189
2023-02-27 06:00:00,1964765.6485619189
2023-02-27 06:30:00,1964765.6485619189
2023-02-27 07:00:00,1964765.6485619189
2023-02-28 01:00:00,1964765.6485619189
2023-02-28 01:30:00,1964765.6485619189
2023-02-28 02:00:00,1972303.6592630316
2023-02-28 02:30:00,1972303.6592630316
2023-02-28 03:00:00,1972303.6592630316
2023-02-28 05:00:00,1972303.6592630316
2023-02-28 05:30:00,1972303.6592630316
2023-02-28 06:00:00,1972303.6592630316
2023-02-28 06:30:00,1972303.6592630316
2023-02-28 07:00:00,1972303.6592630316
2023-03-01 01:00:00,1972303.6592630316
2023-03-01 01:30:00,1972303.6592630316
2023-03-01 02:00:00,1972303.6592630316
2023-03-01 02:30:00,1972303.6592630316
2023-03-01 03:00:00,1972303.6592630316
2023-03-01 05:00:00,1972303.6592630316
2023-03-01 05:30:00,1972303.6592630316
2023-03-01 06:00:00,1972303.6592630316
2023-03-01 06:30:00,1972303.6592630316
2023-03-01 07:00:00,1972303.6592630316
2023-03-02 01:00:00,1972303.6592630316
2023-03-02 01:30:00,1972303.6592630316
2023-03-02 02:00:00,1972303.6592630316
2023-03-02 02:30:00,1976325.8878950404
2023-03-02 03:00:00,1976325.8878950404
2023-03-02 05:00:00,1976325.8878950404
2023-03-02 05:30:00,1976325.8878950404
2023-03-02 06:00:00,1976325.8878950404
2023-03-02 06:30:00,1976325.8878950404
2023-03-02 07:00:00,1976325.8878950404
2023-03-03 01:00:00,1976325.8878950404
2023-03-03 01:30:00,1976325.8878950404
2023-03-03 02:00:00,1976325.8878950404
2023-03-03 02:30:00,1976325.8878950404
2023-03-03 03:00:00,1976325.8878950404
2023-03-03 05:00:00,1976325.8878950404
2023-03-03 05:30:00,1975912.2372480435
2023-03-03 06:00:00,1975912.2372480435
2023-03-03 06:30:00,1975912.2372480435
2023-03-03 07:00:00,1975912.2372480435
2023-03-06 01:00:00,1975912.2372480435
2023-03-06 01:30:00,1975912.2372480435
2023-03-06 02:00:00,1975912.2372480435
2023-03-06 02:30:00,1975912.2372480435
2023-03-06 03:00:00,1975912.2372480435
2023-03-06 05:00:00,1975912.2372480435
2023-03-06 05:30:00,1960955.3878886884
2023-03-06 06:00:00,1960955.3878886884
2023-03-06 06:30:00,1960955.3878886884
2023-03-06 07:00:00,1960955.3878886884
2023-03-07 01:00:00,1960955.3878886884
2023-03-07 01:30:00,1960955.3878886884
2023-03-07 02:00:00,1960955.3878886884
2023-03-07 02:30:00,1960955.3878886884
2023-03-07 03:00:00,1960955.3878886884
2023-03-07 05:00:00,1960955.3878886884
2023-03-07 05:30:00,1960718.6158840358
2023-03-07 06:00:00,1960718.6158840358
2023-03-07 06:30:00,1960718.6158840358
2023-03-07 07:00:00,1960718.6158840358
2023-03-08 01:00:00,1960718.6158840358
2023-03-08 01:30:00,1960718.6158840358
2023-03-08 02:00:00,1960718.6158840358
2023-03-08 02:30:00,1952752.9125890394
2023-03-08 03:00:00,1952752.9125890394
2023-03-08 05:00:00,1952752.9125890394
2023-03-08 05:30:00,1952752.9125890394
2023-03-08 06:00:00,1953459.9872479974
2023-03-08 06:30:00,1953459.9872479974
2023-03-08 07:00:00,1953459.9872479974
2023-03-09 01:00:00,1953459.9872479974
2023-03-09 01:30:00,1953459.9872479974
2023-03-09 02:00:00,1953459.9872479974
2023-03-09 02:30:00,1953459.9872479974
2023-03-09 03:00:00,1953459.9872479974
2023-03-09 05:00:00,1953459.9872479974
2023-03-09 05:30:00,1953459.9872479974
2023-03-09 06:00:00,1953459.9872479974
2023-03-09 06:30:00,1953459.9872479974
2023-03-09 07:00:00,1953459.9872479974
2023-03-10 01:00:00,1953459.9872479974
2023-03-10 01:30:00,1953459.9872479974
2023-03-10 02:00:00,1953459.9872479974
2023-03-10 02:30:00,1953459.9872479974
2023-03-10 03:00:00,1953459.9872479974
2023-03-10 05:00:00,1953459.9872479974
2023-03-10 05:30:00,1953459.9872479974
2023-03-10 06:00:00,1953459.9872479974
2023-03-10 06:30:00,1953459.9872479974
2023-03-10 07:00:00,1953459.9872479974
2023-03-13 01:00:00,1953459.9872479974
2023-03-13 01:30:00,1953459.9872479974
2023-03-13 02:00:00,1953459.9872479974
2023-03-13 02:30:00,1953459.9872479974
2023-03-13 03:00:00,1953459.9872479974
2023-03-13 05:00:00,1953459.9872479974
2023-03-13 05:30:00,1953459.9872479974
2023-03-13 06:00:00,1953459.9872479974
2023-03-13 06:30:00,1973566.672589966
2023-03-13 07:00:00,1973566.672589966
2023-03-14 01:00:00,1973566.672589966
2023-03-14 01:30:00,1973566.672589966
2023-03-14 02:00:00,1973566.672589966
2023-03-14 02:30:00,1973566.672589966
2023-03-14 03:00:00,1973566.672589966
2023-03-14 05:00:00,1973566.672589966
2023-03-14 05:30:00,1973566.672589966
2023-03-14 06:00:00,1973566.672589966
2023-03-14 06:30:00,1973566.672589966
2023-03-14 07:00:00,1973566.672589966
2023-03-15 01:00:00,1973566.672589966
2023-03-15 01:30:00,1973566.672589966
2023-03-15 02:00:00,1973566.672589966
2023-03-15 02:30:00,1973566.672589966
2023-03-15 03:00:00,1973566.672589966
2023-03-15 05:00:00,1973566.672589966
2023-03-15 05:30:00,1973566.672589966
2023-03-15 06:00:00,1973566.672589966
2023-03-15 06:30:00,1973566.672589966
2023-03-15 07:00:00,1973047.1012807637
2023-03-16 01:00:00,1973047.1012807637
2023-03-16 01:30:00,1973047.1012807637
2023-03-16 02:00:00,1973047.1012807637
2023-03-16 02:30:00,1973047.1012807637
2023-03-16 03:00:00,1973047.1012807637
2023-03-16 05:00:00,1973047.1012807637
2023-03-16 05:30:00,1973047.1012807637
2023-03-16 06:00:00,1973047.1012807637
2023-03-16 06:30:00,1973047.1012807637
2023-03-16 07:00:00,1973047.1012807637
2023-03-17 01:00:00,1973047.1012807637
2023-03-17 01:30:00,1973047.1012807637
2023-03-17 02:00:00,1971497.1012807637
2023-03-17 02:30:00,1971497.1012807637
2023-03-17 03:00:00,1971497.1012807637
2023-03-17 05:00:00,1971497.1012807637
2023-03-17 05:30:00,1971497.1012807637
2023-03-17 06:00:00,1971497.1012807637
2023-03-17 06:30:00,1952376.539203931
2023-03-17 07:00:00,1952376.539203931
2023-03-20 01:00:00,1952376.539203931
2023-03-20 01:30:00,1952376.539203931
2023-03-20 02:00:00,1952376.539203931
2023-03-20 02:30:00,1942414.563612786
2023-03-20 03:00:00,1939785.092071672
2023-03-20 05:00:00,1929286.1569649684
2023-03-20 05:30:00,1929286.1569649684
2023-03-20 06:00:00,1929286.1569649684
2023-03-20 06:30:00,1929286.1569649684
2023-03-20 07:00:00,1929286.1569649684
2023-03-21 01:00:00,1929286.1569649684
2023-03-21 01:30:00,1929286.1569649684
2023-03-21 02:00:00,1929286.1569649684
2023-03-21 02:30:00,1929286.1569649684
2023-03-21 03:00:00,1929286.1569649684
2023-03-21 05:00:00,1929286.1569649684
2023-03-21 05:30:00,1930423.1593220162
2023-03-21 06:00:00,1931851.4272855846
2023-03-21 06:30:00,1931851.4272855846
2023-03-21 07:00:00,1931851.4272855846
2023-03-22 01:00:00,1931851.4272855846
2023-03-22 01:30:00,1931851.4272855846
2023-03-22 02:00:00,1931851.4272855846
2023-03-22 02:30:00,1931851.4272855846
2023-03-22 03:00:00,1931851.4272855846
2023-03-22 05:00:00,1939197.8024186986
2023-03-22 05:30:00,1939197.8024186986
2023-03-22 06:00:00,1939197.8024186986
2023-03-22 06:30:00,1936607.8658824945
2023-03-22 07:00:00,1936607.8658824945
2023-03-23 01:00:00,1936607.8658824945
2023-03-23 01:30:00,1936607.8658824945
2023-03-23 02:00:00,1936607.8658824945
2023-03-23 02:30:00,1936607.8658824945
2023-03-23 03:00:00,1936607.8658824945
2023-03-23 05:00:00,1936607.8658824945
2023-03-23 05:30:00,1936607.8658824945
2023-03-23 06:00:00,1934312.8729170621
2023-03-23 06:30:00,1934312.8729170621
2023-03-23 07:00:00,1934312.8729170621
2023-03-24 01:00:00,1934312.8729170621
2023-03-24 01:30:00,1934312.8729170621
2023-03-24 02:00:00,1934709.6869391934
2023-03-24 02:30:00,1934709.6869391934
2023-03-24 03:00:00,1934709.6869391934
2023-03-24 05:00:00,1934709.6869391934
2023-03-24 05:30:00,1934709.6869391934
2023-03-24 06:00:00,1934709.6869391934
2023-03-24 06:30:00,1933646.6540888073
2023-03-24 07:00:00,1933646.6540888073
2023-03-27 01:00:00,1933646.6540888073
2023-03-27 01:30:00,1933646.6540888073
2023-03-27 02:00:00,1938504.0384455926
2023-03-27 02:30:00,1938504.0384455926
2023-03-27 03:00:00,1938504.0384455926
2023-03-27 05:00:00,1957108.668732171
2023-03-27 05:30:00,1957108.668732171
2023-03-27 06:00:00,1957108.668732171
2023-03-27 06:30:00,1957108.668732171
2023-03-27 07:00:00,1957108.668732171
2023-03-28 01:00:00,1957108.668732171
2023-03-28 01:30:00,1957108.668732171
2023-03-28 02:00:00,1951888.668732171
2023-03-28 02:30:00,1951888.668732171
2023-03-28 03:00:00,1951888.668732171
2023-03-28 05:00:00,1951888.668732171
2023-03-28 05:30:00,1951199.288774256
2023-03-28 06:00:00,1951199.288774256
2023-03-28 06:30:00,1951199.288774256
2023-03-28 07:00:00,1951199.288774256
2023-03-29 01:00:00,1951199.288774256
2023-03-29 01:30:00,1951199.288774256
2023-03-29 02:00:00,1951199.288774256
2023-03-29 02:30:00,1951199.288774256
2023-03-29 03:00:00,1951199.288774256
2023-03-29 05:00:00,1951199.288774256
2023-03-29 05:30:00,1951199.288774256
2023-03-29 06:00:00,1950713.4524171727
2023-03-29 06:30:00,1950713.4524171727
2023-03-29 07:00:00,1950294.7803420401
2023-03-30 01:00:00,1950294.7803420401
2023-03-30 01:30:00,1953829.3509235082
2023-03-30 02:00:00,1953829.3509235082
2023-03-30 02:30:00,1953829.3509235082
2023-03-30 03:00:00,1953829.3509235082
2023-03-30 05:00:00,1953914.099644957
2023-03-30 05:30:00,1953914.099644957
2023-03-30 06:00:00,1953914.099644957
2023-03-30 06:30:00,1953914.099644957
2023-03-30 07:00:00,1953914.099644957
2023-03-31 01:00:00,1953914.099644957
2023-03-31 01:30:00,1953914.099644957
2023-03-31 02:00:00,1953914.099644957
2023-03-31 02:30:00,1953914.099644957
2023-03-31 03:00:00,1953425.5806391316
2023-03-31 05:00:00,1953425.5806391316
2023-03-31 05:30:00,1953586.423350051
2023-03-31 06:00:00,1953586.423350051
2023-03-31 06:30:00,1953586.423350051
2023-03-31 07:00:00,1953586.423350051
2023-04-03 01:00:00,1953586.423350051
2023-04-03 01:30:00,1953586.423350051
2023-04-03 02:00:00,1952651.0186325917
2023-04-03 02:30:00,1952651.0186325917
2023-04-03 03:00:00,1952651.0186325917
2023-04-03 05:00:00,1952651.0186325917
2023-04-03 05:30:00,1952651.0186325917
2023-04-03 06:00:00,1952651.0186325917
2023-04-03 06:30:00,1952651.0186325917
2023-04-03 07:00:00,1952651.0186325917
2023-04-04 01:00:00,1952651.0186325917
2023-04-04 01:30:00,1952651.0186325917
2023-04-04 02:00:00,1952651.0186325917
2023-04-04 02:30:00,1952651.0186325917
2023-04-04 03:00:00,1978458.2763456858
2023-04-04 05:00:00,1978458.2763456858
2023-04-04 05:30:00,1978458.2763456858
2023-04-04 06:00:00,1978458.2763456858
2023-04-04 06:30:00,1978458.2763456858
2023-04-04 07:00:00,1978458.2763456858
2023-04-06 01:00:00,1978458.2763456858
2023-04-06 01:30:00,1978361.7631493853
2023-04-06 02:00:00,1978361.7631493853
2023-04-06 02:30:00,1978361.7631493853
2023-04-06 03:00:00,1978361.7631493853
2023-04-06 05:00:00,1990888.021717914
2023-04-06 05:30:00,1990888.021717914
2023-04-06 06:00:00,1991338.2126943702
2023-04-06 06:30:00,1991338.2126943702
2023-04-06 07:00:00,1991338.2126943702
2023-04-07 01:00:00,1991338.2126943702
2023-04-07 01:30:00,1991338.2126943702
2023-04-07 02:00:00,1991338.2126943702
2023-04-07 02:30:00,1991338.2126943702
2023-04-07 03:00:00,1991338.2126943702
2023-04-07 05:00:00,1991338.2126943702
2023-04-07 05:30:00,1991338.2126943702
2023-04-07 06:00:00,1991338.2126943702
2023-04-07 06:30:00,1991338.2126943702
2023-04-07 07:00:00,1991338.2126943702
2023-04-10 01:00:00,1991338.2126943702
2023-04-10 01:30:00,1991338.2126943702
2023-04-10 02:00:00,1991338.2126943702
2023-04-10 02:30:00,1991338.2126943702
2023-04-10 03:00:00,1991338.2126943702
2023-04-10 05:00:00,1991338.2126943702
2023-04-10 05:30:00,1991338.2126943702
2023-04-10 06:00:00,1991338.2126943702
2023-04-10 06:30:00,1991338.2126943702
2023-04-10 07:00:00,1991338.2126943702
2023-04-11 01:00:00,1991338.2126943702
2023-04-11 01:30:00,1991338.2126943702
2023-04-11 02:00:00,1989425.5938608723
2023-04-11 02:30:00,1989425.5938608723
2023-04-11 03:00:00,1989425.5938608723
2023-04-11 05:00:00,1989425.5938608723
2023-04-11 05:30:00,1989425.5938608723
2023-04-11 06:00:00,1989425.5938608723
2023-04-11 06:30:00,1989425.5938608723
2023-04-11 07:00:00,1989425.5938608723
2023-04-12 01:00:00,1989425.5938608723
2023-04-12 01:30:00,1989425.5938608723
2023-04-12 02:00:00,1989425.5938608723
2023-04-12 02:30:00,1989425.5938608723
2023-04-12 03:00:00,1989425.5938608723
2023-04-12 05:00:00,1989425.5938608723
2023-04-12 05:30:00,1989425.5938608723
2023-04-12 06:00:00,1989425.5938608723
2023-04-12 06:30:00,1989425.5938608723
2023-04-12 07:00:00,1989425.5938608723
2023-04-13 01:00:00,1989425.5938608723
2023-04-13 01:30:00,1989425.5938608723
2023-04-13 02:00:00,1986905.6721505136
2023-04-13 02:30:00,1986905.6721505136
2023-04-13 03:00:00,1986905.6721505136
2023-04-13 05:00:00,1986905.6721505136
2023-04-13 05:30:00,1986905.6721505136
2023-04-13 06:00:00,1986905.6721505136
2023-04-13 06:30:00,1986905.6721505136
2023-04-13 07:00:00,1986905.6721505136
2023-04-14 01:00:00,1986905.6721505136
2023-04-14 01:30:00,1986905.6721505136
2023-04-14 02:00:00,1986905.6721505136
2023-04-14 02:30:00,1986905.6721505136
2023-04-14 03:00:00,1986905.6721505136
2023-04-14 05:00:00,1986905.6721505136
2023-04-14 05:30:00,1986905.6721505136
2023-04-14 06:00:00,1986905.6721505136
2023-04-14 06:30:00,1986905.6721505136
2023-04-14 07:00:00,1986905.6721505136
2023-04-17 01:00:00,1986905.6721505136
2023-04-17 01:30:00,1986905.6721505136
2023-04-17 02:00:00,1986905.6721505136
2023-04-17 02:30:00,1986905.6721505136
2023-04-17 03:00:00,1986905.6721505136
2023-04-17 05:00:00,1986905.6721505136
2023-04-17 05:30:00,1986905.6721505136
2023-04-17 06:00:00,1986905.6721505136
2023-04-17 06:30:00,1986905.6721505136
2023-04-17 07:00:00,1986905.6721505136
2023-04-18 01:00:00,1986905.6721505136
2023-04-18 01:30:00,1986905.6721505136
2023-04-18 02:00:00,1985386.7348105318
2023-04-18 02:30:00,1985638.294646922
2023-04-18 03:00:00,1985638.294646922
2023-04-18 05:00:00,1985638.294646922
2023-04-18 05:30:00,1985638.294646922
2023-04-18 06:00:00,1979976.3959288353
2023-04-18 06:30:00,1979976.3959288353
2023-04-18 07:00:00,1979976.3959288353
2023-04-19 01:00:00,1979976.3959288353
2023-04-19 01:30:00,1979976.3959288353
2023-04-19 02:00:00,1990081.4052069641
2023-04-19 02:30:00,1998316.6845017152
2023-04-19 03:00:00,1998316.6845017152
2023-04-19 05:00:00,1998316.6845017152
2023-04-19 05:30:00,1998316.6845017152
2023-04-19 06:00:00,1998316.6845017152
2023-04-19 06:30:00,1998316.6845017152
2023-04-19 07:00:00,1997930.0623393792
2023-04-20 01:00:00,1997930.0623393792
2023-04-20 01:30:00,1997930.0623393792
2023-04-20 02:00:00,1997930.0623393792
2023-04-20 02:30:00,1997930.0623393792
2023-04-20 03:00:00,1997930.0623393792
2023-04-20 05:00:00,1997540.8611354916
2023-04-20 05:30:00,1997540.8611354916
2023-04-20 06:00:00,1997540.8611354916
2023-04-20 06:30:00,1997540.8611354916
2023-04-20 07:00:00,1997540.8611354916
2023-04-21 01:00:00,1997540.8611354916
2023-04-21 01:30:00,2014807.7365962097
2023-04-21 02:00:00,2014807.7365962097
2023-04-21 02:30:00,2014807.7365962097
2023-04-21 03:00:00,2014807.7365962097
2023-04-21 05:00:00,2014807.7365962097
2023-04-21 05:30:00,2014807.7365962097
2023-04-21 06:00:00,2014807.7365962097
2023-04-21 06:30:00,2014807.7365962097
2023-04-21 07:00:00,2014807.7365962097
2023-04-24 01:00:00,2014807.7365962097
2023-04-24 01:30:00,2014807.7365962097
2023-04-24 02:00:00,2014807.7365962097
2023-04-24 02:30:00,2014807.7365962097
2023-04-24 03:00:00,2014807.7365962097
2023-04-24 05:00:00,2014807.7365962097
2023-04-24 05:30:00,2014807.7365962097
2023-04-24 06:00:00,2014807.7365962097
2023-04-24 06:30:00,2014807.7365962097
2023-04-24 07:00:00,2014807.7365962097
2023-04-25 01:00:00,2014807.7365962097
2023-04-25 01:30:00,2014807.7365962097
2023-04-25 02:00:00,2014807.7365962097
2023-04-25 02:30:00,2014807.7365962097
2023-04-25 03:00:00,2015741.583612117
2023-04-25 05:00:00,2015741.583612117
2023-04-25 05:30:00,2015741.583612117
2023-04-25 06:00:00,2016137.052903837
2023-04-25 06:30:00,2016137.052903837
2023-04-25 07:00:00,2016137.052903837
2023-04-26 01:00:00,2016137.052903837
2023-04-26 01:30:00,2016137.052903837
2023-04-26 02:00:00,2016137.052903837
2023-04-26 02:30:00,2015731.5914947835
2023-04-26 03:00:00,2015731.5914947835
2023-04-26 05:00:00,2015731.5914947835
2023-04-26 05:30:00,2015731.5914947835
2023-04-26 06:00:00,2015731.5914947835
2023-04-26 06:30:00,2015731.5914947835
2023-04-26 07:00:00,2015731.5914947835
2023-04-27 01:00:00,2015731.5914947835
2023-04-27 01:30:00,2015731.5914947835
2023-04-27 02:00:00,2015731.5914947835
2023-04-27 02:30:00,2015731.5914947835
2023-04-27 03:00:00,2015731.5914947835
2023-04-27 05:00:00,2015731.5914947835
2023-04-27 05:30:00,2015731.5914947835
2023-04-27 06:00:00,2015731.5914947835
2023-04-27 06:30:00,2015731.5914947835
2023-04-27 07:00:00,2015731.5914947835
2023-04-28 01:00:00,2015731.5914947835
2023-04-28 01:30:00,2015731.5914947835
2023-04-28 02:00:00,2015731.5914947835
2023-04-28 02:30:00,2015731.5914947835
2023-04-28 03:00:00,2015731.5914947835
2023-04-28 05:00:00,2015731.5914947835
2023-04-28 05:30:00,2015731.5914947835
2023-04-28 06:00:00,2015731.5914947835
2023-04-28 06:30:00,2015731.5914947835
2023-04-28 07:00:00,2015731.5914947835
2023-05-04 01:00:00,2015731.5914947835
2023-05-04 01:30:00,2015731.5914947835
2023-05-04 02:00:00,2015731.5914947835
2023-05-04 02:30:00,2015731.5914947835
2023-05-04 03:00:00,2015731.5914947835
2023-05-04 05:00:00,2015731.5914947835
2023-05-04 05:30:00,2015731.5914947835
2023-05-04 06:00:00,2015731.5914947835
2023-05-04 06:30:00,2015731.5914947835
2023-05-04 07:00:00,2015731.5914947835
2023-05-05 01:00:00,2015731.5914947835
2023-05-05 01:30:00,2015731.5914947835
2023-05-05 02:00:00,2015731.5914947835
2023-05-05 02:30:00,2015731.5914947835
2023-05-05 03:00:00,2015731.5914947835
2023-05-05 05:00:00,2015731.5914947835
2023-05-05 05:30:00,2015731.5914947835
2023-05-05 06:00:00,2017961.0540127426
2023-05-05 06:30:00,2017961.0540127426
2023-05-05 07:00:00,2017961.0540127426
2023-05-08 01:00:00,2017961.0540127426
2023-05-08 01:30:00,2016079.0456861958
2023-05-08 02:00:00,2010662.2119468425
2023-05-08 02:30:00,2010662.2119468425
2023-05-08 03:00:00,2010662.2119468425
2023-05-08 05:00:00,2010662.2119468425
2023-05-08 05:30:00,2010662.2119468425
2023-05-08 06:00:00,2010662.2119468425
2023-05-08 06:30:00,2010662.2119468425
2023-05-08 07:00:00,2010662.2119468425
2023-05-09 01:00:00,2010662.2119468425
2023-05-09 01:30:00,2010662.2119468425
2023-05-09 02:00:00,2006646.5265052402
2023-05-09 02:30:00,2006646.5265052402
2023-05-09 03:00:00,2006646.5265052402
2023-05-09 05:00:00,2006646.5265052402
2023-05-09 05:30:00,2006646.5265052402
2023-05-09 06:00:00,2006646.5265052402
2023-05-09 06:30:00,2006646.5265052402
2023-05-09 07:00:00,2006646.5265052402
2023-05-10 01:00:00,2006646.5265052402
2023-05-10 01:30:00,2004199.7600886247
2023-05-10 02:00:00,2004199.7600886247
2023-05-10 02:30:00,2004199.7600886247
2023-05-10 03:00:00,2004199.7600886247
2023-05-10 05:00:00,2004199.7600886247
2023-05-10 05:30:00,2007694.9100179386
2023-05-10 06:00:00,2007694.9100179386
2023-05-10 06:30:00,2007694.9100179386
2023-05-10 07:00:00,2007694.9100179386
2023-05-11 01:00:00,2007694.9100179386
2023-05-11 01:30:00,2007694.9100179386
2023-05-11 02:00:00,2007694.9100179386
2023-05-11 02:30:00,2007694.9100179386
2023-05-11 03:00:00,2007694.9100179386
2023-05-11 05:00:00,2007694.9100179386
2023-05-11 05:30:00,2007694.9100179386
2023-05-11 06:00:00,2007694.9100179386
2023-05-11 06:30:00,2007694.9100179386
2023-05-11 07:00:00,2007694.9100179386
2023-05-12 01:00:00,2007694.9100179386
2023-05-12 01:30:00,2007694.9100179386
2023-05-12 02:00:00,2007694.9100179386
2023-05-12 02:30:00,2007694.9100179386
2023-05-12 03:00:00,2007694.9100179386
2023-05-12 05:00:00,2007694.9100179386
2023-05-12 05:30:00,2007694.9100179386
2023-05-12 06:00:00,2007694.9100179386
2023-05-12 06:30:00,2007694.9100179386
2023-05-12 07:00:00,2007694.9100179386
2023-05-15 01:00:00,2007694.9100179386
2023-05-15 01:30:00,2007694.9100179386
2023-05-15 02:00:00,2007694.9100179386
2023-05-15 02:30:00,2007694.9100179386
2023-05-15 03:00:00,2007694.9100179386
2023-05-15 05:00:00,2007694.9100179386
2023-05-15 05:30:00,2007694.9100179386
2023-05-15 06:00:00,2030805.4201096399
2023-05-15 06:30:00,2030805.4201096399
2023-05-15 07:00:00,2030805.4201096399
2023-05-16 01:00:00,2030805.4201096399
2023-05-16 01:30:00,2030805.4201096399
2023-05-16 02:00:00,2030805.4201096399
2023-05-16 02:30:00,2030805.4201096399
2023-05-16 03:00:00,2030805.4201096399
2023-05-16 05:00:00,2030805.4201096399
2023-05-16 05:30:00,2030805.4201096399
2023-05-16 06:00:00,2030805.4201096399
2023-05-16 06:30:00,2030805.4201096399
2023-05-16 07:00:00,2030805.4201096399
2023-05-17 01:00:00,2030805.4201096399
2023-05-17 01:30:00,2030805.4201096399
2023-05-17 02:00:00,2030805.4201096399
2023-05-17 02:30:00,2030805.4201096399
2023-05-17 03:00:00,2030805.4201096399
2023-05-17 05:00:00,2030805.4201096399
2023-05-17 05:30:00,2030805.4201096399
2023-05-17 06:00:00,2030805.4201096399
2023-05-17 06:30:00,2030805.4201096399
2023-05-17 07:00:00,2030805.4201096399
2023-05-18 01:00:00,2030805.4201096399
2023-05-18 01:30:00,2030805.4201096399
2023-05-18 02:00:00,2030805.4201096399
2023-05-18 02:30:00,2030805.4201096399
2023-05-18 03:00:00,2030805.4201096399
2023-05-18 05:00:00,2030805.4201096399
2023-05-18 05:30:00,2030805.4201096399
2023-05-18 06:00:00,2030805.4201096399
2023-05-18 06:30:00,2029099.45415689
2023-05-18 07:00:00,2029099.45415689
2023-05-19 01:00:00,2029099.45415689
2023-05-19 01:30:00,2026735.342915051
2023-05-19 02:00:00,2026735.342915051
2023-05-19 02:30:00,2026735.342915051
2023-05-19 03:00:00,2011155.149331778
2023-05-19 05:00:00,2011155.149331778
2023-05-19 05:30:00,2011155.149331778
2023-05-19 06:00:00,2003258.48616393
2023-05-19 06:30:00,2003258.48616393
2023-05-19 07:00:00,2003258.48616393
2023-05-22 01:00:00,2003258.48616393
2023-05-22 01:30:00,2003258.48616393
2023-05-22 02:00:00,2003258.48616393
2023-05-22 02:30:00,2003258.48616393
2023-05-22 03:00:00,2003258.48616393
2023-05-22 05:00:00,2002622.5219944862
2023-05-22 05:30:00,2002622.5219944862
2023-05-22 06:00:00,2002622.5219944862
2023-05-22 06:30:00,2002622.5219944862
2023-05-22 07:00:00,2002622.5219944862
2023-05-23 01:00:00,2002622.5219944862
2023-05-23 01:30:00,2006614.3355485857
2023-05-23 02:00:00,2006614.3355485857
2023-05-23 02:30:00,2006614.3355485857
2023-05-23 03:00:00,2006614.3355485857
2023-05-23 05:00:00,2006614.3355485857
2023-05-23 05:30:00,2006614.3355485857
2023-05-23 06:00:00,2006614.3355485857
2023-05-23 06:30:00,2006614.3355485857
2023-05-23 07:00:00,2006614.3355485857
2023-05-24 01:00:00,2006614.3355485857
2023-05-24 01:30:00,2006614.3355485857
2023-05-24 02:00:00,2006614.3355485857
2023-05-24 02:30:00,2006614.3355485857
2023-05-24 03:00:00,2003870.882180548
2023-05-24 05:00:00,2003870.882180548
2023-05-24 05:30:00,2003870.882180548
2023-05-24 06:00:00,2003870.882180548
2023-05-24 06:30:00,2003870.882180548
2023-05-24 07:00:00,2003870.882180548
2023-05-25 01:00:00,2003870.882180548
2023-05-25 01:30:00,2003870.882180548
2023-05-25 02:00:00,2003870.882180548
2023-05-25 02:30:00,2003870.882180548
2023-05-25 03:00:00,2003870.882180548
2023-05-25 05:00:00,2003870.882180548
2023-05-25 05:30:00,2003870.882180548
2023-05-25 06:00:00,2003870.882180548
2023-05-25 06:30:00,2003870.882180548
2023-05-25 07:00:00,2003870.882180548
2023-05-26 01:00:00,2003870.882180548
2023-05-26 01:30:00,2008837.3484304433
2023-05-26 02:00:00,2008837.3484304433
2023-05-26 02:30:00,2008837.3484304433
2023-05-26 03:00:00,2008837.3484304433
2023-05-26 05:00:00,2008837.3484304433
2023-05-26 05:30:00,2050217.2546192936
2023-05-26 06:00:00,2050217.2546192936
2023-05-26 06:30:00,2050217.2546192936
2023-05-26 07:00:00,2050217.2546192936
2023-05-29 01:00:00,2050217.2546192936
2023-05-29 01:30:00,2050217.2546192936
2023-05-29 02:00:00,2050217.2546192936
2023-05-29 02:30:00,2050217.2546192936
2023-05-29 03:00:00,2050217.2546192936
2023-05-29 05:00:00,2050217.2546192936
2023-05-29 05:30:00,2045251.9278866996
2023-05-29 06:00:00,2045251.9278866996
2023-05-29 06:30:00,2045251.9278866996
2023-05-29 07:00:00,2045251.9278866996
2023-05-30 01:00:00,2045251.9278866996
2023-05-30 01:30:00,2045251.9278866996
2023-05-30 02:00:00,2045251.9278866996
2023-05-30 02:30:00,2045251.9278866996
2023-05-30 03:00:00,2045251.9278866996
2023-05-30 05:00:00,2045251.9278866996
2023-05-30 05:30:00,2045251.9278866996
2023-05-30 06:00:00,2045251.9278866996
2023-05-30 06:30:00,2045251.9278866996
2023-05-30 07:00:00,2045251.9278866996
2023-05-31 01:00:00,2045251.9278866996
2023-05-31 01:30:00,2045251.9278866996
2023-05-31 02:00:00,2045251.9278866996
2023-05-31 02:30:00,2045251.9278866996
2023-05-31 03:00:00,2045251.9278866996
2023-05-31 05:00:00,2036767.5052006855
2023-05-31 05:30:00,2027024.188092677
2023-05-31 06:00:00,2027024.188092677
2023-05-31 06:30:00,2027024.188092677
2023-05-31 07:00:00,2027024.188092677
2023-06-01 01:00:00,2027024.188092677
2023-06-01 01:30:00,2027024.188092677
2023-06-01 02:00:00,2027024.188092677
2023-06-01 02:30:00,2027024.188092677
2023-06-01 03:00:00,2027024.188092677
2023-06-01 05:00:00,2027024.188092677
2023-06-01 05:30:00,2027024.188092677
2023-06-01 06:00:00,2027024.188092677
2023-06-01 06:30:00,2016223.5776735113
2023-06-01 07:00:00,2016223.5776735113
2023-06-02 01:00:00,2016223.5776735113
2023-06-02 01:30:00,2016223.5776735113
2023-06-02 02:00:00,2016223.5776735113
2023-06-02 02:30:00,2016223.5776735113
2023-06-02 03:00:00,2016223.5776735113
2023-06-02 05:00:00,2016223.5776735113
2023-06-02 05:30:00,2017739.8191145954
2023-06-02 06:00:00,2017739.8191145954
2023-06-02 06:30:00,2017739.8191145954
2023-06-02 07:00:00,2017739.8191145954
2023-06-05 01:00:00,2017739.8191145954
2023-06-05 01:30:00,2017739.8191145954
2023-06-05 02:00:00,2017739.8191145954
2023-06-05 02:30:00,2017739.8191145954
2023-06-05 03:00:00,2017739.8191145954
2023-06-05 05:00:00,2017739.8191145954
2023-06-05 05:30:00,2017739.8191145954
2023-06-05 06:00:00,2017739.8191145954
2023-06-05 06:30:00,2017739.8191145954
2023-06-05 07:00:00,2017739.8191145954
2023-06-06 01:00:00,2017739.8191145954
2023-06-06 01:30:00,2017739.8191145954
2023-06-06 02:00:00,2017739.8191145954
2023-06-06 02:30:00,2017739.8191145954
2023-06-06 03:00:00,2017739.8191145954
2023-06-06 05:00:00,2017739.8191145954
2023-06-06 05:30:00,2009956.6909146023
2023-06-06 06:00:00,2009956.6909146023
2023-06-06 06:30:00,2009956.6909146023
2023-06-06 07:00:00,2009956.6909146023
2023-06-07 01:00:00,2009956.6909146023
2023-06-07 01:30:00,2009956.6909146023
2023-06-07 02:00:00,2009956.6909146023
2023-06-07 02:30:00,2009956.6909146023
2023-06-07 03:00:00,2009956.6909146023
2023-06-07 05:00:00,2009956.6909146023
2023-06-07 05:30:00,2009956.6909146023
2023-06-07 06:00:00,2010423.4780480005
2023-06-07 06:30:00,2010423.4780480005
2023-06-07 07:00:00,2010423.4780480005
2023-06-08 01:00:00,2010423.4780480005
2023-06-08 01:30:00,2010423.4780480005
2023-06-08 02:00:00,2010423.4780480005
2023-06-08 02:30:00,2010423.4780480005
2023-06-08 03:00:00,2010423.4780480005
2023-06-08 05:00:00,2010423.4780480005
2023-06-08 05:30:00,2010423.4780480005
2023-06-08 06:00:00,2010423.4780480005
2023-06-08 06:30:00,2010423.4780480005
2023-06-08 07:00:00,2010423.4780480005
2023-06-09 01:00:00,2010423.4780480005
2023-06-09 01:30:00,2010027.1383556088
2023-06-09 02:00:00,2010027.1383556088
2023-06-09 02:30:00,2010027.1383556088
2023-06-09 03:00:00,2010027.1383556088
2023-06-09 05:00:00,2010027.1383556088
2023-06-09 05:30:00,2010027.1383556088
2023-06-09 06:00:00,2010027.1383556088
2023-06-09 06:30:00,2010027.1383556088
2023-06-09 07:00:00,2010027.1383556088
2023-06-12 01:00:00,2010027.1383556088
2023-06-12 01:30:00,2010027.1383556088
2023-06-12 02:00:00,2010027.1383556088
2023-06-12 02:30:00,2010027.1383556088
2023-06-12 03:00:00,2010027.1383556088
2023-06-12 05:00:00,2011126.3866995773
2023-06-12 05:30:00,2011126.3866995773
2023-06-12 06:00:00,2011126.3866995773
2023-06-12 06:30:00,2011126.3866995773
2023-06-12 07:00:00,2011126.3866995773
2023-06-13 01:00:00,2011126.3866995773
2023-06-13 01:30:00,2011126.3866995773
2023-06-13 02:00:00,2011126.3866995773
2023-06-13 02:30:00,2006194.1591303446
2023-06-13 03:00:00,2006194.1591303446
2023-06-13 05:00:00,2006194.1591303446
2023-06-13 05:30:00,2006194.1591303446
2023-06-13 06:00:00,2006194.1591303446
2023-06-13 06:30:00,2007403.2912989613
2023-06-13 07:00:00,2007403.2912989613
2023-06-14 01:00:00,2007403.2912989613
2023-06-14 01:30:00,2008047.5541521292
2023-06-14 02:00:00,2008047.5541521292
2023-06-14 02:30:00,2008047.5541521292
2023-06-14 03:00:00,2008047.5541521292
2023-06-14 05:00:00,2008047.5541521292
2023-06-14 05:30:00,2008354.8935255187
2023-06-14 06:00:00,2019412.2066800632
2023-06-14 06:30:00,2019412.2066800632
2023-06-14 07:00:00,2019412.2066800632
2023-06-15 01:00:00,2019412.2066800632
2023-06-15 01:30:00,2019412.2066800632
2023-06-15 02:00:00,2019412.2066800632
2023-06-15 02:30:00,2019412.2066800632
2023-06-15 03:00:00,2019412.2066800632
2023-06-15 05:00:00,2019412.2066800632
2023-06-15 05:30:00,2019412.2066800632
2023-06-15 06:00:00,2019412.2066800632
2023-06-15 06:30:00,2019412.2066800632
2023-06-15 07:00:00,2019412.2066800632
2023-06-16 01:00:00,2019412.2066800632
2023-06-16 01:30:00,2019412.2066800632
2023-06-16 02:00:00,2019412.2066800632
2023-06-16 02:30:00,2019412.2066800632
2023-06-16 03:00:00,2019412.2066800632
2023-06-16 05:00:00,2019412.2066800632
2023-06-16 05:30:00,2019412.2066800632
2023-06-16 06:00:00,2019412.2066800632
2023-06-16 06:30:00,2019412.2066800632
2023-06-16 07:00:00,2019412.2066800632
2023-06-19 01:00:00,2019412.2066800632
2023-06-19 01:30:00,2019412.2066800632
2023-06-19 02:00:00,2019412.2066800632
2023-06-19 02:30:00,2019412.2066800632
2023-06-19 03:00:00,2019412.2066800632
2023-06-19 05:00:00,2019412.2066800632
2023-06-19 05:30:00,2019412.2066800632
2023-06-19 06:00:00,2019412.2066800632
2023-06-19 06:30:00,2019412.2066800632
2023-06-19 07:00:00,2019412.2066800632
2023-06-20 01:00:00,2019412.2066800632
2023-06-20 01:30:00,2019412.2066800632
2023-06-20 02:00:00,2019412.2066800632
2023-06-20 02:30:00,2019412.2066800632
2023-06-20 03:00:00,2019412.2066800632
2023-06-20 05:00:00,2019412.2066800632
2023-06-20 05:30:00,2019412.2066800632
2023-06-20 06:00:00,2019412.2066800632
2023-06-20 06:30:00,2019412.2066800632
2023-06-20 07:00:00,2019412.2066800632
2023-06-21 01:00:00,2019412.2066800632
2023-06-21 01:30:00,2019412.2066800632
2023-06-21 02:00:00,2019412.2066800632
2023-06-21 02:30:00,2019412.2066800632
2023-06-21 03:00:00,2019412.2066800632
2023-06-21 05:00:00,2019412.2066800632
2023-06-21 05:30:00,2019412.2066800632
2023-06-21 06:00:00,2019412.2066800632
2023-06-21 06:30:00,2019412.2066800632
2023-06-21 07:00:00,2019412.2066800632
2023-06-26 01:00:00,2019412.2066800632
2023-06-26 01:30:00,2019412.2066800632
2023-06-26 02:00:00,2019412.2066800632
2023-06-26 02:30:00,2019412.2066800632
2023-06-26 03:00:00,2019412.2066800632
2023-06-26 05:00:00,2019412.2066800632
2023-06-26 05:30:00,2019412.2066800632
2023-06-26 06:00:00,2019412.2066800632
2023-06-26 06:30:00,2019412.2066800632
2023-06-26 07:00:00,2019412.2066800632
2023-06-27 01:00:00,2019412.2066800632
2023-06-27 01:30:00,2019412.2066800632
2023-06-27 02:00:00,2019412.2066800632
2023-06-27 02:30:00,2019412.2066800632
2023-06-27 03:00:00,2019412.2066800632
2023-06-27 05:00:00,2019412.2066800632
2023-06-27 05:30:00,2032615.5287563466
2023-06-27 06:00:00,2032615.5287563466
2023-06-27 06:30:00,2032615.5287563466
2023-06-27 07:00:00,2032615.5287563466
2023-06-28 01:00:00,2032615.5287563466
2023-06-28 01:30:00,2032615.5287563466
2023-06-28 02:00:00,2032615.5287563466
2023-06-28 02:30:00,2032615.5287563466
2023-06-28 03:00:00,2032615.5287563466
2023-06-28 05:00:00,2032615.5287563466
2023-06-28 05:30:00,2032615.5287563466
2023-06-28 06:00:00,2032615.5287563466
2023-06-28 06:30:00,2032615.5287563466
2023-06-28 07:00:00,2032615.5287563466
2023-06-29 01:00:00,2032615.5287563466
2023-06-29 01:30:00,2032615.5287563466
2023-06-29 02:00:00,2032129.4367465351
2023-06-29 02:30:00,2032129.4367465351
2023-06-29 03:00:00,2032129.4367465351
2023-06-29 05:00:00,2032129.4367465351
2023-06-29 05:30:00,2032129.4367465351
2023-06-29 06:00:00,2032129.4367465351
2023-06-29 06:30:00,2032129.4367465351
2023-06-29 07:00:00,2032129.4367465351
2023-06-30 01:00:00,2032129.4367465351
2023-06-30 01:30:00,2032129.4367465351
2023-06-30 02:00:00,2032129.4367465351
2023-06-30 02:30:00,2032129.4367465351
2023-06-30 03:00:00,2032129.4367465351
2023-06-30 05:00:00,2032129.4367465351
2023-06-30 05:30:00,2032129.4367465351
2023-06-30 06:00:00,2032129.4367465351
2023-06-30 06:30:00,2032129.4367465351
2023-06-30 07:00:00,2032129.4367465351
2023-07-03 01:00:00,2032129.4367465351
2023-07-03 01:30:00,2032129.4367465351
2023-07-03 02:00:00,2034298.7540609415
2023-07-03 02:30:00,2034298.7540609415
2023-07-03 03:00:00,2034298.7540609415
2023-07-03 05:00:00,2034298.7540609415
2023-07-03 05:30:00,2034298.7540609415
2023-07-03 06:00:00,2034298.7540609415
2023-07-03 06:30:00,2034298.7540609415
2023-07-03 07:00:00,2034298.7540609415
2023-07-04 01:00:00,2034298.7540609415
2023-07-04 01:30:00,2034298.7540609415
2023-07-04 02:00:00,2034298.7540609415
2023-07-04 02:30:00,2034298.7540609415
2023-07-04 03:00:00,2034298.7540609415
2023-07-04 05:00:00,2034298.7540609415
2023-07-04 05:30:00,2034298.7540609415
2023-07-04 06:00:00,2034298.7540609415
2023-07-04 06:30:00,2034298.7540609415
2023-07-04 07:00:00,2034298.7540609415
2023-07-05 01:00:00,2034298.7540609415
2023-07-05 01:30:00,2034298.7540609415
2023-07-05 02:00:00,2034298.7540609415
2023-07-05 02:30:00,2034298.7540609415
2023-07-05 03:00:00,2034298.7540609415
2023-07-05 05:00:00,2034298.7540609415
2023-07-05 05:30:00,2034298.7540609415
2023-07-05 06:00:00,2034298.7540609415
2023-07-05 06:30:00,2034298.7540609415
2023-07-05 07:00:00,2034298.7540609415
2023-07-06 01:00:00,2034298.7540609415
2023-07-06 01:30:00,2034298.7540609415
2023-07-06 02:00:00,2034298.7540609415
2023-07-06 02:30:00,2028298.7540609415
2023-07-06 03:00:00,2028298.7540609415
2023-07-06 05:00:00,2023353.6248098514
2023-07-06 05:30:00,2023353.6248098514
2023-07-06 06:00:00,2021721.7886845055
2023-07-06 06:30:00,2021721.7886845055
2023-07-06 07:00:00,2021721.7886845055
2023-07-07 01:00:00,2021721.7886845055
2023-07-07 01:30:00,2021721.7886845055
2023-07-07 02:00:00,2021721.7886845055
2023-07-07 02:30:00,2021721.7886845055
2023-07-07 03:00:00,2021721.7886845055
2023-07-07 05:00:00,2021721.7886845055
2023-07-07 05:30:00,2014159.3070260868
2023-07-07 06:00:00,2014159.3070260868
2023-07-07 06:30:00,2014159.3070260868
2023-07-07 07:00:00,2014159.3070260868
2023-07-10 01:00:00,2014159.3070260868
2023-07-10 01:30:00,2014159.3070260868
2023-07-10 02:00:00,2014159.3070260868
2023-07-10 02:30:00,2014159.3070260868
2023-07-10 03:00:00,2014159.3070260868
2023-07-10 05:00:00,2014159.3070260868
2023-07-10 05:30:00,2014159.3070260868
2023-07-10 06:00:00,2014159.3070260868
2023-07-10 06:30:00,2014159.3070260868
2023-07-10 07:00:00,2014159.3070260868
2023-07-11 01:00:00,2014159.3070260868
2023-07-11 01:30:00,2014159.3070260868
2023-07-11 02:00:00,2014159.3070260868
2023-07-11 02:30:00,2014159.3070260868
2023-07-11 03:00:00,2014159.3070260868
2023-07-11 05:00:00,2014159.3070260868
2023-07-11 05:30:00,2014159.3070260868
2023-07-11 06:00:00,2014159.3070260868
2023-07-11 06:30:00,2014159.3070260868
2023-07-11 07:00:00,2014052.236263118
2023-07-12 01:00:00,2014052.236263118
2023-07-12 01:30:00,2014052.236263118
2023-07-12 02:00:00,2014052.236263118
2023-07-12 02:30:00,2006954.7093236453
2023-07-12 03:00:00,2006954.7093236453
2023-07-12 05:00:00,2006954.7093236453
2023-07-12 05:30:00,2001344.805038849
2023-07-12 06:00:00,2001344.805038849
2023-07-12 06:30:00,2001344.805038849
2023-07-12 07:00:00,2001344.805038849
2023-07-13 01:00:00,2001344.805038849
2023-07-13 01:30:00,2000846.0562265178
2023-07-13 02:00:00,2000846.0562265178
2023-07-13 02:30:00,1993686.0562265178
2023-07-13 03:00:00,1993686.0562265178
2023-07-13 05:00:00,1993686.0562265178
2023-07-13 05:30:00,1986430.5963051352
2023-07-13 06:00:00,1986430.5963051352
2023-07-13 06:30:00,1985992.0378991326
2023-07-13 07:00:00,1985992.0378991326
2023-07-14 01:00:00,1985992.0378991326
2023-07-14 01:30:00,1985992.0378991326
2023-07-14 02:00:00,1985992.0378991326
2023-07-14 02:30:00,1985992.0378991326
2023-07-14 03:00:00,1985992.0378991326
2023-07-14 05:00:00,1985992.0378991326
2023-07-14 05:30:00,1985992.0378991326
2023-07-14 06:00:00,1985992.0378991326
2023-07-14 06:30:00,1985992.0378991326
2023-07-14 07:00:00,1985992.0378991326
2023-07-17 01:00:00,1985992.0378991326
2023-07-17 01:30:00,1985992.0378991326
2023-07-17 02:00:00,1985992.0378991326
2023-07-17 02:30:00,1985992.0378991326
2023-07-17 03:00:00,1985992.0378991326
2023-07-17 05:00:00,1985992.0378991326
2023-07-17 05:30:00,1985992.0378991326
2023-07-17 06:00:00,1985992.0378991326
2023-07-17 06:30:00,1985992.0378991326
2023-07-17 07:00:00,1985992.0378991326
2023-07-18 01:00:00,1985992.0378991326
2023-07-18 01:30:00,1991175.7079180437
2023-07-18 02:00:00,1991175.7079180437
2023-07-18 02:30:00,1991175.7079180437
2023-07-18 03:00:00,1991175.7079180437
2023-07-18 05:00:00,1991175.7079180437
2023-07-18 05:30:00,1982874.239356454
2023-07-18 06:00:00,1982874.239356454
2023-07-18 06:30:00,1982874.239356454
2023-07-18 07:00:00,1982874.239356454
2023-07-19 01:00:00,1982874.239356454
2023-07-19 01:30:00,1982874.239356454
2023-07-19 02:00:00,1982874.239356454
2023-07-19 02:30:00,1982874.239356454
2023-07-19 03:00:00,1982874.239356454
2023-07-19 05:00:00,1982874.239356454
2023-07-19 05:30:00,1982874.239356454
2023-07-19 06:00:00,1982874.239356454
2023-07-19 06:30:00,1983385.064960731
2023-07-19 07:00:00,1983385.064960731
2023-07-20 01:00:00,1983385.064960731
2023-07-20 01:30:00,1983385.064960731
2023-07-20 02:00:00,1983385.064960731
2023-07-20 02:30:00,1983385.064960731
2023-07-20 03:00:00,1983385.064960731
2023-07-20 05:00:00,1983385.064960731
2023-07-20 05:30:00,1983385.064960731
2023-07-20 06:00:00,1983385.064960731
2023-07-20 06:30:00,1983385.064960731
2023-07-20 07:00:00,1983385.064960731
2023-07-21 01:00:00,1983385.064960731
2023-07-21 01:30:00,1983777.4570132692
2023-07-21 02:00:00,1983777.4570132692
2023-07-21 02:30:00,1973242.8364350141
2023-07-21 03:00:00,1973242.8364350141
2023-07-21 05:00:00,1973242.8364350141
2023-07-21 05:30:00,1966703.3262846002
2023-07-21 06:00:00,1966703.3262846002
2023-07-21 06:30:00,1966703.3262846002
2023-07-21 07:00:00,1966703.3262846002
2023-07-24 01:00:00,1966703.3262846002
2023-07-24 01:30:00,1960863.3262846002
2023-07-24 02:00:00,1960863.3262846002
2023-07-24 02:30:00,1960863.3262846002
2023-07-24 03:00:00,1960863.3262846002
2023-07-24 05:00:00,1960863.3262846002
2023-07-24 05:30:00,1960863.3262846002
2023-07-24 06:00:00,1960863.3262846002
2023-07-24 06:30:00,1960863.3262846002
2023-07-24 07:00:00,1960863.3262846002
2023-07-25 01:00:00,1960863.3262846002
2023-07-25 01:30:00,1960863.3262846002
2023-07-25 02:00:00,1960863.3262846002
2023-07-25 02:30:00,1948368.9936056861
2023-07-25 03:00:00,1948368.9936056861
2023-07-25 05:00:00,1948368.9936056861
2023-07-25 05:30:00,1948368.9936056861
2023-07-25 06:00:00,1948368.9936056861
2023-07-25 06:30:00,1948368.9936056861
2023-07-25 07:00:00,1948368.9936056861
2023-07-26 01:00:00,1948368.9936056861
2023-07-26 01:30:00,1948368.9936056861
2023-07-26 02:00:00,1948368.9936056861
2023-07-26 02:30:00,1948368.9936056861
2023-07-26 03:00:00,1946282.7753080223
2023-07-26 05:00:00,1946282.7753080223
2023-07-26 05:30:00,1939743.2183782167
2023-07-26 06:00:00,1939743.2183782167
2023-07-26 06:30:00,1939743.2183782167
2023-07-26 07:00:00,1939743.2183782167
2023-07-27 01:00:00,1939743.2183782167
2023-07-27 01:30:00,1937653.4176806011
2023-07-27 02:00:00,1937653.4176806011
2023-07-27 02:30:00,1937653.4176806011
2023-07-27 03:00:00,1937653.4176806011
2023-07-27 05:00:00,1937653.4176806011
2023-07-27 05:30:00,1937653.4176806011
2023-07-27 06:00:00,1937653.4176806011
2023-07-27 06:30:00,1943086.6865372518
2023-07-27 07:00:00,1943086.6865372518
2023-07-28 01:00:00,1943086.6865372518
2023-07-28 01:30:00,1943086.6865372518
2023-07-28 02:00:00,1942662.918820619
2023-07-28 02:30:00,1942662.918820619
2023-07-28 03:00:00,1942662.918820619
2023-07-28 05:00:00,1942662.918820619
2023-07-28 05:30:00,1942662.918820619
2023-07-28 06:00:00,1942662.918820619
2023-07-28 06:30:00,1942662.918820619
2023-07-28 07:00:00,1942662.918820619
2023-07-31 01:00:00,1942662.918820619
2023-07-31 01:30:00,1942662.918820619
2023-07-31 02:00:00,1942662.918820619
2023-07-31 02:30:00,1942662.918820619
2023-07-31 03:00:00,1942662.918820619
2023-07-31 05:00:00,1942662.918820619
2023-07-31 05:30:00,1960491.0961432764
2023-07-31 06:00:00,1960491.0961432764
2023-07-31 06:30:00,1960491.0961432764
2023-07-31 07:00:00,1960491.0961432764
2023-08-01 01:00:00,1960491.0961432764
2023-08-01 01:30:00,1960491.0961432764
2023-08-01 02:00:00,1960006.519933999
2023-08-01 02:30:00,1960006.519933999
2023-08-01 03:00:00,1960006.519933999
2023-08-01 05:00:00,1960006.519933999
2023-08-01 05:30:00,1960006.519933999
2023-08-01 06:00:00,1960006.519933999
2023-08-01 06:30:00,1960006.519933999
2023-08-01 07:00:00,1959843.3395718737
2023-08-02 01:00:00,1959843.3395718737
2023-08-02 01:30:00,1959843.3395718737
2023-08-02 02:00:00,1959843.3395718737
2023-08-02 02:30:00,1959843.3395718737
2023-08-02 03:00:00,1959843.3395718737
2023-08-02 05:00:00,1959843.3395718737
2023-08-02 05:30:00,1959843.3395718737
2023-08-02 06:00:00,1959843.3395718737
2023-08-02 06:30:00,1959843.3395718737
2023-08-02 07:00:00,1959843.3395718737
2023-08-03 01:00:00,1959843.3395718737
2023-08-03 01:30:00,1959843.3395718737
2023-08-03 02:00:00,1959843.3395718737
2023-08-03 02:30:00,1959843.3395718737
2023-08-03 03:00:00,1959843.3395718737
2023-08-03 05:00:00,1959843.3395718737
2023-08-03 05:30:00,1959843.3395718737
2023-08-03 06:00:00,1959843.3395718737
2023-08-03 06:30:00,1959843.3395718737
2023-08-03 07:00:00,1959843.3395718737
2023-08-04 01:00:00,1959843.3395718737
2023-08-04 01:30:00,1959843.3395718737
2023-08-04 02:00:00,1959843.3395718737
2023-08-04 02:30:00,1959843.3395718737
2023-08-04 03:00:00,1959843.3395718737
2023-08-04 05:00:00,1959843.3395718737
2023-08-04 05:30:00,1957575.3133424337
2023-08-04 06:00:00,1957575.3133424337
2023-08-04 06:30:00,1957575.3133424337
2023-08-04 07:00:00,1957575.3133424337
2023-08-07 01:00:00,1957575.3133424337
2023-08-07 01:30:00,1957575.3133424337
2023-08-07 02:00:00,1957575.3133424337
2023-08-07 02:30:00,1957575.3133424337
2023-08-07 03:00:00,1957575.3133424337
2023-08-07 05:00:00,1957575.3133424337
2023-08-07 05:30:00,1957575.3133424337
2023-08-07 06:00:00,1957575.3133424337
2023-08-07 06:30:00,1957575.3133424337
2023-08-07 07:00:00,1957575.3133424337
2023-08-08 01:00:00,1957575.3133424337
2023-08-08 01:30:00,1957575.3133424337
2023-08-08 02:00:00,1957575.3133424337
2023-08-08 02:30:00,1957575.3133424337
2023-08-08 03:00:00,1949651.3812379832
2023-08-08 05:00:00,1949651.3812379832
2023-08-08 05:30:00,1942778.9939938413
2023-08-08 06:00:00,1942778.9939938413
2023-08-08 06:30:00,1942778.9939938413
2023-08-08 07:00:00,1942778.9939938413
2023-08-09 01:00:00,1942778.9939938413
2023-08-09 01:30:00,1942778.9939938413
2023-08-09 02:00:00,1942778.9939938413
2023-08-09 02:30:00,1942778.9939938413
2023-08-09 03:00:00,1942778.9939938413
2023-08-09 05:00:00,1942778.9939938413
2023-08-09 05:30:00,1942778.9939938413
2023-08-09 06:00:00,1942778.9939938413
2023-08-09 06:30:00,1942778.9939938413
2023-08-09 07:00:00,1942778.9939938413
2023-08-10 01:00:00,1948879.0188165614
2023-08-10 01:30:00,1948879.0188165614
2023-08-10 02:00:00,1944253.2313752589
2023-08-10 02:30:00,1944253.2313752589
2023-08-10 03:00:00,1944253.2313752589
2023-08-10 05:00:00,1944253.2313752589
2023-08-10 05:30:00,1944253.2313752589
2023-08-10 06:00:00,1944253.2313752589
2023-08-10 06:30:00,1944253.2313752589
2023-08-10 07:00:00,1944253.2313752589
2023-08-11 01:00:00,1944253.2313752589
2023-08-11 01:30:00,1944253.2313752589
2023-08-11 02:00:00,1944253.2313752589
2023-08-11 02:30:00,1944253.2313752589
2023-08-11 03:00:00,1944253.2313752589
2023-08-11 05:00:00,1944253.2313752589
2023-08-11 05:30:00,1944253.2313752589
2023-08-11 06:00:00,1944253.2313752589
2023-08-11 06:30:00,1944253.2313752589
2023-08-11 07:00:00,1944253.2313752589
2023-08-14 01:00:00,1944253.2313752589
2023-08-14 01:30:00,1944253.2313752589
2023-08-14 02:00:00,1944253.2313752589
2023-08-14 02:30:00,1944253.2313752589
2023-08-14 03:00:00,1944253.2313752589
2023-08-14 05:00:00,1944253.2313752589
2023-08-14 05:30:00,1944253.2313752589
2023-08-14 06:00:00,1982034.4816749254
2023-08-14 06:30:00,1982034.4816749254
2023-08-14 07:00:00,1982034.4816749254
2023-08-15 01:00:00,1982034.4816749254
2023-08-15 01:30:00,1982034.4816749254
2023-08-15 02:00:00,1982034.4816749254
2023-08-15 02:30:00,1982034.4816749254
2023-08-15 03:00:00,1982034.4816749254
2023-08-15 05:00:00,1982034.4816749254
2023-08-15 05:30:00,1982034.4816749254
2023-08-15 06:00:00,1982034.4816749254
2023-08-15 06:30:00,1982034.4816749254
2023-08-15 07:00:00,1982034.4816749254
2023-08-16 01:00:00,1982034.4816749254
2023-08-16 01:30:00,1982034.4816749254
2023-08-16 02:00:00,1982034.4816749254
2023-08-16 02:30:00,1982034.4816749254
2023-08-16 03:00:00,1982034.4816749254
2023-08-16 05:00:00,1982034.4816749254
2023-08-16 05:30:00,1982034.4816749254
2023-08-16 06:00:00,1982034.4816749254
2023-08-16 06:30:00,1982034.4816749254
2023-08-16 07:00:00,1982034.4816749254
2023-08-17 01:00:00,1982034.4816749254
2023-08-17 01:30:00,1982034.4816749254
2023-08-17 02:00:00,1982034.4816749254
2023-08-17 02:30:00,1982034.4816749254
2023-08-17 03:00:00,1982034.4816749254
2023-08-17 05:00:00,1982034.4816749254
2023-08-17 05:30:00,1982034.4816749254
2023-08-17 06:00:00,1982034.4816749254
2023-08-17 06:30:00,1982034.4816749254
2023-08-17 07:00:00,1982034.4816749254
2023-08-18 01:00:00,1982034.4816749254
2023-08-18 01:30:00,1982034.4816749254
2023-08-18 02:00:00,1982034.4816749254
2023-08-18 02:30:00,1982034.4816749254
2023-08-18 03:00:00,1982034.4816749254
2023-08-18 05:00:00,1982034.4816749254
2023-08-18 05:30:00,1982034.4816749254
2023-08-18 06:00:00,1982034.4816749254
2023-08-18 06:30:00,1982034.4816749254
2023-08-18 07:00:00,1982034.4816749254
2023-08-21 01:00:00,1982034.4816749254
2023-08-21 01:30:00,1986994.4816749254
2023-08-21 02:00:00,1986994.4816749254
2023-08-21 02:30:00,1986994.4816749254
2023-08-21 03:00:00,1986994.4816749254
2023-08-21 05:00:00,1986994.4816749254
2023-08-21 05:30:00,1986994.4816749254
2023-08-21 06:00:00,1986994.4816749254
2023-08-21 06:30:00,1986994.4816749254
2023-08-21 07:00:00,1986994.4816749254
2023-08-22 01:00:00,1986994.4816749254
2023-08-22 01:30:00,1986994.4816749254
2023-08-22 02:00:00,1984306.414268634
2023-08-22 02:30:00,1984306.414268634
2023-08-22 03:00:00,1984306.414268634
2023-08-22 05:00:00,1984306.414268634
2023-08-22 05:30:00,1984306.414268634
2023-08-22 06:00:00,1984306.414268634
2023-08-22 06:30:00,1984306.414268634
2023-08-22 07:00:00,1984306.414268634
2023-08-23 01:00:00,1984306.414268634
2023-08-23 01:30:00,1984306.414268634
2023-08-23 02:00:00,1984306.414268634
2023-08-23 02:30:00,1984306.414268634
2023-08-23 03:00:00,1984306.414268634
2023-08-23 05:00:00,1984306.414268634
2023-08-23 05:30:00,1984306.414268634
2023-08-23 06:00:00,1983852.2748558586
2023-08-23 06:30:00,1983852.2748558586
2023-08-23 07:00:00,1983852.2748558586
2023-08-24 01:00:00,1983852.2748558586
2023-08-24 01:30:00,1983852.2748558586
2023-08-24 02:00:00,1983852.2748558586
2023-08-24 02:30:00,1983852.2748558586
2023-08-24 03:00:00,1983852.2748558586
2023-08-24 05:00:00,1983852.2748558586
2023-08-24 05:30:00,1983852.2748558586
2023-08-24 06:00:00,1983852.2748558586
2023-08-24 06:30:00,1983852.2748558586
2023-08-24 07:00:00,1983852.2748558586
2023-08-25 01:00:00,1981639.2977477463
2023-08-25 01:30:00,1981639.2977477463
2023-08-25 02:00:00,1981639.2977477463
2023-08-25 02:30:00,1981639.2977477463
2023-08-25 03:00:00,1981639.2977477463
2023-08-25 05:00:00,1981639.2977477463
2023-08-25 05:30:00,1981639.2977477463
2023-08-25 06:00:00,1981639.2977477463
2023-08-25 06:30:00,1981639.2977477463
2023-08-25 07:00:00,1981639.2977477463
2023-08-28 01:00:00,1981639.2977477463
2023-08-28 01:30:00,1979466.7213764405
2023-08-28 02:00:00,1979466.7213764405
2023-08-28 02:30:00,1979466.7213764405
2023-08-28 03:00:00,1979466.7213764405
2023-08-28 05:00:00,1979466.7213764405
2023-08-28 05:30:00,1979466.7213764405
2023-08-28 06:00:00,1979466.7213764405
2023-08-28 06:30:00,1979466.7213764405
2023-08-28 07:00:00,1979466.7213764405
2023-08-29 01:00:00,1979466.7213764405
2023-08-29 01:30:00,1979466.7213764405
2023-08-29 02:00:00,1979466.7213764405
2023-08-29 02:30:00,1979466.7213764405
2023-08-29 03:00:00,1979466.7213764405
2023-08-29 05:00:00,1979466.7213764405
2023-08-29 05:30:00,1979466.7213764405
2023-08-29 06:00:00,1986467.8355964296
2023-08-29 06:30:00,1986467.8355964296
2023-08-29 07:00:00,1986467.8355964296
2023-08-30 01:00:00,1986467.8355964296
2023-08-30 01:30:00,1986467.8355964296
2023-08-30 02:00:00,1986467.8355964296
2023-08-30 02:30:00,1986467.8355964296
2023-08-30 03:00:00,1986467.8355964296
2023-08-30 05:00:00,1986467.8355964296
2023-08-30 05:30:00,2012780.675063107
2023-08-30 06:00:00,2012780.675063107
2023-08-30 06:30:00,2012780.675063107
2023-08-30 07:00:00,2012780.675063107
2023-08-31 01:00:00,2012780.675063107
2023-08-31 01:30:00,2012780.675063107
2023-08-31 02:00:00,2012780.675063107
2023-08-31 02:30:00,2012780.675063107
2023-08-31 03:00:00,2012780.675063107
2023-08-31 05:00:00,2012780.675063107
2023-08-31 05:30:00,2012780.675063107
2023-08-31 06:00:00,2012780.675063107
2023-08-31 06:30:00,2012780.675063107
2023-08-31 07:00:00,2012780.675063107
2023-09-01 01:00:00,2012780.675063107
2023-09-01 01:30:00,2012780.675063107
2023-09-01 02:00:00,2012780.675063107
2023-09-01 02:30:00,2012780.675063107
2023-09-01 03:00:00,2012780.675063107
2023-09-01 05:00:00,2012780.675063107
2023-09-01 05:30:00,2012780.675063107
2023-09-01 06:00:00,2012780.675063107
2023-09-01 06:30:00,2012780.675063107
2023-09-01 07:00:00,2012780.675063107
2023-09-04 01:00:00,2012780.675063107
2023-09-04 01:30:00,2012780.675063107
2023-09-04 02:00:00,2012780.675063107
2023-09-04 02:30:00,2012780.675063107
2023-09-04 03:00:00,2012780.675063107
2023-09-04 05:00:00,2012780.675063107
2023-09-04 05:30:00,2012780.675063107
2023-09-04 06:00:00,2012780.675063107
2023-09-04 06:30:00,2012780.675063107
2023-09-04 07:00:00,2012780.675063107
2023-09-05 01:00:00,2012780.675063107
2023-09-05 01:30:00,2014779.9364503515
2023-09-05 02:00:00,2016616.6666362232
2023-09-05 02:30:00,2001557.8426977205
2023-09-05 03:00:00,2001557.8426977205
2023-09-05 05:00:00,2001557.8426977205
2023-09-05 05:30:00,2001557.8426977205
2023-09-05 06:00:00,2001557.8426977205
2023-09-05 06:30:00,2000871.6721350262
2023-09-05 07:00:00,2000871.6721350262
2023-09-06 01:00:00,2000871.6721350262
2023-09-06 01:30:00,2000871.6721350262
2023-09-06 02:00:00,2000871.6721350262
2023-09-06 02:30:00,2000871.6721350262
2023-09-06 03:00:00,2000871.6721350262
2023-09-06 05:00:00,2000871.6721350262
2023-09-06 05:30:00,2000871.6721350262
2023-09-06 06:00:00,1998497.401011358
2023-09-06 06:30:00,1998497.401011358
2023-09-06 07:00:00,1998497.401011358
2023-09-07 01:00:00,1998497.401011358
2023-09-07 01:30:00,1998497.401011358
2023-09-07 02:00:00,1994531.0199788027
2023-09-07 02:30:00,1994531.0199788027
2023-09-07 03:00:00,1994531.0199788027
2023-09-07 05:00:00,1994531.0199788027
2023-09-07 05:30:00,1994531.0199788027
2023-09-07 06:00:00,1994531.0199788027
2023-09-07 06:30:00,1992933.522862965
2023-09-07 07:00:00,1992933.522862965
2023-09-08 01:00:00,1992933.522862965
2023-09-08 01:30:00,1992933.522862965
2023-09-08 02:00:00,1992933.522862965
2023-09-08 02:30:00,1992933.522862965
2023-09-08 03:00:00,1992933.522862965
2023-09-08 05:00:00,1992933.522862965
2023-09-08 05:30:00,1992933.522862965
2023-09-08 06:00:00,1992933.522862965
2023-09-08 06:30:00,1992933.522862965
2023-09-08 07:00:00,1992933.522862965
2023-09-08 13:00:00,1992933.522862965
2023-09-08 13:30:00,1992933.522862965
2023-09-08 14:00:00,1992933.522862965
2023-09-08 14:30:00,1992933.522862965
2023-09-11 01:00:00,1992933.522862965
2023-09-11 01:30:00,1993581.215229998
2023-09-11 02:00:00,2004705.9263907378
2023-09-11 02:30:00,2004705.9263907378
2023-09-11 03:00:00,2004705.9263907378
2023-09-11 05:00:00,2004705.9263907378
2023-09-11 05:30:00,2004705.9263907378
2023-09-11 06:00:00,2004495.2616899707
2023-09-11 06:30:00,2013455.2450159106
2023-09-11 07:00:00,2013455.2450159106
2023-09-11 13:00:00,2013455.2450159106
2023-09-11 13:30:00,2013315.2328275973
2023-09-11 14:00:00,2013315.2328275973
2023-09-11 14:30:00,2013315.2328275973
2023-09-12 01:00:00,2013315.2328275973
2023-09-12 01:30:00,2003848.8641373531
2023-09-12 02:00:00,1997548.740750891
2023-09-12 02:30:00,1997548.740750891
2023-09-12 03:00:00,1997548.740750891
2023-09-12 05:00:00,1997548.740750891
2023-09-12 05:30:00,1997548.740750891
2023-09-12 06:00:00,1996883.2398763213
2023-09-12 06:30:00,1996883.2398763213
2023-09-12 07:00:00,1996883.2398763213
2023-09-12 13:00:00,1996883.2398763213
2023-09-12 13:30:00,1996531.5675714836
2023-09-12 14:00:00,1998451.1884044535
2023-09-12 14:30:00,1998451.1884044535
2023-09-13 01:00:00,1998451.1884044535
2023-09-13 01:30:00,1997607.2392551587
2023-09-13 02:00:00,1991787.1519400338
2023-09-13 02:30:00,1993028.9518869398
2023-09-13 03:00:00,1993656.7854364035
2023-09-13 05:00:00,1993656.7854364035
2023-09-13 05:30:00,1994088.1071180727
2023-09-13 06:00:00,1994088.1071180727
2023-09-13 06:30:00,1994088.1071180727
2023-09-13 07:00:00,1994088.1071180727
2023-09-13 13:00:00,1994201.1777430878
2023-09-13 13:30:00,1994725.7484577368
2023-09-13 14:00:00,1994725.7484577368
2023-09-13 14:30:00,1994725.7484577368
2023-09-14 01:00:00,1994725.7484577368
2023-09-14 01:30:00,1997970.386198499
2023-09-14 02:00:00,1995270.386198499
2023-09-14 02:30:00,1995270.386198499
2023-09-14 03:00:00,1995270.386198499
2023-09-14 05:00:00,1995270.386198499
2023-09-14 05:30:00,1995270.386198499
2023-09-14 06:00:00,1994521.4963710422
2023-09-14 06:30:00,1994521.4963710422
2023-09-14 07:00:00,1994521.4963710422
2023-09-14 13:00:00,1994521.4963710422
2023-09-14 13:30:00,1994521.4963710422
2023-09-14 14:00:00,1994521.4963710422
2023-09-14 14:30:00,1994521.4963710422
2023-09-15 01:00:00,1994521.4963710422
2023-09-15 01:30:00,1994521.4963710422
2023-09-15 02:00:00,1987141.4963710422
2023-09-15 02:30:00,1987141.4963710422
2023-09-15 03:00:00,1971014.0196566496
2023-09-15 05:00:00,1966341.982722156
2023-09-15 05:30:00,1966341.982722156
2023-09-15 06:00:00,1966616.307326511
2023-09-15 06:30:00,1966616.307326511
2023-09-15 07:00:00,1966616.307326511
2023-09-15 13:00:00,1964945.7474898095
2023-09-15 13:30:00,1965259.4319405223
2023-09-15 14:00:00,1965259.4319405223
2023-09-15 14:30:00,1965190.6375112834
2023-09-18 01:00:00,1964094.1408157207
2023-09-18 01:30:00,1963390.5548988925
2023-09-18 02:00:00,1964438.2780231985
2023-09-18 02:30:00,1963389.0455368627
2023-09-18 03:00:00,1962748.0649114023
2023-09-18 05:00:00,1962748.0649114023
2023-09-18 05:30:00,1954640.9259750305
2023-09-18 06:00:00,1953505.8651973286
2023-09-18 06:30:00,1953927.4956293372
2023-09-18 07:00:00,1953927.4956293372
2023-09-18 13:00:00,1953927.4956293372
2023-09-18 13:30:00,1953927.4956293372
2023-09-18 14:00:00,1953927.4956293372
2023-09-18 14:30:00,1953927.4956293372
2023-09-19 01:00:00,1953927.4956293372
2023-09-19 01:30:00,1953252.504765902
2023-09-19 02:00:00,1944803.6516573322
2023-09-19 02:30:00,1943252.105431146
2023-09-19 03:00:00,1949314.3124579492
2023-09-19 05:00:00,1937402.0902293848
2023-09-19 05:30:00,1937402.0902293848
2023-09-19 06:00:00,1937402.0902293848
2023-09-19 06:30:00,1937402.0902293848
2023-09-19 07:00:00,1937402.0902293848
2023-09-19 13:00:00,1937402.0902293848
2023-09-19 13:30:00,1937402.0902293848
2023-09-19 14:00:00,1939057.9518434168
2023-09-19 14:30:00,1940307.1464908526
2023-09-20 01:00:00,1940307.1464908526
2023-09-20 01:30:00,1943443.9809898927
2023-09-20 02:00:00,1943443.9809898927
2023-09-20 02:30:00,1943443.9809898927
2023-09-20 03:00:00,1943145.3542720187
2023-09-20 05:00:00,1943145.3542720187
2023-09-20 05:30:00,1943145.3542720187
2023-09-20 06:00:00,1942112.1466389068
2023-09-20 06:30:00,1942112.1466389068
2023-09-20 07:00:00,1942112.1466389068
2023-09-20 13:00:00,1942112.1466389068
2023-09-20 13:30:00,1941852.724416906
2023-09-20 14:00:00,1941879.6020050768
2023-09-20 14:30:00,1941924.0725986708
2023-09-21 01:00:00,1941924.0725986708
2023-09-21 01:30:00,1941924.0725986708
2023-09-21 02:00:00,1939871.3204089652
2023-09-21 02:30:00,1939348.4999615883
2023-09-21 03:00:00,1939348.4999615883
2023-09-21 05:00:00,1939348.4999615883
2023-09-21 05:30:00,1939348.4999615883
2023-09-21 06:00:00,1939348.4999615883
2023-09-21 06:30:00,1939348.4999615883
2023-09-21 07:00:00,1939348.4999615883
2023-09-21 13:00:00,1939348.4999615883
2023-09-21 13:30:00,1940973.1667958808
2023-09-21 14:00:00,1940973.1667958808
2023-09-21 14:30:00,1940973.1667958808
2023-09-22 01:00:00,1940973.1667958808
2023-09-22 01:30:00,1940165.650188291
2023-09-22 02:00:00,1941112.6083680533
2023-09-22 02:30:00,1962171.9981854307
2023-09-22 03:00:00,1961422.6932105878
2023-09-22 05:00:00,1961422.6932105878
2023-09-22 05:30:00,1962187.0800984222
2023-09-22 06:00:00,1963461.7055431996
2023-09-22 06:30:00,1963461.7055431996
2023-09-22 07:00:00,1963461.7055431996
2023-09-22 13:00:00,1963461.7055431996
2023-09-22 13:30:00,1963461.7055431996
2023-09-22 14:00:00,1963461.7055431996
2023-09-22 14:30:00,1962989.4900368259
2023-09-25 01:00:00,1962683.9483877332
2023-09-25 01:30:00,1962499.5363407743
2023-09-25 02:00:00,1977410.376876988
2023-09-25 02:30:00,1978130.1288767103
2023-09-25 03:00:00,1977597.7148311182
2023-09-25 05:00:00,1977597.7148311182
2023-09-25 05:30:00,1977597.7148311182
2023-09-25 06:00:00,1977337.392179796
2023-09-25 06:30:00,1977337.392179796
2023-09-25 07:00:00,1977337.392179796
2023-09-25 13:00:00,1977337.392179796
2023-09-25 13:30:00,1976708.9050373107
2023-09-25 14:00:00,1976708.9050373107
2023-09-25 14:30:00,1976708.9050373107
2023-09-26 01:00:00,1976708.9050373107
2023-09-26 01:30:00,1978567.2616437546
2023-09-26 02:00:00,1978510.58138144
2023-09-26 02:30:00,1978510.58138144
2023-09-26 03:00:00,1977956.1283663742
2023-09-26 05:00:00,1977956.1283663742
2023-09-26 05:30:00,1977956.1283663742
2023-09-26 06:00:00,1977989.8665049972
2023-09-26 06:30:00,1977989.8665049972
2023-09-26 07:00:00,1977989.8665049972
2023-09-26 13:00:00,1976425.5063536302
2023-09-26 13:30:00,1978565.7379909689
2023-09-26 14:00:00,1978565.7379909689
2023-09-26 14:30:00,1978063.9420882417
2023-09-27 01:00:00,1978063.9420882417
2023-09-27 01:30:00,1978020.39722904
2023-09-27 02:00:00,1979390.9340099199
2023-09-27 02:30:00,1979390.9340099199
2023-09-27 03:00:00,1969781.3774863717
2023-09-27 05:00:00,1969781.3774863717
2023-09-27 05:30:00,1968073.009472973
2023-09-27 06:00:00,1968741.7751009294
2023-09-27 06:30:00,1968741.7751009294
2023-09-27 07:00:00,1968741.7751009294
2023-09-27 13:00:00,1969503.0825584151
2023-09-27 13:30:00,1969503.0825584151
2023-09-27 14:00:00,1969503.0825584151
2023-09-27 14:30:00,1970570.3110883713
2023-09-28 01:00:00,1970570.3110883713
2023-09-28 01:30:00,1969972.3364824355
2023-09-28 02:00:00,1969972.3364824355
2023-09-28 02:30:00,1969972.3364824355
2023-09-28 03:00:00,1969972.3364824355
2023-09-28 05:00:00,1969972.3364824355
2023-09-28 05:30:00,1971282.4528193409
2023-09-28 06:00:00,1971282.4528193409
2023-09-28 06:30:00,1971010.3293078265
2023-09-28 07:00:00,1971010.3293078265
2023-10-09 01:00:00,1971010.3293078265
2023-10-09 01:30:00,1968493.2757547265
2023-10-09 02:00:00,1968493.2757547265
2023-10-09 02:30:00,1968493.2757547265
2023-10-09 03:00:00,1968962.0730613314
2023-10-09 05:00:00,1968962.0730613314
2023-10-09 05:30:00,1968239.8864819093
2023-10-09 06:00:00,1967283.8020427981
2023-10-09 06:30:00,1975072.7223834589
2023-10-09 07:00:00,1975072.7223834589
2023-10-09 13:00:00,1975072.7223834589
2023-10-09 13:30:00,1974685.8784029968
2023-10-09 14:00:00,1974685.8784029968
2023-10-09 14:30:00,1974101.3793061848
2023-10-10 01:00:00,1974101.3793061848
2023-10-10 01:30:00,1974101.3793061848
2023-10-10 02:00:00,1978167.8713465917
2023-10-10 02:30:00,1978167.8713465917
2023-10-10 03:00:00,1978167.8713465917
2023-10-10 05:00:00,1978167.8713465917
2023-10-10 05:30:00,1978167.8713465917
2023-10-10 06:00:00,1980016.452333102
2023-10-10 06:30:00,1980016.452333102
2023-10-10 07:00:00,1980016.452333102
2023-10-10 13:00:00,1980016.452333102
2023-10-10 13:30:00,1981248.0283880432
2023-10-10 14:00:00,1984370.0764905796
2023-10-10 14:30:00,1984594.0662617758
2023-10-11 01:00:00,1985222.113157863
2023-10-11 01:30:00,1990111.7961983765
2023-10-11 02:00:00,1990111.7961983765
2023-10-11 02:30:00,1990111.7961983765
2023-10-11 03:00:00,1991631.751450618
2023-10-11 05:00:00,1991631.751450618
2023-10-11 05:30:00,1991631.751450618
2023-10-11 06:00:00,1991631.751450618
2023-10-11 06:30:00,1991107.6236851285
2023-10-11 07:00:00,1991107.6236851285
2023-10-11 13:00:00,1991107.6236851285
2023-10-11 13:30:00,1991082.787095555
2023-10-11 14:00:00,1990619.758816072
2023-10-11 14:30:00,1990619.758816072
2023-10-12 01:00:00,1990619.758816072
2023-10-12 01:30:00,1996516.4330305413
2023-10-12 02:00:00,1989055.7684933336
2023-10-12 02:30:00,1990932.7099538802
2023-10-12 03:00:00,1990420.3480208882
2023-10-12 05:00:00,1990420.3480208882
2023-10-12 05:30:00,1990420.3480208882
2023-10-12 06:00:00,1990420.3480208882
2023-10-12 06:30:00,1989879.9000738095
2023-10-12 07:00:00,1989879.9000738095
2023-10-12 13:00:00,1989257.220889741
2023-10-12 13:30:00,1989257.220889741
2023-10-12 14:00:00,1989257.220889741
2023-10-12 14:30:00,1989257.220889741
2023-10-13 01:00:00,1989257.220889741
2023-10-13 01:30:00,1989257.220889741
2023-10-13 02:00:00,1989257.220889741
2023-10-13 02:30:00,1989257.220889741
2023-10-13 03:00:00,1989257.220889741
2023-10-13 05:00:00,1989257.220889741
2023-10-13 05:30:00,1989257.220889741
2023-10-13 06:00:00,1989257.220889741
2023-10-13 06:30:00,1988075.8783123118
2023-10-13 07:00:00,1988075.8783123118
2023-10-13 13:00:00,1988075.8783123118
2023-10-13 13:30:00,1988075.8783123118
2023-10-13 14:00:00,1988075.8783123118
2023-10-13 14:30:00,1990607.1300652456
2023-10-16 01:00:00,1990607.1300652456
2023-10-16 01:30:00,1994401.8056072309
2023-10-16 02:00:00,1994401.8056072309
2023-10-16 02:30:00,1994070.1954585898
2023-10-16 03:00:00,1994070.1954585898
2023-10-16 05:00:00,1994070.1954585898
2023-10-16 05:30:00,1994070.1954585898
2023-10-16 06:00:00,1994070.1954585898
2023-10-16 06:30:00,1994070.1954585898
2023-10-16 07:00:00,1994070.1954585898
2023-10-16 13:00:00,1993758.0215797035
2023-10-16 13:30:00,1993758.0215797035
2023-10-16 14:00:00,1993758.0215797035
2023-10-16 14:30:00,1993758.0215797035
2023-10-17 01:00:00,1993758.0215797035
2023-10-17 01:30:00,1993950.4255063501
2023-10-17 02:00:00,1993950.4255063501
2023-10-17 02:30:00,1993950.4255063501
2023-10-17 03:00:00,1993950.4255063501
2023-10-17 05:00:00,1994347.3999883404
2023-10-17 05:30:00,1994626.259021868
2023-10-17 06:00:00,1994626.259021868
2023-10-17 06:30:00,1994626.259021868
2023-10-17 07:00:00,1994626.259021868
2023-10-17 13:00:00,1994635.3457416585
2023-10-17 13:30:00,1994635.3457416585
2023-10-17 14:00:00,1994635.3457416585
2023-10-17 14:30:00,1994842.974945591
2023-10-18 01:00:00,1994842.974945591
2023-10-18 01:30:00,2006733.5905993572
2023-10-18 02:00:00,2006283.5098967312
2023-10-18 02:30:00,2006283.5098967312
2023-10-18 03:00:00,2006283.5098967312
2023-10-18 05:00:00,2006283.5098967312
2023-10-18 05:30:00,2006283.5098967312
2023-10-18 06:00:00,2006283.5098967312
2023-10-18 06:30:00,2006283.5098967312
2023-10-18 07:00:00,2006283.5098967312
2023-10-18 13:00:00,2006283.5098967312
2023-10-18 13:30:00,2006283.5098967312
2023-10-18 14:00:00,2006283.5098967312
2023-10-18 14:30:00,2005680.402300997
2023-10-19 01:00:00,2005680.402300997
2023-10-19 01:30:00,2006977.2680511784
2023-10-19 02:00:00,2007381.0331152563
2023-10-19 02:30:00,2006985.2123703407
2023-10-19 03:00:00,2006985.2123703407
2023-10-19 05:00:00,2006985.2123703407
2023-10-19 05:30:00,2006985.2123703407
2023-10-19 06:00:00,2006985.2123703407
2023-10-19 06:30:00,2006985.2123703407
2023-10-19 07:00:00,2006985.2123703407
2023-10-19 13:00:00,2006985.2123703407
2023-10-19 13:30:00,2007225.2123703407
2023-10-19 14:00:00,2007225.2123703407
2023-10-19 14:30:00,2005833.5051595308
2023-10-20 01:00:00,2005023.0771355755
2023-10-20 01:30:00,2004343.0771355755
2023-10-20 02:00:00,2005394.5609801386
2023-10-20 02:30:00,2004383.7325265834
2023-10-20 03:00:00,2004383.7325265834
2023-10-20 05:00:00,2004383.7325265834
2023-10-20 05:30:00,2004527.6528810698
2023-10-20 06:00:00,2005004.0908362023
2023-10-20 06:30:00,2004315.3582250571
2023-10-20 07:00:00,2004315.3582250571
2023-10-20 13:00:00,2004315.3582250571
2023-10-20 13:30:00,2004315.3582250571
2023-10-20 14:00:00,2003769.3815277177
2023-10-20 14:30:00,2003180.3113134974
2023-10-23 01:00:00,2003180.3113134974
2023-10-23 01:30:00,2002629.9381353273
2023-10-23 02:00:00,2002629.9381353273
2023-10-23 02:30:00,2002629.9381353273
2023-10-23 03:00:00,2002629.9381353273
2023-10-23 05:00:00,2002629.9381353273
2023-10-23 05:30:00,2002629.9381353273
2023-10-23 06:00:00,2002629.9381353273
2023-10-23 06:30:00,2004769.797353424
2023-10-23 07:00:00,2004769.797353424
2023-10-23 13:00:00,2006052.9513325605
2023-10-23 13:30:00,2005971.1944027226
2023-10-23 14:00:00,2005971.1944027226
2023-10-23 14:30:00,2005971.1944027226
2023-10-24 01:00:00,2006365.5240193023
2023-10-24 01:30:00,2006365.5240193023
2023-10-24 02:00:00,2006365.5240193023
2023-10-24 02:30:00,2053780.3786376633
2023-10-24 03:00:00,2053780.3786376633
2023-10-24 05:00:00,2053780.3786376633
2023-10-24 05:30:00,2053417.6861274517
2023-10-24 06:00:00,2052869.618143116
2023-10-24 06:30:00,2052869.618143116
2023-10-24 07:00:00,2052869.618143116
2023-10-24 13:00:00,2053811.5388729323
2023-10-24 13:30:00,2054367.8908710366
2023-10-24 14:00:00,2054367.8908710366
2023-10-24 14:30:00,2054367.8908710366
2023-10-25 01:00:00,2054367.8908710366
2023-10-25 01:30:00,2054367.8908710366
2023-10-25 02:00:00,2053445.2809628749
2023-10-25 02:30:00,2053438.5012619002
2023-10-25 03:00:00,2053619.9968395198
2023-10-25 05:00:00,2053619.9968395198
2023-10-25 05:30:00,2052633.3067903507
2023-10-25 06:00:00,2052088.0478458593
2023-10-25 06:30:00,2053004.5027625158
2023-10-25 07:00:00,2053004.5027625158
2023-10-25 13:00:00,2052649.0761991292
2023-10-25 13:30:00,2052212.1403709934
2023-10-25 14:00:00,2052212.1403709934
2023-10-25 14:30:00,2052212.1403709934
2023-10-26 01:00:00,2052212.1403709934
2023-10-26 01:30:00,2052652.2175042308
2023-10-26 02:00:00,2052652.2175042308
2023-10-26 02:30:00,2052652.2175042308
2023-10-26 03:00:00,2052652.2175042308
2023-10-26 05:00:00,2052652.2175042308
2023-10-26 05:30:00,2053779.8229851527
2023-10-26 06:00:00,2054688.2861670083
2023-10-26 06:30:00,2054688.2861670083
2023-10-26 07:00:00,2054688.2861670083
2023-10-26 13:00:00,2055274.6180575173
2023-10-26 13:30:00,2055274.6180575173
2023-10-26 14:00:00,2055274.6180575173
2023-10-26 14:30:00,2055274.6180575173
2023-10-27 01:00:00,2055274.6180575173
2023-10-27 01:30:00,2054785.5888559527
2023-10-27 02:00:00,2053939.0860335818
2023-10-27 02:30:00,2053939.0860335818
2023-10-27 03:00:00,2053939.0860335818
2023-10-27 05:00:00,2053939.0860335818
2023-10-27 05:30:00,2053939.0860335818
2023-10-27 06:00:00,2053047.0450842667
2023-10-27 06:30:00,2053954.161312388
2023-10-27 07:00:00,2053954.161312388
2023-10-27 13:00:00,2053954.161312388
2023-10-27 13:30:00,2053954.161312388
2023-10-27 14:00:00,2053284.826534232
2023-10-27 14:30:00,2052540.5540437356
2023-10-30 01:00:00,2053582.753256459
2023-10-30 01:30:00,2052811.9942466423
2023-10-30 02:00:00,2058919.326030248
2023-10-30 02:30:00,2058919.326030248
2023-10-30 03:00:00,2058691.2041421155
2023-10-30 05:00:00,2058691.2041421155
2023-10-30 05:30:00,2062606.5660330332
2023-10-30 06:00:00,2062703.5959677352
2023-10-30 06:30:00,2063188.1782740655
2023-10-30 07:00:00,2063188.1782740655
2023-10-30 13:00:00,2064326.4834358233
2023-10-30 13:30:00,2065934.0175970464
2023-10-30 14:00:00,2065934.0175970464
2023-10-30 14:30:00,2065787.2732581226
2023-10-31 01:00:00,2065787.2732581226
2023-10-31 01:30:00,2065787.2732581226
2023-10-31 02:00:00,2085112.0026520805
2023-10-31 02:30:00,2147963.3718951116
2023-10-31 03:00:00,2147963.3718951116
2023-10-31 05:00:00,2147963.3718951116
2023-10-31 05:30:00,2147963.3718951116
2023-10-31 06:00:00,2148504.831442622
2023-10-31 06:30:00,2149164.251335329
2023-10-31 07:00:00,2149164.251335329
2023-10-31 13:00:00,2147837.624017278
2023-10-31 13:30:00,2147837.624017278
2023-10-31 14:00:00,2147837.624017278
2023-10-31 14:30:00,2147799.2685836037
2023-11-01 01:00:00,2148536.8314432483
2023-11-01 01:30:00,2148536.8314432483
2023-11-01 02:00:00,2148848.122531962
2023-11-01 02:30:00,2148848.122531962
2023-11-01 03:00:00,2148573.00043438
2023-11-01 05:00:00,2148573.00043438
2023-11-01 05:30:00,2148573.00043438
2023-11-01 06:00:00,2148236.1361167994
2023-11-01 06:30:00,2148236.1361167994
2023-11-01 07:00:00,2148236.1361167994
2023-11-01 13:00:00,2148236.1361167994
2023-11-01 13:30:00,2148046.1361167994
2023-11-01 14:00:00,2148046.1361167994
2023-11-01 14:30:00,2147853.194992419
2023-11-02 01:00:00,2147853.194992419
2023-11-02 01:30:00,2147517.080120718
2023-11-02 02:00:00,2146577.5337928627
2023-11-02 02:30:00,2146577.5337928627
2023-11-02 03:00:00,2146577.5337928627
2023-11-02 05:00:00,2146577.5337928627
2023-11-02 05:30:00,2146577.5337928627
2023-11-02 06:00:00,2146577.5337928627
2023-11-02 06:30:00,2146217.4741972643
2023-11-02 07:00:00,2146217.4741972643
2023-11-02 13:00:00,2146217.4741972643
2023-11-02 13:30:00,2146217.4741972643
2023-11-02 14:00:00,2146217.4741972643
2023-11-02 14:30:00,2146217.4741972643
2023-11-03 01:00:00,2145864.79857497
2023-11-03 01:30:00,2145864.79857497
2023-11-03 02:00:00,2145862.693644365
2023-11-03 02:30:00,2145862.693644365
2023-11-03 03:00:00,2145608.5110628936
2023-11-03 05:00:00,2145608.5110628936
2023-11-03 05:30:00,2145975.4938311744
2023-11-03 06:00:00,2145975.4938311744
2023-11-03 06:30:00,2145975.4938311744
2023-11-03 07:00:00,2145975.4938311744
2023-11-03 13:00:00,2145975.4938311744
2023-11-03 13:30:00,2145561.2594538084
2023-11-03 14:00:00,2145561.2594538084
2023-11-03 14:30:00,2145561.2594538084
2023-11-06 01:00:00,2145561.2594538084
2023-11-06 01:30:00,2152152.585034132
2023-11-06 02:00:00,2151772.437147597
2023-11-06 02:30:00,2151772.437147597
2023-11-06 03:00:00,2152883.0948288147
2023-11-06 05:00:00,2152883.0948288147
2023-11-06 05:30:00,2152907.7037556237
2023-11-06 06:00:00,2151882.4497902244
2023-11-06 06:30:00,2151882.4497902244
2023-11-06 07:00:00,2151882.4497902244
2023-11-06 13:00:00,2151882.4497902244
2023-11-06 13:30:00,2152060.351014212
2023-11-06 14:00:00,2152060.351014212
2023-11-06 14:30:00,2152060.351014212
2023-11-07 01:00:00,2152060.351014212
2023-11-07 01:30:00,2151324.3103107577
2023-11-07 02:00:00,2160858.097512242
2023-11-07 02:30:00,2189049.7711153612
2023-11-07 03:00:00,2189049.7711153612
2023-11-07 05:00:00,2189049.7711153612
2023-11-07 05:30:00,2188517.341401657
2023-11-07 06:00:00,2188517.341401657
2023-11-07 06:30:00,2191682.364023646
2023-11-07 07:00:00,2191682.364023646
2023-11-07 13:00:00,2191646.7362687937
2023-11-07 13:30:00,2191646.7362687937
2023-11-07 14:00:00,2191646.7362687937
2023-11-07 14:30:00,2191646.7362687937
2023-11-08 01:00:00,2191646.7362687937
2023-11-08 01:30:00,2191646.7362687937
2023-11-08 02:00:00,2172248.3637735075
2023-11-08 02:30:00,2172248.3637735075
2023-11-08 03:00:00,2170605.4687782964
2023-11-08 05:00:00,2170605.4687782964
2023-11-08 05:30:00,2170822.498847865
2023-11-08 06:00:00,2165381.0539297997
2023-11-08 06:30:00,2165381.0539297997
2023-11-08 07:00:00,2165381.0539297997
2023-11-08 13:00:00,2167070.4613506235
2023-11-08 13:30:00,2167070.4613506235
2023-11-08 14:00:00,2167070.4613506235
2023-11-08 14:30:00,2167070.4613506235
2023-11-09 01:00:00,2167127.195299544
2023-11-09 01:30:00,2167010.2623515553
2023-11-09 02:00:00,2167010.2623515553
2023-11-09 02:30:00,2167388.221022231
2023-11-09 03:00:00,2167602.791347525
2023-11-09 05:00:00,2167602.791347525
2023-11-09 05:30:00,2169151.245942969
2023-11-09 06:00:00,2169039.965001583
2023-11-09 06:30:00,2168018.150490354
2023-11-09 07:00:00,2168018.150490354
2023-11-09 13:00:00,2168489.934726835
2023-11-09 13:30:00,2168489.934726835
2023-11-09 14:00:00,2168489.934726835
2023-11-09 14:30:00,2168489.934726835
2023-11-10 01:00:00,2168489.934726835
2023-11-10 01:30:00,2168506.2476331494
2023-11-10 02:00:00,2169206.8369707363
2023-11-10 02:30:00,2168762.0948749552
2023-11-10 03:00:00,2166772.7110194676
2023-11-10 05:00:00,2166772.7110194676
2023-11-10 05:30:00,2166772.7110194676
2023-11-10 06:00:00,2166088.0163068986
2023-11-10 06:30:00,2165832.858497461
2023-11-10 07:00:00,2165832.858497461
2023-11-10 13:00:00,2165832.858497461
2023-11-10 13:30:00,2165288.519098418
2023-11-10 14:00:00,2165288.519098418
2023-11-10 14:30:00,2165288.519098418
2023-11-13 01:00:00,2165288.519098418
2023-11-13 01:30:00,2165099.8526902567
2023-11-13 02:00:00,2167438.7824268946
2023-11-13 02:30:00,2167438.7824268946
2023-11-13 03:00:00,2167438.7824268946
2023-11-13 05:00:00,2167438.7824268946
2023-11-13 05:30:00,2167438.7824268946
2023-11-13 06:00:00,2167438.7824268946
2023-11-13 06:30:00,2167438.7824268946
2023-11-13 07:00:00,2167438.7824268946
2023-11-13 13:00:00,2167155.6423600735
2023-11-13 13:30:00,2166821.2245582324
2023-11-13 14:00:00,2166821.2245582324
2023-11-13 14:30:00,2168407.4969350263
2023-11-14 01:00:00,2168553.004928932
2023-11-14 01:30:00,2168301.225893539
2023-11-14 02:00:00,2167254.7831303715
2023-11-14 02:30:00,2167254.7831303715
2023-11-14 03:00:00,2167254.7831303715
2023-11-14 05:00:00,2167254.7831303715
2023-11-14 05:30:00,2147825.230960694
2023-11-14 06:00:00,2147825.230960694
2023-11-14 06:30:00,2147825.230960694
2023-11-14 07:00:00,2147825.230960694
2023-11-14 13:00:00,2147825.230960694
2023-11-14 13:30:00,2146700.031169224
2023-11-14 14:00:00,2146700.031169224
2023-11-14 14:30:00,2146700.031169224
2023-11-15 01:00:00,2146700.031169224
2023-11-15 01:30:00,2146700.031169224
2023-11-15 02:00:00,2145416.2477301643
2023-11-15 02:30:00,2145416.2477301643
2023-11-15 03:00:00,2145733.499561972
2023-11-15 05:00:00,2145733.499561972
2023-11-15 05:30:00,2145733.499561972
2023-11-15 06:00:00,2146365.9613400255
2023-11-15 06:30:00,2146305.0116802603
2023-11-15 07:00:00,2146305.0116802603
2023-11-15 13:00:00,2146305.0116802603
2023-11-15 13:30:00,2146305.0116802603
2023-11-15 14:00:00,2146305.0116802603
2023-11-15 14:30:00,2146305.0116802603
2023-11-16 01:00:00,2146305.0116802603
2023-11-16 01:30:00,2146623.2398117734
2023-11-16 02:00:00,2145922.5489604105
2023-11-16 02:30:00,2145922.5489604105
2023-11-16 03:00:00,2145922.5489604105
2023-11-16 05:00:00,2145922.5489604105
2023-11-16 05:30:00,2148530.8554631397
2023-11-16 06:00:00,2148530.8554631397
2023-11-16 06:30:00,2148262.684485522
2023-11-16 07:00:00,2148262.684485522
2023-11-16 13:00:00,2148262.684485522
2023-11-16 13:30:00,2148262.684485522
2023-11-16 14:00:00,2148262.684485522
2023-11-16 14:30:00,2148903.8148503816
2023-11-17 01:00:00,2150663.7040600427
2023-11-17 01:30:00,2153446.618157504
2023-11-17 02:00:00,2153446.618157504
2023-11-17 02:30:00,2153446.618157504
2023-11-17 03:00:00,2153446.618157504
2023-11-17 05:00:00,2153446.618157504
2023-11-17 05:30:00,2153446.618157504
2023-11-17 06:00:00,2152491.991706834
2023-11-17 06:30:00,2146151.5196827627
2023-11-17 07:00:00,2146151.5196827627
2023-11-17 13:00:00,2146151.5196827627
2023-11-17 13:30:00,2146079.741609329
2023-11-17 14:00:00,2146079.741609329
2023-11-17 14:30:00,2146079.741609329
2023-11-20 01:00:00,2146094.724341524
2023-11-20 01:30:00,2141887.9933595234
2023-11-20 02:00:00,2139907.9933595234
2023-11-20 02:30:00,2133470.97769456
2023-11-20 03:00:00,2129513.971487353
2023-11-20 05:00:00,2123755.7446628544
2023-11-20 05:30:00,2123896.214391549
2023-11-20 06:00:00,2123896.214391549
2023-11-20 06:30:00,2123287.7409081776
2023-11-20 07:00:00,2123287.7409081776
2023-11-20 13:00:00,2123287.7409081776
2023-11-20 13:30:00,2122516.2601004797
2023-11-20 14:00:00,2121854.6348786517
2023-11-20 14:30:00,2121854.6348786517
2023-11-21 01:00:00,2121854.6348786517
2023-11-21 01:30:00,2121854.6348786517
2023-11-21 02:00:00,2121854.6348786517
2023-11-21 02:30:00,2121789.131128728
2023-11-21 03:00:00,2116158.0588151794
2023-11-21 05:00:00,2116158.0588151794
2023-11-21 05:30:00,2117717.6906569162
2023-11-21 06:00:00,2117512.899363875
2023-11-21 06:30:00,2120165.839777084
2023-11-21 07:00:00,2120165.839777084
2023-11-21 13:00:00,2120165.839777084
2023-11-21 13:30:00,2120165.839777084
2023-11-21 14:00:00,2120165.839777084
2023-11-21 14:30:00,2120165.839777084
2023-11-22 01:00:00,2118970.397609974
2023-11-22 01:30:00,2117719.2991809673
2023-11-22 02:00:00,2118945.5901144003
2023-11-22 02:30:00,2118945.5901144003
2023-11-22 03:00:00,2118694.8841210417
2023-11-22 05:00:00,2118694.8841210417
2023-11-22 05:30:00,2118694.8841210417
2023-11-22 06:00:00,2118100.091856598
2023-11-22 06:30:00,2121299.662808872
2023-11-22 07:00:00,2121299.662808872
2023-11-22 13:00:00,2121032.983752407
2023-11-22 13:30:00,2121032.983752407
2023-11-22 14:00:00,2121032.983752407
2023-11-22 14:30:00,2121032.983752407
2023-11-23 01:00:00,2119592.5603022985
2023-11-23 01:30:00,2118632.5603022985
2023-11-23 02:00:00,2118632.5603022985
2023-11-23 02:30:00,2118632.5603022985
2023-11-23 03:00:00,2135207.5807761312
2023-11-23 05:00:00,2135207.5807761312
2023-11-23 05:30:00,2135207.5807761312
2023-11-23 06:00:00,2135097.604204979
2023-11-23 06:30:00,2139383.402424805
2023-11-23 07:00:00,2139383.402424805
2023-11-23 13:00:00,2139383.402424805
2023-11-23 13:30:00,2139220.6512514944
2023-11-23 14:00:00,2139220.6512514944
2023-11-23 14:30:00,2141180.4320659214
2023-11-24 01:00:00,2141180.4320659214
2023-11-24 01:30:00,2142095.618289118
2023-11-24 02:00:00,2137973.5673410976
2023-11-24 02:30:00,2137973.5673410976
2023-11-24 03:00:00,2137415.179868381
2023-11-24 05:00:00,2137415.179868381
2023-11-24 05:30:00,2137415.179868381
2023-11-24 06:00:00,2137415.179868381
2023-11-24 06:30:00,2137415.179868381
2023-11-24 07:00:00,2137415.179868381
2023-11-24 13:00:00,2137415.179868381
2023-11-24 13:30:00,2136899.5983177624
2023-11-24 14:00:00,2133750.026098921
2023-11-24 14:30:00,2133750.026098921
2023-11-27 01:00:00,2133750.026098921
2023-11-27 01:30:00,2134732.4567865096
2023-11-27 02:00:00,2135818.4498007186
2023-11-27 02:30:00,2135818.4498007186
2023-11-27 03:00:00,2135578.42575859
2023-11-27 05:00:00,2135578.42575859
2023-11-27 05:30:00,2135578.42575859
2023-11-27 06:00:00,2155675.3631917126
2023-11-27 06:30:00,2156397.9084841534
2023-11-27 07:00:00,2156397.9084841534
2023-11-27 13:00:00,2156397.9084841534
2023-11-27 13:30:00,2156297.6643612515
2023-11-27 14:00:00,2156297.6643612515
2023-11-27 14:30:00,2156297.6643612515
2023-11-28 01:00:00,2156297.6643612515
2023-11-28 01:30:00,2158561.885427121
2023-11-28 02:00:00,2158721.684016372
2023-11-28 02:30:00,2158721.684016372
2023-11-28 03:00:00,2158721.684016372
2023-11-28 05:00:00,2158721.684016372
2023-11-28 05:30:00,2157865.131922416
2023-11-28 06:00:00,2157865.131922416
2023-11-28 06:30:00,2157865.131922416
2023-11-28 07:00:00,2157865.131922416
2023-11-28 13:00:00,2157976.58968725
2023-11-28 13:30:00,2156513.2638899004
2023-11-28 14:00:00,2155944.271542551
2023-11-28 14:30:00,2155944.271542551
2023-11-29 01:00:00,2155944.271542551
2023-11-29 01:30:00,2155088.415917733
2023-11-29 02:00:00,2154888.8688200316
2023-11-29 02:30:00,2154888.8688200316
2023-11-29 03:00:00,2154888.8688200316
2023-11-29 05:00:00,2154888.8688200316
2023-11-29 05:30:00,2154888.8688200316
2023-11-29 06:00:00,2154888.8688200316
2023-11-29 06:30:00,2153461.0936510833
2023-11-29 07:00:00,2153461.0936510833
2023-11-29 13:00:00,2153461.0936510833
2023-11-29 13:30:00,2152675.408342884
2023-11-29 14:00:00,2152675.408342884
2023-11-29 14:30:00,2152675.408342884
2023-11-30 01:00:00,2152675.408342884
2023-11-30 01:30:00,2152675.408342884
2023-11-30 02:00:00,2152675.408342884
2023-11-30 02:30:00,2151729.451869708
2023-11-30 03:00:00,2150899.875537562
2023-11-30 05:00:00,2150899.875537562
2023-11-30 05:30:00,2153046.7258755313
2023-11-30 06:00:00,2153046.7258755313
2023-11-30 06:30:00,2152673.7871985273
2023-11-30 07:00:00,2152673.7871985273
2023-11-30 13:00:00,2152673.7871985273
2023-11-30 13:30:00,2152612.5550768026
2023-11-30 14:00:00,2152612.5550768026
2023-11-30 14:30:00,2152717.888695539
2023-12-01 01:00:00,2152717.888695539
2023-12-01 01:30:00,2156807.767689571
2023-12-01 02:00:00,2156918.7545840214
2023-12-01 02:30:00,2156918.7545840214
2023-12-01 03:00:00,2156918.7545840214
2023-12-01 05:00:00,2156918.7545840214
2023-12-01 05:30:00,2156918.7545840214
2023-12-01 06:00:00,2144329.162010992
2023-12-01 06:30:00,2144257.701622019
2023-12-01 07:00:00,2144257.701622019
2023-12-01 13:00:00,2144033.4348929203
2023-12-01 13:30:00,2143973.3486356507
2023-12-01 14:00:00,2144875.7451402103
2023-12-01 14:30:00,2144875.7451402103
2023-12-04 01:00:00,2144875.7451402103
2023-12-04 01:30:00,2149809.4992180946
2023-12-04 02:00:00,2149247.9596505156
2023-12-04 02:30:00,2149247.9596505156
2023-12-04 03:00:00,2148768.421397629
2023-12-04 05:00:00,2148768.421397629
2023-12-04 05:30:00,2148768.421397629
2023-12-04 06:00:00,2148398.2796410597
2023-12-04 06:30:00,2148398.2796410597
2023-12-04 07:00:00,2148398.2796410597
2023-12-04 13:00:00,2148398.2796410597
2023-12-04 13:30:00,2148060.7160695903
2023-12-04 14:00:00,2148060.7160695903
2023-12-04 14:30:00,2148060.7160695903
2023-12-05 01:00:00,2148060.7160695903
2023-12-05 01:30:00,2143775.962574651
2023-12-05 02:00:00,2135101.272276308
2023-12-05 02:30:00,2135101.272276308
2023-12-05 03:00:00,2135101.272276308
2023-12-05 05:00:00,2135101.272276308
2023-12-05 05:30:00,2135641.701281487
2023-12-05 06:00:00,2135641.701281487
2023-12-05 06:30:00,2135641.701281487
2023-12-05 07:00:00,2135641.701281487
2023-12-05 13:00:00,2135206.1348350854
2023-12-05 13:30:00,2134604.3506058753
2023-12-05 14:00:00,2134604.3506058753
2023-12-05 14:30:00,2134802.0042535816
2023-12-06 01:00:00,2134802.0042535816
2023-12-06 01:30:00,2134802.0042535816
2023-12-06 02:00:00,2134802.0042535816
2023-12-06 02:30:00,2134802.0042535816
2023-12-06 03:00:00,2134802.0042535816
2023-12-06 05:00:00,2134802.0042535816
2023-12-06 05:30:00,2133099.798615755
2023-12-06 06:00:00,2133099.798615755
2023-12-06 06:30:00,2133099.798615755
2023-12-06 07:00:00,2133099.798615755
2023-12-06 13:00:00,2133099.798615755
2023-12-06 13:30:00,2128399.798615755
2023-12-06 14:00:00,2128399.798615755
2023-12-06 14:30:00,2127956.493602727
2023-12-07 01:00:00,2127956.493602727
2023-12-07 01:30:00,2127904.2949201893
2023-12-07 02:00:00,2110881.8075393597
2023-12-07 02:30:00,2110335.729716779
2023-12-07 03:00:00,2109117.781406336
2023-12-07 05:00:00,2109117.781406336
2023-12-07 05:30:00,2103315.0193490786
2023-12-07 06:00:00,2103315.0193490786
2023-12-07 06:30:00,2103315.0193490786
2023-12-07 07:00:00,2103315.0193490786
2023-12-07 13:00:00,2103315.0193490786
2023-12-07 13:30:00,2102956.536791164
2023-12-07 14:00:00,2102956.536791164
2023-12-07 14:30:00,2101835.201172233
2023-12-08 01:00:00,2101872.724035836
2023-12-08 01:30:00,2101620.3125318633
2023-12-08 02:00:00,2101143.796063293
2023-12-08 02:30:00,2101143.796063293
2023-12-08 03:00:00,2104386.1509860745
2023-12-08 05:00:00,2104863.8289588257
2023-12-08 05:30:00,2104863.8289588257
2023-12-08 06:00:00,2109369.6868112343
2023-12-08 06:30:00,2109369.6868112343
2023-12-08 07:00:00,2109369.6868112343
2023-12-08 13:00:00,2109369.6868112343
2023-12-08 13:30:00,2109050.6675639288
2023-12-08 14:00:00,2109690.424861225
2023-12-08 14:30:00,2109690.424861225
2023-12-11 01:00:00,2108786.8620737162
2023-12-11 01:30:00,2111710.133920238
2023-12-11 02:00:00,2114321.0632440606
2023-12-11 02:30:00,2114321.0632440606
2023-12-11 03:00:00,2114321.0632440606
2023-12-11 05:00:00,2114321.0632440606
2023-12-11 05:30:00,2114321.0632440606
2023-12-11 06:00:00,2115461.688398018
2023-12-11 06:30:00,2115429.221945712
2023-12-11 07:00:00,2115089.8817492877
2023-12-11 13:00:00,2115089.8817492877
2023-12-11 13:30:00,2114459.387244116
2023-12-11 14:00:00,2114174.327711228
2023-12-11 14:30:00,2114174.327711228
2023-12-12 01:00:00,2114174.327711228
2023-12-12 01:30:00,2114174.327711228
2023-12-12 02:00:00,2115879.2479521623
2023-12-12 02:30:00,2115879.2479521623
2023-12-12 03:00:00,2115879.2479521623
2023-12-12 05:00:00,2115879.2479521623
2023-12-12 05:30:00,2116160.0624840246
2023-12-12 06:00:00,2115664.52442772
2023-12-12 06:30:00,2115664.52442772
2023-12-12 07:00:00,2115664.52442772
2023-12-12 13:00:00,2115664.52442772
2023-12-12 13:30:00,2115508.0940074073
2023-12-12 14:00:00,2115397.4744523033
2023-12-12 14:30:00,2115355.7252087155
2023-12-13 01:00:00,2115355.7252087155
2023-12-13 01:30:00,2115435.7252087155
2023-12-13 02:00:00,2108459.582586275
2023-12-13 02:30:00,2108459.582586275
2023-12-13 03:00:00,2108779.582586275
2023-12-13 05:00:00,2108779.582586275
2023-12-13 05:30:00,2108460.595177606
2023-12-13 06:00:00,2108460.595177606
2023-12-13 06:30:00,2108460.595177606
2023-12-13 07:00:00,2108460.595177606
2023-12-13 13:00:00,2108460.595177606
2023-12-13 13:30:00,2108390.0199588155
2023-12-13 14:00:00,2108390.0199588155
2023-12-13 14:30:00,2108586.710583419
2023-12-14 01:00:00,2108112.1704158625
2023-12-14 01:30:00,2106671.128146127
2023-12-14 02:00:00,2106671.128146127
2023-12-14 02:30:00,2106671.128146127
2023-12-14 03:00:00,2106291.5337967617
2023-12-14 05:00:00,2106291.5337967617
2023-12-14 05:30:00,2106291.5337967617
2023-12-14 06:00:00,2106291.5337967617
2023-12-14 06:30:00,2106291.5337967617
2023-12-14 07:00:00,2106291.5337967617
2023-12-14 13:00:00,2106291.5337967617
2023-12-14 13:30:00,2105859.619418102
2023-12-14 14:00:00,2104733.734330158
2023-12-14 14:30:00,2104294.609215076
2023-12-15 01:00:00,2104294.609215076
2023-12-15 01:30:00,2103751.97457083
2023-12-15 02:00:00,2109819.2143925447
2023-12-15 02:30:00,2109116.3633041475
2023-12-15 03:00:00,2108866.7743134135
2023-12-15 05:00:00,2108866.7743134135
2023-12-15 05:30:00,2095792.4454088162
2023-12-15 06:00:00,2095255.9269220447
2023-12-15 06:30:00,2095255.9269220447
2023-12-15 07:00:00,2095255.9269220447
2023-12-15 13:00:00,2095255.9269220447
2023-12-15 13:30:00,2094916.1051801746
2023-12-15 14:00:00,2094565.9101169538
2023-12-15 14:30:00,2094466.7446865472
2023-12-18 01:00:00,2094466.7446865472
2023-12-18 01:30:00,2094454.7152965248
2023-12-18 02:00:00,2096254.5617963248
2023-12-18 02:30:00,2092871.3362902976
2023-12-18 03:00:00,2092871.3362902976
2023-12-18 05:00:00,2092871.3362902976
2023-12-18 05:30:00,2094881.3354283418
2023-12-18 06:00:00,2096556.7089491338
2023-12-18 06:30:00,2096556.7089491338
2023-12-18 07:00:00,2096556.7089491338
2023-12-18 13:00:00,2096209.5485853043
2023-12-18 13:30:00,2096207.5441884885
2023-12-18 14:00:00,2096207.5441884885
2023-12-18 14:30:00,2096207.5441884885
2023-12-19 01:00:00,2095463.3239638004
2023-12-19 01:30:00,2095645.9343391506
2023-12-19 02:00:00,2094857.8480479887
2023-12-19 02:30:00,2095291.311741088
2023-12-19 03:00:00,2109357.054325914
2023-12-19 05:00:00,2109357.054325914
2023-12-19 05:30:00,2109357.054325914
2023-12-19 06:00:00,2109237.094695398
2023-12-19 06:30:00,2109237.094695398
2023-12-19 07:00:00,2109237.094695398
2023-12-19 13:00:00,2109237.094695398
2023-12-19 13:30:00,2108488.8772913725
2023-12-19 14:00:00,2108358.2487331186
2023-12-19 14:30:00,2108358.2487331186
2023-12-20 01:00:00,2108022.4156890134
2023-12-20 01:30:00,2108657.0385959893
2023-12-20 02:00:00,2107964.825847661
2023-12-20 02:30:00,2107873.704093543
2023-12-20 03:00:00,2107873.704093543
2023-12-20 05:00:00,2107873.704093543
2023-12-20 05:30:00,2107873.704093543
2023-12-20 06:00:00,2107873.704093543
2023-12-20 06:30:00,2107873.704093543
2023-12-20 07:00:00,2107873.704093543
2023-12-20 13:00:00,2107465.1671166033
2023-12-20 13:30:00,2107153.651087562
2023-12-20 14:00:00,2107153.651087562
2023-12-20 14:30:00,2106429.7503970284
2023-12-21 01:00:00,2106429.7503970284
2023-12-21 01:30:00,2115069.3624843126
2023-12-21 02:00:00,2115069.3624843126
2023-12-21 02:30:00,2115069.3624843126
2023-12-21 03:00:00,2115069.3624843126
2023-12-21 05:00:00,2115069.3624843126
2023-12-21 05:30:00,2115069.3624843126
2023-12-21 06:00:00,2114728.213601484
2023-12-21 06:30:00,2114728.213601484
2023-12-21 07:00:00,2114728.213601484
2023-12-21 13:00:00,2114728.213601484
2023-12-21 13:30:00,2114468.213601484
2023-12-21 14:00:00,2114468.213601484
2023-12-21 14:30:00,2113938.7951476225
2023-12-22 01:00:00,2113938.7951476225
2023-12-22 01:30:00,2113938.7951476225
2023-12-22 02:00:00,2113938.7951476225
2023-12-22 02:30:00,2114127.81734861
2023-12-22 03:00:00,2114127.81734861
2023-12-22 05:00:00,2114127.81734861
2023-12-22 05:30:00,2113701.6180292
2023-12-22 06:00:00,2115268.8711185274
2023-12-22 06:30:00,2115268.8711185274
2023-12-22 07:00:00,2115268.8711185274
2023-12-22 13:00:00,2114854.9199870164
2023-12-22 13:30:00,2114854.9199870164
2023-12-22 14:00:00,2116796.388496771
2023-12-22 14:30:00,2116796.388496771
2023-12-25 01:00:00,2116796.388496771
2023-12-25 01:30:00,2116139.2530951514
2023-12-25 02:00:00,2116139.2530951514
2023-12-25 02:30:00,2114791.5940671167
2023-12-25 03:00:00,2114016.065929813
2023-12-25 05:00:00,2114016.065929813
2023-12-25 05:30:00,2114016.065929813
2023-12-25 06:00:00,2114670.1246420983
2023-12-25 06:30:00,2114670.1246420983
2023-12-25 07:00:00,2114670.1246420983
2023-12-25 13:00:00,2114670.1246420983
2023-12-25 13:30:00,2113090.3737265347
2023-12-25 14:00:00,2113090.3737265347
2023-12-25 14:30:00,2113090.3737265347
2023-12-26 01:00:00,2113090.3737265347
2023-12-26 01:30:00,2113090.3737265347
2023-12-26 02:00:00,2115255.6485227393
2023-12-26 02:30:00,2111170.516674992
2023-12-26 03:00:00,2111170.516674992
2023-12-26 05:00:00,2111170.516674992
2023-12-26 05:30:00,2111275.171992031
2023-12-26 06:00:00,2111464.5738540124
2023-12-26 06:30:00,2111464.5738540124
2023-12-26 07:00:00,2111464.5738540124
2023-12-26 13:00:00,2111464.5738540124
2023-12-26 13:30:00,2110311.878929472
2023-12-26 14:00:00,2109775.9463094915
2023-12-26 14:30:00,2109775.9463094915
2023-12-27 01:00:00,2109607.929809651
2023-12-27 01:30:00,2109492.4608910624
2023-12-27 02:00:00,2109492.4608910624
2023-12-27 02:30:00,2109492.4608910624
2023-12-27 03:00:00,2104874.25155383
2023-12-27 05:00:00,2098530.9737219694
2023-12-27 05:30:00,2098530.9737219694
2023-12-27 06:00:00,2098530.9737219694
2023-12-27 06:30:00,2098530.9737219694
2023-12-27 07:00:00,2098530.9737219694
2023-12-27 13:00:00,2097862.198283101
2023-12-27 13:30:00,2097600.136829352
2023-12-27 14:00:00,2097091.3109370507
2023-12-27 14:30:00,2096688.354893311
2023-12-28 01:00:00,2096688.354893311
2023-12-28 01:30:00,2095983.2962359297
2023-12-28 02:00:00,2095425.0728409723
2023-12-28 02:30:00,2095425.0728409723
2023-12-28 03:00:00,2094840.5739508187
2023-12-28 05:00:00,2094840.5739508187
2023-12-28 05:30:00,2096025.9144432163
2023-12-28 06:00:00,2096025.9144432163
2023-12-28 06:30:00,2096025.9144432163
2023-12-28 07:00:00,2096025.9144432163
2023-12-28 13:00:00,2095536.867895527
2023-12-28 13:30:00,2095566.7983569452
2023-12-28 14:00:00,2095683.5659842084
2023-12-28 14:30:00,2095683.5659842084
2023-12-29 01:00:00,2095218.8098448957
2023-12-29 01:30:00,2096649.8033201338
2023-12-29 02:00:00,2095122.1476352662
2023-12-29 02:30:00,2095122.1476352662
2023-12-29 03:00:00,2096896.0185225096
2023-12-29 05:00:00,2096896.0185225096
2023-12-29 05:30:00,2102045.7353396453
2023-12-29 06:00:00,2102863.3410815676
2023-12-29 06:30:00,2102757.011761045
2023-12-29 07:00:00,2102757.011761045
2024-01-02 01:00:00,2102757.011761045
2024-01-02 01:30:00,2100631.598070953
2024-01-02 02:00:00,2113851.895723511
2024-01-02 02:30:00,2113851.895723511
2024-01-02 03:00:00,2114285.4411912
2024-01-02 05:00:00,2114285.4411912
2024-01-02 05:30:00,2116729.9787022793
2024-01-02 06:00:00,2116906.553443116
2024-01-02 06:30:00,2116906.553443116
2024-01-02 07:00:00,2116906.553443116
2024-01-02 13:00:00,2116906.553443116
2024-01-02 13:30:00,2116906.553443116
2024-01-02 14:00:00,2116906.553443116
2024-01-02 14:30:00,2116906.553443116
2024-01-03 01:00:00,2116906.553443116
2024-01-03 01:30:00,2116105.2020770307
2024-01-03 02:00:00,2116105.2020770307
2024-01-03 02:30:00,2116105.2020770307
2024-01-03 03:00:00,2116105.2020770307
2024-01-03 05:00:00,2116105.2020770307
2024-01-03 05:30:00,2119139.7534111952
2024-01-03 06:00:00,2120696.457573492
2024-01-03 06:30:00,2118207.3912180094
2024-01-03 07:00:00,2118207.3912180094
2024-01-03 13:00:00,2118207.3912180094
2024-01-03 13:30:00,2117847.811564172
2024-01-03 14:00:00,2117847.811564172
2024-01-03 14:30:00,2117847.811564172
2024-01-04 01:00:00,2117784.6730088345
2024-01-04 01:30:00,2118579.392931969
2024-01-04 02:00:00,2118580.256706773
2024-01-04 02:30:00,2119347.894692384
2024-01-04 03:00:00,2119347.894692384
2024-01-04 05:00:00,2119347.894692384
2024-01-04 05:30:00,2119347.894692384
2024-01-04 06:00:00,2119347.894692384
2024-01-04 06:30:00,2119059.5947302156
2024-01-04 07:00:00,2119059.5947302156
2024-01-04 13:00:00,2118431.416147646
2024-01-04 13:30:00,2118232.978843669
2024-01-04 14:00:00,2118232.978843669
2024-01-04 14:30:00,2118232.978843669
2024-01-05 01:00:00,2118232.978843669
2024-01-05 01:30:00,2118232.978843669
2024-01-05 02:00:00,2118232.978843669
2024-01-05 02:30:00,2117958.9439360886
2024-01-05 03:00:00,2117958.9439360886
2024-01-05 05:00:00,2117958.9439360886
2024-01-05 05:30:00,2117899.8009575456
2024-01-05 06:00:00,2117736.6237938115
2024-01-05 06:30:00,2118571.727178965
2024-01-05 07:00:00,2118571.727178965
2024-01-05 13:00:00,2118571.727178965
2024-01-05 13:30:00,2118432.5180173605
2024-01-05 14:00:00,2119114.102793787
2024-01-05 14:30:00,2119114.102793787
2024-01-08 01:00:00,2118452.2945888396
2024-01-08 01:30:00,2119354.602473451
2024-01-08 02:00:00,2118946.717472934
2024-01-08 02:30:00,2118946.717472934
2024-01-08 03:00:00,2118563.077708734
2024-01-08 05:00:00,2118563.077708734
2024-01-08 05:30:00,2120975.159295089
2024-01-08 06:00:00,2120975.159295089
2024-01-08 06:30:00,2119735.7980364454
2024-01-08 07:00:00,2119735.7980364454
2024-01-08 13:00:00,2119289.1899745623
2024-01-08 13:30:00,2119289.1899745623
2024-01-08 14:00:00,2119289.1899745623
2024-01-08 14:30:00,2119289.1899745623
2024-01-09 01:00:00,2119289.1899745623
2024-01-09 01:30:00,2118862.32911158
2024-01-09 02:00:00,2122534.507272045
2024-01-09 02:30:00,2122232.9871184784
2024-01-09 03:00:00,2122232.9871184784
2024-01-09 05:00:00,2122232.9871184784
2024-01-09 05:30:00,2122232.9871184784
2024-01-09 06:00:00,2126201.1813467173
2024-01-09 06:30:00,2126201.1813467173
2024-01-09 07:00:00,2126201.1813467173
2024-01-09 13:00:00,2126201.1813467173
2024-01-09 13:30:00,2128710.7897035023
2024-01-09 14:00:00,2128710.7897035023
2024-01-09 14:30:00,2128710.7897035023
2024-01-10 01:00:00,2128710.7897035023
2024-01-10 01:30:00,2128510.8646500567
2024-01-10 02:00:00,2128265.8226842284
2024-01-10 02:30:00,2128265.8226842284
2024-01-10 03:00:00,2128265.8226842284
2024-01-10 05:00:00,2128265.8226842284
2024-01-10 05:30:00,2128265.8226842284
2024-01-10 06:00:00,2128265.8226842284
2024-01-10 06:30:00,2127827.6624101005
2024-01-10 07:00:00,2127827.6624101005
2024-01-10 13:00:00,2127827.6624101005
2024-01-10 13:30:00,2130123.1641074982
2024-01-10 14:00:00,2130294.517074197
2024-01-10 14:30:00,2130294.517074197
2024-01-11 01:00:00,2133851.8410221203
2024-01-11 01:30:00,2135941.3389022
2024-01-11 02:00:00,2138397.1126760393
2024-01-11 02:30:00,2138397.1126760393
2024-01-11 03:00:00,2138397.1126760393
2024-01-11 05:00:00,2138397.1126760393
2024-01-11 05:30:00,2137800.678498135
2024-01-11 06:00:00,2137800.678498135
2024-01-11 06:30:00,2137800.678498135
2024-01-11 07:00:00,2137800.678498135
2024-01-11 13:00:00,2137800.678498135
2024-01-11 13:30:00,2137800.678498135
2024-01-11 14:00:00,2137800.678498135
2024-01-11 14:30:00,2137800.678498135
2024-01-12 01:00:00,2137800.678498135
2024-01-12 01:30:00,2137800.678498135
2024-01-12 02:00:00,2137491.7936449856
2024-01-12 02:30:00,2137491.7936449856
2024-01-12 03:00:00,2137030.3272825475
2024-01-12 05:00:00,2137030.3272825475
2024-01-12 05:30:00,2136712.216945347
2024-01-12 06:00:00,2136617.9140053517
2024-01-12 06:30:00,2136617.9140053517
2024-01-12 07:00:00,2136617.9140053517
2024-01-12 13:00:00,2136617.9140053517
2024-01-12 13:30:00,2136617.9140053517
2024-01-12 14:00:00,2136617.9140053517
2024-01-12 14:30:00,2136617.9140053517
2024-01-15 01:00:00,2134702.5092463694
2024-01-15 01:30:00,2134702.5092463694
2024-01-15 02:00:00,2134702.5092463694
2024-01-15 02:30:00,2134702.5092463694
2024-01-15 03:00:00,2134702.5092463694
2024-01-15 05:00:00,2134702.5092463694
2024-01-15 05:30:00,2134702.5092463694
2024-01-15 06:00:00,2134702.5092463694
2024-01-15 06:30:00,2134702.5092463694
2024-01-15 07:00:00,2134702.5092463694
2024-01-15 13:00:00,2134265.578637385
2024-01-15 13:30:00,2132389.367840031
2024-01-15 14:00:00,2132389.367840031
2024-01-15 14:30:00,2132389.367840031
2024-01-16 01:00:00,2132389.367840031
2024-01-16 01:30:00,2131781.4205278773
2024-01-16 02:00:00,2131502.26887033
2024-01-16 02:30:00,2131502.26887033
2024-01-16 03:00:00,2131181.1081067016
2024-01-16 05:00:00,2121608.1674504825
2024-01-16 05:30:00,2121599.7001852915
2024-01-16 06:00:00,2121599.7001852915
2024-01-16 06:30:00,2122061.585882349
2024-01-16 07:00:00,2122061.585882349
2024-01-16 13:00:00,2121873.9285409823
2024-01-16 13:30:00,2121873.9285409823
2024-01-16 14:00:00,2121873.9285409823
2024-01-16 14:30:00,2121512.468482736
2024-01-17 01:00:00,2121062.2215033458
2024-01-17 01:30:00,2121265.708918798
2024-01-17 02:00:00,2121629.0258484823
2024-01-17 02:30:00,2120895.8562638448
2024-01-17 03:00:00,2120895.8562638448
2024-01-17 05:00:00,2120895.8562638448
2024-01-17 05:30:00,2120895.8562638448
2024-01-17 06:00:00,2120895.8562638448
2024-01-17 06:30:00,2120895.8562638448
2024-01-17 07:00:00,2120895.8562638448
2024-01-17 13:00:00,2120733.87228579
2024-01-17 13:30:00,2120733.87228579
2024-01-17 14:00:00,2120247.776187814
2024-01-17 14:30:00,2120247.776187814
2024-01-18 01:00:00,2118262.266426195
2024-01-18 01:30:00,2116434.90409233
2024-01-18 02:00:00,2116434.90409233
2024-01-18 02:30:00,2116434.90409233
2024-01-18 03:00:00,2115472.806313493
2024-01-18 05:00:00,2115472.806313493
2024-01-18 05:30:00,2115472.806313493
2024-01-18 06:00:00,2115805.7897498365
2024-01-18 06:30:00,2183542.5731083415
2024-01-18 07:00:00,2183542.5731083415
2024-01-18 13:00:00,2183011.445530911
2024-01-18 13:30:00,2183011.445530911
2024-01-18 14:00:00,2183011.445530911
2024-01-18 14:30:00,2183011.445530911
2024-01-19 01:00:00,2183011.445530911
2024-01-19 01:30:00,2201704.8258533026
2024-01-19 02:00:00,2201101.4428640706
2024-01-19 02:30:00,2201101.4428640706
2024-01-19 03:00:00,2199471.366039632
2024-01-19 05:00:00,2199471.366039632
2024-01-19 05:30:00,2199471.366039632
2024-01-19 06:00:00,2199471.366039632
2024-01-19 06:30:00,2199471.366039632
2024-01-19 07:00:00,2199471.366039632
2024-01-19 13:00:00,2199064.9271357236
2024-01-19 13:30:00,2198083.3900476038
2024-01-19 14:00:00,2198083.3900476038
2024-01-19 14:30:00,2198083.3900476038
2024-01-22 01:00:00,2197202.5538989464
2024-01-22 01:30:00,2197202.445510836
2024-01-22 02:00:00,2197815.9890273567
2024-01-22 02:30:00,2197815.9890273567
2024-01-22 03:00:00,2197815.9890273567
2024-01-22 05:00:00,2197815.9890273567
2024-01-22 05:30:00,2197314.62351868
2024-01-22 06:00:00,2197314.62351868
2024-01-22 06:30:00,2204683.498463429
2024-01-22 07:00:00,2204683.498463429
2024-01-22 13:00:00,2204683.498463429
2024-01-22 13:30:00,2204683.498463429
2024-01-22 14:00:00,2204683.498463429
2024-01-22 14:30:00,2204683.498463429
2024-01-23 01:00:00,2204683.498463429
2024-01-23 01:30:00,2204982.4634473575
2024-01-23 02:00:00,2204982.4634473575
2024-01-23 02:30:00,2199062.0151988035
2024-01-23 03:00:00,2201554.381289401
2024-01-23 05:00:00,2201554.381289401
2024-01-23 05:30:00,2201554.381289401
2024-01-23 06:00:00,2201554.381289401
2024-01-23 06:30:00,2201107.080430179
2024-01-23 07:00:00,2201107.080430179
2024-01-23 13:00:00,2201107.080430179
2024-01-23 13:30:00,2201107.080430179
2024-01-23 14:00:00,2200373.06803673
2024-01-23 14:30:00,2200373.06803673
2024-01-24 01:00:00,2200373.06803673
2024-01-24 01:30:00,2198988.5689293738
2024-01-24 02:00:00,2198988.5689293738
2024-01-24 02:30:00,2198988.5689293738
2024-01-24 03:00:00,2198988.5689293738
2024-01-24 05:00:00,2198988.5689293738
2024-01-24 05:30:00,2191410.753054882
2024-01-24 06:00:00,2191388.7724620327
2024-01-24 06:30:00,2191388.7724620327
2024-01-24 07:00:00,2191388.7724620327
2024-01-24 13:00:00,2191388.7724620327
2024-01-24 13:30:00,2191268.7724620327
2024-01-24 14:00:00,2191268.7724620327
2024-01-24 14:30:00,2191268.7724620327
2024-01-25 01:00:00,2191090.143387021
2024-01-25 01:30:00,2190576.1606509597
2024-01-25 02:00:00,2190576.1606509597
2024-01-25 02:30:00,2190576.1606509597
2024-01-25 03:00:00,2190603.7371603404
2024-01-25 05:00:00,2190603.7371603404
2024-01-25 05:30:00,2190603.7371603404
2024-01-25 06:00:00,2190603.7371603404
2024-01-25 06:30:00,2190603.7371603404
2024-01-25 07:00:00,2193390.558811768
2024-01-25 13:00:00,2194545.7416655533
2024-01-25 13:30:00,2194545.7416655533
2024-01-25 14:00:00,2194545.7416655533
2024-01-25 14:30:00,2194545.7416655533
2024-01-26 01:00:00,2192451.9773934186
2024-01-26 01:30:00,2192095.096223029
2024-01-26 02:00:00,2192095.096223029
2024-01-26 02:30:00,2192095.096223029
2024-01-26 03:00:00,2192095.096223029
2024-01-26 05:00:00,2192095.096223029
2024-01-26 05:30:00,2191701.9599577226
2024-01-26 06:00:00,2191905.0633640876
2024-01-26 06:30:00,2191905.0633640876
2024-01-26 07:00:00,2191905.0633640876
2024-01-26 13:00:00,2190753.3587280395
2024-01-26 13:30:00,2190220.483226991
2024-01-26 14:00:00,2190220.483226991
2024-01-26 14:30:00,2190525.5184480553
2024-01-29 01:00:00,2190525.5184480553
2024-01-29 01:30:00,2192463.640318493
2024-01-29 02:00:00,2192463.640318493
2024-01-29 02:30:00,2192463.640318493
2024-01-29 03:00:00,2193610.4783712393
2024-01-29 05:00:00,2193610.4783712393
2024-01-29 05:30:00,2203919.672981257
2024-01-29 06:00:00,2203631.124623535
2024-01-29 06:30:00,2211274.893736541
2024-01-29 07:00:00,2211274.893736541
2024-01-29 13:00:00,2210983.084183199
2024-01-29 13:30:00,2210503.084183199
2024-01-29 14:00:00,2210503.084183199
2024-01-29 14:30:00,2209847.301625552
2024-01-30 01:00:00,2209335.1656055716
2024-01-30 01:30:00,2209335.1656055716
2024-01-30 02:00:00,2209335.1656055716
2024-01-30 02:30:00,2209335.1656055716
2024-01-30 03:00:00,2208921.8505202774
2024-01-30 05:00:00,2208921.8505202774
2024-01-30 05:30:00,2208807.126621977
2024-01-30 06:00:00,2200989.3686460447
2024-01-30 06:30:00,2200989.3686460447
2024-01-30 07:00:00,2200989.3686460447
2024-01-30 13:00:00,2201289.3686460447
2024-01-30 13:30:00,2200104.8229376865
2024-01-30 14:00:00,2200104.8229376865
2024-01-30 14:30:00,2200104.8229376865
2024-01-31 01:00:00,2200104.8229376865
2024-01-31 01:30:00,2200468.7292001387
2024-01-31 02:00:00,2202462.1897444935
2024-01-31 02:30:00,2202462.1897444935
2024-01-31 03:00:00,2201450.5829284242
2024-01-31 05:00:00,2201450.5829284242
2024-01-31 05:30:00,2201450.5829284242
2024-01-31 06:00:00,2201450.5829284242
2024-01-31 06:30:00,2201450.5829284242
2024-01-31 07:00:00,2201450.5829284242
2024-01-31 13:00:00,2201591.440422968
2024-01-31 13:30:00,2203304.0199961364
2024-01-31 14:00:00,2203304.0199961364
2024-01-31 14:30:00,2203304.0199961364
2024-02-01 01:00:00,2203304.0199961364
2024-02-01 01:30:00,2203304.0199961364
2024-02-01 02:00:00,2202940.9128653915
2024-02-01 02:30:00,2202940.9128653915
2024-02-01 03:00:00,2202940.9128653915
2024-02-01 05:00:00,2202940.9128653915
2024-02-01 05:30:00,2202940.9128653915
2024-02-01 06:00:00,2202940.9128653915
2024-02-01 06:30:00,2202707.04039027
2024-02-01 07:00:00,2202707.04039027
2024-02-01 13:00:00,2202707.04039027
2024-02-01 13:30:00,2202707.04039027
2024-02-01 14:00:00,2202707.04039027
2024-02-01 14:30:00,2202940.1157649914
2024-02-02 01:00:00,2202822.86435333
2024-02-02 01:30:00,2202493.252725026
2024-02-02 02:00:00,2202493.252725026
2024-02-02 02:30:00,2202493.252725026
2024-02-02 03:00:00,2202493.252725026
2024-02-02 05:00:00,2202493.252725026
2024-02-02 05:30:00,2202152.316301791
2024-02-02 06:00:00,2201253.1378313247
2024-02-02 06:30:00,2200813.8587224423
2024-02-02 07:00:00,2200813.8587224423
2024-02-02 13:00:00,2200813.8587224423
2024-02-02 13:30:00,2200813.8587224423
2024-02-02 14:00:00,2200813.8587224423
2024-02-02 14:30:00,2200813.8587224423
2024-02-05 01:00:00,2200495.7844734294
2024-02-05 01:30:00,2203195.596323652
2024-02-05 02:00:00,2204929.3599556517
2024-02-05 02:30:00,2204929.3599556517
2024-02-05 03:00:00,2204589.161199517
2024-02-05 05:00:00,2204589.161199517
2024-02-05 05:30:00,2203957.213769024
2024-02-05 06:00:00,2202781.50004413
2024-02-05 06:30:00,2202781.50004413
2024-02-05 07:00:00,2202781.50004413
2024-02-05 13:00:00,2202781.50004413
2024-02-05 13:30:00,2202017.881733274
2024-02-05 14:00:00,2202017.881733274
2024-02-05 14:30:00,2202017.881733274
2024-02-06 01:00:00,2202017.881733274
2024-02-06 01:30:00,2198821.1046756273
2024-02-06 02:00:00,2198553.0912039527
2024-02-06 02:30:00,2198553.0912039527
2024-02-06 03:00:00,2198553.0912039527
2024-02-06 05:00:00,2198553.0912039527
2024-02-06 05:30:00,2198553.0912039527
2024-02-06 06:00:00,2198553.0912039527
2024-02-06 06:30:00,2198553.0912039527
2024-02-06 07:00:00,2198553.0912039527
2024-02-06 13:00:00,2198553.0912039527
2024-02-06 13:30:00,2198304.192397448
2024-02-06 14:00:00,2198304.192397448
2024-02-06 14:30:00,2198304.192397448
2024-02-07 01:00:00,2197592.9711534856
2024-02-07 01:30:00,2197673.35894168
2024-02-07 02:00:00,2197295.575856181
2024-02-07 02:30:00,2197295.575856181
2024-02-07 03:00:00,2198710.6112842215
2024-02-07 05:00:00,2198710.6112842215
2024-02-07 05:30:00,2198377.803219236
2024-02-07 06:00:00,2199579.3319431925
2024-02-07 06:30:00,2199579.3319431925
2024-02-07 07:00:00,2199579.3319431925
2024-02-07 13:00:00,2198198.7600326696
2024-02-07 13:30:00,2198257.2391103604
2024-02-07 14:00:00,2199054.3444763245
2024-02-07 14:30:00,2199054.3444763245
2024-02-08 01:00:00,2198611.546037789
2024-02-08 01:30:00,2198814.176695478
2024-02-08 02:00:00,2198705.466890677
2024-02-08 02:30:00,2199226.6033166773
2024-02-08 03:00:00,2199226.6033166773
2024-02-08 05:00:00,2199226.6033166773
2024-02-08 05:30:00,2199226.6033166773
2024-02-08 06:00:00,2199627.878562948
2024-02-08 06:30:00,2199610.686882284
2024-02-08 07:00:00,2199610.686882284
2024-02-19 01:00:00,2199610.686882284
2024-02-19 01:30:00,2199593.1332517085
2024-02-19 02:00:00,2199165.325707416
2024-02-19 02:30:00,2199762.7055680975
2024-02-19 03:00:00,2199762.7055680975
2024-02-19 05:00:00,2199762.7055680975
2024-02-19 05:30:00,2199762.7055680975
2024-02-19 06:00:00,2199762.7055680975
2024-02-19 06:30:00,2199762.7055680975
2024-02-19 07:00:00,2199762.7055680975
2024-02-19 13:00:00,2199414.356757749
2024-02-19 13:30:00,2199414.356757749
2024-02-19 14:00:00,2199414.356757749
2024-02-19 14:30:00,2199357.4547058623
2024-02-20 01:00:00,2199357.4547058623
2024-02-20 01:30:00,2199165.776626703
2024-02-20 02:00:00,2199165.776626703
2024-02-20 02:30:00,2199165.776626703
2024-02-20 03:00:00,2198492.5188428005
2024-02-20 05:00:00,2198492.5188428005
2024-02-20 05:30:00,2198097.14790518
2024-02-20 06:00:00,2198706.5710397842
2024-02-20 06:30:00,2198706.5710397842
2024-02-20 07:00:00,2198706.5710397842
2024-02-20 13:00:00,2198569.1950999023
2024-02-20 13:30:00,2198569.1950999023
2024-02-20 14:00:00,2198569.1950999023
2024-02-20 14:30:00,2198569.1950999023
2024-02-21 01:00:00,2198569.1950999023
2024-02-21 01:30:00,2198675.920301764
2024-02-21 02:00:00,2198675.920301764
2024-02-21 02:30:00,2198963.3143638643
2024-02-21 03:00:00,2212590.277555034
2024-02-21 05:00:00,2212590.277555034
2024-02-21 05:30:00,2211958.6917430717
2024-02-21 06:00:00,2211958.6917430717
2024-02-21 06:30:00,2211958.6917430717
2024-02-21 07:00:00,2211958.6917430717
2024-02-21 13:00:00,2211959.7716108495
2024-02-21 13:30:00,2211959.7716108495
2024-02-21 14:00:00,2211959.7716108495
2024-02-21 14:30:00,2211959.7716108495
2024-02-22 01:00:00,2211628.4741789103
2024-02-22 01:30:00,2211628.4741789103
2024-02-22 02:00:00,2211628.4741789103
2024-02-22 02:30:00,2211628.4741789103
2024-02-22 03:00:00,2211628.4741789103
2024-02-22 05:00:00,2211628.4741789103
2024-02-22 05:30:00,2211628.4741789103
2024-02-22 06:00:00,2212020.5630585384
2024-02-22 06:30:00,2212020.5630585384
2024-02-22 07:00:00,2212020.5630585384
2024-02-22 13:00:00,2212020.5630585384
2024-02-22 13:30:00,2211626.218645629
2024-02-22 14:00:00,2211736.0281343376
2024-02-22 14:30:00,2211736.0281343376
2024-02-23 01:00:00,2211736.0281343376
2024-02-23 01:30:00,2211736.0281343376
2024-02-23 02:00:00,2211736.0281343376
2024-02-23 02:30:00,2211736.0281343376
2024-02-23 03:00:00,2211736.0281343376
2024-02-23 05:00:00,2211736.0281343376
2024-02-23 05:30:00,2212013.6390478318
2024-02-23 06:00:00,2212013.6390478318
2024-02-23 06:30:00,2212013.6390478318
2024-02-23 07:00:00,2212013.6390478318
2024-02-23 13:00:00,2212013.6390478318
2024-02-23 13:30:00,2211861.2779423813
2024-02-23 14:00:00,2211861.2779423813
2024-02-23 14:30:00,2211861.2779423813
2024-02-26 01:00:00,2211861.2779423813
2024-02-26 01:30:00,2210371.2332947557
2024-02-26 02:00:00,2210371.2332947557
2024-02-26 02:30:00,2210371.2332947557
2024-02-26 03:00:00,2210371.2332947557
2024-02-26 05:00:00,2210371.2332947557
2024-02-26 05:30:00,2209962.6033626124
2024-02-26 06:00:00,2209962.6033626124
2024-02-26 06:30:00,2209962.6033626124
2024-02-26 07:00:00,2209962.6033626124
2024-02-26 13:00:00,2209962.6033626124
2024-02-26 13:30:00,2209962.6033626124
2024-02-26 14:00:00,2209962.6033626124
2024-02-26 14:30:00,2209962.6033626124
2024-02-27 01:00:00,2209962.6033626124
2024-02-27 01:30:00,2208493.5278036157
2024-02-27 02:00:00,2208582.6889468087
2024-02-27 02:30:00,2208582.6889468087
2024-02-27 03:00:00,2208582.6889468087
2024-02-27 05:00:00,2208582.6889468087
2024-02-27 05:30:00,2208582.6889468087
2024-02-27 06:00:00,2208628.733893258
2024-02-27 06:30:00,2208628.733893258
2024-02-27 07:00:00,2208628.733893258
2024-02-27 13:00:00,2208628.733893258
2024-02-27 13:30:00,2208628.733893258
2024-02-27 14:00:00,2208628.733893258
2024-02-27 14:30:00,2208628.733893258
2024-02-28 01:00:00,2208628.733893258
2024-02-28 01:30:00,2208101.454774139
2024-02-28 02:00:00,2208101.454774139
2024-02-28 02:30:00,2208805.359020792
2024-02-28 03:00:00,2208486.6562043237
2024-02-28 05:00:00,2206682.9505844
2024-02-28 05:30:00,2206682.9505844
2024-02-28 06:00:00,2207151.163755248
2024-02-28 06:30:00,2207416.869224575
2024-02-28 07:00:00,2207416.869224575
2024-02-28 13:00:00,2207160.1369837997
2024-02-28 13:30:00,2207160.1369837997
2024-02-28 14:00:00,2207160.1369837997
2024-02-28 14:30:00,2207160.1369837997
2024-02-29 01:00:00,2207160.1369837997
2024-02-29 01:30:00,2205639.0491167563
2024-02-29 02:00:00,2205353.350204691
2024-02-29 02:30:00,2204976.1888917866
2024-02-29 03:00:00,2204976.1888917866
2024-02-29 05:00:00,2204976.1888917866
2024-02-29 05:30:00,2206960.503200381
2024-02-29 06:00:00,2206592.9006315763
2024-02-29 06:30:00,2204653.0121356267
2024-02-29 07:00:00,2204653.0121356267
2024-02-29 13:00:00,2204391.368329643
2024-02-29 13:30:00,2203687.7124312483
2024-02-29 14:00:00,2203687.7124312483
2024-02-29 14:30:00,2203687.7124312483
2024-03-01 01:00:00,2203687.7124312483
2024-03-01 01:30:00,2203687.7124312483
2024-03-01 02:00:00,2203579.566828533
2024-03-01 02:30:00,2203579.566828533
2024-03-01 03:00:00,2203411.7230725377
2024-03-01 05:00:00,2203411.7230725377
2024-03-01 05:30:00,2204164.369575846
2024-03-01 06:00:00,2203736.527783378
2024-03-01 06:30:00,2203736.527783378
2024-03-01 07:00:00,2203736.527783378
2024-03-01 13:00:00,2203488.7301419876
2024-03-01 13:30:00,2203248.7301419876
2024-03-01 14:00:00,2203248.7301419876
2024-03-01 14:30:00,2203248.7301419876
2024-03-04 01:00:00,2203248.7301419876
2024-03-04 01:30:00,2202206.8936443008
2024-03-04 02:00:00,2202498.22882553
2024-03-04 02:30:00,2202054.638670219
2024-03-04 03:00:00,2201428.137784989
2024-03-04 05:00:00,2201428.137784989
2024-03-04 05:30:00,2201210.3125790996
2024-03-04 06:00:00,2201210.3125790996
2024-03-04 06:30:00,2202317.7579547158
2024-03-04 07:00:00,2202317.7579547158
2024-03-04 13:00:00,2201518.193593207
2024-03-04 13:30:00,2201518.193593207
2024-03-04 14:00:00,2204007.102957716
2024-03-04 14:30:00,2204007.102957716
2024-03-05 01:00:00,2204007.102957716
2024-03-05 01:30:00,2203444.8130969196
2024-03-05 02:00:00,2201664.048894792
2024-03-05 02:30:00,2200785.6072226055
2024-03-05 03:00:00,2202319.8404718987
2024-03-05 05:00:00,2202319.8404718987
2024-03-05 05:30:00,2202319.8404718987
2024-03-05 06:00:00,2204053.3067784724
2024-03-05 06:30:00,2204053.3067784724
2024-03-05 07:00:00,2204053.3067784724
2024-03-05 13:00:00,2204053.3067784724
2024-03-05 13:30:00,2204079.522089401
2024-03-05 14:00:00,2203515.4652856463
2024-03-05 14:30:00,2203515.4652856463
2024-03-06 01:00:00,2203515.4652856463
2024-03-06 01:30:00,2203515.4652856463
2024-03-06 02:00:00,2203446.9138881383
2024-03-06 02:30:00,2203140.304369474
2024-03-06 03:00:00,2201978.9578823065
2024-03-06 05:00:00,2201978.9578823065
2024-03-06 05:30:00,2201487.854295337
2024-03-06 06:00:00,2202717.9063484324
2024-03-06 06:30:00,2202717.9063484324
2024-03-06 07:00:00,2202717.9063484324
2024-03-06 13:00:00,2202717.9063484324
2024-03-06 13:30:00,2202185.5316411187
2024-03-06 14:00:00,2201891.7119663595
2024-03-06 14:30:00,2201891.7119663595
2024-03-07 01:00:00,2201891.7119663595
2024-03-07 01:30:00,2201624.660213967
2024-03-07 02:00:00,2201624.660213967
2024-03-07 02:30:00,2201624.660213967
2024-03-07 03:00:00,2201762.180630445
2024-03-07 05:00:00,2201762.180630445
2024-03-07 05:30:00,2202120.067080431
2024-03-07 06:00:00,2202056.026297743
2024-03-07 06:30:00,2202056.026297743
2024-03-07 07:00:00,2202056.026297743
2024-03-07 13:00:00,2202056.026297743
2024-03-07 13:30:00,2202056.026297743
2024-03-07 14:00:00,2202056.026297743
2024-03-07 14:30:00,2202056.026297743
2024-03-08 01:00:00,2202056.026297743
2024-03-08 01:30:00,2202183.289558312
2024-03-08 02:00:00,2202183.289558312
2024-03-08 02:30:00,2202183.289558312
2024-03-08 03:00:00,2201583.67170185
2024-03-08 05:00:00,2201583.67170185
2024-03-08 05:30:00,2203037.4303552983
2024-03-08 06:00:00,2202499.4940636717
2024-03-08 06:30:00,2202499.4940636717
2024-03-08 07:00:00,2202499.4940636717
2024-03-08 13:00:00,2202522.7249876317
2024-03-08 13:30:00,2202822.5797499246
2024-03-08 14:00:00,2202822.5797499246
2024-03-08 14:30:00,2205027.563462055
2024-03-11 01:00:00,2206487.424049504
2024-03-11 01:30:00,2206504.5198116386
2024-03-11 02:00:00,2206504.5198116386
2024-03-11 02:30:00,2206504.5198116386
2024-03-11 03:00:00,2206180.085446842
2024-03-11 05:00:00,2205347.419094151
2024-03-11 05:30:00,2205347.419094151
2024-03-11 06:00:00,2205057.5706099803
2024-03-11 06:30:00,2204226.036867099
2024-03-11 07:00:00,2204226.036867099
2024-03-11 13:00:00,2204226.036867099
2024-03-11 13:30:00,2207058.306080402
2024-03-11 14:00:00,2207058.306080402
2024-03-11 14:30:00,2207058.306080402
2024-03-12 01:00:00,2207058.306080402
2024-03-12 01:30:00,2209408.3946938617
2024-03-12 02:00:00,2209408.3946938617
2024-03-12 02:30:00,2195863.7148036454
2024-03-12 03:00:00,2188354.5899744765
2024-03-12 05:00:00,2188354.5899744765
2024-03-12 05:30:00,2188354.5899744765
2024-03-12 06:00:00,2188354.5899744765
2024-03-12 06:30:00,2192231.254381123
2024-03-12 07:00:00,2192231.254381123
2024-03-12 13:00:00,2194047.993285226
2024-03-12 13:30:00,2194047.993285226
2024-03-12 14:00:00,2194047.993285226
2024-03-12 14:30:00,2194047.993285226
2024-03-13 01:00:00,2194047.993285226
2024-03-13 01:30:00,2194047.993285226
2024-03-13 02:00:00,2192764.2407552423
2024-03-13 02:30:00,2192764.2407552423
2024-03-13 03:00:00,2192305.5715077063
2024-03-13 05:00:00,2192305.5715077063
2024-03-13 05:30:00,2192305.5715077063
2024-03-13 06:00:00,2191663.730272669
2024-03-13 06:30:00,2191210.4781803405
2024-03-13 07:00:00,2191210.4781803405
2024-03-13 13:00:00,2191210.4781803405
2024-03-13 13:30:00,2192732.6742629255
2024-03-13 14:00:00,2192732.6742629255
2024-03-13 14:30:00,2192732.6742629255
2024-03-14 01:00:00,2193135.697151913
2024-03-14 01:30:00,2193135.697151913
2024-03-14 02:00:00,2193135.697151913
2024-03-14 02:30:00,2193135.697151913
2024-03-14 03:00:00,2193094.4241446825
2024-03-14 05:00:00,2193094.4241446825
2024-03-14 05:30:00,2193094.4241446825
2024-03-14 06:00:00,2193094.4241446825
2024-03-14 06:30:00,2191985.8290701876
2024-03-14 07:00:00,2191985.8290701876
2024-03-14 13:00:00,2191985.8290701876
2024-03-14 13:30:00,2191985.8290701876
2024-03-14 14:00:00,2192162.319201227
2024-03-14 14:30:00,2192162.319201227
2024-03-15 01:00:00,2191818.8793043126
2024-03-15 01:30:00,2190741.144261552
2024-03-15 02:00:00,2191291.3447433976
2024-03-15 02:30:00,2192135.6960411873
2024-03-15 03:00:00,2193482.7618036787
2024-03-15 05:00:00,2193482.7618036787
2024-03-15 05:30:00,2193182.036018092
2024-03-15 06:00:00,2193182.036018092
2024-03-15 06:30:00,2193182.036018092
2024-03-15 07:00:00,2193182.036018092
2024-03-15 13:00:00,2192003.8878291766
2024-03-15 13:30:00,2196966.1554589616
2024-03-15 14:00:00,2197384.906167297
2024-03-15 14:30:00,2196775.61993169
2024-03-18 01:00:00,2196675.205926737
2024-03-18 01:30:00,2196076.869527767
2024-03-18 02:00:00,2196076.869527767
2024-03-18 02:30:00,2196076.869527767
2024-03-18 03:00:00,2195024.7322092736
2024-03-18 05:00:00,2187861.5989431026
2024-03-18 05:30:00,2187861.5989431026
2024-03-18 06:00:00,2187861.5989431026
2024-03-18 06:30:00,2188015.115035222
2024-03-18 07:00:00,2188015.115035222
2024-03-18 13:00:00,2188139.3148605423
2024-03-18 13:30:00,2188139.3148605423
2024-03-18 14:00:00,2188139.3148605423
2024-03-18 14:30:00,2188139.3148605423
2024-03-19 01:00:00,2188139.3148605423
2024-03-19 01:30:00,2188139.3148605423
2024-03-19 02:00:00,2188139.3148605423
2024-03-19 02:30:00,2188139.3148605423
2024-03-19 03:00:00,2187921.7901072903
2024-03-19 05:00:00,2192373.780695149
2024-03-19 05:30:00,2192373.780695149
2024-03-19 06:00:00,2191458.2390268417
2024-03-19 06:30:00,2188268.7081857785
2024-03-19 07:00:00,2188268.7081857785
2024-03-19 13:00:00,2187828.34471779
2024-03-19 13:30:00,2188469.5457950514
2024-03-19 14:00:00,2188469.5457950514
2024-03-19 14:30:00,2188469.5457950514
2024-03-20 01:00:00,2188469.5457950514
2024-03-20 01:30:00,2194131.7532521402
2024-03-20 02:00:00,2194131.7532521402
2024-03-20 02:30:00,2194131.7532521402
2024-03-20 03:00:00,2194131.7532521402
2024-03-20 05:00:00,2194131.7532521402
2024-03-20 05:30:00,2194131.7532521402
2024-03-20 06:00:00,2192295.2609901293
2024-03-20 06:30:00,2192295.2609901293
2024-03-20 07:00:00,2192295.2609901293
2024-03-20 13:00:00,2192295.2609901293
2024-03-20 13:30:00,2192295.2609901293
2024-03-20 14:00:00,2192295.2609901293
2024-03-20 14:30:00,2192295.2609901293
2024-03-21 01:00:00,2192429.1029188433
2024-03-21 01:30:00,2194054.8151872773
2024-03-21 02:00:00,2194054.8151872773
2024-03-21 02:30:00,2194054.8151872773
2024-03-21 03:00:00,2192942.0053457683
2024-03-21 05:00:00,2192942.0053457683
2024-03-21 05:30:00,2192551.620328933
2024-03-21 06:00:00,2191183.2371367984
2024-03-21 06:30:00,2191183.2371367984
2024-03-21 07:00:00,2191183.2371367984
2024-03-21 13:00:00,2194407.803157708
2024-03-21 13:30:00,2192939.2227555127
2024-03-21 14:00:00,2192019.2227555127
2024-03-21 14:30:00,2192019.2227555127
2024-03-22 01:00:00,2199880.9531219606
2024-03-22 01:30:00,2198851.4501805576
2024-03-22 02:00:00,2198851.4501805576
2024-03-22 02:30:00,2198894.307185821
2024-03-22 03:00:00,2198019.2787739174
2024-03-22 05:00:00,2198019.2787739174
2024-03-22 05:30:00,2196233.4845981025
2024-03-22 06:00:00,2194125.4294831837
2024-03-22 06:30:00,2193380.9670148185
2024-03-22 07:00:00,2193380.9670148185
2024-03-22 13:00:00,2193380.9670148185
2024-03-22 13:30:00,2193226.2441272438
2024-03-22 14:00:00,2193226.2441272438
2024-03-22 14:30:00,2193226.2441272438
2024-03-25 01:00:00,2193007.2965905713
2024-03-25 01:30:00,2192644.607551246
2024-03-25 02:00:00,2192644.607551246
2024-03-25 02:30:00,2192644.607551246
2024-03-25 03:00:00,2191435.1626191433
2024-03-25 05:00:00,2191435.1626191433
2024-03-25 05:30:00,2192202.478383824
2024-03-25 06:00:00,2191082.8749792194
2024-03-25 06:30:00,2179681.4251326993
2024-03-25 07:00:00,2179681.4251326993
2024-03-25 13:00:00,2179681.4251326993
2024-03-25 13:30:00,2179946.7677328615
2024-03-25 14:00:00,2179946.7677328615
2024-03-25 14:30:00,2179946.7677328615
2024-03-26 01:00:00,2179946.7677328615
2024-03-26 01:30:00,2179946.7677328615
2024-03-26 02:00:00,2180091.9333214713
2024-03-26 02:30:00,2180091.9333214713
2024-03-26 03:00:00,2179571.3871275983
2024-03-26 05:00:00,2179571.3871275983
2024-03-26 05:30:00,2178245.575901364
2024-03-26 06:00:00,2178245.575901364
2024-03-26 06:30:00,2178245.575901364
2024-03-26 07:00:00,2178245.575901364
2024-03-26 13:00:00,2178245.575901364
2024-03-26 13:30:00,2178173.132529086
2024-03-26 14:00:00,2178173.132529086
2024-03-26 14:30:00,2178173.132529086
2024-03-27 01:00:00,2180361.3798218584
2024-03-27 01:30:00,2175368.424232148
2024-03-27 02:00:00,2175368.424232148
2024-03-27 02:30:00,2174359.333218576
2024-03-27 03:00:00,2174359.333218576
2024-03-27 05:00:00,2174359.333218576
2024-03-27 05:30:00,2174359.333218576
2024-03-27 06:00:00,2174359.333218576
2024-03-27 06:30:00,2174160.447081795
2024-03-27 07:00:00,2174160.447081795
2024-03-27 13:00:00,2174030.803195168
2024-03-27 13:30:00,2174030.803195168
2024-03-27 14:00:00,2174030.803195168
2024-03-27 14:30:00,2173871.360089563
2024-03-28 01:00:00,2173392.352419175
2024-03-28 01:30:00,2171320.5374853057
2024-03-28 02:00:00,2170830.7005717177
2024-03-28 02:30:00,2170830.7005717177
2024-03-28 03:00:00,2168229.373152552
2024-03-28 05:00:00,2168229.373152552
2024-03-28 05:30:00,2167906.363377962
2024-03-28 06:00:00,2167906.363377962
2024-03-28 06:30:00,2167906.363377962
2024-03-28 07:00:00,2167906.363377962
2024-03-28 13:00:00,2167906.363377962
2024-03-28 13:30:00,2167906.363377962
2024-03-28 14:00:00,2167906.363377962
2024-03-28 14:30:00,2167906.363377962
2024-03-29 01:00:00,2167906.363377962
2024-03-29 01:30:00,2171478.006779824
2024-03-29 02:00:00,2169818.6454537194
2024-03-29 02:30:00,2171360.8249805886
2024-03-29 03:00:00,2170722.603968502
2024-03-29 05:00:00,2170722.603968502
2024-03-29 05:30:00,2170269.2332762787
2024-03-29 06:00:00,2165863.9530252516
2024-03-29 06:30:00,2165863.9530252516
2024-03-29 07:00:00,2165863.9530252516
2024-03-29 13:00:00,2165583.7564007416
2024-03-29 13:30:00,2165939.3163322443
2024-03-29 14:00:00,2165821.729817519
2024-03-29 14:30:00,2165821.729817519
2024-04-01 01:00:00,2165821.729817519
2024-04-01 01:30:00,2165379.671040449
2024-04-01 02:00:00,2165263.9305244177
2024-04-01 02:30:00,2165263.9305244177
2024-04-01 03:00:00,2165263.9305244177
2024-04-01 05:00:00,2165263.9305244177
2024-04-01 05:30:00,2165263.9305244177
2024-04-01 06:00:00,2165181.4337419854
2024-04-01 06:30:00,2161880.7902997797
2024-04-01 07:00:00,2161880.7902997797
2024-04-01 13:00:00,2161880.7902997797
2024-04-01 13:30:00,2161880.7902997797
2024-04-01 14:00:00,2161880.7902997797
2024-04-01 14:30:00,2161880.7902997797
2024-04-02 01:00:00,2161880.7902997797
2024-04-02 01:30:00,2161143.5130059365
2024-04-02 02:00:00,2160889.7234869287
2024-04-02 02:30:00,2160889.7234869287
2024-04-02 03:00:00,2160770.066563877
2024-04-02 05:00:00,2160770.066563877
2024-04-02 05:30:00,2156587.45720052
2024-04-02 06:00:00,2156587.45720052
2024-04-02 06:30:00,2156587.45720052
2024-04-02 07:00:00,2156587.45720052
2024-04-02 13:00:00,2156587.45720052
2024-04-02 13:30:00,2156587.45720052
2024-04-02 14:00:00,2156587.45720052
2024-04-02 14:30:00,2156233.240557669
2024-04-03 01:00:00,2155113.4696627534
2024-04-03 01:30:00,2155475.966100448
2024-04-03 02:00:00,2155378.651306327
2024-04-03 02:30:00,2155378.651306327
2024-04-03 03:00:00,2155378.651306327
2024-04-03 05:00:00,2155378.651306327
2024-04-03 05:30:00,2155378.651306327
2024-04-03 06:00:00,2155378.651306327
2024-04-03 06:30:00,2155378.651306327
2024-04-03 07:00:00,2154826.9445090056
2024-04-08 01:00:00,2154430.491548671
2024-04-08 01:30:00,2153004.899119639
2024-04-08 02:00:00,2151054.899119639
2024-04-08 02:30:00,2151054.899119639
2024-04-08 03:00:00,2151054.899119639
2024-04-08 05:00:00,2151054.899119639
2024-04-08 05:30:00,2151054.899119639
2024-04-08 06:00:00,2150663.2601298504
2024-04-08 06:30:00,2150663.2601298504
2024-04-08 07:00:00,2150663.2601298504
2024-04-08 13:00:00,2150663.2601298504
2024-04-08 13:30:00,2150343.2601298504
2024-04-08 14:00:00,2150343.2601298504
2024-04-08 14:30:00,2149779.4531706413
2024-04-09 01:00:00,2149779.4531706413
2024-04-09 01:30:00,2149547.415875204
2024-04-09 02:00:00,2149547.415875204
2024-04-09 02:30:00,2149855.7139868853
2024-04-09 03:00:00,2153137.4580787844
2024-04-09 05:00:00,2153137.4580787844
2024-04-09 05:30:00,2151027.061795956
2024-04-09 06:00:00,2151027.061795956
2024-04-09 06:30:00,2151027.061795956
2024-04-09 07:00:00,2151027.061795956
2024-04-09 13:00:00,2150566.4966834006
2024-04-09 13:30:00,2150090.1446416983
2024-04-09 14:00:00,2150090.1446416983
2024-04-09 14:30:00,2150090.1446416983
2024-04-10 01:00:00,2154493.167925044
2024-04-10 01:30:00,2154493.167925044
2024-04-10 02:00:00,2155293.167925044
2024-04-10 02:30:00,2155293.15789259
2024-04-10 03:00:00,2155534.29666484
2024-04-10 05:00:00,2155534.29666484
2024-04-10 05:30:00,2155534.29666484
2024-04-10 06:00:00,2154740.6953436397
2024-04-10 06:30:00,2161003.9022105983
2024-04-10 07:00:00,2161003.9022105983
2024-04-10 13:00:00,2161003.9022105983
2024-04-10 13:30:00,2161531.531412364
2024-04-10 14:00:00,2160952.7251794743
2024-04-10 14:30:00,2160952.7251794743
2024-04-11 01:00:00,2161153.534513541
2024-04-11 01:30:00,2160698.8418796333
2024-04-11 02:00:00,2165099.5749358186
2024-04-11 02:30:00,2165099.5749358186
2024-04-11 03:00:00,2164093.3814727957
2024-04-11 05:00:00,2164093.3814727957
2024-04-11 05:30:00,2164093.3814727957
2024-04-11 06:00:00,2164093.3814727957
2024-04-11 06:30:00,2152386.449348717
2024-04-11 07:00:00,2152386.449348717
2024-04-11 13:00:00,2152386.449348717
2024-04-11 13:30:00,2152046.978704931
2024-04-11 14:00:00,2152046.978704931
2024-04-11 14:30:00,2152046.978704931
2024-04-12 01:00:00,2153801.0936445664
2024-04-12 01:30:00,2153549.662920591
2024-04-12 02:00:00,2154290.0066891056
2024-04-12 02:30:00,2154290.0066891056
2024-04-12 03:00:00,2154290.0066891056
2024-04-12 05:00:00,2154290.0066891056
2024-04-12 05:30:00,2154629.624594052
2024-04-12 06:00:00,2154629.624594052
2024-04-12 06:30:00,2133344.7830460235
2024-04-12 07:00:00,2133344.7830460235
2024-04-12 13:00:00,2132949.066550557
2024-04-12 13:30:00,2133222.430673063
2024-04-12 14:00:00,2133222.430673063
2024-04-12 14:30:00,2133222.430673063
2024-04-15 01:00:00,2133222.430673063
2024-04-15 01:30:00,2132692.3426132267
2024-04-15 02:00:00,2132692.3426132267
2024-04-15 02:30:00,2132692.3426132267
2024-04-15 03:00:00,2113452.3426132267
2024-04-15 05:00:00,2113452.3426132267
2024-04-15 05:30:00,2113119.466443027
2024-04-15 06:00:00,2113119.466443027
2024-04-15 06:30:00,2104535.2218032805
2024-04-15 07:00:00,2104535.2218032805
2024-04-15 13:00:00,2104217.6400623024
2024-04-15 13:30:00,2104217.6400623024
2024-04-15 14:00:00,2104410.5012804787
2024-04-15 14:30:00,2104410.5012804787
2024-04-16 01:00:00,2104410.5012804787
2024-04-16 01:30:00,2104001.229812546
2024-04-16 02:00:00,2090706.0392813364
2024-04-16 02:30:00,2090706.0392813364
2024-04-16 03:00:00,2090706.0392813364
2024-04-16 05:00:00,2090706.0392813364
2024-04-16 05:30:00,2090706.0392813364
2024-04-16 06:00:00,2090706.0392813364
2024-04-16 06:30:00,2090687.24331044
2024-04-16 07:00:00,2090687.24331044
2024-04-16 13:00:00,2099632.6017328682
2024-04-16 13:30:00,2099632.6017328682
2024-04-16 14:00:00,2099632.6017328682
2024-04-16 14:30:00,2099632.6017328682
2024-04-17 01:00:00,2099632.6017328682
2024-04-17 01:30:00,2099247.516689692
2024-04-17 02:00:00,2097080.113349604
2024-04-17 02:30:00,2097080.113349604
2024-04-17 03:00:00,2097080.113349604
2024-04-17 05:00:00,2097080.113349604
2024-04-17 05:30:00,2096863.0102185789
2024-04-17 06:00:00,2097018.428071872
2024-04-17 06:30:00,2097018.428071872
2024-04-17 07:00:00,2097018.428071872
2024-04-17 13:00:00,2098834.1940093585
2024-04-17 13:30:00,2098834.1940093585
2024-04-17 14:00:00,2101042.063701403
2024-04-17 14:30:00,2101042.063701403
2024-04-18 01:00:00,2103662.462856095
2024-04-18 01:30:00,2103501.520081272
2024-04-18 02:00:00,2096960.200595539
2024-04-18 02:30:00,2096960.200595539
2024-04-18 03:00:00,2096771.743497767
2024-04-18 05:00:00,2096771.743497767
2024-04-18 05:30:00,2096771.743497767
2024-04-18 06:00:00,2098196.945866037
2024-04-18 06:30:00,2098196.945866037
2024-04-18 07:00:00,2098196.945866037
2024-04-18 13:00:00,2098196.945866037
2024-04-18 13:30:00,2098196.945866037
2024-04-18 14:00:00,2098196.945866037
2024-04-18 14:30:00,2098387.2062233062
2024-04-19 01:00:00,2097228.423567342
2024-04-19 01:30:00,2097228.423567342
2024-04-19 02:00:00,2096942.2421599207
2024-04-19 02:30:00,2101343.804448622
2024-04-19 03:00:00,2101343.804448622
2024-04-19 05:00:00,2101317.4990822626
2024-04-19 05:30:00,2107135.934034878
2024-04-19 06:00:00,2107135.934034878
2024-04-19 06:30:00,2107135.934034878
2024-04-19 07:00:00,2107135.934034878
2024-04-19 13:00:00,2107135.934034878
2024-04-19 13:30:00,2107135.934034878
2024-04-19 14:00:00,2107135.934034878
2024-04-19 14:30:00,2107135.934034878
2024-04-22 01:00:00,2107135.934034878
2024-04-22 01:30:00,2106899.348682504
2024-04-22 02:00:00,2107003.97282156
2024-04-22 02:30:00,2107003.97282156
2024-04-22 03:00:00,2106764.459939383
2024-04-22 05:00:00,2106764.459939383
2024-04-22 05:30:00,2095142.9192588467
2024-04-22 06:00:00,2094078.598402081
2024-04-22 06:30:00,2094078.598402081
2024-04-22 07:00:00,2094078.598402081
2024-04-22 13:00:00,2092788.7746830557
2024-04-22 13:30:00,2092442.271628631
2024-04-22 14:00:00,2092191.6470309214
2024-04-22 14:30:00,2090603.7691156722
2024-04-23 01:00:00,2090603.7691156722
2024-04-23 01:30:00,2090603.7691156722
2024-04-23 02:00:00,2090083.0266623744
2024-04-23 02:30:00,2075697.9479132376
2024-04-23 03:00:00,2075697.9479132376
2024-04-23 05:00:00,2075697.9479132376
2024-04-23 05:30:00,2075697.9479132376
2024-04-23 06:00:00,2075838.6788848108
2024-04-23 06:30:00,2075838.6788848108
2024-04-23 07:00:00,2075838.6788848108
2024-04-23 13:00:00,2077964.7532353813
2024-04-23 13:30:00,2077964.7532353813
2024-04-23 14:00:00,2077196.888772707
2024-04-23 14:30:00,2077196.888772707
2024-04-24 01:00:00,2076927.3190288418
2024-04-24 01:30:00,2076927.3190288418
2024-04-24 02:00:00,2076927.3190288418
2024-04-24 02:30:00,2076575.0858301888
2024-04-24 03:00:00,2076575.0858301888
2024-04-24 05:00:00,2076575.0858301888
2024-04-24 05:30:00,2076575.0858301888
2024-04-24 06:00:00,2075169.0451890982
2024-04-24 06:30:00,2073821.169424033
2024-04-24 07:00:00,2073821.169424033
2024-04-24 13:00:00,2073821.169424033
2024-04-24 13:30:00,2074598.316912879
2024-04-24 14:00:00,2074598.316912879
2024-04-24 14:30:00,2074598.316912879
2024-04-25 01:00:00,2074851.350461146
2024-04-25 01:30:00,2070477.3130973966
2024-04-25 02:00:00,2070477.3130973966
2024-04-25 02:30:00,2070477.3130973966
2024-04-25 03:00:00,2070460.1379117896
2024-04-25 05:00:00,2070460.1379117896
2024-04-25 05:30:00,2072355.2370051008
2024-04-25 06:00:00,2072234.1267909852
2024-04-25 06:30:00,2071753.536870534
2024-04-25 07:00:00,2071753.536870534
2024-04-25 13:00:00,2071753.536870534
2024-04-25 13:30:00,2074520.6122098642
2024-04-25 14:00:00,2074520.6122098642
2024-04-25 14:30:00,2074520.6122098642
2024-04-26 01:00:00,2074520.6122098642
2024-04-26 01:30:00,2075189.805252177
2024-04-26 02:00:00,2074610.5796034578
2024-04-26 02:30:00,2074610.5796034578
2024-04-26 03:00:00,2074610.5796034578
2024-04-26 05:00:00,2074610.5796034578
2024-04-26 05:30:00,2074610.5796034578
2024-04-26 06:00:00,2074141.1697176993
2024-04-26 06:30:00,2074141.1697176993
2024-04-26 07:00:00,2074141.1697176993
2024-04-26 13:00:00,2074141.1697176993
2024-04-26 13:30:00,2074141.1697176993
2024-04-26 14:00:00,2073613.2668946006
2024-04-26 14:30:00,2073613.2668946006
2024-04-29 01:00:00,2073025.3066956936
2024-04-29 01:30:00,2071454.406334758
2024-04-29 02:00:00,2070721.823185768
2024-04-29 02:30:00,2070721.823185768
2024-04-29 03:00:00,2070721.823185768
2024-04-29 05:00:00,2070721.823185768
2024-04-29 05:30:00,2074868.9341795852
2024-04-29 06:00:00,2074868.9341795852
2024-04-29 06:30:00,2074868.9341795852
2024-04-29 07:00:00,2074868.9341795852
2024-04-29 13:00:00,2074286.3152884962
2024-04-29 13:30:00,2074779.4877476818
2024-04-29 14:00:00,2074779.4877476818
2024-04-29 14:30:00,2075185.1713201595
2024-04-30 01:00:00,2075185.1713201595
2024-04-30 01:30:00,2075185.1713201595
2024-04-30 02:00:00,2095560.1464796995
2024-04-30 02:30:00,2094399.9820816873
2024-04-30 03:00:00,2094238.5287163276
2024-04-30 05:00:00,2094238.5287163276
2024-04-30 05:30:00,2094238.5287163276
2024-04-30 06:00:00,2093955.4547676228
2024-04-30 06:30:00,2092876.9485944111
2024-04-30 07:00:00,2092876.9485944111
2024-05-06 01:00:00,2092486.7133414613
2024-05-06 01:30:00,2090174.7269040768
2024-05-06 02:00:00,2090174.7269040768
2024-05-06 02:30:00,2089646.526009191
2024-05-06 03:00:00,2089646.526009191
2024-05-06 05:00:00,2089646.526009191
2024-05-06 05:30:00,2088881.276961442
2024-05-06 06:00:00,2088881.276961442
2024-05-06 06:30:00,2088881.276961442
2024-05-06 07:00:00,2088881.276961442
2024-05-06 13:00:00,2089849.3854792109
2024-05-06 13:30:00,2089849.3854792109
2024-05-06 14:00:00,2089849.3854792109
2024-05-06 14:30:00,2089849.3854792109
2024-05-07 01:00:00,2089849.3854792109
2024-05-07 01:30:00,2090497.4405559038
2024-05-07 02:00:00,2091136.4447963508
2024-05-07 02:30:00,2091136.4447963508
2024-05-07 03:00:00,2091294.0833633186
2024-05-07 05:00:00,2091294.0833633186
2024-05-07 05:30:00,2091822.9769933096
2024-05-07 06:00:00,2091822.9769933096
2024-05-07 06:30:00,2090490.6827549355
2024-05-07 07:00:00,2090490.6827549355
2024-05-07 13:00:00,2090490.6827549355
2024-05-07 13:30:00,2090430.6827549355
2024-05-07 14:00:00,2090430.6827549355
2024-05-07 14:30:00,2090430.6827549355
2024-05-08 01:00:00,2090430.6827549355
2024-05-08 01:30:00,2091870.2728940255
2024-05-08 02:00:00,2092790.672599197
2024-05-08 02:30:00,2092790.672599197
2024-05-08 03:00:00,2092790.672599197
2024-05-08 05:00:00,2092790.672599197
2024-05-08 05:30:00,2092790.672599197
2024-05-08 06:00:00,2093394.1000642558
2024-05-08 06:30:00,2093906.8502389027
2024-05-08 07:00:00,2093906.8502389027
2024-05-08 13:00:00,2094280.9554971964
2024-05-08 13:30:00,2094710.9554971964
2024-05-08 14:00:00,2094437.4405479208
2024-05-08 14:30:00,2093736.3294684114
2024-05-09 01:00:00,2093400.0177479587
2024-05-09 01:30:00,2097006.7686865379
2024-05-09 02:00:00,2097006.7686865379
2024-05-09 02:30:00,2096228.1148981487
2024-05-09 03:00:00,2096228.1148981487
2024-05-09 05:00:00,2096228.1148981487
2024-05-09 05:30:00,2096228.1148981487
2024-05-09 06:00:00,2094017.7918178237
2024-05-09 06:30:00,2094017.7918178237
2024-05-09 07:00:00,2094017.7918178237
2024-05-09 13:00:00,2094017.7918178237
2024-05-09 13:30:00,2094017.7918178237
2024-05-09 14:00:00,2094017.7918178237
2024-05-09 14:30:00,2094017.7918178237
2024-05-10 01:00:00,2094017.7918178237
2024-05-10 01:30:00,2093504.9976929645
2024-05-10 02:00:00,2093991.0689752717
2024-05-10 02:30:00,2093554.4927182316
2024-05-10 03:00:00,2095782.754956374
2024-05-10 05:00:00,2095782.754956374
2024-05-10 05:30:00,2081001.1228358003
2024-05-10 06:00:00,2081267.9910236786
2024-05-10 06:30:00,2081267.9910236786
2024-05-10 07:00:00,2081267.9910236786
2024-05-10 13:00:00,2081351.8862174477
2024-05-10 13:30:00,2081397.6913566291
2024-05-10 14:00:00,2081397.6913566291
2024-05-10 14:30:00,2081680.9147429706
2024-05-13 01:00:00,2081680.9147429706
2024-05-13 01:30:00,2082740.9147429706
2024-05-13 02:00:00,2078900.9147429706
2024-05-13 02:30:00,2078659.5734116295
2024-05-13 03:00:00,2074171.2979657517
2024-05-13 05:00:00,2074171.2979657517
2024-05-13 05:30:00,2074171.2979657517
2024-05-13 06:00:00,2074171.2979657517
2024-05-13 06:30:00,2074171.2979657517
2024-05-13 07:00:00,2074171.2979657517
2024-05-13 13:00:00,2074171.2979657517
2024-05-13 13:30:00,2073836.4433422943
2024-05-13 14:00:00,2072726.8102290058
2024-05-13 14:30:00,2072726.8102290058
2024-05-14 01:00:00,2075131.5828223468
2024-05-14 01:30:00,2077717.849341005
2024-05-14 02:00:00,2077934.0317370538
2024-05-14 02:30:00,2077909.8699461878
2024-05-14 03:00:00,2077909.8699461878
2024-05-14 05:00:00,2077909.8699461878
2024-05-14 05:30:00,2077909.8699461878
2024-05-14 06:00:00,2077370.9488310427
2024-05-14 06:30:00,2076651.809014842
2024-05-14 07:00:00,2076651.5202218653
2024-05-14 13:00:00,2076651.5202218653
2024-05-14 13:30:00,2076651.5202218653
2024-05-14 14:00:00,2075998.8305301357
2024-05-14 14:30:00,2075745.538243294
2024-05-15 01:00:00,2076511.1650221818
2024-05-15 01:30:00,2076414.8404324022
2024-05-15 02:00:00,2076414.8404324022
2024-05-15 02:30:00,2076414.8404324022
2024-05-15 03:00:00,2076246.8996600204
2024-05-15 05:00:00,2076246.8996600204
2024-05-15 05:30:00,2076246.8996600204
2024-05-15 06:00:00,2075716.6702884643
2024-05-15 06:30:00,2075147.417200403
2024-05-15 07:00:00,2075147.417200403
2024-05-15 13:00:00,2074632.3054833177
2024-05-15 13:30:00,2073370.7699293664
2024-05-15 14:00:00,2073695.0701001477
2024-05-15 14:30:00,2073695.0701001477
2024-05-16 01:00:00,2073695.0701001477
2024-05-16 01:30:00,2073747.096065446
2024-05-16 02:00:00,2073747.096065446
2024-05-16 02:30:00,2073747.096065446
2024-05-16 03:00:00,2073747.096065446
2024-05-16 05:00:00,2073747.096065446
2024-05-16 05:30:00,2080703.6798463357
2024-05-16 06:00:00,2080877.2511131074
2024-05-16 06:30:00,2080684.916925215
2024-05-16 07:00:00,2080684.916925215
2024-05-16 13:00:00,2081725.766509532
2024-05-16 13:30:00,2081554.1021396301
2024-05-16 14:00:00,2081554.1021396301
2024-05-16 14:30:00,2080700.891344026
2024-05-17 01:00:00,2080700.891344026
2024-05-17 01:30:00,2078507.2124866447
2024-05-17 02:00:00,2078507.2124866447
2024-05-17 02:30:00,2092598.9351747907
2024-05-17 03:00:00,2092598.9351747907
2024-05-17 05:00:00,2092598.9351747907
2024-05-17 05:30:00,2092518.8059372748
2024-05-17 06:00:00,2092518.8059372748
2024-05-17 06:30:00,2092518.8059372748
2024-05-17 07:00:00,2092518.8059372748
2024-05-17 13:00:00,2092518.8059372748
2024-05-17 13:30:00,2093360.8902220954
2024-05-17 14:00:00,2092820.827031386
2024-05-17 14:30:00,2092941.7008019264
2024-05-20 01:00:00,2092941.7008019264
2024-05-20 01:30:00,2092956.736544679
2024-05-20 02:00:00,2092956.736544679
2024-05-20 02:30:00,2092551.409507557
2024-05-20 03:00:00,2090321.3212622625
2024-05-20 05:00:00,2090321.3212622625
2024-05-20 05:30:00,2091111.8944081422
2024-05-20 06:00:00,2091111.8944081422
2024-05-20 06:30:00,2091111.8944081422
2024-05-20 07:00:00,2091111.8944081422
2024-05-20 13:00:00,2091111.8944081422
2024-05-20 13:30:00,2090703.4437371094
2024-05-20 14:00:00,2090703.4437371094
2024-05-20 14:30:00,2090703.4437371094
2024-05-21 01:00:00,2090564.0579166238
2024-05-21 01:30:00,2090564.0579166238
2024-05-21 02:00:00,2091758.9930228754
2024-05-21 02:30:00,2091758.9930228754
2024-05-21 03:00:00,2091758.9930228754
2024-05-21 05:00:00,2091758.9930228754
2024-05-21 05:30:00,2091758.9930228754
2024-05-21 06:00:00,2091758.9930228754
2024-05-21 06:30:00,2091758.9930228754
2024-05-21 07:00:00,2091758.9930228754
2024-05-21 13:00:00,2091758.9930228754
2024-05-21 13:30:00,2091758.9930228754
2024-05-21 14:00:00,2091758.9930228754
2024-05-21 14:30:00,2091758.9930228754
2024-05-22 01:00:00,2091758.9930228754
2024-05-22 01:30:00,2091395.193602601
2024-05-22 02:00:00,2083311.0972181396
2024-05-22 02:30:00,2082772.7838972192
2024-05-22 03:00:00,2082330.7995551217
2024-05-22 05:00:00,2082330.7995551217
2024-05-22 05:30:00,2082330.7995551217
2024-05-22 06:00:00,2082330.7995551217
2024-05-22 06:30:00,2082330.7995551217
2024-05-22 07:00:00,2082330.7995551217
2024-05-22 13:00:00,2082330.7995551217
2024-05-22 13:30:00,2081482.7710612703
2024-05-22 14:00:00,2081563.3146064212
2024-05-22 14:30:00,2080593.2130087933
2024-05-23 01:00:00,2080593.2130087933
2024-05-23 01:30:00,2080295.0332133088
2024-05-23 02:00:00,2079259.6191770358
2024-05-23 02:30:00,2079259.6191770358
2024-05-23 03:00:00,2079259.6191770358
2024-05-23 05:00:00,2079259.6191770358
2024-05-23 05:30:00,2079259.6191770358
2024-05-23 06:00:00,2078687.3193300173
2024-05-23 06:30:00,2078687.3193300173
2024-05-23 07:00:00,2078687.3193300173
2024-05-23 13:00:00,2077551.6940310602
2024-05-23 13:30:00,2075191.6940310602
2024-05-23 14:00:00,2075191.6940310602
2024-05-23 14:30:00,2075191.6940310602
2024-05-23 15:00:00,2075191.6940310602
2024-05-23 15:30:00,2075191.6940310602
2024-05-23 16:00:00,2075191.6940310602
2024-05-23 16:30:00,2075191.6940310602
2024-05-24 01:00:00,2074506.0453077375
2024-05-24 01:30:00,2073486.0453077375
2024-05-24 02:00:00,2079274.7252931546
2024-05-24 02:30:00,2079274.7252931546
2024-05-24 03:00:00,2081495.2495107257
2024-05-24 05:00:00,2081956.320392838
2024-05-24 05:30:00,2080975.989006887
2024-05-24 06:00:00,2080975.989006887
2024-05-24 06:30:00,2081292.5209353867
2024-05-24 07:00:00,2081292.5209353867
2024-05-24 13:00:00,2080915.2863432127
2024-05-24 13:30:00,2080915.2863432127
2024-05-24 14:00:00,2080915.2863432127
2024-05-24 14:30:00,2080239.182863319
2024-05-24 15:00:00,2080239.182863319
2024-05-24 15:30:00,2080239.182863319
2024-05-24 16:00:00,2080239.182863319
2024-05-24 16:30:00,2080239.182863319
2024-05-27 01:00:00,2080239.182863319
2024-05-27 01:30:00,2080239.182863319
2024-05-27 02:00:00,2086420.6561837282
2024-05-27 02:30:00,2085760.5370079349
2024-05-27 03:00:00,2085228.1803064737
2024-05-27 05:00:00,2084376.062230017
2024-05-27 05:30:00,2084376.062230017
2024-05-27 06:00:00,2084376.062230017
2024-05-27 06:30:00,2084376.062230017
2024-05-27 07:00:00,2084376.062230017
2024-05-27 13:00:00,2083864.1108167744
2024-05-27 13:30:00,2082767.1396763232
2024-05-27 14:00:00,2082464.791709921
2024-05-27 14:30:00,2082464.791709921
2024-05-27 15:00:00,2082464.791709921
2024-05-27 15:30:00,2082464.791709921
2024-05-27 16:00:00,2082464.791709921
2024-05-27 16:30:00,2082464.791709921
2024-05-28 01:00:00,2082464.791709921
2024-05-28 01:30:00,2082464.791709921
2024-05-28 02:00:00,2082464.791709921
2024-05-28 02:30:00,2082464.791709921
2024-05-28 03:00:00,2083220.9284142514
2024-05-28 05:00:00,2083220.9284142514
2024-05-28 05:30:00,2083294.184520945
2024-05-28 06:00:00,2085711.1762621496
2024-05-28 06:30:00,2088434.7235510298
2024-05-28 07:00:00,2088434.7235510298
2024-05-28 13:00:00,2089508.1843097173
2024-05-28 13:30:00,2084446.3060660588
2024-05-28 14:00:00,2085592.548586087
2024-05-28 14:30:00,2079243.242092108
2024-05-28 15:00:00,2079243.242092108
2024-05-28 15:30:00,2079243.242092108
2024-05-28 16:00:00,2079243.242092108
2024-05-28 16:30:00,2079243.242092108
2024-05-29 01:00:00,2079442.0936482563
2024-05-29 01:30:00,2079442.0936482563
2024-05-29 02:00:00,2079442.0936482563
2024-05-29 02:30:00,2079442.0936482563
2024-05-29 03:00:00,2079696.9563678678
2024-05-29 05:00:00,2079696.9563678678
2024-05-29 05:30:00,2079696.9563678678
2024-05-29 06:00:00,2079500.771284026
2024-05-29 06:30:00,2080946.2015265885
2024-05-29 07:00:00,2080946.2015265885
2024-05-29 13:00:00,2081004.534462776
2024-05-29 13:30:00,2080293.4661934273
2024-05-29 14:00:00,2080293.4661934273
2024-05-29 14:30:00,2080293.4661934273
2024-05-29 15:00:00,2080293.4661934273
2024-05-29 15:30:00,2080293.4661934273
2024-05-29 16:00:00,2080293.4661934273
2024-05-29 16:30:00,2080293.4661934273
2024-05-30 01:00:00,2080504.0785375359
2024-05-30 01:30:00,2079224.5090944748
2024-05-30 02:00:00,2078844.3643422402
2024-05-30 02:30:00,2078844.3643422402
2024-05-30 03:00:00,2074533.6123650675
2024-05-30 05:00:00,2074533.6123650675
2024-05-30 05:30:00,2066162.1711910586
2024-05-30 06:00:00,2064726.189164822
2024-05-30 06:30:00,2064805.286546652
2024-05-30 07:00:00,2064805.286546652
2024-05-30 13:00:00,2064519.6799018902
2024-05-30 13:30:00,2064097.3893330973
2024-05-30 14:00:00,2064097.3893330973
2024-05-30 14:30:00,2064097.3893330973
2024-05-30 15:00:00,2064097.3893330973
2024-05-30 15:30:00,2064097.3893330973
2024-05-30 16:00:00,2064097.3893330973
2024-05-30 16:30:00,2064097.3893330973
2024-05-31 01:00:00,2064097.3893330973
2024-05-31 01:30:00,2064275.3442792422
2024-05-31 02:00:00,2064037.913543632
2024-05-31 02:30:00,2064037.913543632
2024-05-31 03:00:00,2061763.9264855639
2024-05-31 05:00:00,2061763.9264855639
2024-05-31 05:30:00,2061763.9264855639
2024-05-31 06:00:00,2059167.134074804
2024-05-31 06:30:00,2059167.134074804
2024-05-31 07:00:00,2059167.134074804
2024-05-31 13:00:00,2060778.0897155553
2024-05-31 13:30:00,2060778.0897155553
2024-05-31 14:00:00,2060605.145752314
2024-05-31 14:30:00,2060605.145752314
2024-05-31 15:00:00,2059176.859944825
2024-05-31 15:30:00,2059176.859944825
2024-05-31 16:00:00,2059176.859944825
2024-05-31 16:30:00,2059176.859944825
2024-06-03 01:00:00,2059145.4628845549
2024-06-03 01:30:00,2066276.5074835506
2024-06-03 02:00:00,2066276.5074835506
2024-06-03 02:30:00,2066276.5074835506
2024-06-03 03:00:00,2065522.0553329373
2024-06-03 05:00:00,2065522.0553329373
2024-06-03 05:30:00,2061972.8518050718
2024-06-03 06:00:00,2060413.6418460421
2024-06-03 06:30:00,2060413.6418460421
2024-06-03 07:00:00,2060413.6418460421
2024-06-03 13:00:00,2060413.6418460421
2024-06-03 13:30:00,2061943.6418460421
2024-06-03 14:00:00,2061943.6418460421
2024-06-03 14:30:00,2061943.6418460421
2024-06-03 15:00:00,2061943.6418460421
2024-06-03 15:30:00,2061943.6418460421
2024-06-03 16:00:00,2061943.6418460421
2024-06-03 16:30:00,2061943.6418460421
2024-06-04 01:00:00,2061943.6418460421
2024-06-04 01:30:00,2061602.3488835527
2024-06-04 02:00:00,2061602.3488835527
2024-06-04 02:30:00,2068651.1136271711
2024-06-04 03:00:00,2068413.1643161906
2024-06-04 05:00:00,2068413.1643161906
2024-06-04 05:30:00,2069770.7856071033
2024-06-04 06:00:00,2069770.7856071033
2024-06-04 06:30:00,2070748.5356437608
2024-06-04 07:00:00,2070748.5356437608
2024-06-04 13:00:00,2070711.296421639
2024-06-04 13:30:00,2072170.6375376962
2024-06-04 14:00:00,2072170.6375376962
2024-06-04 14:30:00,2073967.3250423737
2024-06-04 15:00:00,2073967.3250423737
2024-06-04 15:30:00,2073967.3250423737
2024-06-04 16:00:00,2073967.3250423737
2024-06-04 16:30:00,2073967.3250423737
2024-06-05 01:00:00,2076149.775305064
2024-06-05 01:30:00,2080479.9095853756
2024-06-05 02:00:00,2080479.9095853756
2024-06-05 02:30:00,2082450.4134786255
2024-06-05 03:00:00,2082450.4134786255
2024-06-05 05:00:00,2082450.4134786255
2024-06-05 05:30:00,2084694.6502897332
2024-06-05 06:00:00,2083897.0855412104
2024-06-05 06:30:00,2075366.9484959585
2024-06-05 07:00:00,2075366.9484959585
2024-06-05 13:00:00,2075366.9484959585
2024-06-05 13:30:00,2074681.0083452233
2024-06-05 14:00:00,2075600.7956545276
2024-06-05 14:30:00,2075600.7956545276
2024-06-05 15:00:00,2075600.7956545276
2024-06-05 15:30:00,2075600.7956545276
2024-06-05 16:00:00,2075600.7956545276
2024-06-05 16:30:00,2075600.7956545276
2024-06-06 01:00:00,2075600.7956545276
2024-06-06 01:30:00,2078973.719081351
2024-06-06 02:00:00,2078973.719081351
2024-06-06 02:30:00,2078973.719081351
2024-06-06 03:00:00,2081895.766703431
2024-06-06 05:00:00,2081895.766703431
2024-06-06 05:30:00,2081233.0363124274
2024-06-06 06:00:00,2078944.8073857764
2024-06-06 06:30:00,2079947.0104152777
2024-06-06 07:00:00,2079947.0104152777
2024-06-06 13:00:00,2079947.0104152777
2024-06-06 13:30:00,2079947.0104152777
2024-06-06 14:00:00,2079947.0104152777
2024-06-06 14:30:00,2079947.0104152777
2024-06-06 15:00:00,2079947.0104152777
2024-06-06 15:30:00,2079947.0104152777
2024-06-06 16:00:00,2079947.0104152777
2024-06-06 16:30:00,2079947.0104152777
2024-06-07 01:00:00,2079982.3233567642
2024-06-07 01:30:00,2079331.9573462277
2024-06-07 02:00:00,2090340.6643926916
2024-06-07 02:30:00,2096741.2434569793
2024-06-07 03:00:00,2096741.2434569793
2024-06-07 05:00:00,2096741.2434569793
2024-06-07 05:30:00,2095228.6839583744
2024-06-07 06:00:00,2095228.6839583744
2024-06-07 06:30:00,2096802.546130682
2024-06-07 07:00:00,2096802.546130682
2024-06-11 01:00:00,2096802.546130682
2024-06-11 01:30:00,2094538.2070053266
2024-06-11 02:00:00,2094538.2070053266
2024-06-11 02:30:00,2093864.4422858425
2024-06-11 03:00:00,2081762.7440204811
2024-06-11 05:00:00,2081762.7440204811
2024-06-11 05:30:00,2081762.7440204811
2024-06-11 06:00:00,2081762.7440204811
2024-06-11 06:30:00,2084788.4132755343
2024-06-11 07:00:00,2084788.4132755343
2024-06-11 13:00:00,2084319.4316322114
2024-06-11 13:30:00,2084208.0948857942
2024-06-11 14:00:00,2084208.0948857942
2024-06-11 14:30:00,2084208.0948857942
2024-06-11 15:00:00,2084208.0948857942
2024-06-11 15:30:00,2084208.0948857942
2024-06-11 16:00:00,2084208.0948857942
2024-06-11 16:30:00,2084208.0948857942
2024-06-12 01:00:00,2086396.15040506
2024-06-12 01:30:00,2086442.5264954802
2024-06-12 02:00:00,2085391.829133436
2024-06-12 02:30:00,2085391.829133436
2024-06-12 03:00:00,2085158.013436186
2024-06-12 05:00:00,2085158.013436186
2024-06-12 05:30:00,2085508.2626114204
2024-06-12 06:00:00,2085508.2626114204
2024-06-12 06:30:00,2085901.5229275515
2024-06-12 07:00:00,2085901.5229275515
2024-06-12 13:00:00,2085901.5229275515
2024-06-12 13:30:00,2085901.5229275515
2024-06-12 14:00:00,2085901.5229275515
2024-06-12 14:30:00,2084981.84556826
2024-06-12 15:00:00,2084981.84556826
2024-06-12 15:30:00,2084981.84556826
2024-06-12 16:00:00,2084981.84556826
2024-06-12 16:30:00,2084981.84556826
2024-06-13 01:00:00,2084979.957886649
2024-06-13 01:30:00,2091678.0031300278
2024-06-13 02:00:00,2085504.400206173
2024-06-13 02:30:00,2085504.400206173
2024-06-13 03:00:00,2085504.400206173
2024-06-13 05:00:00,2085504.400206173
2024-06-13 05:30:00,2085504.400206173
2024-06-13 06:00:00,2085504.400206173
2024-06-13 06:30:00,2082706.9025638935
2024-06-13 07:00:00,2082706.9025638935
2024-06-13 13:00:00,2082706.9025638935
2024-06-13 13:30:00,2082612.3661031227
2024-06-13 14:00:00,2082612.3661031227
2024-06-13 14:30:00,2082060.8657848255
2024-06-13 15:00:00,2082060.8657848255
2024-06-13 15:30:00,2082060.8657848255
2024-06-13 16:00:00,2082060.8657848255
2024-06-13 16:30:00,2082060.8657848255
2024-06-14 01:00:00,2082060.8657848255
2024-06-14 01:30:00,2082060.8657848255
2024-06-14 02:00:00,2098185.374842963
2024-06-14 02:30:00,2098185.374842963
2024-06-14 03:00:00,2098185.374842963
2024-06-14 05:00:00,2098185.374842963
2024-06-14 05:30:00,2097996.0473602214
2024-06-14 06:00:00,2097211.0428453605
2024-06-14 06:30:00,2097211.0428453605
2024-06-14 07:00:00,2097211.0428453605
2024-06-14 13:00:00,2097211.0428453605
2024-06-14 13:30:00,2096000.903471378
2024-06-14 14:00:00,2096000.903471378
2024-06-14 14:30:00,2095711.053208248
2024-06-14 15:00:00,2095711.053208248
2024-06-14 15:30:00,2095711.053208248
2024-06-14 16:00:00,2095711.053208248
2024-06-14 16:30:00,2095711.053208248
2024-06-17 01:00:00,2095711.053208248
2024-06-17 01:30:00,2095711.053208248
2024-06-17 02:00:00,2095711.053208248
2024-06-17 02:30:00,2095711.053208248
2024-06-17 03:00:00,2095711.053208248
2024-06-17 05:00:00,2095711.053208248
2024-06-17 05:30:00,2095711.053208248
2024-06-17 06:00:00,2095711.053208248
2024-06-17 06:30:00,2095711.053208248
2024-06-17 07:00:00,2095711.053208248
2024-06-17 13:00:00,2095711.053208248
2024-06-17 13:30:00,2096389.359352059
2024-06-17 14:00:00,2096519.9831131017
2024-06-17 14:30:00,2096441.6348629144
2024-06-17 15:00:00,2096441.6348629144
2024-06-17 15:30:00,2096441.6348629144
2024-06-17 16:00:00,2096441.6348629144
2024-06-17 16:30:00,2096441.6348629144
2024-06-18 01:00:00,2096441.6348629144
2024-06-18 01:30:00,2098960.6813527835
2024-06-18 02:00:00,2098960.6813527835
2024-06-18 02:30:00,2099018.7856307593
2024-06-18 03:00:00,2099018.7856307593
2024-06-18 05:00:00,2099018.7856307593
2024-06-18 05:30:00,2099018.7856307593
2024-06-18 06:00:00,2097289.7440434033
2024-06-18 06:30:00,2097289.7440434033
2024-06-18 07:00:00,2097289.7440434033
2024-06-18 13:00:00,2097309.760723068
2024-06-18 13:30:00,2097556.207655863
2024-06-18 14:00:00,2094610.0831350388
2024-06-18 14:30:00,2095083.1347451834
2024-06-18 15:00:00,2095083.1347451834
2024-06-18 15:30:00,2095083.1347451834
2024-06-18 16:00:00,2095083.1347451834
2024-06-18 16:30:00,2095083.1347451834
2024-06-19 01:00:00,2095176.9433107204
2024-06-19 01:30:00,2102011.355182747
2024-06-19 02:00:00,2099686.482362173
2024-06-19 02:30:00,2099686.482362173
2024-06-19 03:00:00,2099686.482362173
2024-06-19 05:00:00,2099686.482362173
2024-06-19 05:30:00,2099686.482362173
2024-06-19 06:00:00,2099686.482362173
2024-06-19 06:30:00,2099686.482362173
2024-06-19 07:00:00,2099686.482362173
2024-06-19 13:00:00,2099686.482362173
2024-06-19 13:30:00,2099686.482362173
2024-06-19 14:00:00,2099686.482362173
2024-06-19 14:30:00,2099686.482362173
2024-06-19 15:00:00,2099686.482362173
2024-06-19 15:30:00,2099686.482362173
2024-06-19 16:00:00,2099686.482362173
2024-06-19 16:30:00,2099686.482362173
2024-06-20 01:00:00,2099477.837793429
2024-06-20 01:30:00,2099149.8657411034
2024-06-20 02:00:00,2100080.2059855512
2024-06-20 02:30:00,2100080.2059855512
2024-06-20 03:00:00,2100080.2059855512
2024-06-20 05:00:00,2100080.2059855512
2024-06-20 05:30:00,2100080.2059855512
2024-06-20 06:00:00,2099536.469774581
2024-06-20 06:30:00,2099536.469774581
2024-06-20 07:00:00,2099536.469774581
2024-06-20 13:00:00,2099536.469774581
2024-06-20 13:30:00,2098491.704600882
2024-06-20 14:00:00,2098491.704600882
2024-06-20 14:30:00,2098491.704600882
2024-06-20 15:00:00,2098491.704600882
2024-06-20 15:30:00,2098491.704600882
2024-06-20 16:00:00,2098491.704600882
2024-06-20 16:30:00,2098491.704600882
2024-06-21 01:00:00,2098491.704600882
2024-06-21 01:30:00,2102356.008221279
2024-06-21 02:00:00,2102356.008221279
2024-06-21 02:30:00,2102356.008221279
2024-06-21 03:00:00,2101295.0283970744
2024-06-21 05:00:00,2101295.0283970744
2024-06-21 05:30:00,2101295.0283970744
2024-06-21 06:00:00,2101295.0283970744
2024-06-21 06:30:00,2101318.9850877975
2024-06-21 07:00:00,2100758.9850877975
2024-06-21 13:00:00,2100758.9850877975
2024-06-21 13:30:00,2101064.3634208706
2024-06-21 14:00:00,2100069.5150809307
2024-06-21 14:30:00,2099589.5150809307
2024-06-21 15:00:00,2099589.5150809307
2024-06-21 15:30:00,2099589.5150809307
2024-06-21 16:00:00,2099589.5150809307
2024-06-21 16:30:00,2099589.5150809307
2024-06-24 01:00:00,2099589.5150809307
2024-06-24 01:30:00,2099589.5150809307
2024-06-24 02:00:00,2099589.5150809307
2024-06-24 02:30:00,2099589.5150809307
2024-06-24 03:00:00,2099589.5150809307
2024-06-24 05:00:00,2099589.5150809307
2024-06-24 05:30:00,2099589.5150809307
2024-06-24 06:00:00,2099589.5150809307
2024-06-24 06:30:00,2099589.5150809307
2024-06-24 07:00:00,2099589.5150809307
2024-06-24 13:00:00,2099263.0080931545
2024-06-24 13:30:00,2095593.6837166683
2024-06-24 14:00:00,2095593.6837166683
2024-06-24 14:30:00,2097592.6465542484
2024-06-24 15:00:00,2097592.6465542484
2024-06-24 15:30:00,2097592.6465542484
2024-06-24 16:00:00,2096541.7514881971
2024-06-24 16:30:00,2095319.322204585
2024-06-25 01:00:00,2095319.322204585
2024-06-25 01:30:00,2094641.378754409
2024-06-25 02:00:00,2094272.0549254012
2024-06-25 02:30:00,2095528.0155633749
2024-06-25 03:00:00,2095528.0155633749
2024-06-25 05:00:00,2095528.0155633749
2024-06-25 05:30:00,2096628.0006171959
2024-06-25 06:00:00,2095961.214341678
2024-06-25 06:30:00,2095961.214341678
2024-06-25 07:00:00,2095961.214341678
2024-06-25 13:00:00,2095373.3984038078
2024-06-25 13:30:00,2094803.3984038078
2024-06-25 14:00:00,2094193.4681728163
2024-06-25 14:30:00,2094193.4681728163
2024-06-25 15:00:00,2094193.4681728163
2024-06-25 15:30:00,2094193.4681728163
2024-06-25 16:00:00,2094193.4681728163
2024-06-25 16:30:00,2094193.4681728163
2024-06-26 01:00:00,2097565.595409891
2024-06-26 01:30:00,2096755.9135623993
2024-06-26 02:00:00,2096755.9135623993
2024-06-26 02:30:00,2096612.9610126675
2024-06-26 03:00:00,2095920.4596553042
2024-06-26 05:00:00,2095920.4596553042
2024-06-26 05:30:00,2104861.7540421076
2024-06-26 06:00:00,2104212.1247976962
2024-06-26 06:30:00,2107407.887327224
2024-06-26 07:00:00,2107407.887327224
2024-06-26 13:00:00,2107872.8232723647
2024-06-26 13:30:00,2107091.0637122937
2024-06-26 14:00:00,2106403.4714551223
2024-06-26 14:30:00,2106403.4714551223
2024-06-26 15:00:00,2106403.4714551223
2024-06-26 15:30:00,2106403.4714551223
2024-06-26 16:00:00,2105391.006723201
2024-06-26 16:30:00,2105391.006723201
2024-06-27 01:00:00,2105391.006723201
2024-06-27 01:30:00,2105230.0472352263
2024-06-27 02:00:00,2104753.6719288006
2024-06-27 02:30:00,2104753.6719288006
2024-06-27 03:00:00,2104135.8052274417
2024-06-27 05:00:00,2104135.8052274417
2024-06-27 05:30:00,2102982.4627518235
2024-06-27 06:00:00,2103321.6540277773
2024-06-27 06:30:00,2108946.999012724
2024-06-27 07:00:00,2108946.999012724
2024-06-27 13:00:00,2108946.999012724
2024-06-27 13:30:00,2107994.047765455
2024-06-27 14:00:00,2107994.047765455
2024-06-27 14:30:00,2107974.5313888933
2024-06-27 15:00:00,2107974.5313888933
2024-06-27 15:30:00,2106899.599213146
2024-06-27 16:00:00,2106899.599213146
2024-06-27 16:30:00,2106899.599213146
2024-06-28 01:00:00,2106899.599213146
2024-06-28 01:30:00,2106319.599213146
2024-06-28 02:00:00,2107428.970483359
2024-06-28 02:30:00,2107346.3572733374
2024-06-28 03:00:00,2106652.992063612
2024-06-28 05:00:00,2106652.992063612
2024-06-28 05:30:00,2106652.992063612
2024-06-28 06:00:00,2097378.4238119503
2024-06-28 06:30:00,2097378.4238119503
2024-06-28 07:00:00,2097378.4238119503
2024-06-28 13:00:00,2097378.4238119503
2024-06-28 13:30:00,2097193.166058876
2024-06-28 14:00:00,2098785.000956841
2024-06-28 14:30:00,2098666.352341377
2024-06-28 15:00:00,2098666.352341377
2024-06-28 15:30:00,2098666.352341377
2024-06-28 16:00:00,2098666.352341377
2024-06-28 16:30:00,2098666.352341377
2024-07-01 01:00:00,2098725.8321251585
2024-07-01 01:30:00,2098699.149881371
2024-07-01 02:00:00,2098174.149881371
2024-07-01 02:30:00,2098174.149881371
2024-07-01 03:00:00,2098035.6722962228
2024-07-01 05:00:00,2098035.6722962228
2024-07-01 05:30:00,2098035.6722962228
2024-07-01 06:00:00,2098035.6722962228
2024-07-01 06:30:00,2098035.6722962228
2024-07-01 07:00:00,2098035.6722962228
2024-07-01 13:00:00,2098035.6722962228
2024-07-01 13:30:00,2097712.304822807
2024-07-01 14:00:00,2097799.838549172
2024-07-01 14:30:00,2097432.831715737
2024-07-01 15:00:00,2097432.831715737
2024-07-01 15:30:00,2097432.831715737
2024-07-01 16:00:00,2097432.831715737
2024-07-01 16:30:00,2097432.831715737
2024-07-02 01:00:00,2097432.831715737
2024-07-02 01:30:00,2099131.7472049
2024-07-02 02:00:00,2099131.7472049
2024-07-02 02:30:00,2091079.8610284743
2024-07-02 03:00:00,2091079.8610284743
2024-07-02 05:00:00,2091079.8610284743
2024-07-02 05:30:00,2091079.8610284743
2024-07-02 06:00:00,2091266.3537943915
2024-07-02 06:30:00,2090587.849144229
2024-07-02 07:00:00,2090587.849144229
2024-07-02 13:00:00,2090587.849144229
2024-07-02 13:30:00,2090251.1119538776
2024-07-02 14:00:00,2090251.1119538776
2024-07-02 14:30:00,2089812.531717617
2024-07-02 15:00:00,2090238.060155555
2024-07-02 15:30:00,2088460.137285527
2024-07-02 16:00:00,2088460.137285527
2024-07-02 16:30:00,2088460.137285527
2024-07-03 01:00:00,2088804.3378236936
2024-07-03 01:30:00,2078112.7600963903
2024-07-03 02:00:00,2081277.1168711428
2024-07-03 02:30:00,2082668.8846547266
2024-07-03 03:00:00,2079691.5193875174
2024-07-03 05:00:00,2079691.5193875174
2024-07-03 05:30:00,2079691.5193875174
2024-07-03 06:00:00,2077238.6202676678
2024-07-03 06:30:00,2076891.2387727709
2024-07-03 07:00:00,2076891.2387727709
2024-07-03 13:00:00,2076891.2387727709
2024-07-03 13:30:00,2076891.2387727709
2024-07-03 14:00:00,2076366.6346178043
2024-07-03 14:30:00,2076366.6346178043
2024-07-03 15:00:00,2076366.6346178043
2024-07-03 15:30:00,2075520.7120280066
2024-07-03 16:00:00,2075520.7120280066
2024-07-03 16:30:00,2075520.7120280066
2024-07-04 01:00:00,2075520.7120280066
2024-07-04 01:30:00,2075520.7120280066
2024-07-04 02:00:00,2070820.4682244463
2024-07-04 02:30:00,2070562.1369410984
2024-07-04 03:00:00,2070655.0670097973
2024-07-04 05:00:00,2070655.0670097973
2024-07-04 05:30:00,2070655.0670097973
2024-07-04 06:00:00,2069006.8312332751
2024-07-04 06:30:00,2069126.8312332751
2024-07-04 07:00:00,2069126.8312332751
2024-07-04 13:00:00,2069126.8312332751
2024-07-04 13:30:00,2067614.7681534751
2024-07-04 14:00:00,2067614.7681534751
2024-07-04 14:30:00,2067614.7681534751
2024-07-04 15:00:00,2066648.9652221377
2024-07-04 15:30:00,2066648.9652221377
2024-07-04 16:00:00,2066648.9652221377
2024-07-04 16:30:00,2066648.9652221377
2024-07-05 01:00:00,2066368.3061727092
2024-07-05 01:30:00,2065265.345690271
2024-07-05 02:00:00,2065953.5237895073
2024-07-05 02:30:00,2065953.5237895073
2024-07-05 03:00:00,2065953.5237895073
2024-07-05 05:00:00,2065953.5237895073
2024-07-05 05:30:00,2065303.4734300063
2024-07-05 06:00:00,2086694.9025061068
2024-07-05 06:30:00,2086203.8331243114
2024-07-05 07:00:00,2086203.8331243114
2024-07-05 13:00:00,2086203.8331243114
2024-07-05 13:30:00,2086103.8331243114
2024-07-05 14:00:00,2085475.1336180293
2024-07-05 14:30:00,2085475.1336180293
2024-07-05 15:00:00,2085475.1336180293
2024-07-05 15:30:00,2085475.1336180293
2024-07-05 16:00:00,2085475.1336180293
2024-07-05 16:30:00,2085475.1336180293
2024-07-08 01:00:00,2085475.1336180293
2024-07-08 01:30:00,2085143.223392496
2024-07-08 02:00:00,2088254.942251995
2024-07-08 02:30:00,2083354.085841159
2024-07-08 03:00:00,2082805.1048599
2024-07-08 05:00:00,2082805.1048599
2024-07-08 05:30:00,2084506.9642280038
2024-07-08 06:00:00,2083299.7955692238
2024-07-08 06:30:00,2083299.7955692238
2024-07-08 07:00:00,2083299.7955692238
2024-07-08 13:00:00,2083299.7955692238
2024-07-08 13:30:00,2083870.0700744896
2024-07-08 14:00:00,2083870.0700744896
2024-07-08 14:30:00,2083870.0700744896
2024-07-08 15:00:00,2083486.4976141332
2024-07-08 15:30:00,2082888.652071045
2024-07-08 16:00:00,2082888.652071045
2024-07-08 16:30:00,2082888.652071045
2024-07-09 01:00:00,2082888.652071045
2024-07-09 01:30:00,2081952.9827678674
2024-07-09 02:00:00,2081952.9827678674
2024-07-09 02:30:00,2081952.9827678674
2024-07-09 03:00:00,2080035.0781826319
2024-07-09 05:00:00,2080035.0781826319
2024-07-09 05:30:00,2079872.6869587714
2024-07-09 06:00:00,2076723.0731982342
2024-07-09 06:30:00,2075647.4944777566
2024-07-09 07:00:00,2075647.4944777566
2024-07-09 13:00:00,2075647.4944777566
2024-07-09 13:30:00,2075048.5200653027
2024-07-09 14:00:00,2075048.5200653027
2024-07-09 14:30:00,2074667.8614050467
2024-07-09 15:00:00,2074667.8614050467
2024-07-09 15:30:00,2074667.8614050467
2024-07-09 16:00:00,2074667.8614050467
2024-07-09 16:30:00,2074667.8614050467
2024-07-10 01:00:00,2074667.8614050467
2024-07-10 01:30:00,2073271.6203984933
2024-07-10 02:00:00,2071506.8396393182
2024-07-10 02:30:00,2071506.8396393182
2024-07-10 03:00:00,2071506.8396393182
2024-07-10 05:00:00,2071506.8396393182
2024-07-10 05:30:00,2071506.8396393182
2024-07-10 06:00:00,2071506.8396393182
2024-07-10 06:30:00,2074751.0047534371
2024-07-10 07:00:00,2074751.0047534371
2024-07-10 13:00:00,2074751.0047534371
2024-07-10 13:30:00,2072725.5597071687
2024-07-10 14:00:00,2072725.5597071687
2024-07-10 14:30:00,2072173.294304001
2024-07-10 15:00:00,2072173.294304001
2024-07-10 15:30:00,2072173.294304001
2024-07-10 16:00:00,2072173.294304001
2024-07-10 16:30:00,2072173.294304001
2024-07-11 01:00:00,2072173.294304001
2024-07-11 01:30:00,2076405.4571426813
2024-07-11 02:00:00,2075307.4883806426
2024-07-11 02:30:00,2075307.4883806426
2024-07-11 03:00:00,2075386.0717852039
2024-07-11 05:00:00,2075386.0717852039
2024-07-11 05:30:00,2075386.0717852039
2024-07-11 06:00:00,2075386.0717852039
2024-07-11 06:30:00,2075386.0717852039
2024-07-11 07:00:00,2075386.0717852039
2024-07-11 13:00:00,2075386.0717852039
2024-07-11 13:30:00,2074896.6626428224
2024-07-11 14:00:00,2073990.5782637657
2024-07-11 14:30:00,2073005.6025006964
2024-07-11 15:00:00,2073005.6025006964
2024-07-11 15:30:00,2073005.6025006964
2024-07-11 16:00:00,2073005.6025006964
2024-07-11 16:30:00,2073005.6025006964
2024-07-12 01:00:00,2073005.6025006964
2024-07-12 01:30:00,2072768.666150057
2024-07-12 02:00:00,2072768.666150057
2024-07-12 02:30:00,2072768.666150057
2024-07-12 03:00:00,2072768.666150057
2024-07-12 05:00:00,2072768.666150057
2024-07-12 05:30:00,2072768.666150057
2024-07-12 06:00:00,2072768.666150057
2024-07-12 06:30:00,2072768.666150057
2024-07-12 07:00:00,2072768.666150057
2024-07-12 13:00:00,2072837.3261280812
2024-07-12 13:30:00,2071288.712794346
2024-07-12 14:00:00,2071288.712794346
2024-07-12 14:30:00,2071288.712794346
2024-07-12 15:00:00,2071288.712794346
2024-07-12 15:30:00,2071288.712794346
2024-07-12 16:00:00,2071288.712794346
2024-07-12 16:30:00,2071288.712794346
2024-07-15 01:00:00,2071135.6479056831
2024-07-15 01:30:00,2070973.699296399
2024-07-15 02:00:00,2072740.6539771177
2024-07-15 02:30:00,2072613.6405932787
2024-07-15 03:00:00,2072613.6405932787
2024-07-15 05:00:00,2072613.6405932787
2024-07-15 05:30:00,2072613.6405932787
2024-07-15 06:00:00,2072956.1415228224
2024-07-15 06:30:00,2072956.1415228224
2024-07-15 07:00:00,2072956.1415228224
2024-07-15 13:00:00,2073247.1992128848
2024-07-15 13:30:00,2072983.0121011818
2024-07-15 14:00:00,2072983.0121011818
2024-07-15 14:30:00,2072983.0121011818
2024-07-15 15:00:00,2072983.0121011818
2024-07-15 15:30:00,2072983.0121011818
2024-07-15 16:00:00,2072983.0121011818
2024-07-15 16:30:00,2072983.0121011818
2024-07-16 01:00:00,2072803.5155012235
2024-07-16 01:30:00,2072803.5155012235
2024-07-16 02:00:00,2072803.5155012235
2024-07-16 02:30:00,2072803.5155012235
2024-07-16 03:00:00,2071956.174597888
2024-07-16 05:00:00,2071956.174597888
2024-07-16 05:30:00,2071559.052726739
2024-07-16 06:00:00,2071736.1359725227
2024-07-16 06:30:00,2071736.1359725227
2024-07-16 07:00:00,2071736.1359725227
2024-07-16 13:00:00,2070867.7572651482
2024-07-16 13:30:00,2069325.965100971
2024-07-16 14:00:00,2069325.965100971
2024-07-16 14:30:00,2069325.965100971
2024-07-16 15:00:00,2070200.8864834034
2024-07-16 15:30:00,2068550.3754516742
2024-07-16 16:00:00,2068550.3754516742
2024-07-16 16:30:00,2068550.3754516742
2024-07-17 01:00:00,2068550.3754516742
2024-07-17 01:30:00,2070498.444562646
2024-07-17 02:00:00,2070083.9886745578
2024-07-17 02:30:00,2069585.9141883273
2024-07-17 03:00:00,2069585.9141883273
2024-07-17 05:00:00,2069585.9141883273
2024-07-17 05:30:00,2071108.475532305
2024-07-17 06:00:00,2071298.475532305
2024-07-17 06:30:00,2071298.475532305
2024-07-17 07:00:00,2071298.475532305
2024-07-17 13:00:00,2070412.8219992118
2024-07-17 13:30:00,2070412.8219992118
2024-07-17 14:00:00,2070412.8219992118
2024-07-17 14:30:00,2070412.8219992118
2024-07-17 15:00:00,2070412.8219992118
2024-07-17 15:30:00,2070412.8219992118
2024-07-17 16:00:00,2070412.8219992118
2024-07-17 16:30:00,2070412.8219992118
2024-07-18 01:00:00,2070412.8219992118
2024-07-18 01:30:00,2069983.2976309129
2024-07-18 02:00:00,2069983.2976309129
2024-07-18 02:30:00,2069829.0520309496
2024-07-18 03:00:00,2069891.5588440197
2024-07-18 05:00:00,2069891.5588440197
2024-07-18 05:30:00,2069891.5588440197
2024-07-18 06:00:00,2072563.2678646795
2024-07-18 06:30:00,2072843.2678646795
2024-07-18 07:00:00,2072843.2678646795
2024-07-18 13:00:00,2071320.0009347
2024-07-18 13:30:00,2071320.0009347
2024-07-18 14:00:00,2071320.0009347
2024-07-18 14:30:00,2071486.7552339085
2024-07-18 15:00:00,2070817.3942569206
2024-07-18 15:30:00,2070817.3942569206
2024-07-18 16:00:00,2070817.3942569206
2024-07-18 16:30:00,2070817.3942569206
2024-07-19 01:00:00,2070502.6813348583
2024-07-19 01:30:00,2070057.1121965477
2024-07-19 02:00:00,2070057.1121965477
2024-07-19 02:30:00,2069456.6668638163
2024-07-19 03:00:00,2069456.6668638163
2024-07-19 05:00:00,2069456.6668638163
2024-07-19 05:30:00,2068731.1559592704
2024-07-19 06:00:00,2067451.4907616642
2024-07-19 06:30:00,2067451.4907616642
2024-07-19 07:00:00,2067451.4907616642
2024-07-19 13:00:00,2067220.1832564007
2024-07-19 13:30:00,2067220.1832564007
2024-07-19 14:00:00,2074456.2198056325
2024-07-19 14:30:00,2074126.2198056325
2024-07-19 15:00:00,2074126.2198056325
2024-07-19 15:30:00,2074126.2198056325
2024-07-19 16:00:00,2074126.2198056325
2024-07-19 16:30:00,2074126.2198056325
2024-07-22 01:00:00,2074162.5783971245
2024-07-22 01:30:00,2072371.4985914056
2024-07-22 02:00:00,2072371.4985914056
2024-07-22 02:30:00,2072371.4985914056
2024-07-22 03:00:00,2073255.2967824554
2024-07-22 05:00:00,2073255.2967824554
2024-07-22 05:30:00,2073255.2967824554
2024-07-22 06:00:00,2072194.0413959348
2024-07-22 06:30:00,2069615.9868882897
2024-07-22 07:00:00,2069813.5646065732
2024-07-22 13:00:00,2069813.5646065732
2024-07-22 13:30:00,2068493.0056607279
2024-07-22 14:00:00,2068493.0056607279
2024-07-22 14:30:00,2067293.0056607279
2024-07-22 15:00:00,2067293.0056607279
2024-07-22 15:30:00,2067293.0056607279
2024-07-22 16:00:00,2067293.0056607279
2024-07-22 16:30:00,2067293.0056607279
2024-07-23 01:00:00,2067293.0056607279
2024-07-23 01:30:00,2067293.0056607279
2024-07-23 02:00:00,2067494.9724525453
2024-07-23 02:30:00,2067494.9724525453
2024-07-23 03:00:00,2066633.3562483336
2024-07-23 05:00:00,2066633.3562483336
2024-07-23 05:30:00,2066890.595406325
2024-07-23 06:00:00,2067224.14083156
2024-07-23 06:30:00,2067224.14083156
2024-07-23 07:00:00,2067224.14083156
2024-07-23 13:00:00,2067224.14083156
2024-07-23 13:30:00,2067224.14083156
2024-07-23 14:00:00,2067224.14083156
2024-07-23 14:30:00,2070230.9850444505
2024-07-23 15:00:00,2070230.9850444505
2024-07-23 15:30:00,2070230.9850444505
2024-07-23 16:00:00,2070230.9850444505
2024-07-23 16:30:00,2070230.9850444505
2024-07-24 01:00:00,2070230.9850444505
2024-07-24 01:30:00,2070230.9850444505
2024-07-24 02:00:00,2073248.903162112
2024-07-24 02:30:00,2073248.903162112
2024-07-24 03:00:00,2073248.903162112
2024-07-24 05:00:00,2073248.903162112
2024-07-24 05:30:00,2072174.4334514881
2024-07-24 06:00:00,2072174.4334514881
2024-07-24 06:30:00,2072345.6939778423
2024-07-24 07:00:00,2072345.6939778423
2024-07-24 13:00:00,2072345.6939778423
2024-07-24 13:30:00,2070419.6195007162
2024-07-24 14:00:00,2070419.6195007162
2024-07-24 14:30:00,2070419.6195007162
2024-07-24 15:00:00,2070419.6195007162
2024-07-24 15:30:00,2070419.6195007162
2024-07-24 16:00:00,2070419.6195007162
2024-07-24 16:30:00,2070419.6195007162
2024-07-25 01:00:00,2070419.6195007162
2024-07-25 01:30:00,2069956.897329101
2024-07-25 02:00:00,2069956.897329101
2024-07-25 02:30:00,2070258.1613905826
2024-07-25 03:00:00,2096290.9024586962
2024-07-25 05:00:00,2096290.9024586962
2024-07-25 05:30:00,2096290.9024586962
2024-07-25 06:00:00,2096290.9024586962
2024-07-25 06:30:00,2095429.4642421806
2024-07-25 07:00:00,2095429.4642421806
2024-07-25 13:00:00,2095429.4642421806
2024-07-25 13:30:00,2097633.9372359896
2024-07-25 14:00:00,2097633.9372359896
2024-07-25 14:30:00,2097633.9372359896
2024-07-25 15:00:00,2097633.9372359896
2024-07-25 15:30:00,2097633.9372359896
2024-07-25 16:00:00,2097633.9372359896
2024-07-25 16:30:00,2097633.9372359896
2024-07-26 01:00:00,2097633.9372359896
2024-07-26 01:30:00,2097557.860908171
2024-07-26 02:00:00,2097557.860908171
2024-07-26 02:30:00,2097557.860908171
2024-07-26 03:00:00,2097313.1828500014
2024-07-26 05:00:00,2097313.1828500014
2024-07-26 05:30:00,2097160.6560312677
2024-07-26 06:00:00,2096509.8204076127
2024-07-26 06:30:00,2096367.8141377056
2024-07-26 07:00:00,2096367.8141377056
2024-07-26 13:00:00,2095210.2156972308
2024-07-26 13:30:00,2095145.3239103013
2024-07-26 14:00:00,2095145.3239103013
2024-07-26 14:30:00,2095145.3239103013
2024-07-26 15:00:00,2095145.3239103013
2024-07-26 15:30:00,2095145.3239103013
2024-07-26 16:00:00,2095145.3239103013
2024-07-26 16:30:00,2095145.3239103013
2024-07-29 01:00:00,2095104.5871409453
2024-07-29 01:30:00,2094145.509119361
2024-07-29 02:00:00,2094145.509119361
2024-07-29 02:30:00,2093081.1695679554
2024-07-29 03:00:00,2091088.6136234994
2024-07-29 05:00:00,2091088.6136234994
2024-07-29 05:30:00,2088429.198619196
2024-07-29 06:00:00,2088884.159028163
2024-07-29 06:30:00,2088718.212787736
2024-07-29 07:00:00,2088718.212787736
2024-07-29 13:00:00,2087594.9158726484
2024-07-29 13:30:00,2087594.9158726484
2024-07-29 14:00:00,2087594.9158726484
2024-07-29 14:30:00,2087339.9128820684
2024-07-29 15:00:00,2087339.9128820684
2024-07-29 15:30:00,2087339.9128820684
2024-07-29 16:00:00,2087339.9128820684
2024-07-29 16:30:00,2087339.9128820684
2024-07-30 01:00:00,2084916.6930811112
2024-07-30 01:30:00,2084997.5133100264
2024-07-30 02:00:00,2084997.5133100264
2024-07-30 02:30:00,2084997.5133100264
2024-07-30 03:00:00,2066555.9270574101
2024-07-30 05:00:00,2066555.9270574101
2024-07-30 05:30:00,2066555.9270574101
2024-07-30 06:00:00,2066451.0057153422
2024-07-30 06:30:00,2066451.0057153422
2024-07-30 07:00:00,2066451.0057153422
2024-07-30 13:00:00,2066451.0057153422
2024-07-30 13:30:00,2065345.5322963404
2024-07-30 14:00:00,2064822.7215057095
2024-07-30 14:30:00,2069802.2055891382
2024-07-30 15:00:00,2073303.4253946962
2024-07-30 15:30:00,2073303.4253946962
2024-07-30 16:00:00,2073303.4253946962
2024-07-30 16:30:00,2073303.4253946962
2024-07-31 01:00:00,2074183.2314165751
2024-07-31 01:30:00,2073894.1870900695
2024-07-31 02:00:00,2074558.9093251352
2024-07-31 02:30:00,2074558.9093251352
2024-07-31 03:00:00,2073550.407167103
2024-07-31 05:00:00,2073550.407167103
2024-07-31 05:30:00,2073550.407167103
2024-07-31 06:00:00,2073550.407167103
2024-07-31 06:30:00,2071731.0601566401
2024-07-31 07:00:00,2071731.0601566401
2024-07-31 13:00:00,2071465.4924485397
2024-07-31 13:30:00,2071465.4924485397
2024-07-31 14:00:00,2071465.4924485397
2024-07-31 14:30:00,2071465.4924485397
2024-07-31 15:00:00,2071465.4924485397
2024-07-31 15:30:00,2071465.4924485397
2024-07-31 16:00:00,2071465.4924485397
2024-07-31 16:30:00,2071465.4924485397
2024-08-01 01:00:00,2071465.4924485397
2024-08-01 01:30:00,2071465.4924485397
2024-08-01 02:00:00,2071475.0835407497
2024-08-01 02:30:00,2076920.757707944
2024-08-01 03:00:00,2098195.878137236
2024-08-01 05:00:00,2136016.4099673238
2024-08-01 05:30:00,2139164.7764790235
2024-08-01 06:00:00,2139164.7764790235
2024-08-01 06:30:00,2139895.356320899
2024-08-01 07:00:00,2139895.356320899
2024-08-01 13:00:00,2139004.980104306
2024-08-01 13:30:00,2139004.980104306
2024-08-01 14:00:00,2138696.3252675394
2024-08-01 14:30:00,2138696.3252675394
2024-08-01 15:00:00,2138696.3252675394
2024-08-01 15:30:00,2138696.3252675394
2024-08-01 16:00:00,2138696.3252675394
2024-08-01 16:30:00,2138696.3252675394
2024-08-02 01:00:00,2139903.2555823093
2024-08-02 01:30:00,2139903.2555823093
2024-08-02 02:00:00,2139903.2555823093
2024-08-02 02:30:00,2140006.0588177196
2024-08-02 03:00:00,2139072.4511896484
2024-08-02 05:00:00,2139072.4511896484
2024-08-02 05:30:00,2127402.0387189034
2024-08-02 06:00:00,2117038.777227439
2024-08-02 06:30:00,2116591.0336905257
2024-08-02 07:00:00,2116591.0336905257
2024-08-02 13:00:00,2116591.0336905257
2024-08-02 13:30:00,2117044.685105219
2024-08-02 14:00:00,2117044.685105219
2024-08-02 14:30:00,2117403.430308183
2024-08-02 15:00:00,2117403.430308183
2024-08-02 15:30:00,2117403.430308183
2024-08-02 16:00:00,2117403.430308183
2024-08-02 16:30:00,2117403.430308183
2024-08-05 01:00:00,2115387.084233936
2024-08-05 01:30:00,2115387.084233936
2024-08-05 02:00:00,2109867.2165670567
2024-08-05 02:30:00,2109867.2165670567
2024-08-05 03:00:00,2109867.2165670567
2024-08-05 05:00:00,2109867.2165670567
2024-08-05 05:30:00,2109867.2165670567
2024-08-05 06:00:00,2106972.9210866317
2024-08-05 06:30:00,2105471.1727529145
2024-08-05 07:00:00,2105471.1727529145
2024-08-05 13:00:00,2105471.1727529145
2024-08-05 13:30:00,2105471.1727529145
2024-08-05 14:00:00,2105471.1727529145
2024-08-05 14:30:00,2105471.1727529145
2024-08-05 15:00:00,2105471.1727529145
2024-08-05 15:30:00,2105471.1727529145
2024-08-05 16:00:00,2105471.1727529145
2024-08-05 16:30:00,2105471.1727529145
2024-08-06 01:00:00,2105471.1727529145
2024-08-06 01:30:00,2110773.889135232
2024-08-06 02:00:00,2102704.6275306433
2024-08-06 02:30:00,2101771.985212258
2024-08-06 03:00:00,2101771.985212258
2024-08-06 05:00:00,2101771.985212258
2024-08-06 05:30:00,2101771.985212258
2024-08-06 06:00:00,2101771.985212258
2024-08-06 06:30:00,2100463.841133928
2024-08-06 07:00:00,2100463.841133928
2024-08-06 13:00:00,2100463.841133928
2024-08-06 13:30:00,2100550.281163258
2024-08-06 14:00:00,2097728.757857668
2024-08-06 14:30:00,2097728.757857668
2024-08-06 15:00:00,2097728.757857668
2024-08-06 15:30:00,2097728.757857668
2024-08-06 16:00:00,2097728.757857668
2024-08-06 16:30:00,2097728.757857668
2024-08-07 01:00:00,2097728.757857668
2024-08-07 01:30:00,2097728.757857668
2024-08-07 02:00:00,2097417.2957297405
2024-08-07 02:30:00,2096308.5147017941
2024-08-07 03:00:00,2096308.5147017941
2024-08-07 05:00:00,2096308.5147017941
2024-08-07 05:30:00,2096308.5147017941
2024-08-07 06:00:00,2096308.5147017941
2024-08-07 06:30:00,2096308.5147017941
2024-08-07 07:00:00,2096308.5147017941
2024-08-07 13:00:00,2096308.5147017941
2024-08-07 13:30:00,2096178.5147017941
2024-08-07 14:00:00,2096006.5052616235
2024-08-07 14:30:00,2096006.5052616235
2024-08-07 15:00:00,2096006.5052616235
2024-08-07 15:30:00,2096006.5052616235
2024-08-07 16:00:00,2096006.5052616235
2024-08-07 16:30:00,2096006.5052616235
2024-08-08 01:00:00,2096006.5052616235
2024-08-08 01:30:00,2096006.5052616235
2024-08-08 02:00:00,2096006.5052616235
2024-08-08 02:30:00,2095741.4806206317
2024-08-08 03:00:00,2095741.4806206317
2024-08-08 05:00:00,2095741.4806206317
2024-08-08 05:30:00,2094793.4226194925
2024-08-08 06:00:00,2094793.4226194925
2024-08-08 06:30:00,2094793.4226194925
2024-08-08 07:00:00,2094793.4226194925
2024-08-08 13:00:00,2094793.4226194925
2024-08-08 13:30:00,2096604.7293928012
2024-08-08 14:00:00,2098708.7866541184
2024-08-08 14:30:00,2098708.7866541184
2024-08-08 15:00:00,2098708.7866541184
2024-08-08 15:30:00,2098708.7866541184
2024-08-08 16:00:00,2098708.7866541184
2024-08-08 16:30:00,2098708.7866541184
2024-08-09 01:00:00,2098708.7866541184
2024-08-09 01:30:00,2098158.4197418145
2024-08-09 02:00:00,2098333.106974307
2024-08-09 02:30:00,2100706.111126744
2024-08-09 03:00:00,2100706.111126744
2024-08-09 05:00:00,2100706.111126744
2024-08-09 05:30:00,2091160.4368368944
2024-08-09 06:00:00,2091160.4368368944
2024-08-09 06:30:00,2088880.2460489261
2024-08-09 07:00:00,2088880.2460489261
2024-08-09 13:00:00,2088369.5797656686
2024-08-09 13:30:00,2088552.300437883
2024-08-09 14:00:00,2088552.300437883
2024-08-09 14:30:00,2088552.300437883
2024-08-09 15:00:00,2088552.300437883
2024-08-09 15:30:00,2089463.6645949066
2024-08-09 16:00:00,2089463.6645949066
2024-08-09 16:30:00,2089463.6645949066
2024-08-12 01:00:00,2088388.6816644354
2024-08-12 01:30:00,2088256.3604540622
2024-08-12 02:00:00,2088256.3604540622
2024-08-12 02:30:00,2088256.3604540622
2024-08-12 03:00:00,2088256.3604540622
2024-08-12 05:00:00,2088256.3604540622
2024-08-12 05:30:00,2088396.996066515
2024-08-12 06:00:00,2088070.1896072156
2024-08-12 06:30:00,2088319.7139129713
2024-08-12 07:00:00,2088319.7139129713
2024-08-12 13:00:00,2088319.7139129713
2024-08-12 13:30:00,2087270.4519902533
2024-08-12 14:00:00,2087258.4289408715
2024-08-12 14:30:00,2087258.4289408715
2024-08-12 15:00:00,2087258.4289408715
2024-08-12 15:30:00,2087258.4289408715
2024-08-12 16:00:00,2087258.4289408715
2024-08-12 16:30:00,2087258.4289408715
2024-08-13 01:00:00,2087258.4289408715
2024-08-13 01:30:00,2087781.470131598
2024-08-13 02:00:00,2085109.5663944478
2024-08-13 02:30:00,2085522.2201423917
2024-08-13 03:00:00,2085522.2201423917
2024-08-13 05:00:00,2085522.2201423917
2024-08-13 05:30:00,2085307.7600746017
2024-08-13 06:00:00,2085307.7600746017
2024-08-13 06:30:00,2085182.0170900435
2024-08-13 07:00:00,2085182.0170900435
2024-08-13 13:00:00,2085182.0170900435
2024-08-13 13:30:00,2085057.0232583557
2024-08-13 14:00:00,2085057.0232583557
2024-08-13 14:30:00,2082970.558164669
2024-08-13 15:00:00,2082970.558164669
2024-08-13 15:30:00,2082970.558164669
2024-08-13 16:00:00,2082970.558164669
2024-08-13 16:30:00,2082970.558164669
2024-08-14 01:00:00,2082970.558164669
2024-08-14 01:30:00,2079681.0517302935
2024-08-14 02:00:00,2078717.0061217537
2024-08-14 02:30:00,2069744.3673366334
2024-08-14 03:00:00,2069744.3673366334
2024-08-14 05:00:00,2069744.3673366334
2024-08-14 05:30:00,2068866.5954671104
2024-08-14 06:00:00,2073048.5282624813
2024-08-14 06:30:00,2073048.5282624813
2024-08-14 07:00:00,2073048.5282624813
2024-08-14 13:00:00,2073048.5282624813
2024-08-14 13:30:00,2075507.017396391
2024-08-14 14:00:00,2075507.017396391
2024-08-14 14:30:00,2075507.017396391
2024-08-14 15:00:00,2075507.017396391
2024-08-14 15:30:00,2075507.017396391
2024-08-14 16:00:00,2075507.017396391
2024-08-14 16:30:00,2075507.017396391
2024-08-15 01:00:00,2074840.3877873172
2024-08-15 01:30:00,2074840.3877873172
2024-08-15 02:00:00,2074840.3877873172
2024-08-15 02:30:00,2071585.2454766147
2024-08-15 03:00:00,2070493.6362489606
2024-08-15 05:00:00,2070493.6362489606
2024-08-15 05:30:00,2070493.6362489606
2024-08-15 06:00:00,2059584.1887106767
2024-08-15 06:30:00,2059584.1887106767
2024-08-15 07:00:00,2059584.1887106767
2024-08-15 13:00:00,2059584.1887106767
2024-08-15 13:30:00,2059110.9975099403
2024-08-15 14:00:00,2059110.9975099403
2024-08-15 14:30:00,2059110.9975099403
2024-08-15 15:00:00,2059110.9975099403
2024-08-15 15:30:00,2059110.9975099403
2024-08-15 16:00:00,2059110.9975099403
2024-08-15 16:30:00,2059110.9975099403
2024-08-16 01:00:00,2059110.9975099403
2024-08-16 01:30:00,2059347.1366067561
2024-08-16 02:00:00,2059347.1366067561
2024-08-16 02:30:00,2059347.1366067561
2024-08-16 03:00:00,2063391.8181672972
2024-08-16 05:00:00,2063391.8181672972
2024-08-16 05:30:00,2062404.9466599713
2024-08-16 06:00:00,2063792.1044869453
2024-08-16 06:30:00,2063792.1044869453
2024-08-16 07:00:00,2063792.1044869453
2024-08-16 13:00:00,2063792.1044869453
2024-08-16 13:30:00,2063162.1044869453
2024-08-16 14:00:00,2063354.263840988
2024-08-16 14:30:00,2060089.3170226312
2024-08-16 15:00:00,2060350.925758058
2024-08-16 15:30:00,2060350.925758058
2024-08-16 16:00:00,2060350.925758058
2024-08-16 16:30:00,2060350.925758058
2024-08-19 01:00:00,2060350.925758058
2024-08-19 01:30:00,2060199.3333453254
2024-08-19 02:00:00,2060485.4000321913
2024-08-19 02:30:00,2060485.4000321913
2024-08-19 03:00:00,2060485.4000321913
2024-08-19 05:00:00,2060485.4000321913
2024-08-19 05:30:00,2059957.7098746109
2024-08-19 06:00:00,2058822.5056011642
2024-08-19 06:30:00,2058822.5056011642
2024-08-19 07:00:00,2058822.5056011642
2024-08-19 13:00:00,2058822.5056011642
2024-08-19 13:30:00,2060502.7184937145
2024-08-19 14:00:00,2060213.7219085693
2024-08-19 14:30:00,2060213.7219085693
2024-08-19 15:00:00,2060213.7219085693
2024-08-19 15:30:00,2060213.7219085693
2024-08-19 16:00:00,2060213.7219085693
2024-08-19 16:30:00,2060213.7219085693
2024-08-20 01:00:00,2059146.8973726728
2024-08-20 01:30:00,2061045.392648034
2024-08-20 02:00:00,2060436.555645638
2024-08-20 02:30:00,2060436.555645638
2024-08-20 03:00:00,2060236.2532335902
2024-08-20 05:00:00,2060236.2532335902
2024-08-20 05:30:00,2058953.9874177435
2024-08-20 06:00:00,2059455.308315536
2024-08-20 06:30:00,2059455.308315536
2024-08-20 07:00:00,2059455.308315536
2024-08-20 13:00:00,2061670.584305846
2024-08-20 13:30:00,2061670.584305846
2024-08-20 14:00:00,2061670.584305846
2024-08-20 14:30:00,2061670.584305846
2024-08-20 15:00:00,2061670.584305846
2024-08-20 15:30:00,2061670.584305846
2024-08-20 16:00:00,2060785.9279398462
2024-08-20 16:30:00,2060785.9279398462
2024-08-21 01:00:00,2060785.9279398462
2024-08-21 01:30:00,2061331.6039715614
2024-08-21 02:00:00,2060243.2169521025
2024-08-21 02:30:00,2060243.2169521025
2024-08-21 03:00:00,2060243.2169521025
2024-08-21 05:00:00,2060243.2169521025
2024-08-21 05:30:00,2060243.2169521025
2024-08-21 06:00:00,2058347.444599942
2024-08-21 06:30:00,2058347.444599942
2024-08-21 07:00:00,2058347.444599942
2024-08-21 13:00:00,2059303.4717925182
2024-08-21 13:30:00,2059303.4717925182
2024-08-21 14:00:00,2059303.4717925182
2024-08-21 14:30:00,2059303.4717925182
2024-08-21 15:00:00,2059303.4717925182
2024-08-21 15:30:00,2059303.4717925182
2024-08-21 16:00:00,2057600.5500605153
2024-08-21 16:30:00,2057600.5500605153
2024-08-22 01:00:00,2060351.8207180032
2024-08-22 01:30:00,2061505.006130628
2024-08-22 02:00:00,2061215.006130628
2024-08-22 02:30:00,2061586.935590869
2024-08-22 03:00:00,2061586.935590869
2024-08-22 05:00:00,2061586.935590869
2024-08-22 05:30:00,2061586.935590869
2024-08-22 06:00:00,2061586.935590869
2024-08-22 06:30:00,2060966.5837038099
2024-08-22 07:00:00,2060966.5837038099
2024-08-22 13:00:00,2059061.483316012
2024-08-22 13:30:00,2059061.483316012
2024-08-22 14:00:00,2059061.483316012
2024-08-22 14:30:00,2059061.483316012
2024-08-22 15:00:00,2059061.483316012
2024-08-22 15:30:00,2059061.483316012
2024-08-22 16:00:00,2059061.483316012
2024-08-22 16:30:00,2059061.483316012
2024-08-23 01:00:00,2059061.483316012
2024-08-23 01:30:00,2058765.7371037062
2024-08-23 02:00:00,2058765.7371037062
2024-08-23 02:30:00,2058765.7371037062
2024-08-23 03:00:00,2057563.8444471387
2024-08-23 05:00:00,2057563.8444471387
2024-08-23 05:30:00,2058344.5938943317
2024-08-23 06:00:00,2057697.107696865
2024-08-23 06:30:00,2057697.107696865
2024-08-23 07:00:00,2057697.107696865
2024-08-23 13:00:00,2057697.107696865
2024-08-23 13:30:00,2057697.107696865
2024-08-23 14:00:00,2057697.107696865
2024-08-23 14:30:00,2056818.7623290399
2024-08-23 15:00:00,2057454.7744451575
2024-08-23 15:30:00,2057454.7744451575
2024-08-23 16:00:00,2057454.7744451575
2024-08-23 16:30:00,2057454.7744451575
2024-08-26 01:00:00,2056964.3043579592
2024-08-26 01:30:00,2056214.9285239463
2024-08-26 02:00:00,2052456.9605507476
2024-08-26 02:30:00,2052456.9605507476
2024-08-26 03:00:00,2052078.0447548663
2024-08-26 05:00:00,2052078.0447548663
2024-08-26 05:30:00,2052078.0447548663
2024-08-26 06:00:00,2051627.9517043252
2024-08-26 06:30:00,2051627.9517043252
2024-08-26 07:00:00,2051627.9517043252
2024-08-26 13:00:00,2051627.9517043252
2024-08-26 13:30:00,2050865.5099339308
2024-08-26 14:00:00,2050865.5099339308
2024-08-26 14:30:00,2050865.5099339308
2024-08-26 15:00:00,2054584.9217419585
2024-08-26 15:30:00,2054584.9217419585
2024-08-26 16:00:00,2054584.9217419585
2024-08-26 16:30:00,2054584.9217419585
2024-08-27 01:00:00,2054449.1920757275
2024-08-27 01:30:00,2052983.4733770033
2024-08-27 02:00:00,2050533.5185689025
2024-08-27 02:30:00,2050533.5185689025
2024-08-27 03:00:00,2050533.5185689025
2024-08-27 05:00:00,2050533.5185689025
2024-08-27 05:30:00,2051265.3109998328
2024-08-27 06:00:00,2051265.3109998328
2024-08-27 06:30:00,2051265.3109998328
2024-08-27 07:00:00,2051265.3109998328
2024-08-27 13:00:00,2052231.561314846
2024-08-27 13:30:00,2052231.561314846
2024-08-27 14:00:00,2052852.4111451276
2024-08-27 14:30:00,2054611.9307326104
2024-08-27 15:00:00,2054611.9307326104
2024-08-27 15:30:00,2054611.9307326104
2024-08-27 16:00:00,2054611.9307326104
2024-08-27 16:30:00,2054611.9307326104
2024-08-28 01:00:00,2054611.9307326104
2024-08-28 01:30:00,2054611.9307326104
2024-08-28 02:00:00,2053332.6274153716
2024-08-28 02:30:00,2054809.3432370834
2024-08-28 03:00:00,2054809.3432370834
2024-08-28 05:00:00,2054809.3432370834
2024-08-28 05:30:00,2054809.3432370834
2024-08-28 06:00:00,2054459.9100356703
2024-08-28 06:30:00,2054459.9100356703
2024-08-28 07:00:00,2054459.9100356703
2024-08-28 13:00:00,2054459.9100356703
2024-08-28 13:30:00,2055081.7082522216
2024-08-28 14:00:00,2055081.7082522216
2024-08-28 14:30:00,2055081.7082522216
2024-08-28 15:00:00,2055081.7082522216
2024-08-28 15:30:00,2055081.7082522216
2024-08-28 16:00:00,2055081.7082522216
2024-08-28 16:30:00,2055081.7082522216
2024-08-29 01:00:00,2055081.7082522216
2024-08-29 01:30:00,2053917.2730149545
2024-08-29 02:00:00,2053917.2730149545
2024-08-29 02:30:00,2053699.0034196877
2024-08-29 03:00:00,2054733.29987164
2024-08-29 05:00:00,2054733.29987164
2024-08-29 05:30:00,2054733.29987164
2024-08-29 06:00:00,2056041.562717722
2024-08-29 06:30:00,2056041.562717722
2024-08-29 07:00:00,2056041.562717722
2024-08-29 13:00:00,2055982.285138535
2024-08-29 13:30:00,2056018.7077181507
2024-08-29 14:00:00,2056018.7077181507
2024-08-29 14:30:00,2056018.7077181507
2024-08-29 15:00:00,2055450.632570613
2024-08-29 15:30:00,2055450.632570613
2024-08-29 16:00:00,2055450.632570613
2024-08-29 16:30:00,2055450.632570613
2024-08-30 01:00:00,2055590.6146849487
2024-08-30 01:30:00,2055439.2746851775
2024-08-30 02:00:00,2055901.2588358815
2024-08-30 02:30:00,2043781.2588358815
2024-08-30 03:00:00,2043781.2588358815
2024-08-30 05:00:00,2043781.2588358815
2024-08-30 05:30:00,2043781.2588358815
2024-08-30 06:00:00,2043194.8524535361
2024-08-30 06:30:00,2042395.6448043666
2024-08-30 07:00:00,2042395.6448043666
2024-08-30 13:00:00,2042395.6448043666
2024-08-30 13:30:00,2040681.8343111568
2024-08-30 14:00:00,2040175.8292483075
2024-08-30 14:30:00,2040175.8292483075
2024-08-30 15:00:00,2040175.8292483075
2024-08-30 15:30:00,2040175.8292483075
2024-08-30 16:00:00,2040175.8292483075
2024-08-30 16:30:00,2040175.8292483075
2024-09-02 01:00:00,2040175.8292483075
2024-09-02 01:30:00,2036663.455485832
2024-09-02 02:00:00,2037723.3989674738
2024-09-02 02:30:00,2037723.3989674738
2024-09-02 03:00:00,2037723.3989674738
2024-09-02 05:00:00,2037723.3989674738
2024-09-02 05:30:00,2037723.3989674738
2024-09-02 06:00:00,2040860.4429471046
2024-09-02 06:30:00,2040860.4429471046
2024-09-02 07:00:00,2040860.4429471046
2024-09-02 13:00:00,2040860.4429471046
2024-09-02 13:30:00,2042664.5488569709
2024-09-02 14:00:00,2041843.7050217683
2024-09-02 14:30:00,2041843.7050217683
2024-09-02 15:00:00,2041843.7050217683
2024-09-02 15:30:00,2041843.7050217683
2024-09-02 16:00:00,2041843.7050217683
2024-09-02 16:30:00,2041843.7050217683
2024-09-03 01:00:00,2041843.7050217683
2024-09-03 01:30:00,2041843.7050217683
2024-09-03 02:00:00,2050820.9831674695
2024-09-03 02:30:00,2027220.1892780603
2024-09-03 03:00:00,2027220.1892780603
2024-09-03 05:00:00,2027220.1892780603
2024-09-03 05:30:00,2027620.1892780603
2024-09-03 06:00:00,2032049.1752202555
2024-09-03 06:30:00,2032049.1752202555
2024-09-03 07:00:00,2032049.1752202555
2024-09-03 13:00:00,2032049.1752202555
2024-09-03 13:30:00,2031594.9726765114
2024-09-03 14:00:00,2031594.9726765114
2024-09-03 14:30:00,2031594.9726765114
2024-09-03 15:00:00,2031594.9726765114
2024-09-03 15:30:00,2031594.9726765114
2024-09-03 16:00:00,2031594.9726765114
2024-09-03 16:30:00,2031464.833035237
2024-09-04 01:00:00,2043844.7235722193
2024-09-04 01:30:00,2043844.7235722193
2024-09-04 02:00:00,2043844.7235722193
2024-09-04 02:30:00,2046328.81845794
2024-09-04 03:00:00,2046328.81845794
2024-09-04 05:00:00,2046328.81845794
2024-09-04 05:30:00,2047606.338283287
2024-09-04 06:00:00,2047606.338283287
2024-09-04 06:30:00,2047606.338283287
2024-09-04 07:00:00,2047606.338283287
2024-09-04 13:00:00,2047606.338283287
2024-09-04 13:30:00,2056442.1721772111
2024-09-04 14:00:00,2056442.1721772111
2024-09-04 14:30:00,2058080.6723330033
2024-09-04 15:00:00,2058080.6723330033
2024-09-04 15:30:00,2058080.6723330033
2024-09-04 16:00:00,2058080.6723330033
2024-09-04 16:30:00,2058080.6723330033
2024-09-05 01:00:00,2058014.0864261962
2024-09-05 01:30:00,2058014.0864261962
2024-09-05 02:00:00,2058014.0864261962
2024-09-05 02:30:00,2058014.0864261962
2024-09-05 03:00:00,2058575.5949196792
2024-09-05 05:00:00,2058575.5949196792
2024-09-05 05:30:00,2058575.5949196792
2024-09-05 06:00:00,2058575.5949196792
2024-09-05 06:30:00,2058575.5949196792
2024-09-05 07:00:00,2058575.5949196792
2024-09-05 13:00:00,2058166.6833384715
2024-09-05 13:30:00,2058917.5699464295
2024-09-05 14:00:00,2058917.5699464295
2024-09-05 14:30:00,2058353.1111087392
2024-09-05 15:00:00,2058353.1111087392
2024-09-05 15:30:00,2058353.1111087392
2024-09-05 16:00:00,2058353.1111087392
2024-09-05 16:30:00,2058353.1111087392
2024-09-06 01:00:00,2058353.1111087392
2024-09-06 01:30:00,2058353.1111087392
2024-09-06 02:00:00,2069284.5094325114
2024-09-06 02:30:00,2069284.5094325114
2024-09-06 03:00:00,2069284.5094325114
2024-09-06 05:00:00,2069284.5094325114
2024-09-06 05:30:00,2067661.6387626627
2024-09-06 06:00:00,2067661.6387626627
2024-09-06 06:30:00,2067661.6387626627
2024-09-06 07:00:00,2067661.6387626627
2024-09-06 13:00:00,2067661.6387626627
2024-09-06 13:30:00,2067174.2657247067
2024-09-06 14:00:00,2067174.2657247067
2024-09-06 14:30:00,2067174.2657247067
2024-09-06 15:00:00,2067174.2657247067
2024-09-06 15:30:00,2067174.2657247067
2024-09-06 16:00:00,2067174.2657247067
2024-09-06 16:30:00,2067174.2657247067
2024-09-09 01:00:00,2067174.2657247067
2024-09-09 01:30:00,2067374.2657247067
2024-09-09 02:00:00,2067374.2657247067
2024-09-09 02:30:00,2067374.2657247067
2024-09-09 03:00:00,2067374.2657247067
2024-09-09 05:00:00,2067374.2657247067
2024-09-09 05:30:00,2067374.2657247067
2024-09-09 06:00:00,2066723.1811311527
2024-09-09 06:30:00,2066160.6247469536
2024-09-09 07:00:00,2066160.6247469536
2024-09-09 13:00:00,2066381.1460866975
2024-09-09 13:30:00,2067202.1639788554
2024-09-09 14:00:00,2067202.1639788554
2024-09-09 14:30:00,2067202.1639788554
2024-09-09 15:00:00,2067202.1639788554
2024-09-09 15:30:00,2067202.1639788554
2024-09-09 16:00:00,2067202.1639788554
2024-09-09 16:30:00,2067202.1639788554
2024-09-10 01:00:00,2067202.1639788554
2024-09-10 01:30:00,2065085.6728570815
2024-09-10 02:00:00,2065085.6728570815
2024-09-10 02:30:00,2065085.6728570815
2024-09-10 03:00:00,2064410.4280510338
2024-09-10 05:00:00,2064410.4280510338
2024-09-10 05:30:00,2088923.4433136804
2024-09-10 06:00:00,2086476.496252751
2024-09-10 06:30:00,2085732.8706053908
2024-09-10 07:00:00,2085732.8706053908
2024-09-10 13:00:00,2085732.8706053908
2024-09-10 13:30:00,2081363.5293528081
2024-09-10 14:00:00,2081363.5293528081
2024-09-10 14:30:00,2081363.5293528081
2024-09-10 15:00:00,2079496.0366810085
2024-09-10 15:30:00,2079496.0366810085
2024-09-10 16:00:00,2079496.0366810085
2024-09-10 16:30:00,2079496.0366810085
2024-09-11 01:00:00,2080319.0475703322
2024-09-11 01:30:00,2078339.4015140047
2024-09-11 02:00:00,2077724.779518834
2024-09-11 02:30:00,2077724.779518834
2024-09-11 03:00:00,2075668.6935125636
2024-09-11 05:00:00,2075668.6935125636
2024-09-11 05:30:00,2075668.6935125636
2024-09-11 06:00:00,2076955.834934398
2024-09-11 06:30:00,2076955.834934398
2024-09-11 07:00:00,2076955.834934398
2024-09-11 13:00:00,2076955.834934398
2024-09-11 13:30:00,2076574.3089974886
2024-09-11 14:00:00,2074771.1180440986
2024-09-11 14:30:00,2074659.1616127796
2024-09-11 15:00:00,2074659.1616127796
2024-09-11 15:30:00,2074659.1616127796
2024-09-11 16:00:00,2074659.1616127796
2024-09-11 16:30:00,2074659.1616127796
2024-09-11 17:00:00,2074659.1616127796
2024-09-11 17:30:00,2074659.1616127796
2024-09-11 18:00:00,2074659.1616127796
2024-09-12 01:00:00,2076730.8939220095
2024-09-12 01:30:00,2074696.3947185844
2024-09-12 02:00:00,2074149.0264961016
2024-09-12 02:30:00,2074149.0264961016
2024-09-12 03:00:00,2073536.0641828016
2024-09-12 05:00:00,2073536.0641828016
2024-09-12 05:30:00,2073536.0641828016
2024-09-12 06:00:00,2073169.1512595743
2024-09-12 06:30:00,2073169.1512595743
2024-09-12 07:00:00,2073169.1512595743
2024-09-12 13:00:00,2073169.1512595743
2024-09-12 13:30:00,2073606.8113146676
2024-09-12 14:00:00,2073606.8113146676
2024-09-12 14:30:00,2072993.1416239825
2024-09-12 15:00:00,2072993.1416239825
2024-09-12 15:30:00,2072993.1416239825
2024-09-12 16:00:00,2072993.1416239825
2024-09-12 16:30:00,2072993.1416239825
2024-09-12 17:00:00,2072993.1416239825
2024-09-12 17:30:00,2072993.1416239825
2024-09-12 18:00:00,2072993.1416239825
2024-09-13 01:00:00,2072993.1416239825
2024-09-13 01:30:00,2072993.1416239825
2024-09-13 02:00:00,2072993.1416239825
2024-09-13 02:30:00,2072993.1416239825
2024-09-13 03:00:00,2071011.9912626492
2024-09-13 05:00:00,2071011.9912626492
2024-09-13 05:30:00,2070576.9459023434
2024-09-13 06:00:00,2078479.2585366454
2024-09-13 06:30:00,2088067.7847977057
2024-09-13 07:00:00,2088067.7847977057
2024-09-18 01:00:00,2088067.7847977057
2024-09-18 01:30:00,2088543.3840372313
2024-09-18 02:00:00,2088543.3840372313
2024-09-18 02:30:00,2088543.3840372313
2024-09-18 03:00:00,2088543.3840372313
2024-09-18 05:00:00,2088543.3840372313
2024-09-18 05:30:00,2088543.3840372313
2024-09-18 06:00:00,2085701.0369708084
2024-09-18 06:30:00,2084435.9577890944
2024-09-18 07:00:00,2084435.9577890944
2024-09-18 13:00:00,2085027.2504063572
2024-09-18 13:30:00,2085027.2504063572
2024-09-18 14:00:00,2085027.2504063572
2024-09-18 14:30:00,2084405.2759638005
2024-09-18 15:00:00,2084405.2759638005
2024-09-18 15:30:00,2084405.2759638005
2024-09-18 16:00:00,2084405.2759638005
2024-09-18 16:30:00,2084405.2759638005
2024-09-18 17:00:00,2084405.2759638005
2024-09-18 17:30:00,2084405.2759638005
2024-09-18 18:00:00,2084405.2759638005
2024-09-19 01:00:00,2084405.2759638005
2024-09-19 01:30:00,2085794.1986104553
2024-09-19 02:00:00,2076024.9824218415
2024-09-19 02:30:00,2074982.3578692402
2024-09-19 03:00:00,2073612.0678424058
2024-09-19 05:00:00,2050195.011175866
2024-09-19 05:30:00,2050195.011175866
2024-09-19 06:00:00,2050195.011175866
2024-09-19 06:30:00,2050195.011175866
2024-09-19 07:00:00,2050195.011175866
2024-09-19 13:00:00,2050195.011175866
2024-09-19 13:30:00,2050195.011175866
2024-09-19 14:00:00,2050195.011175866
2024-09-19 14:30:00,2050195.011175866
2024-09-19 15:00:00,2050195.011175866
2024-09-19 15:30:00,2050195.011175866
2024-09-19 16:00:00,2050195.011175866
2024-09-19 16:30:00,2050195.011175866
2024-09-19 17:00:00,2050195.011175866
2024-09-19 17:30:00,2050195.011175866
2024-09-19 18:00:00,2050195.011175866
2024-09-20 01:00:00,2049595.879077637
2024-09-20 01:30:00,2052189.8438712116
2024-09-20 02:00:00,2050443.7299784794
2024-09-20 02:30:00,2050443.7299784794
2024-09-20 03:00:00,2050443.7299784794
2024-09-20 05:00:00,2050443.7299784794
2024-09-20 05:30:00,2048947.1052117194
2024-09-20 06:00:00,2048041.0359266037
2024-09-20 06:30:00,2048041.0359266037
2024-09-20 07:00:00,2048041.0359266037
2024-09-20 13:00:00,2048041.0359266037
2024-09-20 13:30:00,2048630.9832097823
2024-09-20 14:00:00,2046540.3654884705
2024-09-20 14:30:00,2046540.3654884705
2024-09-20 15:00:00,2046540.3654884705
2024-09-20 15:30:00,2046540.3654884705
2024-09-20 16:00:00,2046540.3654884705
2024-09-20 16:30:00,2046540.3654884705
2024-09-20 17:00:00,2046540.3654884705
2024-09-20 17:30:00,2046540.3654884705
2024-09-20 18:00:00,2046540.3654884705
2024-09-23 01:00:00,2045612.8377291963
2024-09-23 01:30:00,2044407.6000593696
2024-09-23 02:00:00,2029603.8310290265
2024-09-23 02:30:00,2029603.8310290265
2024-09-23 03:00:00,2029210.6815418052
2024-09-23 05:00:00,2029210.6815418052
2024-09-23 05:30:00,2028775.9836300767
2024-09-23 06:00:00,2027975.221350211
2024-09-23 06:30:00,2019379.2290088478
2024-09-23 07:00:00,2019379.2290088478
2024-09-23 13:00:00,2019379.2290088478
2024-09-23 13:30:00,2019379.2290088478
2024-09-23 14:00:00,2016960.6841283997
2024-09-23 14:30:00,2018462.852041122
2024-09-23 15:00:00,2014992.663281919
2024-09-23 15:30:00,2014992.663281919
2024-09-23 16:00:00,2014992.663281919
2024-09-23 16:30:00,2014992.663281919
2024-09-23 17:00:00,2014992.663281919
2024-09-23 17:30:00,2019601.3487527608
2024-09-23 18:00:00,2019601.3487527608
2024-09-24 01:00:00,2019601.3487527608
2024-09-24 01:30:00,2019168.5706969588
2024-09-24 02:00:00,2019168.5706969588
2024-09-24 02:30:00,2017842.104174879
2024-09-24 03:00:00,2016377.3631575287
2024-09-24 05:00:00,2024967.497394968
2024-09-24 05:30:00,2024967.497394968
2024-09-24 06:00:00,2024967.497394968
2024-09-24 06:30:00,2025283.809811922
2024-09-24 07:00:00,2025283.809811922
2024-09-24 13:00:00,2025283.809811922
2024-09-24 13:30:00,2025283.809811922
2024-09-24 14:00:00,2025283.809811922
2024-09-24 14:30:00,2025283.809811922
2024-09-24 15:00:00,2026801.3415209898
2024-09-24 15:30:00,2026801.3415209898
2024-09-24 16:00:00,2026801.3415209898
2024-09-24 16:30:00,2026801.3415209898
2024-09-24 17:00:00,2026801.3415209898
2024-09-24 17:30:00,2026801.3415209898
2024-09-24 18:00:00,2026801.3415209898
2024-09-25 01:00:00,2026801.3415209898
2024-09-25 01:30:00,2027191.2666166103
2024-09-25 02:00:00,2025966.0912239803
2024-09-25 02:30:00,2025966.0912239803
2024-09-25 03:00:00,2025966.0912239803
2024-09-25 05:00:00,2074789.7646407888
2024-09-25 05:30:00,2215963.9463651674
2024-09-25 06:00:00,2249787.1231275476
2024-09-25 06:30:00,2249787.1231275476
2024-09-25 07:00:00,2249787.1231275476
2024-09-25 13:00:00,2249787.1231275476
2024-09-25 13:30:00,2247790.6679100427
2024-09-25 14:00:00,2247790.6679100427
2024-09-25 14:30:00,2247535.397431529
2024-09-25 15:00:00,2247535.397431529
2024-09-25 15:30:00,2247535.397431529
2024-09-25 16:00:00,2247535.397431529
2024-09-25 16:30:00,2247535.397431529
2024-09-25 17:00:00,2246050.483259965
2024-09-25 17:30:00,2246050.483259965
2024-09-25 18:00:00,2246050.483259965
2024-09-26 01:00:00,2246050.483259965
2024-09-26 01:30:00,2246050.483259965
2024-09-26 02:00:00,2246050.483259965
2024-09-26 02:30:00,2247259.628355626
2024-09-26 03:00:00,2247259.628355626
2024-09-26 05:00:00,2247259.628355626
2024-09-26 05:30:00,2247259.628355626
2024-09-26 06:00:00,2246908.3240628215
2024-09-26 06:30:00,2248437.8883266887
2024-09-26 07:00:00,2248437.8883266887
2024-09-26 13:00:00,2247460.8919556965
2024-09-26 13:30:00,2245960.5550077804
2024-09-26 14:00:00,2245960.5550077804
2024-09-26 14:30:00,2245960.5550077804
2024-09-26 15:00:00,2245960.5550077804
2024-09-26 15:30:00,2245960.5550077804
2024-09-26 16:00:00,2245960.5550077804
2024-09-26 16:30:00,2245960.5550077804
2024-09-26 17:00:00,2245960.5550077804
2024-09-26 17:30:00,2245960.5550077804
2024-09-26 18:00:00,2245960.5550077804
2024-09-27 01:00:00,2244807.006464638
2024-09-27 01:30:00,2247629.5876570623
2024-09-27 02:00:00,2247629.5876570623
2024-09-27 02:30:00,2247246.2241418906
2024-09-27 03:00:00,2248305.637530574
2024-09-27 05:00:00,2248305.637530574
2024-09-27 05:30:00,2247330.0862850845
2024-09-27 06:00:00,2558888.3225487703
2024-09-27 06:30:00,2558888.3225487703
2024-09-27 07:00:00,2558888.3225487703
2024-09-27 13:00:00,2558109.6462287772
2024-09-27 13:30:00,2558109.6462287772
2024-09-27 14:00:00,2558109.6462287772
2024-09-27 14:30:00,2558109.6462287772
2024-09-27 15:00:00,2558109.6462287772
2024-09-27 15:30:00,2558109.6462287772
2024-09-27 16:00:00,2558109.6462287772
2024-09-27 16:30:00,2558109.6462287772
2024-09-27 17:00:00,2558109.6462287772
2024-09-27 17:30:00,2558109.6462287772
2024-09-27 18:00:00,2558109.6462287772
2024-09-30 01:00:00,2558109.6462287772
2024-09-30 01:30:00,2558759.6462287772
2024-09-30 02:00:00,2559081.895882135
2024-09-30 02:30:00,2559081.895882135
2024-09-30 03:00:00,2559081.895882135
2024-09-30 05:00:00,2559081.895882135
2024-09-30 05:30:00,2559081.895882135
2024-09-30 06:00:00,2559081.895882135
2024-09-30 06:30:00,2558387.8939400716
2024-09-30 07:00:00,2560727.388576057
2024-10-08 01:00:00,2560727.388576057
2024-10-08 01:30:00,2563760.156244896
2024-10-08 02:00:00,2566985.9781338708
2024-10-08 02:30:00,2566985.9781338708
2024-10-08 03:00:00,2577401.2459673067
2024-10-08 05:00:00,2577401.2459673067
2024-10-08 05:30:00,2577401.2459673067
2024-10-08 06:00:00,2587559.469759625
2024-10-08 06:30:00,2587559.469759625
2024-10-08 07:00:00,2587559.469759625
2024-10-08 13:00:00,2587559.469759625
2024-10-08 13:30:00,2587559.469759625
2024-10-08 14:00:00,2587559.469759625
2024-10-08 14:30:00,2587559.469759625
2024-10-08 15:00:00,2587559.469759625
2024-10-08 15:30:00,2587559.469759625
2024-10-08 16:00:00,2587559.469759625
2024-10-08 16:30:00,2587559.469759625
2024-10-08 17:00:00,2587559.469759625
2024-10-08 17:30:00,2587559.469759625
2024-10-08 18:00:00,2587559.469759625
2024-10-09 01:00:00,2587559.469759625
2024-10-09 01:30:00,2594024.4773811162
2024-10-09 02:00:00,2594024.4773811162
2024-10-09 02:30:00,2594024.4773811162
2024-10-09 03:00:00,2594769.2223136243
2024-10-09 05:00:00,2594769.2223136243
2024-10-09 05:30:00,2594349.526725388
2024-10-09 06:00:00,2596786.44515256
2024-10-09 06:30:00,2596786.44515256
2024-10-09 07:00:00,2596786.44515256
2024-10-09 13:00:00,2595672.9513220526
2024-10-09 13:30:00,2592989.2204781845
2024-10-09 14:00:00,2590929.2204781845
2024-10-09 14:30:00,2590929.2204781845
2024-10-09 15:00:00,2589831.347755988
2024-10-09 15:30:00,2587573.7123951614
2024-10-09 16:00:00,2587573.7123951614
2024-10-09 16:30:00,2587573.7123951614
2024-10-09 17:00:00,2587573.7123951614
2024-10-09 17:30:00,2587573.7123951614
2024-10-09 18:00:00,2587573.7123951614
2024-10-10 01:00:00,2586540.8767503244
2024-10-10 01:30:00,2584480.8767503244
2024-10-10 02:00:00,2584480.8767503244
2024-10-10 02:30:00,2584480.8767503244
2024-10-10 03:00:00,2584480.8767503244
2024-10-10 05:00:00,2584480.8767503244
2024-10-10 05:30:00,2584480.8767503244
2024-10-10 06:00:00,2583799.6688412335
2024-10-10 06:30:00,2583799.6688412335
2024-10-10 07:00:00,2583799.6688412335
2024-10-10 13:00:00,2581550.1230359115
2024-10-10 13:30:00,2581550.1230359115
2024-10-10 14:00:00,2581550.1230359115
2024-10-10 14:30:00,2579853.8725834684
2024-10-10 15:00:00,2579853.8725834684
2024-10-10 15:30:00,2579853.8725834684
2024-10-10 16:00:00,2579853.8725834684
2024-10-10 16:30:00,2579853.8725834684
2024-10-10 17:00:00,2579853.8725834684
2024-10-10 17:30:00,2579853.8725834684
2024-10-10 18:00:00,2579853.8725834684
2024-10-11 01:00:00,2579853.8725834684
2024-10-11 01:30:00,2585240.594876556
2024-10-11 02:00:00,2585240.594876556
2024-10-11 02:30:00,2585240.594876556
2024-10-11 03:00:00,2583596.1961744665
2024-10-11 05:00:00,2583596.1961744665
2024-10-11 05:30:00,2583494.2916834033
2024-10-11 06:00:00,2583494.2916834033
2024-10-11 06:30:00,2583396.268987579
2024-10-11 07:00:00,2583396.268987579
2024-10-11 13:00:00,2580575.578523192
2024-10-11 13:30:00,2578352.079388796
2024-10-11 14:00:00,2578352.079388796
2024-10-11 14:30:00,2576609.912227255
2024-10-11 15:00:00,2576609.912227255
2024-10-11 15:30:00,2576609.912227255
2024-10-11 16:00:00,2576609.912227255
2024-10-11 16:30:00,2576609.912227255
2024-10-11 17:00:00,2576609.912227255
2024-10-11 17:30:00,2576609.912227255
2024-10-11 18:00:00,2576609.912227255
2024-10-14 01:00:00,2576609.912227255
2024-10-14 01:30:00,2579423.4680033685
2024-10-14 02:00:00,2579423.4680033685
2024-10-14 02:30:00,2578461.3470383887
2024-10-14 03:00:00,2575306.010109307
2024-10-14 05:00:00,2575306.010109307
2024-10-14 05:30:00,2575306.010109307
2024-10-14 06:00:00,2573359.4539645514
2024-10-14 06:30:00,2573359.4539645514
2024-10-14 07:00:00,2573359.4539645514
2024-10-14 13:00:00,2573359.4539645514
2024-10-14 13:30:00,2572535.2629625737
2024-10-14 14:00:00,2572535.2629625737
2024-10-14 14:30:00,2570246.0154491374
2024-10-14 15:00:00,2570246.0154491374
2024-10-14 15:30:00,2569207.5541863763
2024-10-14 16:00:00,2569207.5541863763
2024-10-14 16:30:00,2569207.5541863763
2024-10-14 17:00:00,2569207.5541863763
2024-10-14 17:30:00,2569207.5541863763
2024-10-14 18:00:00,2569207.5541863763
2024-10-15 01:00:00,2569207.5541863763
2024-10-15 01:30:00,2569207.5541863763
2024-10-15 02:00:00,2569207.5541863763
2024-10-15 02:30:00,2569207.5541863763
2024-10-15 03:00:00,2575632.8202168285
2024-10-15 05:00:00,2575632.8202168285
2024-10-15 05:30:00,2575632.8202168285
2024-10-15 06:00:00,2575632.8202168285
2024-10-15 06:30:00,2575632.8202168285
2024-10-15 07:00:00,2575632.8202168285
2024-10-15 13:00:00,2575632.8202168285
2024-10-15 13:30:00,2575632.8202168285
2024-10-15 14:00:00,2575216.997161165
2024-10-15 14:30:00,2575460.170815272
2024-10-15 15:00:00,2575460.170815272
2024-10-15 15:30:00,2575460.170815272
2024-10-15 16:00:00,2575460.170815272
2024-10-15 16:30:00,2575460.170815272
2024-10-15 17:00:00,2575460.170815272
2024-10-15 17:30:00,2575460.170815272
2024-10-15 18:00:00,2575460.170815272
2024-10-16 01:00:00,2575460.170815272
2024-10-16 01:30:00,2572155.498497701
2024-10-16 02:00:00,2573440.51753339
2024-10-16 02:30:00,2573440.51753339
2024-10-16 03:00:00,2572640.0042146347
2024-10-16 05:00:00,2572640.0042146347
2024-10-16 05:30:00,2570472.040339065
2024-10-16 06:00:00,2570472.040339065
2024-10-16 06:30:00,2569431.606110574
2024-10-16 07:00:00,2569431.606110574
2024-10-16 13:00:00,2568245.329583506
2024-10-16 13:30:00,2566295.329583506
2024-10-16 14:00:00,2564765.8822193593
2024-10-16 14:30:00,2564765.8822193593
2024-10-16 15:00:00,2564765.8822193593
2024-10-16 15:30:00,2566977.174064679
2024-10-16 16:00:00,2566977.174064679
2024-10-16 16:30:00,2566977.174064679
2024-10-16 17:00:00,2566977.174064679
2024-10-16 17:30:00,2566977.174064679
2024-10-16 18:00:00,2566977.174064679
2024-10-17 01:00:00,2564377.2699027513
2024-10-17 01:30:00,2562547.487230833
2024-10-17 02:00:00,2564366.7942719064
2024-10-17 02:30:00,2565003.6852287324
2024-10-17 03:00:00,2565003.6852287324
2024-10-17 05:00:00,2565003.6852287324
2024-10-17 05:30:00,2565003.6852287324
2024-10-17 06:00:00,2565003.6852287324
2024-10-17 06:30:00,2565003.6852287324
2024-10-17 07:00:00,2565003.6852287324
2024-10-17 13:00:00,2565003.6852287324
2024-10-17 13:30:00,2565565.8239667993
2024-10-17 14:00:00,2567965.1627147254
2024-10-17 14:30:00,2572946.119236884
2024-10-17 15:00:00,2572946.119236884
2024-10-17 15:30:00,2572946.119236884
2024-10-17 16:00:00,2572946.119236884
2024-10-17 16:30:00,2572946.119236884
2024-10-17 17:00:00,2572946.119236884
2024-10-17 17:30:00,2572946.119236884
2024-10-17 18:00:00,2572946.119236884
2024-10-18 01:00:00,2572946.119236884
2024-10-18 01:30:00,2572567.5159794036
2024-10-18 02:00:00,2572567.5159794036
2024-10-18 02:30:00,2572567.5159794036
2024-10-18 03:00:00,2572567.5159794036
2024-10-18 05:00:00,2572567.5159794036
2024-10-18 05:30:00,2570457.7714628987
2024-10-18 06:00:00,2574702.221149106
2024-10-18 06:30:00,2574110.070150314
2024-10-18 07:00:00,2574110.070150314
2024-10-18 13:00:00,2574110.070150314
2024-10-18 13:30:00,2573284.142531315
2024-10-18 14:00:00,2573284.142531315
2024-10-18 14:30:00,2573573.667653171
2024-10-18 15:00:00,2574146.0426908955
2024-10-18 15:30:00,2574146.0426908955
2024-10-18 16:00:00,2574146.0426908955
2024-10-18 16:30:00,2575562.623002077
2024-10-18 17:00:00,2575562.623002077
2024-10-18 17:30:00,2575562.623002077
2024-10-18 18:00:00,2575562.623002077
2024-10-21 01:00:00,2575562.623002077
2024-10-21 01:30:00,2575872.623002077
2024-10-21 02:00:00,2575872.623002077
2024-10-21 02:30:00,2575872.623002077
2024-10-21 03:00:00,2576791.8955432675
2024-10-21 05:00:00,2576791.8955432675
2024-10-21 05:30:00,2576791.8955432675
2024-10-21 06:00:00,2579112.7198835113
2024-10-21 06:30:00,2579112.7198835113
2024-10-21 07:00:00,2579112.7198835113
2024-10-21 13:00:00,2579112.7198835113
2024-10-21 13:30:00,2579652.625654571
2024-10-21 14:00:00,2579652.625654571
2024-10-21 14:30:00,2579652.625654571
2024-10-21 15:00:00,2579652.625654571
2024-10-21 15:30:00,2578429.531401419
2024-10-21 16:00:00,2578429.531401419
2024-10-21 16:30:00,2578429.531401419
2024-10-21 17:00:00,2578429.531401419
2024-10-21 17:30:00,2578429.531401419
2024-10-21 18:00:00,2578429.531401419
2024-10-22 01:00:00,2575669.292522495
2024-10-22 01:30:00,2574681.243749275
2024-10-22 02:00:00,2586616.494464059
2024-10-22 02:30:00,2586616.494464059
2024-10-22 03:00:00,2586327.0454219915
2024-10-22 05:00:00,2586327.0454219915
2024-10-22 05:30:00,2585928.5945775723
2024-10-22 06:00:00,2585928.5945775723
2024-10-22 06:30:00,2584373.9390657903
2024-10-22 07:00:00,2584373.9390657903
2024-10-22 13:00:00,2584373.9390657903
2024-10-22 13:30:00,2584580.405802734
2024-10-22 14:00:00,2584580.405802734
2024-10-22 14:30:00,2583770.2392112394
2024-10-22 15:00:00,2583770.2392112394
2024-10-22 15:30:00,2583770.2392112394
2024-10-22 16:00:00,2583770.2392112394
2024-10-22 16:30:00,2583770.2392112394
2024-10-22 17:00:00,2583770.2392112394
2024-10-22 17:30:00,2583770.2392112394
2024-10-22 18:00:00,2583770.2392112394
2024-10-23 01:00:00,2583770.2392112394
2024-10-23 01:30:00,2583770.2392112394
2024-10-23 02:00:00,2583770.2392112394
2024-10-23 02:30:00,2583770.2392112394
2024-10-23 03:00:00,2582428.3920914135
2024-10-23 05:00:00,2582428.3920914135
2024-10-23 05:30:00,2582428.3920914135
2024-10-23 06:00:00,2578761.1969000963
2024-10-23 06:30:00,2578946.555946223
2024-10-23 07:00:00,2578946.555946223
2024-10-23 13:00:00,2578239.061151485
2024-10-23 13:30:00,2577779.061151485
2024-10-23 14:00:00,2577326.0891080904
2024-10-23 14:30:00,2575632.788556277
2024-10-23 15:00:00,2575632.788556277
2024-10-23 15:30:00,2575632.788556277
2024-10-23 16:00:00,2575632.788556277
2024-10-23 16:30:00,2575113.501048281
2024-10-23 17:00:00,2575113.501048281
2024-10-23 17:30:00,2575113.501048281
2024-10-23 18:00:00,2575113.501048281
2024-10-24 01:00:00,2574813.585876175
2024-10-24 01:30:00,2575532.0742187575
2024-10-24 02:00:00,2575532.0742187575
2024-10-24 02:30:00,2575532.0742187575
2024-10-24 03:00:00,2575048.3062661025
2024-10-24 05:00:00,2575048.3062661025
2024-10-24 05:30:00,2573667.2014344754
2024-10-24 06:00:00,2572267.026399259
2024-10-24 06:30:00,2572267.026399259
2024-10-24 07:00:00,2572267.026399259
2024-10-24 13:00:00,2570999.1876241793
2024-10-24 13:30:00,2566859.1876241793
2024-10-24 14:00:00,2566859.1876241793
2024-10-24 14:30:00,2562174.115906767
2024-10-24 15:00:00,2562174.115906767
2024-10-24 15:30:00,2562174.115906767
2024-10-24 16:00:00,2562174.115906767
2024-10-24 16:30:00,2562174.115906767
2024-10-24 17:00:00,2562174.115906767
2024-10-24 17:30:00,2562174.115906767
2024-10-24 18:00:00,2562174.115906767
2024-10-25 01:00:00,2561459.543106591
2024-10-25 01:30:00,2561459.543106591
2024-10-25 02:00:00,2560686.891363953
2024-10-25 02:30:00,2560686.891363953
2024-10-25 03:00:00,2559586.891363953
2024-10-25 05:00:00,2559586.891363953
2024-10-25 05:30:00,2559586.891363953
2024-10-25 06:00:00,2558295.440570844
2024-10-25 06:30:00,2557606.682494107
2024-10-25 07:00:00,2557606.682494107
2024-10-25 13:00:00,2556811.2094679526
2024-10-25 13:30:00,2553146.272227004
2024-10-25 14:00:00,2553146.272227004
2024-10-25 14:30:00,2553146.272227004
2024-10-25 15:00:00,2553146.272227004
2024-10-25 15:30:00,2553146.272227004
2024-10-25 16:00:00,2553146.272227004
2024-10-25 16:30:00,2553146.272227004
2024-10-25 17:00:00,2553146.272227004
2024-10-25 17:30:00,2553146.272227004
2024-10-25 18:00:00,2553146.272227004
2024-10-28 01:00:00,2553146.272227004
2024-10-28 01:30:00,2538789.0434297663
2024-10-28 02:00:00,2538789.0434297663
2024-10-28 02:30:00,2537614.3636604548
2024-10-28 03:00:00,2537614.3636604548
2024-10-28 05:00:00,2537614.3636604548
2024-10-28 05:30:00,2537350.964983975
2024-10-28 06:00:00,2534661.929629353
2024-10-28 06:30:00,2534661.929629353
2024-10-28 07:00:00,2534661.929629353
2024-10-28 13:00:00,2531233.145270285
2024-10-28 13:30:00,2531516.9755350794
2024-10-28 14:00:00,2531516.9755350794
2024-10-28 14:30:00,2531750.992088319
2024-10-28 15:00:00,2531750.992088319
2024-10-28 15:30:00,2531750.992088319
2024-10-28 16:00:00,2531750.992088319
2024-10-28 16:30:00,2531750.992088319
2024-10-28 17:00:00,2531750.992088319
2024-10-28 17:30:00,2531750.992088319
2024-10-28 18:00:00,2531750.992088319
2024-10-29 01:00:00,2531750.992088319
2024-10-29 01:30:00,2531750.992088319
2024-10-29 02:00:00,2530495.6837264025
2024-10-29 02:30:00,2528146.264202336
2024-10-29 03:00:00,2528274.6392025193
2024-10-29 05:00:00,2528274.6392025193
2024-10-29 05:30:00,2528636.8830309515
2024-10-29 06:00:00,2528636.8830309515
2024-10-29 06:30:00,2527335.8183560697
2024-10-29 07:00:00,2527335.8183560697
2024-10-29 13:00:00,2525663.7412309158
2024-10-29 13:30:00,2529449.1126360083
2024-10-29 14:00:00,2529449.1126360083
2024-10-29 14:30:00,2528493.8668315117
2024-10-29 15:00:00,2528493.8668315117
2024-10-29 15:30:00,2527904.5820151363
2024-10-29 16:00:00,2527904.5820151363
2024-10-29 16:30:00,2527904.5820151363
2024-10-29 17:00:00,2527904.5820151363
2024-10-29 17:30:00,2527904.5820151363
2024-10-29 18:00:00,2527904.5820151363
2024-10-30 01:00:00,2527715.936643387
2024-10-30 01:30:00,2526545.3684019805
2024-10-30 02:00:00,2526545.3684019805
2024-10-30 02:30:00,2526545.3684019805
2024-10-30 03:00:00,2525384.788130399
2024-10-30 05:00:00,2498805.9003818
2024-10-30 05:30:00,2499185.9003818
2024-10-30 06:00:00,2499052.6301754373
2024-10-30 06:30:00,2496929.3069397607
2024-10-30 07:00:00,2496929.3069397607
2024-10-30 13:00:00,2497085.8862332385
2024-10-30 13:30:00,2494785.8862332385
2024-10-30 14:00:00,2494785.8862332385
2024-10-30 14:30:00,2493824.256042485
2024-10-30 15:00:00,2493447.114961885
2024-10-30 15:30:00,2493447.114961885
2024-10-30 16:00:00,2493447.114961885
2024-10-30 16:30:00,2493447.114961885
2024-10-30 17:00:00,2493447.114961885
2024-10-30 17:30:00,2493447.114961885
2024-10-30 18:00:00,2493447.114961885
2024-10-31 01:00:00,2493447.114961885
2024-10-31 01:30:00,2493447.114961885
2024-10-31 02:00:00,2492516.0657501067
2024-10-31 02:30:00,2491826.076293132
2024-10-31 03:00:00,2473864.1495135627
2024-10-31 05:00:00,2473864.1495135627
2024-10-31 05:30:00,2473864.1495135627
2024-10-31 06:00:00,2473864.1495135627
2024-10-31 06:30:00,2473864.1495135627
2024-10-31 07:00:00,2473864.1495135627
2024-10-31 13:00:00,2473133.1138969846
2024-10-31 13:30:00,2470602.6836549845
2024-10-31 14:00:00,2470602.6836549845
2024-10-31 14:30:00,2469542.023555944
2024-10-31 15:00:00,2469542.023555944
2024-10-31 15:30:00,2469542.023555944
2024-10-31 16:00:00,2469542.023555944
2024-10-31 16:30:00,2469542.023555944
2024-10-31 17:00:00,2469542.023555944
2024-10-31 17:30:00,2469542.023555944
2024-10-31 18:00:00,2469542.023555944
2024-11-01 01:00:00,2469542.023555944
2024-11-01 01:30:00,2467006.5232591676
2024-11-01 02:00:00,2461933.2520680944
2024-11-01 02:30:00,2461933.2520680944
2024-11-01 03:00:00,2462979.2842924325
2024-11-01 05:00:00,2462979.2842924325
2024-11-01 05:30:00,2462112.211395049
2024-11-01 06:00:00,2461195.2768592844
2024-11-01 06:30:00,2462179.840901053
2024-11-01 07:00:00,2462179.840901053
2024-11-01 13:00:00,2462179.840901053
2024-11-01 13:30:00,2461517.0967081636
2024-11-01 14:00:00,2461517.0967081636
2024-11-01 14:30:00,2460050.8159579122
2024-11-01 15:00:00,2459095.3847663044
2024-11-01 15:30:00,2459095.3847663044
2024-11-01 16:00:00,2459095.3847663044
2024-11-01 16:30:00,2459095.3847663044
2024-11-01 17:00:00,2459095.3847663044
2024-11-01 17:30:00,2459095.3847663044
2024-11-01 18:00:00,2459095.3847663044
2024-11-04 01:00:00,2457603.8667435683
2024-11-04 01:30:00,2453934.7461731536
2024-11-04 02:00:00,2447698.4422936407
2024-11-04 02:30:00,2447698.4422936407
2024-11-04 03:00:00,2450890.293315396
2024-11-04 05:00:00,2450890.293315396
2024-11-04 05:30:00,2447962.2737231967
2024-11-04 06:00:00,2445554.9282843717
2024-11-04 06:30:00,2439208.837070152
2024-11-04 07:00:00,2439208.837070152
2024-11-04 13:00:00,2438308.356950385
2024-11-04 13:30:00,2433575.4450918115
2024-11-04 14:00:00,2433575.4450918115
2024-11-04 14:30:00,2433199.270342565
2024-11-04 15:00:00,2433199.270342565
2024-11-04 15:30:00,2433199.270342565
2024-11-04 16:00:00,2433199.270342565
2024-11-04 16:30:00,2433199.270342565
2024-11-04 17:00:00,2433199.270342565
2024-11-04 17:30:00,2433199.270342565
2024-11-04 18:00:00,2433199.270342565
2024-11-05 01:00:00,2432699.557919469
2024-11-05 01:30:00,2432699.557919469
2024-11-05 02:00:00,2432699.557919469
2024-11-05 02:30:00,2432178.892205135
2024-11-05 03:00:00,2432455.903867687
2024-11-05 05:00:00,2432455.903867687
2024-11-05 05:30:00,2433120.6428572214
2024-11-05 06:00:00,2432373.775704196
2024-11-05 06:30:00,2432373.775704196
2024-11-05 07:00:00,2432373.775704196
2024-11-05 13:00:00,2431210.4750134856
2024-11-05 13:30:00,2431076.6861467054
2024-11-05 14:00:00,2431737.487513874
2024-11-05 14:30:00,2431737.487513874
2024-11-05 15:00:00,2431737.487513874
2024-11-05 15:30:00,2431737.487513874
2024-11-05 16:00:00,2432082.4229378705
2024-11-05 16:30:00,2432070.419350276
2024-11-05 17:00:00,2432070.419350276
2024-11-05 17:30:00,2432070.419350276
2024-11-05 18:00:00,2432070.419350276
2024-11-06 01:00:00,2432070.419350276
2024-11-06 01:30:00,2432445.848063769
2024-11-06 02:00:00,2432294.341471973
2024-11-06 02:30:00,2432294.341471973
2024-11-06 03:00:00,2431572.5323758773
2024-11-06 05:00:00,2497189.4777746564
2024-11-06 05:30:00,2498423.491036799
2024-11-06 06:00:00,2498537.7060202076
2024-11-06 06:30:00,2496963.6896820143
2024-11-06 07:00:00,2496963.6896820143
2024-11-06 13:00:00,2496963.6896820143
2024-11-06 13:30:00,2496963.6896820143
2024-11-06 14:00:00,2496963.6896820143
2024-11-06 14:30:00,2496802.8792655785
2024-11-06 15:00:00,2496802.8792655785
2024-11-06 15:30:00,2496802.8792655785
2024-11-06 16:00:00,2496802.8792655785
2024-11-06 16:30:00,2496802.8792655785
2024-11-06 17:00:00,2496802.8792655785
2024-11-06 17:30:00,2496802.8792655785
2024-11-06 18:00:00,2496802.8792655785
2024-11-07 01:00:00,2496802.8792655785
2024-11-07 01:30:00,2500593.862050967
2024-11-07 02:00:00,2500115.0145125184
2024-11-07 02:30:00,2499852.4856639793
2024-11-07 03:00:00,2499852.4856639793
2024-11-07 05:00:00,2499852.4856639793
2024-11-07 05:30:00,2502911.284422881
2024-11-07 06:00:00,2501805.1511214436
2024-11-07 06:30:00,2500677.883331162
2024-11-07 07:00:00,2500677.883331162
2024-11-07 13:00:00,2500677.883331162
2024-11-07 13:30:00,2502316.159936847
2024-11-07 14:00:00,2502316.159936847
2024-11-07 14:30:00,2501193.7727278904
2024-11-07 15:00:00,2501193.7727278904
2024-11-07 15:30:00,2501193.7727278904
2024-11-07 16:00:00,2501193.7727278904
2024-11-07 16:30:00,2501193.7727278904
2024-11-07 17:00:00,2501193.7727278904
2024-11-07 17:30:00,2501193.7727278904
2024-11-07 18:00:00,2501193.7727278904
2024-11-08 01:00:00,2501193.7727278904
2024-11-08 01:30:00,2501193.7727278904
2024-11-08 02:00:00,2502353.9412590186
2024-11-08 02:30:00,2498718.99821474
2024-11-08 03:00:00,2498134.371533707
2024-11-08 05:00:00,2498134.371533707
2024-11-08 05:30:00,2497206.8389162174
2024-11-08 06:00:00,2497206.8389162174
2024-11-08 06:30:00,2499544.8007916296
2024-11-08 07:00:00,2499544.8007916296
2024-11-08 13:00:00,2499544.8007916296
2024-11-08 13:30:00,2498817.81350687
2024-11-08 14:00:00,2498297.81350687
2024-11-08 14:30:00,2497170.084433489
2024-11-08 15:00:00,2496739.5100659174
2024-11-08 15:30:00,2496739.5100659174
2024-11-08 16:00:00,2496739.5100659174
2024-11-08 16:30:00,2496739.5100659174
2024-11-08 17:00:00,2496739.5100659174
2024-11-08 17:30:00,2496739.5100659174
2024-11-08 18:00:00,2496739.5100659174
2024-11-11 01:00:00,2496282.2544166422
2024-11-11 01:30:00,2496510.110630018
2024-11-11 02:00:00,2496570.951019617
2024-11-11 02:30:00,2496570.951019617
2024-11-11 03:00:00,2496570.951019617
2024-11-11 05:00:00,2496570.951019617
2024-11-11 05:30:00,2496570.951019617
2024-11-11 06:00:00,2495486.6417824333
2024-11-11 06:30:00,2497731.1571776904
2024-11-11 07:00:00,2497731.1571776904
2024-11-11 13:00:00,2497240.376319322
2024-11-11 13:30:00,2496300.298746944
2024-11-11 14:00:00,2497339.8999557993
2024-11-11 14:30:00,2497339.8999557993
2024-11-11 15:00:00,2497339.8999557993
2024-11-11 15:30:00,2497339.8999557993
2024-11-11 16:00:00,2497339.8999557993
2024-11-11 16:30:00,2497339.8999557993
2024-11-11 17:00:00,2497339.8999557993
2024-11-11 17:30:00,2497339.8999557993
2024-11-11 18:00:00,2497339.8999557993
2024-11-12 01:00:00,2497339.8999557993
2024-11-12 01:30:00,2505533.6740886034
2024-11-12 02:00:00,2507435.9660701314
2024-11-12 02:30:00,2506750.6040601227
2024-11-12 03:00:00,2506750.6040601227
2024-11-12 05:00:00,2507236.903945618
2024-11-12 05:30:00,2507236.903945618
2024-11-12 06:00:00,2507236.903945618
2024-11-12 06:30:00,2507756.016137976
2024-11-12 07:00:00,2507756.016137976
2024-11-12 13:00:00,2508751.186872218
2024-11-12 13:30:00,2508751.186872218
2024-11-12 14:00:00,2508751.186872218
2024-11-12 14:30:00,2508764.421949249
2024-11-12 15:00:00,2508764.421949249
2024-11-12 15:30:00,2508764.421949249
2024-11-12 16:00:00,2508764.421949249
2024-11-12 16:30:00,2508764.421949249
2024-11-12 17:00:00,2508764.421949249
2024-11-12 17:30:00,2508764.421949249
2024-11-12 18:00:00,2508764.421949249
2024-11-13 01:00:00,2508876.219444133
2024-11-13 01:30:00,2508876.219444133
2024-11-13 02:00:00,2509846.998870219
2024-11-13 02:30:00,2509846.998870219
2024-11-13 03:00:00,2509846.998870219
2024-11-13 05:00:00,2509846.998870219
2024-11-13 05:30:00,2508258.8400531784
2024-11-13 06:00:00,2511736.304559203
2024-11-13 06:30:00,2511736.304559203
2024-11-13 07:00:00,2511736.304559203
2024-11-13 13:00:00,2511381.9441210134
2024-11-13 13:30:00,2511381.9441210134
2024-11-13 14:00:00,2511381.9441210134
2024-11-13 14:30:00,2511381.9441210134
2024-11-13 15:00:00,2511381.9441210134
2024-11-13 15:30:00,2511381.9441210134
2024-11-13 16:00:00,2513317.619597399
2024-11-13 16:30:00,2525662.575687502
2024-11-13 17:00:00,2525662.575687502
2024-11-13 17:30:00,2525662.575687502
2024-11-13 18:00:00,2525662.575687502
2024-11-14 01:00:00,2525662.575687502
2024-11-14 01:30:00,2525605.8675742405
2024-11-14 02:00:00,2525605.8675742405
2024-11-14 02:30:00,2521685.8675742405
2024-11-14 03:00:00,2520582.1030662786
2024-11-14 05:00:00,2520582.1030662786
2024-11-14 05:30:00,2519860.705240449
2024-11-14 06:00:00,2519914.729408192
2024-11-14 06:30:00,2519914.729408192
2024-11-14 07:00:00,2519914.729408192
2024-11-14 13:00:00,2519546.32972308
2024-11-14 13:30:00,2534356.9862285205
2024-11-14 14:00:00,2534356.9862285205
2024-11-14 14:30:00,2534356.9862285205
2024-11-14 15:00:00,2534356.9862285205
2024-11-14 15:30:00,2534356.9862285205
2024-11-14 16:00:00,2532128.890115954
2024-11-14 16:30:00,2532128.890115954
2024-11-14 17:00:00,2532128.890115954
2024-11-14 17:30:00,2532128.890115954
2024-11-14 18:00:00,2532128.890115954
2024-11-15 01:00:00,2528517.0073574455
2024-11-15 01:30:00,2527745.7940486227
2024-11-15 02:00:00,2527745.7940486227
2024-11-15 02:30:00,2527745.7940486227
2024-11-15 03:00:00,2527745.7940486227
2024-11-15 05:00:00,2527745.7940486227
2024-11-15 05:30:00,2526362.9240410556
2024-11-15 06:00:00,2526221.9993844084
2024-11-15 06:30:00,2526221.9993844084
2024-11-15 07:00:00,2525948.767273005
2024-11-15 13:00:00,2525948.767273005
2024-11-15 13:30:00,2525535.0379949403
2024-11-15 14:00:00,2525535.0379949403
2024-11-15 14:30:00,2525327.6064462955
2024-11-15 15:00:00,2524530.6942613237
2024-11-15 15:30:00,2524530.6942613237
2024-11-15 16:00:00,2523530.3437327133
2024-11-15 16:30:00,2523530.3437327133
2024-11-15 17:00:00,2523530.3437327133
2024-11-15 17:30:00,2523530.3437327133
2024-11-15 18:00:00,2523530.3437327133
2024-11-18 01:00:00,2523530.3437327133
2024-11-18 01:30:00,2523952.2175275837
2024-11-18 02:00:00,2523952.2175275837
2024-11-18 02:30:00,2525176.705205308
2024-11-18 03:00:00,2525176.705205308
2024-11-18 05:00:00,2525332.716380042
2024-11-18 05:30:00,2525454.5956529463
2024-11-18 06:00:00,2525454.5956529463
2024-11-18 06:30:00,2525454.5956529463
2024-11-18 07:00:00,2525454.5956529463
2024-11-18 13:00:00,2524683.9577489723
2024-11-18 13:30:00,2524708.8623517696
2024-11-18 14:00:00,2524708.8623517696
2024-11-18 14:30:00,2524708.8623517696
2024-11-18 15:00:00,2524708.8623517696
2024-11-18 15:30:00,2524708.8623517696
2024-11-18 16:00:00,2524708.8623517696
2024-11-18 16:30:00,2524708.8623517696
2024-11-18 17:00:00,2524708.8623517696
2024-11-18 17:30:00,2524708.8623517696
2024-11-18 18:00:00,2524708.8623517696
2024-11-19 01:00:00,2524537.7151699755
2024-11-19 01:30:00,2525697.7151699755
2024-11-19 02:00:00,2525397.228963661
2024-11-19 02:30:00,2525397.228963661
2024-11-19 03:00:00,2529126.389918356
2024-11-19 05:00:00,2529126.389918356
2024-11-19 05:30:00,2529126.389918356
2024-11-19 06:00:00,2529126.389918356
2024-11-19 06:30:00,2529126.389918356
2024-11-19 07:00:00,2529126.389918356
2024-11-19 13:00:00,2527646.7530395207
2024-11-19 13:30:00,2529366.818713407
2024-11-19 14:00:00,2529366.818713407
2024-11-19 14:30:00,2529260.7832983993
2024-11-19 15:00:00,2529260.7832983993
2024-11-19 15:30:00,2529260.7832983993
2024-11-19 16:00:00,2529260.7832983993
2024-11-19 16:30:00,2529260.7832983993
2024-11-19 17:00:00,2529260.7832983993
2024-11-19 17:30:00,2529260.7832983993
2024-11-19 18:00:00,2529260.7832983993
2024-11-20 01:00:00,2529260.7832983993
2024-11-20 01:30:00,2529066.1055416614
2024-11-20 02:00:00,2529719.219787437
2024-11-20 02:30:00,2529768.220484121
2024-11-20 03:00:00,2529768.220484121
2024-11-20 05:00:00,2529768.220484121
2024-11-20 05:30:00,2528996.951961408
2024-11-20 06:00:00,2529821.811034577
2024-11-20 06:30:00,2529821.811034577
2024-11-20 07:00:00,2529821.811034577
2024-11-20 13:00:00,2529383.916826604
2024-11-20 13:30:00,2527503.916826604
2024-11-20 14:00:00,2527503.916826604
2024-11-20 14:30:00,2527503.916826604
2024-11-20 15:00:00,2527503.916826604
2024-11-20 15:30:00,2527503.916826604
2024-11-20 16:00:00,2527503.916826604
2024-11-20 16:30:00,2527503.916826604
2024-11-20 17:00:00,2527503.916826604
2024-11-20 17:30:00,2527503.916826604
2024-11-20 18:00:00,2527503.916826604
2024-11-21 01:00:00,2526883.6325049438
2024-11-21 01:30:00,2524188.1961772363
2024-11-21 02:00:00,2524188.1961772363
2024-11-21 02:30:00,2524188.1961772363
2024-11-21 03:00:00,2523355.129413757
2024-11-21 05:00:00,2522568.7347451877
2024-11-21 05:30:00,2522568.7347451877
2024-11-21 06:00:00,2523941.4284435455
2024-11-21 06:30:00,2528097.176978371
2024-11-21 07:00:00,2527426.270194962
2024-11-21 13:00:00,2527426.270194962
2024-11-21 13:30:00,2527305.6650266782
2024-11-21 14:00:00,2527305.6650266782
2024-11-21 14:30:00,2527305.6650266782
2024-11-21 15:00:00,2527305.6650266782
2024-11-21 15:30:00,2527305.6650266782
2024-11-21 16:00:00,2527305.6650266782
2024-11-21 16:30:00,2527305.6650266782
2024-11-21 17:00:00,2527305.6650266782
2024-11-21 17:30:00,2527305.6650266782
2024-11-21 18:00:00,2526758.7580902977
2024-11-22 01:00:00,2526022.632405532
2024-11-22 01:30:00,2526431.1341951634
2024-11-22 02:00:00,2526226.089192457
2024-11-22 02:30:00,2525661.884688943
2024-11-22 03:00:00,2527230.2164034587
2024-11-22 05:00:00,2527230.2164034587
2024-11-22 05:30:00,2527230.2164034587
2024-11-22 06:00:00,2529994.944473873
2024-11-22 06:30:00,2529994.944473873
2024-11-22 07:00:00,2529994.944473873
2024-11-22 13:00:00,2529994.944473873
2024-11-22 13:30:00,2529994.944473873
2024-11-22 14:00:00,2529994.944473873
2024-11-22 14:30:00,2526967.824450292
2024-11-22 15:00:00,2526967.824450292
2024-11-22 15:30:00,2526336.45248639
2024-11-22 16:00:00,2526336.45248639
2024-11-22 16:30:00,2526336.45248639
2024-11-22 17:00:00,2526336.45248639
2024-11-22 17:30:00,2526336.45248639
2024-11-22 18:00:00,2526336.45248639
2024-11-25 01:00:00,2526336.45248639
2024-11-25 01:30:00,2524595.0436746706
2024-11-25 02:00:00,2521578.950905331
2024-11-25 02:30:00,2521578.950905331
2024-11-25 03:00:00,2521578.950905331
2024-11-25 05:00:00,2520722.090033021
2024-11-25 05:30:00,2518660.61228344
2024-11-25 06:00:00,2519204.538396956
2024-11-25 06:30:00,2519204.538396956
2024-11-25 07:00:00,2519204.538396956
2024-11-25 13:00:00,2518528.06402296
2024-11-25 13:30:00,2518528.06402296
2024-11-25 14:00:00,2518528.06402296
2024-11-25 14:30:00,2518528.06402296
2024-11-25 15:00:00,2518528.06402296
2024-11-25 15:30:00,2518528.06402296
2024-11-25 16:00:00,2518528.06402296
2024-11-25 16:30:00,2518528.06402296
2024-11-25 17:00:00,2518528.06402296
2024-11-25 17:30:00,2518528.06402296
2024-11-25 18:00:00,2518528.06402296
2024-11-26 01:00:00,2518528.06402296
2024-11-26 01:30:00,2517556.9106852626
2024-11-26 02:00:00,2539614.0737787294
2024-11-26 02:30:00,2559543.71689579
2024-11-26 03:00:00,2559543.71689579
2024-11-26 05:00:00,2559543.71689579
2024-11-26 05:30:00,2561322.935380553
2024-11-26 06:00:00,2560787.742260925
2024-11-26 06:30:00,2560787.742260925
2024-11-26 07:00:00,2560787.742260925
2024-11-26 13:00:00,2560787.742260925
2024-11-26 13:30:00,2558414.292893589
2024-11-26 14:00:00,2558414.292893589
2024-11-26 14:30:00,2557831.925072162
2024-11-26 15:00:00,2557831.925072162
2024-11-26 15:30:00,2557831.925072162
2024-11-26 16:00:00,2557831.925072162
2024-11-26 16:30:00,2557831.925072162
2024-11-26 17:00:00,2557831.925072162
2024-11-26 17:30:00,2557831.925072162
2024-11-26 18:00:00,2557831.925072162
2024-11-27 01:00:00,2557831.925072162
2024-11-27 01:30:00,2557606.925072162
2024-11-27 02:00:00,2556248.0855816132
2024-11-27 02:30:00,2556328.238892672
2024-11-27 03:00:00,2554383.5460370113
2024-11-27 05:00:00,2554383.5460370113
2024-11-27 05:30:00,2554333.5460370113
2024-11-27 06:00:00,2554333.5460370113
2024-11-27 06:30:00,2553824.3144679014
2024-11-27 07:00:00,2552917.7321896185
2024-11-27 13:00:00,2552917.7321896185
2024-11-27 13:30:00,2552657.875330271
2024-11-27 14:00:00,2552017.2438786533
2024-11-27 14:30:00,2552017.2438786533
2024-11-27 15:00:00,2552017.2438786533
2024-11-27 15:30:00,2552017.2438786533
2024-11-27 16:00:00,2552017.2438786533
2024-11-27 16:30:00,2552017.2438786533
2024-11-27 17:00:00,2552017.2438786533
2024-11-27 17:30:00,2552017.2438786533
2024-11-27 18:00:00,2552017.2438786533
2024-11-28 01:00:00,2552017.2438786533
2024-11-28 01:30:00,2551598.3839150583
2024-11-28 02:00:00,2550593.69001704
2024-11-28 02:30:00,2549529.448497551
2024-11-28 03:00:00,2549529.448497551
2024-11-28 05:00:00,2546015.6804351653
2024-11-28 05:30:00,2544715.921211637
2024-11-28 06:00:00,2541740.2612037165
2024-11-28 06:30:00,2541740.2612037165
2024-11-28 07:00:00,2541740.2612037165
2024-11-28 13:00:00,2540930.9479814316
2024-11-28 13:30:00,2545674.213471034
2024-11-28 14:00:00,2545674.213471034
2024-11-28 14:30:00,2543332.5638511805
2024-11-28 15:00:00,2543332.5638511805
2024-11-28 15:30:00,2543332.5638511805
2024-11-28 16:00:00,2543332.5638511805
2024-11-28 16:30:00,2543332.5638511805
2024-11-28 17:00:00,2543332.5638511805
2024-11-28 17:30:00,2543332.5638511805
2024-11-28 18:00:00,2543332.5638511805
2024-11-29 01:00:00,2543332.5638511805
2024-11-29 01:30:00,2529565.5849781977
2024-11-29 02:00:00,2529064.8790314943
2024-11-29 02:30:00,2527838.4992673593
2024-11-29 03:00:00,2527838.4992673593
2024-11-29 05:00:00,2527172.956969407
2024-11-29 05:30:00,2527172.956969407
2024-11-29 06:00:00,2526684.9405473964
2024-11-29 06:30:00,2526608.167000684
2024-11-29 07:00:00,2526608.167000684
2024-11-29 13:00:00,2526390.603134499
2024-11-29 13:30:00,2524759.157533992
2024-11-29 14:00:00,2528499.493133737
2024-11-29 14:30:00,2528499.493133737
2024-11-29 15:00:00,2530007.8926737905
2024-11-29 15:30:00,2530007.8926737905
2024-11-29 16:00:00,2530007.8926737905
2024-11-29 16:30:00,2530007.8926737905
2024-11-29 17:00:00,2530007.8926737905
2024-11-29 17:30:00,2530007.8926737905
2024-11-29 18:00:00,2530007.8926737905
2024-12-02 01:00:00,2533938.7405672497
2024-12-02 01:30:00,2531301.8321044636
2024-12-02 02:00:00,2530547.6963049565
2024-12-02 02:30:00,2527284.0470371926
2024-12-02 03:00:00,2527284.0470371926
2024-12-02 05:00:00,2527284.0470371926
2024-12-02 05:30:00,2527284.0470371926
2024-12-02 06:00:00,2531015.6004724097
2024-12-02 06:30:00,2531015.6004724097
2024-12-02 07:00:00,2531015.6004724097
2024-12-02 13:00:00,2530586.432253728
2024-12-02 13:30:00,2530009.969696766
2024-12-02 14:00:00,2529620.0681471513
2024-12-02 14:30:00,2529620.0681471513
2024-12-02 15:00:00,2529620.0681471513
2024-12-02 15:30:00,2529620.0681471513
2024-12-02 16:00:00,2529620.0681471513
2024-12-02 16:30:00,2529165.0965560167
2024-12-02 17:00:00,2529165.0965560167
2024-12-02 17:30:00,2529165.0965560167
2024-12-02 18:00:00,2529165.0965560167
2024-12-03 01:00:00,2529165.0965560167
2024-12-03 01:30:00,2529191.913818193
2024-12-03 02:00:00,2529694.310881697
2024-12-03 02:30:00,2529694.310881697
2024-12-03 03:00:00,2530256.0940480474
2024-12-03 05:00:00,2530256.0940480474
2024-12-03 05:30:00,2527412.24394193
2024-12-03 06:00:00,2526717.665243751
2024-12-03 06:30:00,2524364.680344391
2024-12-03 07:00:00,2524364.680344391
2024-12-03 13:00:00,2524654.5247284737
2024-12-03 13:30:00,2522555.8471939787
2024-12-03 14:00:00,2522220.8906829315
2024-12-03 14:30:00,2521855.2762887464
2024-12-03 15:00:00,2521855.2762887464
2024-12-03 15:30:00,2520669.4531832556
2024-12-03 16:00:00,2520669.4531832556
2024-12-03 16:30:00,2520669.4531832556
2024-12-03 17:00:00,2520669.4531832556
2024-12-03 17:30:00,2520669.4531832556
2024-12-03 18:00:00,2520669.4531832556
2024-12-04 01:00:00,2520669.4531832556
2024-12-04 01:30:00,2519887.4036702146
2024-12-04 02:00:00,2522492.5207656207
2024-12-04 02:30:00,2522230.234585831
2024-12-04 03:00:00,2522750.234585831
2024-12-04 05:00:00,2522750.234585831
2024-12-04 05:30:00,2522750.234585831
2024-12-04 06:00:00,2522155.1180575686
2024-12-04 06:30:00,2522155.1180575686
2024-12-04 07:00:00,2522155.1180575686
2024-12-04 13:00:00,2522155.1180575686
2024-12-04 13:30:00,2522155.1180575686
2024-12-04 14:00:00,2522177.6314027077
2024-12-04 14:30:00,2522177.6314027077
2024-12-04 15:00:00,2524891.93497669
2024-12-04 15:30:00,2524891.93497669
2024-12-04 16:00:00,2524891.93497669
2024-12-04 16:30:00,2524891.93497669
2024-12-04 17:00:00,2524891.93497669
2024-12-04 17:30:00,2524891.93497669
2024-12-04 18:00:00,2524891.93497669
2024-12-05 01:00:00,2524891.93497669
2024-12-05 01:30:00,2524891.93497669
2024-12-05 02:00:00,2525870.731162447
2024-12-05 02:30:00,2525870.731162447
2024-12-05 03:00:00,2525870.731162447
2024-12-05 05:00:00,2525870.731162447
2024-12-05 05:30:00,2525361.4146393086
2024-12-05 06:00:00,2525980.0940072867
2024-12-05 06:30:00,2525980.0940072867
2024-12-05 07:00:00,2525980.0940072867
2024-12-05 13:00:00,2528388.490822393
2024-12-05 13:30:00,2528388.490822393
2024-12-05 14:00:00,2528388.490822393
2024-12-05 14:30:00,2528388.490822393
2024-12-05 15:00:00,2528388.490822393
2024-12-05 15:30:00,2528388.490822393
2024-12-05 16:00:00,2528340.6329642558
2024-12-05 16:30:00,2528340.6329642558
2024-12-05 17:00:00,2528340.6329642558
2024-12-05 17:30:00,2528340.6329642558
2024-12-05 18:00:00,2528340.6329642558
2024-12-06 01:00:00,2528340.6329642558
2024-12-06 01:30:00,2530220.6329642558
2024-12-06 02:00:00,2530220.6329642558
2024-12-06 02:30:00,2530220.6329642558
2024-12-06 03:00:00,2504887.9240866173
2024-12-06 05:00:00,2504887.9240866173
2024-12-06 05:30:00,2508654.4733756157
2024-12-06 06:00:00,2508876.6119596306
2024-12-06 06:30:00,2508522.7901330804
2024-12-06 07:00:00,2508522.7901330804
2024-12-06 13:00:00,2508993.78260466
2024-12-06 13:30:00,2508993.78260466
2024-12-06 14:00:00,2508993.78260466
2024-12-06 14:30:00,2508993.78260466
2024-12-06 15:00:00,2508993.78260466
2024-12-06 15:30:00,2506974.6597180925
2024-12-06 16:00:00,2506974.6597180925
2024-12-06 16:30:00,2506974.6597180925
2024-12-06 17:00:00,2506974.6597180925
2024-12-06 17:30:00,2506974.6597180925
2024-12-06 18:00:00,2506974.6597180925
2024-12-09 01:00:00,2506974.6597180925
2024-12-09 01:30:00,2506132.065027066
2024-12-09 02:00:00,2501546.070317015
2024-12-09 02:30:00,2502191.595945847
2024-12-09 03:00:00,2502191.595945847
2024-12-09 05:00:00,2487574.6904534874
2024-12-09 05:30:00,2487023.221819153
2024-12-09 06:00:00,2486402.6352523253
2024-12-09 06:30:00,2486402.6352523253
2024-12-09 07:00:00,2486402.6352523253
2024-12-09 13:00:00,2486402.6352523253
2024-12-09 13:30:00,2484756.093396993
2024-12-09 14:00:00,2484756.093396993
2024-12-09 14:30:00,2484756.093396993
2024-12-09 15:00:00,2484756.093396993
2024-12-09 15:30:00,2484756.093396993
2024-12-09 16:00:00,2484756.093396993
2024-12-09 16:30:00,2484756.093396993
2024-12-09 17:00:00,2484756.093396993
2024-12-09 17:30:00,2484756.093396993
2024-12-09 18:00:00,2484756.093396993
2024-12-10 01:00:00,2484756.093396993
2024-12-10 01:30:00,2484756.093396993
2024-12-10 02:00:00,2436612.74709717
2024-12-10 02:30:00,2434852.74709717
2024-12-10 03:00:00,2433916.9767921804
2024-12-10 05:00:00,2433916.9767921804
2024-12-10 05:30:00,2434960.6615494182
2024-12-10 06:00:00,2434960.6615494182
2024-12-10 06:30:00,2434802.4157329085
2024-12-10 07:00:00,2434802.4157329085
2024-12-10 13:00:00,2434802.4157329085
2024-12-10 13:30:00,2434802.4157329085
2024-12-10 14:00:00,2434802.4157329085
2024-12-10 14:30:00,2434802.4157329085
2024-12-10 15:00:00,2434802.4157329085
2024-12-10 15:30:00,2434802.4157329085
2024-12-10 16:00:00,2434802.4157329085
2024-12-10 16:30:00,2433832.493248203
2024-12-10 17:00:00,2433832.493248203
2024-12-10 17:30:00,2433832.493248203
2024-12-10 18:00:00,2433832.493248203
2024-12-11 01:00:00,2433832.493248203
2024-12-11 01:30:00,2433492.684690562
2024-12-11 02:00:00,2434033.7617428065
2024-12-11 02:30:00,2434033.7617428065
2024-12-11 03:00:00,2434033.7617428065
2024-12-11 05:00:00,2434033.7617428065
2024-12-11 05:30:00,2434033.7617428065
2024-12-11 06:00:00,2433203.5718245697
2024-12-11 06:30:00,2433203.5718245697
2024-12-11 07:00:00,2433203.5718245697
2024-12-11 13:00:00,2433203.5718245697
2024-12-11 13:30:00,2433008.7812647023
2024-12-11 14:00:00,2433008.7812647023
2024-12-11 14:30:00,2433008.7812647023
2024-12-11 15:00:00,2433008.7812647023
2024-12-11 15:30:00,2433008.7812647023
2024-12-11 16:00:00,2433008.7812647023
2024-12-11 16:30:00,2433008.7812647023
2024-12-11 17:00:00,2433008.7812647023
2024-12-11 17:30:00,2433008.7812647023
2024-12-11 18:00:00,2433008.7812647023
2024-12-12 01:00:00,2433008.7812647023
2024-12-12 01:30:00,2431964.5787033853
2024-12-12 02:00:00,2432561.74872588
2024-12-12 02:30:00,2432480.389775681
2024-12-12 03:00:00,2433751.881021408
2024-12-12 05:00:00,2433751.881021408
2024-12-12 05:30:00,2433824.9495950327
2024-12-12 06:00:00,2433824.9495950327
2024-12-12 06:30:00,2434216.057190301
2024-12-12 07:00:00,2434216.057190301
2024-12-12 13:00:00,2434216.057190301
2024-12-12 13:30:00,2431967.9886764297
2024-12-12 14:00:00,2441956.263186916
2024-12-12 14:30:00,2441956.263186916
2024-12-12 15:00:00,2441956.263186916
2024-12-12 15:30:00,2441956.263186916
2024-12-12 16:00:00,2443904.532374928
2024-12-12 16:30:00,2443904.532374928
2024-12-12 17:00:00,2443904.532374928
2024-12-12 17:30:00,2443904.532374928
2024-12-12 18:00:00,2443904.532374928
2024-12-13 01:00:00,2443904.532374928
2024-12-13 01:30:00,2443161.137270372
2024-12-13 02:00:00,2437180.276060764
2024-12-13 02:30:00,2439769.433919456
2024-12-13 03:00:00,2439769.433919456
2024-12-13 05:00:00,2439769.433919456
2024-12-13 05:30:00,2438538.1711318097
2024-12-13 06:00:00,2438165.048845048
2024-12-13 06:30:00,2438165.048845048
2024-12-13 07:00:00,2438165.048845048
2024-12-13 13:00:00,2437777.7864824687
2024-12-13 13:30:00,2436827.7864824687
2024-12-13 14:00:00,2438538.771504182
2024-12-13 14:30:00,2438538.771504182
2024-12-13 15:00:00,2438538.771504182
2024-12-13 15:30:00,2438538.771504182
2024-12-13 16:00:00,2438538.771504182
2024-12-13 16:30:00,2438538.771504182
2024-12-13 17:00:00,2441457.154211766
2024-12-13 17:30:00,2441457.154211766
2024-12-13 18:00:00,2441457.154211766
2024-12-16 01:00:00,2441457.154211766
2024-12-16 01:30:00,2440525.859445029
2024-12-16 02:00:00,2440525.859445029
2024-12-16 02:30:00,2440525.859445029
2024-12-16 03:00:00,2440525.859445029
2024-12-16 05:00:00,2440525.859445029
2024-12-16 05:30:00,2440525.859445029
2024-12-16 06:00:00,2440525.859445029
2024-12-16 06:30:00,2440525.859445029
2024-12-16 07:00:00,2440525.859445029
2024-12-16 13:00:00,2442436.5051560034
2024-12-16 13:30:00,2441618.092193951
2024-12-16 14:00:00,2441264.500611434
2024-12-16 14:30:00,2441264.500611434
2024-12-16 15:00:00,2441264.500611434
2024-12-16 15:30:00,2441264.500611434
2024-12-16 16:00:00,2441264.500611434
2024-12-16 16:30:00,2441264.500611434
2024-12-16 17:00:00,2441264.500611434
2024-12-16 17:30:00,2441264.500611434
2024-12-16 18:00:00,2441264.500611434
2024-12-17 01:00:00,2441264.500611434
2024-12-17 01:30:00,2441307.0722905644
2024-12-17 02:00:00,2443307.1924051377
2024-12-17 02:30:00,2442901.725637155
2024-12-17 03:00:00,2442901.725637155
2024-12-17 05:00:00,2442901.725637155
2024-12-17 05:30:00,2442901.725637155
2024-12-17 06:00:00,2442901.725637155
2024-12-17 06:30:00,2442901.725637155
2024-12-17 07:00:00,2442901.725637155
2024-12-17 13:00:00,2442901.725637155
2024-12-17 13:30:00,2443099.339707868
2024-12-17 14:00:00,2443099.339707868
2024-12-17 14:30:00,2443099.339707868
2024-12-17 15:00:00,2443099.339707868
2024-12-17 15:30:00,2443099.339707868
2024-12-17 16:00:00,2443099.339707868
2024-12-17 16:30:00,2443099.339707868
2024-12-17 17:00:00,2442542.8901866283
2024-12-17 17:30:00,2445551.450229293
2024-12-17 18:00:00,2445551.450229293
2024-12-18 01:00:00,2445551.450229293
2024-12-18 01:30:00,2442344.5927901454
2024-12-18 02:00:00,2443606.990884765
2024-12-18 02:30:00,2443606.990884765
2024-12-18 03:00:00,2443606.990884765
2024-12-18 05:00:00,2443606.990884765
2024-12-18 05:30:00,2443206.0546399173
2024-12-18 06:00:00,2442929.965794192
2024-12-18 06:30:00,2442929.965794192
2024-12-18 07:00:00,2442929.965794192
2024-12-18 13:00:00,2442117.9095010785
2024-12-18 13:30:00,2440967.9095010785
2024-12-18 14:00:00,2439296.8557565133
2024-12-18 14:30:00,2438473.067740698
2024-12-18 15:00:00,2435832.2759100026
2024-12-18 15:30:00,2435832.2759100026
2024-12-18 16:00:00,2435832.2759100026
2024-12-18 16:30:00,2435832.2759100026
2024-12-18 17:00:00,2435832.2759100026
2024-12-18 17:30:00,2435832.2759100026
2024-12-18 18:00:00,2435832.2759100026
2024-12-19 01:00:00,2438844.9623577553
2024-12-19 01:30:00,2438844.9623577553
2024-12-19 02:00:00,2432124.9623577553
2024-12-19 02:30:00,2432124.9623577553
2024-12-19 03:00:00,2432124.9623577553
2024-12-19 05:00:00,2432124.9623577553
2024-12-19 05:30:00,2433404.862031229
2024-12-19 06:00:00,2432423.9985371735
2024-12-19 06:30:00,2434016.5272069676
2024-12-19 07:00:00,2434016.5272069676
2024-12-19 13:00:00,2434016.5272069676
2024-12-19 13:30:00,2437734.047409153
2024-12-19 14:00:00,2437734.047409153
2024-12-19 14:30:00,2437734.047409153
2024-12-19 15:00:00,2437734.047409153
2024-12-19 15:30:00,2436811.119427862
2024-12-19 16:00:00,2436811.119427862
2024-12-19 16:30:00,2436811.119427862
2024-12-19 17:00:00,2436811.119427862
2024-12-19 17:30:00,2436811.119427862
2024-12-19 18:00:00,2436811.119427862
2024-12-20 01:00:00,2436811.119427862
2024-12-20 01:30:00,2437064.8621388315
2024-12-20 02:00:00,2437064.8621388315
2024-12-20 02:30:00,2437064.8621388315
2024-12-20 03:00:00,2437064.8621388315
2024-12-20 05:00:00,2437064.8621388315
2024-12-20 05:30:00,2437064.8621388315
2024-12-20 06:00:00,2433474.1163826496
2024-12-20 06:30:00,2433474.1163826496
2024-12-20 07:00:00,2433474.1163826496
2024-12-20 13:00:00,2433282.007759782
2024-12-20 13:30:00,2433282.007759782
2024-12-20 14:00:00,2433282.007759782
2024-12-20 14:30:00,2433282.007759782
2024-12-20 15:00:00,2433282.007759782
2024-12-20 15:30:00,2433282.007759782
2024-12-20 16:00:00,2439201.339210253
2024-12-20 16:30:00,2439201.339210253
2024-12-20 17:00:00,2439201.339210253
2024-12-20 17:30:00,2439201.339210253
2024-12-20 18:00:00,2439201.339210253
2024-12-23 01:00:00,2441877.8591501405
2024-12-23 01:30:00,2441877.8591501405
2024-12-23 02:00:00,2442376.6784241023
2024-12-23 02:30:00,2442376.6784241023
2024-12-23 03:00:00,2442376.6784241023
2024-12-23 05:00:00,2442770.8918799846
2024-12-23 05:30:00,2442770.8918799846
2024-12-23 06:00:00,2442770.8918799846
2024-12-23 06:30:00,2436931.78580353
2024-12-23 07:00:00,2436931.78580353
2024-12-23 13:00:00,2436246.8565038377
2024-12-23 13:30:00,2431446.1331974096
2024-12-23 14:00:00,2431446.1331974096
2024-12-23 14:30:00,2431446.1331974096
2024-12-23 15:00:00,2431446.1331974096
2024-12-23 15:30:00,2431446.1331974096
2024-12-23 16:00:00,2431446.1331974096
2024-12-23 16:30:00,2431446.1331974096
2024-12-23 17:00:00,2431446.1331974096
2024-12-23 17:30:00,2431446.1331974096
2024-12-23 18:00:00,2431446.1331974096
2024-12-24 01:00:00,2431446.1331974096
2024-12-24 01:30:00,2431274.6971949344
2024-12-24 02:00:00,2431274.6971949344
2024-12-24 02:30:00,2430904.282935716
2024-12-24 03:00:00,2431048.420587408
2024-12-24 05:00:00,2431048.420587408
2024-12-24 05:30:00,2431048.420587408
2024-12-24 06:00:00,2430852.3417717987
2024-12-24 06:30:00,2430236.138733943
2024-12-24 07:00:00,2430236.138733943
2024-12-24 13:00:00,2428978.6771671427
2024-12-24 13:30:00,2428978.6771671427
2024-12-24 14:00:00,2428978.6771671427
2024-12-24 14:30:00,2428955.686256988
2024-12-24 15:00:00,2428955.686256988
2024-12-24 15:30:00,2428955.686256988
2024-12-24 16:00:00,2428955.686256988
2024-12-24 16:30:00,2428955.686256988
2024-12-24 17:00:00,2428955.686256988
2024-12-24 17:30:00,2428955.686256988
2024-12-24 18:00:00,2428955.686256988
2024-12-25 01:00:00,2428955.686256988
2024-12-25 01:30:00,2429260.811394318
2024-12-25 02:00:00,2427969.528798266
2024-12-25 02:30:00,2417766.4967777366
2024-12-25 03:00:00,2417326.513948007
2024-12-25 05:00:00,2426824.0381330336
2024-12-25 05:30:00,2426365.102601621
2024-12-25 06:00:00,2426365.102601621
2024-12-25 06:30:00,2426172.954899721
2024-12-25 07:00:00,2426172.954899721
2024-12-25 13:00:00,2432233.257964027
2024-12-25 13:30:00,2432233.257964027
2024-12-25 14:00:00,2432233.257964027
2024-12-25 14:30:00,2432233.257964027
2024-12-25 15:00:00,2432233.257964027
2024-12-25 15:30:00,2432233.257964027
2024-12-25 16:00:00,2431512.777369862
2024-12-25 16:30:00,2431512.777369862
2024-12-25 17:00:00,2430446.2915514237
2024-12-25 17:30:00,2430446.2915514237
2024-12-25 18:00:00,2430446.2915514237
2024-12-26 01:00:00,2430446.2915514237
2024-12-26 01:30:00,2429753.0688740076
2024-12-26 02:00:00,2428864.761469472
2024-12-26 02:30:00,2428864.761469472
2024-12-26 03:00:00,2428864.761469472
2024-12-26 05:00:00,2428864.761469472
2024-12-26 05:30:00,2429153.046329662
2024-12-26 06:00:00,2429190.293820343
2024-12-26 06:30:00,2429010.5642256364
2024-12-26 07:00:00,2429010.5642256364
2024-12-26 13:00:00,2429010.5642256364
2024-12-26 13:30:00,2428681.3035490555
2024-12-26 14:00:00,2428791.87558045
2024-12-26 14:30:00,2428158.27362824
2024-12-26 15:00:00,2427783.2630107724
2024-12-26 15:30:00,2427783.2630107724
2024-12-26 16:00:00,2427783.2630107724
2024-12-26 16:30:00,2427783.2630107724
2024-12-26 17:00:00,2427783.2630107724
2024-12-26 17:30:00,2427341.215729436
2024-12-26 18:00:00,2427341.215729436
2024-12-27 01:00:00,2426559.807267558
2024-12-27 01:30:00,2426026.4289772487
2024-12-27 02:00:00,2425315.086041511
2024-12-27 02:30:00,2425080.4915580484
2024-12-27 03:00:00,2425080.4915580484
2024-12-27 05:00:00,2425080.4915580484
2024-12-27 05:30:00,2425080.4915580484
2024-12-27 06:00:00,2425080.4915580484
2024-12-27 06:30:00,2422904.266387008
2024-12-27 07:00:00,2422904.266387008
2024-12-27 13:00:00,2422444.196380975
2024-12-27 13:30:00,2422741.334704873
2024-12-27 14:00:00,2423712.252389865
2024-12-27 14:30:00,2423712.252389865
2024-12-27 15:00:00,2423712.252389865
2024-12-27 15:30:00,2423712.252389865
2024-12-27 16:00:00,2423712.252389865
2024-12-27 16:30:00,2423712.252389865
2024-12-27 17:00:00,2423712.252389865
2024-12-27 17:30:00,2421318.28775334
2024-12-27 18:00:00,2421318.28775334
2024-12-30 01:00:00,2420756.6623963895
2024-12-30 01:30:00,2421653.7317916015
2024-12-30 02:00:00,2420812.846397689
2024-12-30 02:30:00,2420812.846397689
2024-12-30 03:00:00,2420806.6446777326
2024-12-30 05:00:00,2420806.6446777326
2024-12-30 05:30:00,2420806.6446777326
2024-12-30 06:00:00,2420620.223124929
2024-12-30 06:30:00,2420620.223124929
2024-12-30 07:00:00,2420620.223124929
2024-12-30 13:00:00,2420139.876517327
2024-12-30 13:30:00,2418149.876517327
2024-12-30 14:00:00,2417243.087825852
2024-12-30 14:30:00,2416989.7505391017
2024-12-30 15:00:00,2416989.7505391017
2024-12-30 15:30:00,2416989.7505391017
2024-12-30 16:00:00,2416989.7505391017
2024-12-30 16:30:00,2416989.7505391017
2024-12-30 17:00:00,2416989.7505391017
2024-12-30 17:30:00,2416989.7505391017
2024-12-30 18:00:00,2416989.7505391017
2024-12-31 01:00:00,2416989.7505391017
2024-12-31 01:30:00,2415644.980857051
2024-12-31 02:00:00,2414884.980857051
2024-12-31 02:30:00,2415641.1531457594
2024-12-31 03:00:00,2415641.1531457594
2024-12-31 05:00:00,2415641.1531457594
2024-12-31 05:30:00,2415894.301701839
2024-12-31 06:00:00,2415894.301701839
2024-12-31 06:30:00,2415831.3930070773
2024-12-31 07:00:00,2415831.3930070773
2025-01-02 01:00:00,2415725.2243923126
2025-01-02 01:30:00,2414773.9640428727
2025-01-02 02:00:00,2414584.223593903
2025-01-02 02:30:00,2414584.223593903
2025-01-02 03:00:00,2414088.8707159753
2025-01-02 05:00:00,2414088.8707159753
2025-01-02 05:30:00,2414440.5676330877
2025-01-02 06:00:00,2414841.6338463654
2025-01-02 06:30:00,2414841.6338463654
2025-01-02 07:00:00,2414888.8001585794
2025-01-02 13:00:00,2414888.8001585794
2025-01-02 13:30:00,2414888.8001585794
2025-01-02 14:00:00,2414888.8001585794
2025-01-02 14:30:00,2414888.8001585794
2025-01-02 15:00:00,2414888.8001585794
2025-01-02 15:30:00,2414888.8001585794
2025-01-02 16:00:00,2417905.912169307
2025-01-02 16:30:00,2417905.912169307
2025-01-02 17:00:00,2417905.912169307
2025-01-02 17:30:00,2417905.912169307
2025-01-02 18:00:00,2417905.912169307
2025-01-03 01:00:00,2417421.2846756093
2025-01-03 01:30:00,2416912.948621906
2025-01-03 02:00:00,2416119.433860499
2025-01-03 02:30:00,2416119.433860499
2025-01-03 03:00:00,2416802.857077164
2025-01-03 05:00:00,2416802.857077164
2025-01-03 05:30:00,2416802.857077164
2025-01-03 06:00:00,2417872.473196927
2025-01-03 06:30:00,2416502.3116526194
2025-01-03 07:00:00,2416502.3116526194
2025-01-03 13:00:00,2416502.3116526194
2025-01-03 13:30:00,2416502.3116526194
2025-01-03 14:00:00,2417858.408782512
2025-01-03 14:30:00,2417858.408782512
2025-01-03 15:00:00,2417858.408782512
2025-01-03 15:30:00,2417858.408782512
2025-01-03 16:00:00,2417858.408782512
2025-01-03 16:30:00,2417858.408782512
2025-01-03 17:00:00,2417858.408782512
2025-01-03 17:30:00,2417858.408782512
2025-01-03 18:00:00,2417858.408782512
2025-01-06 01:00:00,2420069.4591751983
2025-01-06 01:30:00,2420703.257178462
2025-01-06 02:00:00,2424774.4566680174
2025-01-06 02:30:00,2425281.7694979017
2025-01-06 03:00:00,2423730.359350763
2025-01-06 05:00:00,2423730.359350763
2025-01-06 05:30:00,2423238.3025571313
2025-01-06 06:00:00,2421638.5312940245
2025-01-06 06:30:00,2421638.5312940245
2025-01-06 07:00:00,2421638.5312940245
2025-01-06 13:00:00,2421638.5312940245
2025-01-06 13:30:00,2421731.9937228044
2025-01-06 14:00:00,2421731.9937228044
2025-01-06 14:30:00,2420851.6222941447
2025-01-06 15:00:00,2420851.6222941447
2025-01-06 15:30:00,2419966.143335349
2025-01-06 16:00:00,2419966.143335349
2025-01-06 16:30:00,2419966.143335349
2025-01-06 17:00:00,2419966.143335349
2025-01-06 17:30:00,2419966.143335349
2025-01-06 18:00:00,2419966.143335349
2025-01-07 01:00:00,2419966.143335349
2025-01-07 01:30:00,2419966.143335349
2025-01-07 02:00:00,2419966.143335349
2025-01-07 02:30:00,2419966.143335349
2025-01-07 03:00:00,2419966.143335349
2025-01-07 05:00:00,2419966.143335349
2025-01-07 05:30:00,2419080.9661708693
2025-01-07 06:00:00,2418490.596822742
2025-01-07 06:30:00,2568518.637083804
2025-01-07 07:00:00,2568518.637083804
2025-01-07 13:00:00,2572040.4992124247
2025-01-07 13:30:00,2572040.4992124247
2025-01-07 14:00:00,2572040.4992124247
2025-01-07 14:30:00,2572040.4992124247
2025-01-07 15:00:00,2572040.4992124247
2025-01-07 15:30:00,2570719.0375654385
2025-01-07 16:00:00,2570719.0375654385
2025-01-07 16:30:00,2570719.0375654385
2025-01-07 17:00:00,2570719.0375654385
2025-01-07 17:30:00,2570719.0375654385
2025-01-07 18:00:00,2570719.0375654385
2025-01-08 01:00:00,2570472.087247521
2025-01-08 01:30:00,2569985.1405327483
2025-01-08 02:00:00,2569985.1405327483
2025-01-08 02:30:00,2569985.1405327483
2025-01-08 03:00:00,2569985.1405327483
2025-01-08 05:00:00,2569985.1405327483
2025-01-08 05:30:00,2570620.9430433116
2025-01-08 06:00:00,2570620.9430433116
2025-01-08 06:30:00,2570620.9430433116
2025-01-08 07:00:00,2570620.9430433116
2025-01-08 13:00:00,2570620.9430433116
2025-01-08 13:30:00,2570719.699205025
2025-01-08 14:00:00,2570719.699205025
2025-01-08 14:30:00,2569911.9430383393
2025-01-08 15:00:00,2569911.9430383393
2025-01-08 15:30:00,2569911.9430383393
2025-01-08 16:00:00,2569911.9430383393
2025-01-08 16:30:00,2569911.9430383393
2025-01-08 17:00:00,2569911.9430383393
2025-01-08 17:30:00,2569911.9430383393
2025-01-08 18:00:00,2569911.9430383393
2025-01-09 01:00:00,2569911.9430383393
2025-01-09 01:30:00,2571381.495934538
2025-01-09 02:00:00,2571381.495934538
2025-01-09 02:30:00,2571381.495934538
2025-01-09 03:00:00,2570363.9805220272
2025-01-09 05:00:00,2570363.9805220272
2025-01-09 05:30:00,2573383.8415306523
2025-01-09 06:00:00,2573383.8415306523
2025-01-09 06:30:00,2572828.376983627
2025-01-09 07:00:00,2572828.376983627
2025-01-09 13:00:00,2572828.376983627
2025-01-09 13:30:00,2573342.115651778
2025-01-09 14:00:00,2572472.115651778
2025-01-09 14:30:00,2572472.115651778
2025-01-09 15:00:00,2572472.115651778
2025-01-09 15:30:00,2572472.115651778
2025-01-09 16:00:00,2572472.115651778
2025-01-09 16:30:00,2572472.115651778
2025-01-09 17:00:00,2572472.115651778
2025-01-09 17:30:00,2572472.115651778
2025-01-09 18:00:00,2572472.115651778
2025-01-10 01:00:00,2572472.115651778
2025-01-10 01:30:00,2572335.377652365
2025-01-10 02:00:00,2572280.170868571
2025-01-10 02:30:00,2572280.170868571
2025-01-10 03:00:00,2572280.170868571
2025-01-10 05:00:00,2572280.170868571
2025-01-10 05:30:00,2572280.170868571
2025-01-10 06:00:00,2572280.170868571
2025-01-10 06:30:00,2572173.531276598
2025-01-10 07:00:00,2572173.531276598
2025-01-10 13:00:00,2571778.335568102
2025-01-10 13:30:00,2571905.493421894
2025-01-10 14:00:00,2570521.8180382894
2025-01-10 14:30:00,2568018.1005790555
2025-01-10 15:00:00,2568018.1005790555
2025-01-10 15:30:00,2568018.1005790555
2025-01-10 16:00:00,2568018.1005790555
2025-01-10 16:30:00,2567361.437049672
2025-01-10 17:00:00,2567361.437049672
2025-01-10 17:30:00,2567361.437049672
2025-01-10 18:00:00,2567361.437049672
2025-01-13 01:00:00,2567361.437049672
2025-01-13 01:30:00,2569530.2254629135
2025-01-13 02:00:00,2569530.2254629135
2025-01-13 02:30:00,2569530.2254629135
2025-01-13 03:00:00,2569530.2254629135
2025-01-13 05:00:00,2569530.2254629135
2025-01-13 05:30:00,2573303.2333446764
2025-01-13 06:00:00,2573303.2333446764
2025-01-13 06:30:00,2571809.6009689644
2025-01-13 07:00:00,2571809.6009689644
2025-01-13 13:00:00,2571809.6009689644
2025-01-13 13:30:00,2571809.6009689644
2025-01-13 14:00:00,2571809.6009689644
2025-01-13 14:30:00,2571809.6009689644
2025-01-13 15:00:00,2571809.6009689644
2025-01-13 15:30:00,2571809.6009689644
2025-01-13 16:00:00,2571809.6009689644
2025-01-13 16:30:00,2571809.6009689644
2025-01-13 17:00:00,2571809.6009689644
2025-01-13 17:30:00,2571809.6009689644
2025-01-13 18:00:00,2571809.6009689644
2025-01-14 01:00:00,2571809.6009689644
2025-01-14 01:30:00,2570870.087989688
2025-01-14 02:00:00,2576760.9124337444
2025-01-14 02:30:00,2576760.9124337444
2025-01-14 03:00:00,2576760.9124337444
2025-01-14 05:00:00,2576760.9124337444
2025-01-14 05:30:00,2576760.9124337444
2025-01-14 06:00:00,2576760.9124337444
2025-01-14 06:30:00,2576760.9124337444
2025-01-14 07:00:00,2576760.9124337444
2025-01-14 13:00:00,2576760.9124337444
2025-01-14 13:30:00,2576575.9995746207
2025-01-14 14:00:00,2578179.290003646
2025-01-14 14:30:00,2578179.290003646
2025-01-14 15:00:00,2578179.290003646
2025-01-14 15:30:00,2578179.290003646
2025-01-14 16:00:00,2576953.417970739
2025-01-14 16:30:00,2576953.417970739
2025-01-14 17:00:00,2576953.417970739
2025-01-14 17:30:00,2576953.417970739
2025-01-14 18:00:00,2576953.417970739
2025-01-15 01:00:00,2576953.417970739
2025-01-15 01:30:00,2583491.4853561767
2025-01-15 02:00:00,2583491.4853561767
2025-01-15 02:30:00,2583491.4853561767
2025-01-15 03:00:00,2583491.4853561767
2025-01-15 05:00:00,2583491.4853561767
2025-01-15 05:30:00,2582570.0599815915
2025-01-15 06:00:00,2580112.6987022003
2025-01-15 06:30:00,2603525.388448191
2025-01-15 07:00:00,2603525.388448191
2025-01-15 13:00:00,2603525.388448191
2025-01-15 13:30:00,2604377.9102502316
2025-01-15 14:00:00,2604377.9102502316
2025-01-15 14:30:00,2604377.9102502316
2025-01-15 15:00:00,2604377.9102502316
2025-01-15 15:30:00,2604377.9102502316
2025-01-15 16:00:00,2604377.9102502316
2025-01-15 16:30:00,2608098.012603189
2025-01-15 17:00:00,2608098.012603189
2025-01-15 17:30:00,2608098.012603189
2025-01-15 18:00:00,2608098.012603189
2025-01-16 01:00:00,2608583.62714994
2025-01-16 01:30:00,2612233.62714994
2025-01-16 02:00:00,2612233.62714994
2025-01-16 02:30:00,2612233.62714994
2025-01-16 03:00:00,2612117.2563327076
2025-01-16 05:00:00,2637943.459717483
2025-01-16 05:30:00,2637943.459717483
2025-01-16 06:00:00,2641036.6014028923
2025-01-16 06:30:00,2641036.6014028923
2025-01-16 07:00:00,2641036.6014028923
2025-01-16 13:00:00,2641036.6014028923
2025-01-16 13:30:00,2641036.6014028923
2025-01-16 14:00:00,2640026.6014028923
2025-01-16 14:30:00,2640026.6014028923
2025-01-16 15:00:00,2640026.6014028923
2025-01-16 15:30:00,2640026.6014028923
2025-01-16 16:00:00,2640026.6014028923
2025-01-16 16:30:00,2640026.6014028923
2025-01-16 17:00:00,2640026.6014028923
2025-01-16 17:30:00,2640026.6014028923
2025-01-16 18:00:00,2640026.6014028923
2025-01-17 01:00:00,2640026.6014028923
2025-01-17 01:30:00,2640509.7568265945
2025-01-17 02:00:00,2640509.7568265945
2025-01-17 02:30:00,2642220.6012545438
2025-01-17 03:00:00,2642220.6012545438
2025-01-17 05:00:00,2642220.6012545438
2025-01-17 05:30:00,2642220.6012545438
2025-01-17 06:00:00,2644983.1601442243
2025-01-17 06:30:00,2644983.1601442243
2025-01-17 07:00:00,2644983.1601442243
2025-01-17 13:00:00,2644983.1601442243
2025-01-17 13:30:00,2639901.3751979857
2025-01-17 14:00:00,2639901.3751979857
2025-01-17 14:30:00,2639901.3751979857
2025-01-17 15:00:00,2639901.3751979857
2025-01-17 15:30:00,2639901.3751979857
2025-01-17 16:00:00,2639901.3751979857
2025-01-17 16:30:00,2639901.3751979857
2025-01-17 17:00:00,2635414.67577695
2025-01-17 17:30:00,2635414.67577695
2025-01-17 18:00:00,2635414.67577695
2025-01-20 01:00:00,2633587.2398820585
2025-01-20 01:30:00,2633236.636720562
2025-01-20 02:00:00,2633236.636720562
2025-01-20 02:30:00,2633236.636720562
2025-01-20 03:00:00,2633236.636720562
2025-01-20 05:00:00,2633236.636720562
2025-01-20 05:30:00,2633140.1551628103
2025-01-20 06:00:00,2632139.0488194926
2025-01-20 06:30:00,2632139.0488194926
2025-01-20 07:00:00,2632139.0488194926
2025-01-20 13:00:00,2632139.0488194926
2025-01-20 13:30:00,2630557.8292294582
2025-01-20 14:00:00,2630557.8292294582
2025-01-20 14:30:00,2620057.8292294582
2025-01-20 15:00:00,2620057.8292294582
2025-01-20 15:30:00,2620057.8292294582
2025-01-20 16:00:00,2620057.8292294582
2025-01-20 16:30:00,2620057.8292294582
2025-01-20 17:00:00,2620057.8292294582
2025-01-20 17:30:00,2620057.8292294582
2025-01-20 18:00:00,2620057.8292294582
2025-01-21 01:00:00,2619676.1299060713
2025-01-21 01:30:00,2618767.1704133484
2025-01-21 02:00:00,2618767.1704133484
2025-01-21 02:30:00,2618767.1704133484
2025-01-21 03:00:00,2617333.6481123245
2025-01-21 05:00:00,2617333.6481123245
2025-01-21 05:30:00,2617297.6989587187
2025-01-21 06:00:00,2617297.6989587187
2025-01-21 06:30:00,2617297.6989587187
2025-01-21 07:00:00,2617297.6989587187
2025-01-21 13:00:00,2618144.9112414415
2025-01-21 13:30:00,2616977.0540919327
2025-01-21 14:00:00,2616977.0540919327
2025-01-21 14:30:00,2616977.0540919327
2025-01-21 15:00:00,2616977.0540919327
2025-01-21 15:30:00,2616977.0540919327
2025-01-21 16:00:00,2616977.0540919327
2025-01-21 16:30:00,2616977.0540919327
2025-01-21 17:00:00,2616977.0540919327
2025-01-21 17:30:00,2616977.0540919327
2025-01-21 18:00:00,2616977.0540919327
2025-01-22 01:00:00,2619107.1896819565
2025-01-22 01:30:00,2618114.820679781
2025-01-22 02:00:00,2618114.820679781
2025-01-22 02:30:00,2617737.56511371
2025-01-22 03:00:00,2617737.56511371
2025-01-22 05:00:00,2617737.56511371
2025-01-22 05:30:00,2617737.56511371
2025-01-22 06:00:00,2614065.86693168
2025-01-22 06:30:00,2613412.755628806
2025-01-22 07:00:00,2613412.755628806
2025-01-22 13:00:00,2613412.755628806
2025-01-22 13:30:00,2612174.4074134505
2025-01-22 14:00:00,2612174.4074134505
2025-01-22 14:30:00,2612174.4074134505
2025-01-22 15:00:00,2612174.4074134505
2025-01-22 15:30:00,2612174.4074134505
2025-01-22 16:00:00,2608286.270982196
2025-01-22 16:30:00,2608286.270982196
2025-01-22 17:00:00,2608286.270982196
2025-01-22 17:30:00,2608286.270982196
2025-01-22 18:00:00,2608286.270982196
2025-01-23 01:00:00,2606995.584071935
2025-01-23 01:30:00,2605266.7217299426
2025-01-23 02:00:00,2607627.704909035
2025-01-23 02:30:00,2606657.2104000263
2025-01-23 03:00:00,2606657.2104000263
2025-01-23 05:00:00,2599656.2429192364
2025-01-23 05:30:00,2599656.2429192364
2025-01-23 06:00:00,2599288.0833452386
2025-01-23 06:30:00,2599358.6168352114
2025-01-23 07:00:00,2599358.6168352114
2025-01-23 13:00:00,2599358.6168352114
2025-01-23 13:30:00,2607222.8686391083
2025-01-23 14:00:00,2607286.502957901
2025-01-23 14:30:00,2607286.502957901
2025-01-23 15:00:00,2607286.502957901
2025-01-23 15:30:00,2607286.502957901
2025-01-23 16:00:00,2607286.502957901
2025-01-23 16:30:00,2603155.7811114113
2025-01-23 17:00:00,2603155.7811114113
2025-01-23 17:30:00,2603155.7811114113
2025-01-23 18:00:00,2598374.109499125
2025-01-24 01:00:00,2597839.8198862732
2025-01-24 01:30:00,2596428.047258513
2025-01-24 02:00:00,2597389.9770244877
2025-01-24 02:30:00,2591368.285649954
2025-01-24 03:00:00,2592013.4483111757
2025-01-24 05:00:00,2591034.0950886807
2025-01-24 05:30:00,2591034.0950886807
2025-01-24 06:00:00,2591034.0950886807
2025-01-24 06:30:00,2588957.0365192075
2025-01-24 07:00:00,2588957.0365192075
2025-01-24 13:00:00,2588957.0365192075
2025-01-24 13:30:00,2587074.376429838
2025-01-24 14:00:00,2587914.5338449315
2025-01-24 14:30:00,2586230.028109252
2025-01-24 15:00:00,2586230.028109252
2025-01-24 15:30:00,2586230.028109252
2025-01-24 16:00:00,2586230.028109252
2025-01-24 16:30:00,2586230.028109252
2025-01-24 17:00:00,2586230.028109252
2025-01-24 17:30:00,2586230.028109252
2025-01-24 18:00:00,2586230.028109252
2025-01-27 01:00:00,2586230.028109252
2025-01-27 01:30:00,2586018.303379008
2025-01-27 02:00:00,2586018.303379008
2025-01-27 02:30:00,2583951.8493111786
2025-01-27 03:00:00,2581667.3961022673
2025-01-27 05:00:00,2581667.3961022673
2025-01-27 05:30:00,2580973.924659746
2025-01-27 06:00:00,2579429.7712157518
2025-01-27 06:30:00,2579429.7712157518
2025-01-27 07:00:00,2579429.7712157518
2025-02-05 01:00:00,2579429.7712157518
2025-02-05 01:30:00,2579123.05261444
2025-02-05 02:00:00,2576663.646762972
2025-02-05 02:30:00,2576663.646762972
2025-02-05 03:00:00,2575207.427140268
2025-02-05 05:00:00,2575207.427140268
2025-02-05 05:30:00,2575207.427140268
2025-02-05 06:00:00,2575207.427140268
2025-02-05 06:30:00,2573406.6592035517
2025-02-05 07:00:00,2573406.6592035517
2025-02-05 13:00:00,2573406.6592035517
2025-02-05 13:30:00,2576197.2926750495
2025-02-05 14:00:00,2576197.2926750495
2025-02-05 14:30:00,2576468.4378566043
2025-02-05 15:00:00,2576468.4378566043
2025-02-05 15:30:00,2576468.4378566043
2025-02-05 16:00:00,2576468.4378566043
2025-02-05 16:30:00,2576468.4378566043
2025-02-05 17:00:00,2576468.4378566043
2025-02-05 17:30:00,2576468.4378566043
2025-02-05 18:00:00,2576468.4378566043
2025-02-06 01:00:00,2576468.4378566043
2025-02-06 01:30:00,2575325.3977182624
2025-02-06 02:00:00,2575325.3977182624
2025-02-06 02:30:00,2574186.9085846185
2025-02-06 03:00:00,2583542.504909398
2025-02-06 05:00:00,2583542.504909398
2025-02-06 05:30:00,2583542.504909398
2025-02-06 06:00:00,2582686.7930307356
2025-02-06 06:30:00,2581693.6950447937
2025-02-06 07:00:00,2581693.6950447937
2025-02-06 13:00:00,2581693.6950447937
2025-02-06 13:30:00,2579309.8688672315
2025-02-06 14:00:00,2582357.3794526556
2025-02-06 14:30:00,2582357.3794526556
2025-02-06 15:00:00,2582357.3794526556
2025-02-06 15:30:00,2584775.03725557
2025-02-06 16:00:00,2584775.03725557
2025-02-06 16:30:00,2580893.1984644867
2025-02-06 17:00:00,2580893.1984644867
2025-02-06 17:30:00,2580893.1984644867
2025-02-06 18:00:00,2580893.1984644867
2025-02-07 01:00:00,2581010.059512915
2025-02-07 01:30:00,2580357.5785405603
2025-02-07 02:00:00,2574522.338473462
2025-02-07 02:30:00,2574084.102793789
2025-02-07 03:00:00,2572791.779352381
2025-02-07 05:00:00,2572791.779352381
2025-02-07 05:30:00,2572791.779352381
2025-02-07 06:00:00,2611759.978985397
2025-02-07 06:30:00,2667235.7745357407
2025-02-07 07:00:00,2667235.7745357407
2025-02-07 13:00:00,2665419.537372649
2025-02-07 13:30:00,2664374.847059604
2025-02-07 14:00:00,2664374.847059604
2025-02-07 14:30:00,2664374.847059604
2025-02-07 15:00:00,2663815.0510712876
2025-02-07 15:30:00,2661423.3247917914
2025-02-07 16:00:00,2661423.3247917914
2025-02-07 16:30:00,2660306.629977405
2025-02-07 17:00:00,2660306.629977405
2025-02-07 17:30:00,2660306.629977405
2025-02-07 18:00:00,2660306.629977405
2025-02-10 01:00:00,2660907.1534712315
2025-02-10 01:30:00,2661212.509187039
2025-02-10 02:00:00,2661212.509187039
2025-02-10 02:30:00,2661212.509187039
2025-02-10 03:00:00,2661212.509187039
2025-02-10 05:00:00,2661212.509187039
2025-02-10 05:30:00,2661212.509187039
2025-02-10 06:00:00,2659119.4043132286
2025-02-10 06:30:00,2660129.103291264
2025-02-10 07:00:00,2660129.103291264
2025-02-10 13:00:00,2658177.34304164
2025-02-10 13:30:00,2657986.057697317
2025-02-10 14:00:00,2657986.057697317
2025-02-10 14:30:00,2657986.057697317
2025-02-10 15:00:00,2657986.057697317
2025-02-10 15:30:00,2657986.057697317
2025-02-10 16:00:00,2657986.057697317
2025-02-10 16:30:00,2657986.057697317
2025-02-10 17:00:00,2657986.057697317
2025-02-10 17:30:00,2657986.057697317
2025-02-10 18:00:00,2657986.057697317
2025-02-11 01:00:00,2657302.0088775307
2025-02-11 01:30:00,2655867.5691931522
2025-02-11 02:00:00,2655814.896891583
2025-02-11 02:30:00,2655342.5969417263
2025-02-11 03:00:00,2656006.9788550246
2025-02-11 05:00:00,2656006.9788550246
2025-02-11 05:30:00,2656083.15296724
2025-02-11 06:00:00,2655814.6566004064
2025-02-11 06:30:00,2655038.712111253
2025-02-11 07:00:00,2655038.712111253
2025-02-11 13:00:00,2655038.712111253
2025-02-11 13:30:00,2654222.0966082895
2025-02-11 14:00:00,2654222.0966082895
2025-02-11 14:30:00,2654222.0966082895
2025-02-11 15:00:00,2654825.70692594
2025-02-11 15:30:00,2661052.325443063
2025-02-11 16:00:00,2661052.325443063
2025-02-11 16:30:00,2661052.325443063
2025-02-11 17:00:00,2661052.325443063
2025-02-11 17:30:00,2661052.325443063
2025-02-11 18:00:00,2661052.325443063
2025-02-12 01:00:00,2661052.325443063
2025-02-12 01:30:00,2662184.2181857913
2025-02-12 02:00:00,2661505.5749364565
2025-02-12 02:30:00,2661505.5749364565
2025-02-12 03:00:00,2661505.5749364565
2025-02-12 05:00:00,2661505.5749364565
2025-02-12 05:30:00,2661505.5749364565
2025-02-12 06:00:00,2661505.5749364565
2025-02-12 06:30:00,2660071.768272204
2025-02-12 07:00:00,2660071.768272204
2025-02-12 13:00:00,2659448.6500344165
2025-02-12 13:30:00,2660067.911169972
2025-02-12 14:00:00,2660067.911169972
2025-02-12 14:30:00,2660067.911169972
2025-02-12 15:00:00,2660067.911169972
2025-02-12 15:30:00,2660067.911169972
2025-02-12 16:00:00,2660067.911169972
2025-02-12 16:30:00,2660067.911169972
2025-02-12 17:00:00,2660067.911169972
2025-02-12 17:30:00,2660067.911169972
2025-02-12 18:00:00,2660067.911169972
2025-02-13 01:00:00,2660067.911169972
2025-02-13 01:30:00,2658418.0629075295
2025-02-13 02:00:00,2657855.4815659174
2025-02-13 02:30:00,2658984.699064941
2025-02-13 03:00:00,2658309.5232905555
2025-02-13 05:00:00,2658309.5232905555
2025-02-13 05:30:00,2658309.5232905555
2025-02-13 06:00:00,2658309.5232905555
2025-02-13 06:30:00,2659936.252671109
2025-02-13 07:00:00,2659936.252671109
2025-02-13 13:00:00,2659295.7902910905
2025-02-13 13:30:00,2659250.9032420446
2025-02-13 14:00:00,2659250.9032420446
2025-02-13 14:30:00,2659037.3519468824
2025-02-13 15:00:00,2659037.3519468824
2025-02-13 15:30:00,2659037.3519468824
2025-02-13 16:00:00,2659037.3519468824
2025-02-13 16:30:00,2659037.3519468824
2025-02-13 17:00:00,2659037.3519468824
2025-02-13 17:30:00,2659037.3519468824
2025-02-13 18:00:00,2659037.3519468824
2025-02-14 01:00:00,2660465.4145184304
2025-02-14 01:30:00,2660534.8594963388
2025-02-14 02:00:00,2660534.8594963388
2025-02-14 02:30:00,2660534.8594963388
2025-02-14 03:00:00,2660534.8594963388
2025-02-14 05:00:00,2660534.8594963388
2025-02-14 05:30:00,2660534.8594963388
2025-02-14 06:00:00,2659352.695914447
2025-02-14 06:30:00,2658632.245246238
2025-02-14 07:00:00,2658632.245246238
2025-02-14 13:00:00,2658632.245246238
2025-02-14 13:30:00,2658238.6868322585
2025-02-14 14:00:00,2659964.4489407265
2025-02-14 14:30:00,2660091.860281799
2025-02-14 15:00:00,2660091.860281799
2025-02-14 15:30:00,2663229.1140096094
2025-02-14 16:00:00,2663229.1140096094
2025-02-14 16:30:00,2663229.1140096094
2025-02-14 17:00:00,2663229.1140096094
2025-02-14 17:30:00,2663229.1140096094
2025-02-14 18:00:00,2663229.1140096094
2025-02-17 01:00:00,2662688.3923441893
2025-02-17 01:30:00,2663238.3923441893
2025-02-17 02:00:00,2663238.3923441893
2025-02-17 02:30:00,2663238.3923441893
2025-02-17 03:00:00,2663238.3923441893
2025-02-17 05:00:00,2663238.3923441893
2025-02-17 05:30:00,2663238.3923441893
2025-02-17 06:00:00,2663802.5406310856
2025-02-17 06:30:00,2664108.190222825
2025-02-17 07:00:00,2664108.190222825
2025-02-17 13:00:00,2663844.9184068907
2025-02-17 13:30:00,2662697.7930439864
2025-02-17 14:00:00,2662697.7930439864
2025-02-17 14:30:00,2662697.7930439864
2025-02-17 15:00:00,2662697.7930439864
2025-02-17 15:30:00,2662697.7930439864
2025-02-17 16:00:00,2662697.7930439864
2025-02-17 16:30:00,2662697.7930439864
2025-02-17 17:00:00,2662697.7930439864
2025-02-17 17:30:00,2662697.7930439864
2025-02-17 18:00:00,2662697.7930439864
2025-02-18 01:00:00,2662412.566077399
2025-02-18 01:30:00,2662412.566077399
2025-02-18 02:00:00,2662213.3296103105
2025-02-18 02:30:00,2661811.9963355693
2025-02-18 03:00:00,2663064.640293076
2025-02-18 05:00:00,2663064.640293076
2025-02-18 05:30:00,2662351.8742206297
2025-02-18 06:00:00,2661396.9129097573
2025-02-18 06:30:00,2661396.9129097573
2025-02-18 07:00:00,2661396.9129097573
2025-02-18 13:00:00,2661396.9129097573
2025-02-18 13:30:00,2658337.740133194
2025-02-18 14:00:00,2658337.740133194
2025-02-18 14:30:00,2657770.056039377
2025-02-18 15:00:00,2657770.056039377
2025-02-18 15:30:00,2657770.056039377
2025-02-18 16:00:00,2654402.629276992
2025-02-18 16:30:00,2654402.629276992
2025-02-18 17:00:00,2654402.629276992
2025-02-18 17:30:00,2654402.629276992
2025-02-18 18:00:00,2654402.629276992
2025-02-19 01:00:00,2654402.629276992
2025-02-19 01:30:00,2653589.660174146
2025-02-19 02:00:00,2653589.660174146
2025-02-19 02:30:00,2653589.660174146
2025-02-19 03:00:00,2653298.076931152
2025-02-19 05:00:00,2653298.076931152
2025-02-19 05:30:00,2653298.076931152
2025-02-19 06:00:00,2653298.076931152
2025-02-19 06:30:00,2653655.0991196525
2025-02-19 07:00:00,2653655.0991196525
2025-02-19 13:00:00,2653655.0991196525
2025-02-19 13:30:00,2653404.694576082
2025-02-19 14:00:00,2653404.694576082
2025-02-19 14:30:00,2653404.694576082
2025-02-19 15:00:00,2653404.694576082
2025-02-19 15:30:00,2653404.694576082
2025-02-19 16:00:00,2653404.694576082
2025-02-19 16:30:00,2653404.694576082
2025-02-19 17:00:00,2653404.694576082
2025-02-19 17:30:00,2653404.694576082
2025-02-19 18:00:00,2653404.694576082
2025-02-20 01:00:00,2652413.251378529
2025-02-20 01:30:00,2654371.385203324
2025-02-20 02:00:00,2654371.385203324
2025-02-20 02:30:00,2646788.697957323
2025-02-20 03:00:00,2646236.912493278
2025-02-20 05:00:00,2646236.912493278
2025-02-20 05:30:00,2646040.5380449793
2025-02-20 06:00:00,2646040.5380449793
2025-02-20 06:30:00,2646040.5380449793
2025-02-20 07:00:00,2646040.5380449793
2025-02-20 13:00:00,2645401.6854550955
2025-02-20 13:30:00,2641680.981898003
2025-02-20 14:00:00,2642593.448470068
2025-02-20 14:30:00,2642593.448470068
2025-02-20 15:00:00,2642593.448470068
2025-02-20 15:30:00,2642593.448470068
2025-02-20 16:00:00,2642593.448470068
2025-02-20 16:30:00,2640435.497350708
2025-02-20 17:00:00,2640435.497350708
2025-02-20 17:30:00,2640435.497350708
2025-02-20 18:00:00,2640435.497350708
2025-02-21 01:00:00,2640435.497350708
2025-02-21 01:30:00,2640144.7483249013
2025-02-21 02:00:00,2640144.7483249013
2025-02-21 02:30:00,2635611.7841470153
2025-02-21 03:00:00,2634398.410585856
2025-02-21 05:00:00,2634398.410585856
2025-02-21 05:30:00,2633509.8960194886
2025-02-21 06:00:00,2633618.518612672
2025-02-21 06:30:00,2633618.518612672
2025-02-21 07:00:00,2633618.518612672
2025-02-21 13:00:00,2635824.5891221245
2025-02-21 13:30:00,2631866.6556148343
2025-02-21 14:00:00,2631667.126587571
2025-02-21 14:30:00,2631667.126587571
2025-02-21 15:00:00,2631667.126587571
2025-02-21 15:30:00,2631667.126587571
2025-02-21 16:00:00,2631667.126587571
2025-02-21 16:30:00,2631667.126587571
2025-02-21 17:00:00,2631667.126587571
2025-02-21 17:30:00,2631667.126587571
2025-02-21 18:00:00,2631667.126587571
2025-02-24 01:00:00,2630656.1909196167
2025-02-24 01:30:00,2630656.1909196167
2025-02-24 02:00:00,2632494.2897584136
2025-02-24 02:30:00,2632153.86006443
2025-02-24 03:00:00,2632353.403775291
2025-02-24 05:00:00,2632353.403775291
2025-02-24 05:30:00,2632353.403775291
2025-02-24 06:00:00,2632607.1748566404
2025-02-24 06:30:00,2633328.314762159
2025-02-24 07:00:00,2633328.314762159
2025-02-24 13:00:00,2633328.314762159
2025-02-24 13:30:00,2631378.314762159
2025-02-24 14:00:00,2631378.9890494803
2025-02-24 14:30:00,2640850.618872246
2025-02-24 15:00:00,2640850.618872246
2025-02-24 15:30:00,2640850.618872246
2025-02-24 16:00:00,2640850.618872246
2025-02-24 16:30:00,2640850.618872246
2025-02-24 17:00:00,2640850.618872246
2025-02-24 17:30:00,2640850.618872246
2025-02-24 18:00:00,2640850.618872246
2025-02-25 01:00:00,2640850.618872246
2025-02-25 01:30:00,2640468.442776659
2025-02-25 02:00:00,2640468.442776659
2025-02-25 02:30:00,2639999.0856504976
2025-02-25 03:00:00,2639999.0856504976
2025-02-25 05:00:00,2639999.0856504976
2025-02-25 05:30:00,2638887.361500446
2025-02-25 06:00:00,2639052.9671398695
2025-02-25 06:30:00,2639047.8490203368
2025-02-25 07:00:00,2639047.8490203368
2025-02-25 13:00:00,2638675.1502742143
2025-02-25 13:30:00,2638675.1502742143
2025-02-25 14:00:00,2638675.1502742143
2025-02-25 14:30:00,2634720.283504221
2025-02-25 15:00:00,2634234.8622453986
2025-02-25 15:30:00,2634434.8622453986
2025-02-25 16:00:00,2634434.8622453986
2025-02-25 16:30:00,2634434.8622453986
2025-02-25 17:00:00,2634434.8622453986
2025-02-25 17:30:00,2634434.8622453986
2025-02-25 18:00:00,2634568.380594608
2025-02-26 01:00:00,2634568.380594608
2025-02-26 01:30:00,2634581.664490257
2025-02-26 02:00:00,2633689.782897261
2025-02-26 02:30:00,2633689.782897261
2025-02-26 03:00:00,2633689.782897261
2025-02-26 05:00:00,2633689.782897261
2025-02-26 05:30:00,2633035.160477598
2025-02-26 06:00:00,2633035.160477598
2025-02-26 06:30:00,2633035.160477598
2025-02-26 07:00:00,2633035.160477598
2025-02-26 13:00:00,2633402.4728684467
2025-02-26 13:30:00,2633478.6402477706
2025-02-26 14:00:00,2632774.5702026244
2025-02-26 14:30:00,2632541.7537174975
2025-02-26 15:00:00,2631928.8013244467
2025-02-26 15:30:00,2631928.8013244467
2025-02-26 16:00:00,2631928.8013244467
2025-02-26 16:30:00,2631928.8013244467
2025-02-26 17:00:00,2631928.8013244467
2025-02-26 17:30:00,2631928.8013244467
2025-02-26 18:00:00,2631928.8013244467
2025-02-27 01:00:00,2631928.8013244467
2025-02-27 01:30:00,2631452.1751050805
2025-02-27 02:00:00,2629842.589355504
2025-02-27 02:30:00,2629290.780912415
2025-02-27 03:00:00,2629290.780912415
2025-02-27 05:00:00,2629290.780912415
2025-02-27 05:30:00,2626577.136982378
2025-02-27 06:00:00,2625677.0399054973
2025-02-27 06:30:00,2626448.7892767475
2025-02-27 07:00:00,2626448.7892767475
2025-02-27 13:00:00,2626448.7892767475
2025-02-27 13:30:00,2625813.192363578
2025-02-27 14:00:00,2625813.192363578
2025-02-27 14:30:00,2625808.963367967
2025-02-27 15:00:00,2625808.963367967
2025-02-27 15:30:00,2625808.963367967
2025-02-27 16:00:00,2632428.225158466
2025-02-27 16:30:00,2632428.225158466
2025-02-27 17:00:00,2632428.225158466
2025-02-27 17:30:00,2632428.225158466
2025-02-27 18:00:00,2632428.225158466
2025-02-28 01:00:00,2632428.225158466
2025-02-28 01:30:00,2632128.225158466
2025-02-28 02:00:00,2632128.225158466
2025-02-28 02:30:00,2632128.225158466
2025-02-28 03:00:00,2632128.225158466
2025-02-28 05:00:00,2632432.7689183773
2025-02-28 05:30:00,2632432.7689183773
2025-02-28 06:00:00,2632432.7689183773
2025-02-28 06:30:00,2632432.7689183773
2025-02-28 07:00:00,2632432.7689183773
2025-02-28 13:00:00,2632432.7689183773
2025-02-28 13:30:00,2632013.049983824
2025-02-28 14:00:00,2635137.7670983085
2025-02-28 14:30:00,2635137.7670983085
2025-02-28 15:00:00,2635137.7670983085
2025-02-28 15:30:00,2635137.7670983085
2025-02-28 16:00:00,2632585.022702024
2025-02-28 16:30:00,2632585.022702024
2025-02-28 17:00:00,2632585.022702024
2025-02-28 17:30:00,2632585.022702024
2025-02-28 18:00:00,2632585.022702024
2025-03-03 01:00:00,2630558.2601159583
2025-03-03 01:30:00,2629585.1465633395
2025-03-03 02:00:00,2630897.0500977878
2025-03-03 02:30:00,2629986.57812936
2025-03-03 03:00:00,2629986.57812936
2025-03-03 05:00:00,2629986.57812936
2025-03-03 05:30:00,2626611.6276295925
2025-03-03 06:00:00,2626387.0652880776
2025-03-03 06:30:00,2625207.7397077247
2025-03-03 07:00:00,2625207.7397077247
2025-03-03 13:00:00,2625207.7397077247
2025-03-03 13:30:00,2625207.7397077247
2025-03-03 14:00:00,2624538.4088282706
2025-03-03 14:30:00,2624538.4088282706
2025-03-03 15:00:00,2624538.4088282706
2025-03-03 15:30:00,2624538.4088282706
2025-03-03 16:00:00,2624407.7352168346
2025-03-03 16:30:00,2624407.7352168346
2025-03-03 17:00:00,2624407.7352168346
2025-03-03 17:30:00,2624407.7352168346
2025-03-03 18:00:00,2624407.7352168346
2025-03-04 01:00:00,2626407.7352168346
2025-03-04 01:30:00,2628458.836816614
2025-03-04 02:00:00,2628458.836816614
2025-03-04 02:30:00,2627293.418679746
2025-03-04 03:00:00,2624386.815659009
2025-03-04 05:00:00,2624386.815659009
2025-03-04 05:30:00,2623371.7979154037
2025-03-04 06:00:00,2623371.7979154037
2025-03-04 06:30:00,2623325.286166979
2025-03-04 07:00:00,2623325.286166979
2025-03-04 13:00:00,2623325.286166979
2025-03-04 13:30:00,2621540.286166979
2025-03-04 14:00:00,2621540.286166979
2025-03-04 14:30:00,2621540.286166979
2025-03-04 15:00:00,2621540.286166979
2025-03-04 15:30:00,2621540.286166979
2025-03-04 16:00:00,2621540.286166979
2025-03-04 16:30:00,2621540.286166979
2025-03-04 17:00:00,2630986.034953461
2025-03-04 17:30:00,2630986.034953461
2025-03-04 18:00:00,2630986.034953461
2025-03-05 01:00:00,2629846.326899725
2025-03-05 01:30:00,2630900.2263764776
2025-03-05 02:00:00,2630833.377029884
2025-03-05 02:30:00,2630833.377029884
2025-03-05 03:00:00,2632065.9440615745
2025-03-05 05:00:00,2632065.9440615745
2025-03-05 05:30:00,2632065.9440615745
2025-03-05 06:00:00,2626240.3063424225
2025-03-05 06:30:00,2627427.530221735
2025-03-05 07:00:00,2627427.530221735
2025-03-05 13:00:00,2627931.3287731
2025-03-05 13:30:00,2630989.899313234
2025-03-05 14:00:00,2630989.899313234
2025-03-05 14:30:00,2630989.899313234
2025-03-05 15:00:00,2630989.899313234
2025-03-05 15:30:00,2630989.899313234
2025-03-05 16:00:00,2630989.899313234
2025-03-05 16:30:00,2630989.899313234
2025-03-05 17:00:00,2630989.899313234
2025-03-05 17:30:00,2630989.899313234
2025-03-05 18:00:00,2630989.899313234
2025-03-06 01:00:00,2630989.899313234
2025-03-06 01:30:00,2635831.618970895
2025-03-06 02:00:00,2639081.9694273146
2025-03-06 02:30:00,2639081.9694273146
2025-03-06 03:00:00,2639081.9694273146
2025-03-06 05:00:00,2639081.9694273146
2025-03-06 05:30:00,2639081.9694273146
2025-03-06 06:00:00,2643105.220984547
2025-03-06 06:30:00,2649224.3106239988
2025-03-06 07:00:00,2649224.3106239988
2025-03-06 13:00:00,2649055.3982119034
2025-03-06 13:30:00,2649055.3982119034
2025-03-06 14:00:00,2649055.3982119034
2025-03-06 14:30:00,2649055.3982119034
2025-03-06 15:00:00,2649055.3982119034
2025-03-06 15:30:00,2649055.3982119034
2025-03-06 16:00:00,2649055.3982119034
2025-03-06 16:30:00,2649055.3982119034
2025-03-06 17:00:00,2649055.3982119034
2025-03-06 17:30:00,2649055.3982119034
2025-03-06 18:00:00,2649055.3982119034
2025-03-07 01:00:00,2647870.172087602
2025-03-07 01:30:00,2647550.4910141355
2025-03-07 02:00:00,2647550.4910141355
2025-03-07 02:30:00,2647550.4910141355
2025-03-07 03:00:00,2648130.781857794
2025-03-07 05:00:00,2648130.781857794
2025-03-07 05:30:00,2647397.622089351
2025-03-07 06:00:00,2647397.622089351
2025-03-07 06:30:00,2647397.622089351
2025-03-07 07:00:00,2649992.7199016637
2025-03-07 13:00:00,2652552.0897548604
2025-03-07 13:30:00,2656660.720321778
2025-03-07 14:00:00,2656660.720321778
2025-03-07 14:30:00,2654812.3741585165
2025-03-07 15:00:00,2652372.388690766
2025-03-07 15:30:00,2652372.388690766
2025-03-07 16:00:00,2649465.628395956
2025-03-07 16:30:00,2649465.628395956
2025-03-07 17:00:00,2649465.628395956
2025-03-07 17:30:00,2649465.628395956
2025-03-07 18:00:00,2649465.628395956
2025-03-10 01:00:00,2649465.628395956
2025-03-10 01:30:00,2641413.231362264
2025-03-10 02:00:00,2641413.231362264
2025-03-10 02:30:00,2641015.722127512
2025-03-10 03:00:00,2641015.722127512
2025-03-10 05:00:00,2641015.722127512
2025-03-10 05:30:00,2639888.4333212688
2025-03-10 06:00:00,2638991.3528468832
2025-03-10 06:30:00,2638991.3528468832
2025-03-10 07:00:00,2638991.3528468832
2025-03-10 13:00:00,2638991.3528468832
2025-03-10 13:30:00,2638991.3528468832
2025-03-10 14:00:00,2636911.3528468832
2025-03-10 14:30:00,2636911.3528468832
2025-03-10 15:00:00,2636911.3528468832
2025-03-10 15:30:00,2636911.3528468832
2025-03-10 16:00:00,2636911.3528468832
2025-03-10 16:30:00,2636911.3528468832
2025-03-10 17:00:00,2636911.3528468832
2025-03-10 17:30:00,2636911.3528468832
2025-03-10 18:00:00,2636911.3528468832
2025-03-11 01:00:00,2636491.5534820477
2025-03-11 01:30:00,2636491.5534820477
2025-03-11 02:00:00,2636470.9078363474
2025-03-11 02:30:00,2640452.0347910943
2025-03-11 03:00:00,2639831.273179209
2025-03-11 05:00:00,2639831.273179209
2025-03-11 05:30:00,2639831.273179209
2025-03-11 06:00:00,2639831.273179209
2025-03-11 06:30:00,2639831.273179209
2025-03-11 07:00:00,2639831.273179209
2025-03-11 13:00:00,2640501.3328148425
2025-03-11 13:30:00,2641116.160068044
2025-03-11 14:00:00,2641116.160068044
2025-03-11 14:30:00,2641116.160068044
2025-03-11 15:00:00,2641116.160068044
2025-03-11 15:30:00,2641116.160068044
2025-03-11 16:00:00,2641116.160068044
2025-03-11 16:30:00,2641116.160068044
2025-03-11 17:00:00,2641116.160068044
2025-03-11 17:30:00,2641116.160068044
2025-03-11 18:00:00,2641116.160068044
2025-03-12 01:00:00,2637501.583083258
2025-03-12 01:30:00,2636852.072988172
2025-03-12 02:00:00,2636827.7024365705
2025-03-12 02:30:00,2636827.7024365705
2025-03-12 03:00:00,2636827.7024365705
2025-03-12 05:00:00,2636827.7024365705
2025-03-12 05:30:00,2636827.7024365705
2025-03-12 06:00:00,2636827.7024365705
2025-03-12 06:30:00,2636480.8008534024
2025-03-12 07:00:00,2636480.8008534024
2025-03-12 13:00:00,2636480.8008534024
2025-03-12 13:30:00,2638891.6070841607
2025-03-12 14:00:00,2638891.6070841607
2025-03-12 14:30:00,2638891.6070841607
2025-03-12 15:00:00,2638891.6070841607
2025-03-12 15:30:00,2638891.6070841607
2025-03-12 16:00:00,2638891.6070841607
2025-03-12 16:30:00,2638891.6070841607
2025-03-12 17:00:00,2638891.6070841607
2025-03-12 17:30:00,2638891.6070841607
2025-03-12 18:00:00,2638891.6070841607
2025-03-13 01:00:00,2638891.6070841607
2025-03-13 01:30:00,2638471.7583634164
2025-03-13 02:00:00,2642220.80455435
2025-03-13 02:30:00,2641465.6755153527
2025-03-13 03:00:00,2641465.6755153527
2025-03-13 05:00:00,2641465.6755153527
2025-03-13 05:30:00,2647780.06210957
2025-03-13 06:00:00,2649522.2895511324
2025-03-13 06:30:00,2649529.321307712
2025-03-13 07:00:00,2649529.321307712
2025-03-13 13:00:00,2648756.3824646543
2025-03-13 13:30:00,2648756.3824646543
2025-03-13 14:00:00,2648756.3824646543
2025-03-13 14:30:00,2648756.3824646543
2025-03-13 15:00:00,2648756.3824646543
2025-03-13 15:30:00,2648756.3824646543
2025-03-13 16:00:00,2648756.3824646543
2025-03-13 16:30:00,2648756.3824646543
2025-03-13 17:00:00,2648756.3824646543
2025-03-13 17:30:00,2648756.3824646543
2025-03-13 18:00:00,2648756.3824646543
2025-03-14 01:00:00,2648756.3824646543
2025-03-14 01:30:00,2647738.841270654
2025-03-14 02:00:00,2643408.8209138354
2025-03-14 02:30:00,2643408.8209138354
2025-03-14 03:00:00,2643408.8209138354
2025-03-14 05:00:00,2643408.8209138354
2025-03-14 05:30:00,2643408.8209138354
2025-03-14 06:00:00,2643408.8209138354
2025-03-14 06:30:00,2643408.8209138354
2025-03-14 07:00:00,2643408.8209138354
2025-03-14 13:00:00,2643408.8209138354
2025-03-14 13:30:00,2644165.863852039
2025-03-14 14:00:00,2645420.5861398214
2025-03-14 14:30:00,2645420.5861398214
2025-03-14 15:00:00,2645420.5861398214
2025-03-14 15:30:00,2645420.5861398214
2025-03-14 16:00:00,2643595.827262565
2025-03-14 16:30:00,2643595.827262565
2025-03-14 17:00:00,2643595.827262565
2025-03-14 17:30:00,2643595.827262565
2025-03-14 18:00:00,2643595.827262565
2025-03-17 01:00:00,2643394.1795571414
2025-03-17 01:30:00,2643514.6631966806
2025-03-17 02:00:00,2640994.6631966806
2025-03-17 02:30:00,2640994.6631966806
2025-03-17 03:00:00,2640198.487034567
2025-03-17 05:00:00,2640198.487034567
2025-03-17 05:30:00,2639830.543984206
2025-03-17 06:00:00,2639635.261198406
2025-03-17 06:30:00,2639635.261198406
2025-03-17 07:00:00,2639635.261198406
2025-03-17 13:00:00,2639372.16185286
2025-03-17 13:30:00,2638919.04129724
2025-03-17 14:00:00,2638919.04129724
2025-03-17 14:30:00,2638485.6391934147
2025-03-17 15:00:00,2638485.6391934147
2025-03-17 15:30:00,2638485.6391934147
2025-03-17 16:00:00,2638485.6391934147
2025-03-17 16:30:00,2638485.6391934147
2025-03-17 17:00:00,2638485.6391934147
2025-03-17 17:30:00,2638485.6391934147
2025-03-17 18:00:00,2635594.424892604
2025-03-18 01:00:00,2635594.424892604
2025-03-18 01:30:00,2632097.3077935693
2025-03-18 02:00:00,2632097.3077935693
2025-03-18 02:30:00,2630213.908717264
2025-03-18 03:00:00,2630213.908717264
2025-03-18 05:00:00,2618652.7072727373
2025-03-18 05:30:00,2635406.1221448234
2025-03-18 06:00:00,2635406.1221448234
2025-03-18 06:30:00,2635041.116769554
2025-03-18 07:00:00,2635041.116769554
2025-03-18 13:00:00,2634193.2853155127
2025-03-18 13:30:00,2633130.4211002253
2025-03-18 14:00:00,2633130.4211002253
2025-03-18 14:30:00,2633197.8097610115
2025-03-18 15:00:00,2633197.8097610115
2025-03-18 15:30:00,2633197.8097610115
2025-03-18 16:00:00,2633197.8097610115
2025-03-18 16:30:00,2633197.8097610115
2025-03-18 17:00:00,2633197.8097610115
2025-03-18 17:30:00,2633197.8097610115
2025-03-18 18:00:00,2633197.8097610115
2025-03-19 01:00:00,2633197.8097610115
2025-03-19 01:30:00,2632085.607053494
2025-03-19 02:00:00,2648804.8353605256
2025-03-19 02:30:00,2648895.5787687637
2025-03-19 03:00:00,2639954.63287054
2025-03-19 05:00:00,2629025.505583343
2025-03-19 05:30:00,2629025.505583343
2025-03-19 06:00:00,2629258.4066870664
2025-03-19 06:30:00,2629258.4066870664
2025-03-19 07:00:00,2629258.4066870664
2025-03-19 13:00:00,2629258.4066870664
2025-03-19 13:30:00,2629885.4778934103
2025-03-19 14:00:00,2629885.4778934103
2025-03-19 14:30:00,2629591.246895684
2025-03-19 15:00:00,2629591.246895684
2025-03-19 15:30:00,2629591.246895684
2025-03-19 16:00:00,2629591.246895684
2025-03-19 16:30:00,2629591.246895684
2025-03-19 17:00:00,2629591.246895684
2025-03-19 17:30:00,2629591.246895684
2025-03-19 18:00:00,2629591.246895684
2025-03-20 01:00:00,2629591.246895684
2025-03-20 01:30:00,2627525.323888297
2025-03-20 02:00:00,2627525.323888297
2025-03-20 02:30:00,2627609.4899770455
2025-03-20 03:00:00,2627609.4899770455
2025-03-20 05:00:00,2627609.4899770455
2025-03-20 05:30:00,2627609.4899770455
2025-03-20 06:00:00,2627609.4899770455
2025-03-20 06:30:00,2628041.472568971
2025-03-20 07:00:00,2628041.472568971
2025-03-20 13:00:00,2627743.912115052
2025-03-20 13:30:00,2626967.7591926767
2025-03-20 14:00:00,2626868.162190621
2025-03-20 14:30:00,2625774.861756349
2025-03-20 15:00:00,2625774.861756349
2025-03-20 15:30:00,2625774.861756349
2025-03-20 16:00:00,2625774.861756349
2025-03-20 16:30:00,2623904.4941687197
2025-03-20 17:00:00,2623904.4941687197
2025-03-20 17:30:00,2623904.4941687197
2025-03-20 18:00:00,2623904.4941687197
2025-03-21 01:00:00,2623428.9897161615
2025-03-21 01:30:00,2623079.0599799617
2025-03-21 02:00:00,2621927.9195895386
2025-03-21 02:30:00,2621428.616352509
2025-03-21 03:00:00,2620954.5591193372
2025-03-21 05:00:00,2620954.5591193372
2025-03-21 05:30:00,2620954.5591193372
2025-03-21 06:00:00,2620553.7762215063
2025-03-21 06:30:00,2619565.7597492696
2025-03-21 07:00:00,2619565.7597492696
2025-03-21 13:00:00,2617316.5723599107
2025-03-21 13:30:00,2616055.743846036
2025-03-21 14:00:00,2616055.743846036
2025-03-21 14:30:00,2615746.162364362
2025-03-21 15:00:00,2615746.162364362
2025-03-21 15:30:00,2615746.162364362
2025-03-21 16:00:00,2615746.162364362
2025-03-21 16:30:00,2615746.162364362
2025-03-21 17:00:00,2615746.162364362
2025-03-21 17:30:00,2615746.162364362
2025-03-21 18:00:00,2616550.4929411463
2025-03-24 01:00:00,2617228.4224778
2025-03-24 01:30:00,2617088.4224778
2025-03-24 02:00:00,2617150.5979365776
2025-03-24 02:30:00,2617150.5979365776
2025-03-24 03:00:00,2617150.5979365776
2025-03-24 05:00:00,2617150.5979365776
2025-03-24 05:30:00,2616034.0560594094
2025-03-24 06:00:00,2616254.0560594094
2025-03-24 06:30:00,2616254.0560594094
2025-03-24 07:00:00,2616254.0560594094
2025-03-24 13:00:00,2616254.0560594094
2025-03-24 13:30:00,2616086.4955832553
2025-03-24 14:00:00,2616086.4955832553
2025-03-24 14:30:00,2616086.4955832553
2025-03-24 15:00:00,2614317.0281411926
2025-03-24 15:30:00,2614317.0281411926
2025-03-24 16:00:00,2614317.0281411926
2025-03-24 16:30:00,2614317.0281411926
2025-03-24 17:00:00,2614317.0281411926
2025-03-24 17:30:00,2614317.0281411926
2025-03-24 18:00:00,2614317.0281411926
2025-03-25 01:00:00,2614317.0281411926
2025-03-25 01:30:00,2622248.0277451538
2025-03-25 02:00:00,2622248.0277451538
2025-03-25 02:30:00,2622291.0952207074
2025-03-25 03:00:00,2621766.200930025
2025-03-25 05:00:00,2621766.200930025
2025-03-25 05:30:00,2621236.653572093
2025-03-25 06:00:00,2620801.653572093
2025-03-25 06:30:00,2620801.653572093
2025-03-25 07:00:00,2620801.653572093
2025-03-25 13:00:00,2618829.223020272
2025-03-25 13:30:00,2618116.8576466874
2025-03-25 14:00:00,2618116.8576466874
2025-03-25 14:30:00,2618116.8576466874
2025-03-25 15:00:00,2618116.8576466874
2025-03-25 15:30:00,2618116.8576466874
2025-03-25 16:00:00,2616391.2664483646
2025-03-25 16:30:00,2616391.2664483646
2025-03-25 17:00:00,2616391.2664483646
2025-03-25 17:30:00,2616391.2664483646
2025-03-25 18:00:00,2616391.2664483646
2025-03-26 01:00:00,2616391.2664483646
2025-03-26 01:30:00,2616391.2664483646
2025-03-26 02:00:00,2621818.3468717313
2025-03-26 02:30:00,2621813.912087353
2025-03-26 03:00:00,2621632.804088443
2025-03-26 05:00:00,2621632.804088443
2025-03-26 05:30:00,2621200.945334629
2025-03-26 06:00:00,2620906.6939712414
2025-03-26 06:30:00,2620906.6939712414
2025-03-26 07:00:00,2620906.6939712414
2025-03-26 13:00:00,2621308.341621848
2025-03-26 13:30:00,2620210.9745795
2025-03-26 14:00:00,2620210.9745795
2025-03-26 14:30:00,2620210.9745795
2025-03-26 15:00:00,2620210.9745795
2025-03-26 15:30:00,2620210.9745795
2025-03-26 16:00:00,2620210.9745795
2025-03-26 16:30:00,2620210.9745795
2025-03-26 17:00:00,2620210.9745795
2025-03-26 17:30:00,2620210.9745795
2025-03-26 18:00:00,2621307.6481891307
2025-03-27 01:00:00,2621307.6481891307
2025-03-27 01:30:00,2620804.0017931513
2025-03-27 02:00:00,2620123.342714877
2025-03-27 02:30:00,2620123.342714877
2025-03-27 03:00:00,2620674.3621139457
2025-03-27 05:00:00,2620674.3621139457
2025-03-27 05:30:00,2620674.3621139457
2025-03-27 06:00:00,2620674.3621139457
2025-03-27 06:30:00,2620674.3621139457
2025-03-27 07:00:00,2620674.3621139457
2025-03-27 13:00:00,2620674.3621139457
2025-03-27 13:30:00,2619469.3621139457
2025-03-27 14:00:00,2619460.852897524
2025-03-27 14:30:00,2619460.852897524
2025-03-27 15:00:00,2617306.5792474146
2025-03-27 15:30:00,2618034.921038702
2025-03-27 16:00:00,2618034.921038702
2025-03-27 16:30:00,2618034.921038702
2025-03-27 17:00:00,2618034.921038702
2025-03-27 17:30:00,2618034.921038702
2025-03-27 18:00:00,2618034.921038702
2025-03-28 01:00:00,2618034.921038702
2025-03-28 01:30:00,2617084.334284819
2025-03-28 02:00:00,2618135.7991568083
2025-03-28 02:30:00,2618135.7991568083
2025-03-28 03:00:00,2616842.048582728
2025-03-28 05:00:00,2616842.048582728
2025-03-28 05:30:00,2615030.0175004485
2025-03-28 06:00:00,2613087.0946335024
2025-03-28 06:30:00,2613001.704484143
2025-03-28 07:00:00,2613001.704484143
2025-03-28 13:00:00,2613001.704484143
2025-03-28 13:30:00,2613205.593261959
2025-03-28 14:00:00,2613205.593261959
2025-03-28 14:30:00,2613205.593261959
2025-03-28 15:00:00,2613205.593261959
2025-03-28 15:30:00,2613205.593261959
2025-03-28 16:00:00,2613205.593261959
2025-03-28 16:30:00,2613205.593261959
2025-03-28 17:00:00,2613205.593261959
2025-03-28 17:30:00,2613205.593261959
2025-03-28 18:00:00,2613205.593261959
2025-03-31 01:00:00,2616937.869835595
2025-03-31 01:30:00,2616641.5334083526
2025-03-31 02:00:00,2616641.5334083526
2025-03-31 02:30:00,2616641.5334083526
2025-03-31 03:00:00,2616641.5334083526
2025-03-31 05:00:00,2616641.5334083526
2025-03-31 05:30:00,2615426.044874688
2025-03-31 06:00:00,2615426.044874688
2025-03-31 06:30:00,2615442.977118139
2025-03-31 07:00:00,2615442.977118139
2025-03-31 13:00:00,2614417.1329484773
2025-03-31 13:30:00,2614035.088049318
2025-03-31 14:00:00,2614035.088049318
2025-03-31 14:30:00,2614035.088049318
2025-03-31 15:00:00,2614035.088049318
2025-03-31 15:30:00,2614035.088049318
2025-03-31 16:00:00,2614035.088049318
2025-03-31 16:30:00,2614035.088049318
2025-03-31 17:00:00,2614035.088049318
2025-03-31 17:30:00,2614035.088049318
2025-03-31 18:00:00,2614035.088049318
2025-04-01 01:00:00,2613605.549631512
2025-04-01 01:30:00,2615081.9501075023
2025-04-01 02:00:00,2610326.0096247117
2025-04-01 02:30:00,2613118.0058567245
2025-04-01 03:00:00,2613226.461179096
2025-04-01 05:00:00,2613226.461179096
2025-04-01 05:30:00,2613226.461179096
2025-04-01 06:00:00,2613226.461179096
2025-04-01 06:30:00,2613226.461179096
2025-04-01 07:00:00,2613226.461179096
2025-04-01 13:00:00,2613226.461179096
2025-04-01 13:30:00,2613226.461179096
2025-04-01 14:00:00,2613876.2053279956
2025-04-01 14:30:00,2613542.008146025
2025-04-01 15:00:00,2613542.008146025
2025-04-01 15:30:00,2613542.008146025
2025-04-01 16:00:00,2623582.8683106145
2025-04-01 16:30:00,2623582.8683106145
2025-04-01 17:00:00,2623582.8683106145
2025-04-01 17:30:00,2623582.8683106145
2025-04-01 18:00:00,2623582.8683106145
2025-04-02 01:00:00,2623582.8683106145
2025-04-02 01:30:00,2623893.755702418
2025-04-02 02:00:00,2623917.9931691964
2025-04-02 02:30:00,2623256.585744164
2025-04-02 03:00:00,2623256.585744164
2025-04-02 05:00:00,2623256.585744164
2025-04-02 05:30:00,2623256.585744164
2025-04-02 06:00:00,2622228.683208742
2025-04-02 06:30:00,2627714.715453799
2025-04-02 07:00:00,2627714.715453799
2025-04-02 13:00:00,2627551.0965324403
2025-04-02 13:30:00,2627611.0965324403
2025-04-02 14:00:00,2627611.0965324403
2025-04-02 14:30:00,2627295.7871404467
2025-04-02 15:00:00,2627295.7871404467
2025-04-02 15:30:00,2627295.7871404467
2025-04-02 16:00:00,2627295.7871404467
2025-04-02 16:30:00,2627295.7871404467
2025-04-02 17:00:00,2627295.7871404467
2025-04-02 17:30:00,2627295.7871404467
2025-04-02 18:00:00,2627295.7871404467
2025-04-03 01:00:00,2627295.7871404467
2025-04-03 01:30:00,2625928.883080364
2025-04-03 02:00:00,2618399.5368758873
2025-04-03 02:30:00,2618399.5368758873
2025-04-03 03:00:00,2618399.5368758873
2025-04-03 05:00:00,2618399.5368758873
2025-04-03 05:30:00,2617651.8511411324
2025-04-03 06:00:00,2613071.8511411324
2025-04-03 06:30:00,2613071.8511411324
2025-04-03 07:00:00,2613071.8511411324
2025-04-07 01:00:00,2612922.240445202
2025-04-07 01:30:00,2613961.3584650904
2025-04-07 02:00:00,2613961.3584650904
2025-04-07 02:30:00,2613142.6567720976
2025-04-07 03:00:00,2614163.1237560064
2025-04-07 05:00:00,2614163.1237560064
2025-04-07 05:30:00,2614163.1237560064
2025-04-07 06:00:00,2614878.3923508497
2025-04-07 06:30:00,2614878.3923508497
2025-04-07 07:00:00,2614878.3923508497
2025-04-07 13:00:00,2614878.3923508497
2025-04-07 13:30:00,2616985.21273993
2025-04-07 14:00:00,2616985.21273993
2025-04-07 14:30:00,2632643.7680867272
2025-04-07 15:00:00,2632643.7680867272
2025-04-07 15:30:00,2632643.7680867272
2025-04-07 16:00:00,2632643.7680867272
2025-04-07 16:30:00,2632643.7680867272
2025-04-07 17:00:00,2632643.7680867272
2025-04-07 17:30:00,2632643.7680867272
2025-04-07 18:00:00,2632643.7680867272
2025-04-08 01:00:00,2632643.7680867272
2025-04-08 01:30:00,2632643.7680867272
2025-04-08 02:00:00,2650297.681097826
2025-04-08 02:30:00,2659693.236853873
2025-04-08 03:00:00,2661556.648330949
2025-04-08 05:00:00,2661556.648330949
2025-04-08 05:30:00,2661556.648330949
2025-04-08 06:00:00,2661556.648330949
2025-04-08 06:30:00,2661556.648330949
2025-04-08 07:00:00,2661556.648330949
2025-04-08 13:00:00,2661556.648330949
2025-04-08 13:30:00,2663384.8834997267
2025-04-08 14:00:00,2663384.8834997267
2025-04-08 14:30:00,2663384.8834997267
2025-04-08 15:00:00,2663384.8834997267
2025-04-08 15:30:00,2663384.8834997267
2025-04-08 16:00:00,2663384.8834997267
2025-04-08 16:30:00,2663384.8834997267
2025-04-08 17:00:00,2663384.8834997267
2025-04-08 17:30:00,2663384.8834997267
2025-04-08 18:00:00,2663384.8834997267
2025-04-09 01:00:00,2663384.8834997267
2025-04-09 01:30:00,2663384.8834997267
2025-04-09 02:00:00,2663384.8834997267
2025-04-09 02:30:00,2701899.0390934586
2025-04-09 03:00:00,2705504.4426027904
2025-04-09 05:00:00,2705504.4426027904
2025-04-09 05:30:00,2706983.359667773
2025-04-09 06:00:00,2708945.170258659
2025-04-09 06:30:00,2708945.170258659
2025-04-09 07:00:00,2708945.170258659
2025-04-09 13:00:00,2708945.170258659
2025-04-09 13:30:00,2708945.170258659
2025-04-09 14:00:00,2708945.170258659
2025-04-09 14:30:00,2708945.170258659
2025-04-09 15:00:00,2708945.170258659
2025-04-09 15:30:00,2708945.170258659
2025-04-09 16:00:00,2708945.170258659
2025-04-09 16:30:00,2708945.170258659
2025-04-09 17:00:00,2708945.170258659
2025-04-09 17:30:00,2708945.170258659
2025-04-09 18:00:00,2708945.170258659
2025-04-10 01:00:00,2708945.170258659
2025-04-10 01:30:00,2711305.170258659
2025-04-10 02:00:00,2711305.170258659
2025-04-10 02:30:00,2711305.170258659
2025-04-10 03:00:00,2711305.170258659
2025-04-10 05:00:00,2711305.170258659
2025-04-10 05:30:00,2711305.170258659
2025-04-10 06:00:00,2711305.170258659
2025-04-10 06:30:00,2711305.170258659
2025-04-10 07:00:00,2711305.170258659
2025-04-10 13:00:00,2711305.170258659
2025-04-10 13:30:00,2711305.170258659
2025-04-10 14:00:00,2711305.170258659
2025-04-10 14:30:00,2711305.170258659
2025-04-10 15:00:00,2711305.170258659
2025-04-10 15:30:00,2711305.170258659
2025-04-10 16:00:00,2711305.170258659
2025-04-10 16:30:00,2711305.170258659
2025-04-10 17:00:00,2711305.170258659
2025-04-10 17:30:00,2711305.170258659
2025-04-10 18:00:00,2711305.170258659
2025-04-11 01:00:00,2711305.170258659
2025-04-11 01:30:00,2711305.170258659
2025-04-11 02:00:00,2710036.7435394577
2025-04-11 02:30:00,2710036.7435394577
2025-04-11 03:00:00,2710036.7435394577
2025-04-11 05:00:00,2710036.7435394577
2025-04-11 05:30:00,2710036.7435394577
2025-04-11 06:00:00,2710036.7435394577
2025-04-11 06:30:00,2710036.7435394577
2025-04-11 07:00:00,2710036.7435394577
2025-04-11 13:00:00,2710036.7435394577
2025-04-11 13:30:00,2709136.7435394577
2025-04-11 14:00:00,2709136.7435394577
2025-04-11 14:30:00,2709136.7435394577
2025-04-11 15:00:00,2709136.7435394577
2025-04-11 15:30:00,2709136.7435394577
2025-04-11 16:00:00,2712130.127148644
2025-04-11 16:30:00,2712130.127148644
2025-04-11 17:00:00,2705894.563355198
2025-04-11 17:30:00,2705894.563355198
2025-04-11 18:00:00,2705894.563355198
2025-04-14 01:00:00,2705894.563355198
2025-04-14 01:30:00,2704614.563355198
2025-04-14 02:00:00,2704614.563355198
2025-04-14 02:30:00,2703331.8554205466
2025-04-14 03:00:00,2702534.9330018973
2025-04-14 05:00:00,2702534.9330018973
2025-04-14 05:30:00,2701578.0411431277
2025-04-14 06:00:00,2701578.0411431277
2025-04-14 06:30:00,2701578.0411431277
2025-04-14 07:00:00,2701578.0411431277
2025-04-14 13:00:00,2701578.0411431277
2025-04-14 13:30:00,2695864.441702592
2025-04-14 14:00:00,2695864.441702592
2025-04-14 14:30:00,2695224.7040434065
2025-04-14 15:00:00,2695224.7040434065
2025-04-14 15:30:00,2695224.7040434065
2025-04-14 16:00:00,2695224.7040434065
2025-04-14 16:30:00,2695224.7040434065
2025-04-14 17:00:00,2695224.7040434065
2025-04-14 17:30:00,2695224.7040434065
2025-04-14 18:00:00,2695224.7040434065
2025-04-15 01:00:00,2695224.7040434065
2025-04-15 01:30:00,2696669.9328605114
2025-04-15 02:00:00,2695316.7908486053
2025-04-15 02:30:00,2695316.7908486053
2025-04-15 03:00:00,2695316.7908486053
2025-04-15 05:00:00,2695316.7908486053
2025-04-15 05:30:00,2695255.6399734765
2025-04-15 06:00:00,2693608.473081961
2025-04-15 06:30:00,2693608.473081961
2025-04-15 07:00:00,2693608.473081961
2025-04-15 13:00:00,2693608.473081961
2025-04-15 13:30:00,2695144.0131498524
2025-04-15 14:00:00,2695144.0131498524
2025-04-15 14:30:00,2695144.0131498524
2025-04-15 15:00:00,2695144.0131498524
2025-04-15 15:30:00,2695144.0131498524
2025-04-15 16:00:00,2695144.0131498524
2025-04-15 16:30:00,2695144.0131498524
2025-04-15 17:00:00,2695144.0131498524
2025-04-15 17:30:00,2695144.0131498524
2025-04-15 18:00:00,2695144.0131498524
2025-04-16 01:00:00,2695144.0131498524
2025-04-16 01:30:00,2694714.080671608
2025-04-16 02:00:00,2702401.0557926497
2025-04-16 02:30:00,2702401.0557926497
2025-04-16 03:00:00,2702708.4380019307
2025-04-16 05:00:00,2702708.4380019307
2025-04-16 05:30:00,2702708.4380019307
2025-04-16 06:00:00,2702160.1086444757
2025-04-16 06:30:00,2701432.580281786
2025-04-16 07:00:00,2701432.580281786
2025-04-16 13:00:00,2701432.580281786
2025-04-16 13:30:00,2701456.5747558456
2025-04-16 14:00:00,2702370.708433186
2025-04-16 14:30:00,2699987.8871605154
2025-04-16 15:00:00,2699987.8871605154
2025-04-16 15:30:00,2699987.8871605154
2025-04-16 16:00:00,2699987.8871605154
2025-04-16 16:30:00,2699987.8871605154
2025-04-16 17:00:00,2699987.8871605154
2025-04-16 17:30:00,2699987.8871605154
2025-04-16 18:00:00,2699987.8871605154
2025-04-17 01:00:00,2699987.8871605154
2025-04-17 01:30:00,2699377.9258362004
2025-04-17 02:00:00,2728695.9735160354
2025-04-17 02:30:00,2728695.9735160354
2025-04-17 03:00:00,2728695.9735160354
2025-04-17 05:00:00,2728695.9735160354
2025-04-17 05:30:00,2727465.291440995
2025-04-17 06:00:00,2727465.291440995
2025-04-17 06:30:00,2725985.8447089647
2025-04-17 07:00:00,2725985.8447089647
2025-04-17 13:00:00,2725334.5923509197
2025-04-17 13:30:00,2724777.120546586
2025-04-17 14:00:00,2724777.120546586
2025-04-17 14:30:00,2724480.7245275145
2025-04-17 15:00:00,2724480.7245275145
2025-04-17 15:30:00,2724480.7245275145
2025-04-17 16:00:00,2724480.7245275145
2025-04-17 16:30:00,2723064.674818852
2025-04-17 17:00:00,2723064.674818852
2025-04-17 17:30:00,2723064.674818852
2025-04-17 18:00:00,2723064.674818852
2025-04-18 01:00:00,2723064.674818852
2025-04-18 01:30:00,2735078.2876366014
2025-04-18 02:00:00,2734632.315707228
2025-04-18 02:30:00,2734632.315707228
2025-04-18 03:00:00,2734011.056058524
2025-04-18 05:00:00,2734818.746379896
2025-04-18 05:30:00,2734939.8590494557
2025-04-18 06:00:00,2723915.9514402295
2025-04-18 06:30:00,2722884.098677358
2025-04-18 07:00:00,2722884.098677358
2025-04-18 13:00:00,2722884.098677358
2025-04-18 13:30:00,2721350.145539027
2025-04-18 14:00:00,2721350.145539027
2025-04-18 14:30:00,2718456.528773446
2025-04-18 15:00:00,2716892.1719786525
2025-04-18 15:30:00,2716892.1719786525
2025-04-18 16:00:00,2716892.1719786525
2025-04-18 16:30:00,2716892.1719786525
2025-04-18 17:00:00,2716892.1719786525
2025-04-18 17:30:00,2716892.1719786525
2025-04-18 18:00:00,2716892.1719786525
2025-04-21 01:00:00,2720332.428359949
2025-04-21 01:30:00,2719343.4829778126
2025-04-21 02:00:00,2701393.937969996
2025-04-21 02:30:00,2700872.0437908005
2025-04-21 03:00:00,2699941.6239236523
2025-04-21 05:00:00,2699941.6239236523
2025-04-21 05:30:00,2697622.1991912792
2025-04-21 06:00:00,2696852.7065667356
2025-04-21 06:30:00,2696263.9745723796
2025-04-21 07:00:00,2696263.9745723796
2025-04-21 13:00:00,2696263.9745723796
2025-04-21 13:30:00,2694187.0988446553
2025-04-21 14:00:00,2696313.6204263875
2025-04-21 14:30:00,2696313.6204263875
2025-04-21 15:00:00,2696313.6204263875
2025-04-21 15:30:00,2696313.6204263875
2025-04-21 16:00:00,2696313.6204263875
2025-04-21 16:30:00,2696313.6204263875
2025-04-21 17:00:00,2696313.6204263875
2025-04-21 17:30:00,2696313.6204263875
2025-04-21 18:00:00,2696313.6204263875
2025-04-22 01:00:00,2696313.6204263875
2025-04-22 01:30:00,2694119.2221487546
2025-04-22 02:00:00,2693031.438008073
2025-04-22 02:30:00,2692670.928272512
2025-04-22 03:00:00,2692670.928272512
2025-04-22 05:00:00,2692670.928272512
2025-04-22 05:30:00,2692670.928272512
2025-04-22 06:00:00,2691499.7406805344
2025-04-22 06:30:00,2691499.7406805344
2025-04-22 07:00:00,2691499.7406805344
2025-04-22 13:00:00,2691116.0064690732
2025-04-22 13:30:00,2709658.5099849952
2025-04-22 14:00:00,2709605.838077381
2025-04-22 14:30:00,2707198.406924662
2025-04-22 15:00:00,2707198.406924662
2025-04-22 15:30:00,2707198.406924662
2025-04-22 16:00:00,2707198.406924662
2025-04-22 16:30:00,2707198.406924662
2025-04-22 17:00:00,2706301.3650311516
2025-04-22 17:30:00,2706301.3650311516
2025-04-22 18:00:00,2710789.744987156
2025-04-23 01:00:00,2710789.744987156
2025-04-23 01:30:00,2709831.0484633814
2025-04-23 02:00:00,2709831.0484633814
2025-04-23 02:30:00,2708522.6776367477
2025-04-23 03:00:00,2708162.899289172
2025-04-23 05:00:00,2708162.899289172
2025-04-23 05:30:00,2709686.7535146577
2025-04-23 06:00:00,2709020.4616381107
2025-04-23 06:30:00,2716425.784034676
2025-04-23 07:00:00,2716425.784034676
2025-04-23 13:00:00,2716425.784034676
2025-04-23 13:30:00,2716296.9182698983
2025-04-23 14:00:00,2715842.3689300856
2025-04-23 14:30:00,2714439.8002052917
2025-04-23 15:00:00,2714439.8002052917
2025-04-23 15:30:00,2714439.8002052917
2025-04-23 16:00:00,2714439.8002052917
2025-04-23 16:30:00,2714439.8002052917
2025-04-23 17:00:00,2714439.8002052917
2025-04-23 17:30:00,2714439.8002052917
2025-04-23 18:00:00,2714439.8002052917
2025-04-24 01:00:00,2714439.8002052917
2025-04-24 01:30:00,2718813.134708222
2025-04-24 02:00:00,2728841.5138444374
2025-04-24 02:30:00,2728841.5138444374
2025-04-24 03:00:00,2727722.5554365143
2025-04-24 05:00:00,2724051.247783953
2025-04-24 05:30:00,2724687.1988438317
2025-04-24 06:00:00,2724687.1988438317
2025-04-24 06:30:00,2724687.1988438317
2025-04-24 07:00:00,2724687.1988438317
2025-04-24 13:00:00,2723745.337288075
2025-04-24 13:30:00,2722471.6434685476
2025-04-24 14:00:00,2722716.586344632
2025-04-24 14:30:00,2722026.8589808205
2025-04-24 15:00:00,2722026.8589808205
2025-04-24 15:30:00,2722026.8589808205
2025-04-24 16:00:00,2722026.8589808205
2025-04-24 16:30:00,2721378.400257584
2025-04-24 17:00:00,2721378.400257584
2025-04-24 17:30:00,2721378.400257584
2025-04-24 18:00:00,2721378.400257584
2025-04-25 01:00:00,2721378.400257584
2025-04-25 01:30:00,2720868.1724313507
2025-04-25 02:00:00,2720287.9130632235
2025-04-25 02:30:00,2720287.9130632235
2025-04-25 03:00:00,2720287.9130632235
2025-04-25 05:00:00,2720287.9130632235
2025-04-25 05:30:00,2719774.5979594
2025-04-25 06:00:00,2717739.6917244
2025-04-25 06:30:00,2698113.5825855182
2025-04-25 07:00:00,2698113.5825855182
2025-04-25 13:00:00,2697476.638043139
2025-04-25 13:30:00,2687831.31706749
2025-04-25 14:00:00,2687831.31706749
2025-04-25 14:30:00,2687831.31706749
2025-04-25 15:00:00,2687831.31706749
2025-04-25 15:30:00,2687831.31706749
2025-04-25 16:00:00,2687831.31706749
2025-04-25 16:30:00,2687831.31706749
2025-04-25 17:00:00,2687831.31706749
2025-04-25 17:30:00,2687831.31706749
2025-04-25 18:00:00,2687457.184108988
2025-04-28 01:00:00,2687457.184108988
2025-04-28 01:30:00,2686124.7070676964
2025-04-28 02:00:00,2686124.7070676964
2025-04-28 02:30:00,2686124.7070676964
2025-04-28 03:00:00,2686124.7070676964
2025-04-28 05:00:00,2686124.7070676964
2025-04-28 05:30:00,2686764.3470644
2025-04-28 06:00:00,2684282.4729903075
2025-04-28 06:30:00,2683516.210959048
2025-04-28 07:00:00,2683516.210959048
2025-04-28 13:00:00,2683516.210959048
2025-04-28 13:30:00,2683170.74221154
2025-04-28 14:00:00,2683170.74221154
2025-04-28 14:30:00,2683816.469115612
2025-04-28 15:00:00,2683816.469115612
2025-04-28 15:30:00,2683816.469115612
2025-04-28 16:00:00,2683816.469115612
2025-04-28 16:30:00,2683816.469115612
2025-04-28 17:00:00,2683816.469115612
2025-04-28 17:30:00,2683816.469115612
2025-04-28 18:00:00,2683816.469115612
2025-04-29 01:00:00,2683816.469115612
2025-04-29 01:30:00,2682929.188456548
2025-04-29 02:00:00,2667361.7676394554
2025-04-29 02:30:00,2667420.686025843
2025-04-29 03:00:00,2667420.686025843
2025-04-29 05:00:00,2667420.686025843
2025-04-29 05:30:00,2666400.8854498486
2025-04-29 06:00:00,2666269.2856121967
2025-04-29 06:30:00,2666078.6588238114
2025-04-29 07:00:00,2666078.6588238114
2025-04-29 13:00:00,2664079.3379693185
2025-04-29 13:30:00,2664165.54541649
2025-04-29 14:00:00,2664165.54541649
2025-04-29 14:30:00,2664165.54541649
2025-04-29 15:00:00,2664434.4770209934
2025-04-29 15:30:00,2664434.4770209934
2025-04-29 16:00:00,2664434.4770209934
2025-04-29 16:30:00,2664434.4770209934
2025-04-29 17:00:00,2664434.4770209934
2025-04-29 17:30:00,2664434.4770209934
2025-04-29 18:00:00,2664434.4770209934
2025-04-30 01:00:00,2663370.9388091196
2025-04-30 01:30:00,2662530.1728791287
2025-04-30 02:00:00,2664154.615976579
2025-04-30 02:30:00,2664154.615976579
2025-04-30 03:00:00,2663809.792778437
2025-04-30 05:00:00,2663809.792778437
2025-04-30 05:30:00,2663809.792778437
2025-04-30 06:00:00,2659984.270604846
2025-04-30 06:30:00,2659984.270604846
2025-04-30 07:00:00,2659984.270604846
2025-05-06 01:00:00,2660050.419935506
2025-05-06 01:30:00,2660068.506515587
2025-05-06 02:00:00,2657968.506515587
2025-05-06 02:30:00,2658692.139161726
2025-05-06 03:00:00,2653228.2721849903
2025-05-06 05:00:00,2653228.2721849903
2025-05-06 05:30:00,2653228.2721849903
2025-05-06 06:00:00,2653228.2721849903
2025-05-06 06:30:00,2653228.2721849903
2025-05-06 07:00:00,2653228.2721849903
2025-05-06 13:00:00,2653087.174933701
2025-05-06 13:30:00,2683159.062370227
2025-05-06 14:00:00,2683159.062370227
2025-05-06 14:30:00,2683159.062370227
2025-05-06 15:00:00,2683159.062370227
2025-05-06 15:30:00,2683159.062370227
2025-05-06 16:00:00,2683159.062370227
2025-05-06 16:30:00,2682532.020147453
2025-05-06 17:00:00,2682532.020147453
2025-05-06 17:30:00,2682532.020147453
2025-05-06 18:00:00,2682532.020147453
2025-05-07 01:00:00,2682532.020147453
2025-05-07 01:30:00,2682255.7468487034
2025-05-07 02:00:00,2681154.262388647
2025-05-07 02:30:00,2680694.336876216
2025-05-07 03:00:00,2680248.968211984
2025-05-07 05:00:00,2697046.424830741
2025-05-07 05:30:00,2697046.424830741
2025-05-07 06:00:00,2697685.384698554
2025-05-07 06:30:00,2702761.801519748
2025-05-07 07:00:00,2702761.801519748
2025-05-07 13:00:00,2702761.801519748
2025-05-07 13:30:00,2701295.700732744
2025-05-07 14:00:00,2701295.700732744
2025-05-07 14:30:00,2701295.700732744
2025-05-07 15:00:00,2701295.700732744
2025-05-07 15:30:00,2701295.700732744
2025-05-07 16:00:00,2701295.700732744
2025-05-07 16:30:00,2701295.700732744
2025-05-07 17:00:00,2701295.700732744
2025-05-07 17:30:00,2701295.700732744
2025-05-07 18:00:00,2701295.700732744
2025-05-08 01:00:00,2701295.700732744
2025-05-08 01:30:00,2699910.1530480376
2025-05-08 02:00:00,2699809.4680741164
2025-05-08 02:30:00,2698601.0383733273
2025-05-08 03:00:00,2698601.0383733273
2025-05-08 05:00:00,2698601.0383733273
2025-05-08 05:30:00,2705430.7888073707
2025-05-08 06:00:00,2704369.496688539
2025-05-08 06:30:00,2704369.496688539
2025-05-08 07:00:00,2704369.496688539
2025-05-08 13:00:00,2703770.06716247
2025-05-08 13:30:00,2697360.06716247
2025-05-08 14:00:00,2696410.0731168883
2025-05-08 14:30:00,2695962.4075092925
2025-05-08 15:00:00,2695962.4075092925
2025-05-08 15:30:00,2695962.4075092925
2025-05-08 16:00:00,2695381.3558838116
2025-05-08 16:30:00,2695381.3558838116
2025-05-08 17:00:00,2695381.3558838116
2025-05-08 17:30:00,2695381.3558838116
2025-05-08 18:00:00,2695381.3558838116
2025-05-09 01:00:00,2695381.3558838116
2025-05-09 01:30:00,2694400.1027097777
2025-05-09 02:00:00,2694780.6684458773
2025-05-09 02:30:00,2694780.6684458773
2025-05-09 03:00:00,2694780.6684458773
2025-05-09 05:00:00,2694063.363424274
2025-05-09 05:30:00,2692605.5538510266
2025-05-09 06:00:00,2692260.5538510266
2025-05-09 06:30:00,2692260.5538510266
2025-05-09 07:00:00,2692260.5538510266
2025-05-09 13:00:00,2692260.5538510266
2025-05-09 13:30:00,2690610.5538510266
2025-05-09 14:00:00,2690918.7716403017
2025-05-09 14:30:00,2690918.7716403017
2025-05-09 15:00:00,2689034.054167039
2025-05-09 15:30:00,2689034.054167039
2025-05-09 16:00:00,2686714.054167039
2025-05-09 16:30:00,2686714.054167039
2025-05-09 17:00:00,2686714.054167039
2025-05-09 17:30:00,2686714.054167039
2025-05-09 18:00:00,2686714.054167039
2025-05-12 01:00:00,2685587.1022859463
2025-05-12 01:30:00,2685965.5183577477
2025-05-12 02:00:00,2684565.5183577477
2025-05-12 02:30:00,2684565.5183577477
2025-05-12 03:00:00,2684565.5183577477
2025-05-12 05:00:00,2684565.5183577477
2025-05-12 05:30:00,2684565.5183577477
2025-05-12 06:00:00,2684450.3832034464
2025-05-12 06:30:00,2684450.3832034464
2025-05-12 07:00:00,2684450.3832034464
2025-05-12 13:00:00,2684450.3832034464
2025-05-12 13:30:00,2683235.3832034464
2025-05-12 14:00:00,2683235.3832034464
2025-05-12 14:30:00,2683235.3832034464
2025-05-12 15:00:00,2683235.3832034464
2025-05-12 15:30:00,2683235.3832034464
2025-05-12 16:00:00,2683235.3832034464
2025-05-12 16:30:00,2683235.3832034464
2025-05-12 17:00:00,2683235.3832034464
2025-05-12 17:30:00,2683235.3832034464
2025-05-12 18:00:00,2683235.3832034464
2025-05-13 01:00:00,2682684.51712444
2025-05-13 01:30:00,2690856.240745815
2025-05-13 02:00:00,2690291.3980505816
2025-05-13 02:30:00,2690291.3980505816
2025-05-13 03:00:00,2684515.730254173
2025-05-13 05:00:00,2684515.730254173
2025-05-13 05:30:00,2684515.730254173
2025-05-13 06:00:00,2688101.236697152
2025-05-13 06:30:00,2688101.236697152
2025-05-13 07:00:00,2688101.236697152
2025-05-13 13:00:00,2688101.236697152
2025-05-13 13:30:00,2686925.974413937
2025-05-13 14:00:00,2686925.974413937
2025-05-13 14:30:00,2686137.6100197667
2025-05-13 15:00:00,2686137.6100197667
2025-05-13 15:30:00,2686137.6100197667
2025-05-13 16:00:00,2686137.6100197667
2025-05-13 16:30:00,2686137.6100197667
2025-05-13 17:00:00,2686137.6100197667
2025-05-13 17:30:00,2686137.6100197667
2025-05-13 18:00:00,2686137.6100197667
2025-05-14 01:00:00,2686137.6100197667
2025-05-14 01:30:00,2689367.0655555394
2025-05-14 02:00:00,2689367.0655555394
2025-05-14 02:30:00,2689049.5778643447
2025-05-14 03:00:00,2696930.0503448774
2025-05-14 05:00:00,2696930.0503448774
2025-05-14 05:30:00,2696930.0503448774
2025-05-14 06:00:00,2696930.0503448774
2025-05-14 06:30:00,2696930.0503448774
2025-05-14 07:00:00,2696930.0503448774
2025-05-14 13:00:00,2703831.779957276
2025-05-14 13:30:00,2703299.441136754
2025-05-14 14:00:00,2703299.441136754
2025-05-14 14:30:00,2702421.2295954535
2025-05-14 15:00:00,2702421.2295954535
2025-05-14 15:30:00,2702421.2295954535
2025-05-14 16:00:00,2702421.2295954535
2025-05-14 16:30:00,2702864.7307829964
2025-05-14 17:00:00,2702864.7307829964
2025-05-14 17:30:00,2702864.7307829964
2025-05-14 18:00:00,2702864.7307829964
2025-05-15 01:00:00,2702864.7307829964
2025-05-15 01:30:00,2702864.7307829964
2025-05-15 02:00:00,2705667.366441013
2025-05-15 02:30:00,2705300.2511911388
2025-05-15 03:00:00,2705536.3418208687
2025-05-15 05:00:00,2705536.3418208687
2025-05-15 05:30:00,2705536.3418208687
2025-05-15 06:00:00,2703491.286625655
2025-05-15 06:30:00,2703491.286625655
2025-05-15 07:00:00,2703491.286625655
2025-05-15 13:00:00,2710611.4938345524
2025-05-15 13:30:00,2727671.089077621
2025-05-15 14:00:00,2727617.247291569
2025-05-15 14:30:00,2727617.247291569
2025-05-15 15:00:00,2727617.247291569
2025-05-15 15:30:00,2727617.247291569
2025-05-15 16:00:00,2727617.247291569
2025-05-15 16:30:00,2727617.247291569
2025-05-15 17:00:00,2727617.247291569
2025-05-15 17:30:00,2727617.247291569
2025-05-15 18:00:00,2727617.247291569
2025-05-16 01:00:00,2727245.1377435736
2025-05-16 01:30:00,2727245.1377435736
2025-05-16 02:00:00,2718077.835113439
2025-05-16 02:30:00,2718077.835113439
2025-05-16 03:00:00,2718077.835113439
2025-05-16 05:00:00,2718077.835113439
2025-05-16 05:30:00,2717707.3326458135
2025-05-16 06:00:00,2717707.3326458135
2025-05-16 06:30:00,2717707.3326458135
2025-05-16 07:00:00,2719707.653876479
2025-05-16 13:00:00,2719707.653876479
2025-05-16 13:30:00,2722920.6193740256
2025-05-16 14:00:00,2722920.6193740256
2025-05-16 14:30:00,2722585.5930824806
2025-05-16 15:00:00,2722585.5930824806
2025-05-16 15:30:00,2722585.5930824806
2025-05-16 16:00:00,2722585.5930824806
2025-05-16 16:30:00,2722585.5930824806
2025-05-16 17:00:00,2722585.5930824806
2025-05-16 17:30:00,2722585.5930824806
2025-05-16 18:00:00,2722585.5930824806
2025-05-19 01:00:00,2722585.5930824806
2025-05-19 01:30:00,2719182.656242349
2025-05-19 02:00:00,2719182.656242349
2025-05-19 02:30:00,2719182.656242349
2025-05-19 03:00:00,2725599.5062452923
2025-05-19 05:00:00,2725599.5062452923
2025-05-19 05:30:00,2725599.5062452923
2025-05-19 06:00:00,2725599.5062452923
2025-05-19 06:30:00,2725599.5062452923
2025-05-19 07:00:00,2725599.5062452923
2025-05-19 13:00:00,2725515.105633817
2025-05-19 13:30:00,2725975.528171593
2025-05-19 14:00:00,2725975.528171593
2025-05-19 14:30:00,2725975.528171593
2025-05-19 15:00:00,2726733.6737412037
2025-05-19 15:30:00,2726733.6737412037
2025-05-19 16:00:00,2726733.6737412037
2025-05-19 16:30:00,2726733.6737412037
2025-05-19 17:00:00,2726733.6737412037
2025-05-19 17:30:00,2726733.6737412037
2025-05-19 18:00:00,2726733.6737412037
2025-05-20 01:00:00,2726733.6737412037
2025-05-20 01:30:00,2726733.6737412037
2025-05-20 02:00:00,2726733.6737412037
2025-05-20 02:30:00,2726330.3514136705
2025-05-20 03:00:00,2726380.713946533
2025-05-20 05:00:00,2726380.713946533
2025-05-20 05:30:00,2725399.594527422
2025-05-20 06:00:00,2725399.594527422
2025-05-20 06:30:00,2725399.594527422
2025-05-20 07:00:00,2725399.594527422
2025-05-20 13:00:00,2725399.594527422
2025-05-20 13:30:00,2724799.004866475
2025-05-20 14:00:00,2724799.004866475
2025-05-20 14:30:00,2725708.382234039
2025-05-20 15:00:00,2725708.382234039
2025-05-20 15:30:00,2725708.382234039
2025-05-20 16:00:00,2725708.382234039
2025-05-20 16:30:00,2725708.382234039
2025-05-20 17:00:00,2725708.382234039
2025-05-20 17:30:00,2725708.382234039
2025-05-20 18:00:00,2725629.2169569503
2025-05-21 01:00:00,2725640.6882873466
2025-05-21 01:30:00,2730277.608578225
2025-05-21 02:00:00,2730277.608578225
2025-05-21 02:30:00,2724195.867119347
2025-05-21 03:00:00,2721968.5519578555
2025-05-21 05:00:00,2721968.5519578555
2025-05-21 05:30:00,2721418.5519578555
2025-05-21 06:00:00,2721418.5519578555
2025-05-21 06:30:00,2721418.5519578555
2025-05-21 07:00:00,2721418.5519578555
2025-05-21 13:00:00,2721418.5519578555
2025-05-21 13:30:00,2729660.799434805
2025-05-21 14:00:00,2729660.799434805
2025-05-21 14:30:00,2730101.412685948
2025-05-21 15:00:00,2730101.412685948
2025-05-21 15:30:00,2730101.412685948
2025-05-21 16:00:00,2730101.412685948
2025-05-21 16:30:00,2730101.412685948
2025-05-21 17:00:00,2730101.412685948
2025-05-21 17:30:00,2730101.412685948
2025-05-21 18:00:00,2731754.0648768665
2025-05-22 01:00:00,2731754.0648768665
2025-05-22 01:30:00,2731754.0648768665
2025-05-22 02:00:00,2730837.13682199
2025-05-22 02:30:00,2730837.13682199
2025-05-22 03:00:00,2729160.070404683
2025-05-22 05:00:00,2729160.070404683
2025-05-22 05:30:00,2732016.8082080544
2025-05-22 06:00:00,2732016.8082080544
2025-05-22 06:30:00,2732236.8082080544
2025-05-22 07:00:00,2732236.8082080544
2025-05-22 13:00:00,2730839.1889557196
2025-05-22 13:30:00,2730564.1889557196
2025-05-22 14:00:00,2729497.542850916
2025-05-22 14:30:00,2729497.542850916
2025-05-22 15:00:00,2729497.542850916
2025-05-22 15:30:00,2729497.542850916
2025-05-22 16:00:00,2729497.542850916
2025-05-22 16:30:00,2729129.397429792
2025-05-22 17:00:00,2729129.397429792
2025-05-22 17:30:00,2729129.397429792
2025-05-22 18:00:00,2729129.397429792
2025-05-23 01:00:00,2727778.8200480216
2025-05-23 01:30:00,2727778.8200480216
2025-05-23 02:00:00,2727958.638451769
2025-05-23 02:30:00,2727604.6872934443
2025-05-23 03:00:00,2727604.6872934443
2025-05-23 05:00:00,2727604.6872934443
2025-05-23 05:30:00,2727604.6872934443
2025-05-23 06:00:00,2728450.1457262393
2025-05-23 06:30:00,2728450.1457262393
2025-05-23 07:00:00,2728450.1457262393
2025-05-23 13:00:00,2728450.1457262393
2025-05-23 13:30:00,2728477.2575921007
2025-05-23 14:00:00,2729384.7181903054
2025-05-23 14:30:00,2729599.6349679222
2025-05-23 15:00:00,2729086.74136599
2025-05-23 15:30:00,2729086.74136599
2025-05-23 16:00:00,2729086.74136599
2025-05-23 16:30:00,2729086.74136599
2025-05-23 17:00:00,2729086.74136599
2025-05-23 17:30:00,2729086.74136599
2025-05-23 18:00:00,2729086.74136599
2025-05-26 01:00:00,2729086.74136599
2025-05-26 01:30:00,2729086.74136599
2025-05-26 02:00:00,2728962.6646232274
2025-05-26 02:30:00,2714676.8965269835
2025-05-26 03:00:00,2714254.2927243663
2025-05-26 05:00:00,2714254.2927243663
2025-05-26 05:30:00,2713316.6777406563
2025-05-26 06:00:00,2712255.2034132695
2025-05-26 06:30:00,2709947.9682865194
2025-05-26 07:00:00,2709947.9682865194
2025-05-26 13:00:00,2709297.4702149713
2025-05-26 13:30:00,2716182.2424638527
2025-05-26 14:00:00,2715983.4735817704
2025-05-26 14:30:00,2715983.4735817704
2025-05-26 15:00:00,2715983.4735817704
2025-05-26 15:30:00,2715983.4735817704
2025-05-26 16:00:00,2715983.4735817704
2025-05-26 16:30:00,2715983.4735817704
2025-05-26 17:00:00,2715749.4712908147
2025-05-26 17:30:00,2715749.4712908147
2025-05-26 18:00:00,2715749.4712908147
2025-05-27 01:00:00,2715749.4712908147
2025-05-27 01:30:00,2715426.7381875394
2025-05-27 02:00:00,2717037.6320496886
2025-05-27 02:30:00,2717495.7391378446
2025-05-27 03:00:00,2715136.7040362684
2025-05-27 05:00:00,2715136.7040362684
2025-05-27 05:30:00,2715764.8035446494
2025-05-27 06:00:00,2715350.369265728
2025-05-27 06:30:00,2714459.904507984
2025-05-27 07:00:00,2714459.904507984
2025-05-27 13:00:00,2714459.904507984
2025-05-27 13:30:00,2715714.951388013
2025-05-27 14:00:00,2715190.901171358
2025-05-27 14:30:00,2715190.901171358
2025-05-27 15:00:00,2715190.901171358
2025-05-27 15:30:00,2715190.901171358
2025-05-27 16:00:00,2715190.901171358
2025-05-27 16:30:00,2715500.071905244
2025-05-27 17:00:00,2715500.071905244
2025-05-27 17:30:00,2715500.071905244
2025-05-27 18:00:00,2715500.071905244
2025-05-28 01:00:00,2714061.885142211
2025-05-28 01:30:00,2710787.996047064
2025-05-28 02:00:00,2710787.996047064
2025-05-28 02:30:00,2710787.996047064
2025-05-28 03:00:00,2710787.996047064
2025-05-28 05:00:00,2710787.996047064
2025-05-28 05:30:00,2711835.624837275
2025-05-28 06:00:00,2711975.624837275
2025-05-28 06:30:00,2712891.1662525726
2025-05-28 07:00:00,2712891.1662525726
2025-05-28 13:00:00,2710140.1276370706
2025-05-28 13:30:00,2712692.1033745436
2025-05-28 14:00:00,2712692.1033745436
2025-05-28 14:30:00,2712692.1033745436
2025-05-28 15:00:00,2712692.1033745436
2025-05-28 15:30:00,2712692.1033745436
2025-05-28 16:00:00,2712692.1033745436
2025-05-28 16:30:00,2712692.1033745436
2025-05-28 17:00:00,2712414.5576848676
2025-05-28 17:30:00,2712414.5576848676
2025-05-28 18:00:00,2712414.5576848676
2025-05-29 01:00:00,2710576.573457645
2025-05-29 01:30:00,2710336.573457645
2025-05-29 02:00:00,2718208.125272138
2025-05-29 02:30:00,2720458.445084666
2025-05-29 03:00:00,2720458.445084666
2025-05-29 05:00:00,2720458.445084666
2025-05-29 05:30:00,2720458.445084666
2025-05-29 06:00:00,2718870.6496301778
2025-05-29 06:30:00,2718870.6496301778
2025-05-29 07:00:00,2718870.6496301778
2025-05-29 13:00:00,2718870.6496301778
2025-05-29 13:30:00,2717799.101985132
2025-05-29 14:00:00,2717799.101985132
2025-05-29 14:30:00,2717733.8303974005
2025-05-29 15:00:00,2717733.8303974005
2025-05-29 15:30:00,2717733.8303974005
2025-05-29 16:00:00,2717733.8303974005
2025-05-29 16:30:00,2717733.8303974005
2025-05-29 17:00:00,2717733.8303974005
2025-05-29 17:30:00,2717733.8303974005
2025-05-29 18:00:00,2717733.8303974005
2025-05-30 01:00:00,2716871.0705775465
2025-05-30 01:30:00,2716711.39329413
2025-05-30 02:00:00,2716108.6812220314
2025-05-30 02:30:00,2716732.707366301
2025-05-30 03:00:00,2716451.627832512
2025-05-30 05:00:00,2714631.871740083
2025-05-30 05:30:00,2714032.869185937
2025-05-30 06:00:00,2713812.6867437814
2025-05-30 06:30:00,2713368.66959634
2025-05-30 07:00:00,2713368.66959634
2025-06-03 01:00:00,2712960.461923667
2025-06-03 01:30:00,2703956.7129473113
2025-06-03 02:00:00,2703292.020280691
2025-06-03 02:30:00,2702305.725605808
2025-06-03 03:00:00,2700609.898228642
2025-06-03 05:00:00,2700609.898228642
2025-06-03 05:30:00,2701021.4081059503
2025-06-03 06:00:00,2700744.10605528
2025-06-03 06:30:00,2700744.10605528
2025-06-03 07:00:00,2700744.10605528
2025-06-03 13:00:00,2700744.10605528
2025-06-03 13:30:00,2697724.009259024
2025-06-03 14:00:00,2697724.009259024
2025-06-03 14:30:00,2697724.009259024
2025-06-03 15:00:00,2697724.009259024
2025-06-03 15:30:00,2697724.009259024
2025-06-03 16:00:00,2697724.009259024
2025-06-03 16:30:00,2697724.009259024
2025-06-03 17:00:00,2697724.009259024
2025-06-03 17:30:00,2697724.009259024
2025-06-03 18:00:00,2697724.009259024
2025-06-04 01:00:00,2697724.009259024
2025-06-04 01:30:00,2696840.8379008053
2025-06-04 02:00:00,2698935.105576922
2025-06-04 02:30:00,2697909.9584385403
2025-06-04 03:00:00,2697399.00712237
2025-06-04 05:00:00,2697399.00712237
2025-06-04 05:30:00,2695187.8412560686
2025-06-04 06:00:00,2692631.679741703
2025-06-04 06:30:00,2689573.8633027636
2025-06-04 07:00:00,2689573.8633027636
2025-06-04 13:00:00,2690318.836440639
2025-06-04 13:30:00,2688715.74313323
2025-06-04 14:00:00,2688560.7707404154
2025-06-04 14:30:00,2689655.31251212
2025-06-04 15:00:00,2689655.31251212
2025-06-04 15:30:00,2689655.31251212
2025-06-04 16:00:00,2689655.31251212
2025-06-04 16:30:00,2689655.31251212
2025-06-04 17:00:00,2689655.31251212
2025-06-04 17:30:00,2689655.31251212
2025-06-04 18:00:00,2689655.31251212
2025-06-05 01:00:00,2688497.7487089313
2025-06-05 01:30:00,2685114.630043872
2025-06-05 02:00:00,2683567.3205419537
2025-06-05 02:30:00,2683567.3205419537
2025-06-05 03:00:00,2681805.7377065266
2025-06-05 05:00:00,2681805.7377065266
2025-06-05 05:30:00,2681911.6064821235
2025-06-05 06:00:00,2681911.6064821235
2025-06-05 06:30:00,2681911.6064821235
2025-06-05 07:00:00,2682170.7169039324
2025-06-05 13:00:00,2681407.9028741694
2025-06-05 13:30:00,2679096.347886373
2025-06-05 14:00:00,2679096.347886373
2025-06-05 14:30:00,2682058.1332790707
2025-06-05 15:00:00,2682058.1332790707
2025-06-05 15:30:00,2682058.1332790707
2025-06-05 16:00:00,2682058.1332790707
2025-06-05 16:30:00,2682058.1332790707
2025-06-05 17:00:00,2682058.1332790707
2025-06-05 17:30:00,2682058.1332790707
2025-06-05 18:00:00,2682058.1332790707
2025-06-06 01:00:00,2682058.1332790707
2025-06-06 01:30:00,2678101.116052959
2025-06-06 02:00:00,2678006.552974126
2025-06-06 02:30:00,2678006.552974126
2025-06-06 03:00:00,2677299.7859775345
2025-06-06 05:00:00,2677299.7859775345
2025-06-06 05:30:00,2677436.9463567496
2025-06-06 06:00:00,2674857.370656355
2025-06-06 06:30:00,2674857.370656355
2025-06-06 07:00:00,2674194.4050893304
2025-06-06 13:00:00,2674479.926931258
2025-06-06 13:30:00,2672795.628262991
2025-06-06 14:00:00,2672629.668391057
2025-06-06 14:30:00,2672629.668391057
2025-06-06 15:00:00,2672869.9772193823
2025-06-06 15:30:00,2672869.9772193823
2025-06-06 16:00:00,2672869.9772193823
2025-06-06 16:30:00,2672869.9772193823
2025-06-06 17:00:00,2672869.9772193823
2025-06-06 17:30:00,2672869.9772193823
2025-06-06 18:00:00,2672869.9772193823
2025-06-09 01:00:00,2673269.020341674
2025-06-09 01:30:00,2673032.7653480163
2025-06-09 02:00:00,2673092.491694804
2025-06-09 02:30:00,2673092.491694804
2025-06-09 03:00:00,2672652.0982608157
2025-06-09 05:00:00,2672652.0982608157
2025-06-09 05:30:00,2686989.114635855
2025-06-09 06:00:00,2685494.914613816
2025-06-09 06:30:00,2685494.914613816
2025-06-09 07:00:00,2685494.914613816
2025-06-09 13:00:00,2685580.895723316
2025-06-09 13:30:00,2685702.6631801915
2025-06-09 14:00:00,2686008.1366277793
2025-06-09 14:30:00,2686008.1366277793
2025-06-09 15:00:00,2685532.3809912847
2025-06-09 15:30:00,2685532.3809912847
2025-06-09 16:00:00,2685532.3809912847
2025-06-09 16:30:00,2685532.3809912847
2025-06-09 17:00:00,2685532.3809912847
2025-06-09 17:30:00,2685532.3809912847
2025-06-09 18:00:00,2685532.3809912847
2025-06-10 01:00:00,2685532.3809912847
2025-06-10 01:30:00,2684257.90869404
2025-06-10 02:00:00,2682243.9671722343
2025-06-10 02:30:00,2681940.2616932956
2025-06-10 03:00:00,2680845.7890508412
2025-06-10 05:00:00,2680845.7890508412
2025-06-10 05:30:00,2680126.876416762
2025-06-10 06:00:00,2684506.1174926287
2025-06-10 06:30:00,2684506.1174926287
2025-06-10 07:00:00,2684506.1174926287
2025-06-10 13:00:00,2687204.4096112843
2025-06-10 13:30:00,2686777.795154715
2025-06-10 14:00:00,2686777.795154715
2025-06-10 14:30:00,2686777.795154715
2025-06-10 15:00:00,2683629.728890822
2025-06-10 15:30:00,2683629.728890822
2025-06-10 16:00:00,2683629.728890822
2025-06-10 16:30:00,2683629.728890822
2025-06-10 17:00:00,2683629.728890822
2025-06-10 17:30:00,2683629.728890822
2025-06-10 18:00:00,2683629.728890822
2025-06-11 01:00:00,2683629.728890822
2025-06-11 01:30:00,2683629.728890822
2025-06-11 02:00:00,2679583.402422422
2025-06-11 02:30:00,2679583.402422422
2025-06-11 03:00:00,2679583.402422422
2025-06-11 05:00:00,2679583.402422422
2025-06-11 05:30:00,2678794.047784031
2025-06-11 06:00:00,2677769.7011929126
2025-06-11 06:30:00,2677769.7011929126
2025-06-11 07:00:00,2677769.7011929126
2025-06-11 13:00:00,2677769.7011929126
2025-06-11 13:30:00,2677693.3051641285
2025-06-11 14:00:00,2677693.3051641285
2025-06-11 14:30:00,2677626.3816468944
2025-06-11 15:00:00,2677626.3816468944
2025-06-11 15:30:00,2677626.3816468944
2025-06-11 16:00:00,2677626.3816468944
2025-06-11 16:30:00,2677626.3816468944
2025-06-11 17:00:00,2677626.3816468944
2025-06-11 17:30:00,2677626.3816468944
2025-06-11 18:00:00,2677626.3816468944
2025-06-12 01:00:00,2677626.3816468944
2025-06-12 01:30:00,2669473.0305175637
2025-06-12 02:00:00,2647513.0305175637
2025-06-12 02:30:00,2647142.6426291643
2025-06-12 03:00:00,2646922.19448356
2025-06-12 05:00:00,2646922.19448356
2025-06-12 05:30:00,2646090.249578285
2025-06-12 06:00:00,2645816.3502742974
2025-06-12 06:30:00,2645816.3502742974
2025-06-12 07:00:00,2645461.646127674
2025-06-12 13:00:00,2645921.4217716996
2025-06-12 13:30:00,2651326.497839699
2025-06-12 14:00:00,2651326.497839699
2025-06-12 14:30:00,2651326.497839699
2025-06-12 15:00:00,2651326.497839699
2025-06-12 15:30:00,2651326.497839699
2025-06-12 16:00:00,2651326.497839699
2025-06-12 16:30:00,2651326.497839699
2025-06-12 17:00:00,2651326.497839699
2025-06-12 17:30:00,2651326.497839699
2025-06-12 18:00:00,2651326.497839699
2025-06-13 01:00:00,2652386.9477640865
2025-06-13 01:30:00,2654035.1716928245
2025-06-13 02:00:00,2652915.032045345
2025-06-13 02:30:00,2652562.3903701366
2025-06-13 03:00:00,2655941.5993964034
2025-06-13 05:00:00,2655941.5993964034
2025-06-13 05:30:00,2655941.5993964034
2025-06-13 06:00:00,2657370.69063107
2025-06-13 06:30:00,2657736.926503631
2025-06-13 07:00:00,2657736.926503631
2025-06-13 13:00:00,2656526.941723254
2025-06-13 13:30:00,2656661.1118390653
2025-06-13 14:00:00,2656661.1118390653
2025-06-13 14:30:00,2656661.1118390653
2025-06-13 15:00:00,2656661.1118390653
2025-06-13 15:30:00,2656661.1118390653
2025-06-13 16:00:00,2656661.1118390653
2025-06-13 16:30:00,2656661.1118390653
2025-06-13 17:00:00,2656661.1118390653
2025-06-13 17:30:00,2656661.1118390653
2025-06-13 18:00:00,2656661.1118390653
2025-06-16 01:00:00,2656661.1118390653
2025-06-16 01:30:00,2656396.4550840617
2025-06-16 02:00:00,2651015.266491769
2025-06-16 02:30:00,2650703.434712002
2025-06-16 03:00:00,2650703.434712002
2025-06-16 05:00:00,2650703.434712002
2025-06-16 05:30:00,2650703.434712002
2025-06-16 06:00:00,2650703.434712002
2025-06-16 06:30:00,2650588.650205775
2025-06-16 07:00:00,2650588.650205775
2025-06-16 13:00:00,2649991.34693938
2025-06-16 13:30:00,2649371.0216333084
2025-06-16 14:00:00,2648414.3667253777
2025-06-16 14:30:00,2646769.769335159
2025-06-16 15:00:00,2646769.769335159
2025-06-16 15:30:00,2646769.769335159
2025-06-16 16:00:00,2646769.769335159
2025-06-16 16:30:00,2646769.769335159
2025-06-16 17:00:00,2646769.769335159
2025-06-16 17:30:00,2646769.769335159
2025-06-16 18:00:00,2646769.769335159
2025-06-17 01:00:00,2646579.6507991753
2025-06-17 01:30:00,2644229.6507991753
2025-06-17 02:00:00,2632960.6547014765
2025-06-17 02:30:00,2631797.1654328657
2025-06-17 03:00:00,2628186.7822608054
2025-06-17 05:00:00,2628186.7822608054
2025-06-17 05:30:00,2628186.7822608054
2025-06-17 06:00:00,2628186.7822608054
2025-06-17 06:30:00,2628543.256710942
2025-06-17 07:00:00,2628543.256710942
2025-06-17 13:00:00,2628374.7877241727
2025-06-17 13:30:00,2625755.7828752063
2025-06-17 14:00:00,2625755.7828752063
2025-06-17 14:30:00,2625755.7828752063
2025-06-17 15:00:00,2625082.20945522
2025-06-17 15:30:00,2625082.20945522
2025-06-17 16:00:00,2625082.20945522
2025-06-17 16:30:00,2625082.20945522
2025-06-17 17:00:00,2625082.20945522
2025-06-17 17:30:00,2625082.20945522
2025-06-17 18:00:00,2625082.20945522
2025-06-18 01:00:00,2625082.20945522
2025-06-18 01:30:00,2625047.7585347975
2025-06-18 02:00:00,2626411.0553899896
2025-06-18 02:30:00,2626411.0553899896
2025-06-18 03:00:00,2626411.0553899896
2025-06-18 05:00:00,2626411.0553899896
2025-06-18 05:30:00,2624071.5452523073
2025-06-18 06:00:00,2632312.026393123
2025-06-18 06:30:00,2632086.4501579376
2025-06-18 07:00:00,2632086.4501579376
2025-06-18 13:00:00,2633539.401440917
2025-06-18 13:30:00,2632703.8184162807
2025-06-18 14:00:00,2632703.8184162807
2025-06-18 14:30:00,2633421.0522309025
2025-06-18 15:00:00,2633421.0522309025
2025-06-18 15:30:00,2633421.0522309025
2025-06-18 16:00:00,2633421.0522309025
2025-06-18 16:30:00,2633421.0522309025
2025-06-18 17:00:00,2633421.0522309025
2025-06-18 17:30:00,2633421.0522309025
2025-06-18 18:00:00,2633421.0522309025
2025-06-19 01:00:00,2633421.0522309025
2025-06-19 01:30:00,2632874.494028716
2025-06-19 02:00:00,2632331.585879574
2025-06-19 02:30:00,2631715.035388508
2025-06-19 03:00:00,2630824.022483306
2025-06-19 05:00:00,2630824.022483306
2025-06-19 05:30:00,2630824.022483306
2025-06-19 06:00:00,2630662.299384834
2025-06-19 06:30:00,2630012.9639068
2025-06-19 07:00:00,2630012.9639068
2025-06-19 13:00:00,2629529.4732666793
2025-06-19 13:30:00,2628340.287041284
2025-06-19 14:00:00,2628340.287041284
2025-06-19 14:30:00,2628340.287041284
2025-06-19 15:00:00,2628340.287041284
2025-06-19 15:30:00,2628340.287041284
2025-06-19 16:00:00,2628340.287041284
2025-06-19 16:30:00,2628340.287041284
2025-06-19 17:00:00,2628340.287041284
2025-06-19 17:30:00,2628340.287041284
2025-06-19 18:00:00,2628340.287041284
2025-06-20 01:00:00,2628340.287041284
2025-06-20 01:30:00,2630208.519058477
2025-06-20 02:00:00,2625012.001477814
2025-06-20 02:30:00,2625012.001477814
2025-06-20 03:00:00,2623992.8569079773
2025-06-20 05:00:00,2623992.8569079773
2025-06-20 05:30:00,2622533.492617661
2025-06-20 06:00:00,2621449.8466988266
2025-06-20 06:30:00,2620618.53554023
2025-06-20 07:00:00,2620618.53554023
2025-06-20 13:00:00,2620618.53554023
2025-06-20 13:30:00,2617747.749204794
2025-06-20 14:00:00,2618577.9098517206
2025-06-20 14:30:00,2618577.9098517206
2025-06-20 15:00:00,2618577.9098517206
2025-06-20 15:30:00,2618577.9098517206
2025-06-20 16:00:00,2618577.9098517206
2025-06-20 16:30:00,2618577.9098517206
2025-06-20 17:00:00,2618577.9098517206
2025-06-20 17:30:00,2618577.9098517206
2025-06-20 18:00:00,2618577.9098517206
2025-06-23 01:00:00,2618577.9098517206
2025-06-23 01:30:00,2617867.1333932406
2025-06-23 02:00:00,2617234.700405844
2025-06-23 02:30:00,2615957.340008879
2025-06-23 03:00:00,2615957.340008879
2025-06-23 05:00:00,2615957.340008879
2025-06-23 05:30:00,2615957.340008879
2025-06-23 06:00:00,2607171.5081593324
2025-06-23 06:30:00,2607171.5081593324
2025-06-23 07:00:00,2607171.5081593324
2025-06-23 13:00:00,2605300.0861970475
2025-06-23 13:30:00,2604017.32742476
2025-06-23 14:00:00,2602996.2477755495
2025-06-23 14:30:00,2602996.2477755495
2025-06-23 15:00:00,2602996.2477755495
2025-06-23 15:30:00,2602996.2477755495
2025-06-23 16:00:00,2602996.2477755495
2025-06-23 16:30:00,2598241.3867546557
2025-06-23 17:00:00,2598241.3867546557
2025-06-23 17:30:00,2597192.215992736
2025-06-23 18:00:00,2597192.215992736
2025-06-24 01:00:00,2597192.215992736
2025-06-24 01:30:00,2593382.9512543743
2025-06-24 02:00:00,2600925.5555979577
2025-06-24 02:30:00,2600925.5555979577
2025-06-24 03:00:00,2600925.5555979577
2025-06-24 05:00:00,2600925.5555979577
2025-06-24 05:30:00,2599817.7611353165
2025-06-24 06:00:00,2599817.7611353165
2025-06-24 06:30:00,2599817.7611353165
2025-06-24 07:00:00,2599817.7611353165
2025-06-24 13:00:00,2599817.7611353165
2025-06-24 13:30:00,2599658.5534799593
2025-06-24 14:00:00,2599658.5534799593
2025-06-24 14:30:00,2599787.60660686
2025-06-24 15:00:00,2599787.60660686
2025-06-24 15:30:00,2598996.4895522483
2025-06-24 16:00:00,2598996.4895522483
2025-06-24 16:30:00,2598996.4895522483
2025-06-24 17:00:00,2606410.9142922047
2025-06-24 17:30:00,2606410.9142922047
2025-06-24 18:00:00,2606410.9142922047
2025-06-25 01:00:00,2606410.9142922047
2025-06-25 01:30:00,2606410.9142922047
2025-06-25 02:00:00,2658966.4783006776
2025-06-25 02:30:00,2658975.7122402387
2025-06-25 03:00:00,2658975.7122402387
2025-06-25 05:00:00,2658975.7122402387
2025-06-25 05:30:00,2658975.7122402387
2025-06-25 06:00:00,2658345.030880662
2025-06-25 06:30:00,2658436.5570221115
2025-06-25 07:00:00,2658436.5570221115
2025-06-25 13:00:00,2658436.5570221115
2025-06-25 13:30:00,2659479.374089433
2025-06-25 14:00:00,2659479.374089433
2025-06-25 14:30:00,2664518.600280266
2025-06-25 15:00:00,2664518.600280266
2025-06-25 15:30:00,2664518.600280266
2025-06-25 16:00:00,2664518.600280266
2025-06-25 16:30:00,2664518.600280266
2025-06-25 17:00:00,2664518.600280266
2025-06-25 17:30:00,2664518.600280266
2025-06-25 18:00:00,2664518.600280266
2025-06-26 01:00:00,2664518.600280266
2025-06-26 01:30:00,2663602.2506450904
2025-06-26 02:00:00,2663212.099292574
2025-06-26 02:30:00,2663212.099292574
2025-06-26 03:00:00,2663212.099292574
2025-06-26 05:00:00,2663212.099292574
2025-06-26 05:30:00,2663172.411226379
2025-06-26 06:00:00,2663172.411226379
2025-06-26 06:30:00,2679751.50896824
2025-06-26 07:00:00,2679751.50896824
2025-06-26 13:00:00,2683773.550894029
2025-06-26 13:30:00,2684134.298339254
2025-06-26 14:00:00,2684134.298339254
2025-06-26 14:30:00,2686366.144550182
2025-06-26 15:00:00,2686366.144550182
2025-06-26 15:30:00,2686366.144550182
2025-06-26 16:00:00,2686366.144550182
2025-06-26 16:30:00,2686366.144550182
2025-06-26 17:00:00,2686366.144550182
2025-06-26 17:30:00,2686366.144550182
2025-06-26 18:00:00,2686366.144550182
2025-06-27 01:00:00,2686366.144550182
2025-06-27 01:30:00,2686366.144550182
2025-06-27 02:00:00,2693094.485618799
2025-06-27 02:30:00,2693094.485618799
2025-06-27 03:00:00,2693094.485618799
2025-06-27 05:00:00,2693094.485618799
2025-06-27 05:30:00,2693872.0575895566
2025-06-27 06:00:00,2693622.897124815
2025-06-27 06:30:00,2693622.897124815
2025-06-27 07:00:00,2693622.897124815
2025-06-27 13:00:00,2692963.0400284906
2025-06-27 13:30:00,2691862.1326081804
2025-06-27 14:00:00,2697290.9576742663
2025-06-27 14:30:00,2697290.9576742663
2025-06-27 15:00:00,2697290.9576742663
2025-06-27 15:30:00,2697290.9576742663
2025-06-27 16:00:00,2697290.9576742663
2025-06-27 16:30:00,2697290.9576742663
2025-06-27 17:00:00,2697290.9576742663
2025-06-27 17:30:00,2697290.9576742663
2025-06-27 18:00:00,2697290.9576742663
2025-06-30 01:00:00,2697290.9576742663
2025-06-30 01:30:00,2730127.1595866526
2025-06-30 02:00:00,2734504.284218688
2025-06-30 02:30:00,2734504.284218688
2025-06-30 03:00:00,2735131.5327797667
2025-06-30 05:00:00,2735131.5327797667
2025-06-30 05:30:00,2734654.3585058013
2025-06-30 06:00:00,2734311.0509282327
2025-06-30 06:30:00,2734311.0509282327
2025-06-30 07:00:00,2734311.0509282327
2025-06-30 13:00:00,2734311.0509282327
2025-06-30 13:30:00,2733665.317121872
2025-06-30 14:00:00,2733665.317121872
2025-06-30 14:30:00,2733665.317121872
2025-06-30 15:00:00,2733665.317121872
2025-06-30 15:30:00,2733665.317121872
2025-06-30 16:00:00,2733665.317121872
2025-06-30 16:30:00,2733665.317121872
2025-06-30 17:00:00,2733665.317121872
2025-06-30 17:30:00,2733665.317121872
2025-06-30 18:00:00,2733665.317121872
2025-07-01 01:00:00,2733665.317121872
2025-07-01 01:30:00,2732597.0573065877
2025-07-01 02:00:00,2732504.0502660573
2025-07-01 02:30:00,2732504.0502660573
2025-07-01 03:00:00,2732504.0502660573
2025-07-01 05:00:00,2732504.0502660573
2025-07-01 05:30:00,2732005.903562272
2025-07-01 06:00:00,2732005.903562272
2025-07-01 06:30:00,2731520.8528299793
2025-07-01 07:00:00,2731520.8528299793
2025-07-01 13:00:00,2731520.8528299793
2025-07-01 13:30:00,2733067.088316934
2025-07-01 14:00:00,2733067.088316934
2025-07-01 14:30:00,2733067.088316934
2025-07-01 15:00:00,2731695.172283425
2025-07-01 15:30:00,2732147.9824674022
2025-07-01 16:00:00,2732147.9824674022
2025-07-01 16:30:00,2732147.9824674022
2025-07-01 17:00:00,2732147.9824674022
2025-07-01 17:30:00,2732147.9824674022
2025-07-01 18:00:00,2732147.9824674022
2025-07-02 01:00:00,2731178.74609082
2025-07-02 01:30:00,2731372.114242998
2025-07-02 02:00:00,2730932.114242998
2025-07-02 02:30:00,2731014.8701769914
2025-07-02 03:00:00,2725500.311899949
2025-07-02 05:00:00,2725500.311899949
2025-07-02 05:30:00,2725500.311899949
2025-07-02 06:00:00,2725359.4594013127
2025-07-02 06:30:00,2725359.4594013127
2025-07-02 07:00:00,2725359.4594013127
2025-07-02 13:00:00,2725947.271645845
2025-07-02 13:30:00,2723829.741954754
2025-07-02 14:00:00,2726717.6977787158
2025-07-02 14:30:00,2725850.8979709167
2025-07-02 15:00:00,2725850.8979709167
2025-07-02 15:30:00,2725850.8979709167
2025-07-02 16:00:00,2725850.8979709167
2025-07-02 16:30:00,2725850.8979709167
2025-07-02 17:00:00,2725850.8979709167
2025-07-02 17:30:00,2725850.8979709167
2025-07-02 18:00:00,2725850.8979709167
2025-07-03 01:00:00,2725850.8979709167
2025-07-03 01:30:00,2727580.7474823124
2025-07-03 02:00:00,2729314.857361522
2025-07-03 02:30:00,2729314.857361522
2025-07-03 03:00:00,2729314.857361522
2025-07-03 05:00:00,2729314.857361522
2025-07-03 05:30:00,2728790.9989122627
2025-07-03 06:00:00,2728880.9989122627
2025-07-03 06:30:00,2728615.5249498854
2025-07-03 07:00:00,2728615.5249498854
2025-07-03 13:00:00,2728615.5249498854
2025-07-03 13:30:00,2727967.9086476304
2025-07-03 14:00:00,2727967.9086476304
2025-07-03 14:30:00,2727967.9086476304
2025-07-03 15:00:00,2727967.9086476304
2025-07-03 15:30:00,2727967.9086476304
2025-07-03 16:00:00,2727967.9086476304
2025-07-03 16:30:00,2727967.9086476304
2025-07-03 17:00:00,2727967.9086476304
2025-07-03 17:30:00,2727967.9086476304
2025-07-03 18:00:00,2727967.9086476304
2025-07-04 01:00:00,2726940.109419536
2025-07-04 01:30:00,2726753.3921246133
2025-07-04 02:00:00,2722138.342687488
2025-07-04 02:30:00,2722138.342687488
2025-07-04 03:00:00,2722138.342687488
2025-07-04 05:00:00,2715596.197232818
2025-07-04 05:30:00,2708591.8675847645
2025-07-04 06:00:00,2728735.7230356736
2025-07-04 06:30:00,2711884.4011699073
2025-07-04 07:00:00,2711884.4011699073
2025-07-04 13:00:00,2711884.4011699073
2025-07-04 13:30:00,2711884.4011699073
2025-07-04 14:00:00,2711278.337136371
2025-07-04 14:30:00,2711278.337136371
2025-07-04 15:00:00,2711278.337136371
2025-07-04 15:30:00,2711278.337136371
2025-07-04 16:00:00,2711278.337136371
2025-07-04 16:30:00,2711278.337136371
2025-07-04 17:00:00,2711278.337136371
2025-07-04 17:30:00,2711278.337136371
2025-07-04 18:00:00,2711278.337136371
2025-07-07 01:00:00,2711278.337136371
2025-07-07 01:30:00,2711278.337136371
2025-07-07 02:00:00,2710307.231538689
2025-07-07 02:30:00,2710307.231538689
2025-07-07 03:00:00,2710307.231538689
2025-07-07 05:00:00,2710307.231538689
2025-07-07 05:30:00,2710307.231538689
2025-07-07 06:00:00,2710770.5356720146
2025-07-07 06:30:00,2709525.1063697897
2025-07-07 07:00:00,2709525.1063697897
2025-07-07 13:00:00,2709256.223813306
2025-07-07 13:30:00,2710666.343946551
2025-07-07 14:00:00,2708462.4499356034
2025-07-07 14:30:00,2708462.4499356034
2025-07-07 15:00:00,2708462.4499356034
2025-07-07 15:30:00,2708462.4499356034
2025-07-07 16:00:00,2708462.4499356034
2025-07-07 16:30:00,2708462.4499356034
2025-07-07 17:00:00,2708462.4499356034
2025-07-07 17:30:00,2708462.4499356034
2025-07-07 18:00:00,2708462.4499356034
2025-07-08 01:00:00,2707673.9662433937
2025-07-08 01:30:00,2707673.9662433937
2025-07-08 02:00:00,2692287.8365505915
2025-07-08 02:30:00,2692287.8365505915
2025-07-08 03:00:00,2692287.8365505915
2025-07-08 05:00:00,2692287.8365505915
2025-07-08 05:30:00,2692287.8365505915
2025-07-08 06:00:00,2692287.8365505915
2025-07-08 06:30:00,2692528.851053755
2025-07-08 07:00:00,2692528.851053755
2025-07-08 13:00:00,2692528.851053755
2025-07-08 13:30:00,2691813.3666258357
2025-07-08 14:00:00,2691354.5685021644
2025-07-08 14:30:00,2691354.5685021644
2025-07-08 15:00:00,2691354.5685021644
2025-07-08 15:30:00,2691354.5685021644
2025-07-08 16:00:00,2691354.5685021644
2025-07-08 16:30:00,2691354.5685021644
2025-07-08 17:00:00,2691354.5685021644
2025-07-08 17:30:00,2693365.119844343
2025-07-08 18:00:00,2693365.119844343
2025-07-09 01:00:00,2692806.6869771616
2025-07-09 01:30:00,2697856.8718161047
2025-07-09 02:00:00,2697223.397078116
2025-07-09 02:30:00,2697223.397078116
2025-07-09 03:00:00,2696704.318029947
2025-07-09 05:00:00,2696704.318029947
2025-07-09 05:30:00,2696704.318029947
2025-07-09 06:00:00,2696053.7919208617
2025-07-09 06:30:00,2701185.182203962
2025-07-09 07:00:00,2701185.182203962
2025-07-09 13:00:00,2700535.7674154406
2025-07-09 13:30:00,2697645.1049498
2025-07-09 14:00:00,2697645.1049498
2025-07-09 14:30:00,2697645.1049498
2025-07-09 15:00:00,2697645.1049498
2025-07-09 15:30:00,2697645.1049498
2025-07-09 16:00:00,2697645.1049498
2025-07-09 16:30:00,2697645.1049498
2025-07-09 17:00:00,2697645.1049498
2025-07-09 17:30:00,2697645.1049498
2025-07-09 18:00:00,2697645.1049498
2025-07-10 01:00:00,2698542.204988954
2025-07-10 01:30:00,2701579.366861327
2025-07-10 02:00:00,2707360.4372957787
2025-07-10 02:30:00,2707360.4372957787
2025-07-10 03:00:00,2707360.4372957787
2025-07-10 05:00:00,2707360.4372957787
2025-07-10 05:30:00,2704357.0834621694
2025-07-10 06:00:00,2705049.4846354355
2025-07-10 06:30:00,2705062.918918272
2025-07-10 07:00:00,2705062.918918272
2025-07-10 13:00:00,2704793.825508612
2025-07-10 13:30:00,2705834.1972893793
2025-07-10 14:00:00,2705834.1972893793
2025-07-10 14:30:00,2705834.1972893793
2025-07-10 15:00:00,2705834.1972893793
2025-07-10 15:30:00,2705834.1972893793
2025-07-10 16:00:00,2705834.1972893793
2025-07-10 16:30:00,2705834.1972893793
2025-07-10 17:00:00,2705834.1972893793
2025-07-10 17:30:00,2705834.1972893793
2025-07-10 18:00:00,2705834.1972893793
2025-07-11 01:00:00,2706500.595308396
2025-07-11 01:30:00,2707110.711645256
2025-07-11 02:00:00,2709361.501312992
2025-07-11 02:30:00,2709361.501312992
2025-07-11 03:00:00,2709361.501312992
2025-07-11 05:00:00,2709361.501312992
2025-07-11 05:30:00,2710157.1216422804
2025-07-11 06:00:00,2712745.5616100132
2025-07-11 06:30:00,2712745.5616100132
2025-07-11 07:00:00,2712745.5616100132
2025-07-11 13:00:00,2715073.3165860376
2025-07-11 13:30:00,2714164.7539174194
2025-07-11 14:00:00,2718163.1682714853
2025-07-11 14:30:00,2718163.1682714853
2025-07-11 15:00:00,2718163.1682714853
2025-07-11 15:30:00,2718163.1682714853
2025-07-11 16:00:00,2718163.1682714853
2025-07-11 16:30:00,2718163.1682714853
2025-07-11 17:00:00,2718163.1682714853
2025-07-11 17:30:00,2718163.1682714853
2025-07-11 18:00:00,2718163.1682714853
2025-07-14 01:00:00,2717345.0077613806
2025-07-14 01:30:00,2729658.326479894
2025-07-14 02:00:00,2728948.9400695674
2025-07-14 02:30:00,2728948.9400695674
2025-07-14 03:00:00,2726614.1051336774
2025-07-14 05:00:00,2726614.1051336774
2025-07-14 05:30:00,2726798.253868886
2025-07-14 06:00:00,2725158.253868886
2025-07-14 06:30:00,2725158.253868886
2025-07-14 07:00:00,2725158.253868886
2025-07-14 13:00:00,2725158.253868886
2025-07-14 13:30:00,2725158.253868886
2025-07-14 14:00:00,2725158.253868886
2025-07-14 14:30:00,2724579.108906943
2025-07-14 15:00:00,2727364.7779389555
2025-07-14 15:30:00,2727364.7779389555
2025-07-14 16:00:00,2727364.7779389555
2025-07-14 16:30:00,2727364.7779389555
2025-07-14 17:00:00,2727364.7779389555
2025-07-14 17:30:00,2727364.7779389555
2025-07-14 18:00:00,2727364.7779389555
2025-07-15 01:00:00,2725982.7047465686
2025-07-15 01:30:00,2723230.5622807555
2025-07-15 02:00:00,2723230.5622807555
2025-07-15 02:30:00,2723230.5622807555
2025-07-15 03:00:00,2722042.5624252846
2025-07-15 05:00:00,2722042.5624252846
2025-07-15 05:30:00,2722042.5624252846
2025-07-15 06:00:00,2722042.5624252846
2025-07-15 06:30:00,2719242.5624252846
2025-07-15 07:00:00,2719242.5624252846
2025-07-15 13:00:00,2720044.6230462957
2025-07-15 13:30:00,2719701.7900529234
2025-07-15 14:00:00,2719701.7900529234
2025-07-15 14:30:00,2719701.7900529234
2025-07-15 15:00:00,2719701.7900529234
2025-07-15 15:30:00,2719893.4775616257
2025-07-15 16:00:00,2719893.4775616257
2025-07-15 16:30:00,2719893.4775616257
2025-07-15 17:00:00,2719893.4775616257
2025-07-15 17:30:00,2719893.4775616257
2025-07-15 18:00:00,2719893.4775616257
2025-07-16 01:00:00,2719893.4775616257
2025-07-16 01:30:00,2721887.0312489895
2025-07-16 02:00:00,2721887.0312489895
2025-07-16 02:30:00,2721569.1366842478
2025-07-16 03:00:00,2713012.4094546726
2025-07-16 05:00:00,2713012.4094546726
2025-07-16 05:30:00,2704144.1196023775
2025-07-16 06:00:00,2704144.1196023775
2025-07-16 06:30:00,2703628.5973043265
2025-07-16 07:00:00,2703628.5973043265
2025-07-16 13:00:00,2703628.5973043265
2025-07-16 13:30:00,2703228.5973043265
2025-07-16 14:00:00,2703228.5973043265
2025-07-16 14:30:00,2703228.5973043265
2025-07-16 15:00:00,2701209.1005685786
2025-07-16 15:30:00,2701209.1005685786
2025-07-16 16:00:00,2701374.8825188563
2025-07-16 16:30:00,2701374.8825188563
2025-07-16 17:00:00,2701374.8825188563
2025-07-16 17:30:00,2701374.8825188563
2025-07-16 18:00:00,2701374.8825188563
2025-07-17 01:00:00,2701374.8825188563
2025-07-17 01:30:00,2701026.5639003743
2025-07-17 02:00:00,2701026.5639003743
2025-07-17 02:30:00,2700376.5639003743
2025-07-17 03:00:00,2700590.4675010205
2025-07-17 05:00:00,2700590.4675010205
2025-07-17 05:30:00,2703931.3476988696
2025-07-17 06:00:00,2704388.7869563783
2025-07-17 06:30:00,2704388.7869563783
2025-07-17 07:00:00,2704388.7869563783
2025-07-17 13:00:00,2704135.090281245
2025-07-17 13:30:00,2703105.090281245
2025-07-17 14:00:00,2703105.090281245
2025-07-17 14:30:00,2703105.090281245
2025-07-17 15:00:00,2703105.090281245
2025-07-17 15:30:00,2703105.090281245
2025-07-17 16:00:00,2703105.090281245
2025-07-17 16:30:00,2703105.090281245
2025-07-17 17:00:00,2703105.090281245
2025-07-17 17:30:00,2703105.090281245
2025-07-17 18:00:00,2703105.090281245
2025-07-18 01:00:00,2703105.090281245
2025-07-18 01:30:00,2706637.558316106
2025-07-18 02:00:00,2706637.558316106
2025-07-18 02:30:00,2706129.9521806003
2025-07-18 03:00:00,2709550.2400409607
2025-07-18 05:00:00,2709550.2400409607
2025-07-18 05:30:00,2700794.369278186
2025-07-18 06:00:00,2702261.352166611
2025-07-18 06:30:00,2701644.3267422547
2025-07-18 07:00:00,2701644.3267422547
2025-07-18 13:00:00,2700686.545182717
2025-07-18 13:30:00,2696566.545182717
2025-07-18 14:00:00,2695910.5195361967
2025-07-18 14:30:00,2695910.5195361967
2025-07-18 15:00:00,2695910.5195361967
2025-07-18 15:30:00,2696543.9235962327
2025-07-18 16:00:00,2696543.9235962327
2025-07-18 16:30:00,2696543.9235962327
2025-07-18 17:00:00,2696543.9235962327
2025-07-18 17:30:00,2696543.9235962327
2025-07-18 18:00:00,2696543.9235962327
2025-07-21 01:00:00,2696543.9235962327
2025-07-21 01:30:00,2701672.039123601
2025-07-21 02:00:00,2701672.039123601
2025-07-21 02:30:00,2701672.039123601
2025-07-21 03:00:00,2701672.039123601
2025-07-21 05:00:00,2723338.9751381627
2025-07-21 05:30:00,2723338.9751381627
2025-07-21 06:00:00,2723338.9751381627
2025-07-21 06:30:00,2723338.9751381627
2025-07-21 07:00:00,2722949.3532215855
2025-07-21 13:00:00,2722949.3532215855
2025-07-21 13:30:00,2722214.3532215855
2025-07-21 14:00:00,2722214.3532215855
2025-07-21 14:30:00,2722214.3532215855
2025-07-21 15:00:00,2722214.3532215855
2025-07-21 15:30:00,2722214.3532215855
2025-07-21 16:00:00,2721377.9956172537
2025-07-21 16:30:00,2721377.9956172537
2025-07-21 17:00:00,2721377.9956172537
2025-07-21 17:30:00,2721377.9956172537
2025-07-21 18:00:00,2721377.9956172537
2025-07-22 01:00:00,2721377.9956172537
2025-07-22 01:30:00,2721754.347061298
2025-07-22 02:00:00,2727077.147465217
2025-07-22 02:30:00,2728232.015918224
2025-07-22 03:00:00,2730746.0480995784
2025-07-22 05:00:00,2730746.0480995784
2025-07-22 05:30:00,2730746.0480995784
2025-07-22 06:00:00,2730356.110466028
2025-07-22 06:30:00,2730356.110466028
2025-07-22 07:00:00,2730356.110466028
2025-07-22 13:00:00,2730356.110466028
2025-07-22 13:30:00,2730356.110466028
2025-07-22 14:00:00,2742579.878921155
2025-07-22 14:30:00,2742579.878921155
2025-07-22 15:00:00,2742579.878921155
2025-07-22 15:30:00,2742579.878921155
2025-07-22 16:00:00,2742579.878921155
2025-07-22 16:30:00,2742579.878921155
2025-07-22 17:00:00,2742579.878921155
2025-07-22 17:30:00,2742579.878921155
2025-07-22 18:00:00,2742579.878921155
2025-07-23 01:00:00,2742579.878921155
2025-07-23 01:30:00,2742579.878921155
2025-07-23 02:00:00,2752326.736075192
2025-07-23 02:30:00,2753152.179290525
2025-07-23 03:00:00,2752382.8403098835
2025-07-23 05:00:00,2751690.5947475648
2025-07-23 05:30:00,2751690.5947475648
2025-07-23 06:00:00,2751690.5947475648
2025-07-23 06:30:00,2806963.1213728036
2025-07-23 07:00:00,2806963.1213728036
2025-07-23 13:00:00,2806963.1213728036
2025-07-23 13:30:00,2806963.1213728036
2025-07-23 14:00:00,2806579.0825890293
2025-07-23 14:30:00,2805115.707067669
2025-07-23 15:00:00,2805115.707067669
2025-07-23 15:30:00,2805115.707067669
2025-07-23 16:00:00,2805115.707067669
2025-07-23 16:30:00,2805115.707067669
2025-07-23 17:00:00,2805115.707067669
2025-07-23 17:30:00,2805115.707067669
2025-07-23 18:00:00,2805115.707067669
2025-07-24 01:00:00,2804720.2072635298
2025-07-24 01:30:00,2803311.20701954
2025-07-24 02:00:00,2803311.20701954
2025-07-24 02:30:00,2803311.20701954
2025-07-24 03:00:00,2802918.085666301
2025-07-24 05:00:00,2802918.085666301
2025-07-24 05:30:00,2802918.085666301
2025-07-24 06:00:00,2802918.085666301
2025-07-24 06:30:00,2802246.526186668
2025-07-24 07:00:00,2802246.526186668
2025-07-24 13:00:00,2803741.500767638
2025-07-24 13:30:00,2803158.633991358
2025-07-24 14:00:00,2799917.8960976414
2025-07-24 14:30:00,2799917.8960976414
2025-07-24 15:00:00,2799917.8960976414
2025-07-24 15:30:00,2799917.8960976414
2025-07-24 16:00:00,2799917.8960976414
2025-07-24 16:30:00,2799917.8960976414
2025-07-24 17:00:00,2797937.701205491
2025-07-24 17:30:00,2797937.701205491
2025-07-24 18:00:00,2797937.701205491
2025-07-25 01:00:00,2798491.478235139
2025-07-25 01:30:00,2794081.288520221
2025-07-25 02:00:00,2793317.2983808974
2025-07-25 02:30:00,2793317.2983808974
2025-07-25 03:00:00,2792611.678804314
2025-07-25 05:00:00,2792611.678804314
2025-07-25 05:30:00,2792240.791015921
2025-07-25 06:00:00,2795428.0849958556
2025-07-25 06:30:00,2795263.0969529003
2025-07-25 07:00:00,2795263.0969529003
2025-07-25 13:00:00,2794597.9209316657
2025-07-25 13:30:00,2799650.1561006107
2025-07-25 14:00:00,2799743.280526366
2025-07-25 14:30:00,2798672.13034009
2025-07-25 15:00:00,2797652.7520821365
2025-07-25 15:30:00,2797652.7520821365
2025-07-25 16:00:00,2797652.7520821365
2025-07-25 16:30:00,2797652.7520821365
2025-07-25 17:00:00,2797652.7520821365
2025-07-25 17:30:00,2797652.7520821365
2025-07-25 18:00:00,2797652.7520821365
2025-07-28 01:00:00,2797341.000459853
2025-07-28 01:30:00,2798523.7190828067
2025-07-28 02:00:00,2798523.7190828067
2025-07-28 02:30:00,2802223.8983045695
2025-07-28 03:00:00,2802223.8983045695
2025-07-28 05:00:00,2802223.8983045695
2025-07-28 05:30:00,2802223.8983045695
2025-07-28 06:00:00,2802223.8983045695
2025-07-28 06:30:00,2799559.801226477
2025-07-28 07:00:00,2799559.801226477
2025-07-28 13:00:00,2799526.0550957653
2025-07-28 13:30:00,2800273.3240030603
2025-07-28 14:00:00,2800311.493882919
2025-07-28 14:30:00,2800311.493882919
2025-07-28 15:00:00,2800311.493882919
2025-07-28 15:30:00,2800311.493882919
2025-07-28 16:00:00,2800311.493882919
2025-07-28 16:30:00,2800311.493882919
2025-07-28 17:00:00,2800311.493882919
2025-07-28 17:30:00,2800311.493882919
2025-07-28 18:00:00,2800311.493882919
2025-07-29 01:00:00,2800311.493882919
2025-07-29 01:30:00,2800311.493882919
2025-07-29 02:00:00,2799988.7244124296
2025-07-29 02:30:00,2799988.7244124296
2025-07-29 03:00:00,2803300.9675500463
2025-07-29 05:00:00,2803300.9675500463
2025-07-29 05:30:00,2803300.9675500463
2025-07-29 06:00:00,2807001.767086299
2025-07-29 06:30:00,2807001.767086299
2025-07-29 07:00:00,2807001.767086299
2025-07-29 13:00:00,2807001.767086299
2025-07-29 13:30:00,2807001.767086299
2025-07-29 14:00:00,2807001.767086299
2025-07-29 14:30:00,2807001.767086299
2025-07-29 15:00:00,2807001.767086299
2025-07-29 15:30:00,2807001.767086299
2025-07-29 16:00:00,2807001.767086299
2025-07-29 16:30:00,2807001.767086299
2025-07-29 17:00:00,2807001.767086299
2025-07-29 17:30:00,2807001.767086299
2025-07-29 18:00:00,2807001.767086299
2025-07-30 01:00:00,2806788.409260883
2025-07-30 01:30:00,2809362.309469608
2025-07-30 02:00:00,2802834.175748105
2025-07-30 02:30:00,2802834.175748105
2025-07-30 03:00:00,2802514.3867628546
2025-07-30 05:00:00,2801886.92914432
2025-07-30 05:30:00,2801886.92914432
2025-07-30 06:00:00,2800430.575612937
2025-07-30 06:30:00,2800430.575612937
2025-07-30 07:00:00,2800430.575612937
2025-07-30 13:00:00,2800430.575612937
2025-07-30 13:30:00,2800701.542566892
2025-07-30 14:00:00,2800701.542566892
2025-07-30 14:30:00,2800701.542566892
2025-07-30 15:00:00,2800701.542566892
2025-07-30 15:30:00,2800701.542566892
2025-07-30 16:00:00,2800701.542566892
2025-07-30 16:30:00,2800701.542566892
2025-07-30 17:00:00,2800701.542566892
2025-07-30 17:30:00,2798734.9105366385
2025-07-30 18:00:00,2799999.3621274866
2025-07-31 01:00:00,2817037.166640703
2025-07-31 01:30:00,2815630.805834634
2025-07-31 02:00:00,2815630.805834634
2025-07-31 02:30:00,2816961.1034713616
2025-07-31 03:00:00,2816488.791794865
2025-07-31 05:00:00,2816488.791794865
2025-07-31 05:30:00,2816099.516539835
2025-07-31 06:00:00,2816399.516539835
2025-07-31 06:30:00,2816399.516539835
2025-07-31 07:00:00,2816399.516539835
2025-07-31 13:00:00,2816399.516539835
2025-07-31 13:30:00,2807246.095879262
2025-07-31 14:00:00,2808059.1184520116
2025-07-31 14:30:00,2808712.4097133595
2025-07-31 15:00:00,2808712.4097133595
2025-07-31 15:30:00,2808712.4097133595
2025-07-31 16:00:00,2808712.4097133595
2025-07-31 16:30:00,2808712.4097133595
2025-07-31 17:00:00,2808712.4097133595
2025-07-31 17:30:00,2808712.4097133595
2025-07-31 18:00:00,2808712.4097133595
2025-08-01 01:00:00,2808877.1869327156
2025-08-01 01:30:00,2810058.546455308
2025-08-01 02:00:00,2811780.617335625
2025-08-01 02:30:00,2815684.968389989
2025-08-01 03:00:00,2814377.579446724
2025-08-01 05:00:00,2814377.579446724
2025-08-01 05:30:00,2815265.3675538087
2025-08-01 06:00:00,2815265.3675538087
2025-08-01 06:30:00,2815265.3675538087
2025-08-01 07:00:00,2815265.3675538087
2025-08-01 13:00:00,2815265.3675538087
2025-08-01 13:30:00,2821623.2825557343
2025-08-01 14:00:00,2821623.2825557343
2025-08-01 14:30:00,2821290.988956879
2025-08-01 15:00:00,2821290.988956879
2025-08-01 15:30:00,2821290.988956879
2025-08-01 16:00:00,2821290.988956879
2025-08-01 16:30:00,2821290.988956879
2025-08-01 17:00:00,2821290.988956879
2025-08-01 17:30:00,2821290.988956879
2025-08-01 18:00:00,2821290.988956879
2025-08-04 01:00:00,2821290.988956879
2025-08-04 01:30:00,2824036.9470353704
2025-08-04 02:00:00,2820543.1091236793
2025-08-04 02:30:00,2820543.1091236793
2025-08-04 03:00:00,2819754.1513311695
2025-08-04 05:00:00,2833870.3346064836
2025-08-04 05:30:00,2833613.5988724288
2025-08-04 06:00:00,2835226.6089011836
2025-08-04 06:30:00,2862616.878490891
2025-08-04 07:00:00,2862616.878490891
2025-08-04 13:00:00,2862616.878490891
2025-08-04 13:30:00,2866834.974105955
2025-08-04 14:00:00,2866062.0997859854
2025-08-04 14:30:00,2866062.0997859854
2025-08-04 15:00:00,2866062.0997859854
2025-08-04 15:30:00,2866062.0997859854
2025-08-04 16:00:00,2866062.0997859854
2025-08-04 16:30:00,2866062.0997859854
2025-08-04 17:00:00,2868831.1613419377
2025-08-04 17:30:00,2868831.1613419377
2025-08-04 18:00:00,2868831.1613419377
2025-08-05 01:00:00,2868831.1613419377
2025-08-05 01:30:00,2868831.1613419377
2025-08-05 02:00:00,2868856.351225529
2025-08-05 02:30:00,2868856.351225529
2025-08-05 03:00:00,2870105.2345079
2025-08-05 05:00:00,2870105.2345079
2025-08-05 05:30:00,2870105.2345079
2025-08-05 06:00:00,2866670.777386504
2025-08-05 06:30:00,2865500.7654920137
2025-08-05 07:00:00,2865500.7654920137
2025-08-05 13:00:00,2865500.7654920137
2025-08-05 13:30:00,2864899.703743745
2025-08-05 14:00:00,2864899.703743745
2025-08-05 14:30:00,2865610.293103727
2025-08-05 15:00:00,2865610.293103727
2025-08-05 15:30:00,2865610.293103727
2025-08-05 16:00:00,2865610.293103727
2025-08-05 16:30:00,2865610.293103727
2025-08-05 17:00:00,2865610.293103727
2025-08-05 17:30:00,2865610.293103727
2025-08-05 18:00:00,2865610.293103727
2025-08-06 01:00:00,2864871.3185962313
2025-08-06 01:30:00,2864871.3185962313
2025-08-06 02:00:00,2863363.059163595
2025-08-06 02:30:00,2863363.059163595
2025-08-06 03:00:00,2867004.212914201
2025-08-06 05:00:00,2867004.212914201
2025-08-06 05:30:00,2867004.212914201
2025-08-06 06:00:00,2867004.212914201
2025-08-06 06:30:00,2867004.212914201
2025-08-06 07:00:00,2867004.212914201
2025-08-06 13:00:00,2867004.212914201
2025-08-06 13:30:00,2866461.4004107327
2025-08-06 14:00:00,2866461.4004107327
2025-08-06 14:30:00,2866461.4004107327
2025-08-06 15:00:00,2866461.4004107327
2025-08-06 15:30:00,2866461.4004107327
2025-08-06 16:00:00,2866461.4004107327
2025-08-06 16:30:00,2866461.4004107327
2025-08-06 17:00:00,2862834.312572122
2025-08-06 17:30:00,2862834.312572122
2025-08-06 18:00:00,2862834.312572122
2025-08-07 01:00:00,2861161.477805586
2025-08-07 01:30:00,2861440.432505108
2025-08-07 02:00:00,2861440.432505108
2025-08-07 02:30:00,2889498.9465148696
2025-08-07 03:00:00,2890148.3902352285
2025-08-07 05:00:00,2890148.3902352285
2025-08-07 05:30:00,2889664.7577576214
2025-08-07 06:00:00,2889258.867457085
2025-08-07 06:30:00,2889258.867457085
2025-08-07 07:00:00,2889258.867457085
2025-08-07 13:00:00,2889258.867457085
2025-08-07 13:30:00,2889339.8344342103
2025-08-07 14:00:00,2889339.8344342103
2025-08-07 14:30:00,2888781.069544115
2025-08-07 15:00:00,2888781.069544115
2025-08-07 15:30:00,2888781.069544115
2025-08-07 16:00:00,2888781.069544115
2025-08-07 16:30:00,2888781.069544115
2025-08-07 17:00:00,2888781.069544115
2025-08-07 17:30:00,2888781.069544115
2025-08-07 18:00:00,2888781.069544115
2025-08-08 01:00:00,2888781.069544115
2025-08-08 01:30:00,2888781.069544115
2025-08-08 02:00:00,2888781.069544115
2025-08-08 02:30:00,2888340.2764598206
2025-08-08 03:00:00,2888340.2764598206
2025-08-08 05:00:00,2888340.2764598206
2025-08-08 05:30:00,2887917.8609641274
2025-08-08 06:00:00,2887981.8780669216
2025-08-08 06:30:00,2887981.8780669216
2025-08-08 07:00:00,2887981.8780669216
2025-08-08 13:00:00,2887981.8780669216
2025-08-08 13:30:00,2892214.116433448
2025-08-08 14:00:00,2891772.7532980605
2025-08-08 14:30:00,2891772.7532980605
2025-08-08 15:00:00,2891772.7532980605
2025-08-08 15:30:00,2891772.7532980605
2025-08-08 16:00:00,2891772.7532980605
2025-08-08 16:30:00,2891556.10754581
2025-08-08 17:00:00,2891556.10754581
2025-08-08 17:30:00,2891556.10754581
2025-08-08 18:00:00,2891556.10754581
2025-08-11 01:00:00,2891556.10754581
2025-08-11 01:30:00,2890764.6788760307
2025-08-11 02:00:00,2890764.6788760307
2025-08-11 02:30:00,2890764.6788760307
2025-08-11 03:00:00,2890764.6788760307
2025-08-11 05:00:00,2890764.6788760307
2025-08-11 05:30:00,2890764.6788760307
2025-08-11 06:00:00,2891466.3289112155
2025-08-11 06:30:00,2891466.3289112155
2025-08-11 07:00:00,2891466.3289112155
2025-08-11 13:00:00,2893511.365768945
2025-08-11 13:30:00,2892311.365768945
2025-08-11 14:00:00,2892311.365768945
2025-08-11 14:30:00,2892311.365768945
2025-08-11 15:00:00,2892311.365768945
2025-08-11 15:30:00,2892311.365768945
2025-08-11 16:00:00,2892311.365768945
2025-08-11 16:30:00,2892404.296123868
2025-08-11 17:00:00,2892404.296123868
2025-08-11 17:30:00,2892404.296123868
2025-08-11 18:00:00,2892404.296123868
2025-08-12 01:00:00,2891915.197888637
2025-08-12 01:30:00,2891489.1480817623
2025-08-12 02:00:00,2891239.1480817623
2025-08-12 02:30:00,2886009.427795974
2025-08-12 03:00:00,2886329.427795974
2025-08-12 05:00:00,2886329.427795974
2025-08-12 05:30:00,2887350.3078950127
2025-08-12 06:00:00,2887028.9846925884
2025-08-12 06:30:00,2887028.9846925884
2025-08-12 07:00:00,2887028.9846925884
2025-08-12 13:00:00,2887028.9846925884
2025-08-12 13:30:00,2887329.97346912
2025-08-12 14:00:00,2887329.97346912
2025-08-12 14:30:00,2909723.4862424806
2025-08-12 15:00:00,2909723.4862424806
2025-08-12 15:30:00,2909723.4862424806
2025-08-12 16:00:00,2909723.4862424806
2025-08-12 16:30:00,2909723.4862424806
2025-08-12 17:00:00,2909723.4862424806
2025-08-12 17:30:00,2909723.4862424806
2025-08-12 18:00:00,2909723.4862424806
2025-08-13 01:00:00,2939066.13177993
2025-08-13 01:30:00,2939066.13177993
2025-08-13 02:00:00,2939154.8492121478
2025-08-13 02:30:00,2939979.8478632662
2025-08-13 03:00:00,2940979.9637366747
2025-08-13 05:00:00,2940979.9637366747
2025-08-13 05:30:00,2944897.8441640143
2025-08-13 06:00:00,2944897.8441640143
2025-08-13 06:30:00,2950217.046863083
2025-08-13 07:00:00,2950217.046863083
2025-08-13 13:00:00,2950217.046863083
2025-08-13 13:30:00,2940077.046863083
2025-08-13 14:00:00,2940077.046863083
2025-08-13 14:30:00,2940077.046863083
2025-08-13 15:00:00,2940077.046863083
2025-08-13 15:30:00,2940077.046863083
2025-08-13 16:00:00,2940077.046863083
2025-08-13 16:30:00,2940077.046863083
2025-08-13 17:00:00,2940077.046863083
2025-08-13 17:30:00,2940077.046863083
2025-08-13 18:00:00,2940077.046863083
2025-08-14 01:00:00,2940077.046863083
2025-08-14 01:30:00,2940020.1201967
2025-08-14 02:00:00,2940020.1201967
2025-08-14 02:30:00,2939667.073308764
2025-08-14 03:00:00,2942275.888241814
2025-08-14 05:00:00,2942275.888241814
2025-08-14 05:30:00,2939006.0181237883
2025-08-14 06:00:00,2937106.0181237883
2025-08-14 06:30:00,2937106.0181237883
2025-08-14 07:00:00,2937106.0181237883
2025-08-14 13:00:00,2937106.0181237883
2025-08-14 13:30:00,2938425.0987501615
2025-08-14 14:00:00,2938425.0987501615
2025-08-14 14:30:00,2935662.33212633
2025-08-14 15:00:00,2935662.33212633
2025-08-14 15:30:00,2935662.33212633
2025-08-14 16:00:00,2935662.33212633
2025-08-14 16:30:00,2935662.33212633
2025-08-14 17:00:00,2935662.33212633
2025-08-14 17:30:00,2935662.33212633
2025-08-14 18:00:00,2935662.33212633
2025-08-15 01:00:00,2935662.33212633
2025-08-15 01:30:00,2934456.0401800107
2025-08-15 02:00:00,2934456.0401800107
2025-08-15 02:30:00,2934456.0401800107
2025-08-15 03:00:00,2934575.4655870562
2025-08-15 05:00:00,2934575.4655870562
2025-08-15 05:30:00,2934575.4655870562
2025-08-15 06:00:00,2935465.40371972
2025-08-15 06:30:00,2935465.40371972
2025-08-15 07:00:00,2935465.40371972
2025-08-15 13:00:00,2935465.40371972
2025-08-15 13:30:00,2937724.412294683
2025-08-15 14:00:00,2937724.412294683
2025-08-15 14:30:00,2937724.412294683
2025-08-15 15:00:00,2937724.412294683
2025-08-15 15:30:00,2937724.412294683
2025-08-15 16:00:00,2937724.412294683
2025-08-15 16:30:00,2937724.412294683
2025-08-15 17:00:00,2937724.412294683
2025-08-15 17:30:00,2937724.412294683
2025-08-15 18:00:00,2937724.412294683
2025-08-18 01:00:00,2937724.412294683
2025-08-18 01:30:00,2938157.345559652
2025-08-18 02:00:00,2938157.345559652
2025-08-18 02:30:00,2936733.3695567083
2025-08-18 03:00:00,2936733.3695567083
2025-08-18 05:00:00,2936733.3695567083
2025-08-18 05:30:00,2936425.4704919946
2025-08-18 06:00:00,2934686.5593625717
2025-08-18 06:30:00,2933745.735521954
2025-08-18 07:00:00,2933745.735521954
2025-08-18 13:00:00,2933972.005371332
2025-08-18 13:30:00,2930962.9426066238
2025-08-18 14:00:00,2930962.9426066238
2025-08-18 14:30:00,2929700.540606664
2025-08-18 15:00:00,2929700.540606664
2025-08-18 15:30:00,2929700.540606664
2025-08-18 16:00:00,2929700.540606664
2025-08-18 16:30:00,2929700.540606664
2025-08-18 17:00:00,2929700.540606664
2025-08-18 17:30:00,2929700.540606664
2025-08-18 18:00:00,2929700.540606664
2025-08-19 01:00:00,2929700.540606664
2025-08-19 01:30:00,2925308.136883406
2025-08-19 02:00:00,2925308.136883406
2025-08-19 02:30:00,2922850.8030471886
2025-08-19 03:00:00,2922338.6359185334
2025-08-19 05:00:00,2922338.6359185334
2025-08-19 05:30:00,2922338.6359185334
2025-08-19 06:00:00,2921648.703616009
2025-08-19 06:30:00,2921209.345195068
2025-08-19 07:00:00,2921209.345195068
2025-08-19 13:00:00,2920332.9504807875
2025-08-19 13:30:00,2919006.2510199314
2025-08-19 14:00:00,2919006.2510199314
2025-08-19 14:30:00,2919006.2510199314
2025-08-19 15:00:00,2918064.551499504
2025-08-19 15:30:00,2918064.551499504
2025-08-19 16:00:00,2918064.551499504
2025-08-19 16:30:00,2918064.551499504
2025-08-19 17:00:00,2918064.551499504
2025-08-19 17:30:00,2918064.551499504
2025-08-19 18:00:00,2918064.551499504
2025-08-20 01:00:00,2918064.551499504
2025-08-20 01:30:00,2918271.144462332
2025-08-20 02:00:00,2917670.009923226
2025-08-20 02:30:00,2917670.009923226
2025-08-20 03:00:00,2917693.8626311556
2025-08-20 05:00:00,2917693.8626311556
2025-08-20 05:30:00,2918668.4121797113
2025-08-20 06:00:00,2920762.091883282
2025-08-20 06:30:00,2923697.941742339
2025-08-20 07:00:00,2923697.941742339
2025-08-20 13:00:00,2923697.941742339
2025-08-20 13:30:00,2922612.8143669516
2025-08-20 14:00:00,2926409.034071421
2025-08-20 14:30:00,2929387.1988720912
2025-08-20 15:00:00,2929387.1988720912
2025-08-20 15:30:00,2929387.1988720912
2025-08-20 16:00:00,2929387.1988720912
2025-08-20 16:30:00,2929387.1988720912
2025-08-20 17:00:00,2929387.1988720912
2025-08-20 17:30:00,2929387.1988720912
2025-08-20 18:00:00,2929387.1988720912
2025-08-21 01:00:00,2928818.155596029
2025-08-21 01:30:00,2928872.5326778796
2025-08-21 02:00:00,2928872.5326778796
2025-08-21 02:30:00,2928872.5326778796
2025-08-21 03:00:00,2928872.5326778796
2025-08-21 05:00:00,2928872.5326778796
2025-08-21 05:30:00,2928252.1049087634
2025-08-21 06:00:00,2928252.1049087634
2025-08-21 06:30:00,2928252.1049087634
2025-08-21 07:00:00,2928252.1049087634
2025-08-21 13:00:00,2928252.1049087634
2025-08-21 13:30:00,2929382.867611763
2025-08-21 14:00:00,2927960.490790643
2025-08-21 14:30:00,2927960.490790643
2025-08-21 15:00:00,2927960.490790643
2025-08-21 15:30:00,2927960.490790643
2025-08-21 16:00:00,2927960.490790643
2025-08-21 16:30:00,2927960.490790643
2025-08-21 17:00:00,2927960.490790643
2025-08-21 17:30:00,2927960.490790643
2025-08-21 18:00:00,2927960.490790643
2025-08-22 01:00:00,2927960.490790643
2025-08-22 01:30:00,2927960.490790643
2025-08-22 02:00:00,2927208.1532399934
2025-08-22 02:30:00,2927208.1532399934
2025-08-22 03:00:00,2927208.1532399934
2025-08-22 05:00:00,2926708.0773103377
2025-08-22 05:30:00,2926098.2947928505
2025-08-22 06:00:00,2926098.2947928505
2025-08-22 06:30:00,2926098.2947928505
2025-08-22 07:00:00,2926098.2947928505
2025-08-22 13:00:00,2926098.2947928505
2025-08-22 13:30:00,2925361.4977746233
2025-08-22 14:00:00,2924751.048782486
2025-08-22 14:30:00,2924751.048782486
2025-08-22 15:00:00,2924751.048782486
2025-08-22 15:30:00,2924751.048782486
2025-08-22 16:00:00,2924751.048782486
2025-08-22 16:30:00,2923553.5431245207
2025-08-22 17:00:00,2923553.5431245207
2025-08-22 17:30:00,2923553.5431245207
2025-08-22 18:00:00,2923553.5431245207
2025-08-25 01:00:00,2924234.888539303
2025-08-25 01:30:00,2924143.6644321866
2025-08-25 02:00:00,2923250.4228463764
2025-08-25 02:30:00,2923250.4228463764
2025-08-25 03:00:00,2923250.4228463764
2025-08-25 05:00:00,2923250.4228463764
2025-08-25 05:30:00,2976272.2768046474
2025-08-25 06:00:00,2975468.2024433454
2025-08-25 06:30:00,2975468.2024433454
2025-08-25 07:00:00,2975468.2024433454
2025-08-25 13:00:00,2975468.2024433454
2025-08-25 13:30:00,2975272.6845369795
2025-08-25 14:00:00,2975272.6845369795
2025-08-25 14:30:00,2973935.0491178147
2025-08-25 15:00:00,2973935.0491178147
2025-08-25 15:30:00,2973935.0491178147
2025-08-25 16:00:00,2973935.0491178147
2025-08-25 16:30:00,2973935.0491178147
2025-08-25 17:00:00,2973935.0491178147
2025-08-25 17:30:00,2973935.0491178147
2025-08-25 18:00:00,2973935.0491178147
2025-08-26 01:00:00,2973935.0491178147
2025-08-26 01:30:00,2974616.726396442
2025-08-26 02:00:00,2975822.0994653166
2025-08-26 02:30:00,2975822.0994653166
2025-08-26 03:00:00,2975822.0994653166
2025-08-26 05:00:00,2975822.0994653166
2025-08-26 05:30:00,2975822.0994653166
2025-08-26 06:00:00,2975822.0994653166
2025-08-26 06:30:00,2978804.162196523
2025-08-26 07:00:00,2978804.162196523
2025-08-26 13:00:00,2978804.162196523
2025-08-26 13:30:00,2978804.162196523
2025-08-26 14:00:00,2978804.162196523
2025-08-26 14:30:00,2978527.195340972
2025-08-26 15:00:00,2978527.195340972
2025-08-26 15:30:00,2978527.195340972
2025-08-26 16:00:00,2978527.195340972
2025-08-26 16:30:00,2978527.195340972
2025-08-26 17:00:00,2978527.195340972
2025-08-26 17:30:00,2978527.195340972
2025-08-26 18:00:00,2978527.195340972
2025-08-27 01:00:00,2978527.195340972
2025-08-27 01:30:00,2980487.1419121833
2025-08-27 02:00:00,2979649.707637168
2025-08-27 02:30:00,2980077.912706096
2025-08-27 03:00:00,2980077.912706096
2025-08-27 05:00:00,2980077.912706096
2025-08-27 05:30:00,2981364.7115363753
2025-08-27 06:00:00,2981364.7115363753
2025-08-27 06:30:00,2981364.7115363753
2025-08-27 07:00:00,2981364.7115363753
2025-08-27 13:00:00,2980133.9880780475
2025-08-27 13:30:00,2980232.303314792
2025-08-27 14:00:00,2980270.295549285
2025-08-27 14:30:00,2980053.260361863
2025-08-27 15:00:00,2980053.260361863
2025-08-27 15:30:00,2980053.260361863
2025-08-27 16:00:00,2980053.260361863
2025-08-27 16:30:00,2980053.260361863
2025-08-27 17:00:00,2980053.260361863
2025-08-27 17:30:00,2980053.260361863
2025-08-27 18:00:00,2980053.260361863
2025-08-28 01:00:00,2980053.260361863
2025-08-28 01:30:00,2979796.6905804137
2025-08-28 02:00:00,2982055.5143651026
2025-08-28 02:30:00,2982055.5143651026
2025-08-28 03:00:00,2982055.5143651026
2025-08-28 05:00:00,2982055.5143651026
2025-08-28 05:30:00,2982560.265270027
2025-08-28 06:00:00,2984637.0656267987
2025-08-28 06:30:00,2984637.0656267987
2025-08-28 07:00:00,2984637.0656267987
2025-08-28 13:00:00,2984637.0656267987
2025-08-28 13:30:00,2984420.4563816744
2025-08-28 14:00:00,2983723.2245061644
2025-08-28 14:30:00,2983723.2245061644
2025-08-28 15:00:00,2983723.2245061644
2025-08-28 15:30:00,2983723.2245061644
2025-08-28 16:00:00,2983723.2245061644
2025-08-28 16:30:00,2983723.2245061644
2025-08-28 17:00:00,2983723.2245061644
2025-08-28 17:30:00,2983723.2245061644
2025-08-28 18:00:00,2983723.2245061644
2025-08-29 01:00:00,2983977.7186085954
2025-08-29 01:30:00,2984747.671967025
2025-08-29 02:00:00,2984747.671967025
2025-08-29 02:30:00,2984747.671967025
2025-08-29 03:00:00,2984747.671967025
2025-08-29 05:00:00,2984747.671967025
2025-08-29 05:30:00,2984747.671967025
2025-08-29 06:00:00,2983702.1423732513
2025-08-29 06:30:00,2983702.1423732513
2025-08-29 07:00:00,2983702.1423732513
2025-08-29 13:00:00,2983702.1423732513
2025-08-29 13:30:00,2979773.9491502256
2025-08-29 14:00:00,2979773.9491502256
2025-08-29 14:30:00,2979773.9491502256
2025-08-29 15:00:00,2979773.9491502256
2025-08-29 15:30:00,2979773.9491502256
2025-08-29 16:00:00,2979773.9491502256
2025-08-29 16:30:00,2979773.9491502256
2025-08-29 17:00:00,2979773.9491502256
2025-08-29 17:30:00,2979773.9491502256
2025-08-29 18:00:00,2979773.9491502256
2025-09-01 01:00:00,2981386.359885297
2025-09-01 01:30:00,2981386.359885297
2025-09-01 02:00:00,2980869.676823482
2025-09-01 02:30:00,2980869.676823482
2025-09-01 03:00:00,2980869.676823482
2025-09-01 05:00:00,2980869.676823482
2025-09-01 05:30:00,2980869.676823482
2025-09-01 06:00:00,2980869.676823482
2025-09-01 06:30:00,2979255.0568014067
2025-09-01 07:00:00,2979255.0568014067
2025-09-01 13:00:00,2982315.9710614197
2025-09-01 13:30:00,2982346.4607104743
2025-09-01 14:00:00,2982346.4607104743
2025-09-01 14:30:00,2982346.4607104743
2025-09-01 15:00:00,2982346.4607104743
2025-09-01 15:30:00,2982346.4607104743
2025-09-01 16:00:00,2982346.4607104743
2025-09-01 16:30:00,2982346.4607104743
2025-09-01 17:00:00,2982346.4607104743
2025-09-01 17:30:00,2982346.4607104743
2025-09-01 18:00:00,2982346.4607104743
2025-09-02 01:00:00,2982346.4607104743
2025-09-02 01:30:00,2983357.6733552325
2025-09-02 02:00:00,2983357.6733552325
2025-09-02 02:30:00,2983357.6733552325
2025-09-02 03:00:00,2981594.0665303385
2025-09-02 05:00:00,2977445.2168208845
2025-09-02 05:30:00,2979194.338584109
2025-09-02 06:00:00,2978341.4601341514
2025-09-02 06:30:00,2978341.4601341514
2025-09-02 07:00:00,2978341.4601341514
2025-09-02 13:00:00,2977320.1734863487
2025-09-02 13:30:00,2975753.8178238194
2025-09-02 14:00:00,2975753.8178238194
2025-09-02 14:30:00,2975753.8178238194
2025-09-02 15:00:00,2975753.8178238194
2025-09-02 15:30:00,2975753.8178238194
2025-09-02 16:00:00,2975753.8178238194
2025-09-02 16:30:00,2975753.8178238194
2025-09-02 17:00:00,2975753.8178238194
2025-09-02 17:30:00,2975753.8178238194
2025-09-02 18:00:00,2975753.8178238194
2025-09-03 01:00:00,2975753.8178238194
2025-09-03 01:30:00,2973861.015295091
2025-09-03 02:00:00,2973861.015295091
2025-09-03 02:30:00,2972338.088917111
2025-09-03 03:00:00,2972338.088917111
2025-09-03 05:00:00,2972338.088917111
2025-09-03 05:30:00,2975234.8018290573
2025-09-03 06:00:00,2975234.8018290573
2025-09-03 06:30:00,2975234.8018290573
2025-09-03 07:00:00,2975234.8018290573
2025-09-03 13:00:00,2975234.8018290573
2025-09-03 13:30:00,2975234.8018290573
2025-09-03 14:00:00,2974348.3368420242
2025-09-03 14:30:00,2974348.3368420242
2025-09-03 15:00:00,2974348.3368420242
2025-09-03 15:30:00,2974348.3368420242
2025-09-03 16:00:00,2974348.3368420242
2025-09-03 16:30:00,2974348.3368420242
2025-09-03 17:00:00,2974348.3368420242
2025-09-03 17:30:00,2974348.3368420242
2025-09-03 18:00:00,2974348.3368420242
2025-09-04 01:00:00,2974348.3368420242
2025-09-04 01:30:00,2973483.3222011495
2025-09-04 02:00:00,2974851.674221819
2025-09-04 02:30:00,2974851.674221819
2025-09-04 03:00:00,2976733.618036665
2025-09-04 05:00:00,2976733.618036665
2025-09-04 05:30:00,2975701.4412468295
2025-09-04 06:00:00,2975396.4757604636
2025-09-04 06:30:00,2974643.8714667074
2025-09-04 07:00:00,2974530.374828639
2025-09-04 13:00:00,2974333.633407808
2025-09-04 13:30:00,2973652.3757267636
2025-09-04 14:00:00,2973926.6540514794
2025-09-04 14:30:00,2973926.6540514794
2025-09-04 15:00:00,2972877.5288863475
2025-09-04 15:30:00,2972877.5288863475
2025-09-04 16:00:00,2972877.5288863475
2025-09-04 16:30:00,2972877.5288863475
2025-09-04 17:00:00,2972877.5288863475
2025-09-04 17:30:00,2972877.5288863475
2025-09-04 18:00:00,2972877.5288863475
2025-09-05 01:00:00,2972877.5288863475
2025-09-05 01:30:00,2972631.898070756
2025-09-05 02:00:00,3097292.1747058043
2025-09-05 02:30:00,3097292.1747058043
2025-09-05 03:00:00,3097292.1747058043
2025-09-05 05:00:00,3097292.1747058043
2025-09-05 05:30:00,3096945.935651503
2025-09-05 06:00:00,3095381.552323608
2025-09-05 06:30:00,3095381.552323608
2025-09-05 07:00:00,3095381.552323608
2025-09-05 13:00:00,3095381.552323608
2025-09-05 13:30:00,3094453.7462737667
2025-09-05 14:00:00,3094178.3319935002
2025-09-05 14:30:00,3094697.0666966722
2025-09-05 15:00:00,3090897.0666966722
2025-09-05 15:30:00,3090897.0666966722
2025-09-05 16:00:00,3090897.0666966722
2025-09-05 16:30:00,3090897.0666966722
2025-09-05 17:00:00,3090897.0666966722
2025-09-05 17:30:00,3090897.0666966722
2025-09-05 18:00:00,3090897.0666966722
2025-09-08 01:00:00,3091993.50338164
2025-09-08 01:30:00,3092482.5844392353
2025-09-08 02:00:00,3092482.5844392353
2025-09-08 02:30:00,3092482.5844392353
2025-09-08 03:00:00,3092482.5844392353
2025-09-08 05:00:00,3092482.5844392353
2025-09-08 05:30:00,3091685.3314454714
2025-09-08 06:00:00,3090862.475749396
2025-09-08 06:30:00,3090387.7433277424
2025-09-08 07:00:00,3090387.7433277424
2025-09-08 13:00:00,3090387.7433277424
2025-09-08 13:30:00,3089696.659322912
2025-09-08 14:00:00,3089696.659322912
2025-09-08 14:30:00,3089696.659322912
2025-09-08 15:00:00,3089696.659322912
2025-09-08 15:30:00,3089696.659322912
2025-09-08 16:00:00,3089696.659322912
2025-09-08 16:30:00,3089696.659322912
2025-09-08 17:00:00,3088726.7211217033
2025-09-08 17:30:00,3088726.7211217033
2025-09-08 18:00:00,3088726.7211217033
2025-09-09 01:00:00,3088487.612016676
2025-09-09 01:30:00,3088487.612016676
2025-09-09 02:00:00,3088487.612016676
2025-09-09 02:30:00,3086911.086694084
2025-09-09 03:00:00,3085780.246118323
2025-09-09 05:00:00,3085780.246118323
2025-09-09 05:30:00,3078884.77136166
2025-09-09 06:00:00,3078884.77136166
2025-09-09 06:30:00,3078884.77136166
2025-09-09 07:00:00,3078884.77136166
2025-09-09 13:00:00,3078884.77136166
2025-09-09 13:30:00,3078370.22407215
2025-09-09 14:00:00,3078370.22407215
2025-09-09 14:30:00,3078370.22407215
2025-09-09 15:00:00,3078370.22407215
2025-09-09 15:30:00,3078370.22407215
2025-09-09 16:00:00,3078370.22407215
2025-09-09 16:30:00,3078370.22407215
2025-09-09 17:00:00,3078370.22407215
2025-09-09 17:30:00,3078370.22407215
2025-09-09 18:00:00,3078370.22407215
2025-09-10 01:00:00,3078370.22407215
2025-09-10 01:30:00,3078292.1962192594
2025-09-10 02:00:00,3080126.528425355
2025-09-10 02:30:00,3080633.762962351
2025-09-10 03:00:00,3066246.6720293397
2025-09-10 05:00:00,3066246.6720293397
2025-09-10 05:30:00,3062430.107626173
2025-09-10 06:00:00,3062430.107626173
2025-09-10 06:30:00,3062430.107626173
2025-09-10 07:00:00,3062430.107626173
2025-09-10 13:00:00,3061874.1056755604
2025-09-10 13:30:00,3058519.8184166327
2025-09-10 14:00:00,3058519.8184166327
2025-09-10 14:30:00,3058274.028976605
2025-09-10 15:00:00,3058274.028976605
2025-09-10 15:30:00,3057877.718700615
2025-09-10 16:00:00,3057877.718700615
2025-09-10 16:30:00,3057877.718700615
2025-09-10 17:00:00,3057877.718700615
2025-09-10 17:30:00,3057877.718700615
2025-09-10 18:00:00,3057877.718700615
2025-09-11 01:00:00,3056164.699117738
2025-09-11 01:30:00,3054890.792607866
2025-09-11 02:00:00,3055722.959231904
2025-09-11 02:30:00,3055722.959231904
2025-09-11 03:00:00,3053829.047401193
2025-09-11 05:00:00,3053829.047401193
2025-09-11 05:30:00,3050743.444083286
2025-09-11 06:00:00,3050743.444083286
2025-09-11 06:30:00,3049442.659990285
2025-09-11 07:00:00,3049442.659990285
2025-09-11 13:00:00,3049749.6905580848
2025-09-11 13:30:00,3047321.348476632
2025-09-11 14:00:00,3047321.348476632
2025-09-11 14:30:00,3041941.217759572
2025-09-11 15:00:00,3041941.217759572
2025-09-11 15:30:00,3041941.217759572
2025-09-11 16:00:00,3041941.217759572
2025-09-11 16:30:00,3041941.217759572
2025-09-11 17:00:00,3041941.217759572
2025-09-11 17:30:00,3041941.217759572
2025-09-11 18:00:00,3041941.217759572
2025-09-12 01:00:00,3043109.2625506753
2025-09-12 01:30:00,3042527.7139155054
2025-09-12 02:00:00,3042527.7139155054
2025-09-12 02:30:00,3042527.7139155054
2025-09-12 03:00:00,3041849.7845033864
2025-09-12 05:00:00,3064216.531272365
2025-09-12 05:30:00,3061936.508211492
2025-09-12 06:00:00,3060849.131980034
2025-09-12 06:30:00,3060229.7637958745
2025-09-12 07:00:00,3060229.7637958745
2025-09-12 13:00:00,3060229.7637958745
2025-09-12 13:30:00,3058965.7468203595
2025-09-12 14:00:00,3058965.7468203595
2025-09-12 14:30:00,3058527.3831781973
2025-09-12 15:00:00,3058527.3831781973
2025-09-12 15:30:00,3058527.3831781973
2025-09-12 16:00:00,3058527.3831781973
2025-09-12 16:30:00,3058527.3831781973
2025-09-12 17:00:00,3058527.3831781973
2025-09-12 17:30:00,3058527.3831781973
2025-09-12 18:00:00,3058527.3831781973
2025-09-15 01:00:00,3058527.3831781973
2025-09-15 01:30:00,3056436.742363769
2025-09-15 02:00:00,3055635.162161316
2025-09-15 02:30:00,3055635.162161316
2025-09-15 03:00:00,3055635.162161316
2025-09-15 05:00:00,3055111.8778433623
2025-09-15 05:30:00,3055111.8778433623
2025-09-15 06:00:00,3055111.8778433623
2025-09-15 06:30:00,3055111.8778433623
2025-09-15 07:00:00,3054604.3284094906
2025-09-15 13:00:00,3054604.3284094906
2025-09-15 13:30:00,3054844.4792399053
2025-09-15 14:00:00,3054844.4792399053
2025-09-15 14:30:00,3054844.4792399053
2025-09-15 15:00:00,3054844.4792399053
2025-09-15 15:30:00,3054844.4792399053
2025-09-15 16:00:00,3054844.4792399053
2025-09-15 16:30:00,3054844.4792399053
2025-09-15 17:00:00,3054844.4792399053
2025-09-15 17:30:00,3054844.4792399053
2025-09-15 18:00:00,3054844.4792399053
2025-09-16 01:00:00,3054844.4792399053
2025-09-16 01:30:00,3047820.030824284
2025-09-16 02:00:00,3050551.190587678
2025-09-16 02:30:00,3050599.9020073134
2025-09-16 03:00:00,3050512.9394784165
2025-09-16 05:00:00,3050512.9394784165
2025-09-16 05:30:00,3050512.9394784165
2025-09-16 06:00:00,3050512.9394784165
2025-09-16 06:30:00,3050512.9394784165
2025-09-16 07:00:00,3050512.9394784165
2025-09-16 13:00:00,3049818.704257086
2025-09-16 13:30:00,3049030.66913621
2025-09-16 14:00:00,3048565.750609704
2025-09-16 14:30:00,3048565.750609704
2025-09-16 15:00:00,3053739.4173195413
2025-09-16 15:30:00,3053739.4173195413
2025-09-16 16:00:00,3053739.4173195413
2025-09-16 16:30:00,3053739.4173195413
2025-09-16 17:00:00,3053739.4173195413
2025-09-16 17:30:00,3053739.4173195413
2025-09-16 18:00:00,3053739.4173195413
2025-09-17 01:00:00,3053739.4173195413
2025-09-17 01:30:00,3052789.046539744
2025-09-17 02:00:00,3053389.847981205
2025-09-17 02:30:00,3053389.847981205
2025-09-17 03:00:00,3055649.3496214985
2025-09-17 05:00:00,3055649.3496214985
2025-09-17 05:30:00,3055071.329071569
2025-09-17 06:00:00,3055071.329071569
2025-09-17 06:30:00,3067295.5184995
2025-09-17 07:00:00,3067295.5184995
2025-09-17 13:00:00,3067295.5184995
2025-09-17 13:30:00,3067025.621797098
2025-09-17 14:00:00,3067025.621797098
2025-09-17 14:30:00,3067025.621797098
2025-09-17 15:00:00,3067025.621797098
2025-09-17 15:30:00,3067025.621797098
2025-09-17 16:00:00,3067025.621797098
2025-09-17 16:30:00,3067025.621797098
2025-09-17 17:00:00,3067025.621797098
2025-09-17 17:30:00,3067025.621797098
2025-09-17 18:00:00,3067025.621797098
2025-09-18 01:00:00,3067025.621797098
2025-09-18 01:30:00,3066563.8026280524
2025-09-18 02:00:00,3067284.7241143463
2025-09-18 02:30:00,3067284.7241143463
2025-09-18 03:00:00,3067284.7241143463
2025-09-18 05:00:00,3061260.2176644253
2025-09-18 05:30:00,3060534.8903718335
2025-09-18 06:00:00,3060534.8903718335
2025-09-18 06:30:00,3060534.8903718335
2025-09-18 07:00:00,3060534.8903718335
2025-09-18 13:00:00,3063286.4231536943
2025-09-18 13:30:00,3067002.5231338567
2025-09-18 14:00:00,3067002.5231338567
2025-09-18 14:30:00,3067002.5231338567
2025-09-18 15:00:00,3067002.5231338567
2025-09-18 15:30:00,3067002.5231338567
2025-09-18 16:00:00,3067002.5231338567
2025-09-18 16:30:00,3067002.5231338567
2025-09-18 17:00:00,3067002.5231338567
2025-09-18 17:30:00,3067002.5231338567
2025-09-18 18:00:00,3067002.5231338567
2025-09-19 01:00:00,3067002.5231338567
2025-09-19 01:30:00,3074558.8672211617
2025-09-19 02:00:00,3074384.088821881
2025-09-19 02:30:00,3074384.088821881
2025-09-19 03:00:00,3075051.014460825
2025-09-19 05:00:00,3068250.7423739475
2025-09-19 05:30:00,3055118.7695849426
2025-09-19 06:00:00,3054489.0392750483
2025-09-19 06:30:00,3054489.0392750483
2025-09-19 07:00:00,3054489.0392750483
2025-09-19 13:00:00,3054489.0392750483
2025-09-19 13:30:00,3054889.0392750483
2025-09-19 14:00:00,3054889.0392750483
2025-09-19 14:30:00,3054150.6800308763
2025-09-19 15:00:00,3054150.6800308763
2025-09-19 15:30:00,3054150.6800308763
2025-09-19 16:00:00,3054150.6800308763
2025-09-19 16:30:00,3054150.6800308763
2025-09-19 17:00:00,3054150.6800308763
2025-09-19 17:30:00,3054150.6800308763
2025-09-19 18:00:00,3054150.6800308763
2025-09-22 01:00:00,3054150.6800308763
2025-09-22 01:30:00,3051092.958775803
2025-09-22 02:00:00,3051173.357204838
2025-09-22 02:30:00,3048655.5596821657
2025-09-22 03:00:00,3048655.5596821657
2025-09-22 05:00:00,3048655.5596821657
2025-09-22 05:30:00,3048157.2868311293
2025-09-22 06:00:00,3048157.2868311293
2025-09-22 06:30:00,3048157.2868311293
2025-09-22 07:00:00,3048157.2868311293
2025-09-22 13:00:00,3048157.2868311293
2025-09-22 13:30:00,3047713.549592445
2025-09-22 14:00:00,3047713.549592445
2025-09-22 14:30:00,3047873.0002310732
2025-09-22 15:00:00,3047873.0002310732
2025-09-22 15:30:00,3047873.0002310732
2025-09-22 16:00:00,3048117.770474319
2025-09-22 16:30:00,3048117.770474319
2025-09-22 17:00:00,3048117.770474319
2025-09-22 17:30:00,3048117.770474319
2025-09-22 18:00:00,3048117.770474319
2025-09-23 01:00:00,3048117.770474319
2025-09-23 01:30:00,3049164.30317682
2025-09-23 02:00:00,3036144.30317682
2025-09-23 02:30:00,3029420.1287047374
2025-09-23 03:00:00,3029420.1287047374
2025-09-23 05:00:00,3029420.1287047374
2025-09-23 05:30:00,3029420.1287047374
2025-09-23 06:00:00,3029420.1287047374
2025-09-23 06:30:00,3029420.1287047374
2025-09-23 07:00:00,3029420.1287047374
2025-09-23 13:00:00,3030731.8788667643
2025-09-23 13:30:00,3029567.5228410834
2025-09-23 14:00:00,3028977.5228410834
2025-09-23 14:30:00,3028977.5228410834
2025-09-23 15:00:00,3028977.5228410834
2025-09-23 15:30:00,3028977.5228410834
2025-09-23 16:00:00,3028977.5228410834
2025-09-23 16:30:00,3028977.5228410834
2025-09-23 17:00:00,3028977.5228410834
2025-09-23 17:30:00,3028977.5228410834
2025-09-23 18:00:00,3028977.5228410834
2025-09-24 01:00:00,3028977.5228410834
2025-09-24 01:30:00,3021958.7374725933
2025-09-24 02:00:00,3021958.7374725933
2025-09-24 02:30:00,3020124.9189064405
2025-09-24 03:00:00,3018669.556724024
2025-09-24 05:00:00,3018669.556724024
2025-09-24 05:30:00,3018487.689355331
2025-09-24 06:00:00,3019074.3624714157
2025-09-24 06:30:00,3019074.3624714157
2025-09-24 07:00:00,3019074.3624714157
2025-09-24 13:00:00,3018945.7652362594
2025-09-24 13:30:00,3022288.6364229755
2025-09-24 14:00:00,3022288.6364229755
2025-09-24 14:30:00,3021747.987280979
2025-09-24 15:00:00,3021747.987280979
2025-09-24 15:30:00,3021747.987280979
2025-09-24 16:00:00,3021747.987280979
2025-09-24 16:30:00,3021747.987280979
2025-09-24 17:00:00,3021747.987280979
2025-09-24 17:30:00,3021747.987280979
2025-09-24 18:00:00,3021747.987280979
2025-09-25 01:00:00,3021747.987280979
2025-09-25 01:30:00,3033298.4880009266
2025-09-25 02:00:00,3033298.4880009266
2025-09-25 02:30:00,3033298.4880009266
2025-09-25 03:00:00,3032418.7836718927
2025-09-25 05:00:00,3032418.7836718927
2025-09-25 05:30:00,3031959.0407081256
2025-09-25 06:00:00,3031959.0407081256
2025-09-25 06:30:00,3031959.0407081256
2025-09-25 07:00:00,3031959.0407081256
2025-09-25 13:00:00,3031959.0407081256
2025-09-25 13:30:00,3033812.9819575115
2025-09-25 14:00:00,3033898.4156616037
2025-09-25 14:30:00,3031465.9774337714
2025-09-25 15:00:00,3031465.9774337714
2025-09-25 15:30:00,3031465.9774337714
2025-09-25 16:00:00,3031465.9774337714
2025-09-25 16:30:00,3031465.9774337714
2025-09-25 17:00:00,3031465.9774337714
2025-09-25 17:30:00,3031465.9774337714
2025-09-25 18:00:00,3031465.9774337714
2025-09-26 01:00:00,3031465.9774337714
2025-09-26 01:30:00,3029593.601957046
2025-09-26 02:00:00,3029593.601957046
2025-09-26 02:30:00,3029545.3252831115
2025-09-26 03:00:00,3027245.150870457
2025-09-26 05:00:00,3027245.150870457
2025-09-26 05:30:00,3026733.572199533
2025-09-26 06:00:00,3026666.2993548047
2025-09-26 06:30:00,3024194.114253859
2025-09-26 07:00:00,3024194.114253859
2025-09-26 13:00:00,3025498.52633484
2025-09-26 13:30:00,3024832.911386162
2025-09-26 14:00:00,3024832.911386162
2025-09-26 14:30:00,3024832.911386162
2025-09-26 15:00:00,3024832.911386162
2025-09-26 15:30:00,3024832.911386162
2025-09-26 16:00:00,3024832.911386162
2025-09-26 16:30:00,3030649.8065045546
2025-09-26 17:00:00,3030649.8065045546
2025-09-26 17:30:00,3030649.8065045546
2025-09-26 18:00:00,3030649.8065045546
2025-09-29 01:00:00,3028246.1361594424
2025-09-29 01:30:00,3032593.905662139
2025-09-29 02:00:00,3031501.4317129464
2025-09-29 02:30:00,3031501.4317129464
2025-09-29 03:00:00,3031606.551901318
2025-09-29 05:00:00,3031606.551901318
2025-09-29 05:30:00,3030961.0994441276
2025-09-29 06:00:00,3030724.0141422483
2025-09-29 06:30:00,3031206.375746721
2025-09-29 07:00:00,3031206.375746721
2025-09-29 13:00:00,3031007.572575673
2025-09-29 13:30:00,3031007.572575673
2025-09-29 14:00:00,3031007.572575673
2025-09-29 14:30:00,3032508.4939752077
2025-09-29 15:00:00,3035488.566401028
2025-09-29 15:30:00,3035488.566401028
2025-09-29 16:00:00,3035488.566401028
2025-09-29 16:30:00,3035488.566401028
2025-09-29 17:00:00,3035488.566401028
2025-09-29 17:30:00,3035488.566401028
2025-09-29 18:00:00,3035488.566401028
2025-09-30 01:00:00,3035488.566401028
2025-09-30 01:30:00,3027046.7763458556
2025-09-30 02:00:00,3027046.7763458556
2025-09-30 02:30:00,3031668.9887906592
2025-09-30 03:00:00,3031668.9887906592
2025-09-30 05:00:00,3031668.9887906592
2025-09-30 05:30:00,3031668.9887906592
2025-09-30 06:00:00,3031668.9887906592
2025-09-30 06:30:00,3031668.9887906592
2025-09-30 07:00:00,3031668.9887906592
2025-10-09 01:00:00,3031668.579500884
2025-10-09 01:30:00,3026853.579500884
2025-10-09 02:00:00,3027517.562631145
2025-10-09 02:30:00,3027788.151829729
2025-10-09 03:00:00,3027788.151829729
2025-10-09 05:00:00,3027788.151829729
2025-10-09 05:30:00,3027788.151829729
2025-10-09 06:00:00,3028827.2975799334
2025-10-09 06:30:00,3034814.995636923
2025-10-09 07:00:00,3034814.995636923
2025-10-09 13:00:00,3034814.995636923
2025-10-09 13:30:00,3039606.1780716656
2025-10-09 14:00:00,3041249.7330334997
2025-10-09 14:30:00,3041249.7330334997
2025-10-09 15:00:00,3041249.7330334997
2025-10-09 15:30:00,3041249.7330334997
2025-10-09 16:00:00,3041249.7330334997
2025-10-09 16:30:00,3041249.7330334997
2025-10-09 17:00:00,3041249.7330334997
2025-10-09 17:30:00,3041249.7330334997
2025-10-09 18:00:00,3041249.7330334997
2025-10-10 01:00:00,3044735.779156956
2025-10-10 01:30:00,3043802.3308942947
2025-10-10 02:00:00,3053082.3308942947
2025-10-10 02:30:00,3053082.3308942947
2025-10-10 03:00:00,3053082.3308942947
2025-10-10 05:00:00,3053025.73622353
2025-10-10 05:30:00,3053063.7739549275
2025-10-10 06:00:00,3052543.7739549275
2025-10-10 06:30:00,3052543.7739549275
2025-10-10 07:00:00,3052543.7739549275
2025-10-10 13:00:00,3052543.7739549275
2025-10-10 13:30:00,3050819.3167980206
2025-10-10 14:00:00,3050819.3167980206
2025-10-10 14:30:00,3050819.3167980206
2025-10-10 15:00:00,3050819.3167980206
2025-10-10 15:30:00,3050969.3167980206
2025-10-10 16:00:00,3049002.461612348
2025-10-10 16:30:00,3049002.461612348
2025-10-10 17:00:00,3041997.625836046
2025-10-10 17:30:00,3041997.625836046
2025-10-10 18:00:00,3041997.625836046
2025-10-13 01:00:00,3041997.625836046
2025-10-13 01:30:00,3038719.317436927
2025-10-13 02:00:00,3037669.317436927
2025-10-13 02:30:00,3037669.317436927
2025-10-13 03:00:00,3037828.9264661954
2025-10-13 05:00:00,3037828.9264661954
2025-10-13 05:30:00,3037828.9264661954
2025-10-13 06:00:00,3042044.1501774327
2025-10-13 06:30:00,3052054.1563076656
2025-10-13 07:00:00,3052054.1563076656
2025-10-13 13:00:00,3052054.1563076656
2025-10-13 13:30:00,3052340.9674739134
2025-10-13 14:00:00,3052340.9674739134
2025-10-13 14:30:00,3052340.9674739134
2025-10-13 15:00:00,3052340.9674739134
2025-10-13 15:30:00,3052340.9674739134
2025-10-13 16:00:00,3052340.9674739134
2025-10-13 16:30:00,3052340.9674739134
2025-10-13 17:00:00,3052340.9674739134
2025-10-13 17:30:00,3052340.9674739134
2025-10-13 18:00:00,3052340.9674739134
2025-10-14 01:00:00,3050796.4315733463
2025-10-14 01:30:00,3050796.4315733463
2025-10-14 02:00:00,3050796.4315733463
2025-10-14 02:30:00,3050796.4315733463
2025-10-14 03:00:00,3050796.4315733463
2025-10-14 05:00:00,3050612.563743665
2025-10-14 05:30:00,3050612.563743665
2025-10-14 06:00:00,3049879.8636751487
2025-10-14 06:30:00,3049879.8636751487
2025-10-14 07:00:00,3049879.8636751487
2025-10-14 13:00:00,3050201.5101076732
2025-10-14 13:30:00,3049012.585430075
2025-10-14 14:00:00,3049668.709434439
2025-10-14 14:30:00,3049668.709434439
2025-10-14 15:00:00,3049668.709434439
2025-10-14 15:30:00,3048800.054738699
2025-10-14 16:00:00,3048800.054738699
2025-10-14 16:30:00,3048800.054738699
2025-10-14 17:00:00,3048800.054738699
2025-10-14 17:30:00,3048800.054738699
2025-10-14 18:00:00,3048800.054738699
2025-10-15 01:00:00,3048800.054738699
2025-10-15 01:30:00,3046765.1502462546
2025-10-15 02:00:00,3045634.8812796474
2025-10-15 02:30:00,3045634.8812796474
2025-10-15 03:00:00,3044847.148557232
2025-10-15 05:00:00,3044847.148557232
2025-10-15 05:30:00,3043083.6381547768
2025-10-15 06:00:00,3041544.1497495444
2025-10-15 06:30:00,3041544.1497495444
2025-10-15 07:00:00,3041110.6773042795
2025-10-15 13:00:00,3041110.6773042795
2025-10-15 13:30:00,3040567.836247059
2025-10-15 14:00:00,3040379.3484265
2025-10-15 14:30:00,3040379.3484265
2025-10-15 15:00:00,3040379.3484265
2025-10-15 15:30:00,3040379.3484265
2025-10-15 16:00:00,3040379.3484265
2025-10-15 16:30:00,3040379.3484265
2025-10-15 17:00:00,3040379.3484265
2025-10-15 17:30:00,3040379.3484265
2025-10-15 18:00:00,3040379.3484265
2025-10-16 01:00:00,3040379.3484265
2025-10-16 01:30:00,3043937.170254163
2025-10-16 02:00:00,3043648.082871287
2025-10-16 02:30:00,3043306.0362333143
2025-10-16 03:00:00,3043306.0362333143
2025-10-16 05:00:00,3043306.0362333143
2025-10-16 05:30:00,3044022.9858632963
2025-10-16 06:00:00,3039589.387375774
2025-10-16 06:30:00,3039589.387375774
2025-10-16 07:00:00,3039589.387375774
2025-10-16 13:00:00,3039589.387375774
2025-10-16 13:30:00,3039589.387375774
2025-10-16 14:00:00,3039589.387375774
2025-10-16 14:30:00,3039589.387375774
2025-10-16 15:00:00,3039589.387375774
2025-10-16 15:30:00,3039589.387375774
2025-10-16 16:00:00,3039589.387375774
2025-10-16 16:30:00,3039589.387375774
2025-10-16 17:00:00,3039589.387375774
2025-10-16 17:30:00,3039589.387375774
2025-10-16 18:00:00,3039589.387375774
2025-10-17 01:00:00,3038105.00368312
2025-10-17 01:30:00,3037077.908782291
2025-10-17 02:00:00,3037612.368231785
2025-10-17 02:30:00,3035571.2525594104
2025-10-17 03:00:00,3035571.2525594104
2025-10-17 05:00:00,3035571.2525594104
2025-10-17 05:30:00,3035571.2525594104
2025-10-17 06:00:00,3035571.2525594104
2025-10-17 06:30:00,3035571.2525594104
2025-10-17 07:00:00,3035571.2525594104
2025-10-17 13:00:00,3034147.239317967
2025-10-17 13:30:00,3035111.049200735
2025-10-17 14:00:00,3033411.049200735
2025-10-17 14:30:00,3030881.5585332317
2025-10-17 15:00:00,3030881.5585332317
2025-10-17 15:30:00,3030881.5585332317
2025-10-17 16:00:00,3030881.5585332317
2025-10-17 16:30:00,3030881.5585332317
2025-10-17 17:00:00,3030881.5585332317
2025-10-17 17:30:00,3030881.5585332317
2025-10-17 18:00:00,3030881.5585332317
2025-10-20 01:00:00,3035995.8159341672
2025-10-20 01:30:00,3034603.4259120966
2025-10-20 02:00:00,3034603.4259120966
2025-10-20 02:30:00,3033091.007229359
2025-10-20 03:00:00,3031699.196550366
2025-10-20 05:00:00,3031699.196550366
2025-10-20 05:30:00,3033120.015622202
2025-10-20 06:00:00,3032581.8272035816
2025-10-20 06:30:00,3032581.8272035816
2025-10-20 07:00:00,3032581.8272035816
2025-10-20 13:00:00,3031329.886713487
2025-10-20 13:30:00,3032674.0388928326
2025-10-20 14:00:00,3032674.0388928326
2025-10-20 14:30:00,3032674.0388928326
2025-10-20 15:00:00,3032674.0388928326
2025-10-20 15:30:00,3032674.0388928326
2025-10-20 16:00:00,3032674.0388928326
2025-10-20 16:30:00,3032674.0388928326
2025-10-20 17:00:00,3032674.0388928326
2025-10-20 17:30:00,3032674.0388928326
2025-10-20 18:00:00,3032674.0388928326
2025-10-21 01:00:00,3031876.788329106
2025-10-21 01:30:00,3029852.9322218974
2025-10-21 02:00:00,3030100.9715466443
2025-10-21 02:30:00,3030720.9715466443
2025-10-21 03:00:00,3029232.0252903267
2025-10-21 05:00:00,3029232.0252903267
2025-10-21 05:30:00,3029190.3458762164
2025-10-21 06:00:00,3025971.8478777
2025-10-21 06:30:00,3025971.8478777
2025-10-21 07:00:00,3025971.8478777
2025-10-21 13:00:00,3024612.54919751
2025-10-21 13:30:00,3024612.54919751
2025-10-21 14:00:00,3024612.54919751
2025-10-21 14:30:00,3024612.54919751
2025-10-21 15:00:00,3024612.54919751
2025-10-21 15:30:00,3021333.008577255
2025-10-21 16:00:00,3021333.008577255
2025-10-21 16:30:00,3021333.008577255
2025-10-21 17:00:00,3021333.008577255
2025-10-21 17:30:00,3021333.008577255
2025-10-21 18:00:00,3021333.008577255
2025-10-22 01:00:00,3021333.008577255
2025-10-22 01:30:00,3021371.1343627316
2025-10-22 02:00:00,3014521.2796265893
2025-10-22 02:30:00,3013485.462649654
2025-10-22 03:00:00,3013485.462649654
2025-10-22 05:00:00,3013485.462649654
2025-10-22 05:30:00,3015185.462649654
2025-10-22 06:00:00,3021985.462649654
2025-10-22 06:30:00,3017185.462649654
2025-10-22 07:00:00,3017185.462649654
2025-10-22 13:00:00,3017047.1686633066
2025-10-22 13:30:00,3017247.1686633066
2025-10-22 14:00:00,3018979.5825655097
2025-10-22 14:30:00,3018459.138054164
2025-10-22 15:00:00,3018459.138054164
2025-10-22 15:30:00,3018459.138054164
2025-10-22 16:00:00,3018459.138054164
2025-10-22 16:30:00,3018459.138054164
2025-10-22 17:00:00,3018459.138054164
2025-10-22 17:30:00,3018459.138054164
2025-10-22 18:00:00,3018459.138054164
2025-10-23 01:00:00,3016880.1961457864
2025-10-23 01:30:00,3016880.1961457864
2025-10-23 02:00:00,3016880.1961457864
2025-10-23 02:30:00,3016880.1961457864
2025-10-23 03:00:00,3016309.3870810005
2025-10-23 05:00:00,3016309.3870810005
2025-10-23 05:30:00,3016309.3870810005
2025-10-23 06:00:00,3017718.37123809
2025-10-23 06:30:00,2987901.2841782146
2025-10-23 07:00:00,2987469.2011875142
2025-10-23 13:00:00,2987469.2011875142
2025-10-23 13:30:00,2986924.69203654
2025-10-23 14:00:00,2988486.4672019333
2025-10-23 14:30:00,2988387.5181946065
2025-10-23 15:00:00,2988387.5181946065
2025-10-23 15:30:00,2988387.5181946065
2025-10-23 16:00:00,2988387.5181946065
2025-10-23 16:30:00,2988387.5181946065
2025-10-23 17:00:00,2988387.5181946065
2025-10-23 17:30:00,2988387.5181946065
2025-10-23 18:00:00,2988387.5181946065
2025-10-24 01:00:00,2988387.5181946065
2025-10-24 01:30:00,2987260.5135327815
2025-10-24 02:00:00,2992177.880124888
2025-10-24 02:30:00,2991938.1393964356
2025-10-24 03:00:00,2995205.215529386
2025-10-24 05:00:00,2995205.215529386
2025-10-24 05:30:00,2995205.215529386
2025-10-24 06:00:00,2995205.215529386
2025-10-24 06:30:00,2995205.215529386
2025-10-24 07:00:00,2995205.215529386
2025-10-24 13:00:00,2995826.7851831126
2025-10-24 13:30:00,2988994.5099963513
2025-10-24 14:00:00,2988994.5099963513
2025-10-24 14:30:00,2988565.7553213276
2025-10-24 15:00:00,2988565.7553213276
2025-10-24 15:30:00,2988565.7553213276
2025-10-24 16:00:00,2988565.7553213276
2025-10-24 16:30:00,2988565.7553213276
2025-10-24 17:00:00,2988565.7553213276
2025-10-24 17:30:00,2988565.7553213276
2025-10-24 18:00:00,2987277.2363868807
2025-10-27 01:00:00,2987218.72876793
2025-10-27 01:30:00,2986557.383790992
2025-10-27 02:00:00,2985217.1351149553
2025-10-27 02:30:00,2984633.5236401986
2025-10-27 03:00:00,2983350.964516816
2025-10-27 05:00:00,2983350.964516816
2025-10-27 05:30:00,2982728.499091629
2025-10-27 06:00:00,2982728.499091629
2025-10-27 06:30:00,2982728.499091629
2025-10-27 07:00:00,2982728.499091629
2025-10-27 13:00:00,2986557.985400162
2025-10-27 13:30:00,2984867.1479107905
2025-10-27 14:00:00,2984867.1479107905
2025-10-27 14:30:00,2984867.1479107905
2025-10-27 15:00:00,2984867.1479107905
2025-10-27 15:30:00,2984867.1479107905
2025-10-27 16:00:00,2984867.1479107905
2025-10-27 16:30:00,2984867.1479107905
2025-10-27 17:00:00,2984867.1479107905
2025-10-27 17:30:00,2984867.1479107905
2025-10-27 18:00:00,2985625.111949109
2025-10-28 01:00:00,2985625.111949109
2025-10-28 01:30:00,2988910.7085831882
2025-10-28 02:00:00,2989657.3468163754
2025-10-28 02:30:00,2987657.3468163754
2025-10-28 03:00:00,2986457.424160799
2025-10-28 05:00:00,2986457.424160799
2025-10-28 05:30:00,2986457.424160799
2025-10-28 06:00:00,3126804.402669662
2025-10-28 06:30:00,3126804.402669662
2025-10-28 07:00:00,3126804.402669662
2025-10-28 13:00:00,3127404.402669662
2025-10-28 13:30:00,3126773.49299524
2025-10-28 14:00:00,3125483.1277140332
2025-10-28 14:30:00,3125483.1277140332
2025-10-28 15:00:00,3125483.1277140332
2025-10-28 15:30:00,3131847.0901982794
2025-10-28 16:00:00,3131847.0901982794
2025-10-28 16:30:00,3131847.0901982794
2025-10-28 17:00:00,3131847.0901982794
2025-10-28 17:30:00,3131847.0901982794
2025-10-28 18:00:00,3131847.0901982794
2025-10-29 01:00:00,3131847.0901982794
2025-10-29 01:30:00,3131348.016977538
2025-10-29 02:00:00,3131271.3704588944
2025-10-29 02:30:00,3131116.287359425
2025-10-29 03:00:00,3130447.028141977
2025-10-29 05:00:00,3130447.028141977
2025-10-29 05:30:00,3129716.8732833737
2025-10-29 06:00:00,3129556.8732833737
2025-10-29 06:30:00,3129556.8732833737
2025-10-29 07:00:00,3129556.8732833737
2025-10-29 13:00:00,3129556.8732833737
2025-10-29 13:30:00,3128587.3133622906
2025-10-29 14:00:00,3129782.8153757444
2025-10-29 14:30:00,3129782.8153757444
2025-10-29 15:00:00,3129782.8153757444
2025-10-29 15:30:00,3129782.8153757444
2025-10-29 16:00:00,3129782.8153757444
2025-10-29 16:30:00,3129782.8153757444
2025-10-29 17:00:00,3129782.8153757444
2025-10-29 17:30:00,3129782.8153757444
2025-10-29 18:00:00,3129782.8153757444
2025-10-30 01:00:00,3129782.8153757444
2025-10-30 01:30:00,3128204.9438671065
2025-10-30 02:00:00,3128204.9438671065
2025-10-30 02:30:00,3127621.2844275604
2025-10-30 03:00:00,3127621.2844275604
2025-10-30 05:00:00,3127621.2844275604
2025-10-30 05:30:00,3126973.031179117
2025-10-30 06:00:00,3134763.0842518895
2025-10-30 06:30:00,3134763.0842518895
2025-10-30 07:00:00,3134763.0842518895
2025-10-30 13:00:00,3134763.0842518895
2025-10-30 13:30:00,3133678.6017918587
2025-10-30 14:00:00,3133678.6017918587
2025-10-30 14:30:00,3133753.6536221597
2025-10-30 15:00:00,3133753.6536221597
2025-10-30 15:30:00,3133753.6536221597
2025-10-30 16:00:00,3133753.6536221597
2025-10-30 16:30:00,3133753.6536221597
2025-10-30 17:00:00,3133753.6536221597
2025-10-30 17:30:00,3133753.6536221597
2025-10-30 18:00:00,3133753.6536221597
2025-10-31 01:00:00,3133753.6536221597
2025-10-31 01:30:00,3142274.370186075
2025-10-31 02:00:00,3142975.3563139443
2025-10-31 02:30:00,3144727.8124915375
2025-10-31 03:00:00,3149120.901875578
2025-10-31 05:00:00,3149120.901875578
2025-10-31 05:30:00,3149120.901875578
2025-10-31 06:00:00,3147288.3264112743
2025-10-31 06:30:00,3147288.3264112743
2025-10-31 07:00:00,3147288.3264112743
2025-10-31 13:00:00,3146523.472066094
2025-10-31 13:30:00,3145915.185532647
2025-10-31 14:00:00,3145915.185532647
2025-10-31 14:30:00,3144721.6927619833
2025-10-31 15:00:00,3144721.6927619833
2025-10-31 15:30:00,3144721.6927619833
2025-10-31 16:00:00,3144721.6927619833
2025-10-31 16:30:00,3144721.6927619833
2025-10-31 17:00:00,3144721.6927619833
2025-10-31 17:30:00,3144721.6927619833
2025-10-31 18:00:00,3144721.6927619833
2025-11-03 01:00:00,3144721.6927619833
2025-11-03 01:30:00,3143381.6075654305
2025-11-03 02:00:00,3144359.7259371183
2025-11-03 02:30:00,3143839.7259371183
2025-11-03 03:00:00,3150967.2429807973
2025-11-03 05:00:00,3150967.2429807973
2025-11-03 05:30:00,3150574.6063273796
2025-11-03 06:00:00,3150574.6063273796
2025-11-03 06:30:00,3150574.6063273796
2025-11-03 07:00:00,3150574.6063273796
2025-11-03 13:00:00,3150574.6063273796
2025-11-03 13:30:00,3145704.113548905
2025-11-03 14:00:00,3145704.113548905
2025-11-03 14:30:00,3145704.113548905
2025-11-03 15:00:00,3145704.113548905
2025-11-03 15:30:00,3144593.295525589
2025-11-03 16:00:00,3144593.295525589
2025-11-03 16:30:00,3144593.295525589
2025-11-03 17:00:00,3144593.295525589
2025-11-03 17:30:00,3144593.295525589
2025-11-03 18:00:00,3144593.295525589
2025-11-04 01:00:00,3144593.295525589
2025-11-04 01:30:00,3146126.3845310924
2025-11-04 02:00:00,3150601.57304675
2025-11-04 02:30:00,3151473.4669722775
2025-11-04 03:00:00,3150750.712199157
2025-11-04 05:00:00,3150750.712199157
2025-11-04 05:30:00,3150750.712199157
2025-11-04 06:00:00,3150750.712199157
2025-11-04 06:30:00,3150750.712199157
2025-11-04 07:00:00,3150750.712199157
2025-11-04 13:00:00,3150750.712199157
2025-11-04 13:30:00,3153181.671685281
2025-11-04 14:00:00,3153181.671685281
2025-11-04 14:30:00,3153181.671685281
2025-11-04 15:00:00,3153181.671685281
2025-11-04 15:30:00,3153181.671685281
2025-11-04 16:00:00,3153181.671685281
2025-11-04 16:30:00,3148246.829006207
2025-11-04 17:00:00,3148246.829006207
2025-11-04 17:30:00,3148246.829006207
2025-11-04 18:00:00,3148246.829006207
2025-11-05 01:00:00,3148246.829006207
2025-11-05 01:30:00,3148903.255796587
2025-11-05 02:00:00,3148034.9142458932
2025-11-05 02:30:00,3148034.9142458932
2025-11-05 03:00:00,3148034.9142458932
2025-11-05 05:00:00,3149634.297308497
2025-11-05 05:30:00,3148012.1721092714
2025-11-05 06:00:00,3152623.135355344
2025-11-05 06:30:00,3154150.9337185794
2025-11-05 07:00:00,3154150.9337185794
2025-11-05 13:00:00,3154150.9337185794
2025-11-05 13:30:00,3154150.9337185794
2025-11-05 14:00:00,3154150.9337185794
2025-11-05 14:30:00,3154150.9337185794
2025-11-05 15:00:00,3154150.9337185794
2025-11-05 15:30:00,3154150.9337185794
2025-11-05 16:00:00,3154150.9337185794
2025-11-05 16:30:00,3154150.9337185794
2025-11-05 17:00:00,3154150.9337185794
2025-11-05 17:30:00,3154150.9337185794
2025-11-05 18:00:00,3154150.9337185794
2025-11-06 01:00:00,3154150.9337185794
2025-11-06 01:30:00,3154158.795463967
2025-11-06 02:00:00,3154158.795463967
2025-11-06 02:30:00,3154158.795463967
2025-11-06 03:00:00,3152240.5927597093
2025-11-06 05:00:00,3152240.5927597093
2025-11-06 05:30:00,3152240.5927597093
2025-11-06 06:00:00,3153484.2089476334
2025-11-06 06:30:00,3153484.2089476334
2025-11-06 07:00:00,3153484.2089476334
2025-11-06 13:00:00,3153484.2089476334
2025-11-06 13:30:00,3154743.8507921495
2025-11-06 14:00:00,3154123.9349645115
2025-11-06 14:30:00,3154736.414378785
2025-11-06 15:00:00,3154736.414378785
2025-11-06 15:30:00,3154736.414378785
2025-11-06 16:00:00,3154736.414378785
2025-11-06 16:30:00,3154736.414378785
2025-11-06 17:00:00,3154736.414378785
2025-11-06 17:30:00,3154736.414378785
2025-11-06 18:00:00,3154736.414378785
2025-11-07 01:00:00,3154736.414378785
2025-11-07 01:30:00,3154920.52546258
2025-11-07 02:00:00,3159876.7450260683
2025-11-07 02:30:00,3159876.7450260683
2025-11-07 03:00:00,3159597.2516483837
2025-11-07 05:00:00,3159597.2516483837
2025-11-07 05:30:00,3159597.2516483837
2025-11-07 06:00:00,3159597.2516483837
2025-11-07 06:30:00,3158860.0476954062
2025-11-07 07:00:00,3158860.0476954062
2025-11-07 13:00:00,3158860.0476954062
2025-11-07 13:30:00,3158040.316282401
2025-11-07 14:00:00,3158040.316282401
2025-11-07 14:30:00,3158040.316282401
2025-11-07 15:00:00,3157584.5804463984
2025-11-07 15:30:00,3157584.5804463984
2025-11-07 16:00:00,3157584.5804463984
2025-11-07 16:30:00,3157584.5804463984
2025-11-07 17:00:00,3157584.5804463984
2025-11-07 17:30:00,3157584.5804463984
2025-11-07 18:00:00,3157584.5804463984
2025-11-10 01:00:00,3157170.940653792
2025-11-10 01:30:00,3155820.940653792
2025-11-10 02:00:00,3155308.658461993
2025-11-10 02:30:00,3153021.527217847
2025-11-10 03:00:00,3152913.1154863494
2025-11-10 05:00:00,3152913.1154863494
2025-11-10 05:30:00,3154393.5456196237
2025-11-10 06:00:00,3154393.5456196237
2025-11-10 06:30:00,3156407.7837387603
2025-11-10 07:00:00,3156407.7837387603
2025-11-10 13:00:00,3156407.7837387603
2025-11-10 13:30:00,3155595.152556051
2025-11-10 14:00:00,3155595.152556051
2025-11-10 14:30:00,3163637.3930100547
2025-11-10 15:00:00,3163637.3930100547
2025-11-10 15:30:00,3163637.3930100547
2025-11-10 16:00:00,3162514.783078658
2025-11-10 16:30:00,3162514.783078658
2025-11-10 17:00:00,3162514.783078658
2025-11-10 17:30:00,3162514.783078658
2025-11-10 18:00:00,3162514.783078658
2025-11-11 01:00:00,3162514.783078658
2025-11-11 01:30:00,3161735.613514772
2025-11-11 02:00:00,3161735.613514772
2025-11-11 02:30:00,3161735.613514772
2025-11-11 03:00:00,3160507.2466336098
2025-11-11 05:00:00,3160507.2466336098
2025-11-11 05:30:00,3160563.880241648
2025-11-11 06:00:00,3160563.880241648
2025-11-11 06:30:00,3159734.13678749
2025-11-11 07:00:00,3159734.13678749
2025-11-11 13:00:00,3160073.6361772097
2025-11-11 13:30:00,3157071.989963619
2025-11-11 14:00:00,3156518.503896596
2025-11-11 14:30:00,3156518.503896596
2025-11-11 15:00:00,3156518.503896596
2025-11-11 15:30:00,3158946.708845153
2025-11-11 16:00:00,3158946.708845153
2025-11-11 16:30:00,3158946.708845153
2025-11-11 17:00:00,3158946.708845153
2025-11-11 17:30:00,3158946.708845153
2025-11-11 18:00:00,3158946.708845153
2025-11-12 01:00:00,3158946.708845153
2025-11-12 01:30:00,3159221.3547960105
2025-11-12 02:00:00,3158737.18122432
2025-11-12 02:30:00,3161525.263999861
2025-11-12 03:00:00,3160816.5211034548
2025-11-12 05:00:00,3156866.710689537
2025-11-12 05:30:00,3156866.710689537
2025-11-12 06:00:00,3156155.2542644553
2025-11-12 06:30:00,3155939.1154757286
2025-11-12 07:00:00,3155939.1154757286
2025-11-12 13:00:00,3156478.807906791
2025-11-12 13:30:00,3156192.203667964
2025-11-12 14:00:00,3156192.203667964
2025-11-12 14:30:00,3156192.203667964
2025-11-12 15:00:00,3156192.203667964
2025-11-12 15:30:00,3156192.203667964
2025-11-12 16:00:00,3156192.203667964
2025-11-12 16:30:00,3156192.203667964
2025-11-12 17:00:00,3156192.203667964
2025-11-12 17:30:00,3156192.203667964
2025-11-12 18:00:00,3156192.203667964
2025-11-13 01:00:00,3156192.203667964
2025-11-13 01:30:00,3155144.963616013
2025-11-13 02:00:00,3154389.921634288
2025-11-13 02:30:00,3153692.3348463904
2025-11-13 03:00:00,3154702.4921811074
2025-11-13 05:00:00,3154702.4921811074
2025-11-13 05:30:00,3154702.4921811074
2025-11-13 06:00:00,3154702.4921811074
2025-11-13 06:30:00,3154201.5492152106
2025-11-13 07:00:00,3154201.5492152106
2025-11-13 13:00:00,3154201.5492152106
2025-11-13 13:30:00,3160370.5892465855
2025-11-13 14:00:00,3160370.5892465855
2025-11-13 14:30:00,3160370.5892465855
2025-11-13 15:00:00,3160370.5892465855
2025-11-13 15:30:00,3160370.5892465855
2025-11-13 16:00:00,3160370.5892465855
2025-11-13 16:30:00,3160370.5892465855
2025-11-13 17:00:00,3160370.5892465855
2025-11-13 17:30:00,3160370.5892465855
2025-11-13 18:00:00,3160370.5892465855
2025-11-14 01:00:00,3161210.8980283495
2025-11-14 01:30:00,3159857.0837628655
2025-11-14 02:00:00,3159792.2126668296
2025-11-14 02:30:00,3158508.2901937007
2025-11-14 03:00:00,3158508.2901937007
2025-11-14 05:00:00,3158508.2901937007
2025-11-14 05:30:00,3159455.2994528236
2025-11-14 06:00:00,3159634.80372312
2025-11-14 06:30:00,3161219.013667723
2025-11-14 07:00:00,3161219.013667723
2025-11-14 13:00:00,3161080.2058167965
2025-11-14 13:30:00,3160771.2852273867
2025-11-14 14:00:00,3160771.2852273867
2025-11-14 14:30:00,3160771.2852273867
2025-11-14 15:00:00,3160771.2852273867
2025-11-14 15:30:00,3160771.2852273867
2025-11-14 16:00:00,3152838.380874164
2025-11-14 16:30:00,3152838.380874164
2025-11-14 17:00:00,3152838.380874164
2025-11-14 17:30:00,3152838.380874164
2025-11-14 18:00:00,3152838.380874164
2025-11-17 01:00:00,3152838.380874164
2025-11-17 01:30:00,3144517.756959789
2025-11-17 02:00:00,3144016.549302778
2025-11-17 02:30:00,3144016.549302778
2025-11-17 03:00:00,3138786.483989902
2025-11-17 05:00:00,3138786.483989902
2025-11-17 05:30:00,3141278.1036662683
2025-11-17 06:00:00,3141278.1036662683
2025-11-17 06:30:00,3141047.2886930127
2025-11-17 07:00:00,3141047.2886930127
2025-11-17 13:00:00,3144127.889174357
2025-11-17 13:30:00,3143462.9411086645
2025-11-17 14:00:00,3143462.9411086645
2025-11-17 14:30:00,3144982.050080279
2025-11-17 15:00:00,3144982.050080279
2025-11-17 15:30:00,3144982.050080279
2025-11-17 16:00:00,3144982.050080279
2025-11-17 16:30:00,3144982.050080279
2025-11-17 17:00:00,3144982.050080279
2025-11-17 17:30:00,3144982.050080279
2025-11-17 18:00:00,3144982.050080279
2025-11-18 01:00:00,3144982.050080279
2025-11-18 01:30:00,3149978.650535303
2025-11-18 02:00:00,3148989.5071466747
2025-11-18 02:30:00,3148989.5071466747
2025-11-18 03:00:00,3153293.5062865727
2025-11-18 05:00:00,3153293.5062865727
2025-11-18 05:30:00,3153293.5062865727
2025-11-18 06:00:00,3153293.5062865727
2025-11-18 06:30:00,3152773.788358147
2025-11-18 07:00:00,3152773.788358147
2025-11-18 13:00:00,3152773.788358147
2025-11-18 13:30:00,3152773.788358147
2025-11-18 14:00:00,3152773.788358147
2025-11-18 14:30:00,3152773.788358147
2025-11-18 15:00:00,3152773.788358147
2025-11-18 15:30:00,3152773.788358147
2025-11-18 16:00:00,3152773.788358147
2025-11-18 16:30:00,3152773.788358147
2025-11-18 17:00:00,3152773.788358147
2025-11-18 17:30:00,3152773.788358147
2025-11-18 18:00:00,3152773.788358147
2025-11-19 01:00:00,3152773.788358147
2025-11-19 01:30:00,3152450.626646974
2025-11-19 02:00:00,3172530.646795064
2025-11-19 02:30:00,3172530.646795064
2025-11-19 03:00:00,3173517.7164274785
2025-11-19 05:00:00,3173517.7164274785
2025-11-19 05:30:00,3172402.9744332246
2025-11-19 06:00:00,3172012.7148037544
2025-11-19 06:30:00,3172012.7148037544
2025-11-19 07:00:00,3172012.7148037544
2025-11-19 13:00:00,3172553.109474232
2025-11-19 13:30:00,3159513.5849167295
2025-11-19 14:00:00,3159200.1415862446
2025-11-19 14:30:00,3159200.1415862446
2025-11-19 15:00:00,3159200.1415862446
2025-11-19 15:30:00,3159200.1415862446
2025-11-19 16:00:00,3159200.1415862446
2025-11-19 16:30:00,3159200.1415862446
2025-11-19 17:00:00,3159200.1415862446
2025-11-19 17:30:00,3159200.1415862446
2025-11-19 18:00:00,3159200.1415862446
2025-11-20 01:00:00,3159200.1415862446
2025-11-20 01:30:00,3159465.8902667137
2025-11-20 02:00:00,3159465.8902667137
2025-11-20 02:30:00,3161508.6030107806
2025-11-20 03:00:00,3160910.3529513595
2025-11-20 05:00:00,3160552.809425417
2025-11-20 05:30:00,3168558.253382428
2025-11-20 06:00:00,3172780.3370479844
2025-11-20 06:30:00,3172780.3370479844
2025-11-20 07:00:00,3172780.3370479844
2025-11-20 13:00:00,3172780.3370479844
2025-11-20 13:30:00,3172117.83869978
2025-11-20 14:00:00,3172117.83869978
2025-11-20 14:30:00,3171302.509235384
2025-11-20 15:00:00,3171302.509235384
2025-11-20 15:30:00,3171302.509235384
2025-11-20 16:00:00,3171302.509235384
2025-11-20 16:30:00,3168316.8358155685
2025-11-20 17:00:00,3168316.8358155685
2025-11-20 17:30:00,3168316.8358155685
2025-11-20 18:00:00,3168316.8358155685
2025-11-21 01:00:00,3168316.8358155685
2025-11-21 01:30:00,3167472.547359637
2025-11-21 02:00:00,3167472.547359637
2025-11-21 02:30:00,3166952.547359637
2025-11-21 03:00:00,3168597.6748325774
2025-11-21 05:00:00,3168597.6748325774
2025-11-21 05:30:00,3168783.041666748
2025-11-21 06:00:00,3168783.041666748
2025-11-21 06:30:00,3168783.041666748
2025-11-21 07:00:00,3168783.041666748
2025-11-21 13:00:00,3168783.041666748
2025-11-21 13:30:00,3168805.622903409
2025-11-21 14:00:00,3168805.622903409
2025-11-21 14:30:00,3168805.622903409
2025-11-21 15:00:00,3168805.622903409
2025-11-21 15:30:00,3168805.622903409
2025-11-21 16:00:00,3168805.622903409
2025-11-21 16:30:00,3168805.622903409
2025-11-21 17:00:00,3168805.622903409
2025-11-21 17:30:00,3168805.622903409
2025-11-21 18:00:00,3168805.622903409
2025-11-24 01:00:00,3168827.737954585
2025-11-24 01:30:00,3170417.4789140904
2025-11-24 02:00:00,3170417.4789140904
2025-11-24 02:30:00,3170045.667402094
2025-11-24 03:00:00,3170045.667402094
2025-11-24 05:00:00,3169983.1917900587
2025-11-24 05:30:00,3169983.1917900587
2025-11-24 06:00:00,3169983.1917900587
2025-11-24 06:30:00,3169983.1917900587
2025-11-24 07:00:00,3169983.1917900587
2025-11-24 13:00:00,3169772.2583850976
2025-11-24 13:30:00,3168254.8473079936
2025-11-24 14:00:00,3166915.021232349
2025-11-24 14:30:00,3166915.021232349
2025-11-24 15:00:00,3166915.021232349
2025-11-24 15:30:00,3166915.021232349
2025-11-24 16:00:00,3166915.021232349
2025-11-24 16:30:00,3166915.021232349
2025-11-24 17:00:00,3166915.021232349
2025-11-24 17:30:00,3166915.021232349
2025-11-24 18:00:00,3166915.021232349
2025-11-25 01:00:00,3166915.021232349
2025-11-25 01:30:00,3168816.060075202
2025-11-25 02:00:00,3168502.357566465
2025-11-25 02:30:00,3167127.3317827075
2025-11-25 03:00:00,3166510.0885204114
2025-11-25 05:00:00,3166510.0885204114
2025-11-25 05:30:00,3166510.0885204114
2025-11-25 06:00:00,3166510.0885204114
2025-11-25 06:30:00,3165423.359858872
2025-11-25 07:00:00,3165423.359858872
2025-11-25 13:00:00,3165308.1262291013
2025-11-25 13:30:00,3165027.029867293
2025-11-25 14:00:00,3166314.5617569597
2025-11-25 14:30:00,3166314.5617569597
2025-11-25 15:00:00,3162630.492066448
2025-11-25 15:30:00,3162630.492066448
2025-11-25 16:00:00,3162630.492066448
2025-11-25 16:30:00,3162630.492066448
2025-11-25 17:00:00,3162630.492066448
2025-11-25 17:30:00,3162582.9359629876
2025-11-25 18:00:00,3162582.9359629876
2025-11-26 01:00:00,3162582.9359629876
2025-11-26 01:30:00,3163289.6404146287
2025-11-26 02:00:00,3167933.7644800674
2025-11-26 02:30:00,3167933.7644800674
2025-11-26 03:00:00,3167919.2119670915
2025-11-26 05:00:00,3167919.2119670915
2025-11-26 05:30:00,3167919.2119670915
2025-11-26 06:00:00,3167919.2119670915
2025-11-26 06:30:00,3167919.2119670915
2025-11-26 07:00:00,3167919.2119670915
2025-11-26 13:00:00,3166605.576876941
2025-11-26 13:30:00,3162434.570554843
2025-11-26 14:00:00,3162249.602695721
2025-11-26 14:30:00,3162249.602695721
2025-11-26 15:00:00,3162249.602695721
2025-11-26 15:30:00,3162249.602695721
2025-11-26 16:00:00,3162249.602695721
2025-11-26 16:30:00,3162249.602695721
2025-11-26 17:00:00,3162249.602695721
2025-11-26 17:30:00,3162249.602695721
2025-11-26 18:00:00,3162249.602695721
2025-11-27 01:00:00,3160015.6596679827
2025-11-27 01:30:00,3159634.1517298045
2025-11-27 02:00:00,3159944.224232072
2025-11-27 02:30:00,3159914.7350820634
2025-11-27 03:00:00,3159914.7350820634
2025-11-27 05:00:00,3159914.7350820634
2025-11-27 05:30:00,3159914.7350820634
2025-11-27 06:00:00,3159914.7350820634
2025-11-27 06:30:00,3159915.410088924
2025-11-27 07:00:00,3159915.410088924
2025-11-27 13:00:00,3159915.410088924
2025-11-27 13:30:00,3159355.234887602
2025-11-27 14:00:00,3159355.234887602
2025-11-27 14:30:00,3159355.234887602
2025-11-27 15:00:00,3159355.234887602
2025-11-27 15:30:00,3159355.234887602
2025-11-27 16:00:00,3159355.234887602
2025-11-27 16:30:00,3159355.234887602
2025-11-27 17:00:00,3159355.234887602
2025-11-27 17:30:00,3159355.234887602
2025-11-27 18:00:00,3159355.234887602
2025-11-28 01:00:00,3159355.234887602
2025-11-28 01:30:00,3159355.234887602
2025-11-28 02:00:00,3161636.6861762954
2025-11-28 02:30:00,3160635.4947118256
2025-11-28 03:00:00,3156926.337805517
2025-11-28 05:00:00,3156926.337805517
2025-11-28 05:30:00,3156926.337805517
2025-11-28 06:00:00,3155120.1411581812
2025-11-28 06:30:00,3155120.1411581812
2025-11-28 07:00:00,3155120.1411581812
2025-11-28 13:00:00,3155120.1411581812
2025-11-28 13:30:00,3153964.894557993
2025-11-28 14:00:00,3153816.961445873
2025-11-28 14:30:00,3150734.417390153
2025-11-28 15:00:00,3150734.417390153
2025-11-28 15:30:00,3150734.417390153
2025-11-28 16:00:00,3150734.417390153
2025-11-28 16:30:00,3150734.417390153
2025-11-28 17:00:00,3150734.417390153
2025-11-28 17:30:00,3150734.417390153
2025-11-28 18:00:00,3150734.417390153
2025-12-01 01:00:00,3150144.7029809137
2025-12-01 01:30:00,3150846.7275920967
2025-12-01 02:00:00,3151559.1864329954
2025-12-01 02:30:00,3153000.9198618485
2025-12-01 03:00:00,3163324.6074669845
2025-12-01 05:00:00,3163324.6074669845
2025-12-01 05:30:00,3163324.6074669845
2025-12-01 06:00:00,3163539.3256073003
2025-12-01 06:30:00,3163539.3256073003
2025-12-01 07:00:00,3163539.3256073003
2025-12-01 13:00:00,3161146.6496359557
2025-12-01 13:30:00,3162366.070827187
2025-12-01 14:00:00,3162366.070827187
2025-12-01 14:30:00,3162366.070827187
2025-12-01 15:00:00,3162366.070827187
2025-12-01 15:30:00,3162366.070827187
2025-12-01 16:00:00,3162366.070827187
2025-12-01 16:30:00,3162366.070827187
2025-12-01 17:00:00,3162366.070827187
2025-12-01 17:30:00,3162366.070827187
2025-12-01 18:00:00,3162366.070827187
2025-12-02 01:00:00,3162772.9116490465
2025-12-02 01:30:00,3161118.676844795
2025-12-02 02:00:00,3169759.1793253426
2025-12-02 02:30:00,3169759.1793253426
2025-12-02 03:00:00,3169219.439085263
2025-12-02 05:00:00,3169219.439085263
2025-12-02 05:30:00,3168299.639195254
2025-12-02 06:00:00,3167957.0750335087
2025-12-02 06:30:00,3167957.0750335087
2025-12-02 07:00:00,3167957.0750335087
2025-12-02 13:00:00,3167957.0750335087
2025-12-02 13:30:00,3168269.4864963912
2025-12-02 14:00:00,3168269.4864963912
2025-12-02 14:30:00,3168269.4864963912
2025-12-02 15:00:00,3168269.4864963912
2025-12-02 15:30:00,3165828.491328298
2025-12-02 16:00:00,3165828.491328298
2025-12-02 16:30:00,3165828.491328298
2025-12-02 17:00:00,3165828.491328298
2025-12-02 17:30:00,3165828.491328298
2025-12-02 18:00:00,3165828.491328298
2025-12-03 01:00:00,3165828.491328298
2025-12-03 01:30:00,3166071.32214333
2025-12-03 02:00:00,3166207.967297633
2025-12-03 02:30:00,3166207.967297633
2025-12-03 03:00:00,3165504.3204574003
2025-12-03 05:00:00,3165504.3204574003
2025-12-03 05:30:00,3165504.3204574003
2025-12-03 06:00:00,3162144.7342850883
2025-12-03 06:30:00,3161761.5235168715
2025-12-03 07:00:00,3161761.5235168715
2025-12-03 13:00:00,3161761.5235168715
2025-12-03 13:30:00,3147273.4362199437
2025-12-03 14:00:00,3143079.7178271567
2025-12-03 14:30:00,3141256.8304595794
2025-12-03 15:00:00,3141256.8304595794
2025-12-03 15:30:00,3141256.8304595794
2025-12-03 16:00:00,3141256.8304595794
2025-12-03 16:30:00,3141256.8304595794
2025-12-03 17:00:00,3138265.20047055
2025-12-03 17:30:00,3138265.20047055
2025-12-03 18:00:00,3138265.20047055
2025-12-04 01:00:00,3138265.20047055
2025-12-04 01:30:00,3137380.155456942
2025-12-04 02:00:00,3134288.3074613675
2025-12-04 02:30:00,3134288.3074613675
2025-12-04 03:00:00,3136218.9299895833
2025-12-04 05:00:00,3136218.9299895833
2025-12-04 05:30:00,3136218.9299895833
2025-12-04 06:00:00,3131976.909388114
2025-12-04 06:30:00,3131724.8335187375
2025-12-04 07:00:00,3131724.8335187375
2025-12-04 13:00:00,3131724.8335187375
2025-12-04 13:30:00,3131498.8147706627
2025-12-04 14:00:00,3131498.8147706627
2025-12-04 14:30:00,3127073.8659301433
2025-12-04 15:00:00,3127073.8659301433
2025-12-04 15:30:00,3127073.8659301433
2025-12-04 16:00:00,3127073.8659301433
2025-12-04 16:30:00,3127073.8659301433
2025-12-04 17:00:00,3127073.8659301433
2025-12-04 17:30:00,3127073.8659301433
2025-12-04 18:00:00,3127073.8659301433
2025-12-05 01:00:00,3127073.8659301433
2025-12-05 01:30:00,3127073.8659301433
2025-12-05 02:00:00,3126701.411035582
2025-12-05 02:30:00,3127067.192661327
2025-12-05 03:00:00,3126196.414130541
2025-12-05 05:00:00,3126196.414130541
2025-12-05 05:30:00,3126196.414130541
2025-12-05 06:00:00,3131956.414130541
2025-12-05 06:30:00,3131956.414130541
2025-12-05 07:00:00,3131956.414130541
2025-12-05 13:00:00,3131956.414130541
2025-12-05 13:30:00,3130916.414130541
2025-12-05 14:00:00,3130916.414130541
2025-12-05 14:30:00,3130916.414130541
2025-12-05 15:00:00,3130916.414130541
2025-12-05 15:30:00,3130916.414130541
2025-12-05 16:00:00,3130916.414130541
2025-12-05 16:30:00,3137899.2344155065
2025-12-05 17:00:00,3137899.2344155065
2025-12-05 17:30:00,3137899.2344155065
2025-12-05 18:00:00,3137899.2344155065
2025-12-08 01:00:00,3137899.2344155065
2025-12-08 01:30:00,3137462.5872674217
2025-12-08 02:00:00,3137185.709363955
2025-12-08 02:30:00,3137185.709363955
2025-12-08 03:00:00,3137185.709363955
2025-12-08 05:00:00,3137185.709363955
2025-12-08 05:30:00,3137185.709363955
2025-12-08 06:00:00,3139914.4168518013
2025-12-08 06:30:00,3139914.4168518013
2025-12-08 07:00:00,3139914.4168518013
2025-12-08 13:00:00,3141939.774035488
2025-12-08 13:30:00,3141276.304432466
2025-12-08 14:00:00,3141276.304432466
2025-12-08 14:30:00,3141276.304432466
2025-12-08 15:00:00,3141276.304432466
2025-12-08 15:30:00,3141276.304432466
2025-12-08 16:00:00,3141276.304432466
2025-12-08 16:30:00,3141276.304432466
2025-12-08 17:00:00,3141276.304432466
2025-12-08 17:30:00,3141276.304432466
2025-12-08 18:00:00,3141276.304432466
2025-12-09 01:00:00,3141276.304432466
2025-12-09 01:30:00,3141276.304432466
2025-12-09 02:00:00,3150773.1118855546
2025-12-09 02:30:00,3150773.1118855546
2025-12-09 03:00:00,3158658.87541612
2025-12-09 05:00:00,3158658.87541612
2025-12-09 05:30:00,3167399.909335691
2025-12-09 06:00:00,3166437.3969752346
2025-12-09 06:30:00,3166155.005230913
2025-12-09 07:00:00,3166155.005230913
2025-12-09 13:00:00,3166995.153980522
2025-12-09 13:30:00,3165977.745034273
2025-12-09 14:00:00,3164327.745034273
2025-12-09 14:30:00,3164327.745034273
2025-12-09 15:00:00,3164327.745034273
2025-12-09 15:30:00,3164240.6712165987
2025-12-09 16:00:00,3164240.6712165987
2025-12-09 16:30:00,3164240.6712165987
2025-12-09 17:00:00,3164240.6712165987
2025-12-09 17:30:00,3164240.6712165987
2025-12-09 18:00:00,3164240.6712165987
2025-12-10 01:00:00,3164164.0335991206
2025-12-10 01:30:00,3162741.220210053
2025-12-10 02:00:00,3162741.220210053
2025-12-10 02:30:00,3162741.220210053
2025-12-10 03:00:00,3162741.220210053
2025-12-10 05:00:00,3162741.220210053
2025-12-10 05:30:00,3162741.220210053
2025-12-10 06:00:00,3165061.849261732
2025-12-10 06:30:00,3154556.0247917003
2025-12-10 07:00:00,3154556.0247917003
2025-12-10 13:00:00,3154323.9337458867
2025-12-10 13:30:00,3156883.5411150465
2025-12-10 14:00:00,3162598.3951823446
2025-12-10 14:30:00,3162598.3951823446
2025-12-10 15:00:00,3162598.3951823446
2025-12-10 15:30:00,3162598.3951823446
2025-12-10 16:00:00,3162598.3951823446
2025-12-10 16:30:00,3162598.3951823446
2025-12-10 17:00:00,3162598.3951823446
2025-12-10 17:30:00,3162598.3951823446
2025-12-10 18:00:00,3162598.3951823446
2025-12-11 01:00:00,3161735.6771075143
2025-12-11 01:30:00,3156470.6771075143
2025-12-11 02:00:00,3147823.5405213605
2025-12-11 02:30:00,3147823.5405213605
2025-12-11 03:00:00,3147183.6258281777
2025-12-11 05:00:00,3147183.6258281777
2025-12-11 05:30:00,3133971.6469135387
2025-12-11 06:00:00,3132964.503996603
2025-12-11 06:30:00,3132964.503996603
2025-12-11 07:00:00,3132964.503996603
2025-12-11 13:00:00,3132040.9997599935
2025-12-11 13:30:00,3132040.9997599935
2025-12-11 14:00:00,3130850.1283311336
2025-12-11 14:30:00,3130850.1283311336
2025-12-11 15:00:00,3130850.1283311336
2025-12-11 15:30:00,3130850.1283311336
2025-12-11 16:00:00,3130850.1283311336
2025-12-11 16:30:00,3130850.1283311336
2025-12-11 17:00:00,3130850.1283311336
2025-12-11 17:30:00,3130850.1283311336
2025-12-11 18:00:00,3130850.1283311336
2025-12-12 01:00:00,3130850.1283311336
2025-12-12 01:30:00,3127409.5316730323
2025-12-12 02:00:00,3127888.1360773556
2025-12-12 02:30:00,3130696.9888016777
2025-12-12 03:00:00,3115216.34674596
2025-12-12 05:00:00,3115216.34674596
2025-12-12 05:30:00,3115216.34674596
2025-12-12 06:00:00,3114162.9992563524
2025-12-12 06:30:00,3113122.4296452207
2025-12-12 07:00:00,3113122.4296452207
2025-12-12 13:00:00,3110474.848354627
2025-12-12 13:30:00,3100286.736680576
2025-12-12 14:00:00,3097781.254934858
2025-12-12 14:30:00,3097512.8575003548
2025-12-12 15:00:00,3097512.8575003548
2025-12-12 15:30:00,3115968.162700259
2025-12-12 16:00:00,3115968.162700259
2025-12-12 16:30:00,3115968.162700259
2025-12-12 17:00:00,3115968.162700259
2025-12-12 17:30:00,3115968.162700259
2025-12-12 18:00:00,3115968.162700259
2025-12-15 01:00:00,3115968.162700259
2025-12-15 01:30:00,3115350.5305466666
2025-12-15 02:00:00,3115350.5305466666
2025-12-15 02:30:00,3115350.5305466666
2025-12-15 03:00:00,3114669.220425304
2025-12-15 05:00:00,3114669.220425304
2025-12-15 05:30:00,3108167.024109394
2025-12-15 06:00:00,3109021.156482383
2025-12-15 06:30:00,3105449.909769242
2025-12-15 07:00:00,3105449.909769242
2025-12-15 13:00:00,3105449.909769242
2025-12-15 13:30:00,3105449.909769242
2025-12-15 14:00:00,3105449.909769242
2025-12-15 14:30:00,3105449.909769242
2025-12-15 15:00:00,3105449.909769242
2025-12-15 15:30:00,3105449.909769242
2025-12-15 16:00:00,3105449.909769242
2025-12-15 16:30:00,3105449.909769242
2025-12-15 17:00:00,3105449.909769242
2025-12-15 17:30:00,3105449.909769242
2025-12-15 18:00:00,3105449.909769242
2025-12-16 01:00:00,3105988.873446336
2025-12-16 01:30:00,3105988.873446336
2025-12-16 02:00:00,3105854.1772185992
2025-12-16 02:30:00,3105854.1772185992
2025-12-16 03:00:00,3103308.7416482624
2025-12-16 05:00:00,3103308.7416482624
2025-12-16 05:30:00,3102504.5917137344
2025-12-16 06:00:00,3102690.877570034
2025-12-16 06:30:00,3102690.877570034
2025-12-16 07:00:00,3102690.877570034
2025-12-16 13:00:00,3108753.897560762
2025-12-16 13:30:00,3108100.0536360475
2025-12-16 14:00:00,3106352.853233706
2025-12-16 14:30:00,3106352.853233706
2025-12-16 15:00:00,3106352.853233706
2025-12-16 15:30:00,3106352.853233706
2025-12-16 16:00:00,3106352.853233706
2025-12-16 16:30:00,3106352.853233706
2025-12-16 17:00:00,3106352.853233706
2025-12-16 17:30:00,3106352.853233706
2025-12-16 18:00:00,3106352.853233706
2025-12-17 01:00:00,3106352.853233706
2025-12-17 01:30:00,3107871.9003436314
2025-12-17 02:00:00,3107602.639621993
2025-12-17 02:30:00,3107182.1071622595
2025-12-17 03:00:00,3107182.1071622595
2025-12-17 05:00:00,3108586.1401570933
2025-12-17 05:30:00,3108586.1401570933
2025-12-17 06:00:00,3109957.4883160987
2025-12-17 06:30:00,3109957.4883160987
2025-12-17 07:00:00,3109957.4883160987
2025-12-17 13:00:00,3112353.0765429223
2025-12-17 13:30:00,3111653.0765429223
2025-12-17 14:00:00,3111653.0765429223
2025-12-17 14:30:00,3112307.3763454366
2025-12-17 15:00:00,3112307.3763454366
2025-12-17 15:30:00,3112307.3763454366
2025-12-17 16:00:00,3112307.3763454366
2025-12-17 16:30:00,3112307.3763454366
2025-12-17 17:00:00,3112307.3763454366
2025-12-17 17:30:00,3112307.3763454366
2025-12-17 18:00:00,3112307.3763454366
2025-12-18 01:00:00,3112307.3763454366
2025-12-18 01:30:00,3110918.689140615
2025-12-18 02:00:00,3002880.9527950236
2025-12-18 02:30:00,3002880.9527950236
2025-12-18 03:00:00,3002419.5623884737
2025-12-18 05:00:00,3002419.5623884737
2025-12-18 05:30:00,3002419.5623884737
2025-12-18 06:00:00,3001868.9083882864
2025-12-18 06:30:00,3001868.9083882864
2025-12-18 07:00:00,3001868.9083882864
2025-12-18 13:00:00,3001214.3958467157
2025-12-18 13:30:00,2998747.3724951213
2025-12-18 14:00:00,3004679.8253380866
2025-12-18 14:30:00,3004679.8253380866
2025-12-18 15:00:00,3001704.7157886024
2025-12-18 15:30:00,3001704.7157886024
2025-12-18 16:00:00,3001704.7157886024
2025-12-18 16:30:00,3001265.4522046475
2025-12-18 17:00:00,3001265.4522046475
2025-12-18 17:30:00,3001265.4522046475
2025-12-18 18:00:00,3001265.4522046475
2025-12-19 01:00:00,3001087.880878182
2025-12-19 01:30:00,3000223.369100436
2025-12-19 02:00:00,2999831.287234679
2025-12-19 02:30:00,2997704.172846256
2025-12-19 03:00:00,2997704.172846256
2025-12-19 05:00:00,2997704.172846256
2025-12-19 05:30:00,2997704.172846256
2025-12-19 06:00:00,2997761.1131928014
2025-12-19 06:30:00,2991631.9678855
2025-12-19 07:00:00,2991631.9678855
2025-12-19 13:00:00,2990941.806069888
2025-12-19 13:30:00,2991856.7297961484
2025-12-19 14:00:00,2991856.7297961484
2025-12-19 14:30:00,2991856.7297961484
2025-12-19 15:00:00,2991856.7297961484
2025-12-19 15:30:00,2991856.7297961484
2025-12-19 16:00:00,2991856.7297961484
2025-12-19 16:30:00,2991856.7297961484
2025-12-19 17:00:00,2991856.7297961484
2025-12-19 17:30:00,2991856.7297961484
2025-12-19 18:00:00,2991856.7297961484
2025-12-22 01:00:00,2992474.1989465603
2025-12-22 01:30:00,2991481.466707345
2025-12-22 02:00:00,2991481.466707345
2025-12-22 02:30:00,2991982.2238323037
2025-12-22 03:00:00,2990824.746125226
2025-12-22 05:00:00,2990824.746125226
2025-12-22 05:30:00,2990824.746125226
2025-12-22 06:00:00,2993720.202511769
2025-12-22 06:30:00,2993720.202511769
2025-12-22 07:00:00,2993720.202511769
2025-12-22 13:00:00,2993720.202511769
2025-12-22 13:30:00,2993745.484125853
2025-12-22 14:00:00,2993745.484125853
2025-12-22 14:30:00,2995587.278363576
2025-12-22 15:00:00,3001936.4829450417
2025-12-22 15:30:00,3001936.4829450417
2025-12-22 16:00:00,3001936.4829450417
2025-12-22 16:30:00,3001936.4829450417
2025-12-22 17:00:00,3001936.4829450417
2025-12-22 17:30:00,3001936.4829450417
2025-12-22 18:00:00,3001936.4829450417
2025-12-23 01:00:00,3001936.4829450417
2025-12-23 01:30:00,2999185.935123872
2025-12-23 02:00:00,2989238.8461223613
2025-12-23 02:30:00,2988349.1728355605
2025-12-23 03:00:00,2988349.1728355605
2025-12-23 05:00:00,2988349.1728355605
2025-12-23 05:30:00,2987886.369211185
2025-12-23 06:00:00,3010184.6911179023
2025-12-23 06:30:00,3016675.4797983775
2025-12-23 07:00:00,3016675.4797983775
2025-12-23 13:00:00,3016796.1920563015
2025-12-23 13:30:00,3017690.575624953
2025-12-23 14:00:00,3017690.575624953
2025-12-23 14:30:00,3017690.575624953
2025-12-23 15:00:00,3017690.575624953
2025-12-23 15:30:00,3017690.575624953
2025-12-23 16:00:00,3017690.575624953
2025-12-23 16:30:00,3017690.575624953
2025-12-23 17:00:00,3017690.575624953
2025-12-23 17:30:00,3017690.575624953
2025-12-23 18:00:00,3017690.575624953
2025-12-24 01:00:00,3017690.575624953
2025-12-24 01:30:00,3017065.6351771355
2025-12-24 02:00:00,3016446.3475476787
2025-12-24 02:30:00,3012293.2144370344
2025-12-24 03:00:00,3012293.2144370344
2025-12-24 05:00:00,3012293.2144370344
2025-12-24 05:30:00,3012293.2144370344
2025-12-24 06:00:00,3012293.2144370344
2025-12-24 06:30:00,3012293.2144370344
2025-12-24 07:00:00,3012293.2144370344
2025-12-24 13:00:00,3012293.2144370344
2025-12-24 13:30:00,3012293.2144370344
2025-12-24 14:00:00,3011543.2144370344
2025-12-24 14:30:00,3011543.2144370344
2025-12-24 15:00:00,3011543.2144370344
2025-12-24 15:30:00,3011543.2144370344
2025-12-24 16:00:00,3011543.2144370344
2025-12-24 16:30:00,3011543.2144370344
2025-12-24 17:00:00,3011543.2144370344
2025-12-24 17:30:00,3011543.2144370344
2025-12-24 18:00:00,3011543.2144370344
2025-12-25 01:00:00,3011543.2144370344
2025-12-25 01:30:00,3010112.962464651
2025-12-25 02:00:00,3009560.073913114
2025-12-25 02:30:00,3009560.073913114
2025-12-25 03:00:00,3009560.073913114
2025-12-25 05:00:00,3009560.073913114
2025-12-25 05:30:00,3009560.073913114
2025-12-25 06:00:00,3012592.7085650167
2025-12-25 06:30:00,3012196.107339471
2025-12-25 07:00:00,3012196.107339471
2025-12-25 13:00:00,3011944.5129914773
2025-12-25 13:30:00,3009623.313772492
2025-12-25 14:00:00,3009623.313772492
2025-12-25 14:30:00,3009623.313772492
2025-12-25 15:00:00,3009623.313772492
2025-12-25 15:30:00,3009623.313772492
2025-12-25 16:00:00,3009623.313772492
2025-12-25 16:30:00,3009623.313772492
2025-12-25 17:00:00,3009623.313772492
2025-12-25 17:30:00,3009623.313772492
2025-12-25 18:00:00,3009623.313772492
2025-12-26 01:00:00,3008490.380967575
2025-12-26 01:30:00,3008490.380967575
2025-12-26 02:00:00,3007665.327866162
2025-12-26 02:30:00,3007543.569470007
2025-12-26 03:00:00,3006994.330063695
2025-12-26 05:00:00,3062229.2247755025
2025-12-26 05:30:00,3062499.4784325315
2025-12-26 06:00:00,3062619.4784325315
2025-12-26 06:30:00,3062619.4784325315
2025-12-26 07:00:00,3062619.4784325315
2025-12-26 13:00:00,3062064.8122284133
2025-12-26 13:30:00,3062064.8122284133
2025-12-26 14:00:00,3062330.1998945875
2025-12-26 14:30:00,3060215.72450315
2025-12-26 15:00:00,3060215.72450315
2025-12-26 15:30:00,3060215.72450315
2025-12-26 16:00:00,3060215.72450315
2025-12-26 16:30:00,3060215.72450315
2025-12-26 17:00:00,3060215.72450315
2025-12-26 17:30:00,3060215.72450315
2025-12-26 18:00:00,3060215.72450315
2025-12-29 01:00:00,3063373.032800007
2025-12-29 01:30:00,3056610.8896199875
2025-12-29 02:00:00,3058261.332968563
2025-12-29 02:30:00,3058261.332968563
2025-12-29 03:00:00,3058261.332968563
2025-12-29 05:00:00,3058261.332968563
2025-12-29 05:30:00,3058261.332968563
2025-12-29 06:00:00,3061600.18397106
2025-12-29 06:30:00,3064247.0237736665
2025-12-29 07:00:00,3064247.0237736665
2025-12-29 13:00:00,3067205.997566278
2025-12-29 13:30:00,3067205.997566278
2025-12-29 14:00:00,3067205.997566278
2025-12-29 14:30:00,3067205.997566278
2025-12-29 15:00:00,3067205.997566278
2025-12-29 15:30:00,3067205.997566278
2025-12-29 16:00:00,3067205.997566278
2025-12-29 16:30:00,3067205.997566278
2025-12-29 17:00:00,3067205.997566278
2025-12-29 17:30:00,3067205.997566278
2025-12-29 18:00:00,3067205.997566278
2025-12-30 01:00:00,3065971.981961326
2025-12-30 01:30:00,3067927.6006358885
2025-12-30 02:00:00,3067345.1056467206
2025-12-30 02:30:00,3066784.798690289
2025-12-30 03:00:00,3072525.746071249
2025-12-30 05:00:00,3072525.746071249
2025-12-30 05:30:00,3072525.746071249
2025-12-30 06:00:00,3072525.746071249
2025-12-30 06:30:00,3072525.746071249
2025-12-30 07:00:00,3072525.746071249
2025-12-30 13:00:00,3072525.746071249
2025-12-30 13:30:00,3072525.746071249
2025-12-30 14:00:00,3072525.746071249
2025-12-30 14:30:00,3072525.746071249
2025-12-30 15:00:00,3072525.746071249
2025-12-30 15:30:00,3072525.746071249
2025-12-30 16:00:00,3072525.746071249
2025-12-30 16:30:00,3072525.746071249
2025-12-30 17:00:00,3072525.746071249
2025-12-30 17:30:00,3072525.746071249
2025-12-30 18:00:00,3072525.746071249
2025-12-31 01:00:00,3072525.746071249
2025-12-31 01:30:00,3079421.679352282
2025-12-31 02:00:00,3082780.146063872
2025-12-31 02:30:00,3081003.2411167254
2025-12-31 03:00:00,3081003.2411167254
2025-12-31 05:00:00,3072779.402760756
2025-12-31 05:30:00,3071844.166647565
2025-12-31 06:00:00,3069802.333721746
2025-12-31 06:30:00,3068637.9328499916
2025-12-31 07:00:00,3068637.9328499916
2026-01-05 01:00:00,3068637.9328499916
2026-01-05 01:30:00,3049489.15834322
2026-01-05 02:00:00,3049489.15834322
2026-01-05 02:30:00,3049489.15834322
2026-01-05 03:00:00,3049489.15834322
2026-01-05 05:00:00,3049489.15834322
2026-01-05 05:30:00,3049489.15834322
2026-01-05 06:00:00,3053304.6659096526
2026-01-05 06:30:00,3053304.6659096526
2026-01-05 07:00:00,3053304.6659096526
2026-01-05 13:00:00,3052768.9595857696
2026-01-05 13:30:00,3055540.060596789
2026-01-05 14:00:00,3055123.421621783
2026-01-05 14:30:00,3055123.421621783
2026-01-05 15:00:00,3055123.421621783
2026-01-05 15:30:00,3055123.421621783
2026-01-05 16:00:00,3055123.421621783
2026-01-05 16:30:00,3055123.421621783
2026-01-05 17:00:00,3055123.421621783
2026-01-05 17:30:00,3055123.421621783
2026-01-05 18:00:00,3055123.421621783
2026-01-06 01:00:00,3055123.421621783
2026-01-06 01:30:00,3053618.5542007503
2026-01-06 02:00:00,3055117.1096191634
2026-01-06 02:30:00,3055117.1096191634
2026-01-06 03:00:00,3053786.6945822802
2026-01-06 05:00:00,3053786.6945822802
2026-01-06 05:30:00,3054250.9904521895
2026-01-06 06:00:00,3053256.2091469057
2026-01-06 06:30:00,3053256.2091469057
2026-01-06 07:00:00,3053256.2091469057
2026-01-06 13:00:00,3053256.2091469057
2026-01-06 13:30:00,3053156.2091469057
2026-01-06 14:00:00,3072753.3567223647
2026-01-06 14:30:00,3072753.3567223647
2026-01-06 15:00:00,3072753.3567223647
2026-01-06 15:30:00,3072753.3567223647
2026-01-06 16:00:00,3072753.3567223647
2026-01-06 16:30:00,3072753.3567223647
2026-01-06 17:00:00,3072753.3567223647
2026-01-06 17:30:00,3072753.3567223647
2026-01-06 18:00:00,3072753.3567223647
2026-01-07 01:00:00,3072753.3567223647
2026-01-07 01:30:00,3089450.993638477
2026-01-07 02:00:00,3114201.0978276394
2026-01-07 02:30:00,3114500.39791
2026-01-07 03:00:00,3113914.4697786206
2026-01-07 05:00:00,3113914.4697786206
2026-01-07 05:30:00,3142672.918523856
2026-01-07 06:00:00,3156396.354621048
2026-01-07 06:30:00,3156396.354621048
2026-01-07 07:00:00,3156396.354621048
2026-01-07 13:00:00,3156396.354621048
2026-01-07 13:30:00,3163134.7075656164
2026-01-07 14:00:00,3162295.866528867
2026-01-07 14:30:00,3162295.866528867
2026-01-07 15:00:00,3162295.866528867
2026-01-07 15:30:00,3162295.866528867
2026-01-07 16:00:00,3162295.866528867
2026-01-07 16:30:00,3162295.866528867
2026-01-07 17:00:00,3162295.866528867
2026-01-07 17:30:00,3162295.866528867
2026-01-07 18:00:00,3162295.866528867
2026-01-08 01:00:00,3162295.866528867
2026-01-08 01:30:00,3175201.974618097
2026-01-08 02:00:00,3175201.974618097
2026-01-08 02:30:00,3175201.974618097
2026-01-08 03:00:00,3175246.297038681
2026-01-08 05:00:00,3175246.297038681
2026-01-08 05:30:00,3175795.994017426
2026-01-08 06:00:00,3175795.994017426
2026-01-08 06:30:00,3226770.179862249
2026-01-08 07:00:00,3226770.179862249
2026-01-08 13:00:00,3226770.179862249
2026-01-08 13:30:00,3226770.179862249
2026-01-08 14:00:00,3226770.179862249
2026-01-08 14:30:00,3226770.179862249
2026-01-08 15:00:00,3226770.179862249
2026-01-08 15:30:00,3226770.179862249
2026-01-08 16:00:00,3226770.179862249
2026-01-08 16:30:00,3226770.179862249
2026-01-08 17:00:00,3226770.179862249
2026-01-08 17:30:00,3226770.179862249
2026-01-08 18:00:00,3226770.179862249
2026-01-09 01:00:00,3226770.179862249
2026-01-09 01:30:00,3224644.179203725
2026-01-09 02:00:00,3224644.179203725
2026-01-09 02:30:00,3224644.179203725
2026-01-09 03:00:00,3221738.5736139924
2026-01-09 05:00:00,3221738.5736139924
2026-01-09 05:30:00,3220720.6713789976
2026-01-09 06:00:00,3220720.6713789976
2026-01-09 06:30:00,3220720.6713789976
2026-01-09 07:00:00,3220720.6713789976
2026-01-09 13:00:00,3220720.6713789976
2026-01-09 13:30:00,3220069.677181233
2026-01-09 14:00:00,3218327.5815735245
2026-01-09 14:30:00,3218327.5815735245
2026-01-09 15:00:00,3218327.5815735245
2026-01-09 15:30:00,3218327.5815735245
2026-01-09 16:00:00,3218327.5815735245
2026-01-09 16:30:00,3218327.5815735245
2026-01-09 17:00:00,3218327.5815735245
2026-01-09 17:30:00,3218327.5815735245
2026-01-09 18:00:00,3218327.5815735245
2026-01-12 01:00:00,3217081.083156595
2026-01-12 01:30:00,3218232.184666589
2026-01-12 02:00:00,3205540.605202254
2026-01-12 02:30:00,3205540.605202254
2026-01-12 03:00:00,3202240.4489973825
2026-01-12 05:00:00,3202240.4489973825
2026-01-12 05:30:00,3201453.2459808798
2026-01-12 06:00:00,3201453.2459808798
2026-01-12 06:30:00,3200389.303511289
2026-01-12 07:00:00,3200389.303511289
2026-01-12 13:00:00,3199275.380456609
2026-01-12 13:30:00,3197930.5916777896
2026-01-12 14:00:00,3197464.500630251
2026-01-12 14:30:00,3221690.3923563925
2026-01-12 15:00:00,3221690.3923563925
2026-01-12 15:30:00,3221690.3923563925
2026-01-12 16:00:00,3221690.3923563925
2026-01-12 16:30:00,3221690.3923563925
2026-01-12 17:00:00,3221690.3923563925
2026-01-12 17:30:00,3221690.3923563925
2026-01-12 18:00:00,3221690.3923563925
2026-01-13 01:00:00,3220140.3923563925
2026-01-13 01:30:00,3216006.586090204
2026-01-13 02:00:00,3214850.241123446
2026-01-13 02:30:00,3214850.241123446
2026-01-13 03:00:00,3215057.1042150804
2026-01-13 05:00:00,3215057.1042150804
2026-01-13 05:30:00,3215341.830390822
2026-01-13 06:00:00,3211966.0404283633
2026-01-13 06:30:00,3211290.959530939
2026-01-13 07:00:00,3210931.590768215
2026-01-13 13:00:00,3204038.7704695864
2026-01-13 13:30:00,3202912.331041554
2026-01-13 14:00:00,3202912.331041554
2026-01-13 14:30:00,3202490.5674913614
2026-01-13 15:00:00,3202490.5674913614
2026-01-13 15:30:00,3202490.5674913614
2026-01-13 16:00:00,3202490.5674913614
2026-01-13 16:30:00,3202490.5674913614
2026-01-13 17:00:00,3202490.5674913614
2026-01-13 17:30:00,3202490.5674913614
2026-01-13 18:00:00,3202490.5674913614
2026-01-14 01:00:00,3202490.5674913614
2026-01-14 01:30:00,3202490.5674913614
2026-01-14 02:00:00,3201802.863210094
2026-01-14 02:30:00,3201802.863210094
2026-01-14 03:00:00,3200846.308534247
2026-01-14 05:00:00,3200846.308534247
2026-01-14 05:30:00,3185671.793148247
2026-01-14 06:00:00,3179214.215697957
2026-01-14 06:30:00,3182931.253213665
2026-01-14 07:00:00,3182931.253213665
2026-01-14 13:00:00,3184000.8872260465
2026-01-14 13:30:00,3175390.157239885
2026-01-14 14:00:00,3175390.157239885
2026-01-14 14:30:00,3174269.9117516507
2026-01-14 15:00:00,3174269.9117516507
2026-01-14 15:30:00,3174269.9117516507
2026-01-14 16:00:00,3174269.9117516507
2026-01-14 16:30:00,3174269.9117516507
2026-01-14 17:00:00,3174269.9117516507
2026-01-14 17:30:00,3174269.9117516507
2026-01-14 18:00:00,3174269.9117516507
2026-01-15 01:00:00,3172927.818821948
2026-01-15 01:30:00,3168060.95118406
2026-01-15 02:00:00,3166734.009127434
2026-01-15 02:30:00,3166734.009127434
2026-01-15 03:00:00,3165378.7459255066
2026-01-15 05:00:00,3165378.7459255066
2026-01-15 05:30:00,3164309.5131591475
2026-01-15 06:00:00,3164309.5131591475
2026-01-15 06:30:00,3163305.2449514586
2026-01-15 07:00:00,3162742.9118932514
2026-01-15 13:00:00,3163073.747153415
2026-01-15 13:30:00,3161764.4190370846
2026-01-15 14:00:00,3161764.4190370846
2026-01-15 14:30:00,3158991.219276772
2026-01-15 15:00:00,3158991.219276772
2026-01-15 15:30:00,3157721.796909526
2026-01-15 16:00:00,3157721.796909526
2026-01-15 16:30:00,3157721.796909526
2026-01-15 17:00:00,3157721.796909526
2026-01-15 17:30:00,3157721.796909526
2026-01-15 18:00:00,3157721.796909526
2026-01-16 01:00:00,3159621.2951586894
2026-01-16 01:30:00,3160854.3777910457
2026-01-16 02:00:00,3160628.481813759
2026-01-16 02:30:00,3157489.568243188
2026-01-16 03:00:00,3153028.441577861
2026-01-16 05:00:00,3153028.441577861
2026-01-16 05:30:00,3149865.3664147025
2026-01-16 06:00:00,3145293.2116817483
2026-01-16 06:30:00,3145293.2116817483
2026-01-16 07:00:00,3145293.2116817483
2026-01-16 13:00:00,3145293.2116817483
2026-01-16 13:30:00,3141537.360374401
2026-01-16 14:00:00,3141537.360374401
2026-01-16 14:30:00,3136769.114994575
2026-01-16 15:00:00,3141531.803156639
2026-01-16 15:30:00,3141531.803156639
2026-01-16 16:00:00,3141531.803156639
2026-01-16 16:30:00,3135230.3654381703
2026-01-16 17:00:00,3135230.3654381703
2026-01-16 17:30:00,3135230.3654381703
2026-01-16 18:00:00,3135230.3654381703
2026-01-19 01:00:00,3135230.3654381703
2026-01-19 01:30:00,3122651.1872354117
2026-01-19 02:00:00,3122651.1872354117
2026-01-19 02:30:00,3122651.1872354117
2026-01-19 03:00:00,3123073.9038009597
2026-01-19 05:00:00,3123073.9038009597
2026-01-19 05:30:00,3123073.9038009597
2026-01-19 06:00:00,3122357.698258291
2026-01-19 06:30:00,3122357.698258291
2026-01-19 07:00:00,3122357.698258291
2026-01-19 13:00:00,3122357.698258291
2026-01-19 13:30:00,3122104.452715665
2026-01-19 14:00:00,3120977.4987464948
2026-01-19 14:30:00,3120977.4987464948
2026-01-19 15:00:00,3120977.4987464948
2026-01-19 15:30:00,3120977.4987464948
2026-01-19 16:00:00,3120977.4987464948
2026-01-19 16:30:00,3120977.4987464948
2026-01-19 17:00:00,3120977.4987464948
2026-01-19 17:30:00,3120977.4987464948
2026-01-19 18:00:00,3120977.4987464948
2026-01-20 01:00:00,3120977.4987464948
2026-01-20 01:30:00,3120977.4987464948
2026-01-20 02:00:00,3102703.4239241686
2026-01-20 02:30:00,3102703.4239241686
2026-01-20 03:00:00,3102408.16736086
2026-01-20 05:00:00,3102408.16736086
2026-01-20 05:30:00,3102408.16736086
2026-01-20 06:00:00,3102408.16736086
2026-01-20 06:30:00,3102408.16736086
2026-01-20 07:00:00,3102408.16736086
2026-01-20 13:00:00,3102408.16736086
2026-01-20 13:30:00,3100370.456734254
2026-01-20 14:00:00,3100370.456734254
2026-01-20 14:30:00,3100370.456734254
2026-01-20 15:00:00,3100370.456734254
2026-01-20 15:30:00,3100370.456734254
2026-01-20 16:00:00,3098877.780663099
2026-01-20 16:30:00,3098877.780663099
2026-01-20 17:00:00,3098877.780663099
2026-01-20 17:30:00,3098877.780663099
2026-01-20 18:00:00,3098877.780663099
2026-01-21 01:00:00,3098877.780663099
2026-01-21 01:30:00,3089013.7131545036
2026-01-21 02:00:00,3075782.804460299
2026-01-21 02:30:00,3075594.2748158597
2026-01-21 03:00:00,3075594.2748158597
2026-01-21 05:00:00,3075594.2748158597
2026-01-21 05:30:00,3075594.2748158597
2026-01-21 06:00:00,3077645.9373186436
2026-01-21 06:30:00,3079996.1682349537
2026-01-21 07:00:00,3079996.1682349537
2026-01-21 13:00:00,3079996.1682349537
2026-01-21 13:30:00,3075553.4930223366
2026-01-21 14:00:00,3079425.319919104
2026-01-21 14:30:00,3079425.319919104
2026-01-21 15:00:00,3090295.481951593
2026-01-21 15:30:00,3084322.7707550516
2026-01-21 16:00:00,3084322.7707550516
2026-01-21 16:30:00,3084322.7707550516
2026-01-21 17:00:00,3084322.7707550516
2026-01-21 17:30:00,3084322.7707550516
2026-01-21 18:00:00,3084322.7707550516
2026-01-22 01:00:00,3084322.7707550516
2026-01-22 01:30:00,3091500.662134711
2026-01-22 02:00:00,3091500.662134711
2026-01-22 02:30:00,3091500.662134711
2026-01-22 03:00:00,3091500.662134711
2026-01-22 05:00:00,3091500.662134711
2026-01-22 05:30:00,3091500.662134711
2026-01-22 06:00:00,3091500.662134711
2026-01-22 06:30:00,3089902.774124539
2026-01-22 07:00:00,3089902.774124539
2026-01-22 13:00:00,3089902.774124539
2026-01-22 13:30:00,3090302.774124539
2026-01-22 14:00:00,3090302.774124539
2026-01-22 14:30:00,3088756.365500096
2026-01-22 15:00:00,3088756.365500096
2026-01-22 15:30:00,3088756.365500096
2026-01-22 16:00:00,3088756.365500096
2026-01-22 16:30:00,3088756.365500096
2026-01-22 17:00:00,3088756.365500096
2026-01-22 17:30:00,3088756.365500096
2026-01-22 18:00:00,3088756.365500096
2026-01-23 01:00:00,3092512.763966909
2026-01-23 01:30:00,3093292.823662837
2026-01-23 02:00:00,3092802.3072043154
2026-01-23 02:30:00,3092802.3072043154
2026-01-23 03:00:00,3092802.3072043154
2026-01-23 05:00:00,3092802.3072043154
2026-01-23 05:30:00,3094075.3186116465
2026-01-23 06:00:00,3094075.3186116465
2026-01-23 06:30:00,3092305.2224657605
2026-01-23 07:00:00,3092305.2224657605
2026-01-23 13:00:00,3092508.8768045884
2026-01-23 13:30:00,3092508.8768045884
2026-01-23 14:00:00,3092508.8768045884
2026-01-23 14:30:00,3092508.8768045884
2026-01-23 15:00:00,3092508.8768045884
2026-01-23 15:30:00,3092508.8768045884
2026-01-23 16:00:00,3092508.8768045884
2026-01-23 16:30:00,3092508.8768045884
2026-01-23 17:00:00,3092508.8768045884
2026-01-23 17:30:00,3092508.8768045884
2026-01-23 18:00:00,3092508.8768045884
2026-01-26 01:00:00,3092354.182220205
2026-01-26 01:30:00,3092354.182220205
2026-01-26 02:00:00,3198990.1344669415
2026-01-26 02:30:00,3198990.1344669415
2026-01-26 03:00:00,3198990.1344669415
2026-01-26 05:00:00,3173850.1344669415
2026-01-26 05:30:00,3178256.7497213166
2026-01-26 06:00:00,3229964.6199778835
2026-01-26 06:30:00,3232064.6199778835
2026-01-26 07:00:00,3232064.6199778835
2026-01-26 13:00:00,3231857.536931503
2026-01-26 13:30:00,3237095.516814458
2026-01-26 14:00:00,3237095.516814458
2026-01-26 14:30:00,3236558.667158445
2026-01-26 15:00:00,3236558.667158445
2026-01-26 15:30:00,3236558.667158445
2026-01-26 16:00:00,3236558.667158445
2026-01-26 16:30:00,3236558.667158445
2026-01-26 17:00:00,3236558.667158445
2026-01-26 17:30:00,3236558.667158445
2026-01-26 18:00:00,3236558.667158445
2026-01-27 01:00:00,3236558.667158445
2026-01-27 01:30:00,3235237.6183470516
2026-01-27 02:00:00,3235066.6655624798
2026-01-27 02:30:00,3233666.6655624798
2026-01-27 03:00:00,3215378.924536871
2026-01-27 05:00:00,3215378.924536871
2026-01-27 05:30:00,3213810.9642905276
2026-01-27 06:00:00,3213810.9642905276
2026-01-27 06:30:00,3213375.710212157
2026-01-27 07:00:00,3213375.710212157
2026-01-27 13:00:00,3213375.710212157
2026-01-27 13:30:00,3213375.710212157
2026-01-27 14:00:00,3213375.710212157
2026-01-27 14:30:00,3213647.494861105
2026-01-27 15:00:00,3209047.494861105
2026-01-27 15:30:00,3209047.494861105
2026-01-27 16:00:00,3209047.494861105
2026-01-27 16:30:00,3209047.494861105
2026-01-27 17:00:00,3209047.494861105
2026-01-27 17:30:00,3209047.494861105
2026-01-27 18:00:00,3209047.494861105
2026-01-28 01:00:00,3208099.5632347143
2026-01-28 01:30:00,3208099.5632347143
2026-01-28 02:00:00,3199774.014563541
2026-01-28 02:30:00,3199774.014563541
2026-01-28 03:00:00,3199774.014563541
2026-01-28 05:00:00,3199774.014563541
2026-01-28 05:30:00,3198882.4858054873
2026-01-28 06:00:00,3198522.8718797397
2026-01-28 06:30:00,3198522.8718797397
2026-01-28 07:00:00,3198522.8718797397
2026-01-28 13:00:00,3198522.8718797397
2026-01-28 13:30:00,3198432.317162916
2026-01-28 14:00:00,3198432.317162916
2026-01-28 14:30:00,3198655.950387102
2026-01-28 15:00:00,3198655.950387102
2026-01-28 15:30:00,3198954.483151964
2026-01-28 16:00:00,3198954.483151964
2026-01-28 16:30:00,3198954.483151964
2026-01-28 17:00:00,3198954.483151964
2026-01-28 17:30:00,3198954.483151964
2026-01-28 18:00:00,3198954.483151964
2026-01-29 01:00:00,3198954.483151964
2026-01-29 01:30:00,3198954.483151964
2026-01-29 02:00:00,3196057.3070973866
2026-01-29 02:30:00,3192957.575434237
2026-01-29 03:00:00,3193068.4976997045
2026-01-29 05:00:00,3193068.4976997045
2026-01-29 05:30:00,3149359.5772838606
2026-01-29 06:00:00,3144799.0398065574
2026-01-29 06:30:00,3144799.0398065574
2026-01-29 07:00:00,3144799.0398065574
2026-01-29 13:00:00,3144799.0398065574
2026-01-29 13:30:00,3137104.7924054665
2026-01-29 14:00:00,3138189.366370878
2026-01-29 14:30:00,3138189.366370878
2026-01-29 15:00:00,3138189.366370878
2026-01-29 15:30:00,3173867.103017405
2026-01-29 16:00:00,3173867.103017405
2026-01-29 16:30:00,3173867.103017405
2026-01-29 17:00:00,3173867.103017405
2026-01-29 17:30:00,3173867.103017405
2026-01-29 18:00:00,3173867.103017405
2026-01-30 01:00:00,3173867.103017405
2026-01-30 01:30:00,3189592.8734214474
2026-01-30 02:00:00,3196990.386464974
2026-01-30 02:30:00,3196990.386464974
2026-01-30 03:00:00,3196990.386464974
2026-01-30 05:00:00,3199471.325069924
2026-01-30 05:30:00,3182503.5962508777
2026-01-30 06:00:00,3182503.5962508777
2026-01-30 06:30:00,3182503.5962508777
2026-01-30 07:00:00,3182503.5962508777
2026-01-30 13:00:00,3182503.5962508777
2026-01-30 13:30:00,3180851.2708104253
2026-01-30 14:00:00,3180851.2708104253
2026-01-30 14:30:00,3180851.2708104253
2026-01-30 15:00:00,3180851.2708104253
2026-01-30 15:30:00,3180851.2708104253
2026-01-30 16:00:00,3180851.2708104253
2026-01-30 16:30:00,3180851.2708104253
2026-01-30 17:00:00,3180851.2708104253
2026-01-30 17:30:00,3180851.2708104253
2026-01-30 18:00:00,3180851.2708104253
2026-02-02 01:00:00,3180851.2708104253
2026-02-02 01:30:00,3183863.2724944656
2026-02-02 02:00:00,3183863.2724944656
2026-02-02 02:30:00,3182581.9217293384
2026-02-02 03:00:00,3178933.5373637155
2026-02-02 05:00:00,3178933.5373637155
2026-02-02 05:30:00,3178933.5373637155
2026-02-02 06:00:00,3178933.5373637155
2026-02-02 06:30:00,3178057.4115335075
2026-02-02 07:00:00,3178057.4115335075
2026-02-02 13:00:00,3178057.4115335075
2026-02-02 13:30:00,3189157.350543589
2026-02-02 14:00:00,3189157.350543589
2026-02-02 14:30:00,3196504.2865190045
2026-02-02 15:00:00,3196504.2865190045
2026-02-02 15:30:00,3196504.2865190045
2026-02-02 16:00:00,3196504.2865190045
2026-02-02 16:30:00,3196504.2865190045
2026-02-02 17:00:00,3196504.2865190045
2026-02-02 17:30:00,3196504.2865190045
2026-02-02 18:00:00,3196504.2865190045
2026-02-03 01:00:00,3197373.1918571717
2026-02-03 01:30:00,3233500.26342701
2026-02-03 02:00:00,3231860.713310412
2026-02-03 02:30:00,3231860.713310412
2026-02-03 03:00:00,3228941.8863314474
2026-02-03 05:00:00,3228941.8863314474
2026-02-03 05:30:00,3227350.0298533565
2026-02-03 06:00:00,3227350.0298533565
2026-02-03 06:30:00,3227350.0298533565
2026-02-03 07:00:00,3227350.0298533565
2026-02-03 13:00:00,3227350.0298533565
2026-02-03 13:30:00,3225790.218573873
2026-02-03 14:00:00,3225790.218573873
2026-02-03 14:30:00,3225790.218573873
2026-02-03 15:00:00,3225790.218573873
2026-02-03 15:30:00,3225790.218573873
2026-02-03 16:00:00,3225790.218573873
2026-02-03 16:30:00,3225790.218573873
2026-02-03 17:00:00,3225790.218573873
2026-02-03 17:30:00,3225790.218573873
2026-02-03 18:00:00,3225790.218573873
2026-02-04 01:00:00,3225790.218573873
2026-02-04 01:30:00,3225790.218573873
2026-02-04 02:00:00,3225878.1844823183
2026-02-04 02:30:00,3225878.1844823183
2026-02-04 03:00:00,3225878.1844823183
2026-02-04 05:00:00,3225460.554265784
2026-02-04 05:30:00,3225460.554265784
2026-02-04 06:00:00,3225460.554265784
2026-02-04 06:30:00,3222242.817825863
2026-02-04 07:00:00,3222242.817825863
2026-02-04 13:00:00,3222242.817825863
2026-02-04 13:30:00,3220650.2201609807
2026-02-04 14:00:00,3220650.2201609807
2026-02-04 14:30:00,3220650.2201609807
2026-02-04 15:00:00,3220650.2201609807
2026-02-04 15:30:00,3220650.2201609807
2026-02-04 16:00:00,3220650.2201609807
2026-02-04 16:30:00,3220650.2201609807
2026-02-04 17:00:00,3220650.2201609807
2026-02-04 17:30:00,3220650.2201609807
2026-02-04 18:00:00,3220650.2201609807
2026-02-05 01:00:00,3220650.2201609807
2026-02-05 01:30:00,3220920.3187190075
2026-02-05 02:00:00,3220643.7381111374
2026-02-05 02:30:00,3220643.7381111374
2026-02-05 03:00:00,3233374.0827882714
2026-02-05 05:00:00,3232923.3864907613
2026-02-05 05:30:00,3232770.045779935
2026-02-05 06:00:00,3232259.423334464
2026-02-05 06:30:00,3232259.423334464
2026-02-05 07:00:00,3232259.423334464
2026-02-05 13:00:00,3232259.423334464
2026-02-05 13:30:00,3231894.7877729065
2026-02-05 14:00:00,3231894.7877729065
2026-02-05 14:30:00,3231700.6990966084
2026-02-05 15:00:00,3230466.695864916
2026-02-05 15:30:00,3230466.695864916
2026-02-05 16:00:00,3230466.695864916
2026-02-05 16:30:00,3230466.695864916
2026-02-05 17:00:00,3230466.695864916
2026-02-05 17:30:00,3230466.695864916
2026-02-05 18:00:00,3230466.695864916
2026-02-06 01:00:00,3229543.106109189
2026-02-06 01:30:00,3230173.106109189
2026-02-06 02:00:00,3230807.0826364737
2026-02-06 02:30:00,3209002.538894989
2026-02-06 03:00:00,3213697.0065276953
2026-02-06 05:00:00,3213697.0065276953
2026-02-06 05:30:00,3213697.0065276953
2026-02-06 06:00:00,3215905.4779513287
2026-02-06 06:30:00,3215905.4779513287
2026-02-06 07:00:00,3215905.4779513287
2026-02-06 13:00:00,3214445.409598487
2026-02-06 13:30:00,3211641.224863014
2026-02-06 14:00:00,3211641.224863014
2026-02-06 14:30:00,3211641.224863014
2026-02-06 15:00:00,3204910.9015626204
2026-02-06 15:30:00,3204910.9015626204
2026-02-06 16:00:00,3204910.9015626204
2026-02-06 16:30:00,3204910.9015626204
2026-02-06 17:00:00,3204910.9015626204
2026-02-06 17:30:00,3204910.9015626204
2026-02-06 18:00:00,3204910.9015626204
2026-02-09 01:00:00,3204641.9351240834
2026-02-09 01:30:00,3184847.99305825
2026-02-09 02:00:00,3184447.99305825
2026-02-09 02:30:00,3188815.7386481254
2026-02-09 03:00:00,3188815.7386481254
2026-02-09 05:00:00,3188815.7386481254
2026-02-09 05:30:00,3188815.7386481254
2026-02-09 06:00:00,3187192.111181853
2026-02-09 06:30:00,3187192.111181853
2026-02-09 07:00:00,3187192.111181853
2026-02-09 13:00:00,3187192.111181853
2026-02-09 13:30:00,3181379.484254629
2026-02-09 14:00:00,3181217.9095487646
2026-02-09 14:30:00,3180422.6168782935
2026-02-09 15:00:00,3180422.6168782935
2026-02-09 15:30:00,3180422.6168782935
2026-02-09 16:00:00,3180422.6168782935
2026-02-09 16:30:00,3180422.6168782935
2026-02-09 17:00:00,3180422.6168782935
2026-02-09 17:30:00,3180422.6168782935
2026-02-09 18:00:00,3180422.6168782935
2026-02-10 01:00:00,3180095.8312992905
2026-02-10 01:30:00,3178400.072628248
2026-02-10 02:00:00,3178400.072628248
2026-02-10 02:30:00,3177923.8959263633
2026-02-10 03:00:00,3177046.7917442503
2026-02-10 05:00:00,3177046.7917442503
2026-02-10 05:30:00,3177046.7917442503
2026-02-10 06:00:00,3175822.1077257846
2026-02-10 06:30:00,3175822.1077257846
2026-02-10 07:00:00,3175822.1077257846
2026-02-10 13:00:00,3175822.1077257846
2026-02-10 13:30:00,3176102.1077257846
2026-02-10 14:00:00,3176102.1077257846
2026-02-10 14:30:00,3177410.5991086736
2026-02-10 15:00:00,3177410.5991086736
2026-02-10 15:30:00,3176317.286229359
2026-02-10 16:00:00,3176317.286229359
2026-02-10 16:30:00,3176317.286229359
2026-02-10 17:00:00,3176317.286229359
2026-02-10 17:30:00,3176317.286229359
2026-02-10 18:00:00,3176317.286229359
2026-02-11 01:00:00,3175734.946064774
2026-02-11 01:30:00,3175734.946064774
2026-02-11 02:00:00,3175734.946064774
2026-02-11 02:30:00,3175734.946064774
2026-02-11 03:00:00,3175734.946064774
2026-02-11 05:00:00,3175734.946064774
2026-02-11 05:30:00,3175734.946064774
2026-02-11 06:00:00,3175734.946064774
2026-02-11 06:30:00,3175734.946064774
2026-02-11 07:00:00,3175734.946064774
2026-02-11 13:00:00,3175734.946064774
2026-02-11 13:30:00,3175043.796020303
2026-02-11 14:00:00,3178750.967741859
2026-02-11 14:30:00,3178750.967741859
2026-02-11 15:00:00,3178750.967741859
2026-02-11 15:30:00,3178750.967741859
2026-02-11 16:00:00,3178750.967741859
2026-02-11 16:30:00,3178750.967741859
2026-02-11 17:00:00,3178750.967741859
2026-02-11 17:30:00,3178750.967741859
2026-02-11 18:00:00,3178750.967741859
2026-02-12 01:00:00,3180774.431187169
2026-02-12 01:30:00,3179662.206850032
2026-02-12 02:00:00,3167167.3122410835
2026-02-12 02:30:00,3166451.150770714
2026-02-12 03:00:00,3166480.6011212273
2026-02-12 05:00:00,3166480.6011212273
2026-02-12 05:30:00,3166480.6011212273
2026-02-12 06:00:00,3166480.6011212273
2026-02-12 06:30:00,3167199.072868578
2026-02-12 07:00:00,3167199.072868578
2026-02-12 13:00:00,3175792.325510234
2026-02-12 13:30:00,3175700.6958464235
2026-02-12 14:00:00,3175700.6958464235
2026-02-12 14:30:00,3175700.6958464235
2026-02-12 15:00:00,3170551.6065974054
2026-02-12 15:30:00,3170551.6065974054
2026-02-12 16:00:00,3170551.6065974054
2026-02-12 16:30:00,3169797.2449671356
2026-02-12 17:00:00,3169797.2449671356
2026-02-12 17:30:00,3169797.2449671356
2026-02-12 18:00:00,3169797.2449671356
2026-02-13 01:00:00,3168329.5793183125
2026-02-13 01:30:00,3163231.6702809287
2026-02-13 02:00:00,3163231.6702809287
2026-02-13 02:30:00,3162899.7400028715
2026-02-13 03:00:00,3162899.7400028715
2026-02-13 05:00:00,3162899.7400028715
2026-02-13 05:30:00,3162899.7400028715
2026-02-13 06:00:00,3162899.7400028715
2026-02-13 06:30:00,3162899.7400028715
2026-02-13 07:00:00,3162899.7400028715
2026-02-24 01:00:00,3162899.7400028715
2026-02-24 01:30:00,3156121.0110757886
2026-02-24 02:00:00,3154241.0110757886
2026-02-24 02:30:00,3154827.6957637337
2026-02-24 03:00:00,3153730.144290164
2026-02-24 05:00:00,3153730.144290164
2026-02-24 05:30:00,3153730.144290164
2026-02-24 06:00:00,3153730.144290164
2026-02-24 06:30:00,3153730.144290164
2026-02-24 07:00:00,3153730.144290164
2026-02-24 13:00:00,3152734.0054057124
2026-02-24 13:30:00,3152734.0054057124
2026-02-24 14:00:00,3137378.2319989353
2026-02-24 14:30:00,3130978.8753309892
2026-02-24 15:00:00,3130978.8753309892
2026-02-24 15:30:00,3126049.659752727
2026-02-24 16:00:00,3126049.659752727
2026-02-24 16:30:00,3126049.659752727
2026-02-24 17:00:00,3126049.659752727
2026-02-24 17:30:00,3126049.659752727
2026-02-24 18:00:00,3126049.659752727
2026-02-25 01:00:00,3126049.659752727
2026-02-25 01:30:00,3121936.7910288633
2026-02-25 02:00:00,3118751.890136866
2026-02-25 02:30:00,3084286.213395097
2026-02-25 03:00:00,3082363.4906010595
2026-02-25 05:00:00,3082363.4906010595
2026-02-25 05:30:00,3088968.433723757
2026-02-25 06:00:00,3094981.02260729
2026-02-25 06:30:00,3094233.6719689965
2026-02-25 07:00:00,3094233.6719689965
2026-02-25 13:00:00,3094146.5439854306
2026-02-25 13:30:00,3091977.364379651
2026-02-25 14:00:00,3091977.364379651
2026-02-25 14:30:00,3091977.364379651
2026-02-25 15:00:00,3091977.364379651
2026-02-25 15:30:00,3091977.364379651
2026-02-25 16:00:00,3091977.364379651
2026-02-25 16:30:00,3091977.364379651
2026-02-25 17:00:00,3091977.364379651
2026-02-25 17:30:00,3091977.364379651
2026-02-25 18:00:00,3091977.364379651
2026-02-26 01:00:00,3092178.1842299453
2026-02-26 01:30:00,3091732.7888881937
2026-02-26 02:00:00,3114592.6360809393
2026-02-26 02:30:00,3114524.120495555
2026-02-26 03:00:00,3112842.9294264372
2026-02-26 05:00:00,3112842.9294264372
2026-02-26 05:30:00,3112380.8495653905
2026-02-26 06:00:00,3111462.7447937736
2026-02-26 06:30:00,3111462.7447937736
2026-02-26 07:00:00,3111462.7447937736
2026-02-26 13:00:00,3110464.553959148
2026-02-26 13:30:00,3110947.0797514683
2026-02-26 14:00:00,3110947.0797514683
2026-02-26 14:30:00,3110947.0797514683
2026-02-26 15:00:00,3110947.0797514683
2026-02-26 15:30:00,3110947.0797514683
2026-02-26 16:00:00,3110947.0797514683
2026-02-26 16:30:00,3110947.0797514683
2026-02-26 17:00:00,3110947.0797514683
2026-02-26 17:30:00,3110947.0797514683
2026-02-26 18:00:00,3110947.0797514683
2026-02-27 01:00:00,3110947.0797514683
2026-02-27 01:30:00,3098564.233992553
2026-02-27 02:00:00,3098524.0746147092
2026-02-27 02:30:00,3100020.824597479
2026-02-27 03:00:00,3106092.828026032
2026-02-27 05:00:00,3106092.828026032
2026-02-27 05:30:00,3106471.563497374
2026-02-27 06:00:00,3100211.2045286805
2026-02-27 06:30:00,3100211.2045286805
2026-02-27 07:00:00,3100307.597594863
2026-02-27 13:00:00,3097952.988337824
2026-02-27 13:30:00,3099736.486099433
2026-02-27 14:00:00,3095432.9394781874
2026-02-27 14:30:00,3095432.9394781874
2026-02-27 15:00:00,3089141.3489342397
2026-02-27 15:30:00,3089141.3489342397
2026-02-27 16:00:00,3089141.3489342397
2026-02-27 16:30:00,3089141.3489342397
2026-02-27 17:00:00,3089141.3489342397
2026-02-27 17:30:00,3089141.3489342397
2026-02-27 18:00:00,3089141.3489342397
2026-03-02 01:00:00,3087999.377387839
2026-03-02 01:30:00,3084873.6343002836
2026-03-02 02:00:00,3078489.177684988
2026-03-02 02:30:00,3067765.9558764985
2026-03-02 03:00:00,3067765.9558764985
2026-03-02 05:00:00,3051215.530388571
2026-03-02 05:30:00,3051215.530388571
2026-03-02 06:00:00,3051154.612272148
2026-03-02 06:30:00,3052075.439528456
2026-03-02 07:00:00,3052075.439528456
2026-03-02 13:00:00,3051166.8988099387
2026-03-02 13:30:00,3049304.9180004373
2026-03-02 14:00:00,3049304.9180004373
2026-03-02 14:30:00,3091124.169688836
2026-03-02 15:00:00,3123174.651107083
2026-03-02 15:30:00,3123174.651107083
2026-03-02 16:00:00,3123174.651107083
2026-03-02 16:30:00,3123174.651107083
2026-03-02 17:00:00,3123174.651107083
2026-03-02 17:30:00,3123174.651107083
2026-03-02 18:00:00,3123174.651107083
2026-03-03 01:00:00,3123174.651107083
2026-03-03 01:30:00,3124104.5171961365
2026-03-03 02:00:00,3124104.5171961365
2026-03-03 02:30:00,3122942.8375954954
2026-03-03 03:00:00,3102740.640572322
2026-03-03 05:00:00,3102740.640572322
2026-03-03 05:30:00,3102179.8706495836
2026-03-03 06:00:00,3100251.9382628677
2026-03-03 06:30:00,3101413.3613529983
2026-03-03 07:00:00,3101413.3613529983
2026-03-03 13:00:00,3098996.251483354
2026-03-03 13:30:00,3098996.251483354
2026-03-03 14:00:00,3098996.251483354
2026-03-03 14:30:00,3098414.2828141726
2026-03-03 15:00:00,3096951.458553249
2026-03-03 15:30:00,3096951.458553249
2026-03-03 16:00:00,3096951.458553249
2026-03-03 16:30:00,3099515.9144755583
2026-03-03 17:00:00,3099515.9144755583
2026-03-03 17:30:00,3099515.9144755583
2026-03-03 18:00:00,3099515.9144755583
2026-03-04 01:00:00,3114857.5430871644
2026-03-04 01:30:00,3113865.803221505
2026-03-04 02:00:00,3111829.799204571
2026-03-04 02:30:00,3109890.0044057085
2026-03-04 03:00:00,3108389.149029449
2026-03-04 05:00:00,3108389.149029449
2026-03-04 05:30:00,3108389.149029449
2026-03-04 06:00:00,3104831.0643490255
2026-03-04 06:30:00,3104831.0643490255
2026-03-04 07:00:00,3104831.0643490255
2026-03-04 13:00:00,3104831.0643490255
2026-03-04 13:30:00,3104831.0643490255
2026-03-04 14:00:00,3104831.0643490255
2026-03-04 14:30:00,3104392.2282464765
2026-03-04 15:00:00,3104392.2282464765
2026-03-04 15:30:00,3104392.2282464765
2026-03-04 16:00:00,3104392.2282464765
2026-03-04 16:30:00,3104392.2282464765
2026-03-04 17:00:00,3104392.2282464765
2026-03-04 17:30:00,3104392.2282464765
2026-03-04 18:00:00,3104392.2282464765
2026-03-05 01:00:00,3104392.2282464765
2026-03-05 01:30:00,3103742.9199576126
2026-03-05 02:00:00,3114862.6885135695
2026-03-05 02:30:00,3114862.6885135695
2026-03-05 03:00:00,3116949.062356488
2026-03-05 05:00:00,3116949.062356488
2026-03-05 05:30:00,3116949.062356488
2026-03-05 06:00:00,3116949.062356488
2026-03-05 06:30:00,3115381.035900471
2026-03-05 07:00:00,3115381.035900471
2026-03-05 13:00:00,3115381.035900471
2026-03-05 13:30:00,3106276.4508981514
2026-03-05 14:00:00,3106276.4508981514
2026-03-05 14:30:00,3106276.4508981514
2026-03-05 15:00:00,3106276.4508981514
2026-03-05 15:30:00,3103940.415731606
2026-03-05 16:00:00,3103940.415731606
2026-03-05 16:30:00,3103940.415731606
2026-03-05 17:00:00,3103940.415731606
2026-03-05 17:30:00,3103940.415731606
2026-03-05 18:00:00,3103940.415731606
2026-03-06 01:00:00,3103940.3441735115
2026-03-06 01:30:00,3095827.7500338615
2026-03-06 02:00:00,3069072.2409392255
2026-03-06 02:30:00,3069072.2409392255
2026-03-06 03:00:00,3069072.2409392255
2026-03-06 05:00:00,3069072.2409392255
2026-03-06 05:30:00,3068572.5970519027
2026-03-06 06:00:00,3068572.5970519027
2026-03-06 06:30:00,3068572.5970519027
2026-03-06 07:00:00,3068572.5970519027
2026-03-06 13:00:00,3072365.0194810056
2026-03-06 13:30:00,3072365.0194810056
2026-03-06 14:00:00,3072365.0194810056
2026-03-06 14:30:00,3072365.0194810056
2026-03-06 15:00:00,3072365.0194810056
2026-03-06 15:30:00,3072365.0194810056
2026-03-06 16:00:00,3072365.0194810056
2026-03-06 16:30:00,3072365.0194810056
2026-03-06 17:00:00,3072365.0194810056
2026-03-06 17:30:00,3072365.0194810056
2026-03-06 18:00:00,3072365.0194810056
2026-03-09 01:00:00,3072044.9007397094
2026-03-09 01:30:00,3062594.9007397094
2026-03-09 02:00:00,3063858.6784669254
2026-03-09 02:30:00,3050795.585358673
2026-03-09 03:00:00,3028159.5561283096
2026-03-09 05:00:00,3005483.187501942
2026-03-09 05:30:00,3011953.0164414328
2026-03-09 06:00:00,3044651.6949556754
2026-03-09 06:30:00,3044651.6949556754
2026-03-09 07:00:00,3044651.6949556754
2026-03-09 13:00:00,3044651.6949556754
2026-03-09 13:30:00,3044651.6949556754
2026-03-09 14:00:00,3044651.6949556754
2026-03-09 14:30:00,3044651.6949556754
2026-03-09 15:00:00,3044651.6949556754
2026-03-09 15:30:00,3044651.6949556754
2026-03-09 16:00:00,3044651.6949556754
2026-03-09 16:30:00,3044651.6949556754
2026-03-09 17:00:00,3044651.6949556754
2026-03-09 17:30:00,3044651.6949556754
2026-03-09 18:00:00,3044651.6949556754
2026-03-10 01:00:00,3044651.6949556754
2026-03-10 01:30:00,3044651.6949556754
2026-03-10 02:00:00,3044124.733245844
2026-03-10 02:30:00,3044124.733245844
2026-03-10 03:00:00,3048985.811935932
2026-03-10 05:00:00,3048985.811935932
2026-03-10 05:30:00,3048985.811935932
2026-03-10 06:00:00,3048985.811935932
2026-03-10 06:30:00,3048985.811935932
2026-03-10 07:00:00,3048985.811935932
2026-03-10 13:00:00,3048985.811935932
2026-03-10 13:30:00,3053291.7114471565
2026-03-10 14:00:00,3053291.7114471565
2026-03-10 14:30:00,3055317.4651827146
2026-03-10 15:00:00,3055317.4651827146
2026-03-10 15:30:00,3055317.4651827146
2026-03-10 16:00:00,3055317.4651827146
2026-03-10 16:30:00,3055317.4651827146
2026-03-10 17:00:00,3055317.4651827146
2026-03-10 17:30:00,3055317.4651827146
2026-03-10 18:00:00,3055317.4651827146
2026-03-11 01:00:00,3050039.7048143144
2026-03-11 01:30:00,3050039.7048143144
2026-03-11 02:00:00,3049766.6561802267
2026-03-11 02:30:00,3049766.6561802267
2026-03-11 03:00:00,3045740.892640701
2026-03-11 05:00:00,3045740.892640701
2026-03-11 05:30:00,3045740.892640701
2026-03-11 06:00:00,3045740.892640701
2026-03-11 06:30:00,3045740.892640701
2026-03-11 07:00:00,3045740.892640701
2026-03-11 13:00:00,3045740.892640701
2026-03-11 13:30:00,3045740.892640701
2026-03-11 14:00:00,3056603.215409846
2026-03-11 14:30:00,3055449.596001324
2026-03-11 15:00:00,3055449.596001324
2026-03-11 15:30:00,3055449.596001324
2026-03-11 16:00:00,3055449.596001324
2026-03-11 16:30:00,3055449.596001324
2026-03-11 17:00:00,3055449.596001324
2026-03-11 17:30:00,3055449.596001324
2026-03-11 18:00:00,3049855.4885433037
2026-03-12 01:00:00,3050963.5724500176
2026-03-12 01:30:00,3049028.2352310037
2026-03-12 02:00:00,3049028.2352310037
2026-03-12 02:30:00,3049028.2352310037
2026-03-12 03:00:00,3055696.121697293
2026-03-12 05:00:00,3055696.121697293
2026-03-12 05:30:00,3055696.121697293
2026-03-12 06:00:00,3056668.0630148174
2026-03-12 06:30:00,3056668.0630148174
2026-03-12 07:00:00,3056668.0630148174
2026-03-12 13:00:00,3056294.5865477948
2026-03-12 13:30:00,3056042.0944656716
2026-03-12 14:00:00,3055592.4856505636
2026-03-12 14:30:00,3055592.4856505636
2026-03-12 15:00:00,3055592.4856505636
2026-03-12 15:30:00,3055592.4856505636
2026-03-12 16:00:00,3055592.4856505636
2026-03-12 16:30:00,3055592.4856505636
2026-03-12 17:00:00,3055592.4856505636
2026-03-12 17:30:00,3055592.4856505636
2026-03-12 18:00:00,3055592.4856505636
2026-03-13 01:00:00,3055592.4856505636
2026-03-13 01:30:00,3051843.7560226307
2026-03-13 02:00:00,3051843.7560226307
2026-03-13 02:30:00,3051143.7054664483
2026-03-13 03:00:00,3051143.7054664483
2026-03-13 05:00:00,3051143.7054664483
2026-03-13 05:30:00,3051143.7054664483
2026-03-13 06:00:00,3045586.26349706
2026-03-13 06:30:00,3045448.649610324
2026-03-13 07:00:00,3045448.649610324
2026-03-13 13:00:00,3045448.649610324
2026-03-13 13:30:00,3045448.649610324
2026-03-13 14:00:00,3045448.649610324
2026-03-13 14:30:00,3043423.581516449
2026-03-13 15:00:00,3043423.581516449
2026-03-13 15:30:00,3043423.581516449
2026-03-13 16:00:00,3043423.581516449
2026-03-13 16:30:00,3043423.581516449
2026-03-13 17:00:00,3043423.581516449
2026-03-13 17:30:00,3043423.581516449
2026-03-13 18:00:00,3043423.581516449
2026-03-16 01:00:00,3043423.581516449
2026-03-16 01:30:00,3031875.9207491092
2026-03-16 02:00:00,3031875.9207491092
2026-03-16 02:30:00,3031875.9207491092
2026-03-16 03:00:00,3031579.1694261087
2026-03-16 05:00:00,3031222.2241571653
2026-03-16 05:30:00,3024794.2188446634
2026-03-16 06:00:00,3028246.3639146457
2026-03-16 06:30:00,3026943.109953562
2026-03-16 07:00:00,3026943.109953562
2026-03-16 13:00:00,3026943.109953562
2026-03-16 13:30:00,3026943.109953562
2026-03-16 14:00:00,3026457.2470921027
2026-03-16 14:30:00,3026457.2470921027
2026-03-16 15:00:00,3026457.2470921027
2026-03-16 15:30:00,3026457.2470921027
2026-03-16 16:00:00,3026457.2470921027
2026-03-16 16:30:00,3001309.893228735
2026-03-16 17:00:00,3001309.893228735
2026-03-16 17:30:00,3001309.893228735
2026-03-16 18:00:00,3001309.893228735
2026-03-17 01:00:00,3001309.893228735
2026-03-17 01:30:00,2987280.95828349
2026-03-17 02:00:00,2987280.95828349
2026-03-17 02:30:00,2987280.95828349
2026-03-17 03:00:00,2987280.95828349
2026-03-17 05:00:00,2987280.95828349
2026-03-17 05:30:00,2980030.1189839737
2026-03-17 06:00:00,2974123.1205661967
2026-03-17 06:30:00,2973271.6824144884
2026-03-17 07:00:00,2973271.6824144884
2026-03-17 13:00:00,2973271.6824144884
2026-03-17 13:30:00,2966020.828983949
2026-03-17 14:00:00,2963535.588785598
2026-03-17 14:30:00,2957627.7012464823
2026-03-17 15:00:00,2957627.7012464823
2026-03-17 15:30:00,2957627.7012464823
2026-03-17 16:00:00,2957627.7012464823
2026-03-17 16:30:00,2957627.7012464823
2026-03-17 17:00:00,2957627.7012464823
2026-03-17 17:30:00,2957627.7012464823
2026-03-17 18:00:00,2957627.7012464823
2026-03-18 01:00:00,2957627.7012464823
2026-03-18 01:30:00,2956833.110599299
2026-03-18 02:00:00,2956833.110599299
2026-03-18 02:30:00,2956904.0261993967
2026-03-18 03:00:00,2950771.7173215784
2026-03-18 05:00:00,2950771.7173215784
2026-03-18 05:30:00,2950771.7173215784
2026-03-18 06:00:00,2950771.7173215784
2026-03-18 06:30:00,2931635.236056324
2026-03-18 07:00:00,2931635.236056324
2026-03-18 13:00:00,2926343.5147831286
2026-03-18 13:30:00,2921063.5147831286
2026-03-18 14:00:00,2921063.5147831286
2026-03-18 14:30:00,2921063.5147831286
2026-03-18 15:00:00,2921063.5147831286
2026-03-18 15:30:00,2920319.4778307225
2026-03-18 16:00:00,2920319.4778307225
2026-03-18 16:30:00,2920319.4778307225
2026-03-18 17:00:00,2920319.4778307225
2026-03-18 17:30:00,2920319.4778307225
2026-03-18 18:00:00,2904335.4018563614
2026-03-19 01:00:00,2904335.4018563614
2026-03-19 01:30:00,2865348.2069429993
2026-03-19 02:00:00,2866071.794736253
2026-03-19 02:30:00,2864382.7743202085
2026-03-19 03:00:00,2864382.7743202085
2026-03-19 05:00:00,2864382.7743202085
2026-03-19 05:30:00,2864382.7743202085
2026-03-19 06:00:00,2864382.7743202085
2026-03-19 06:30:00,2869061.4792713383
2026-03-19 07:00:00,2869061.4792713383
2026-03-19 13:00:00,2873651.9072366245
2026-03-19 13:30:00,2871753.233591908
2026-03-19 14:00:00,2898436.414001877
2026-03-19 14:30:00,2923444.8367378935
2026-03-19 15:00:00,2923444.8367378935
2026-03-19 15:30:00,2923444.8367378935
2026-03-19 16:00:00,2923444.8367378935
2026-03-19 16:30:00,2923444.8367378935
2026-03-19 17:00:00,2923444.8367378935
2026-03-19 17:30:00,2923444.8367378935
2026-03-19 18:00:00,2923444.8367378935
2026-03-20 01:00:00,2922395.408321355
2026-03-20 01:30:00,2930881.613842573
2026-03-20 02:00:00,2931495.7690919875
2026-03-20 02:30:00,2931495.7690919875
2026-03-20 03:00:00,2931495.7690919875
2026-03-20 05:00:00,2931495.7690919875
2026-03-20 05:30:00,2951487.936662233
2026-03-20 06:00:00,2950321.446829066
2026-03-20 06:30:00,2950321.446829066
2026-03-20 07:00:00,2950321.446829066
2026-03-20 13:00:00,2949704.5286488123
2026-03-20 13:30:00,2946298.6536492477
2026-03-20 14:00:00,2946298.6536492477
2026-03-20 14:30:00,2946383.0206239196
2026-03-20 15:00:00,2946383.0206239196
2026-03-20 15:30:00,2946383.0206239196
2026-03-20 16:00:00,2946383.0206239196
2026-03-20 16:30:00,2946383.0206239196
2026-03-20 17:00:00,2946383.0206239196
2026-03-20 17:30:00,2946383.0206239196
2026-03-20 18:00:00,2946383.0206239196
2026-03-23 01:00:00,2946383.0206239196
2026-03-23 01:30:00,2944682.43890929
2026-03-23 02:00:00,2944682.43890929
2026-03-23 02:30:00,2950453.988065275
2026-03-23 03:00:00,2950453.988065275
2026-03-23 05:00:00,2950453.988065275
2026-03-23 05:30:00,2950453.988065275
2026-03-23 06:00:00,2950453.988065275
2026-03-23 06:30:00,2950453.988065275
2026-03-23 07:00:00,2950227.847198616
2026-03-23 13:00:00,2950227.847198616
2026-03-23 13:30:00,2875138.3486407953
2026-03-23 14:00:00,2875138.3486407953
2026-03-23 14:30:00,2875138.3486407953
2026-03-23 15:00:00,2875138.3486407953
2026-03-23 15:30:00,2875138.3486407953
2026-03-23 16:00:00,2873479.6942605875
2026-03-23 16:30:00,2873479.6942605875
2026-03-23 17:00:00,2873479.6942605875
2026-03-23 17:30:00,2873479.6942605875
2026-03-23 18:00:00,2873479.6942605875
2026-03-24 01:00:00,2873479.6942605875
2026-03-24 01:30:00,2855259.4041393315
2026-03-24 02:00:00,2852218.223078795
2026-03-24 02:30:00,2852218.223078795
2026-03-24 03:00:00,2852218.223078795
2026-03-24 05:00:00,2852218.223078795
2026-03-24 05:30:00,2852218.223078795
2026-03-24 06:00:00,2851666.870479385
2026-03-24 06:30:00,2848379.8210697863
2026-03-24 07:00:00,2848379.8210697863
2026-03-24 13:00:00,2848379.8210697863
2026-03-24 13:30:00,2848379.8210697863
2026-03-24 14:00:00,2848379.8210697863
2026-03-24 14:30:00,2848379.8210697863
2026-03-24 15:00:00,2848379.8210697863
2026-03-24 15:30:00,2847963.2321410384
2026-03-24 16:00:00,2847963.2321410384
2026-03-24 16:30:00,2847963.2321410384
2026-03-24 17:00:00,2847963.2321410384
2026-03-24 17:30:00,2847963.2321410384
2026-03-24 18:00:00,2847963.2321410384
2026-03-25 01:00:00,2847963.2321410384
2026-03-25 01:30:00,2847108.7911561346
2026-03-25 02:00:00,2847108.7911561346
2026-03-25 02:30:00,2847108.7911561346
2026-03-25 03:00:00,2849709.8088445407
2026-03-25 05:00:00,2849709.8088445407
2026-03-25 05:30:00,2864378.847466904
2026-03-25 06:00:00,2881197.860283583
2026-03-25 06:30:00,2881197.860283583
2026-03-25 07:00:00,2881197.860283583
2026-03-25 13:00:00,2881197.860283583
2026-03-25 13:30:00,2881993.709979498
2026-03-25 14:00:00,2891558.8708402826
2026-03-25 14:30:00,2891558.8708402826
2026-03-25 15:00:00,2891558.8708402826
2026-03-25 15:30:00,2891558.8708402826
2026-03-25 16:00:00,2891558.8708402826
2026-03-25 16:30:00,2891558.8708402826
2026-03-25 17:00:00,2891558.8708402826
2026-03-25 17:30:00,2891558.8708402826
2026-03-25 18:00:00,2891558.8708402826
2026-03-26 01:00:00,2892609.157256481
2026-03-26 01:30:00,2893044.556509536
2026-03-26 02:00:00,2893044.556509536
2026-03-26 02:30:00,2893044.556509536
2026-03-26 03:00:00,2893044.556509536
2026-03-26 05:00:00,2893044.556509536
2026-03-26 05:30:00,2893044.556509536
2026-03-26 06:00:00,2893044.556509536
2026-03-26 06:30:00,2893044.556509536
2026-03-26 07:00:00,2893044.556509536
2026-03-26 13:00:00,2890735.026179503
2026-03-26 13:30:00,2890032.952851296
2026-03-26 14:00:00,2889808.8843660858
2026-03-26 14:30:00,2889808.8843660858
2026-03-26 15:00:00,2889808.8843660858
2026-03-26 15:30:00,2889808.8843660858
2026-03-26 16:00:00,2889808.8843660858
2026-03-26 16:30:00,2889808.8843660858
2026-03-26 17:00:00,2889808.8843660858
2026-03-26 17:30:00,2889808.8843660858
2026-03-26 18:00:00,2889808.8843660858
2026-03-27 01:00:00,2889808.8843660858
2026-03-27 01:30:00,2891348.2294119354
2026-03-27 02:00:00,2891348.2294119354
2026-03-27 02:30:00,2890714.3758565458
2026-03-27 03:00:00,2886594.7570829215
2026-03-27 05:00:00,2886594.7570829215
2026-03-27 05:30:00,2886594.7570829215
2026-03-27 06:00:00,2890932.0977504607
2026-03-27 06:30:00,2890932.0977504607
2026-03-27 07:00:00,2890932.0977504607
2026-03-27 13:00:00,2891588.036493233
2026-03-27 13:30:00,2891078.4144786582
2026-03-27 14:00:00,2891078.4144786582
2026-03-27 14:30:00,2891078.4144786582
2026-03-27 15:00:00,2891078.4144786582
2026-03-27 15:30:00,2891078.4144786582
2026-03-27 16:00:00,2891078.4144786582
2026-03-27 16:30:00,2891078.4144786582
2026-03-27 17:00:00,2891078.4144786582
2026-03-27 17:30:00,2888819.6491503413
2026-03-27 18:00:00,2887414.104557658
2026-03-30 01:00:00,2887414.104557658
2026-03-30 01:30:00,2883583.228667833
2026-03-30 02:00:00,2841968.290846649
2026-03-30 02:30:00,2841968.290846649
2026-03-30 03:00:00,2845390.618344688
2026-03-30 05:00:00,2810908.8845541645
2026-03-30 05:30:00,2822924.0855051493
2026-03-30 06:00:00,2822924.0855051493
2026-03-30 06:30:00,2822924.0855051493
2026-03-30 07:00:00,2822924.0855051493
2026-03-30 13:00:00,2821838.2676444547
2026-03-30 13:30:00,2821838.2676444547
2026-03-30 14:00:00,2821838.2676444547
2026-03-30 14:30:00,2821838.2676444547
2026-03-30 15:00:00,2821838.2676444547
2026-03-30 15:30:00,2821838.2676444547
2026-03-30 16:00:00,2821838.2676444547
2026-03-30 16:30:00,2821838.2676444547
2026-03-30 17:00:00,2821838.2676444547
2026-03-30 17:30:00,2821838.2676444547
2026-03-30 18:00:00,2821838.2676444547
2026-03-31 01:00:00,2821838.2676444547
2026-03-31 01:30:00,2821430.527175317
2026-03-31 02:00:00,2818983.3974267286
2026-03-31 02:30:00,2818983.3974267286
2026-03-31 03:00:00,2818983.3974267286
2026-03-31 05:00:00,2812735.7701031966
2026-03-31 05:30:00,2812735.7701031966
2026-03-31 06:00:00,2813310.72466489
2026-03-31 06:30:00,2813310.72466489
2026-03-31 07:00:00,2813310.72466489
2026-03-31 13:00:00,2813310.72466489
2026-03-31 13:30:00,2813069.904138989
2026-03-31 14:00:00,2813069.904138989
2026-03-31 14:30:00,2813069.904138989
2026-03-31 15:00:00,2813255.299732675
2026-03-31 15:30:00,2813255.299732675
2026-03-31 16:00:00,2813255.299732675
2026-03-31 16:30:00,2813255.299732675
2026-03-31 17:00:00,2813255.299732675
2026-03-31 17:30:00,2813255.299732675
2026-03-31 18:00:00,2813255.299732675
2026-04-01 01:00:00,2812120.9075587452
2026-04-01 01:30:00,2811211.8237439175
2026-04-01 02:00:00,2811211.8237439175
2026-04-01 02:30:00,2811211.8237439175
2026-04-01 03:00:00,2812221.433308995
2026-04-01 05:00:00,2812221.433308995
2026-04-01 05:30:00,2812221.433308995
2026-04-01 06:00:00,2809059.1931296787
2026-04-01 06:30:00,2808399.30611572
2026-04-01 07:00:00,2808399.30611572
2026-04-01 13:00:00,2808011.669837745
2026-04-01 13:30:00,2807811.669837745
2026-04-01 14:00:00,2807811.669837745
2026-04-01 14:30:00,2807811.669837745
2026-04-01 15:00:00,2807811.669837745
2026-04-01 15:30:00,2807811.669837745
2026-04-01 16:00:00,2807811.669837745
2026-04-01 16:30:00,2807811.669837745
2026-04-01 17:00:00,2807811.669837745
2026-04-01 17:30:00,2807811.669837745
2026-04-01 18:00:00,2807811.669837745
2026-04-02 01:00:00,2807811.669837745
2026-04-02 01:30:00,2810825.563952532
2026-04-02 02:00:00,2774011.8996187546
2026-04-02 02:30:00,2779403.8855919954
2026-04-02 03:00:00,2778729.57809194
2026-04-02 05:00:00,2778729.57809194
2026-04-02 05:30:00,2779415.622953768
2026-04-02 06:00:00,2779100.692066371
2026-04-02 06:30:00,2778877.7434493587
2026-04-02 07:00:00,2778877.7434493587
2026-04-02 13:00:00,2778929.2581951693
2026-04-02 13:30:00,2778762.9996190476
2026-04-02 14:00:00,2779541.9167356486
2026-04-02 14:30:00,2779541.9167356486
2026-04-02 15:00:00,2779541.9167356486
2026-04-02 15:30:00,2779541.9167356486
2026-04-02 16:00:00,2779541.9167356486
2026-04-02 16:30:00,2779541.9167356486
2026-04-02 17:00:00,2779541.9167356486
2026-04-02 17:30:00,2779541.9167356486
2026-04-02 18:00:00,2779541.9167356486
2026-04-03 01:00:00,2775386.491651428
2026-04-03 01:30:00,2774977.37231909
2026-04-03 02:00:00,2772244.3766121306
2026-04-03 02:30:00,2771675.176819493
2026-04-03 03:00:00,2771675.176819493
2026-04-03 05:00:00,2771675.176819493
2026-04-03 05:30:00,2771675.176819493
2026-04-03 06:00:00,2771675.176819493
2026-04-03 06:30:00,2765185.6888371524
2026-04-03 07:00:00,2765185.6888371524
2026-04-07 01:00:00,2765185.6888371524
2026-04-07 01:30:00,2764902.348123892
2026-04-07 02:00:00,2756436.821266488
2026-04-07 02:30:00,2756436.821266488
2026-04-07 03:00:00,2762790.8865218116
2026-04-07 05:00:00,2762790.8865218116
2026-04-07 05:30:00,2761992.5229990664
2026-04-07 06:00:00,2761308.193391597
2026-04-07 06:30:00,2761308.193391597
2026-04-07 07:00:00,2761308.193391597
2026-04-07 13:00:00,2761308.193391597
2026-04-07 13:30:00,2764621.4291970455
2026-04-07 14:00:00,2764313.577124567
2026-04-07 14:30:00,2763968.1849611592
2026-04-07 15:00:00,2763968.1849611592
2026-04-07 15:30:00,2763968.1849611592
2026-04-07 16:00:00,2763968.1849611592
2026-04-07 16:30:00,2763968.1849611592
2026-04-07 17:00:00,2763968.1849611592
2026-04-07 17:30:00,2763968.1849611592
2026-04-07 18:00:00,2763968.1849611592
2026-04-08 01:00:00,2763968.1849611592
2026-04-08 01:30:00,2748503.2030429686
2026-04-08 02:00:00,2748503.2030429686
2026-04-08 02:30:00,2748503.2030429686
2026-04-08 03:00:00,2748503.2030429686
2026-04-08 05:00:00,2748503.2030429686
2026-04-08 05:30:00,2748503.2030429686
2026-04-08 06:00:00,2748503.2030429686
2026-04-08 06:30:00,2748503.2030429686
2026-04-08 07:00:00,2748503.2030429686
2026-04-08 13:00:00,2748503.2030429686
2026-04-08 13:30:00,2748078.2030429686
2026-04-08 14:00:00,2748078.2030429686
2026-04-08 14:30:00,2748078.2030429686
2026-04-08 15:00:00,2748078.2030429686
2026-04-08 15:30:00,2748078.2030429686
2026-04-08 16:00:00,2748078.2030429686
2026-04-08 16:30:00,2748078.2030429686
2026-04-08 17:00:00,2748078.2030429686
2026-04-08 17:30:00,2748078.2030429686
2026-04-08 18:00:00,2748078.2030429686
2026-04-09 01:00:00,2751735.734596701
2026-04-09 01:30:00,2748386.1340628485
2026-04-09 02:00:00,2872770.9504713463
2026-04-09 02:30:00,2866441.365423774
2026-04-09 03:00:00,2866584.633444337
2026-04-09 05:00:00,2866584.633444337
2026-04-09 05:30:00,2867131.92274676
2026-04-09 06:00:00,2867131.92274676
2026-04-09 06:30:00,2867131.92274676
2026-04-09 07:00:00,2866657.67101939
2026-04-09 13:00:00,2866657.67101939
2026-04-09 13:30:00,2858201.243217875
2026-04-09 14:00:00,2858201.243217875
2026-04-09 14:30:00,2858201.243217875
2026-04-09 15:00:00,2858201.243217875
2026-04-09 15:30:00,2858201.243217875
2026-04-09 16:00:00,2858201.243217875
2026-04-09 16:30:00,2858201.243217875
2026-04-09 17:00:00,2858201.243217875
2026-04-09 17:30:00,2858201.243217875
2026-04-09 18:00:00,2858201.243217875
2026-04-10 01:00:00,2858201.243217875
2026-04-10 01:30:00,2853301.34037321
2026-04-10 02:00:00,2853860.839153383
2026-04-10 02:30:00,2852856.3433629577
2026-04-10 03:00:00,2852455.17893895
2026-04-10 05:00:00,2852455.17893895
2026-04-10 05:30:00,2857705.267078335
2026-04-10 06:00:00,2857705.267078335
2026-04-10 06:30:00,2857705.267078335
2026-04-10 07:00:00,2857705.267078335
2026-04-10 13:00:00,2857705.267078335
2026-04-10 13:30:00,2857005.267078335
2026-04-10 14:00:00,2856082.2114795926
2026-04-10 14:30:00,2856082.2114795926
2026-04-10 15:00:00,2856082.2114795926
2026-04-10 15:30:00,2856082.2114795926
2026-04-10 16:00:00,2850308.3390170294
2026-04-10 16:30:00,2850308.3390170294
2026-04-10 17:00:00,2850308.3390170294
2026-04-10 17:30:00,2850308.3390170294
2026-04-10 18:00:00,2850308.3390170294
2026-04-13 01:00:00,2850308.3390170294
2026-04-13 01:30:00,2842193.3390170294
2026-04-13 02:00:00,2842193.3390170294
2026-04-13 02:30:00,2842193.3390170294
2026-04-13 03:00:00,2842193.3390170294
2026-04-13 05:00:00,2842193.3390170294
2026-04-13 05:30:00,2841659.976478703
2026-04-13 06:00:00,2841564.297687336
2026-04-13 06:30:00,2841564.297687336
2026-04-13 07:00:00,2841564.297687336
2026-04-13 13:00:00,2841744.297687336
2026-04-13 13:30:00,2841744.297687336
2026-04-13 14:00:00,2841744.297687336
2026-04-13 14:30:00,2841744.297687336
2026-04-13 15:00:00,2841744.297687336
2026-04-13 15:30:00,2841744.297687336
2026-04-13 16:00:00,2841744.297687336
2026-04-13 16:30:00,2841744.297687336
2026-04-13 17:00:00,2841744.297687336
2026-04-13 17:30:00,2841744.297687336
2026-04-13 18:00:00,2841744.297687336
2026-04-14 01:00:00,2841744.297687336
2026-04-14 01:30:00,2841744.297687336
2026-04-14 02:00:00,2841933.8314548344
2026-04-14 02:30:00,2841933.8314548344
2026-04-14 03:00:00,2841933.8314548344
2026-04-14 05:00:00,2841933.8314548344
2026-04-14 05:30:00,2841933.8314548344
2026-04-14 06:00:00,2838535.470831186
2026-04-14 06:30:00,2838535.470831186
2026-04-14 07:00:00,2838535.470831186
2026-04-14 13:00:00,2838226.996080352
2026-04-14 13:30:00,2837885.6625499586
2026-04-14 14:00:00,2837885.6625499586
2026-04-14 14:30:00,2837885.6625499586
2026-04-14 15:00:00,2837885.6625499586
2026-04-14 15:30:00,2837885.6625499586
2026-04-14 16:00:00,2837885.6625499586
2026-04-14 16:30:00,2837885.6625499586
2026-04-14 17:00:00,2837885.6625499586
2026-04-14 17:30:00,2837885.6625499586
2026-04-14 18:00:00,2837885.6625499586
2026-04-15 01:00:00,2837885.6625499586
2026-04-15 01:30:00,2842468.0820706226
2026-04-15 02:00:00,2846729.3771606972
2026-04-15 02:30:00,2846864.8676685067
2026-04-15 03:00:00,2903718.424599625
2026-04-15 05:00:00,2903718.424599625
2026-04-15 05:30:00,2903718.424599625
2026-04-15 06:00:00,2903718.424599625
2026-04-15 06:30:00,2904630.014309656
2026-04-15 07:00:00,2904630.014309656
2026-04-15 13:00:00,2904402.941953714
2026-04-15 13:30:00,2889689.6053051315
2026-04-15 14:00:00,2889689.6053051315
2026-04-15 14:30:00,2889689.6053051315
2026-04-15 15:00:00,2889689.6053051315
2026-04-15 15:30:00,2889689.6053051315
2026-04-15 16:00:00,2889689.6053051315
2026-04-15 16:30:00,2889689.6053051315
2026-04-15 17:00:00,2889689.6053051315
2026-04-15 17:30:00,2889689.6053051315
2026-04-15 18:00:00,2889689.6053051315
2026-04-16 01:00:00,2889689.6053051315
2026-04-16 01:30:00,2889341.3510776046
2026-04-16 02:00:00,2889341.3510776046
2026-04-16 02:30:00,2889341.3510776046
2026-04-16 03:00:00,2889341.3510776046
2026-04-16 05:00:00,2889341.3510776046
2026-04-16 05:30:00,2889341.3510776046
2026-04-16 06:00:00,2889341.3510776046
2026-04-16 06:30:00,2888286.089650407
2026-04-16 07:00:00,2888286.089650407
2026-04-16 13:00:00,2888286.089650407
2026-04-16 13:30:00,2889916.152284872
2026-04-16 14:00:00,2888707.264594509
2026-04-16 14:30:00,2886929.8493548734
2026-04-16 15:00:00,2886929.8493548734
2026-04-16 15:30:00,2886929.8493548734
2026-04-16 16:00:00,2886929.8493548734
2026-04-16 16:30:00,2886929.8493548734
2026-04-16 17:00:00,2886929.8493548734
2026-04-16 17:30:00,2886929.8493548734
2026-04-16 18:00:00,2886929.8493548734
2026-04-17 01:00:00,2886929.8493548734
2026-04-17 01:30:00,2891763.513515831
2026-04-17 02:00:00,2894687.004950387
2026-04-17 02:30:00,2889700.3148001814
2026-04-17 03:00:00,2887271.9840599964
2026-04-17 05:00:00,2887271.9840599964
2026-04-17 05:30:00,2887271.9840599964
2026-04-17 06:00:00,2887211.9840599964
2026-04-17 06:30:00,2886816.1810375447
2026-04-17 07:00:00,2886816.1810375447
2026-04-17 13:00:00,2880275.43255576
2026-04-17 13:30:00,2881122.38219107
2026-04-17 14:00:00,2880500.224379746
2026-04-17 14:30:00,2880500.224379746
2026-04-17 15:00:00,2880500.224379746
2026-04-17 15:30:00,2880500.224379746
2026-04-17 16:00:00,2880500.224379746
2026-04-17 16:30:00,2880500.224379746
2026-04-17 17:00:00,2880500.224379746
2026-04-17 17:30:00,2877839.4108777638
2026-04-17 18:00:00,2872451.3348984686
2026-04-20 01:00:00,2872451.3348984686
2026-04-20 01:30:00,2852620.855731579
2026-04-20 02:00:00,2852620.855731579
2026-04-20 02:30:00,2852620.855731579
2026-04-20 03:00:00,2852620.855731579
2026-04-20 05:00:00,2852620.855731579
2026-04-20 05:30:00,2852620.855731579
2026-04-20 06:00:00,2852620.855731579
2026-04-20 06:30:00,2852620.855731579
2026-04-20 07:00:00,2852620.855731579
2026-04-20 13:00:00,2852620.855731579
2026-04-20 13:30:00,2851481.700655631
2026-04-20 14:00:00,2851481.700655631
2026-04-20 14:30:00,2851481.700655631
2026-04-20 15:00:00,2846090.049890268
2026-04-20 15:30:00,2843754.77738694
2026-04-20 16:00:00,2843754.77738694
2026-04-20 16:30:00,2843754.77738694
2026-04-20 17:00:00,2843754.77738694
2026-04-20 17:30:00,2837023.5711583924
2026-04-20 18:00:00,2837023.5711583924
2026-04-21 01:00:00,2837023.5711583924
2026-04-21 01:30:00,2833924.8997986885
2026-04-21 02:00:00,2835221.581494917
2026-04-21 02:30:00,2835221.581494917
2026-04-21 03:00:00,2835478.6458267896
2026-04-21 05:00:00,2835478.6458267896
2026-04-21 05:30:00,2830967.208940043
2026-04-21 06:00:00,2830577.208940043
2026-04-21 06:30:00,2830577.208940043
2026-04-21 07:00:00,2830577.208940043
2026-04-21 13:00:00,2831032.832387447
2026-04-21 13:30:00,2831332.832387447
2026-04-21 14:00:00,2831332.832387447
2026-04-21 14:30:00,2831332.832387447
2026-04-21 15:00:00,2831332.832387447
2026-04-21 15:30:00,2831332.832387447
2026-04-21 16:00:00,2831332.832387447
2026-04-21 16:30:00,2831332.832387447
2026-04-21 17:00:00,2831332.832387447
2026-04-21 17:30:00,2831332.832387447
2026-04-21 18:00:00,2849608.4873799556
2026-04-22 01:00:00,2849608.4873799556
2026-04-22 01:30:00,2848530.7601850387
2026-04-22 02:00:00,2848530.7601850387
2026-04-22 02:30:00,2848530.7601850387
2026-04-22 03:00:00,2848530.7601850387
2026-04-22 05:00:00,2848530.7601850387
2026-04-22 05:30:00,2848530.7601850387
2026-04-22 06:00:00,2849579.9711333183
2026-04-22 06:30:00,2849579.9711333183
2026-04-22 07:00:00,2849579.9711333183
2026-04-22 13:00:00,2849579.9711333183
2026-04-22 13:30:00,2838253.6192811583
2026-04-22 14:00:00,2838253.6192811583
2026-04-22 14:30:00,2838253.6192811583
2026-04-22 15:00:00,2838253.6192811583
2026-04-22 15:30:00,2838253.6192811583
2026-04-22 16:00:00,2838253.6192811583
2026-04-22 16:30:00,2838253.6192811583
2026-04-22 17:00:00,2838253.6192811583
2026-04-22 17:30:00,2838253.6192811583
2026-04-22 18:00:00,2838253.6192811583
2026-04-23 01:00:00,2838253.6192811583
2026-04-23 01:30:00,2836684.2553945924
2026-04-23 02:00:00,2836684.2553945924
2026-04-23 02:30:00,2836684.2553945924
2026-04-23 03:00:00,2833386.4349335833
2026-04-23 05:00:00,2833386.4349335833
2026-04-23 05:30:00,2833386.4349335833
2026-04-23 06:00:00,2833386.4349335833
2026-04-23 06:30:00,2835175.828395995
2026-04-23 07:00:00,2835175.828395995
2026-04-23 13:00:00,2835175.828395995
2026-04-23 13:30:00,2838911.502914954
2026-04-23 14:00:00,2838911.502914954
2026-04-23 14:30:00,2838911.502914954
2026-04-23 15:00:00,2838911.502914954
2026-04-23 15:30:00,2838911.502914954
2026-04-23 16:00:00,2838911.502914954
2026-04-23 16:30:00,2838911.502914954
2026-04-23 17:00:00,2838911.502914954
2026-04-23 17:30:00,2838911.502914954
2026-04-23 18:00:00,2838911.502914954
2026-04-24 01:00:00,2838911.502914954
2026-04-24 01:30:00,2837911.502914954
2026-04-24 02:00:00,2837312.8105775556
2026-04-24 02:30:00,2837312.8105775556
2026-04-24 03:00:00,2837863.251513754
2026-04-24 05:00:00,2837863.251513754
2026-04-24 05:30:00,2837863.251513754
2026-04-24 06:00:00,2837863.251513754
2026-04-24 06:30:00,2837430.552813274
2026-04-24 07:00:00,2837430.552813274
2026-04-24 13:00:00,2837430.552813274
2026-04-24 13:30:00,2842513.384535822
2026-04-24 14:00:00,2842513.384535822
2026-04-24 14:30:00,2842245.6788140945
2026-04-24 15:00:00,2842245.6788140945
2026-04-24 15:30:00,2842245.6788140945
2026-04-24 16:00:00,2842245.6788140945
2026-04-24 16:30:00,2842245.6788140945
2026-04-24 17:00:00,2842245.6788140945
2026-04-24 17:30:00,2842245.6788140945
2026-04-24 18:00:00,2842245.6788140945
2026-04-27 01:00:00,2842245.6788140945
2026-04-27 01:30:00,2838146.8434559996
2026-04-27 02:00:00,2838146.8434559996
2026-04-27 02:30:00,2838146.8434559996
2026-04-27 03:00:00,2840183.825986774
2026-04-27 05:00:00,2840183.825986774
2026-04-27 05:30:00,2839497.0566874105
2026-04-27 06:00:00,2839043.5050246073
2026-04-27 06:30:00,2839043.5050246073
2026-04-27 07:00:00,2839043.5050246073
2026-04-27 13:00:00,2836940.185987616
2026-04-27 13:30:00,2829383.4566682014
2026-04-27 14:00:00,2828563.921666513
2026-04-27 14:30:00,2828563.921666513
2026-04-27 15:00:00,2828563.921666513
2026-04-27 15:30:00,2828563.921666513
2026-04-27 16:00:00,2828563.921666513
2026-04-27 16:30:00,2828563.921666513
2026-04-27 17:00:00,2828563.921666513
2026-04-27 17:30:00,2828563.921666513
2026-04-27 18:00:00,2828563.921666513
2026-04-28 01:00:00,2829069.640738552
2026-04-28 01:30:00,2826401.911498272
2026-04-28 02:00:00,2824863.059389852
2026-04-28 02:30:00,2824863.059389852
2026-04-28 03:00:00,2824863.059389852
2026-04-28 05:00:00,2824863.059389852
2026-04-28 05:30:00,2822091.407415123
2026-04-28 06:00:00,2817742.794204522
2026-04-28 06:30:00,2817742.794204522
2026-04-28 07:00:00,2817742.794204522
2026-04-28 13:00:00,2817933.5203327597
2026-04-28 13:30:00,2818621.629428132
2026-04-28 14:00:00,2818810.170974684
2026-04-28 14:30:00,2818810.170974684
2026-04-28 15:00:00,2818810.170974684
2026-04-28 15:30:00,2818810.170974684
2026-04-28 16:00:00,2818810.170974684
2026-04-28 16:30:00,2818810.170974684
2026-04-28 17:00:00,2830619.0791792674
2026-04-28 17:30:00,2831831.6520419475
2026-04-28 18:00:00,2831831.6520419475
2026-04-29 01:00:00,2830829.6872935747
2026-04-29 01:30:00,2830643.778043494
2026-04-29 02:00:00,2832202.97101897
2026-04-29 02:30:00,2832202.97101897
2026-04-29 03:00:00,2831154.1939079068
2026-04-29 05:00:00,2831154.1939079068
2026-04-29 05:30:00,2831154.1939079068
2026-04-29 06:00:00,2831154.1939079068
2026-04-29 06:30:00,2831154.1939079068
2026-04-29 07:00:00,2831154.1939079068
2026-04-29 13:00:00,2831154.1939079068
2026-04-29 13:30:00,2830225.802804721
2026-04-29 14:00:00,2830225.802804721
2026-04-29 14:30:00,2830225.802804721
2026-04-29 15:00:00,2830225.802804721
2026-04-29 15:30:00,2830225.802804721
2026-04-29 16:00:00,2830225.802804721
2026-04-29 16:30:00,2830225.802804721
2026-04-29 17:00:00,2830225.802804721
2026-04-29 17:30:00,2830225.802804721
2026-04-29 18:00:00,2830225.802804721
2026-04-30 01:00:00,2829468.558280568
2026-04-30 01:30:00,2834375.676324556
2026-04-30 02:00:00,2834375.676324556
2026-04-30 02:30:00,2834375.676324556
2026-04-30 03:00:00,2844447.5712367343
2026-04-30 05:00:00,2844447.5712367343
2026-04-30 05:30:00,2844447.5712367343
2026-04-30 06:00:00,2844301.648347908
2026-04-30 06:30:00,2844301.648347908
2026-04-30 07:00:00,2844301.648347908
2026-05-06 01:00:00,2844301.648347908
2026-05-06 01:30:00,2840931.648347908
2026-05-06 02:00:00,2841482.5034039426
2026-05-06 02:30:00,2841482.5034039426
2026-05-06 03:00:00,2843736.2941560303
2026-05-06 05:00:00,2843736.2941560303
2026-05-06 05:30:00,2843736.2941560303
2026-05-06 06:00:00,2843736.2941560303
2026-05-06 06:30:00,2905281.9252326284
2026-05-06 07:00:00,2905281.9252326284
2026-05-06 13:00:00,2905281.9252326284
2026-05-06 13:30:00,2908571.155228845
2026-05-06 14:00:00,2908571.155228845
2026-05-06 14:30:00,2908571.155228845
2026-05-06 15:00:00,2908571.155228845
2026-05-06 15:30:00,2908571.155228845
2026-05-06 16:00:00,2908571.155228845
2026-05-06 16:30:00,2908571.155228845
2026-05-06 17:00:00,2908571.155228845
2026-05-06 17:30:00,2908571.155228845
2026-05-06 18:00:00,2908571.155228845
2026-05-07 01:00:00,2908571.155228845
2026-05-07 01:30:00,2909227.4503437923
2026-05-07 02:00:00,2923413.957309217
2026-05-07 02:30:00,2946508.303403907
2026-05-07 03:00:00,2946508.303403907
2026-05-07 05:00:00,2946508.303403907
2026-05-07 05:30:00,2948942.8349181646
2026-05-07 06:00:00,2949257.528171439
2026-05-07 06:30:00,2949257.528171439
2026-05-07 07:00:00,2949257.528171439
2026-05-07 13:00:00,2949141.9375809645
2026-05-07 13:30:00,2949122.255006151
2026-05-07 14:00:00,2949122.255006151
2026-05-07 14:30:00,2949122.255006151
2026-05-07 15:00:00,2949122.255006151
2026-05-07 15:30:00,2949122.255006151
2026-05-07 16:00:00,2949122.255006151
2026-05-07 16:30:00,2949122.255006151
2026-05-07 17:00:00,2949122.255006151
2026-05-07 17:30:00,2949122.255006151
2026-05-07 18:00:00,2949122.255006151
2026-05-08 01:00:00,2949122.255006151
2026-05-08 01:30:00,2947802.241272754
2026-05-08 02:00:00,2946973.3656874574
2026-05-08 02:30:00,2943073.914866938
2026-05-08 03:00:00,2943561.7502169046
2026-05-08 05:00:00,3028142.4059311314
2026-05-08 05:30:00,3028425.268003091
2026-05-08 06:00:00,3028425.268003091
2026-05-08 06:30:00,3029854.380589487
2026-05-08 07:00:00,3029854.380589487
2026-05-08 13:00:00,3029854.380589487
2026-05-08 13:30:00,3029854.380589487
2026-05-08 14:00:00,3029854.380589487
2026-05-08 14:30:00,3027579.192976499
2026-05-08 15:00:00,3027579.192976499
2026-05-08 15:30:00,3027579.192976499
2026-05-08 16:00:00,3027579.192976499
2026-05-08 16:30:00,3027579.192976499
2026-05-08 17:00:00,3027579.192976499
2026-05-08 17:30:00,3027579.192976499
2026-05-08 18:00:00,3027579.192976499
2026-05-11 01:00:00,3027579.192976499
2026-05-11 01:30:00,3028524.8475611154
2026-05-11 02:00:00,3028213.4097914007
2026-05-11 02:30:00,3029150.9318503565
2026-05-11 03:00:00,3029255.1451091156
2026-05-11 05:00:00,3029255.1451091156
2026-05-11 05:30:00,3029255.1451091156
2026-05-11 06:00:00,3027303.507555519
2026-05-11 06:30:00,3027303.507555519
2026-05-11 07:00:00,3027303.507555519
2026-05-11 13:00:00,3020788.8873407724
2026-05-11 13:30:00,3020686.788637106
2026-05-11 14:00:00,3020686.788637106
2026-05-11 14:30:00,3020686.788637106
2026-05-11 15:00:00,3020686.788637106
2026-05-11 15:30:00,3020686.788637106
2026-05-11 16:00:00,3020686.788637106
2026-05-11 16:30:00,3020686.788637106
2026-05-11 17:00:00,3020686.788637106
2026-05-11 17:30:00,3020686.788637106
2026-05-11 18:00:00,3020686.788637106
2026-05-12 01:00:00,3020686.788637106
2026-05-12 01:30:00,3020571.1571064843
2026-05-12 02:00:00,3020370.758206058
2026-05-12 02:30:00,3019487.2532361317
2026-05-12 03:00:00,3028922.481655061
2026-05-12 05:00:00,3028922.481655061
2026-05-12 05:30:00,3028922.481655061
2026-05-12 06:00:00,3027689.2529239133
2026-05-12 06:30:00,3027689.2529239133
2026-05-12 07:00:00,3027689.2529239133
2026-05-12 13:00:00,3027689.2529239133
2026-05-12 13:30:00,3025867.0477224127
2026-05-12 14:00:00,3026537.629363424
2026-05-12 14:30:00,3026537.629363424
2026-05-12 15:00:00,3026537.629363424
2026-05-12 15:30:00,3026537.629363424
2026-05-12 16:00:00,3026537.629363424
2026-05-12 16:30:00,3026537.629363424
2026-05-12 17:00:00,3026537.629363424
2026-05-12 17:30:00,3026537.629363424
2026-05-12 18:00:00,3026537.629363424
2026-05-13 01:00:00,3028122.090187956
2026-05-13 01:30:00,3034455.033897621
2026-05-13 02:00:00,3034948.416407281
2026-05-13 02:30:00,3037964.295234157
2026-05-13 03:00:00,3037169.7013591323
2026-05-13 05:00:00,3037169.7013591323
2026-05-13 05:30:00,3035745.0528870597
2026-05-13 06:00:00,3034863.747345046
2026-05-13 06:30:00,3034863.747345046
2026-05-13 07:00:00,3034863.747345046
2026-05-13 13:00:00,3034005.0643165936
2026-05-13 13:30:00,3033552.593649869
2026-05-13 14:00:00,3033552.593649869
2026-05-13 14:30:00,3033350.9326983592
2026-05-13 15:00:00,3033350.9326983592
2026-05-13 15:30:00,3033350.9326983592
2026-05-13 16:00:00,3033350.9326983592
2026-05-13 16:30:00,3033350.9326983592
2026-05-13 17:00:00,3033350.9326983592
2026-05-13 17:30:00,3033350.9326983592
2026-05-13 18:00:00,3038346.8016789546
2026-05-14 01:00:00,3037495.0757263936
2026-05-14 01:30:00,3037880.6406259066
2026-05-14 02:00:00,3036373.6114347717
2026-05-14 02:30:00,3035173.6114347717
2026-05-14 03:00:00,3035173.6114347717
2026-05-14 05:00:00,3035173.6114347717
2026-05-14 05:30:00,3034352.389137014
2026-05-14 06:00:00,3033851.471257559
2026-05-14 06:30:00,3033851.471257559
2026-05-14 07:00:00,3033851.471257559
2026-05-14 13:00:00,3033851.471257559
2026-05-14 13:30:00,3032737.3094938276
2026-05-14 14:00:00,3032737.3094938276
2026-05-14 14:30:00,3034753.616143017
2026-05-14 15:00:00,3034753.616143017
2026-05-14 15:30:00,3034753.616143017
2026-05-14 16:00:00,3034753.616143017
2026-05-14 16:30:00,3040286.6688229693
2026-05-14 17:00:00,3040286.6688229693
2026-05-14 17:30:00,3040286.6688229693
2026-05-14 18:00:00,3040286.6688229693
2026-05-15 01:00:00,3040286.6688229693
2026-05-15 01:30:00,3040286.6688229693
2026-05-15 02:00:00,3040286.6688229693
2026-05-15 02:30:00,3040286.6688229693
2026-05-15 03:00:00,3040286.6688229693
2026-05-15 05:00:00,3049366.4344313825
2026-05-15 05:30:00,3049366.4344313825
2026-05-15 06:00:00,3049366.4344313825
2026-05-15 06:30:00,3049366.4344313825
2026-05-15 07:00:00,3049366.4344313825
2026-05-15 13:00:00,3049366.4344313825
2026-05-15 13:30:00,3049366.4344313825
2026-05-15 14:00:00,3048273.5733469063
2026-05-15 14:30:00,3048796.243514528
2026-05-15 15:00:00,3048796.243514528
2026-05-15 15:30:00,3048796.243514528
2026-05-15 16:00:00,3048796.243514528
2026-05-15 16:30:00,3048796.243514528
2026-05-15 17:00:00,3048796.243514528
2026-05-15 17:30:00,3071457.20703582
2026-05-15 18:00:00,3071457.20703582
2026-05-18 01:00:00,3071457.20703582
2026-05-18 01:30:00,3072901.9071141146
2026-05-18 02:00:00,3081647.6361618503
2026-05-18 02:30:00,3081647.6361618503
2026-05-18 03:00:00,3082364.9198602233
2026-05-18 05:00:00,3082364.9198602233
2026-05-18 05:30:00,3082364.9198602233
2026-05-18 06:00:00,3082937.648021439
2026-05-18 06:30:00,3082810.4984240457
2026-05-18 07:00:00,3082810.4984240457
2026-05-18 13:00:00,3082810.4984240457
2026-05-18 13:30:00,3078130.4984240457
2026-05-18 14:00:00,3078130.4984240457
2026-05-18 14:30:00,3076375.46853992
2026-05-18 15:00:00,3076375.46853992
2026-05-18 15:30:00,3076375.46853992
2026-05-18 16:00:00,3076375.46853992
2026-05-18 16:30:00,3076375.46853992
2026-05-18 17:00:00,3076375.46853992
2026-05-18 17:30:00,3076375.46853992
2026-05-18 18:00:00,3076375.46853992
2026-05-19 01:00:00,3075587.139674952
2026-05-19 01:30:00,3075587.139674952
2026-05-19 02:00:00,3075587.139674952
2026-05-19 02:30:00,3075587.139674952
2026-05-19 03:00:00,3075587.139674952
2026-05-19 05:00:00,3075587.139674952
2026-05-19 05:30:00,3075587.139674952
2026-05-19 06:00:00,3075587.139674952
2026-05-19 06:30:00,3074927.886569224
2026-05-19 07:00:00,3074927.886569224
2026-05-19 13:00:00,3077615.865401646
2026-05-19 13:30:00,3077615.865401646
2026-05-19 14:00:00,3077615.865401646
2026-05-19 14:30:00,3076413.1403447404
2026-05-19 15:00:00,3076413.1403447404
2026-05-19 15:30:00,3076413.1403447404
2026-05-19 16:00:00,3076413.1403447404
2026-05-19 16:30:00,3076413.1403447404
2026-05-19 17:00:00,3076413.1403447404
2026-05-19 17:30:00,3076413.1403447404
2026-05-19 18:00:00,3076413.1403447404
2026-05-20 01:00:00,3077772.114989908
2026-05-20 01:30:00,3078044.4817837803
2026-05-20 02:00:00,3078044.4817837803
2026-05-20 02:30:00,3078044.4817837803
2026-05-20 03:00:00,3078044.4817837803
2026-05-20 05:00:00,3078044.4817837803
2026-05-20 05:30:00,3078044.4817837803
2026-05-20 06:00:00,3076607.5782130533
2026-05-20 06:30:00,3076607.5782130533
2026-05-20 07:00:00,3076607.5782130533
2026-05-20 13:00:00,3075549.868026795
2026-05-20 13:30:00,3075220.8570456193
2026-05-20 14:00:00,3075220.8570456193
2026-05-20 14:30:00,3075220.8570456193
2026-05-20 15:00:00,3075220.8570456193
2026-05-20 15:30:00,3075220.8570456193
2026-05-20 16:00:00,3075220.8570456193
2026-05-20 16:30:00,3075220.8570456193
2026-05-20 17:00:00,3075220.8570456193
2026-05-20 17:30:00,3075220.8570456193
2026-05-20 18:00:00,3075220.8570456193
2026-05-21 01:00:00,3075220.8570456193
2026-05-21 01:30:00,3061789.641767639
2026-05-21 02:00:00,3061789.641767639
2026-05-21 02:30:00,3061789.641767639
2026-05-21 03:00:00,3061330.9561188496
2026-05-21 05:00:00,3061330.9561188496
2026-05-21 05:30:00,3060543.3793515028
2026-05-21 06:00:00,3060543.3793515028
2026-05-21 06:30:00,3060543.3793515028
2026-05-21 07:00:00,3060543.3793515028
2026-05-21 13:00:00,3060543.3793515028
2026-05-21 13:30:00,3060167.251079407
2026-05-21 14:00:00,3058996.4477813533
2026-05-21 14:30:00,3058996.4477813533
2026-05-21 15:00:00,3058996.4477813533
2026-05-21 15:30:00,3058996.4477813533
2026-05-21 16:00:00,3058996.4477813533
2026-05-21 16:30:00,3058996.4477813533
2026-05-21 17:00:00,3058996.4477813533
2026-05-21 17:30:00,3058996.4477813533
2026-05-21 18:00:00,3058996.4477813533
2026-05-22 01:00:00,3058996.4477813533
2026-05-22 01:30:00,3073022.243796434
2026-05-22 02:00:00,3069310.002949929
2026-05-22 02:30:00,3069310.002949929
2026-05-22 03:00:00,3069325.2878989177
2026-05-22 05:00:00,3069325.2878989177
2026-05-22 05:30:00,3039401.490862796
2026-05-22 06:00:00,3036607.7792560775
2026-05-22 06:30:00,3035151.2488328917
2026-05-22 07:00:00,3035151.2488328917
2026-05-22 13:00:00,3035151.2488328917
2026-05-22 13:30:00,3034958.2796096164
2026-05-22 14:00:00,3034958.2796096164
2026-05-22 14:30:00,3034958.2796096164
2026-05-22 15:00:00,3034958.2796096164
2026-05-22 15:30:00,3034958.2796096164
2026-05-22 16:00:00,3033019.6647807327
2026-05-22 16:30:00,3029273.795459019
2026-05-22 17:00:00,3029273.795459019
2026-05-22 17:30:00,3029273.795459019
2026-05-22 18:00:00,3029273.795459019
2026-05-25 01:00:00,3027502.4821725436
2026-05-25 01:30:00,3015183.623404532
2026-05-25 02:00:00,3015883.3105860697
2026-05-25 02:30:00,3015883.3105860697
2026-05-25 03:00:00,3015883.3105860697
2026-05-25 05:00:00,2993917.442169051
2026-05-25 05:30:00,2973770.5873484956
2026-05-25 06:00:00,2971033.534707841
2026-05-25 06:30:00,2971033.534707841
2026-05-25 07:00:00,2971033.534707841
2026-05-25 13:00:00,2971134.4250448435
2026-05-25 13:30:00,2969161.42190866
2026-05-25 14:00:00,2964121.42190866
2026-05-25 14:30:00,2964121.42190866
2026-05-25 15:00:00,2964601.42190866
2026-05-25 15:30:00,2964601.42190866
2026-05-25 16:00:00,2964601.42190866
2026-05-25 16:30:00,2963281.940291911
2026-05-25 17:00:00,2963281.940291911
2026-05-25 17:30:00,2963281.940291911
2026-05-25 18:00:00,2963281.940291911
2026-05-26 01:00:00,2964881.873846621
2026-05-26 01:30:00,2962201.873846621
2026-05-26 02:00:00,2960102.2137358356
2026-05-26 02:30:00,2959233.0282666115
2026-05-26 03:00:00,2959233.0282666115
2026-05-26 05:00:00,2959233.0282666115
2026-05-26 05:30:00,2958756.567007482
2026-05-26 06:00:00,2958756.567007482
2026-05-26 06:30:00,2958756.567007482
2026-05-26 07:00:00,2958756.567007482
2026-05-26 13:00:00,2958756.567007482
2026-05-26 13:30:00,2963770.3514838554
2026-05-26 14:00:00,2967779.139451588
2026-05-26 14:30:00,2967779.139451588
2026-05-26 15:00:00,2967779.139451588
2026-05-26 15:30:00,2967779.139451588
2026-05-26 16:00:00,2967779.139451588
2026-05-26 16:30:00,2967779.139451588
2026-05-26 17:00:00,2967779.139451588
2026-05-26 17:30:00,2967779.139451588
2026-05-26 18:00:00,2967779.139451588
2026-05-27 01:00:00,2967779.139451588
2026-05-27 01:30:00,2950882.01778712
2026-05-27 02:00:00,2950882.01778712
2026-05-27 02:30:00,2950882.01778712
2026-05-27 03:00:00,2950882.01778712
2026-05-27 05:00:00,2952163.445655169
2026-05-27 05:30:00,2951965.998931683
2026-05-27 06:00:00,2947609.7257176004
2026-05-27 06:30:00,2947609.7257176004
2026-05-27 07:00:00,2947609.7257176004
2026-05-27 13:00:00,2947609.7257176004
2026-05-27 13:30:00,2944725.4198251083
2026-05-27 14:00:00,2944725.4198251083
2026-05-27 14:30:00,2944725.4198251083
2026-05-27 15:00:00,2944725.4198251083
2026-05-27 15:30:00,2949800.3833125136
2026-05-27 16:00:00,2949800.3833125136
2026-05-27 16:30:00,2949800.3833125136
2026-05-27 17:00:00,2949800.3833125136
2026-05-27 17:30:00,2949800.3833125136
2026-05-27 18:00:00,2949800.3833125136
2026-05-28 01:00:00,2951014.251581277
2026-05-28 01:30:00,2951405.123041207
2026-05-28 02:00:00,2951405.123041207
2026-05-28 02:30:00,2951405.123041207
2026-05-28 03:00:00,2951147.4385250527
2026-05-28 05:00:00,2951147.4385250527
2026-05-28 05:30:00,2947007.8089099135
2026-05-28 06:00:00,2914126.979757374
2026-05-28 06:30:00,2914126.979757374
2026-05-28 07:00:00,2914126.979757374
2026-05-28 13:00:00,2914126.979757374
2026-05-28 13:30:00,2911380.5892134076
2026-05-28 14:00:00,2911380.5892134076
2026-05-28 14:30:00,2903058.174683094
2026-05-28 15:00:00,2903058.174683094
2026-05-28 15:30:00,2903058.174683094
2026-05-28 16:00:00,2903058.174683094
2026-05-28 16:30:00,2903058.174683094
2026-05-28 17:00:00,2903058.174683094
2026-05-28 17:30:00,2903058.174683094
2026-05-28 18:00:00,2903058.174683094
2026-05-29 01:00:00,2903058.174683094
2026-05-29 01:30:00,2902427.9797623237
2026-05-29 02:00:00,2908233.71065731
2026-05-29 02:30:00,2907531.7077265712
2026-05-29 03:00:00,2907531.7077265712
2026-05-29 05:00:00,2907531.7077265712
2026-05-29 05:30:00,2901187.057579906
2026-05-29 06:00:00,2900747.777772527
2026-05-29 06:30:00,2900477.8062324603
2026-05-29 07:00:00,2900477.8062324603
2026-05-29 13:00:00,2900477.8062324603
2026-05-29 13:30:00,2898559.935961454
2026-05-29 14:00:00,2898559.935961454
2026-05-29 14:30:00,2895845.2386430926
2026-05-29 15:00:00,2895845.2386430926
2026-05-29 15:30:00,2895845.2386430926
2026-05-29 16:00:00,2895845.2386430926
2026-05-29 16:30:00,2895845.2386430926
2026-05-29 17:00:00,2895845.2386430926
2026-05-29 17:30:00,2895845.2386430926
2026-05-29 18:00:00,2895845.2386430926
2026-06-01 01:00:00,2895482.579809977
2026-06-01 01:30:00,2886865.7081979644
2026-06-01 02:00:00,2887043.19167686
2026-06-01 02:30:00,2894043.224317708
2026-06-01 03:00:00,2894043.224317708
2026-06-01 05:00:00,2894043.224317708
2026-06-01 05:30:00,2893137.714565711
2026-06-01 06:00:00,2894050.5484288097
2026-06-01 06:30:00,2894538.2284150496
2026-06-01 07:00:00,2894538.2284150496
2026-06-01 13:00:00,2894538.2284150496
2026-06-01 13:30:00,2897146.5275614182
2026-06-01 14:00:00,2897146.5275614182
2026-06-01 14:30:00,2897146.5275614182
2026-06-01 15:00:00,2897146.5275614182
2026-06-01 15:30:00,2897146.5275614182
2026-06-01 16:00:00,2897146.5275614182
2026-06-01 16:30:00,2897146.5275614182
2026-06-01 17:00:00,2897146.5275614182
2026-06-01 17:30:00,2897146.5275614182
2026-06-01 18:00:00,2897146.5275614182
2026-06-02 01:00:00,2897146.5275614182
2026-06-02 01:30:00,2907826.3051879597
2026-06-02 02:00:00,2908804.6487914748
2026-06-02 02:30:00,2908804.6487914748
2026-06-02 03:00:00,2908517.2837416767
2026-06-02 05:00:00,2908517.2837416767
2026-06-02 05:30:00,2908517.2837416767
2026-06-02 06:00:00,2906225.778868193
2026-06-02 06:30:00,2906225.778868193
2026-06-02 07:00:00,2906225.778868193
2026-06-02 13:00:00,2906225.778868193
2026-06-02 13:30:00,2906225.778868193
2026-06-02 14:00:00,2906225.778868193
2026-06-02 14:30:00,2906225.778868193
2026-06-02 15:00:00,2906225.778868193
2026-06-02 15:30:00,2906225.778868193
2026-06-02 16:00:00,2906225.778868193
2026-06-02 16:30:00,2906225.778868193
2026-06-02 17:00:00,2906225.778868193
2026-06-02 17:30:00,2906225.778868193
2026-06-02 18:00:00,2906225.778868193
2026-06-03 01:00:00,2906225.778868193
2026-06-03 01:30:00,2910732.3874829826
2026-06-03 02:00:00,2910732.3874829826
2026-06-03 02:30:00,2910732.3874829826
2026-06-03 03:00:00,2912241.1760295425
2026-06-03 05:00:00,2912241.1760295425
2026-06-03 05:30:00,2905333.078199508
2026-06-03 06:00:00,2905333.078199508
2026-06-03 06:30:00,2903236.5710964166
2026-06-03 07:00:00,2903236.5710964166
2026-06-03 13:00:00,2903396.62896973
2026-06-03 13:30:00,2903396.62896973
2026-06-03 14:00:00,2902617.887965054
2026-06-03 14:30:00,2902087.887965054
2026-06-03 15:00:00,2902087.887965054
2026-06-03 15:30:00,2902087.887965054
2026-06-03 16:00:00,2902087.887965054
2026-06-03 16:30:00,2902087.887965054
2026-06-03 17:00:00,2902087.887965054
2026-06-03 17:30:00,2902087.887965054
2026-06-03 18:00:00,2902087.887965054
2026-06-04 01:00:00,2902087.887965054
2026-06-04 01:30:00,2909199.6162848645
2026-06-04 02:00:00,2909199.6162848645
2026-06-04 02:30:00,2909199.6162848645
2026-06-04 03:00:00,2909199.6162848645
2026-06-04 05:00:00,2908768.1684787767
2026-06-04 05:30:00,2908768.1684787767
2026-06-04 06:00:00,2906085.118270058
2026-06-04 06:30:00,2906085.118270058
2026-06-04 07:00:00,2906085.118270058
2026-06-04 13:00:00,2906391.0698298304
2026-06-04 13:30:00,2905151.4029267603
2026-06-04 14:00:00,2905151.4029267603
2026-06-04 14:30:00,2905151.4029267603
2026-06-04 15:00:00,2905151.4029267603
2026-06-04 15:30:00,2905151.4029267603
2026-06-04 16:00:00,2905151.4029267603
2026-06-04 16:30:00,2905151.4029267603
2026-06-04 17:00:00,2905151.4029267603
2026-06-04 17:30:00,2905151.4029267603
2026-06-04 18:00:00,2905151.4029267603
2026-06-05 01:00:00,2905151.4029267603
2026-06-05 01:30:00,2910558.478645863
2026-06-05 02:00:00,2910558.478645863
2026-06-05 02:30:00,2916755.606482917
2026-06-05 03:00:00,2916687.009294371
2026-06-05 05:00:00,2916687.009294371
2026-06-05 05:30:00,2917551.848044145
2026-06-05 06:00:00,2918715.6015261556
2026-06-05 06:30:00,2914138.858046741
2026-06-05 07:00:00,2914138.858046741
2026-06-05 13:00:00,2914007.1327160657
2026-06-05 13:30:00,2917765.6213897886
2026-06-05 14:00:00,2917765.6213897886
2026-06-05 14:30:00,2917765.6213897886
2026-06-05 15:00:00,2917765.6213897886
2026-06-05 15:30:00,2917765.6213897886
2026-06-05 16:00:00,2917765.6213897886
2026-06-05 16:30:00,2917765.6213897886
2026-06-05 17:00:00,2917765.6213897886
2026-06-05 17:30:00,2917765.6213897886
2026-06-05 18:00:00,2917765.6213897886
2026-06-08 01:00:00,2917217.953770777
2026-06-08 01:30:00,2915412.0765208243
2026-06-08 02:00:00,2914512.0765208243
2026-06-08 02:30:00,2919971.758941649
2026-06-08 03:00:00,2919630.2025989713
2026-06-08 05:00:00,2919630.2025989713
2026-06-08 05:30:00,2919630.2025989713
2026-06-08 06:00:00,2921333.974660456
2026-06-08 06:30:00,2921333.974660456
2026-06-08 07:00:00,2921333.974660456
2026-06-08 13:00:00,2921333.974660456
2026-06-08 13:30:00,2983496.2142880824
2026-06-08 14:00:00,2983496.2142880824
2026-06-08 14:30:00,2984091.6437683916
2026-06-08 15:00:00,2984091.6437683916
2026-06-08 15:30:00,2984091.6437683916
2026-06-08 16:00:00,2984091.6437683916
2026-06-08 16:30:00,2984091.6437683916
2026-06-08 17:00:00,2984091.6437683916
2026-06-08 17:30:00,2984091.6437683916
2026-06-08 18:00:00,2984091.6437683916
2026-06-09 01:00:00,2984091.6437683916
2026-06-09 01:30:00,2981378.517431744
2026-06-09 02:00:00,2981378.517431744
2026-06-09 02:30:00,2981378.517431744
2026-06-09 03:00:00,2981378.517431744
2026-06-09 05:00:00,2981378.517431744
2026-06-09 05:30:00,2981378.517431744
2026-06-09 06:00:00,2982128.214880011
2026-06-09 06:30:00,2982128.214880011
2026-06-09 07:00:00,2982128.214880011
2026-06-09 13:00:00,2982054.65490731
2026-06-09 13:30:00,2980855.3555425843
2026-06-09 14:00:00,2980855.3555425843
2026-06-09 14:30:00,2980855.3555425843
2026-06-09 15:00:00,2980855.3555425843
2026-06-09 15:30:00,2980855.3555425843
2026-06-09 16:00:00,2980855.3555425843
2026-06-09 16:30:00,2980855.3555425843
2026-06-09 17:00:00,2993814.218290174
2026-06-09 17:30:00,2993814.218290174
2026-06-09 18:00:00,2993814.218290174
2026-06-10 01:00:00,2995647.0478497073
2026-06-10 01:30:00,2997638.1674726377
2026-06-10 02:00:00,2997638.1674726377
2026-06-10 02:30:00,2997638.1674726377
2026-06-10 03:00:00,2996909.1345224027
2026-06-10 05:00:00,2996909.1345224027
2026-06-10 05:30:00,2996909.1345224027
2026-06-10 06:00:00,2992692.0156402146
2026-06-10 06:30:00,2992692.0156402146
2026-06-10 07:00:00,2992692.0156402146
2026-06-10 13:00:00,2994003.4253233336
2026-06-10 13:30:00,2991398.3394317348
2026-06-10 14:00:00,2992471.78182042
2026-06-10 14:30:00,2992471.78182042
2026-06-10 15:00:00,2992471.78182042
2026-06-10 15:30:00,2992471.78182042
2026-06-10 16:00:00,2992471.78182042
2026-06-10 16:30:00,2992471.78182042
2026-06-10 17:00:00,2992471.78182042
2026-06-10 17:30:00,2992471.78182042
2026-06-10 18:00:00,2992471.78182042
2026-06-11 01:00:00,2992471.78182042
2026-06-11 01:30:00,2990176.78182042
2026-06-11 02:00:00,2990176.78182042
2026-06-11 02:30:00,2990257.205151168
2026-06-11 03:00:00,2985268.2124075955
2026-06-11 05:00:00,2985268.2124075955
2026-06-11 05:30:00,2985268.2124075955
2026-06-11 06:00:00,2985019.2545091794
2026-06-11 06:30:00,2985019.2545091794
2026-06-11 07:00:00,2985019.2545091794
2026-06-11 13:00:00,2985019.2545091794
2026-06-11 13:30:00,2981951.266167717
2026-06-11 14:00:00,2981951.266167717
2026-06-11 14:30:00,2981200.909431761
2026-06-11 15:00:00,2981200.909431761
2026-06-11 15:30:00,2981200.909431761
2026-06-11 16:00:00,2981200.909431761
2026-06-11 16:30:00,2981200.909431761
2026-06-11 17:00:00,2981200.909431761
2026-06-11 17:30:00,2981200.909431761
2026-06-11 18:00:00,2981200.909431761
2026-06-12 01:00:00,2980923.043393716
2026-06-12 01:30:00,2971553.4922131794
2026-06-12 02:00:00,2964233.4922131794
2026-06-12 02:30:00,2964233.4922131794
2026-06-12 03:00:00,2964233.4922131794
2026-06-12 05:00:00,2964233.4922131794
2026-06-12 05:30:00,2963971.9811151177
2026-06-12 06:00:00,2964450.6244265246
2026-06-12 06:30:00,2964845.60385093
2026-06-12 07:00:00,2964845.60385093
2026-06-12 13:00:00,2963962.3042941964
2026-06-12 13:30:00,2964417.0345852748
2026-06-12 14:00:00,2972925.0719263437
2026-06-12 14:30:00,2973465.0719263437
2026-06-12 15:00:00,2973465.0719263437
2026-06-12 15:30:00,2973465.0719263437
2026-06-12 16:00:00,2973465.0719263437
2026-06-12 16:30:00,2973465.0719263437
2026-06-12 17:00:00,2973465.0719263437
2026-06-12 17:30:00,2973465.0719263437
2026-06-12 18:00:00,2973465.0719263437
2026-06-15 01:00:00,2979232.8303191676
2026-06-15 01:30:00,2977589.5719123897
2026-06-15 02:00:00,2977589.5719123897
2026-06-15 02:30:00,2975773.8299283404
2026-06-15 03:00:00,2974950.407334464
2026-06-15 05:00:00,2989809.8220589175
2026-06-15 05:30:00,2989809.8220589175
2026-06-15 06:00:00,2989809.8220589175
2026-06-15 06:30:00,2989809.8220589175
2026-06-15 07:00:00,2989809.8220589175
2026-06-15 13:00:00,2989809.8220589175
2026-06-15 13:30:00,2989809.8220589175
2026-06-15 14:00:00,2988694.607613972
2026-06-15 14:30:00,2988734.6838993663
2026-06-15 15:00:00,2988734.6838993663
2026-06-15 15:30:00,2988734.6838993663
2026-06-15 16:00:00,2988734.6838993663
2026-06-15 16:30:00,2988734.6838993663
2026-06-15 17:00:00,2988734.6838993663
2026-06-15 17:30:00,2988734.6838993663
2026-06-15 18:00:00,2988734.6838993663
2026-06-16 01:00:00,2989386.924299977
2026-06-16 01:30:00,3010189.1536255605
2026-06-16 02:00:00,3010189.1536255605
2026-06-16 02:30:00,3010189.1536255605
2026-06-16 03:00:00,3010189.1536255605
2026-06-16 05:00:00,3010189.1536255605
2026-06-16 05:30:00,3008229.4276587334
2026-06-16 06:00:00,3002305.0002279836
2026-06-16 06:30:00,3001398.9365818975
2026-06-16 07:00:00,3001398.9365818975
2026-06-16 13:00:00,3003737.8741617505
2026-06-16 13:30:00,3001761.01882286
2026-06-16 14:00:00,3001761.01882286
2026-06-16 14:30:00,3001761.01882286
2026-06-16 15:00:00,3001761.01882286
2026-06-16 15:30:00,3001761.01882286
2026-06-16 16:00:00,3001761.01882286
2026-06-16 16:30:00,3001761.01882286
2026-06-16 17:00:00,3001761.01882286
2026-06-16 17:30:00,3001761.01882286
2026-06-16 18:00:00,3001761.01882286
2026-06-17 01:00:00,3001923.1044815886
2026-06-17 01:30:00,2999222.885328253
2026-06-17 02:00:00,2999443.2465239908
2026-06-17 02:30:00,2999443.2465239908
2026-06-17 03:00:00,2999443.2465239908
2026-06-17 05:00:00,2999443.2465239908
2026-06-17 05:30:00,2999443.2465239908
2026-06-17 06:00:00,2998746.614966124
2026-06-17 06:30:00,2998746.614966124
2026-06-17 07:00:00,2998746.614966124
2026-06-17 13:00:00,2998490.635434138
2026-06-17 13:30:00,3008942.4723105263
2026-06-17 14:00:00,3008942.4723105263
2026-06-17 14:30:00,3008942.4723105263
2026-06-17 15:00:00,3008942.4723105263
2026-06-17 15:30:00,3008942.4723105263
2026-06-17 16:00:00,3008942.4723105263
2026-06-17 16:30:00,3008942.4723105263
2026-06-17 17:00:00,3008942.4723105263
2026-06-17 17:30:00,3008942.4723105263
2026-06-17 18:00:00,3008942.4723105263
2026-06-18 01:00:00,3007561.2276899978
2026-06-18 01:30:00,3007308.4856845597
2026-06-18 02:00:00,3007308.4856845597
2026-06-18 02:30:00,3007308.4856845597
2026-06-18 03:00:00,3007407.825133498
2026-06-18 05:00:00,3007407.825133498
2026-06-18 05:30:00,3007245.048607185
2026-06-18 06:00:00,3008728.9835845474
2026-06-18 06:30:00,3008362.6529611205
2026-06-18 07:00:00,3008362.6529611205
2026-06-22 01:00:00,3008083.3084807787
2026-06-22 01:30:00,3035110.6495749583
2026-06-22 02:00:00,3035110.6495749583
2026-06-22 02:30:00,3035110.6495749583
2026-06-22 03:00:00,3034149.096655719
2026-06-22 05:00:00,3034149.096655719
2026-06-22 05:30:00,3034149.096655719
2026-06-22 06:00:00,3034149.096655719
2026-06-22 06:30:00,3034149.096655719
2026-06-22 07:00:00,3034149.096655719
2026-06-22 13:00:00,3032938.2623621062
2026-06-22 13:30:00,3032938.2623621062
2026-06-22 14:00:00,3032519.224506293
2026-06-22 14:30:00,3031365.5969776167
2026-06-22 15:00:00,3030928.8505305136
2026-06-22 15:30:00,3030928.8505305136
2026-06-22 16:00:00,3030928.8505305136
2026-06-22 16:30:00,3030928.8505305136
2026-06-22 17:00:00,3030928.8505305136
2026-06-22 17:30:00,3030928.8505305136
2026-06-22 18:00:00,3030928.8505305136
2026-06-23 01:00:00,3030928.8505305136
2026-06-23 01:30:00,3037769.864240983
2026-06-23 02:00:00,3037230.5718992464
2026-06-23 02:30:00,3036056.9964449676
2026-06-23 03:00:00,3036056.9964449676
2026-06-23 05:00:00,3036056.9964449676
2026-06-23 05:30:00,3035094.390356809
2026-06-23 06:00:00,3033631.4008337604
2026-06-23 06:30:00,3033631.4008337604
2026-06-23 07:00:00,3033631.4008337604
2026-06-23 13:00:00,3033631.4008337604
2026-06-23 13:30:00,3035313.7605011733
2026-06-23 14:00:00,3035313.7605011733
2026-06-23 14:30:00,3035235.083912807
2026-06-23 15:00:00,3035235.083912807
2026-06-23 15:30:00,3035235.083912807
2026-06-23 16:00:00,3035235.083912807
2026-06-23 16:30:00,3035235.083912807
2026-06-23 17:00:00,3035235.083912807
2026-06-23 17:30:00,3035235.083912807
2026-06-23 18:00:00,3035235.083912807
2026-06-24 01:00:00,3035235.083912807
2026-06-24 01:30:00,3034099.8405460888
2026-06-24 02:00:00,3034099.8405460888
2026-06-24 02:30:00,3034099.8405460888
2026-06-24 03:00:00,3031050.1247212333
2026-06-24 05:00:00,3031050.1247212333
2026-06-24 05:30:00,3031050.1247212333
2026-06-24 06:00:00,3045193.359572167
2026-06-24 06:30:00,3045193.359572167
2026-06-24 07:00:00,3045193.359572167
2026-06-24 13:00:00,3045193.359572167
2026-06-24 13:30:00,3045904.270452723
2026-06-24 14:00:00,3045976.059666892
2026-06-24 14:30:00,3045596.865019719
2026-06-24 15:00:00,3045596.865019719
2026-06-24 15:30:00,3045596.865019719
2026-06-24 16:00:00,3045596.865019719
2026-06-24 16:30:00,3045596.865019719
2026-06-24 17:00:00,3045596.865019719
2026-06-24 17:30:00,3045596.865019719
2026-06-24 18:00:00,3045596.865019719
2026-06-25 01:00:00,3045841.097154553
2026-06-25 01:30:00,3045841.097154553
2026-06-25 02:00:00,3045961.097154553
2026-06-25 02:30:00,3045961.097154553
2026-06-25 03:00:00,3045961.097154553
2026-06-25 05:00:00,3045961.097154553
2026-06-25 05:30:00,3045173.4598882045
2026-06-25 06:00:00,3044165.3233252023
2026-06-25 06:30:00,3044165.3233252023
2026-06-25 07:00:00,3044165.3233252023
2026-06-25 13:00:00,3044165.3233252023
2026-06-25 13:30:00,3056533.5112254084
2026-06-25 14:00:00,3056533.5112254084
2026-06-25 14:30:00,3056533.5112254084
2026-06-25 15:00:00,3056533.5112254084
2026-06-25 15:30:00,3056533.5112254084
2026-06-25 16:00:00,3056533.5112254084
2026-06-25 16:30:00,3056533.5112254084
2026-06-25 17:00:00,3056533.5112254084
2026-06-25 17:30:00,3056533.5112254084
2026-06-25 18:00:00,3056533.5112254084
2026-06-26 01:00:00,3056533.5112254084
2026-06-26 01:30:00,3056533.5112254084
2026-06-26 02:00:00,3054497.4404849
2026-06-26 02:30:00,3053981.879706083
2026-06-26 03:00:00,3118440.0217799726
